type_code,freq_code,ref_period_id,ref_year,ref_month,period,reporter_code,reporter_iso,reporter_desc,flow_code,flow_desc,partner_code,partner_iso,partner_desc,partner2code,partner2iso,partner2desc,classification_code,classification_search_code,is_original_classification,cmd_code,cmd_desc,aggr_level,is_leaf,customs_code,customs_desc,mos_code,mot_code,mot_desc,qty_unit_code,qty_unit_abbr,qty,is_qty_estimated,alt_qty_unit_code,alt_qty_unit_abbr,alt_qty,is_alt_qty_estimated,net_wgt,is_net_wgt_estimated,gross_wgt,is_gross_wgt_estimated,cifvalue,fobvalue,primary_value,legacy_estimation_flag,is_reported,is_aggregate,query_type
C,A,20210101,2021,52,2021,24,AGO,Angola,X,Export,0,W00,World,0,W00,World,H5,HS,TRUE,27,"Mineral fuels, mineral oils and products of their distillation; bituminous substances; mineral waxes",2,FALSE,C00,TOTAL CPC,0,0,TOTAL MOT,-1,N/A,0,FALSE,-1,N/A,0,FALSE,0,TRUE,0,FALSE,,31318918599.479,31318918599.479,4,FALSE,TRUE,HS_27
C,A,20210101,2021,52,2021,32,ARG,Argentina,X,Export,0,W00,World,0,W00,World,H5,HS,TRUE,27,"Mineral fuels, mineral oils and products of their distillation; bituminous substances; mineral waxes",2,FALSE,C00,TOTAL CPC,0,0,TOTAL MOT,-1,N/A,0,FALSE,-1,N/A,0,FALSE,0,FALSE,0,FALSE,0,3780521310.2,3780521310.2,0,FALSE,TRUE,HS_27
C,A,20210101,2021,52,2021,48,BHR,Bahrain,X,Export,0,W00,World,0,W00,World,H5,HS,TRUE,27,"Mineral fuels, mineral oils and products of their distillation; bituminous substances; mineral waxes",2,FALSE,C00,TOTAL CPC,0,0,TOTAL MOT,-1,N/A,0,FALSE,-1,N/A,0,FALSE,0,FALSE,0,FALSE,,5782424135.959,5782424135.959,0,FALSE,TRUE,HS_27
C,A,20210101,2021,52,2021,76,BRA,Brazil,X,Export,0,W00,World,0,W00,World,H5,HS,TRUE,27,"Mineral fuels, mineral oils and products of their distillation; bituminous substances; mineral waxes",2,FALSE,C00,TOTAL CPC,0,0,TOTAL MOT,-1,N/A,0,FALSE,-1,N/A,0,FALSE,0,TRUE,0,FALSE,,38353218741,38353218741,4,FALSE,TRUE,HS_27
C,A,20210101,2021,52,2021,144,LKA,Sri Lanka,X,Export,0,W00,World,0,W00,World,H5,HS,TRUE,27,"Mineral fuels, mineral oils and products of their distillation; bituminous substances; mineral waxes",2,FALSE,C00,TOTAL CPC,0,0,TOTAL MOT,-1,N/A,0,FALSE,-1,N/A,0,FALSE,0,FALSE,0,FALSE,0,253347228.428,253347228.428,0,FALSE,TRUE,HS_27
C,A,20210101,2021,52,2021,152,CHL,Chile,X,Export,0,W00,World,0,W00,World,H5,HS,TRUE,27,"Mineral fuels, mineral oils and products of their distillation; bituminous substances; mineral waxes",2,FALSE,C00,TOTAL CPC,0,0,TOTAL MOT,-1,N/A,0,FALSE,-1,N/A,0,FALSE,0,TRUE,0,FALSE,0,772269413.71,772269413.71,4,FALSE,TRUE,HS_27
C,A,20210101,2021,52,2021,170,COL,Colombia,X,Export,0,W00,World,0,W00,World,H5,HS,TRUE,27,"Mineral fuels, mineral oils and products of their distillation; bituminous substances; mineral waxes",2,FALSE,C00,TOTAL CPC,0,0,TOTAL MOT,-1,N/A,0,FALSE,-1,N/A,0,FALSE,0,TRUE,0,FALSE,0,19179846222.9,19179846222.9,4,FALSE,TRUE,HS_27
C,A,20210101,2021,52,2021,218,ECU,Ecuador,X,Export,0,W00,World,0,W00,World,H5,HS,TRUE,27,"Mineral fuels, mineral oils and products of their distillation; bituminous substances; mineral waxes",2,FALSE,C00,TOTAL CPC,0,0,TOTAL MOT,-1,N/A,0,FALSE,-1,N/A,0,FALSE,0,TRUE,0,FALSE,0,8619981016.065,8619981016.065,4,FALSE,TRUE,HS_27
C,A,20210101,2021,52,2021,222,SLV,El Salvador,X,Export,0,W00,World,0,W00,World,H5,HS,TRUE,27,"Mineral fuels, mineral oils and products of their distillation; bituminous substances; mineral waxes",2,FALSE,C00,TOTAL CPC,0,0,TOTAL MOT,-1,N/A,0,FALSE,-1,N/A,0,FALSE,0,FALSE,0,FALSE,0,248546376.88,248546376.88,0,FALSE,TRUE,HS_27
C,A,20210101,2021,52,2021,348,HUN,Hungary,X,Export,0,W00,World,0,W00,World,H5,HS,TRUE,27,"Mineral fuels, mineral oils and products of their distillation; bituminous substances; mineral waxes",2,FALSE,C00,TOTAL CPC,0,0,TOTAL MOT,-1,N/A,0,FALSE,-1,N/A,0,FALSE,0,TRUE,0,FALSE,0,4513544274,4513544274,4,FALSE,TRUE,HS_27
C,A,20210101,2021,52,2021,360,IDN,Indonesia,X,Export,0,W00,World,0,W00,World,H5,HS,TRUE,27,"Mineral fuels, mineral oils and products of their distillation; bituminous substances; mineral waxes",2,FALSE,C00,TOTAL CPC,0,0,TOTAL MOT,-1,N/A,0,FALSE,-1,N/A,0,FALSE,0,FALSE,0,FALSE,0,45111943901.641,45111943901.641,0,FALSE,TRUE,HS_27
C,A,20210101,2021,52,2021,384,CIV,Côte d'Ivoire,X,Export,0,W00,World,0,W00,World,H5,HS,TRUE,27,"Mineral fuels, mineral oils and products of their distillation; bituminous substances; mineral waxes",2,FALSE,C00,TOTAL CPC,0,0,TOTAL MOT,-1,N/A,0,FALSE,-1,N/A,0,FALSE,,FALSE,0,FALSE,,1719089229.529,1719089229.529,0,FALSE,TRUE,HS_27
C,A,20210101,2021,52,2021,398,KAZ,Kazakhstan,X,Export,0,W00,World,0,W00,World,H5,HS,TRUE,27,"Mineral fuels, mineral oils and products of their distillation; bituminous substances; mineral waxes",2,FALSE,C00,TOTAL CPC,0,0,TOTAL MOT,-1,N/A,0,FALSE,-1,N/A,0,FALSE,,FALSE,0,FALSE,,34818874634.855,34818874634.855,0,FALSE,TRUE,HS_27
C,A,20210101,2021,52,2021,484,MEX,Mexico,X,Export,0,W00,World,0,W00,World,H5,HS,TRUE,27,"Mineral fuels, mineral oils and products of their distillation; bituminous substances; mineral waxes",2,FALSE,C00,TOTAL CPC,0,0,TOTAL MOT,-1,N/A,0,FALSE,-1,N/A,0,FALSE,0,TRUE,0,FALSE,,27826897239,27826897239,4,FALSE,TRUE,HS_27
C,A,20210101,2021,52,2021,504,MAR,Morocco,X,Export,0,W00,World,0,W00,World,H5,HS,TRUE,27,"Mineral fuels, mineral oils and products of their distillation; bituminous substances; mineral waxes",2,FALSE,C00,TOTAL CPC,0,0,TOTAL MOT,-1,N/A,0,FALSE,-1,N/A,0,FALSE,0,TRUE,0,FALSE,0,252725826.802,252725826.802,4,FALSE,TRUE,HS_27
C,A,20210101,2021,52,2021,566,NGA,Nigeria,X,Export,0,W00,World,0,W00,World,H4,HS,TRUE,27,"Mineral fuels, mineral oils and products of their distillation; bituminous substances; mineral waxes",2,FALSE,C00,TOTAL CPC,0,0,TOTAL MOT,-1,N/A,0,FALSE,-1,N/A,0,FALSE,0,FALSE,0,FALSE,0,42105687983.024,42105687983.024,0,FALSE,TRUE,HS_27
C,A,20210101,2021,52,2021,586,PAK,Pakistan,X,Export,0,W00,World,0,W00,World,H5,HS,TRUE,27,"Mineral fuels, mineral oils and products of their distillation; bituminous substances; mineral waxes",2,FALSE,C00,TOTAL CPC,0,0,TOTAL MOT,-1,N/A,0,FALSE,-1,N/A,0,FALSE,0,TRUE,0,FALSE,0,201354930.554,201354930.554,4,FALSE,TRUE,HS_27
C,A,20210101,2021,52,2021,591,PAN,Panama,X,Export,0,W00,World,0,W00,World,H5,HS,TRUE,27,"Mineral fuels, mineral oils and products of their distillation; bituminous substances; mineral waxes",2,FALSE,C00,TOTAL CPC,0,0,TOTAL MOT,-1,N/A,0,FALSE,-1,N/A,0,FALSE,0,FALSE,0,FALSE,0,6921918,6921918,0,FALSE,TRUE,HS_27
C,A,20210101,2021,52,2021,604,PER,Peru,X,Export,0,W00,World,0,W00,World,H5,HS,TRUE,27,"Mineral fuels, mineral oils and products of their distillation; bituminous substances; mineral waxes",2,FALSE,C00,TOTAL CPC,0,0,TOTAL MOT,-1,N/A,0,FALSE,-1,N/A,0,FALSE,0,TRUE,0,FALSE,0,3932800623.53,3932800623.53,4,FALSE,TRUE,HS_27
C,A,20210101,2021,52,2021,608,PHL,Philippines,X,Export,0,W00,World,0,W00,World,H5,HS,TRUE,27,"Mineral fuels, mineral oils and products of their distillation; bituminous substances; mineral waxes",2,FALSE,C00,TOTAL CPC,0,0,TOTAL MOT,-1,N/A,0,FALSE,-1,N/A,0,FALSE,0,FALSE,0,FALSE,,881566806,881566806,0,FALSE,TRUE,HS_27
C,A,20210101,2021,52,2021,616,POL,Poland,X,Export,0,W00,World,0,W00,World,H5,HS,TRUE,27,"Mineral fuels, mineral oils and products of their distillation; bituminous substances; mineral waxes",2,FALSE,C00,TOTAL CPC,0,0,TOTAL MOT,-1,N/A,0,FALSE,-1,N/A,0,FALSE,0,TRUE,0,FALSE,0,7040758764,7040758764,4,FALSE,TRUE,HS_27
C,A,20210101,2021,52,2021,634,QAT,Qatar,X,Export,0,W00,World,0,W00,World,H5,HS,TRUE,27,"Mineral fuels, mineral oils and products of their distillation; bituminous substances; mineral waxes",2,FALSE,C00,TOTAL CPC,0,0,TOTAL MOT,-1,N/A,0,FALSE,-1,N/A,0,FALSE,0,TRUE,0,FALSE,0,73602978222.01,73602978222.01,4,FALSE,TRUE,HS_27
C,A,20210101,2021,52,2021,642,ROU,Romania,X,Export,0,W00,World,0,W00,World,H5,HS,TRUE,27,"Mineral fuels, mineral oils and products of their distillation; bituminous substances; mineral waxes",2,FALSE,C00,TOTAL CPC,0,0,TOTAL MOT,-1,N/A,0,FALSE,-1,N/A,0,FALSE,0,TRUE,0,FALSE,0,3114195265.63,3114195265.63,4,FALSE,TRUE,HS_27
C,A,20210101,2021,52,2021,682,SAU,Saudi Arabia,X,Export,0,W00,World,0,W00,World,H5,HS,TRUE,27,"Mineral fuels, mineral oils and products of their distillation; bituminous substances; mineral waxes",2,FALSE,C00,TOTAL CPC,0,0,TOTAL MOT,-1,N/A,0,FALSE,-1,N/A,0,FALSE,0,TRUE,0,FALSE,,202191489481.746,202191489481.746,4,FALSE,TRUE,HS_27
C,A,20210101,2021,52,2021,686,SEN,Senegal,X,Export,0,W00,World,0,W00,World,H5,HS,TRUE,27,"Mineral fuels, mineral oils and products of their distillation; bituminous substances; mineral waxes",2,FALSE,C00,TOTAL CPC,0,0,TOTAL MOT,-1,N/A,0,FALSE,-1,N/A,0,FALSE,0,FALSE,0,FALSE,0,807710434.414,807710434.414,0,FALSE,TRUE,HS_27
C,A,20210101,2021,52,2021,704,VNM,Viet Nam,X,Export,0,W00,World,0,W00,World,H5,HS,TRUE,27,"Mineral fuels, mineral oils and products of their distillation; bituminous substances; mineral waxes",2,FALSE,C00,TOTAL CPC,0,0,TOTAL MOT,-1,N/A,0,FALSE,-1,N/A,0,FALSE,0,TRUE,0,FALSE,0,3292658736.134,3292658736.134,4,FALSE,TRUE,HS_27
C,A,20210101,2021,52,2021,710,ZAF,South Africa,X,Export,0,W00,World,0,W00,World,H5,HS,TRUE,27,"Mineral fuels, mineral oils and products of their distillation; bituminous substances; mineral waxes",2,FALSE,C00,TOTAL CPC,0,0,TOTAL MOT,-1,N/A,0,FALSE,-1,N/A,0,FALSE,0,FALSE,0,FALSE,0,10512502104.551,10512502104.551,0,FALSE,TRUE,HS_27
C,A,20210101,2021,52,2021,784,ARE,United Arab Emirates,X,Export,0,W00,World,0,W00,World,H5,HS,TRUE,27,"Mineral fuels, mineral oils and products of their distillation; bituminous substances; mineral waxes",2,FALSE,C00,TOTAL CPC,0,0,TOTAL MOT,-1,N/A,0,FALSE,-1,N/A,0,FALSE,0,TRUE,0,FALSE,0,217322865341.462,217322865341.462,4,FALSE,TRUE,HS_27
C,A,20210101,2021,52,2021,792,TUR,Türkiye,X,Export,0,W00,World,0,W00,World,H5,HS,TRUE,27,"Mineral fuels, mineral oils and products of their distillation; bituminous substances; mineral waxes",2,FALSE,C00,TOTAL CPC,0,0,TOTAL MOT,-1,N/A,0,FALSE,-1,N/A,0,FALSE,,FALSE,0,FALSE,,8506561990,8506561990,0,FALSE,TRUE,HS_27
C,A,20210101,2021,52,2021,818,EGY,Egypt,X,Export,0,W00,World,0,W00,World,H4,HS,TRUE,27,"Mineral fuels, mineral oils and products of their distillation; bituminous substances; mineral waxes",2,FALSE,C00,TOTAL CPC,0,0,TOTAL MOT,-1,N/A,0,FALSE,-1,N/A,0,FALSE,0,TRUE,0,FALSE,,13832264912.285,13832264912.285,4,FALSE,TRUE,HS_27
C,A,20210101,2021,52,2021,858,URY,Uruguay,X,Export,0,W00,World,0,W00,World,H5,HS,TRUE,27,"Mineral fuels, mineral oils and products of their distillation; bituminous substances; mineral waxes",2,FALSE,C00,TOTAL CPC,0,0,TOTAL MOT,-1,N/A,0,FALSE,-1,N/A,0,FALSE,0,FALSE,0,FALSE,,539101250,539101250,0,FALSE,TRUE,HS_27
C,A,20210101,2021,52,2021,894,ZMB,Zambia,X,Export,0,W00,World,0,W00,World,H5,HS,TRUE,27,"Mineral fuels, mineral oils and products of their distillation; bituminous substances; mineral waxes",2,FALSE,C00,TOTAL CPC,0,0,TOTAL MOT,-1,N/A,0,FALSE,-1,N/A,0,FALSE,,FALSE,0,FALSE,,182783354.123,182783354.123,0,FALSE,TRUE,HS_27
C,A,20210101,2021,52,2021,24,AGO,Angola,X,Export,0,W00,World,0,W00,World,H5,HS,TRUE,2709,Petroleum oils and oils obtained from bituminous minerals; crude,4,FALSE,C00,TOTAL CPC,0,0,TOTAL MOT,8,kg,62554119306,FALSE,19,BBL,393422134,FALSE,62554119306,FALSE,0,FALSE,,27481273609.393,27481273609.393,0,FALSE,TRUE,HS_2709
C,A,20210101,2021,52,2021,32,ARG,Argentina,X,Export,0,W00,World,0,W00,World,H5,HS,TRUE,2709,Petroleum oils and oils obtained from bituminous minerals; crude,4,FALSE,C00,TOTAL CPC,0,0,TOTAL MOT,8,kg,2277713900,FALSE,8,kg,2277713900,FALSE,2277713900,FALSE,0,FALSE,0,1161542098.58,1161542098.58,0,FALSE,TRUE,HS_2709
C,A,20210101,2021,52,2021,76,BRA,Brazil,X,Export,0,W00,World,0,W00,World,H5,HS,TRUE,2709,Petroleum oils and oils obtained from bituminous minerals; crude,4,FALSE,C00,TOTAL CPC,0,0,TOTAL MOT,8,kg,67564853418.18,TRUE,-1,N/A,0,FALSE,67564853418.18,TRUE,0,FALSE,,30608981810,30608981810,6,FALSE,TRUE,HS_2709
C,A,20210101,2021,52,2021,170,COL,Colombia,X,Export,0,W00,World,0,W00,World,H5,HS,TRUE,2709,Petroleum oils and oils obtained from bituminous minerals; crude,4,FALSE,C00,TOTAL CPC,0,0,TOTAL MOT,8,kg,24961840853.395,TRUE,-1,N/A,0,FALSE,24961840853.395,TRUE,0,FALSE,0,11200541488.13,11200541488.13,6,FALSE,TRUE,HS_2709
C,A,20210101,2021,52,2021,218,ECU,Ecuador,X,Export,0,W00,World,0,W00,World,H5,HS,TRUE,2709,Petroleum oils and oils obtained from bituminous minerals; crude,4,FALSE,C00,TOTAL CPC,0,0,TOTAL MOT,8,kg,16426097000,FALSE,8,kg,16426097000,FALSE,16426097000,FALSE,0,FALSE,0,7278163134.71,7278163134.71,0,FALSE,TRUE,HS_2709
C,A,20210101,2021,52,2021,348,HUN,Hungary,X,Export,0,W00,World,0,W00,World,H5,HS,TRUE,2709,Petroleum oils and oils obtained from bituminous minerals; crude,4,FALSE,C00,TOTAL CPC,0,0,TOTAL MOT,8,kg,306828337,FALSE,8,kg,306828337,FALSE,306828337,FALSE,0,FALSE,0,170378481,170378481,0,FALSE,TRUE,HS_2709
C,A,20210101,2021,52,2021,360,IDN,Indonesia,X,Export,0,W00,World,0,W00,World,H5,HS,TRUE,2709,Petroleum oils and oils obtained from bituminous minerals; crude,4,FALSE,C00,TOTAL CPC,0,0,TOTAL MOT,8,kg,6016740704,FALSE,8,kg,6016740704,FALSE,6016740704,FALSE,0,FALSE,0,2795919222.34,2795919222.34,0,FALSE,TRUE,HS_2709
C,A,20210101,2021,52,2021,384,CIV,Côte d'Ivoire,X,Export,0,W00,World,0,W00,World,H5,HS,TRUE,2709,Petroleum oils and oils obtained from bituminous minerals; crude,4,FALSE,C00,TOTAL CPC,0,0,TOTAL MOT,-1,N/A,0,FALSE,-1,N/A,0,FALSE,,FALSE,0,FALSE,,570017991.09,570017991.09,0,FALSE,TRUE,HS_2709
C,A,20210101,2021,52,2021,398,KAZ,Kazakhstan,X,Export,0,W00,World,0,W00,World,H5,HS,TRUE,2709,Petroleum oils and oils obtained from bituminous minerals; crude,4,FALSE,C00,TOTAL CPC,0,0,TOTAL MOT,8,kg,65707726271,FALSE,8,kg,65707726271,FALSE,65707726271,FALSE,0,FALSE,,31089837286.13,31089837286.13,0,FALSE,TRUE,HS_2709
C,A,20210101,2021,52,2021,484,MEX,Mexico,X,Export,0,W00,World,0,W00,World,H5,HS,TRUE,2709,Petroleum oils and oils obtained from bituminous minerals; crude,4,FALSE,C00,TOTAL CPC,0,0,TOTAL MOT,8,kg,50979735739.51,TRUE,-1,N/A,0,FALSE,50979735739.51,TRUE,0,FALSE,,24130558561,24130558561,6,FALSE,TRUE,HS_2709
C,A,20210101,2021,52,2021,566,NGA,Nigeria,X,Export,0,W00,World,0,W00,World,H4,HS,TRUE,2709,Petroleum oils and oils obtained from bituminous minerals; crude,4,FALSE,C00,TOTAL CPC,0,0,TOTAL MOT,-1,N/A,0,FALSE,-1,N/A,0,FALSE,0,FALSE,0,FALSE,0,35998144403.308,35998144403.308,0,FALSE,TRUE,HS_2709
C,A,20210101,2021,52,2021,586,PAK,Pakistan,X,Export,0,W00,World,0,W00,World,H5,HS,TRUE,2709,Petroleum oils and oils obtained from bituminous minerals; crude,4,FALSE,C00,TOTAL CPC,0,0,TOTAL MOT,8,kg,336436000,FALSE,21,1000 KG,336436,FALSE,336436000,FALSE,0,FALSE,0,171430759.448,171430759.448,0,FALSE,TRUE,HS_2709
C,A,20210101,2021,52,2021,604,PER,Peru,X,Export,0,W00,World,0,W00,World,H5,HS,TRUE,2709,Petroleum oils and oils obtained from bituminous minerals; crude,4,FALSE,C00,TOTAL CPC,0,0,TOTAL MOT,8,kg,620806775,FALSE,12,m³,683655.17,FALSE,620806775,FALSE,0,FALSE,0,289657421.83,289657421.83,0,FALSE,TRUE,HS_2709
C,A,20210101,2021,52,2021,608,PHL,Philippines,X,Export,0,W00,World,0,W00,World,H5,HS,TRUE,2709,Petroleum oils and oils obtained from bituminous minerals; crude,4,FALSE,C00,TOTAL CPC,0,0,TOTAL MOT,8,kg,590268908.13,FALSE,19,BBL,3712383.07,FALSE,,FALSE,447611450,FALSE,,216318265,216318265,0,FALSE,TRUE,HS_2709
C,A,20210101,2021,52,2021,616,POL,Poland,X,Export,0,W00,World,0,W00,World,H5,HS,TRUE,2709,Petroleum oils and oils obtained from bituminous minerals; crude,4,FALSE,C00,TOTAL CPC,0,0,TOTAL MOT,8,kg,180643397.105,TRUE,-1,N/A,0,FALSE,180643397.105,TRUE,0,FALSE,0,94205665,94205665,6,FALSE,TRUE,HS_2709
C,A,20210101,2021,52,2021,634,QAT,Qatar,X,Export,0,W00,World,0,W00,World,H5,HS,TRUE,2709,Petroleum oils and oils obtained from bituminous minerals; crude,4,FALSE,C00,TOTAL CPC,0,0,TOTAL MOT,-1,N/A,0,FALSE,-1,N/A,0,FALSE,0,FALSE,0,FALSE,0,12357415706.683,12357415706.683,0,FALSE,TRUE,HS_2709
C,A,20210101,2021,52,2021,642,ROU,Romania,X,Export,0,W00,World,0,W00,World,H5,HS,TRUE,2709,Petroleum oils and oils obtained from bituminous minerals; crude,4,FALSE,C00,TOTAL CPC,0,0,TOTAL MOT,8,kg,34550346.871,TRUE,-1,N/A,0,FALSE,34550346.871,TRUE,0,FALSE,0,19150981.72,19150981.72,6,FALSE,TRUE,HS_2709
C,A,20210101,2021,52,2021,682,SAU,Saudi Arabia,X,Export,0,W00,World,0,W00,World,H5,HS,TRUE,2709,Petroleum oils and oils obtained from bituminous minerals; crude,4,FALSE,C00,TOTAL CPC,0,0,TOTAL MOT,8,kg,309427500000,FALSE,8,kg,309427500000,FALSE,309427500000,FALSE,0,FALSE,,161020161386.229,161020161386.229,0,FALSE,TRUE,HS_2709
C,A,20210101,2021,52,2021,686,SEN,Senegal,X,Export,0,W00,World,0,W00,World,H5,HS,TRUE,2709,Petroleum oils and oils obtained from bituminous minerals; crude,4,FALSE,C00,TOTAL CPC,0,0,TOTAL MOT,8,kg,73045241,FALSE,8,kg,73045241,FALSE,73045241,FALSE,0,FALSE,0,19867416.455,19867416.455,0,FALSE,TRUE,HS_2709
C,A,20210101,2021,52,2021,704,VNM,Viet Nam,X,Export,0,W00,World,0,W00,World,H5,HS,TRUE,2709,Petroleum oils and oils obtained from bituminous minerals; crude,4,FALSE,C00,TOTAL CPC,0,0,TOTAL MOT,8,kg,2960538200,FALSE,21,1000 KG,2960538.2,FALSE,2960538200,FALSE,0,FALSE,0,1672281198.92,1672281198.92,0,FALSE,TRUE,HS_2709
C,A,20210101,2021,52,2021,710,ZAF,South Africa,X,Export,0,W00,World,0,W00,World,H5,HS,TRUE,2709,Petroleum oils and oils obtained from bituminous minerals; crude,4,FALSE,C00,TOTAL CPC,0,0,TOTAL MOT,8,kg,3455806650.344,TRUE,-1,N/A,0,FALSE,3455806650.344,TRUE,0,FALSE,0,1478499242.748,1478499242.748,6,FALSE,TRUE,HS_2709
C,A,20210101,2021,52,2021,784,ARE,United Arab Emirates,X,Export,0,W00,World,0,W00,World,H5,HS,TRUE,2709,Petroleum oils and oils obtained from bituminous minerals; crude,4,FALSE,C00,TOTAL CPC,0,0,TOTAL MOT,-1,N/A,0,FALSE,-1,N/A,0,FALSE,0,FALSE,0,FALSE,0,99039151474.408,99039151474.408,0,FALSE,TRUE,HS_2709
C,A,20210101,2021,52,2021,818,EGY,Egypt,X,Export,0,W00,World,0,W00,World,H4,HS,TRUE,2709,Petroleum oils and oils obtained from bituminous minerals; crude,4,FALSE,C00,TOTAL CPC,0,0,TOTAL MOT,8,kg,6788547751.99,TRUE,-1,N/A,0,FALSE,6788547751.99,TRUE,0,FALSE,,3213265951.604,3213265951.604,6,FALSE,TRUE,HS_2709
C,A,20210101,2021,52,2021,894,ZMB,Zambia,X,Export,0,W00,World,0,W00,World,H5,HS,TRUE,2709,Petroleum oils and oils obtained from bituminous minerals; crude,4,FALSE,C00,TOTAL CPC,0,0,TOTAL MOT,8,kg,2023672,FALSE,7,l,71,FALSE,2023672,FALSE,0,FALSE,,484197.488,484197.488,0,FALSE,TRUE,HS_2709
C,A,20210101,2021,52,2021,24,AGO,Angola,X,Export,0,W00,World,0,W00,World,H5,HS,TRUE,2710,"Petroleum oils and oils from bituminous minerals, not crude; preparations n.e.c, containing by weight 70% or more of petroleum oils or oils from bituminous minerals; these being the basic constituents of the preparations; waste oils",4,FALSE,C00,TOTAL CPC,0,0,TOTAL MOT,8,kg,462123900,FALSE,21,1000 KG,462123.9,FALSE,462123900,FALSE,0,FALSE,,225752716.974,225752716.974,0,FALSE,TRUE,HS_2710
C,A,20210101,2021,52,2021,32,ARG,Argentina,X,Export,0,W00,World,0,W00,World,H5,HS,TRUE,2710,"Petroleum oils and oils from bituminous minerals, not crude; preparations n.e.c, containing by weight 70% or more of petroleum oils or oils from bituminous minerals; these being the basic constituents of the preparations; waste oils",4,FALSE,C00,TOTAL CPC,0,0,TOTAL MOT,8,kg,901865748.8,FALSE,8,kg,901865748.8,FALSE,901865748.8,FALSE,0,FALSE,0,602447739.71,602447739.71,0,FALSE,TRUE,HS_2710
C,A,20210101,2021,52,2021,48,BHR,Bahrain,X,Export,0,W00,World,0,W00,World,H5,HS,TRUE,2710,"Petroleum oils and oils from bituminous minerals, not crude; preparations n.e.c, containing by weight 70% or more of petroleum oils or oils from bituminous minerals; these being the basic constituents of the preparations; waste oils",4,FALSE,C00,TOTAL CPC,0,0,TOTAL MOT,8,kg,17683210.84,FALSE,-1,N/A,0,FALSE,17683210.84,FALSE,0,FALSE,,11541759.726,11541759.726,0,FALSE,TRUE,HS_2710
C,A,20210101,2021,52,2021,76,BRA,Brazil,X,Export,0,W00,World,0,W00,World,H5,HS,TRUE,2710,"Petroleum oils and oils from bituminous minerals, not crude; preparations n.e.c, containing by weight 70% or more of petroleum oils or oils from bituminous minerals; these being the basic constituents of the preparations; waste oils",4,FALSE,C00,TOTAL CPC,0,0,TOTAL MOT,8,kg,13961794427.127,TRUE,-1,N/A,0,FALSE,13961605456.127,TRUE,0,FALSE,,7263332260,7263332260,6,FALSE,TRUE,HS_2710
C,A,20210101,2021,52,2021,144,LKA,Sri Lanka,X,Export,0,W00,World,0,W00,World,H5,HS,TRUE,2710,"Petroleum oils and oils from bituminous minerals, not crude; preparations n.e.c, containing by weight 70% or more of petroleum oils or oils from bituminous minerals; these being the basic constituents of the preparations; waste oils",4,FALSE,C00,TOTAL CPC,0,0,TOTAL MOT,8,kg,366939023.15,FALSE,8,kg,366939023.15,FALSE,366939023.15,FALSE,0,FALSE,0,206341617.306,206341617.306,0,FALSE,TRUE,HS_2710
C,A,20210101,2021,52,2021,152,CHL,Chile,X,Export,0,W00,World,0,W00,World,H5,HS,TRUE,2710,"Petroleum oils and oils from bituminous minerals, not crude; preparations n.e.c, containing by weight 70% or more of petroleum oils or oils from bituminous minerals; these being the basic constituents of the preparations; waste oils",4,FALSE,C00,TOTAL CPC,0,0,TOTAL MOT,8,kg,1033796419.797,TRUE,-1,N/A,0,FALSE,1033796419.797,TRUE,0,FALSE,0,612014661.776,612014661.776,6,FALSE,TRUE,HS_2710
C,A,20210101,2021,52,2021,170,COL,Colombia,X,Export,0,W00,World,0,W00,World,H5,HS,TRUE,2710,"Petroleum oils and oils from bituminous minerals, not crude; preparations n.e.c, containing by weight 70% or more of petroleum oils or oils from bituminous minerals; these being the basic constituents of the preparations; waste oils",4,FALSE,C00,TOTAL CPC,0,0,TOTAL MOT,8,kg,4462282986.811,TRUE,-1,N/A,0,FALSE,4462282986.811,TRUE,0,FALSE,0,2143559786.47,2143559786.47,6,FALSE,TRUE,HS_2710
C,A,20210101,2021,52,2021,218,ECU,Ecuador,X,Export,0,W00,World,0,W00,World,H5,HS,TRUE,2710,"Petroleum oils and oils from bituminous minerals, not crude; preparations n.e.c, containing by weight 70% or more of petroleum oils or oils from bituminous minerals; these being the basic constituents of the preparations; waste oils",4,FALSE,C00,TOTAL CPC,0,0,TOTAL MOT,8,kg,3297721025.386,TRUE,-1,N/A,0,FALSE,3297721025.386,TRUE,0,FALSE,0,1319767403.535,1319767403.535,6,FALSE,TRUE,HS_2710
C,A,20210101,2021,52,2021,222,SLV,El Salvador,X,Export,0,W00,World,0,W00,World,H5,HS,TRUE,2710,"Petroleum oils and oils from bituminous minerals, not crude; preparations n.e.c, containing by weight 70% or more of petroleum oils or oils from bituminous minerals; these being the basic constituents of the preparations; waste oils",4,FALSE,C00,TOTAL CPC,0,0,TOTAL MOT,8,kg,74159611.77,FALSE,8,kg,74159611.77,FALSE,74159611.77,FALSE,0,FALSE,0,107731787.45,107731787.45,0,FALSE,TRUE,HS_2710
C,A,20210101,2021,52,2021,348,HUN,Hungary,X,Export,0,W00,World,0,W00,World,H5,HS,TRUE,2710,"Petroleum oils and oils from bituminous minerals, not crude; preparations n.e.c, containing by weight 70% or more of petroleum oils or oils from bituminous minerals; these being the basic constituents of the preparations; waste oils",4,FALSE,C00,TOTAL CPC,0,0,TOTAL MOT,8,kg,1521464137.684,TRUE,-1,N/A,0,FALSE,1521464134.684,TRUE,0,FALSE,0,1049078602,1049078602,6,FALSE,TRUE,HS_2710
C,A,20210101,2021,52,2021,360,IDN,Indonesia,X,Export,0,W00,World,0,W00,World,H5,HS,TRUE,2710,"Petroleum oils and oils from bituminous minerals, not crude; preparations n.e.c, containing by weight 70% or more of petroleum oils or oils from bituminous minerals; these being the basic constituents of the preparations; waste oils",4,FALSE,C00,TOTAL CPC,0,0,TOTAL MOT,8,kg,2138129457.44,FALSE,8,kg,2138129457.44,FALSE,2138129457.44,FALSE,0,FALSE,0,1366094322.061,1366094322.061,0,FALSE,TRUE,HS_2710
C,A,20210101,2021,52,2021,384,CIV,Côte d'Ivoire,X,Export,0,W00,World,0,W00,World,H5,HS,TRUE,2710,"Petroleum oils and oils from bituminous minerals, not crude; preparations n.e.c, containing by weight 70% or more of petroleum oils or oils from bituminous minerals; these being the basic constituents of the preparations; waste oils",4,FALSE,C00,TOTAL CPC,0,0,TOTAL MOT,8,kg,1493129564,FALSE,8,kg,1493129564,FALSE,1493129564,FALSE,0,FALSE,,936113875.241,936113875.241,0,FALSE,TRUE,HS_2710
C,A,20210101,2021,52,2021,398,KAZ,Kazakhstan,X,Export,0,W00,World,0,W00,World,H5,HS,TRUE,2710,"Petroleum oils and oils from bituminous minerals, not crude; preparations n.e.c, containing by weight 70% or more of petroleum oils or oils from bituminous minerals; these being the basic constituents of the preparations; waste oils",4,FALSE,C00,TOTAL CPC,0,0,TOTAL MOT,-1,N/A,0,FALSE,-1,N/A,0,FALSE,,FALSE,0,FALSE,,913460687.195,913460687.195,0,FALSE,TRUE,HS_2710
C,A,20210101,2021,52,2021,484,MEX,Mexico,X,Export,0,W00,World,0,W00,World,H5,HS,TRUE,2710,"Petroleum oils and oils from bituminous minerals, not crude; preparations n.e.c, containing by weight 70% or more of petroleum oils or oils from bituminous minerals; these being the basic constituents of the preparations; waste oils",4,FALSE,C00,TOTAL CPC,0,0,TOTAL MOT,8,kg,7926657774.864,TRUE,-1,N/A,0,FALSE,7926657774.864,TRUE,0,FALSE,,3182186143,3182186143,6,FALSE,TRUE,HS_2710
C,A,20210101,2021,52,2021,504,MAR,Morocco,X,Export,0,W00,World,0,W00,World,H5,HS,TRUE,2710,"Petroleum oils and oils from bituminous minerals, not crude; preparations n.e.c, containing by weight 70% or more of petroleum oils or oils from bituminous minerals; these being the basic constituents of the preparations; waste oils",4,FALSE,C00,TOTAL CPC,0,0,TOTAL MOT,8,kg,195415640.2,FALSE,8,kg,195415640.2,FALSE,195415640.2,FALSE,0,FALSE,0,193764876.132,193764876.132,0,FALSE,TRUE,HS_2710
C,A,20210101,2021,52,2021,566,NGA,Nigeria,X,Export,0,W00,World,0,W00,World,H4,HS,TRUE,2710,"Petroleum oils and oils from bituminous minerals, not crude; preparations n.e.c, containing by weight 70% or more of petroleum oils or oils from bituminous minerals; these being the basic constituents of the preparations; waste oils",4,FALSE,C00,TOTAL CPC,0,0,TOTAL MOT,-1,N/A,0,FALSE,-1,N/A,0,FALSE,0,FALSE,0,FALSE,0,56237998.866,56237998.866,0,FALSE,TRUE,HS_2710
C,A,20210101,2021,52,2021,586,PAK,Pakistan,X,Export,0,W00,World,0,W00,World,H5,HS,TRUE,2710,"Petroleum oils and oils from bituminous minerals, not crude; preparations n.e.c, containing by weight 70% or more of petroleum oils or oils from bituminous minerals; these being the basic constituents of the preparations; waste oils",4,FALSE,C00,TOTAL CPC,0,0,TOTAL MOT,8,kg,36106000,FALSE,21,1000 KG,36106,FALSE,36106000,FALSE,0,FALSE,0,26706909.735,26706909.735,0,FALSE,TRUE,HS_2710
C,A,20210101,2021,52,2021,591,PAN,Panama,X,Export,0,W00,World,0,W00,World,H5,HS,TRUE,2710,"Petroleum oils and oils from bituminous minerals, not crude; preparations n.e.c, containing by weight 70% or more of petroleum oils or oils from bituminous minerals; these being the basic constituents of the preparations; waste oils",4,FALSE,C00,TOTAL CPC,0,0,TOTAL MOT,8,kg,3622834,FALSE,8,kg,3622834,FALSE,3622834,FALSE,3635800,FALSE,0,6565327,6565327,0,FALSE,TRUE,HS_2710
C,A,20210101,2021,52,2021,604,PER,Peru,X,Export,0,W00,World,0,W00,World,H5,HS,TRUE,2710,"Petroleum oils and oils from bituminous minerals, not crude; preparations n.e.c, containing by weight 70% or more of petroleum oils or oils from bituminous minerals; these being the basic constituents of the preparations; waste oils",4,FALSE,C00,TOTAL CPC,0,0,TOTAL MOT,8,kg,2988404598.02,FALSE,12,m³,5322647.567,FALSE,2988404598.02,FALSE,0,FALSE,0,1869040005.79,1869040005.79,0,FALSE,TRUE,HS_2710
C,A,20210101,2021,52,2021,608,PHL,Philippines,X,Export,0,W00,World,0,W00,World,H5,HS,TRUE,2710,"Petroleum oils and oils from bituminous minerals, not crude; preparations n.e.c, containing by weight 70% or more of petroleum oils or oils from bituminous minerals; these being the basic constituents of the preparations; waste oils",4,FALSE,C00,TOTAL CPC,0,0,TOTAL MOT,8,kg,4593310.29,FALSE,8,kg,4593310.29,FALSE,4593310.29,FALSE,5275619.8,FALSE,,5927451,5927451,0,FALSE,TRUE,HS_2710
C,A,20210101,2021,52,2021,616,POL,Poland,X,Export,0,W00,World,0,W00,World,H5,HS,TRUE,2710,"Petroleum oils and oils from bituminous minerals, not crude; preparations n.e.c, containing by weight 70% or more of petroleum oils or oils from bituminous minerals; these being the basic constituents of the preparations; waste oils",4,FALSE,C00,TOTAL CPC,0,0,TOTAL MOT,8,kg,1454232439.128,TRUE,-1,N/A,0,FALSE,1454232439.128,TRUE,0,FALSE,0,1229577642,1229577642,6,FALSE,TRUE,HS_2710
C,A,20210101,2021,52,2021,634,QAT,Qatar,X,Export,0,W00,World,0,W00,World,H5,HS,TRUE,2710,"Petroleum oils and oils from bituminous minerals, not crude; preparations n.e.c, containing by weight 70% or more of petroleum oils or oils from bituminous minerals; these being the basic constituents of the preparations; waste oils",4,FALSE,C00,TOTAL CPC,0,0,TOTAL MOT,8,kg,12435518994.5,FALSE,8,kg,12435518994.5,FALSE,12435518994.5,FALSE,0,FALSE,0,7858768450.112,7858768450.112,0,FALSE,TRUE,HS_2710
C,A,20210101,2021,52,2021,642,ROU,Romania,X,Export,0,W00,World,0,W00,World,H5,HS,TRUE,2710,"Petroleum oils and oils from bituminous minerals, not crude; preparations n.e.c, containing by weight 70% or more of petroleum oils or oils from bituminous minerals; these being the basic constituents of the preparations; waste oils",4,FALSE,C00,TOTAL CPC,0,0,TOTAL MOT,8,kg,2841498403.594,TRUE,-1,N/A,0,FALSE,2841498403.594,TRUE,0,FALSE,0,1850335316.15,1850335316.15,6,FALSE,TRUE,HS_2710
C,A,20210101,2021,52,2021,682,SAU,Saudi Arabia,X,Export,0,W00,World,0,W00,World,H5,HS,TRUE,2710,"Petroleum oils and oils from bituminous minerals, not crude; preparations n.e.c, containing by weight 70% or more of petroleum oils or oils from bituminous minerals; these being the basic constituents of the preparations; waste oils",4,FALSE,C00,TOTAL CPC,0,0,TOTAL MOT,8,kg,64444843903.799,TRUE,-1,N/A,0,FALSE,64444843903.799,TRUE,0,FALSE,,35108651288.417,35108651288.417,6,FALSE,TRUE,HS_2710
C,A,20210101,2021,52,2021,686,SEN,Senegal,X,Export,0,W00,World,0,W00,World,H5,HS,TRUE,2710,"Petroleum oils and oils from bituminous minerals, not crude; preparations n.e.c, containing by weight 70% or more of petroleum oils or oils from bituminous minerals; these being the basic constituents of the preparations; waste oils",4,FALSE,C00,TOTAL CPC,0,0,TOTAL MOT,8,kg,1280038083,FALSE,8,kg,1280038083,FALSE,1280038083,FALSE,0,FALSE,0,773367066.961,773367066.961,0,FALSE,TRUE,HS_2710
C,A,20210101,2021,52,2021,704,VNM,Viet Nam,X,Export,0,W00,World,0,W00,World,H5,HS,TRUE,2710,"Petroleum oils and oils from bituminous minerals, not crude; preparations n.e.c, containing by weight 70% or more of petroleum oils or oils from bituminous minerals; these being the basic constituents of the preparations; waste oils",4,FALSE,C00,TOTAL CPC,0,0,TOTAL MOT,8,kg,1670012600.368,TRUE,-1,N/A,0,FALSE,1670012600.368,TRUE,0,FALSE,0,1006043195.98,1006043195.98,6,FALSE,TRUE,HS_2710
C,A,20210101,2021,52,2021,710,ZAF,South Africa,X,Export,0,W00,World,0,W00,World,H5,HS,TRUE,2710,"Petroleum oils and oils from bituminous minerals, not crude; preparations n.e.c, containing by weight 70% or more of petroleum oils or oils from bituminous minerals; these being the basic constituents of the preparations; waste oils",4,FALSE,C00,TOTAL CPC,0,0,TOTAL MOT,8,kg,3283482362.267,TRUE,-1,N/A,0,FALSE,0,FALSE,0,FALSE,0,1839308423.941,1839308423.941,2,FALSE,TRUE,HS_2710
C,A,20210101,2021,52,2021,784,ARE,United Arab Emirates,X,Export,0,W00,World,0,W00,World,H5,HS,TRUE,2710,"Petroleum oils and oils from bituminous minerals, not crude; preparations n.e.c, containing by weight 70% or more of petroleum oils or oils from bituminous minerals; these being the basic constituents of the preparations; waste oils",4,FALSE,C00,TOTAL CPC,0,0,TOTAL MOT,8,kg,124644263168.166,TRUE,-1,N/A,0,FALSE,124644263168.166,TRUE,0,FALSE,0,88832764668.116,88832764668.116,6,FALSE,TRUE,HS_2710
C,A,20210101,2021,52,2021,792,TUR,Türkiye,X,Export,0,W00,World,0,W00,World,H5,HS,TRUE,2710,"Petroleum oils and oils from bituminous minerals, not crude; preparations n.e.c, containing by weight 70% or more of petroleum oils or oils from bituminous minerals; these being the basic constituents of the preparations; waste oils",4,FALSE,C00,TOTAL CPC,0,0,TOTAL MOT,8,kg,11048456676.413,TRUE,-1,N/A,0,FALSE,11048456676.413,TRUE,0,FALSE,,6516276958,6516276958,6,FALSE,TRUE,HS_2710
C,A,20210101,2021,52,2021,818,EGY,Egypt,X,Export,0,W00,World,0,W00,World,H4,HS,TRUE,2710,"Petroleum oils and oils from bituminous minerals, not crude; preparations n.e.c, containing by weight 70% or more of petroleum oils or oils from bituminous minerals; these being the basic constituents of the preparations; waste oils",4,FALSE,C00,TOTAL CPC,0,0,TOTAL MOT,8,kg,6583016073.522,TRUE,-1,N/A,0,FALSE,6583016073.522,TRUE,0,FALSE,,6344755355.638,6344755355.638,6,FALSE,TRUE,HS_2710
C,A,20210101,2021,52,2021,858,URY,Uruguay,X,Export,0,W00,World,0,W00,World,H5,HS,TRUE,2710,"Petroleum oils and oils from bituminous minerals, not crude; preparations n.e.c, containing by weight 70% or more of petroleum oils or oils from bituminous minerals; these being the basic constituents of the preparations; waste oils",4,FALSE,C00,TOTAL CPC,0,0,TOTAL MOT,8,kg,17572346.503,FALSE,8,kg,17572346.503,FALSE,17572346.503,FALSE,0,FALSE,,11547240,11547240,0,FALSE,TRUE,HS_2710
C,A,20210101,2021,52,2021,894,ZMB,Zambia,X,Export,0,W00,World,0,W00,World,H5,HS,TRUE,2710,"Petroleum oils and oils from bituminous minerals, not crude; preparations n.e.c, containing by weight 70% or more of petroleum oils or oils from bituminous minerals; these being the basic constituents of the preparations; waste oils",4,FALSE,C00,TOTAL CPC,0,0,TOTAL MOT,8,kg,1973005.6,FALSE,7,l,116043.99,FALSE,1973005.6,FALSE,0,FALSE,,3667375.129,3667375.129,0,FALSE,TRUE,HS_2710
C,A,20210101,2021,52,2021,24,AGO,Angola,X,Export,0,W00,World,0,W00,World,H5,HS,TRUE,2711,Petroleum gases and other gaseous hydrocarbons,4,FALSE,C00,TOTAL CPC,0,0,TOTAL MOT,8,kg,4731175109,FALSE,21,1000 KG,4731175.109,FALSE,4731175109,FALSE,0,FALSE,,3494202000.179,3494202000.179,0,FALSE,TRUE,HS_2711
C,A,20210101,2021,52,2021,32,ARG,Argentina,X,Export,0,W00,World,0,W00,World,H5,HS,TRUE,2711,Petroleum gases and other gaseous hydrocarbons,4,FALSE,C00,TOTAL CPC,0,0,TOTAL MOT,8,kg,882646220,FALSE,8,kg,882646220,FALSE,882646220,FALSE,0,FALSE,0,294873615.49,294873615.49,0,FALSE,TRUE,HS_2711
C,A,20210101,2021,52,2021,76,BRA,Brazil,X,Export,0,W00,World,0,W00,World,H5,HS,TRUE,2711,Petroleum gases and other gaseous hydrocarbons,4,FALSE,C00,TOTAL CPC,0,0,TOTAL MOT,-1,N/A,0,FALSE,-1,N/A,0,FALSE,,FALSE,0,FALSE,,35706576,35706576,0,FALSE,TRUE,HS_2711
C,A,20210101,2021,52,2021,144,LKA,Sri Lanka,X,Export,0,W00,World,0,W00,World,H5,HS,TRUE,2711,Petroleum gases and other gaseous hydrocarbons,4,FALSE,C00,TOTAL CPC,0,0,TOTAL MOT,8,kg,96461770.25,FALSE,8,kg,96461770.25,FALSE,96461770.25,FALSE,0,FALSE,0,46957123.401,46957123.401,0,FALSE,TRUE,HS_2711
C,A,20210101,2021,52,2021,152,CHL,Chile,X,Export,0,W00,World,0,W00,World,H5,HS,TRUE,2711,Petroleum gases and other gaseous hydrocarbons,4,FALSE,C00,TOTAL CPC,0,0,TOTAL MOT,8,kg,214090659.558,TRUE,-1,N/A,0,FALSE,214090659.558,TRUE,0,FALSE,0,123276026.514,123276026.514,6,FALSE,TRUE,HS_2711
C,A,20210101,2021,52,2021,170,COL,Colombia,X,Export,0,W00,World,0,W00,World,H5,HS,TRUE,2711,Petroleum gases and other gaseous hydrocarbons,4,FALSE,C00,TOTAL CPC,0,0,TOTAL MOT,8,kg,4673.48,FALSE,12,m³,11.11,FALSE,4673.48,FALSE,0,FALSE,0,11589,11589,0,FALSE,TRUE,HS_2711
C,A,20210101,2021,52,2021,218,ECU,Ecuador,X,Export,0,W00,World,0,W00,World,H5,HS,TRUE,2711,Petroleum gases and other gaseous hydrocarbons,4,FALSE,C00,TOTAL CPC,0,0,TOTAL MOT,8,kg,86291.03,FALSE,8,kg,86291.03,FALSE,86291.03,FALSE,0,FALSE,0,75931.45,75931.45,0,FALSE,TRUE,HS_2711
C,A,20210101,2021,52,2021,222,SLV,El Salvador,X,Export,0,W00,World,0,W00,World,H5,HS,TRUE,2711,Petroleum gases and other gaseous hydrocarbons,4,FALSE,C00,TOTAL CPC,0,0,TOTAL MOT,8,kg,170957347.61,FALSE,8,kg,170957347.61,FALSE,170957347.61,FALSE,0,FALSE,0,137445386.43,137445386.43,0,FALSE,TRUE,HS_2711
C,A,20210101,2021,52,2021,348,HUN,Hungary,X,Export,0,W00,World,0,W00,World,H5,HS,TRUE,2711,Petroleum gases and other gaseous hydrocarbons,4,FALSE,C00,TOTAL CPC,0,0,TOTAL MOT,-1,N/A,0,TRUE,-1,N/A,0,FALSE,0,TRUE,0,FALSE,0,1178936150,1178936150,6,FALSE,TRUE,HS_2711
C,A,20210101,2021,52,2021,360,IDN,Indonesia,X,Export,0,W00,World,0,W00,World,H5,HS,TRUE,2711,Petroleum gases and other gaseous hydrocarbons,4,FALSE,C00,TOTAL CPC,0,0,TOTAL MOT,8,kg,17688831620.5,FALSE,8,kg,17688831620.5,FALSE,17688831620.5,FALSE,0,FALSE,0,7483002859.27,7483002859.27,0,FALSE,TRUE,HS_2711
C,A,20210101,2021,52,2021,384,CIV,Côte d'Ivoire,X,Export,0,W00,World,0,W00,World,H5,HS,TRUE,2711,Petroleum gases and other gaseous hydrocarbons,4,FALSE,C00,TOTAL CPC,0,0,TOTAL MOT,8,kg,15313,FALSE,8,kg,15313,FALSE,15313,FALSE,0,FALSE,,85001.541,85001.541,0,FALSE,TRUE,HS_2711
C,A,20210101,2021,52,2021,398,KAZ,Kazakhstan,X,Export,0,W00,World,0,W00,World,H5,HS,TRUE,2711,Petroleum gases and other gaseous hydrocarbons,4,FALSE,C00,TOTAL CPC,0,0,TOTAL MOT,8,kg,5275595632.954,TRUE,-1,N/A,0,FALSE,5275595632.954,TRUE,0,FALSE,,2106162514.3,2106162514.3,6,FALSE,TRUE,HS_2711
C,A,20210101,2021,52,2021,484,MEX,Mexico,X,Export,0,W00,World,0,W00,World,H5,HS,TRUE,2711,Petroleum gases and other gaseous hydrocarbons,4,FALSE,C00,TOTAL CPC,0,0,TOTAL MOT,-1,N/A,0,FALSE,-1,N/A,0,FALSE,0,FALSE,0,FALSE,,16583593,16583593,0,FALSE,TRUE,HS_2711
C,A,20210101,2021,52,2021,504,MAR,Morocco,X,Export,0,W00,World,0,W00,World,H5,HS,TRUE,2711,Petroleum gases and other gaseous hydrocarbons,4,FALSE,C00,TOTAL CPC,0,0,TOTAL MOT,8,kg,5,FALSE,8,kg,5,FALSE,5,FALSE,0,FALSE,0,1.001,1.001,0,FALSE,TRUE,HS_2711
C,A,20210101,2021,52,2021,566,NGA,Nigeria,X,Export,0,W00,World,0,W00,World,H4,HS,TRUE,2711,Petroleum gases and other gaseous hydrocarbons,4,FALSE,C00,TOTAL CPC,0,0,TOTAL MOT,-1,N/A,0,TRUE,-1,N/A,0,FALSE,0,TRUE,0,FALSE,0,5828892495.181,5828892495.181,6,FALSE,TRUE,HS_2711
C,A,20210101,2021,52,2021,586,PAK,Pakistan,X,Export,0,W00,World,0,W00,World,H5,HS,TRUE,2711,Petroleum gases and other gaseous hydrocarbons,4,FALSE,C00,TOTAL CPC,0,0,TOTAL MOT,-1,N/A,0,FALSE,-1,N/A,0,FALSE,0,FALSE,0,FALSE,0,194.64,194.64,0,FALSE,TRUE,HS_2711
C,A,20210101,2021,52,2021,591,PAN,Panama,X,Export,0,W00,World,0,W00,World,H5,HS,TRUE,2711,Petroleum gases and other gaseous hydrocarbons,4,FALSE,C00,TOTAL CPC,0,0,TOTAL MOT,8,kg,231465,FALSE,8,kg,231465,FALSE,231465,FALSE,231921,FALSE,0,356591,356591,0,FALSE,TRUE,HS_2711
C,A,20210101,2021,52,2021,604,PER,Peru,X,Export,0,W00,World,0,W00,World,H5,HS,TRUE,2711,Petroleum gases and other gaseous hydrocarbons,4,FALSE,C00,TOTAL CPC,0,0,TOTAL MOT,8,kg,2585513448.79,FALSE,12,m³,10943571.08,FALSE,2585513448.79,FALSE,0,FALSE,0,1705955330.68,1705955330.68,0,FALSE,TRUE,HS_2711
C,A,20210101,2021,52,2021,608,PHL,Philippines,X,Export,0,W00,World,0,W00,World,H5,HS,TRUE,2711,Petroleum gases and other gaseous hydrocarbons,4,FALSE,C00,TOTAL CPC,0,0,TOTAL MOT,8,kg,17830992,FALSE,8,kg,17830992,FALSE,17830992,FALSE,18062902,FALSE,,12215298,12215298,0,FALSE,TRUE,HS_2711
C,A,20210101,2021,52,2021,616,POL,Poland,X,Export,0,W00,World,0,W00,World,H5,HS,TRUE,2711,Petroleum gases and other gaseous hydrocarbons,4,FALSE,C00,TOTAL CPC,0,0,TOTAL MOT,-1,N/A,0,TRUE,-1,N/A,0,FALSE,0,TRUE,0,FALSE,0,174196283,174196283,6,FALSE,TRUE,HS_2711
C,A,20210101,2021,52,2021,634,QAT,Qatar,X,Export,0,W00,World,0,W00,World,H5,HS,TRUE,2711,Petroleum gases and other gaseous hydrocarbons,4,FALSE,C00,TOTAL CPC,0,0,TOTAL MOT,8,kg,107702682450,FALSE,8,kg,107702682450,FALSE,107702682450,FALSE,0,FALSE,0,53383899024.019,53383899024.019,0,FALSE,TRUE,HS_2711
C,A,20210101,2021,52,2021,642,ROU,Romania,X,Export,0,W00,World,0,W00,World,H5,HS,TRUE,2711,Petroleum gases and other gaseous hydrocarbons,4,FALSE,C00,TOTAL CPC,0,0,TOTAL MOT,8,kg,706774440.286,TRUE,-1,N/A,0,FALSE,706774440.286,TRUE,0,FALSE,0,386793960.26,386793960.26,6,FALSE,TRUE,HS_2711
C,A,20210101,2021,52,2021,682,SAU,Saudi Arabia,X,Export,0,W00,World,0,W00,World,H5,HS,TRUE,2711,Petroleum gases and other gaseous hydrocarbons,4,FALSE,C00,TOTAL CPC,0,0,TOTAL MOT,8,kg,7301982257,FALSE,8,kg,7301982257,FALSE,7301982257,FALSE,0,FALSE,,4723586240.31,4723586240.31,0,FALSE,TRUE,HS_2711
C,A,20210101,2021,52,2021,686,SEN,Senegal,X,Export,0,W00,World,0,W00,World,H5,HS,TRUE,2711,Petroleum gases and other gaseous hydrocarbons,4,FALSE,C00,TOTAL CPC,0,0,TOTAL MOT,8,kg,10174048,FALSE,8,kg,10174048,FALSE,10174048,FALSE,0,FALSE,0,6274941.083,6274941.083,0,FALSE,TRUE,HS_2711
C,A,20210101,2021,52,2021,704,VNM,Viet Nam,X,Export,0,W00,World,0,W00,World,H5,HS,TRUE,2711,Petroleum gases and other gaseous hydrocarbons,4,FALSE,C00,TOTAL CPC,0,0,TOTAL MOT,8,kg,339923087.871,TRUE,-1,N/A,0,FALSE,339923087.871,TRUE,0,FALSE,0,218239738.898,218239738.898,6,FALSE,TRUE,HS_2711
C,A,20210101,2021,52,2021,710,ZAF,South Africa,X,Export,0,W00,World,0,W00,World,H5,HS,TRUE,2711,Petroleum gases and other gaseous hydrocarbons,4,FALSE,C00,TOTAL CPC,0,0,TOTAL MOT,8,kg,117557230.41,FALSE,8,kg,117557230.41,FALSE,117557230.41,FALSE,0,FALSE,0,100087434.749,100087434.749,0,FALSE,TRUE,HS_2711
C,A,20210101,2021,52,2021,784,ARE,United Arab Emirates,X,Export,0,W00,World,0,W00,World,H5,HS,TRUE,2711,Petroleum gases and other gaseous hydrocarbons,4,FALSE,C00,TOTAL CPC,0,0,TOTAL MOT,-1,N/A,0,FALSE,-1,N/A,0,FALSE,0,FALSE,0,FALSE,0,29157850039.708,29157850039.708,0,FALSE,TRUE,HS_2711
C,A,20210101,2021,52,2021,792,TUR,Türkiye,X,Export,0,W00,World,0,W00,World,H5,HS,TRUE,2711,Petroleum gases and other gaseous hydrocarbons,4,FALSE,C00,TOTAL CPC,0,0,TOTAL MOT,8,kg,341414087,FALSE,8,kg,341414087,FALSE,341414087,FALSE,0,FALSE,,227961131,227961131,0,FALSE,TRUE,HS_2711
C,A,20210101,2021,52,2021,818,EGY,Egypt,X,Export,0,W00,World,0,W00,World,H4,HS,TRUE,2711,Petroleum gases and other gaseous hydrocarbons,4,FALSE,C00,TOTAL CPC,0,0,TOTAL MOT,8,kg,8349493714.237,TRUE,-1,N/A,0,FALSE,8349493714.237,TRUE,0,FALSE,,4051854308.603,4051854308.603,6,FALSE,TRUE,HS_2711
C,A,20210101,2021,52,2021,858,URY,Uruguay,X,Export,0,W00,World,0,W00,World,H5,HS,TRUE,2711,Petroleum gases and other gaseous hydrocarbons,4,FALSE,C00,TOTAL CPC,0,0,TOTAL MOT,8,kg,2868240,FALSE,8,kg,2868240,FALSE,2868240,FALSE,0,FALSE,,2099269,2099269,0,FALSE,TRUE,HS_2711
C,A,20210101,2021,52,2021,894,ZMB,Zambia,X,Export,0,W00,World,0,W00,World,H5,HS,TRUE,2711,Petroleum gases and other gaseous hydrocarbons,4,FALSE,C00,TOTAL CPC,0,0,TOTAL MOT,8,kg,353132,FALSE,8,kg,353132,FALSE,353132,FALSE,0,FALSE,,189402.769,189402.769,0,FALSE,TRUE,HS_2711
C,A,20210101,2021,52,2021,24,AGO,Angola,X,Export,0,W00,World,0,W00,World,H5,HS,TRUE,74,Copper and articles thereof,2,FALSE,C00,TOTAL CPC,0,0,TOTAL MOT,-1,N/A,0,FALSE,-1,N/A,0,FALSE,,FALSE,0,FALSE,,2358369.984,2358369.984,0,FALSE,TRUE,HS_74
C,A,20210101,2021,52,2021,32,ARG,Argentina,X,Export,0,W00,World,0,W00,World,H5,HS,TRUE,74,Copper and articles thereof,2,FALSE,C00,TOTAL CPC,0,0,TOTAL MOT,-1,N/A,0,FALSE,-1,N/A,0,FALSE,0,FALSE,0,FALSE,0,2776767.04,2776767.04,0,FALSE,TRUE,HS_74
C,A,20210101,2021,52,2021,48,BHR,Bahrain,X,Export,0,W00,World,0,W00,World,H5,HS,TRUE,74,Copper and articles thereof,2,FALSE,C00,TOTAL CPC,0,0,TOTAL MOT,-1,N/A,0,FALSE,-1,N/A,0,FALSE,0,FALSE,0,FALSE,,114808470.422,114808470.422,0,FALSE,TRUE,HS_74
C,A,20210101,2021,52,2021,76,BRA,Brazil,X,Export,0,W00,World,0,W00,World,H5,HS,TRUE,74,Copper and articles thereof,2,FALSE,C00,TOTAL CPC,0,0,TOTAL MOT,-1,N/A,0,FALSE,-1,N/A,0,FALSE,0,TRUE,0,FALSE,,980805821,980805821,4,FALSE,TRUE,HS_74
C,A,20210101,2021,52,2021,144,LKA,Sri Lanka,X,Export,0,W00,World,0,W00,World,H5,HS,TRUE,74,Copper and articles thereof,2,FALSE,C00,TOTAL CPC,0,0,TOTAL MOT,-1,N/A,0,FALSE,-1,N/A,0,FALSE,0,TRUE,0,FALSE,0,12398121.174,12398121.174,4,FALSE,TRUE,HS_74
C,A,20210101,2021,52,2021,152,CHL,Chile,X,Export,0,W00,World,0,W00,World,H5,HS,TRUE,74,Copper and articles thereof,2,FALSE,C00,TOTAL CPC,0,0,TOTAL MOT,-1,N/A,0,FALSE,-1,N/A,0,FALSE,0,TRUE,0,FALSE,0,23962308829.738,23962308829.738,4,FALSE,TRUE,HS_74
C,A,20210101,2021,52,2021,170,COL,Colombia,X,Export,0,W00,World,0,W00,World,H5,HS,TRUE,74,Copper and articles thereof,2,FALSE,C00,TOTAL CPC,0,0,TOTAL MOT,-1,N/A,0,FALSE,-1,N/A,0,FALSE,0,TRUE,0,FALSE,0,287666283.45,287666283.45,4,FALSE,TRUE,HS_74
C,A,20210101,2021,52,2021,218,ECU,Ecuador,X,Export,0,W00,World,0,W00,World,H5,HS,TRUE,74,Copper and articles thereof,2,FALSE,C00,TOTAL CPC,0,0,TOTAL MOT,-1,N/A,0,FALSE,-1,N/A,0,FALSE,0,FALSE,0,FALSE,0,107349751.164,107349751.164,0,FALSE,TRUE,HS_74
C,A,20210101,2021,52,2021,222,SLV,El Salvador,X,Export,0,W00,World,0,W00,World,H5,HS,TRUE,74,Copper and articles thereof,2,FALSE,C00,TOTAL CPC,0,0,TOTAL MOT,-1,N/A,0,FALSE,-1,N/A,0,FALSE,0,FALSE,0,FALSE,0,895145.62,895145.62,0,FALSE,TRUE,HS_74
C,A,20210101,2021,52,2021,348,HUN,Hungary,X,Export,0,W00,World,0,W00,World,H5,HS,TRUE,74,Copper and articles thereof,2,FALSE,C00,TOTAL CPC,0,0,TOTAL MOT,-1,N/A,0,FALSE,-1,N/A,0,FALSE,0,TRUE,0,FALSE,0,406864634,406864634,4,FALSE,TRUE,HS_74
C,A,20210101,2021,52,2021,360,IDN,Indonesia,X,Export,0,W00,World,0,W00,World,H5,HS,TRUE,74,Copper and articles thereof,2,FALSE,C00,TOTAL CPC,0,0,TOTAL MOT,-1,N/A,0,FALSE,-1,N/A,0,FALSE,0,FALSE,0,FALSE,0,3050220524.15,3050220524.15,0,FALSE,TRUE,HS_74
C,A,20210101,2021,52,2021,384,CIV,Côte d'Ivoire,X,Export,0,W00,World,0,W00,World,H5,HS,TRUE,74,Copper and articles thereof,2,FALSE,C00,TOTAL CPC,0,0,TOTAL MOT,-1,N/A,0,FALSE,-1,N/A,0,FALSE,0,TRUE,0,FALSE,,3927069.534,3927069.534,4,FALSE,TRUE,HS_74
C,A,20210101,2021,52,2021,398,KAZ,Kazakhstan,X,Export,0,W00,World,0,W00,World,H5,HS,TRUE,74,Copper and articles thereof,2,FALSE,C00,TOTAL CPC,0,0,TOTAL MOT,-1,N/A,0,FALSE,-1,N/A,0,FALSE,0,TRUE,0,FALSE,,109884783.71,109884783.71,4,FALSE,TRUE,HS_74
C,A,20210101,2021,52,2021,484,MEX,Mexico,X,Export,0,W00,World,0,W00,World,H5,HS,TRUE,74,Copper and articles thereof,2,FALSE,C00,TOTAL CPC,0,0,TOTAL MOT,-1,N/A,0,FALSE,-1,N/A,0,FALSE,0,TRUE,0,FALSE,,2942144916,2942144916,4,FALSE,TRUE,HS_74
C,A,20210101,2021,52,2021,504,MAR,Morocco,X,Export,0,W00,World,0,W00,World,H5,HS,TRUE,74,Copper and articles thereof,2,FALSE,C00,TOTAL CPC,0,0,TOTAL MOT,-1,N/A,0,FALSE,-1,N/A,0,FALSE,0,FALSE,0,FALSE,0,231369214.189,231369214.189,0,FALSE,TRUE,HS_74
C,A,20210101,2021,52,2021,566,NGA,Nigeria,X,Export,0,W00,World,0,W00,World,H4,HS,TRUE,74,Copper and articles thereof,2,FALSE,C00,TOTAL CPC,0,0,TOTAL MOT,-1,N/A,0,FALSE,-1,N/A,0,FALSE,0,FALSE,0,FALSE,0,73848458.926,73848458.926,0,FALSE,TRUE,HS_74
C,A,20210101,2021,52,2021,586,PAK,Pakistan,X,Export,0,W00,World,0,W00,World,H5,HS,TRUE,74,Copper and articles thereof,2,FALSE,C00,TOTAL CPC,0,0,TOTAL MOT,-1,N/A,0,FALSE,-1,N/A,0,FALSE,0,TRUE,0,FALSE,0,815885987.7,815885987.7,4,FALSE,TRUE,HS_74
C,A,20210101,2021,52,2021,591,PAN,Panama,X,Export,0,W00,World,0,W00,World,H5,HS,TRUE,74,Copper and articles thereof,2,FALSE,C00,TOTAL CPC,0,0,TOTAL MOT,-1,N/A,0,FALSE,-1,N/A,0,FALSE,0,FALSE,0,FALSE,0,15140012,15140012,0,FALSE,TRUE,HS_74
C,A,20210101,2021,52,2021,604,PER,Peru,X,Export,0,W00,World,0,W00,World,H5,HS,TRUE,74,Copper and articles thereof,2,FALSE,C00,TOTAL CPC,0,0,TOTAL MOT,-1,N/A,0,FALSE,-1,N/A,0,FALSE,0,FALSE,0,FALSE,0,3042051578.84,3042051578.84,0,FALSE,TRUE,HS_74
C,A,20210101,2021,52,2021,608,PHL,Philippines,X,Export,0,W00,World,0,W00,World,H5,HS,TRUE,74,Copper and articles thereof,2,FALSE,C00,TOTAL CPC,0,0,TOTAL MOT,-1,N/A,0,FALSE,-1,N/A,0,FALSE,0,TRUE,0,FALSE,,2582716092,2582716092,4,FALSE,TRUE,HS_74
C,A,20210101,2021,52,2021,616,POL,Poland,X,Export,0,W00,World,0,W00,World,H5,HS,TRUE,74,Copper and articles thereof,2,FALSE,C00,TOTAL CPC,0,0,TOTAL MOT,-1,N/A,0,FALSE,-1,N/A,0,FALSE,0,TRUE,0,FALSE,0,5971792779,5971792779,4,FALSE,TRUE,HS_74
C,A,20210101,2021,52,2021,634,QAT,Qatar,X,Export,0,W00,World,0,W00,World,H5,HS,TRUE,74,Copper and articles thereof,2,FALSE,C00,TOTAL CPC,0,0,TOTAL MOT,-1,N/A,0,FALSE,-1,N/A,0,FALSE,0,FALSE,0,FALSE,0,149169499.69,149169499.69,0,FALSE,TRUE,HS_74
C,A,20210101,2021,52,2021,642,ROU,Romania,X,Export,0,W00,World,0,W00,World,H5,HS,TRUE,74,Copper and articles thereof,2,FALSE,C00,TOTAL CPC,0,0,TOTAL MOT,-1,N/A,0,FALSE,-1,N/A,0,FALSE,0,TRUE,0,FALSE,0,363808069.75,363808069.75,4,FALSE,TRUE,HS_74
C,A,20210101,2021,52,2021,682,SAU,Saudi Arabia,X,Export,0,W00,World,0,W00,World,H5,HS,TRUE,74,Copper and articles thereof,2,FALSE,C00,TOTAL CPC,0,0,TOTAL MOT,-1,N/A,0,FALSE,-1,N/A,0,FALSE,0,TRUE,0,FALSE,,1007448373.48,1007448373.48,4,FALSE,TRUE,HS_74
C,A,20210101,2021,52,2021,686,SEN,Senegal,X,Export,0,W00,World,0,W00,World,H5,HS,TRUE,74,Copper and articles thereof,2,FALSE,C00,TOTAL CPC,0,0,TOTAL MOT,-1,N/A,0,FALSE,-1,N/A,0,FALSE,0,TRUE,0,FALSE,0,10593427.28,10593427.28,4,FALSE,TRUE,HS_74
C,A,20210101,2021,52,2021,704,VNM,Viet Nam,X,Export,0,W00,World,0,W00,World,H5,HS,TRUE,74,Copper and articles thereof,2,FALSE,C00,TOTAL CPC,0,0,TOTAL MOT,-1,N/A,0,FALSE,-1,N/A,0,FALSE,0,TRUE,0,FALSE,0,1687967042.324,1687967042.324,4,FALSE,TRUE,HS_74
C,A,20210101,2021,52,2021,710,ZAF,South Africa,X,Export,0,W00,World,0,W00,World,H5,HS,TRUE,74,Copper and articles thereof,2,FALSE,C00,TOTAL CPC,0,0,TOTAL MOT,-1,N/A,0,FALSE,-1,N/A,0,FALSE,0,TRUE,0,FALSE,0,967947250.486,967947250.486,4,FALSE,TRUE,HS_74
C,A,20210101,2021,52,2021,784,ARE,United Arab Emirates,X,Export,0,W00,World,0,W00,World,H5,HS,TRUE,74,Copper and articles thereof,2,FALSE,C00,TOTAL CPC,0,0,TOTAL MOT,-1,N/A,0,FALSE,-1,N/A,0,FALSE,0,TRUE,0,FALSE,0,3433575295.055,3433575295.055,4,FALSE,TRUE,HS_74
C,A,20210101,2021,52,2021,792,TUR,Türkiye,X,Export,0,W00,World,0,W00,World,H5,HS,TRUE,74,Copper and articles thereof,2,FALSE,C00,TOTAL CPC,0,0,TOTAL MOT,-1,N/A,0,FALSE,-1,N/A,0,FALSE,0,FALSE,0,FALSE,,2599135048,2599135048,0,FALSE,TRUE,HS_74
C,A,20210101,2021,52,2021,818,EGY,Egypt,X,Export,0,W00,World,0,W00,World,H4,HS,TRUE,74,Copper and articles thereof,2,FALSE,C00,TOTAL CPC,0,0,TOTAL MOT,-1,N/A,0,FALSE,-1,N/A,0,FALSE,0,TRUE,0,FALSE,,410282187.92,410282187.92,4,FALSE,TRUE,HS_74
C,A,20210101,2021,52,2021,858,URY,Uruguay,X,Export,0,W00,World,0,W00,World,H5,HS,TRUE,74,Copper and articles thereof,2,FALSE,C00,TOTAL CPC,0,0,TOTAL MOT,-1,N/A,0,FALSE,-1,N/A,0,FALSE,0,FALSE,0,FALSE,,13244709,13244709,0,FALSE,TRUE,HS_74
C,A,20210101,2021,52,2021,894,ZMB,Zambia,X,Export,0,W00,World,0,W00,World,H5,HS,TRUE,74,Copper and articles thereof,2,FALSE,C00,TOTAL CPC,0,0,TOTAL MOT,-1,N/A,0,FALSE,-1,N/A,0,FALSE,0,FALSE,0,FALSE,,8344372035.16,8344372035.16,0,FALSE,TRUE,HS_74
C,A,20210101,2021,52,2021,76,BRA,Brazil,X,Export,0,W00,World,0,W00,World,H5,HS,TRUE,2603,Copper ores and concentrates,4,FALSE,C00,TOTAL CPC,0,0,TOTAL MOT,8,kg,1185472386,FALSE,8,kg,1185472386,FALSE,1185899114,FALSE,0,FALSE,,3369103791,3369103791,0,FALSE,TRUE,HS_2603
C,A,20210101,2021,52,2021,152,CHL,Chile,X,Export,0,W00,World,0,W00,World,H5,HS,TRUE,2603,Copper ores and concentrates,4,FALSE,C00,TOTAL CPC,0,0,TOTAL MOT,8,kg,3123498052.094,FALSE,8,kg,3123498052.094,FALSE,3123498052.094,FALSE,0,FALSE,0,29792560295.422,29792560295.422,0,FALSE,TRUE,HS_2603
C,A,20210101,2021,52,2021,170,COL,Colombia,X,Export,0,W00,World,0,W00,World,H5,HS,TRUE,2603,Copper ores and concentrates,4,FALSE,C00,TOTAL CPC,0,0,TOTAL MOT,8,kg,52557550,FALSE,8,kg,52557550,FALSE,52557550,FALSE,0,FALSE,0,91227986.87,91227986.87,0,FALSE,TRUE,HS_2603
C,A,20210101,2021,52,2021,218,ECU,Ecuador,X,Export,0,W00,World,0,W00,World,H5,HS,TRUE,2603,Copper ores and concentrates,4,FALSE,C00,TOTAL CPC,0,0,TOTAL MOT,8,kg,430514842,FALSE,8,kg,430514842,FALSE,430514842,FALSE,0,FALSE,0,920099602.04,920099602.04,0,FALSE,TRUE,HS_2603
C,A,20210101,2021,52,2021,360,IDN,Indonesia,X,Export,0,W00,World,0,W00,World,H5,HS,TRUE,2603,Copper ores and concentrates,4,FALSE,C00,TOTAL CPC,0,0,TOTAL MOT,8,kg,2235453900,FALSE,8,kg,2235453900,FALSE,2235453900,FALSE,0,FALSE,0,5386225817.71,5386225817.71,0,FALSE,TRUE,HS_2603
C,A,20210101,2021,52,2021,398,KAZ,Kazakhstan,X,Export,0,W00,World,0,W00,World,H5,HS,TRUE,2603,Copper ores and concentrates,4,FALSE,C00,TOTAL CPC,0,0,TOTAL MOT,8,kg,966125228.026,FALSE,8,kg,966125228.026,FALSE,966125228.026,FALSE,0,FALSE,,1606797295.76,1606797295.76,0,FALSE,TRUE,HS_2603
C,A,20210101,2021,52,2021,484,MEX,Mexico,X,Export,0,W00,World,0,W00,World,H5,HS,TRUE,2603,Copper ores and concentrates,4,FALSE,C00,TOTAL CPC,0,0,TOTAL MOT,8,kg,1551769274,FALSE,8,kg,1551769274,FALSE,1551769274,FALSE,0,FALSE,,3420948513,3420948513,0,FALSE,TRUE,HS_2603
C,A,20210101,2021,52,2021,504,MAR,Morocco,X,Export,0,W00,World,0,W00,World,H5,HS,TRUE,2603,Copper ores and concentrates,4,FALSE,C00,TOTAL CPC,0,0,TOTAL MOT,8,kg,129914750,FALSE,8,kg,129914750,FALSE,129914750,FALSE,0,FALSE,0,184509425.641,184509425.641,0,FALSE,TRUE,HS_2603
C,A,20210101,2021,52,2021,566,NGA,Nigeria,X,Export,0,W00,World,0,W00,World,H4,HS,TRUE,2603,Copper ores and concentrates,4,FALSE,C00,TOTAL CPC,0,0,TOTAL MOT,8,kg,479950,FALSE,8,kg,479950,FALSE,479950,FALSE,0,FALSE,0,2023388.185,2023388.185,0,FALSE,TRUE,HS_2603
C,A,20210101,2021,52,2021,586,PAK,Pakistan,X,Export,0,W00,World,0,W00,World,H5,HS,TRUE,2603,Copper ores and concentrates,4,FALSE,C00,TOTAL CPC,0,0,TOTAL MOT,8,kg,25496000,FALSE,21,1000 KG,25496,FALSE,25496000,FALSE,0,FALSE,0,11508580.643,11508580.643,0,FALSE,TRUE,HS_2603
C,A,20210101,2021,52,2021,591,PAN,Panama,X,Export,0,W00,World,0,W00,World,H5,HS,TRUE,2603,Copper ores and concentrates,4,FALSE,C00,TOTAL CPC,0,0,TOTAL MOT,8,kg,1300280000,FALSE,8,kg,1300280000,FALSE,1300280000,FALSE,1413960000,FALSE,0,2930783339,2930783339,0,FALSE,TRUE,HS_2603
C,A,20210101,2021,52,2021,604,PER,Peru,X,Export,0,W00,World,0,W00,World,H5,HS,TRUE,2603,Copper ores and concentrates,4,FALSE,C00,TOTAL CPC,0,0,TOTAL MOT,8,kg,6631174410.85,FALSE,8,kg,6631174410.85,FALSE,6631174410.85,FALSE,0,FALSE,0,15229585494,15229585494,0,FALSE,TRUE,HS_2603
C,A,20210101,2021,52,2021,608,PHL,Philippines,X,Export,0,W00,World,0,W00,World,H5,HS,TRUE,2603,Copper ores and concentrates,4,FALSE,C00,TOTAL CPC,0,0,TOTAL MOT,8,kg,88414728,FALSE,8,kg,88414728,FALSE,88414728,FALSE,94238239,FALSE,,299440295,299440295,0,FALSE,TRUE,HS_2603
C,A,20210101,2021,52,2021,616,POL,Poland,X,Export,0,W00,World,0,W00,World,H5,HS,TRUE,2603,Copper ores and concentrates,4,FALSE,C00,TOTAL CPC,0,0,TOTAL MOT,8,kg,550760,FALSE,8,kg,550760,FALSE,550760,FALSE,0,FALSE,0,188972,188972,0,FALSE,TRUE,HS_2603
C,A,20210101,2021,52,2021,634,QAT,Qatar,X,Export,0,W00,World,0,W00,World,H5,HS,TRUE,2603,Copper ores and concentrates,4,FALSE,C00,TOTAL CPC,0,0,TOTAL MOT,8,kg,49405,FALSE,8,kg,49405,FALSE,49405,FALSE,0,FALSE,0,25112.173,25112.173,0,FALSE,TRUE,HS_2603
C,A,20210101,2021,52,2021,642,ROU,Romania,X,Export,0,W00,World,0,W00,World,H5,HS,TRUE,2603,Copper ores and concentrates,4,FALSE,C00,TOTAL CPC,0,0,TOTAL MOT,8,kg,39931580,FALSE,8,kg,39931580,FALSE,39931580,FALSE,0,FALSE,0,71861855.17,71861855.17,0,FALSE,TRUE,HS_2603
C,A,20210101,2021,52,2021,682,SAU,Saudi Arabia,X,Export,0,W00,World,0,W00,World,H5,HS,TRUE,2603,Copper ores and concentrates,4,FALSE,C00,TOTAL CPC,0,0,TOTAL MOT,8,kg,317857230,FALSE,8,kg,317857230,FALSE,317857230,FALSE,0,FALSE,,673808056.221,673808056.221,0,FALSE,TRUE,HS_2603
C,A,20210101,2021,52,2021,710,ZAF,South Africa,X,Export,0,W00,World,0,W00,World,H5,HS,TRUE,2603,Copper ores and concentrates,4,FALSE,C00,TOTAL CPC,0,0,TOTAL MOT,8,kg,144438385.78,FALSE,8,kg,144438385.78,FALSE,144438385.78,FALSE,0,FALSE,0,256643217.083,256643217.083,0,FALSE,TRUE,HS_2603
C,A,20210101,2021,52,2021,784,ARE,United Arab Emirates,X,Export,0,W00,World,0,W00,World,H5,HS,TRUE,2603,Copper ores and concentrates,4,FALSE,C00,TOTAL CPC,0,0,TOTAL MOT,8,kg,7020248,FALSE,8,kg,7020248,FALSE,7020248,FALSE,0,FALSE,0,2923976.414,2923976.414,0,FALSE,TRUE,HS_2603
C,A,20210101,2021,52,2021,792,TUR,Türkiye,X,Export,0,W00,World,0,W00,World,H5,HS,TRUE,2603,Copper ores and concentrates,4,FALSE,C00,TOTAL CPC,0,0,TOTAL MOT,8,kg,313660356,FALSE,8,kg,313660356,FALSE,313660356,FALSE,0,FALSE,,454719258,454719258,0,FALSE,TRUE,HS_2603
C,A,20210101,2021,52,2021,894,ZMB,Zambia,X,Export,0,W00,World,0,W00,World,H5,HS,TRUE,2603,Copper ores and concentrates,4,FALSE,C00,TOTAL CPC,0,0,TOTAL MOT,8,kg,23958808.4,FALSE,40,GT,24131.487,FALSE,23958808.4,FALSE,0,FALSE,,40837010.547,40837010.547,0,FALSE,TRUE,HS_2603
C,A,20210101,2021,52,2021,24,AGO,Angola,X,Export,0,W00,World,0,W00,World,H5,HS,TRUE,76,Aluminium and articles thereof,2,FALSE,C00,TOTAL CPC,0,0,TOTAL MOT,-1,N/A,0,FALSE,-1,N/A,0,FALSE,0,TRUE,0,FALSE,,5494230.049,5494230.049,4,FALSE,TRUE,HS_76
C,A,20210101,2021,52,2021,32,ARG,Argentina,X,Export,0,W00,World,0,W00,World,H5,HS,TRUE,76,Aluminium and articles thereof,2,FALSE,C00,TOTAL CPC,0,0,TOTAL MOT,-1,N/A,0,FALSE,-1,N/A,0,FALSE,0,FALSE,0,FALSE,0,606938969.03,606938969.03,0,FALSE,TRUE,HS_76
C,A,20210101,2021,52,2021,48,BHR,Bahrain,X,Export,0,W00,World,0,W00,World,H5,HS,TRUE,76,Aluminium and articles thereof,2,FALSE,C00,TOTAL CPC,0,0,TOTAL MOT,-1,N/A,0,FALSE,-1,N/A,0,FALSE,0,FALSE,0,FALSE,,4488704183.695,4488704183.695,0,FALSE,TRUE,HS_76
C,A,20210101,2021,52,2021,76,BRA,Brazil,X,Export,0,W00,World,0,W00,World,H5,HS,TRUE,76,Aluminium and articles thereof,2,FALSE,C00,TOTAL CPC,0,0,TOTAL MOT,-1,N/A,0,FALSE,-1,N/A,0,FALSE,0,TRUE,0,FALSE,,1168847522,1168847522,4,FALSE,TRUE,HS_76
C,A,20210101,2021,52,2021,144,LKA,Sri Lanka,X,Export,0,W00,World,0,W00,World,H5,HS,TRUE,76,Aluminium and articles thereof,2,FALSE,C00,TOTAL CPC,0,0,TOTAL MOT,-1,N/A,0,FALSE,-1,N/A,0,FALSE,0,TRUE,0,FALSE,0,49433591.65,49433591.65,4,FALSE,TRUE,HS_76
C,A,20210101,2021,52,2021,152,CHL,Chile,X,Export,0,W00,World,0,W00,World,H5,HS,TRUE,76,Aluminium and articles thereof,2,FALSE,C00,TOTAL CPC,0,0,TOTAL MOT,-1,N/A,0,FALSE,-1,N/A,0,FALSE,0,TRUE,0,FALSE,0,130172451.543,130172451.543,4,FALSE,TRUE,HS_76
C,A,20210101,2021,52,2021,170,COL,Colombia,X,Export,0,W00,World,0,W00,World,H5,HS,TRUE,76,Aluminium and articles thereof,2,FALSE,C00,TOTAL CPC,0,0,TOTAL MOT,-1,N/A,0,FALSE,-1,N/A,0,FALSE,0,TRUE,0,FALSE,0,480829730.51,480829730.51,4,FALSE,TRUE,HS_76
C,A,20210101,2021,52,2021,218,ECU,Ecuador,X,Export,0,W00,World,0,W00,World,H5,HS,TRUE,76,Aluminium and articles thereof,2,FALSE,C00,TOTAL CPC,0,0,TOTAL MOT,-1,N/A,0,FALSE,-1,N/A,0,FALSE,0,FALSE,0,FALSE,0,92081670.22,92081670.22,0,FALSE,TRUE,HS_76
C,A,20210101,2021,52,2021,222,SLV,El Salvador,X,Export,0,W00,World,0,W00,World,H5,HS,TRUE,76,Aluminium and articles thereof,2,FALSE,C00,TOTAL CPC,0,0,TOTAL MOT,-1,N/A,0,FALSE,-1,N/A,0,FALSE,0,TRUE,0,FALSE,0,63533537.09,63533537.09,4,FALSE,TRUE,HS_76
C,A,20210101,2021,52,2021,348,HUN,Hungary,X,Export,0,W00,World,0,W00,World,H5,HS,TRUE,76,Aluminium and articles thereof,2,FALSE,C00,TOTAL CPC,0,0,TOTAL MOT,-1,N/A,0,FALSE,-1,N/A,0,FALSE,0,FALSE,0,FALSE,0,1745783717,1745783717,0,FALSE,TRUE,HS_76
C,A,20210101,2021,52,2021,360,IDN,Indonesia,X,Export,0,W00,World,0,W00,World,H5,HS,TRUE,76,Aluminium and articles thereof,2,FALSE,C00,TOTAL CPC,0,0,TOTAL MOT,-1,N/A,0,FALSE,-1,N/A,0,FALSE,0,TRUE,0,FALSE,0,784631205.851,784631205.851,4,FALSE,TRUE,HS_76
C,A,20210101,2021,52,2021,384,CIV,Côte d'Ivoire,X,Export,0,W00,World,0,W00,World,H5,HS,TRUE,76,Aluminium and articles thereof,2,FALSE,C00,TOTAL CPC,0,0,TOTAL MOT,-1,N/A,0,FALSE,-1,N/A,0,FALSE,0,FALSE,0,FALSE,,3703609.299,3703609.299,0,FALSE,TRUE,HS_76
C,A,20210101,2021,52,2021,398,KAZ,Kazakhstan,X,Export,0,W00,World,0,W00,World,H5,HS,TRUE,76,Aluminium and articles thereof,2,FALSE,C00,TOTAL CPC,0,0,TOTAL MOT,-1,N/A,0,FALSE,-1,N/A,0,FALSE,0,TRUE,0,FALSE,,77802523.3,77802523.3,4,FALSE,TRUE,HS_76
C,A,20210101,2021,52,2021,484,MEX,Mexico,X,Export,0,W00,World,0,W00,World,H5,HS,TRUE,76,Aluminium and articles thereof,2,FALSE,C00,TOTAL CPC,0,0,TOTAL MOT,-1,N/A,0,FALSE,-1,N/A,0,FALSE,0,TRUE,0,FALSE,,2477621721,2477621721,4,FALSE,TRUE,HS_76
C,A,20210101,2021,52,2021,504,MAR,Morocco,X,Export,0,W00,World,0,W00,World,H5,HS,TRUE,76,Aluminium and articles thereof,2,FALSE,C00,TOTAL CPC,0,0,TOTAL MOT,-1,N/A,0,FALSE,-1,N/A,0,FALSE,0,FALSE,0,FALSE,0,218078713.362,218078713.362,0,FALSE,TRUE,HS_76
C,A,20210101,2021,52,2021,566,NGA,Nigeria,X,Export,0,W00,World,0,W00,World,H4,HS,TRUE,76,Aluminium and articles thereof,2,FALSE,C00,TOTAL CPC,0,0,TOTAL MOT,-1,N/A,0,FALSE,-1,N/A,0,FALSE,0,TRUE,0,FALSE,0,188960858.94,188960858.94,4,FALSE,TRUE,HS_76
C,A,20210101,2021,52,2021,586,PAK,Pakistan,X,Export,0,W00,World,0,W00,World,H5,HS,TRUE,76,Aluminium and articles thereof,2,FALSE,C00,TOTAL CPC,0,0,TOTAL MOT,-1,N/A,0,FALSE,-1,N/A,0,FALSE,0,FALSE,0,FALSE,0,136653421.258,136653421.258,0,FALSE,TRUE,HS_76
C,A,20210101,2021,52,2021,591,PAN,Panama,X,Export,0,W00,World,0,W00,World,H5,HS,TRUE,76,Aluminium and articles thereof,2,FALSE,C00,TOTAL CPC,0,0,TOTAL MOT,-1,N/A,0,FALSE,-1,N/A,0,FALSE,0,TRUE,0,FALSE,0,32237409,32237409,4,FALSE,TRUE,HS_76
C,A,20210101,2021,52,2021,604,PER,Peru,X,Export,0,W00,World,0,W00,World,H5,HS,TRUE,76,Aluminium and articles thereof,2,FALSE,C00,TOTAL CPC,0,0,TOTAL MOT,-1,N/A,0,FALSE,-1,N/A,0,FALSE,0,FALSE,0,FALSE,0,37727496.524,37727496.524,0,FALSE,TRUE,HS_76
C,A,20210101,2021,52,2021,608,PHL,Philippines,X,Export,0,W00,World,0,W00,World,H5,HS,TRUE,76,Aluminium and articles thereof,2,FALSE,C00,TOTAL CPC,0,0,TOTAL MOT,-1,N/A,0,FALSE,-1,N/A,0,FALSE,0,TRUE,0,FALSE,,320094266,320094266,4,FALSE,TRUE,HS_76
C,A,20210101,2021,52,2021,616,POL,Poland,X,Export,0,W00,World,0,W00,World,H5,HS,TRUE,76,Aluminium and articles thereof,2,FALSE,C00,TOTAL CPC,0,0,TOTAL MOT,-1,N/A,0,FALSE,-1,N/A,0,FALSE,0,TRUE,0,FALSE,0,5068498055,5068498055,4,FALSE,TRUE,HS_76
C,A,20210101,2021,52,2021,634,QAT,Qatar,X,Export,0,W00,World,0,W00,World,H5,HS,TRUE,76,Aluminium and articles thereof,2,FALSE,C00,TOTAL CPC,0,0,TOTAL MOT,-1,N/A,0,FALSE,-1,N/A,0,FALSE,0,FALSE,0,FALSE,0,1678149924.114,1678149924.114,0,FALSE,TRUE,HS_76
C,A,20210101,2021,52,2021,642,ROU,Romania,X,Export,0,W00,World,0,W00,World,H5,HS,TRUE,76,Aluminium and articles thereof,2,FALSE,C00,TOTAL CPC,0,0,TOTAL MOT,-1,N/A,0,FALSE,-1,N/A,0,FALSE,0,TRUE,0,FALSE,0,1502103817.49,1502103817.49,4,FALSE,TRUE,HS_76
C,A,20210101,2021,52,2021,682,SAU,Saudi Arabia,X,Export,0,W00,World,0,W00,World,H5,HS,TRUE,76,Aluminium and articles thereof,2,FALSE,C00,TOTAL CPC,0,0,TOTAL MOT,-1,N/A,0,FALSE,-1,N/A,0,FALSE,0,TRUE,0,FALSE,,2454195175.978,2454195175.978,4,FALSE,TRUE,HS_76
C,A,20210101,2021,52,2021,686,SEN,Senegal,X,Export,0,W00,World,0,W00,World,H5,HS,TRUE,76,Aluminium and articles thereof,2,FALSE,C00,TOTAL CPC,0,0,TOTAL MOT,-1,N/A,0,FALSE,-1,N/A,0,FALSE,0,FALSE,0,FALSE,0,5754357.009,5754357.009,0,FALSE,TRUE,HS_76
C,A,20210101,2021,52,2021,704,VNM,Viet Nam,X,Export,0,W00,World,0,W00,World,H5,HS,TRUE,76,Aluminium and articles thereof,2,FALSE,C00,TOTAL CPC,0,0,TOTAL MOT,-1,N/A,0,FALSE,-1,N/A,0,FALSE,0,FALSE,0,FALSE,0,2039212367.146,2039212367.146,0,FALSE,TRUE,HS_76
C,A,20210101,2021,52,2021,710,ZAF,South Africa,X,Export,0,W00,World,0,W00,World,H5,HS,TRUE,76,Aluminium and articles thereof,2,FALSE,C00,TOTAL CPC,0,0,TOTAL MOT,-1,N/A,0,FALSE,-1,N/A,0,FALSE,0,TRUE,0,FALSE,0,2048368087.812,2048368087.812,4,FALSE,TRUE,HS_76
C,A,20210101,2021,52,2021,784,ARE,United Arab Emirates,X,Export,0,W00,World,0,W00,World,H5,HS,TRUE,76,Aluminium and articles thereof,2,FALSE,C00,TOTAL CPC,0,0,TOTAL MOT,-1,N/A,0,FALSE,-1,N/A,0,FALSE,0,TRUE,0,FALSE,0,8149499495.227,8149499495.227,4,FALSE,TRUE,HS_76
C,A,20210101,2021,52,2021,792,TUR,Türkiye,X,Export,0,W00,World,0,W00,World,H5,HS,TRUE,76,Aluminium and articles thereof,2,FALSE,C00,TOTAL CPC,0,0,TOTAL MOT,-1,N/A,0,FALSE,-1,N/A,0,FALSE,0,TRUE,0,FALSE,,5173338590,5173338590,4,FALSE,TRUE,HS_76
C,A,20210101,2021,52,2021,818,EGY,Egypt,X,Export,0,W00,World,0,W00,World,H4,HS,TRUE,76,Aluminium and articles thereof,2,FALSE,C00,TOTAL CPC,0,0,TOTAL MOT,-1,N/A,0,FALSE,-1,N/A,0,FALSE,,FALSE,0,FALSE,,784713747.077,784713747.077,0,FALSE,TRUE,HS_76
C,A,20210101,2021,52,2021,858,URY,Uruguay,X,Export,0,W00,World,0,W00,World,H5,HS,TRUE,76,Aluminium and articles thereof,2,FALSE,C00,TOTAL CPC,0,0,TOTAL MOT,-1,N/A,0,FALSE,-1,N/A,0,FALSE,0,FALSE,0,FALSE,,14743436,14743436,0,FALSE,TRUE,HS_76
C,A,20210101,2021,52,2021,894,ZMB,Zambia,X,Export,0,W00,World,0,W00,World,H5,HS,TRUE,76,Aluminium and articles thereof,2,FALSE,C00,TOTAL CPC,0,0,TOTAL MOT,-1,N/A,0,FALSE,-1,N/A,0,FALSE,0,FALSE,0,FALSE,,2967970.646,2967970.646,0,FALSE,TRUE,HS_76
C,A,20210101,2021,52,2021,76,BRA,Brazil,X,Export,0,W00,World,0,W00,World,H5,HS,TRUE,2606,Aluminium ores and concentrates,4,FALSE,C00,TOTAL CPC,0,0,TOTAL MOT,-1,N/A,0,FALSE,-1,N/A,0,FALSE,,FALSE,0,FALSE,,183909267,183909267,0,FALSE,TRUE,HS_2606
C,A,20210101,2021,52,2021,152,CHL,Chile,X,Export,0,W00,World,0,W00,World,H5,HS,TRUE,2606,Aluminium ores and concentrates,4,FALSE,C00,TOTAL CPC,0,0,TOTAL MOT,8,kg,7218.998,TRUE,-1,N/A,0,FALSE,7218.998,TRUE,0,FALSE,0,3094.358,3094.358,6,FALSE,TRUE,HS_2606
C,A,20210101,2021,52,2021,170,COL,Colombia,X,Export,0,W00,World,0,W00,World,H5,HS,TRUE,2606,Aluminium ores and concentrates,4,FALSE,C00,TOTAL CPC,0,0,TOTAL MOT,8,kg,750,FALSE,8,kg,750,FALSE,750,FALSE,0,FALSE,0,2517.5,2517.5,0,FALSE,TRUE,HS_2606
C,A,20210101,2021,52,2021,218,ECU,Ecuador,X,Export,0,W00,World,0,W00,World,H5,HS,TRUE,2606,Aluminium ores and concentrates,4,FALSE,C00,TOTAL CPC,0,0,TOTAL MOT,8,kg,48000,FALSE,8,kg,48000,FALSE,48000,FALSE,0,FALSE,0,8764,8764,0,FALSE,TRUE,HS_2606
C,A,20210101,2021,52,2021,348,HUN,Hungary,X,Export,0,W00,World,0,W00,World,H5,HS,TRUE,2606,Aluminium ores and concentrates,4,FALSE,C00,TOTAL CPC,0,0,TOTAL MOT,8,kg,33931,FALSE,8,kg,33931,FALSE,33931,FALSE,0,FALSE,0,26115,26115,0,FALSE,TRUE,HS_2606
C,A,20210101,2021,52,2021,360,IDN,Indonesia,X,Export,0,W00,World,0,W00,World,H5,HS,TRUE,2606,Aluminium ores and concentrates,4,FALSE,C00,TOTAL CPC,0,0,TOTAL MOT,8,kg,19914489980,FALSE,8,kg,19914489980,FALSE,19914489980,FALSE,0,FALSE,0,628176232.51,628176232.51,0,FALSE,TRUE,HS_2606
C,A,20210101,2021,52,2021,384,CIV,Côte d'Ivoire,X,Export,0,W00,World,0,W00,World,H5,HS,TRUE,2606,Aluminium ores and concentrates,4,FALSE,C00,TOTAL CPC,0,0,TOTAL MOT,8,kg,1,FALSE,8,kg,1,FALSE,1,FALSE,0,FALSE,,7.206,7.206,0,FALSE,TRUE,HS_2606
C,A,20210101,2021,52,2021,504,MAR,Morocco,X,Export,0,W00,World,0,W00,World,H5,HS,TRUE,2606,Aluminium ores and concentrates,4,FALSE,C00,TOTAL CPC,0,0,TOTAL MOT,8,kg,30,FALSE,8,kg,30,FALSE,30,FALSE,0,FALSE,0,6.898,6.898,0,FALSE,TRUE,HS_2606
C,A,20210101,2021,52,2021,586,PAK,Pakistan,X,Export,0,W00,World,0,W00,World,H5,HS,TRUE,2606,Aluminium ores and concentrates,4,FALSE,C00,TOTAL CPC,0,0,TOTAL MOT,8,kg,8369000,FALSE,21,1000 KG,8369,FALSE,8369000,FALSE,0,FALSE,0,448767.952,448767.952,0,FALSE,TRUE,HS_2606
C,A,20210101,2021,52,2021,616,POL,Poland,X,Export,0,W00,World,0,W00,World,H5,HS,TRUE,2606,Aluminium ores and concentrates,4,FALSE,C00,TOTAL CPC,0,0,TOTAL MOT,8,kg,231020,FALSE,8,kg,231020,FALSE,231020,FALSE,0,FALSE,0,192465,192465,0,FALSE,TRUE,HS_2606
C,A,20210101,2021,52,2021,642,ROU,Romania,X,Export,0,W00,World,0,W00,World,H5,HS,TRUE,2606,Aluminium ores and concentrates,4,FALSE,C00,TOTAL CPC,0,0,TOTAL MOT,8,kg,38144,FALSE,8,kg,38144,FALSE,38144,FALSE,0,FALSE,0,11213.29,11213.29,0,FALSE,TRUE,HS_2606
C,A,20210101,2021,52,2021,682,SAU,Saudi Arabia,X,Export,0,W00,World,0,W00,World,H5,HS,TRUE,2606,Aluminium ores and concentrates,4,FALSE,C00,TOTAL CPC,0,0,TOTAL MOT,8,kg,255450,FALSE,8,kg,255450,FALSE,255450,FALSE,0,FALSE,,29120.799,29120.799,0,FALSE,TRUE,HS_2606
C,A,20210101,2021,52,2021,710,ZAF,South Africa,X,Export,0,W00,World,0,W00,World,H5,HS,TRUE,2606,Aluminium ores and concentrates,4,FALSE,C00,TOTAL CPC,0,0,TOTAL MOT,8,kg,372276.67,FALSE,8,kg,372276.67,FALSE,372276.67,FALSE,0,FALSE,0,46523.443,46523.443,0,FALSE,TRUE,HS_2606
C,A,20210101,2021,52,2021,784,ARE,United Arab Emirates,X,Export,0,W00,World,0,W00,World,H5,HS,TRUE,2606,Aluminium ores and concentrates,4,FALSE,C00,TOTAL CPC,0,0,TOTAL MOT,8,kg,864850,FALSE,8,kg,864850,FALSE,864850,FALSE,0,FALSE,0,323379.324,323379.324,0,FALSE,TRUE,HS_2606
C,A,20210101,2021,52,2021,792,TUR,Türkiye,X,Export,0,W00,World,0,W00,World,H5,HS,TRUE,2606,Aluminium ores and concentrates,4,FALSE,C00,TOTAL CPC,0,0,TOTAL MOT,8,kg,1843984978,FALSE,8,kg,1843984978,FALSE,1843984978,FALSE,0,FALSE,,50457746,50457746,0,FALSE,TRUE,HS_2606
C,A,20210101,2021,52,2021,24,AGO,Angola,X,Export,0,W00,World,0,W00,World,H5,HS,TRUE,75,Nickel and articles thereof,2,FALSE,C00,TOTAL CPC,0,0,TOTAL MOT,-1,N/A,0,FALSE,-1,N/A,0,FALSE,0,FALSE,0,FALSE,,171307.51,171307.51,0,FALSE,TRUE,HS_75
C,A,20210101,2021,52,2021,48,BHR,Bahrain,X,Export,0,W00,World,0,W00,World,H5,HS,TRUE,75,Nickel and articles thereof,2,FALSE,C00,TOTAL CPC,0,0,TOTAL MOT,-1,N/A,0,FALSE,-1,N/A,0,FALSE,0,FALSE,0,FALSE,,631554.413,631554.413,0,FALSE,TRUE,HS_75
C,A,20210101,2021,52,2021,76,BRA,Brazil,X,Export,0,W00,World,0,W00,World,H5,HS,TRUE,75,Nickel and articles thereof,2,FALSE,C00,TOTAL CPC,0,0,TOTAL MOT,-1,N/A,0,FALSE,-1,N/A,0,FALSE,0,TRUE,0,FALSE,,75257685,75257685,4,FALSE,TRUE,HS_75
C,A,20210101,2021,52,2021,144,LKA,Sri Lanka,X,Export,0,W00,World,0,W00,World,H5,HS,TRUE,75,Nickel and articles thereof,2,FALSE,C00,TOTAL CPC,0,0,TOTAL MOT,-1,N/A,0,FALSE,-1,N/A,0,FALSE,0,FALSE,0,FALSE,0,2780.273,2780.273,0,FALSE,TRUE,HS_75
C,A,20210101,2021,52,2021,152,CHL,Chile,X,Export,0,W00,World,0,W00,World,H5,HS,TRUE,75,Nickel and articles thereof,2,FALSE,C00,TOTAL CPC,0,0,TOTAL MOT,-1,N/A,0,FALSE,-1,N/A,0,FALSE,0,FALSE,0,FALSE,0,301751.345,301751.345,0,FALSE,TRUE,HS_75
C,A,20210101,2021,52,2021,170,COL,Colombia,X,Export,0,W00,World,0,W00,World,H5,HS,TRUE,75,Nickel and articles thereof,2,FALSE,C00,TOTAL CPC,0,0,TOTAL MOT,-1,N/A,0,FALSE,-1,N/A,0,FALSE,0,FALSE,0,FALSE,0,173154.28,173154.28,0,FALSE,TRUE,HS_75
C,A,20210101,2021,52,2021,218,ECU,Ecuador,X,Export,0,W00,World,0,W00,World,H5,HS,TRUE,75,Nickel and articles thereof,2,FALSE,C00,TOTAL CPC,0,0,TOTAL MOT,-1,N/A,0,FALSE,-1,N/A,0,FALSE,0,TRUE,0,FALSE,0,5770.18,5770.18,4,FALSE,TRUE,HS_75
C,A,20210101,2021,52,2021,222,SLV,El Salvador,X,Export,0,W00,World,0,W00,World,H5,HS,TRUE,75,Nickel and articles thereof,2,FALSE,C00,TOTAL CPC,0,0,TOTAL MOT,-1,N/A,0,FALSE,-1,N/A,0,FALSE,0,FALSE,0,FALSE,0,1281.16,1281.16,0,FALSE,TRUE,HS_75
C,A,20210101,2021,52,2021,348,HUN,Hungary,X,Export,0,W00,World,0,W00,World,H5,HS,TRUE,75,Nickel and articles thereof,2,FALSE,C00,TOTAL CPC,0,0,TOTAL MOT,-1,N/A,0,FALSE,-1,N/A,0,FALSE,0,TRUE,0,FALSE,0,5642993,5642993,4,FALSE,TRUE,HS_75
C,A,20210101,2021,52,2021,360,IDN,Indonesia,X,Export,0,W00,World,0,W00,World,H5,HS,TRUE,75,Nickel and articles thereof,2,FALSE,C00,TOTAL CPC,0,0,TOTAL MOT,-1,N/A,0,FALSE,-1,N/A,0,FALSE,0,TRUE,0,FALSE,0,1284499463,1284499463,4,FALSE,TRUE,HS_75
C,A,20210101,2021,52,2021,384,CIV,Côte d'Ivoire,X,Export,0,W00,World,0,W00,World,H5,HS,TRUE,75,Nickel and articles thereof,2,FALSE,C00,TOTAL CPC,0,0,TOTAL MOT,-1,N/A,0,FALSE,-1,N/A,0,FALSE,0,FALSE,0,FALSE,,15.854,15.854,0,FALSE,TRUE,HS_75
C,A,20210101,2021,52,2021,398,KAZ,Kazakhstan,X,Export,0,W00,World,0,W00,World,H5,HS,TRUE,75,Nickel and articles thereof,2,FALSE,C00,TOTAL CPC,0,0,TOTAL MOT,-1,N/A,0,FALSE,-1,N/A,0,FALSE,0,FALSE,0,FALSE,,1154.33,1154.33,0,FALSE,TRUE,HS_75
C,A,20210101,2021,52,2021,484,MEX,Mexico,X,Export,0,W00,World,0,W00,World,H5,HS,TRUE,75,Nickel and articles thereof,2,FALSE,C00,TOTAL CPC,0,0,TOTAL MOT,-1,N/A,0,FALSE,-1,N/A,0,FALSE,0,TRUE,0,FALSE,,169909364,169909364,4,FALSE,TRUE,HS_75
C,A,20210101,2021,52,2021,504,MAR,Morocco,X,Export,0,W00,World,0,W00,World,H5,HS,TRUE,75,Nickel and articles thereof,2,FALSE,C00,TOTAL CPC,0,0,TOTAL MOT,-1,N/A,0,FALSE,-1,N/A,0,FALSE,0,FALSE,0,FALSE,0,2499376.042,2499376.042,0,FALSE,TRUE,HS_75
C,A,20210101,2021,52,2021,566,NGA,Nigeria,X,Export,0,W00,World,0,W00,World,H4,HS,TRUE,75,Nickel and articles thereof,2,FALSE,C00,TOTAL CPC,0,0,TOTAL MOT,-1,N/A,0,FALSE,-1,N/A,0,FALSE,0,FALSE,0,FALSE,0,10154.72,10154.72,0,FALSE,TRUE,HS_75
C,A,20210101,2021,52,2021,586,PAK,Pakistan,X,Export,0,W00,World,0,W00,World,H5,HS,TRUE,75,Nickel and articles thereof,2,FALSE,C00,TOTAL CPC,0,0,TOTAL MOT,-1,N/A,0,FALSE,-1,N/A,0,FALSE,0,FALSE,0,FALSE,0,2092.707,2092.707,0,FALSE,TRUE,HS_75
C,A,20210101,2021,52,2021,604,PER,Peru,X,Export,0,W00,World,0,W00,World,H5,HS,TRUE,75,Nickel and articles thereof,2,FALSE,C00,TOTAL CPC,0,0,TOTAL MOT,-1,N/A,0,FALSE,-1,N/A,0,FALSE,0,FALSE,0,FALSE,0,41128.63,41128.63,0,FALSE,TRUE,HS_75
C,A,20210101,2021,52,2021,608,PHL,Philippines,X,Export,0,W00,World,0,W00,World,H5,HS,TRUE,75,Nickel and articles thereof,2,FALSE,C00,TOTAL CPC,0,0,TOTAL MOT,-1,N/A,0,FALSE,-1,N/A,0,FALSE,0,TRUE,0,FALSE,,503657241,503657241,4,FALSE,TRUE,HS_75
C,A,20210101,2021,52,2021,616,POL,Poland,X,Export,0,W00,World,0,W00,World,H5,HS,TRUE,75,Nickel and articles thereof,2,FALSE,C00,TOTAL CPC,0,0,TOTAL MOT,-1,N/A,0,FALSE,-1,N/A,0,FALSE,0,TRUE,0,FALSE,0,33711087,33711087,4,FALSE,TRUE,HS_75
C,A,20210101,2021,52,2021,634,QAT,Qatar,X,Export,0,W00,World,0,W00,World,H5,HS,TRUE,75,Nickel and articles thereof,2,FALSE,C00,TOTAL CPC,0,0,TOTAL MOT,-1,N/A,0,FALSE,-1,N/A,0,FALSE,0,FALSE,0,FALSE,0,226988.241,226988.241,0,FALSE,TRUE,HS_75
C,A,20210101,2021,52,2021,642,ROU,Romania,X,Export,0,W00,World,0,W00,World,H5,HS,TRUE,75,Nickel and articles thereof,2,FALSE,C00,TOTAL CPC,0,0,TOTAL MOT,-1,N/A,0,FALSE,-1,N/A,0,FALSE,0,TRUE,0,FALSE,0,7909840.56,7909840.56,4,FALSE,TRUE,HS_75
C,A,20210101,2021,52,2021,682,SAU,Saudi Arabia,X,Export,0,W00,World,0,W00,World,H5,HS,TRUE,75,Nickel and articles thereof,2,FALSE,C00,TOTAL CPC,0,0,TOTAL MOT,-1,N/A,0,FALSE,-1,N/A,0,FALSE,0,TRUE,0,FALSE,,73207802.17,73207802.17,4,FALSE,TRUE,HS_75
C,A,20210101,2021,52,2021,686,SEN,Senegal,X,Export,0,W00,World,0,W00,World,H5,HS,TRUE,75,Nickel and articles thereof,2,FALSE,C00,TOTAL CPC,0,0,TOTAL MOT,-1,N/A,0,FALSE,-1,N/A,0,FALSE,0,FALSE,0,FALSE,0,41235.97,41235.97,0,FALSE,TRUE,HS_75
C,A,20210101,2021,52,2021,704,VNM,Viet Nam,X,Export,0,W00,World,0,W00,World,H5,HS,TRUE,75,Nickel and articles thereof,2,FALSE,C00,TOTAL CPC,0,0,TOTAL MOT,-1,N/A,0,FALSE,-1,N/A,0,FALSE,0,FALSE,0,FALSE,0,33924831.784,33924831.784,0,FALSE,TRUE,HS_75
C,A,20210101,2021,52,2021,710,ZAF,South Africa,X,Export,0,W00,World,0,W00,World,H5,HS,TRUE,75,Nickel and articles thereof,2,FALSE,C00,TOTAL CPC,0,0,TOTAL MOT,-1,N/A,0,FALSE,-1,N/A,0,FALSE,0,TRUE,0,FALSE,0,652791960.759,652791960.759,4,FALSE,TRUE,HS_75
C,A,20210101,2021,52,2021,784,ARE,United Arab Emirates,X,Export,0,W00,World,0,W00,World,H5,HS,TRUE,75,Nickel and articles thereof,2,FALSE,C00,TOTAL CPC,0,0,TOTAL MOT,-1,N/A,0,FALSE,-1,N/A,0,FALSE,0,TRUE,0,FALSE,0,1934786260.743,1934786260.743,4,FALSE,TRUE,HS_75
C,A,20210101,2021,52,2021,792,TUR,Türkiye,X,Export,0,W00,World,0,W00,World,H5,HS,TRUE,75,Nickel and articles thereof,2,FALSE,C00,TOTAL CPC,0,0,TOTAL MOT,-1,N/A,0,FALSE,-1,N/A,0,FALSE,0,FALSE,0,FALSE,,141410550,141410550,0,FALSE,TRUE,HS_75
C,A,20210101,2021,52,2021,818,EGY,Egypt,X,Export,0,W00,World,0,W00,World,H4,HS,TRUE,75,Nickel and articles thereof,2,FALSE,C00,TOTAL CPC,0,0,TOTAL MOT,-1,N/A,0,FALSE,-1,N/A,0,FALSE,,FALSE,0,FALSE,,3279813.092,3279813.092,0,FALSE,TRUE,HS_75
C,A,20210101,2021,52,2021,894,ZMB,Zambia,X,Export,0,W00,World,0,W00,World,H5,HS,TRUE,75,Nickel and articles thereof,2,FALSE,C00,TOTAL CPC,0,0,TOTAL MOT,-1,N/A,0,FALSE,-1,N/A,0,FALSE,0,FALSE,0,FALSE,,8086.295,8086.295,0,FALSE,TRUE,HS_75
C,A,20210101,2021,52,2021,76,BRA,Brazil,X,Export,0,W00,World,0,W00,World,H5,HS,TRUE,2603,Copper ores and concentrates,4,FALSE,C00,TOTAL CPC,0,0,TOTAL MOT,8,kg,1185472386,FALSE,8,kg,1185472386,FALSE,1185899114,FALSE,0,FALSE,,3369103791,3369103791,0,FALSE,TRUE,HS_2603
C,A,20210101,2021,52,2021,152,CHL,Chile,X,Export,0,W00,World,0,W00,World,H5,HS,TRUE,2603,Copper ores and concentrates,4,FALSE,C00,TOTAL CPC,0,0,TOTAL MOT,8,kg,3123498052.094,FALSE,8,kg,3123498052.094,FALSE,3123498052.094,FALSE,0,FALSE,0,29792560295.422,29792560295.422,0,FALSE,TRUE,HS_2603
C,A,20210101,2021,52,2021,170,COL,Colombia,X,Export,0,W00,World,0,W00,World,H5,HS,TRUE,2603,Copper ores and concentrates,4,FALSE,C00,TOTAL CPC,0,0,TOTAL MOT,8,kg,52557550,FALSE,8,kg,52557550,FALSE,52557550,FALSE,0,FALSE,0,91227986.87,91227986.87,0,FALSE,TRUE,HS_2603
C,A,20210101,2021,52,2021,218,ECU,Ecuador,X,Export,0,W00,World,0,W00,World,H5,HS,TRUE,2603,Copper ores and concentrates,4,FALSE,C00,TOTAL CPC,0,0,TOTAL MOT,8,kg,430514842,FALSE,8,kg,430514842,FALSE,430514842,FALSE,0,FALSE,0,920099602.04,920099602.04,0,FALSE,TRUE,HS_2603
C,A,20210101,2021,52,2021,360,IDN,Indonesia,X,Export,0,W00,World,0,W00,World,H5,HS,TRUE,2603,Copper ores and concentrates,4,FALSE,C00,TOTAL CPC,0,0,TOTAL MOT,8,kg,2235453900,FALSE,8,kg,2235453900,FALSE,2235453900,FALSE,0,FALSE,0,5386225817.71,5386225817.71,0,FALSE,TRUE,HS_2603
C,A,20210101,2021,52,2021,398,KAZ,Kazakhstan,X,Export,0,W00,World,0,W00,World,H5,HS,TRUE,2603,Copper ores and concentrates,4,FALSE,C00,TOTAL CPC,0,0,TOTAL MOT,8,kg,966125228.026,FALSE,8,kg,966125228.026,FALSE,966125228.026,FALSE,0,FALSE,,1606797295.76,1606797295.76,0,FALSE,TRUE,HS_2603
C,A,20210101,2021,52,2021,484,MEX,Mexico,X,Export,0,W00,World,0,W00,World,H5,HS,TRUE,2603,Copper ores and concentrates,4,FALSE,C00,TOTAL CPC,0,0,TOTAL MOT,8,kg,1551769274,FALSE,8,kg,1551769274,FALSE,1551769274,FALSE,0,FALSE,,3420948513,3420948513,0,FALSE,TRUE,HS_2603
C,A,20210101,2021,52,2021,504,MAR,Morocco,X,Export,0,W00,World,0,W00,World,H5,HS,TRUE,2603,Copper ores and concentrates,4,FALSE,C00,TOTAL CPC,0,0,TOTAL MOT,8,kg,129914750,FALSE,8,kg,129914750,FALSE,129914750,FALSE,0,FALSE,0,184509425.641,184509425.641,0,FALSE,TRUE,HS_2603
C,A,20210101,2021,52,2021,566,NGA,Nigeria,X,Export,0,W00,World,0,W00,World,H4,HS,TRUE,2603,Copper ores and concentrates,4,FALSE,C00,TOTAL CPC,0,0,TOTAL MOT,8,kg,479950,FALSE,8,kg,479950,FALSE,479950,FALSE,0,FALSE,0,2023388.185,2023388.185,0,FALSE,TRUE,HS_2603
C,A,20210101,2021,52,2021,586,PAK,Pakistan,X,Export,0,W00,World,0,W00,World,H5,HS,TRUE,2603,Copper ores and concentrates,4,FALSE,C00,TOTAL CPC,0,0,TOTAL MOT,8,kg,25496000,FALSE,21,1000 KG,25496,FALSE,25496000,FALSE,0,FALSE,0,11508580.643,11508580.643,0,FALSE,TRUE,HS_2603
C,A,20210101,2021,52,2021,591,PAN,Panama,X,Export,0,W00,World,0,W00,World,H5,HS,TRUE,2603,Copper ores and concentrates,4,FALSE,C00,TOTAL CPC,0,0,TOTAL MOT,8,kg,1300280000,FALSE,8,kg,1300280000,FALSE,1300280000,FALSE,1413960000,FALSE,0,2930783339,2930783339,0,FALSE,TRUE,HS_2603
C,A,20210101,2021,52,2021,604,PER,Peru,X,Export,0,W00,World,0,W00,World,H5,HS,TRUE,2603,Copper ores and concentrates,4,FALSE,C00,TOTAL CPC,0,0,TOTAL MOT,8,kg,6631174410.85,FALSE,8,kg,6631174410.85,FALSE,6631174410.85,FALSE,0,FALSE,0,15229585494,15229585494,0,FALSE,TRUE,HS_2603
C,A,20210101,2021,52,2021,608,PHL,Philippines,X,Export,0,W00,World,0,W00,World,H5,HS,TRUE,2603,Copper ores and concentrates,4,FALSE,C00,TOTAL CPC,0,0,TOTAL MOT,8,kg,88414728,FALSE,8,kg,88414728,FALSE,88414728,FALSE,94238239,FALSE,,299440295,299440295,0,FALSE,TRUE,HS_2603
C,A,20210101,2021,52,2021,616,POL,Poland,X,Export,0,W00,World,0,W00,World,H5,HS,TRUE,2603,Copper ores and concentrates,4,FALSE,C00,TOTAL CPC,0,0,TOTAL MOT,8,kg,550760,FALSE,8,kg,550760,FALSE,550760,FALSE,0,FALSE,0,188972,188972,0,FALSE,TRUE,HS_2603
C,A,20210101,2021,52,2021,634,QAT,Qatar,X,Export,0,W00,World,0,W00,World,H5,HS,TRUE,2603,Copper ores and concentrates,4,FALSE,C00,TOTAL CPC,0,0,TOTAL MOT,8,kg,49405,FALSE,8,kg,49405,FALSE,49405,FALSE,0,FALSE,0,25112.173,25112.173,0,FALSE,TRUE,HS_2603
C,A,20210101,2021,52,2021,642,ROU,Romania,X,Export,0,W00,World,0,W00,World,H5,HS,TRUE,2603,Copper ores and concentrates,4,FALSE,C00,TOTAL CPC,0,0,TOTAL MOT,8,kg,39931580,FALSE,8,kg,39931580,FALSE,39931580,FALSE,0,FALSE,0,71861855.17,71861855.17,0,FALSE,TRUE,HS_2603
C,A,20210101,2021,52,2021,682,SAU,Saudi Arabia,X,Export,0,W00,World,0,W00,World,H5,HS,TRUE,2603,Copper ores and concentrates,4,FALSE,C00,TOTAL CPC,0,0,TOTAL MOT,8,kg,317857230,FALSE,8,kg,317857230,FALSE,317857230,FALSE,0,FALSE,,673808056.221,673808056.221,0,FALSE,TRUE,HS_2603
C,A,20210101,2021,52,2021,710,ZAF,South Africa,X,Export,0,W00,World,0,W00,World,H5,HS,TRUE,2603,Copper ores and concentrates,4,FALSE,C00,TOTAL CPC,0,0,TOTAL MOT,8,kg,144438385.78,FALSE,8,kg,144438385.78,FALSE,144438385.78,FALSE,0,FALSE,0,256643217.083,256643217.083,0,FALSE,TRUE,HS_2603
C,A,20210101,2021,52,2021,784,ARE,United Arab Emirates,X,Export,0,W00,World,0,W00,World,H5,HS,TRUE,2603,Copper ores and concentrates,4,FALSE,C00,TOTAL CPC,0,0,TOTAL MOT,8,kg,7020248,FALSE,8,kg,7020248,FALSE,7020248,FALSE,0,FALSE,0,2923976.414,2923976.414,0,FALSE,TRUE,HS_2603
C,A,20210101,2021,52,2021,792,TUR,Türkiye,X,Export,0,W00,World,0,W00,World,H5,HS,TRUE,2603,Copper ores and concentrates,4,FALSE,C00,TOTAL CPC,0,0,TOTAL MOT,8,kg,313660356,FALSE,8,kg,313660356,FALSE,313660356,FALSE,0,FALSE,,454719258,454719258,0,FALSE,TRUE,HS_2603
C,A,20210101,2021,52,2021,894,ZMB,Zambia,X,Export,0,W00,World,0,W00,World,H5,HS,TRUE,2603,Copper ores and concentrates,4,FALSE,C00,TOTAL CPC,0,0,TOTAL MOT,8,kg,23958808.4,FALSE,40,GT,24131.487,FALSE,23958808.4,FALSE,0,FALSE,,40837010.547,40837010.547,0,FALSE,TRUE,HS_2603
C,A,20210101,2021,52,2021,24,AGO,Angola,X,Export,0,W00,World,0,W00,World,H5,HS,TRUE,72,Iron and steel,2,FALSE,C00,TOTAL CPC,0,0,TOTAL MOT,-1,N/A,0,FALSE,-1,N/A,0,FALSE,0,TRUE,0,FALSE,,20512769.945,20512769.945,4,FALSE,TRUE,HS_72
C,A,20210101,2021,52,2021,32,ARG,Argentina,X,Export,0,W00,World,0,W00,World,H5,HS,TRUE,72,Iron and steel,2,FALSE,C00,TOTAL CPC,0,0,TOTAL MOT,-1,N/A,0,FALSE,-1,N/A,0,FALSE,0,FALSE,0,FALSE,0,362460188.11,362460188.11,0,FALSE,TRUE,HS_72
C,A,20210101,2021,52,2021,48,BHR,Bahrain,X,Export,0,W00,World,0,W00,World,H5,HS,TRUE,72,Iron and steel,2,FALSE,C00,TOTAL CPC,0,0,TOTAL MOT,-1,N/A,0,FALSE,-1,N/A,0,FALSE,0,FALSE,0,FALSE,,975120590.36,975120590.36,0,FALSE,TRUE,HS_72
C,A,20210101,2021,52,2021,76,BRA,Brazil,X,Export,0,W00,World,0,W00,World,H5,HS,TRUE,72,Iron and steel,2,FALSE,C00,TOTAL CPC,0,0,TOTAL MOT,-1,N/A,0,FALSE,-1,N/A,0,FALSE,0,TRUE,0,FALSE,,14263074996,14263074996,4,FALSE,TRUE,HS_72
C,A,20210101,2021,52,2021,144,LKA,Sri Lanka,X,Export,0,W00,World,0,W00,World,H5,HS,TRUE,72,Iron and steel,2,FALSE,C00,TOTAL CPC,0,0,TOTAL MOT,-1,N/A,0,FALSE,-1,N/A,0,FALSE,0,FALSE,0,FALSE,0,8848519.978,8848519.978,0,FALSE,TRUE,HS_72
C,A,20210101,2021,52,2021,152,CHL,Chile,X,Export,0,W00,World,0,W00,World,H5,HS,TRUE,72,Iron and steel,2,FALSE,C00,TOTAL CPC,0,0,TOTAL MOT,-1,N/A,0,FALSE,-1,N/A,0,FALSE,0,TRUE,0,FALSE,0,655641390.733,655641390.733,4,FALSE,TRUE,HS_72
C,A,20210101,2021,52,2021,170,COL,Colombia,X,Export,0,W00,World,0,W00,World,H5,HS,TRUE,72,Iron and steel,2,FALSE,C00,TOTAL CPC,0,0,TOTAL MOT,-1,N/A,0,FALSE,-1,N/A,0,FALSE,0,FALSE,0,FALSE,0,597770424.38,597770424.38,0,FALSE,TRUE,HS_72
C,A,20210101,2021,52,2021,218,ECU,Ecuador,X,Export,0,W00,World,0,W00,World,H5,HS,TRUE,72,Iron and steel,2,FALSE,C00,TOTAL CPC,0,0,TOTAL MOT,-1,N/A,0,FALSE,-1,N/A,0,FALSE,0,FALSE,0,FALSE,0,28090803.857,28090803.857,0,FALSE,TRUE,HS_72
C,A,20210101,2021,52,2021,222,SLV,El Salvador,X,Export,0,W00,World,0,W00,World,H5,HS,TRUE,72,Iron and steel,2,FALSE,C00,TOTAL CPC,0,0,TOTAL MOT,-1,N/A,0,FALSE,-1,N/A,0,FALSE,0,FALSE,0,FALSE,0,174200787.93,174200787.93,0,FALSE,TRUE,HS_72
C,A,20210101,2021,52,2021,348,HUN,Hungary,X,Export,0,W00,World,0,W00,World,H5,HS,TRUE,72,Iron and steel,2,FALSE,C00,TOTAL CPC,0,0,TOTAL MOT,-1,N/A,0,FALSE,-1,N/A,0,FALSE,0,TRUE,0,FALSE,0,2126566919,2126566919,4,FALSE,TRUE,HS_72
C,A,20210101,2021,52,2021,360,IDN,Indonesia,X,Export,0,W00,World,0,W00,World,H5,HS,TRUE,72,Iron and steel,2,FALSE,C00,TOTAL CPC,0,0,TOTAL MOT,-1,N/A,0,FALSE,-1,N/A,0,FALSE,0,TRUE,0,FALSE,0,20949788593.77,20949788593.77,4,FALSE,TRUE,HS_72
C,A,20210101,2021,52,2021,384,CIV,Côte d'Ivoire,X,Export,0,W00,World,0,W00,World,H5,HS,TRUE,72,Iron and steel,2,FALSE,C00,TOTAL CPC,0,0,TOTAL MOT,-1,N/A,0,FALSE,-1,N/A,0,FALSE,0,FALSE,0,FALSE,,11671064.384,11671064.384,0,FALSE,TRUE,HS_72
C,A,20210101,2021,52,2021,398,KAZ,Kazakhstan,X,Export,0,W00,World,0,W00,World,H5,HS,TRUE,72,Iron and steel,2,FALSE,C00,TOTAL CPC,0,0,TOTAL MOT,-1,N/A,0,FALSE,-1,N/A,0,FALSE,,FALSE,0,FALSE,,4061182650.03,4061182650.03,0,FALSE,TRUE,HS_72
C,A,20210101,2021,52,2021,484,MEX,Mexico,X,Export,0,W00,World,0,W00,World,H5,HS,TRUE,72,Iron and steel,2,FALSE,C00,TOTAL CPC,0,0,TOTAL MOT,-1,N/A,0,FALSE,-1,N/A,0,FALSE,0,TRUE,0,FALSE,,6115604232,6115604232,4,FALSE,TRUE,HS_72
C,A,20210101,2021,52,2021,504,MAR,Morocco,X,Export,0,W00,World,0,W00,World,H5,HS,TRUE,72,Iron and steel,2,FALSE,C00,TOTAL CPC,0,0,TOTAL MOT,-1,N/A,0,FALSE,-1,N/A,0,FALSE,0,FALSE,0,FALSE,0,172094835.565,172094835.565,0,FALSE,TRUE,HS_72
C,A,20210101,2021,52,2021,566,NGA,Nigeria,X,Export,0,W00,World,0,W00,World,H4,HS,TRUE,72,Iron and steel,2,FALSE,C00,TOTAL CPC,0,0,TOTAL MOT,-1,N/A,0,FALSE,-1,N/A,0,FALSE,0,TRUE,0,FALSE,0,12494793.27,12494793.27,4,FALSE,TRUE,HS_72
C,A,20210101,2021,52,2021,586,PAK,Pakistan,X,Export,0,W00,World,0,W00,World,H5,HS,TRUE,72,Iron and steel,2,FALSE,C00,TOTAL CPC,0,0,TOTAL MOT,-1,N/A,0,FALSE,-1,N/A,0,FALSE,0,FALSE,0,FALSE,0,103450625.309,103450625.309,0,FALSE,TRUE,HS_72
C,A,20210101,2021,52,2021,591,PAN,Panama,X,Export,0,W00,World,0,W00,World,H5,HS,TRUE,72,Iron and steel,2,FALSE,C00,TOTAL CPC,0,0,TOTAL MOT,-1,N/A,0,FALSE,-1,N/A,0,FALSE,0,TRUE,0,FALSE,0,53855178,53855178,4,FALSE,TRUE,HS_72
C,A,20210101,2021,52,2021,604,PER,Peru,X,Export,0,W00,World,0,W00,World,H5,HS,TRUE,72,Iron and steel,2,FALSE,C00,TOTAL CPC,0,0,TOTAL MOT,-1,N/A,0,FALSE,-1,N/A,0,FALSE,0,TRUE,0,FALSE,0,209235253.89,209235253.89,4,FALSE,TRUE,HS_72
C,A,20210101,2021,52,2021,608,PHL,Philippines,X,Export,0,W00,World,0,W00,World,H5,HS,TRUE,72,Iron and steel,2,FALSE,C00,TOTAL CPC,0,0,TOTAL MOT,-1,N/A,0,FALSE,-1,N/A,0,FALSE,0,TRUE,0,FALSE,,188975382,188975382,4,FALSE,TRUE,HS_72
C,A,20210101,2021,52,2021,616,POL,Poland,X,Export,0,W00,World,0,W00,World,H5,HS,TRUE,72,Iron and steel,2,FALSE,C00,TOTAL CPC,0,0,TOTAL MOT,-1,N/A,0,FALSE,-1,N/A,0,FALSE,0,TRUE,0,FALSE,0,7393022365,7393022365,4,FALSE,TRUE,HS_72
C,A,20210101,2021,52,2021,634,QAT,Qatar,X,Export,0,W00,World,0,W00,World,H5,HS,TRUE,72,Iron and steel,2,FALSE,C00,TOTAL CPC,0,0,TOTAL MOT,-1,N/A,0,FALSE,-1,N/A,0,FALSE,0,FALSE,0,FALSE,0,184458131.322,184458131.322,0,FALSE,TRUE,HS_72
C,A,20210101,2021,52,2021,642,ROU,Romania,X,Export,0,W00,World,0,W00,World,H5,HS,TRUE,72,Iron and steel,2,FALSE,C00,TOTAL CPC,0,0,TOTAL MOT,-1,N/A,0,FALSE,-1,N/A,0,FALSE,0,TRUE,0,FALSE,0,3876921794.89,3876921794.89,4,FALSE,TRUE,HS_72
C,A,20210101,2021,52,2021,682,SAU,Saudi Arabia,X,Export,0,W00,World,0,W00,World,H5,HS,TRUE,72,Iron and steel,2,FALSE,C00,TOTAL CPC,0,0,TOTAL MOT,-1,N/A,0,FALSE,-1,N/A,0,FALSE,0,TRUE,0,FALSE,,1294595298.568,1294595298.568,4,FALSE,TRUE,HS_72
C,A,20210101,2021,52,2021,686,SEN,Senegal,X,Export,0,W00,World,0,W00,World,H5,HS,TRUE,72,Iron and steel,2,FALSE,C00,TOTAL CPC,0,0,TOTAL MOT,-1,N/A,0,FALSE,-1,N/A,0,FALSE,0,FALSE,0,FALSE,0,148161738.703,148161738.703,0,FALSE,TRUE,HS_72
C,A,20210101,2021,52,2021,704,VNM,Viet Nam,X,Export,0,W00,World,0,W00,World,H5,HS,TRUE,72,Iron and steel,2,FALSE,C00,TOTAL CPC,0,0,TOTAL MOT,-1,N/A,0,FALSE,-1,N/A,0,FALSE,0,TRUE,0,FALSE,0,11935412188.576,11935412188.576,4,FALSE,TRUE,HS_72
C,A,20210101,2021,52,2021,710,ZAF,South Africa,X,Export,0,W00,World,0,W00,World,H5,HS,TRUE,72,Iron and steel,2,FALSE,C00,TOTAL CPC,0,0,TOTAL MOT,-1,N/A,0,FALSE,-1,N/A,0,FALSE,0,FALSE,0,FALSE,0,6256880854.587,6256880854.587,0,FALSE,TRUE,HS_72
C,A,20210101,2021,52,2021,784,ARE,United Arab Emirates,X,Export,0,W00,World,0,W00,World,H5,HS,TRUE,72,Iron and steel,2,FALSE,C00,TOTAL CPC,0,0,TOTAL MOT,-1,N/A,0,FALSE,-1,N/A,0,FALSE,0,TRUE,0,FALSE,0,4193712680.072,4193712680.072,4,FALSE,TRUE,HS_72
C,A,20210101,2021,52,2021,792,TUR,Türkiye,X,Export,0,W00,World,0,W00,World,H5,HS,TRUE,72,Iron and steel,2,FALSE,C00,TOTAL CPC,0,0,TOTAL MOT,-1,N/A,0,FALSE,-1,N/A,0,FALSE,0,TRUE,0,FALSE,,17062504079,17062504079,4,FALSE,TRUE,HS_72
C,A,20210101,2021,52,2021,818,EGY,Egypt,X,Export,0,W00,World,0,W00,World,H4,HS,TRUE,72,Iron and steel,2,FALSE,C00,TOTAL CPC,0,0,TOTAL MOT,-1,N/A,0,FALSE,-1,N/A,0,FALSE,0,TRUE,0,FALSE,,1782182940.182,1782182940.182,4,FALSE,TRUE,HS_72
C,A,20210101,2021,52,2021,858,URY,Uruguay,X,Export,0,W00,World,0,W00,World,H5,HS,TRUE,72,Iron and steel,2,FALSE,C00,TOTAL CPC,0,0,TOTAL MOT,-1,N/A,0,FALSE,-1,N/A,0,FALSE,0,FALSE,0,FALSE,,3997331,3997331,0,FALSE,TRUE,HS_72
C,A,20210101,2021,52,2021,894,ZMB,Zambia,X,Export,0,W00,World,0,W00,World,H5,HS,TRUE,72,Iron and steel,2,FALSE,C00,TOTAL CPC,0,0,TOTAL MOT,-1,N/A,0,FALSE,-1,N/A,0,FALSE,,FALSE,0,FALSE,,230564566.883,230564566.883,0,FALSE,TRUE,HS_72
C,A,20210101,2021,52,2021,24,AGO,Angola,X,Export,0,W00,World,0,W00,World,H5,HS,TRUE,73,Iron or steel articles,2,FALSE,C00,TOTAL CPC,0,0,TOTAL MOT,-1,N/A,0,FALSE,-1,N/A,0,FALSE,0,TRUE,0,FALSE,,23234088.08,23234088.08,4,FALSE,TRUE,HS_73
C,A,20210101,2021,52,2021,32,ARG,Argentina,X,Export,0,W00,World,0,W00,World,H5,HS,TRUE,73,Iron or steel articles,2,FALSE,C00,TOTAL CPC,0,0,TOTAL MOT,-1,N/A,0,FALSE,-1,N/A,0,FALSE,0,TRUE,0,FALSE,0,498065802.91,498065802.91,4,FALSE,TRUE,HS_73
C,A,20210101,2021,52,2021,48,BHR,Bahrain,X,Export,0,W00,World,0,W00,World,H5,HS,TRUE,73,Iron or steel articles,2,FALSE,C00,TOTAL CPC,0,0,TOTAL MOT,-1,N/A,0,FALSE,-1,N/A,0,FALSE,0,TRUE,0,FALSE,,286715343.969,286715343.969,4,FALSE,TRUE,HS_73
C,A,20210101,2021,52,2021,76,BRA,Brazil,X,Export,0,W00,World,0,W00,World,H5,HS,TRUE,73,Iron or steel articles,2,FALSE,C00,TOTAL CPC,0,0,TOTAL MOT,-1,N/A,0,FALSE,-1,N/A,0,FALSE,0,TRUE,0,FALSE,,1260618954,1260618954,4,FALSE,TRUE,HS_73
C,A,20210101,2021,52,2021,144,LKA,Sri Lanka,X,Export,0,W00,World,0,W00,World,H5,HS,TRUE,73,Iron or steel articles,2,FALSE,C00,TOTAL CPC,0,0,TOTAL MOT,-1,N/A,0,FALSE,-1,N/A,0,FALSE,0,TRUE,0,FALSE,0,71874221.26,71874221.26,4,FALSE,TRUE,HS_73
C,A,20210101,2021,52,2021,152,CHL,Chile,X,Export,0,W00,World,0,W00,World,H5,HS,TRUE,73,Iron or steel articles,2,FALSE,C00,TOTAL CPC,0,0,TOTAL MOT,-1,N/A,0,FALSE,-1,N/A,0,FALSE,0,TRUE,0,FALSE,0,245195843.189,245195843.189,4,FALSE,TRUE,HS_73
C,A,20210101,2021,52,2021,170,COL,Colombia,X,Export,0,W00,World,0,W00,World,H5,HS,TRUE,73,Iron or steel articles,2,FALSE,C00,TOTAL CPC,0,0,TOTAL MOT,-1,N/A,0,FALSE,-1,N/A,0,FALSE,0,FALSE,0,FALSE,0,226187339.23,226187339.23,0,FALSE,TRUE,HS_73
C,A,20210101,2021,52,2021,218,ECU,Ecuador,X,Export,0,W00,World,0,W00,World,H5,HS,TRUE,73,Iron or steel articles,2,FALSE,C00,TOTAL CPC,0,0,TOTAL MOT,-1,N/A,0,FALSE,-1,N/A,0,FALSE,0,TRUE,0,FALSE,0,217523679.574,217523679.574,4,FALSE,TRUE,HS_73
C,A,20210101,2021,52,2021,222,SLV,El Salvador,X,Export,0,W00,World,0,W00,World,H5,HS,TRUE,73,Iron or steel articles,2,FALSE,C00,TOTAL CPC,0,0,TOTAL MOT,-1,N/A,0,FALSE,-1,N/A,0,FALSE,0,TRUE,0,FALSE,0,75641139.21,75641139.21,4,FALSE,TRUE,HS_73
C,A,20210101,2021,52,2021,348,HUN,Hungary,X,Export,0,W00,World,0,W00,World,H5,HS,TRUE,73,Iron or steel articles,2,FALSE,C00,TOTAL CPC,0,0,TOTAL MOT,-1,N/A,0,FALSE,-1,N/A,0,FALSE,0,TRUE,0,FALSE,0,1991702443,1991702443,4,FALSE,TRUE,HS_73
C,A,20210101,2021,52,2021,360,IDN,Indonesia,X,Export,0,W00,World,0,W00,World,H5,HS,TRUE,73,Iron or steel articles,2,FALSE,C00,TOTAL CPC,0,0,TOTAL MOT,-1,N/A,0,FALSE,-1,N/A,0,FALSE,0,TRUE,0,FALSE,0,1602843141.677,1602843141.677,4,FALSE,TRUE,HS_73
C,A,20210101,2021,52,2021,384,CIV,Côte d'Ivoire,X,Export,0,W00,World,0,W00,World,H5,HS,TRUE,73,Iron or steel articles,2,FALSE,C00,TOTAL CPC,0,0,TOTAL MOT,-1,N/A,0,FALSE,-1,N/A,0,FALSE,,FALSE,0,FALSE,,21069502.096,21069502.096,0,FALSE,TRUE,HS_73
C,A,20210101,2021,52,2021,398,KAZ,Kazakhstan,X,Export,0,W00,World,0,W00,World,H5,HS,TRUE,73,Iron or steel articles,2,FALSE,C00,TOTAL CPC,0,0,TOTAL MOT,-1,N/A,0,FALSE,-1,N/A,0,FALSE,0,TRUE,0,FALSE,,155742115.855,155742115.855,4,FALSE,TRUE,HS_73
C,A,20210101,2021,52,2021,484,MEX,Mexico,X,Export,0,W00,World,0,W00,World,H5,HS,TRUE,73,Iron or steel articles,2,FALSE,C00,TOTAL CPC,0,0,TOTAL MOT,-1,N/A,0,FALSE,-1,N/A,0,FALSE,0,TRUE,0,FALSE,,8101296404,8101296404,4,FALSE,TRUE,HS_73
C,A,20210101,2021,52,2021,504,MAR,Morocco,X,Export,0,W00,World,0,W00,World,H5,HS,TRUE,73,Iron or steel articles,2,FALSE,C00,TOTAL CPC,0,0,TOTAL MOT,-1,N/A,0,FALSE,-1,N/A,0,FALSE,0,FALSE,0,FALSE,0,254282502.058,254282502.058,0,FALSE,TRUE,HS_73
C,A,20210101,2021,52,2021,566,NGA,Nigeria,X,Export,0,W00,World,0,W00,World,H4,HS,TRUE,73,Iron or steel articles,2,FALSE,C00,TOTAL CPC,0,0,TOTAL MOT,-1,N/A,0,FALSE,-1,N/A,0,FALSE,0,TRUE,0,FALSE,0,965315.966,965315.966,4,FALSE,TRUE,HS_73
C,A,20210101,2021,52,2021,586,PAK,Pakistan,X,Export,0,W00,World,0,W00,World,H5,HS,TRUE,73,Iron or steel articles,2,FALSE,C00,TOTAL CPC,0,0,TOTAL MOT,-1,N/A,0,FALSE,-1,N/A,0,FALSE,0,TRUE,0,FALSE,0,87723392.352,87723392.352,4,FALSE,TRUE,HS_73
C,A,20210101,2021,52,2021,591,PAN,Panama,X,Export,0,W00,World,0,W00,World,H5,HS,TRUE,73,Iron or steel articles,2,FALSE,C00,TOTAL CPC,0,0,TOTAL MOT,-1,N/A,0,FALSE,-1,N/A,0,FALSE,0,FALSE,0,FALSE,0,3418643,3418643,0,FALSE,TRUE,HS_73
C,A,20210101,2021,52,2021,604,PER,Peru,X,Export,0,W00,World,0,W00,World,H5,HS,TRUE,73,Iron or steel articles,2,FALSE,C00,TOTAL CPC,0,0,TOTAL MOT,-1,N/A,0,FALSE,-1,N/A,0,FALSE,0,TRUE,0,FALSE,0,164233733.798,164233733.798,4,FALSE,TRUE,HS_73
C,A,20210101,2021,52,2021,608,PHL,Philippines,X,Export,0,W00,World,0,W00,World,H5,HS,TRUE,73,Iron or steel articles,2,FALSE,C00,TOTAL CPC,0,0,TOTAL MOT,-1,N/A,0,FALSE,-1,N/A,0,FALSE,,FALSE,0,FALSE,,375901014,375901014,0,FALSE,TRUE,HS_73
C,A,20210101,2021,52,2021,616,POL,Poland,X,Export,0,W00,World,0,W00,World,H5,HS,TRUE,73,Iron or steel articles,2,FALSE,C00,TOTAL CPC,0,0,TOTAL MOT,-1,N/A,0,FALSE,-1,N/A,0,FALSE,0,TRUE,0,FALSE,0,10781598074,10781598074,4,FALSE,TRUE,HS_73
C,A,20210101,2021,52,2021,634,QAT,Qatar,X,Export,0,W00,World,0,W00,World,H5,HS,TRUE,73,Iron or steel articles,2,FALSE,C00,TOTAL CPC,0,0,TOTAL MOT,-1,N/A,0,FALSE,-1,N/A,0,FALSE,0,FALSE,0,FALSE,0,189417075.481,189417075.481,0,FALSE,TRUE,HS_73
C,A,20210101,2021,52,2021,642,ROU,Romania,X,Export,0,W00,World,0,W00,World,H5,HS,TRUE,73,Iron or steel articles,2,FALSE,C00,TOTAL CPC,0,0,TOTAL MOT,-1,N/A,0,FALSE,-1,N/A,0,FALSE,0,TRUE,0,FALSE,0,2746546379.38,2746546379.38,4,FALSE,TRUE,HS_73
C,A,20210101,2021,52,2021,682,SAU,Saudi Arabia,X,Export,0,W00,World,0,W00,World,H5,HS,TRUE,73,Iron or steel articles,2,FALSE,C00,TOTAL CPC,0,0,TOTAL MOT,-1,N/A,0,FALSE,-1,N/A,0,FALSE,,FALSE,0,FALSE,,718742714.831,718742714.831,0,FALSE,TRUE,HS_73
C,A,20210101,2021,52,2021,686,SEN,Senegal,X,Export,0,W00,World,0,W00,World,H5,HS,TRUE,73,Iron or steel articles,2,FALSE,C00,TOTAL CPC,0,0,TOTAL MOT,-1,N/A,0,FALSE,-1,N/A,0,FALSE,0,FALSE,0,FALSE,0,18534942.066,18534942.066,0,FALSE,TRUE,HS_73
C,A,20210101,2021,52,2021,704,VNM,Viet Nam,X,Export,0,W00,World,0,W00,World,H5,HS,TRUE,73,Iron or steel articles,2,FALSE,C00,TOTAL CPC,0,0,TOTAL MOT,-1,N/A,0,FALSE,-1,N/A,0,FALSE,0,TRUE,0,FALSE,0,3952844215.914,3952844215.914,4,FALSE,TRUE,HS_73
C,A,20210101,2021,52,2021,710,ZAF,South Africa,X,Export,0,W00,World,0,W00,World,H5,HS,TRUE,73,Iron or steel articles,2,FALSE,C00,TOTAL CPC,0,0,TOTAL MOT,-1,N/A,0,FALSE,-1,N/A,0,FALSE,0,TRUE,0,FALSE,0,1209686734.579,1209686734.579,4,FALSE,TRUE,HS_73
C,A,20210101,2021,52,2021,784,ARE,United Arab Emirates,X,Export,0,W00,World,0,W00,World,H5,HS,TRUE,73,Iron or steel articles,2,FALSE,C00,TOTAL CPC,0,0,TOTAL MOT,-1,N/A,0,FALSE,-1,N/A,0,FALSE,0,TRUE,0,FALSE,0,3768412811.421,3768412811.421,4,FALSE,TRUE,HS_73
C,A,20210101,2021,52,2021,792,TUR,Türkiye,X,Export,0,W00,World,0,W00,World,H5,HS,TRUE,73,Iron or steel articles,2,FALSE,C00,TOTAL CPC,0,0,TOTAL MOT,-1,N/A,0,FALSE,-1,N/A,0,FALSE,0,TRUE,0,FALSE,,8801101050,8801101050,4,FALSE,TRUE,HS_73
C,A,20210101,2021,52,2021,818,EGY,Egypt,X,Export,0,W00,World,0,W00,World,H4,HS,TRUE,73,Iron or steel articles,2,FALSE,C00,TOTAL CPC,0,0,TOTAL MOT,-1,N/A,0,FALSE,-1,N/A,0,FALSE,0,TRUE,0,FALSE,,551060063.756,551060063.756,4,FALSE,TRUE,HS_73
C,A,20210101,2021,52,2021,858,URY,Uruguay,X,Export,0,W00,World,0,W00,World,H5,HS,TRUE,73,Iron or steel articles,2,FALSE,C00,TOTAL CPC,0,0,TOTAL MOT,-1,N/A,0,FALSE,-1,N/A,0,FALSE,0,FALSE,0,FALSE,,49215766,49215766,0,FALSE,TRUE,HS_73
C,A,20210101,2021,52,2021,894,ZMB,Zambia,X,Export,0,W00,World,0,W00,World,H5,HS,TRUE,73,Iron or steel articles,2,FALSE,C00,TOTAL CPC,0,0,TOTAL MOT,-1,N/A,0,FALSE,-1,N/A,0,FALSE,0,TRUE,0,FALSE,,47643530.682,47643530.682,4,FALSE,TRUE,HS_73
C,A,20210101,2021,52,2021,24,AGO,Angola,X,Export,0,W00,World,0,W00,World,H5,HS,TRUE,2601,Iron ores and concentrates; including roasted iron pyrites,4,FALSE,C00,TOTAL CPC,0,0,TOTAL MOT,-1,N/A,0,FALSE,-1,N/A,0,FALSE,,FALSE,0,FALSE,,9466679.576,9466679.576,0,FALSE,TRUE,HS_2601
C,A,20210101,2021,52,2021,48,BHR,Bahrain,X,Export,0,W00,World,0,W00,World,H5,HS,TRUE,2601,Iron ores and concentrates; including roasted iron pyrites,4,FALSE,C00,TOTAL CPC,0,0,TOTAL MOT,8,kg,10295684788.5,FALSE,8,kg,10295684788.5,FALSE,10295684788.5,FALSE,0,FALSE,,2358723717.883,2358723717.883,0,FALSE,TRUE,HS_2601
C,A,20210101,2021,52,2021,76,BRA,Brazil,X,Export,0,W00,World,0,W00,World,H5,HS,TRUE,2601,Iron ores and concentrates; including roasted iron pyrites,4,FALSE,C00,TOTAL CPC,0,0,TOTAL MOT,8,kg,357313518221.23,TRUE,-1,N/A,0,FALSE,357313508191.23,TRUE,0,FALSE,,44660652234,44660652234,6,FALSE,TRUE,HS_2601
C,A,20210101,2021,52,2021,152,CHL,Chile,X,Export,0,W00,World,0,W00,World,H5,HS,TRUE,2601,Iron ores and concentrates; including roasted iron pyrites,4,FALSE,C00,TOTAL CPC,0,0,TOTAL MOT,8,kg,16369900066,FALSE,8,kg,16369900066,FALSE,16369900066,FALSE,0,FALSE,0,2521401531,2521401531,0,FALSE,TRUE,HS_2601
C,A,20210101,2021,52,2021,360,IDN,Indonesia,X,Export,0,W00,World,0,W00,World,H5,HS,TRUE,2601,Iron ores and concentrates; including roasted iron pyrites,4,FALSE,C00,TOTAL CPC,0,0,TOTAL MOT,8,kg,2139148300,FALSE,8,kg,2139148300,FALSE,2139148300,FALSE,0,FALSE,0,86698531.01,86698531.01,0,FALSE,TRUE,HS_2601
C,A,20210101,2021,52,2021,398,KAZ,Kazakhstan,X,Export,0,W00,World,0,W00,World,H5,HS,TRUE,2601,Iron ores and concentrates; including roasted iron pyrites,4,FALSE,C00,TOTAL CPC,0,0,TOTAL MOT,8,kg,13948384392,FALSE,8,kg,13948384392,FALSE,13948384392,FALSE,0,FALSE,,1581773133.26,1581773133.26,0,FALSE,TRUE,HS_2601
C,A,20210101,2021,52,2021,484,MEX,Mexico,X,Export,0,W00,World,0,W00,World,H5,HS,TRUE,2601,Iron ores and concentrates; including roasted iron pyrites,4,FALSE,C00,TOTAL CPC,0,0,TOTAL MOT,-1,N/A,0,FALSE,-1,N/A,0,FALSE,0,FALSE,0,FALSE,,40107078,40107078,0,FALSE,TRUE,HS_2601
C,A,20210101,2021,52,2021,504,MAR,Morocco,X,Export,0,W00,World,0,W00,World,H5,HS,TRUE,2601,Iron ores and concentrates; including roasted iron pyrites,4,FALSE,C00,TOTAL CPC,0,0,TOTAL MOT,8,kg,19309420,FALSE,8,kg,19309420,FALSE,19309420,FALSE,0,FALSE,0,578877.674,578877.674,0,FALSE,TRUE,HS_2601
C,A,20210101,2021,52,2021,566,NGA,Nigeria,X,Export,0,W00,World,0,W00,World,H4,HS,TRUE,2601,Iron ores and concentrates; including roasted iron pyrites,4,FALSE,C00,TOTAL CPC,0,0,TOTAL MOT,8,kg,2400000,FALSE,8,kg,2400000,FALSE,2400000,FALSE,0,FALSE,0,98051.314,98051.314,0,FALSE,TRUE,HS_2601
C,A,20210101,2021,52,2021,586,PAK,Pakistan,X,Export,0,W00,World,0,W00,World,H5,HS,TRUE,2601,Iron ores and concentrates; including roasted iron pyrites,4,FALSE,C00,TOTAL CPC,0,0,TOTAL MOT,8,kg,442138000,FALSE,21,1000 KG,442138,FALSE,442138000,FALSE,0,FALSE,0,34823751.929,34823751.929,0,FALSE,TRUE,HS_2601
C,A,20210101,2021,52,2021,604,PER,Peru,X,Export,0,W00,World,0,W00,World,H5,HS,TRUE,2601,Iron ores and concentrates; including roasted iron pyrites,4,FALSE,C00,TOTAL CPC,0,0,TOTAL MOT,8,kg,12588396845.5,FALSE,8,kg,12588396845.5,FALSE,12588396845.5,FALSE,0,FALSE,0,1773621209.44,1773621209.44,0,FALSE,TRUE,HS_2601
C,A,20210101,2021,52,2021,608,PHL,Philippines,X,Export,0,W00,World,0,W00,World,H5,HS,TRUE,2601,Iron ores and concentrates; including roasted iron pyrites,4,FALSE,C00,TOTAL CPC,0,0,TOTAL MOT,8,kg,6874334000,FALSE,8,kg,6874334000,FALSE,6874334000,FALSE,6874334000,FALSE,,210829552,210829552,0,FALSE,TRUE,HS_2601
C,A,20210101,2021,52,2021,616,POL,Poland,X,Export,0,W00,World,0,W00,World,H5,HS,TRUE,2601,Iron ores and concentrates; including roasted iron pyrites,4,FALSE,C00,TOTAL CPC,0,0,TOTAL MOT,8,kg,22000,FALSE,8,kg,22000,FALSE,22000,FALSE,0,FALSE,0,1070,1070,0,FALSE,TRUE,HS_2601
C,A,20210101,2021,52,2021,642,ROU,Romania,X,Export,0,W00,World,0,W00,World,H5,HS,TRUE,2601,Iron ores and concentrates; including roasted iron pyrites,4,FALSE,C00,TOTAL CPC,0,0,TOTAL MOT,8,kg,279,FALSE,8,kg,279,FALSE,279,FALSE,0,FALSE,0,33.94,33.94,0,FALSE,TRUE,HS_2601
C,A,20210101,2021,52,2021,682,SAU,Saudi Arabia,X,Export,0,W00,World,0,W00,World,H5,HS,TRUE,2601,Iron ores and concentrates; including roasted iron pyrites,4,FALSE,C00,TOTAL CPC,0,0,TOTAL MOT,8,kg,14998830,FALSE,8,kg,14998830,FALSE,14998830,FALSE,0,FALSE,,423959.989,423959.989,0,FALSE,TRUE,HS_2601
C,A,20210101,2021,52,2021,686,SEN,Senegal,X,Export,0,W00,World,0,W00,World,H5,HS,TRUE,2601,Iron ores and concentrates; including roasted iron pyrites,4,FALSE,C00,TOTAL CPC,0,0,TOTAL MOT,8,kg,500,FALSE,8,kg,500,FALSE,500,FALSE,0,FALSE,0,901.66,901.66,0,FALSE,TRUE,HS_2601
C,A,20210101,2021,52,2021,704,VNM,Viet Nam,X,Export,0,W00,World,0,W00,World,H5,HS,TRUE,2601,Iron ores and concentrates; including roasted iron pyrites,4,FALSE,C00,TOTAL CPC,0,0,TOTAL MOT,8,kg,7596226.57,TRUE,-1,N/A,0,FALSE,7596226.57,TRUE,0,FALSE,0,960631.301,960631.301,6,FALSE,TRUE,HS_2601
C,A,20210101,2021,52,2021,710,ZAF,South Africa,X,Export,0,W00,World,0,W00,World,H5,HS,TRUE,2601,Iron ores and concentrates; including roasted iron pyrites,4,FALSE,C00,TOTAL CPC,0,0,TOTAL MOT,-1,N/A,0,FALSE,-1,N/A,0,FALSE,0,FALSE,0,FALSE,0,9860348739.671,9860348739.671,0,FALSE,TRUE,HS_2601
C,A,20210101,2021,52,2021,784,ARE,United Arab Emirates,X,Export,0,W00,World,0,W00,World,H5,HS,TRUE,2601,Iron ores and concentrates; including roasted iron pyrites,4,FALSE,C00,TOTAL CPC,0,0,TOTAL MOT,-1,N/A,0,FALSE,-1,N/A,0,FALSE,0,FALSE,0,FALSE,0,12446942.89,12446942.89,0,FALSE,TRUE,HS_2601
C,A,20210101,2021,52,2021,792,TUR,Türkiye,X,Export,0,W00,World,0,W00,World,H5,HS,TRUE,2601,Iron ores and concentrates; including roasted iron pyrites,4,FALSE,C00,TOTAL CPC,0,0,TOTAL MOT,-1,N/A,0,FALSE,-1,N/A,0,FALSE,,FALSE,0,FALSE,,431450630,431450630,0,FALSE,TRUE,HS_2601
C,A,20210101,2021,52,2021,818,EGY,Egypt,X,Export,0,W00,World,0,W00,World,H4,HS,TRUE,2601,Iron ores and concentrates; including roasted iron pyrites,4,FALSE,C00,TOTAL CPC,0,0,TOTAL MOT,-1,N/A,0,FALSE,-1,N/A,0,FALSE,,FALSE,0,FALSE,,125810.5,125810.5,0,FALSE,TRUE,HS_2601
C,A,20210101,2021,52,2021,894,ZMB,Zambia,X,Export,0,W00,World,0,W00,World,H5,HS,TRUE,2601,Iron ores and concentrates; including roasted iron pyrites,4,FALSE,C00,TOTAL CPC,0,0,TOTAL MOT,8,kg,17028540,FALSE,40,GT,16988.82,FALSE,17028540,FALSE,0,FALSE,,3833177.53,3833177.53,0,FALSE,TRUE,HS_2601
C,A,20210101,2021,52,2021,24,AGO,Angola,X,Export,0,W00,World,0,W00,World,H5,HS,TRUE,71,"Natural, cultured pearls; precious, semi-precious stones; precious metals, metals clad with precious metal, and articles thereof; imitation jewellery; coin",2,FALSE,C00,TOTAL CPC,0,0,TOTAL MOT,-1,N/A,0,FALSE,-1,N/A,0,FALSE,0,TRUE,0,FALSE,,1537399842.012,1537399842.012,4,FALSE,TRUE,HS_71
C,A,20210101,2021,52,2021,32,ARG,Argentina,X,Export,0,W00,World,0,W00,World,H5,HS,TRUE,71,"Natural, cultured pearls; precious, semi-precious stones; precious metals, metals clad with precious metal, and articles thereof; imitation jewellery; coin",2,FALSE,C00,TOTAL CPC,0,0,TOTAL MOT,-1,N/A,0,FALSE,-1,N/A,0,FALSE,0,FALSE,0,FALSE,0,1875779602.25,1875779602.25,0,FALSE,TRUE,HS_71
C,A,20210101,2021,52,2021,48,BHR,Bahrain,X,Export,0,W00,World,0,W00,World,H5,HS,TRUE,71,"Natural, cultured pearls; precious, semi-precious stones; precious metals, metals clad with precious metal, and articles thereof; imitation jewellery; coin",2,FALSE,C00,TOTAL CPC,0,0,TOTAL MOT,-1,N/A,0,FALSE,-1,N/A,0,FALSE,,FALSE,0,FALSE,,355383139.053,355383139.053,0,FALSE,TRUE,HS_71
C,A,20210101,2021,52,2021,76,BRA,Brazil,X,Export,0,W00,World,0,W00,World,H5,HS,TRUE,71,"Natural, cultured pearls; precious, semi-precious stones; precious metals, metals clad with precious metal, and articles thereof; imitation jewellery; coin",2,FALSE,C00,TOTAL CPC,0,0,TOTAL MOT,-1,N/A,0,FALSE,-1,N/A,0,FALSE,0,TRUE,0,FALSE,,6265489478,6265489478,4,FALSE,TRUE,HS_71
C,A,20210101,2021,52,2021,144,LKA,Sri Lanka,X,Export,0,W00,World,0,W00,World,H5,HS,TRUE,71,"Natural, cultured pearls; precious, semi-precious stones; precious metals, metals clad with precious metal, and articles thereof; imitation jewellery; coin",2,FALSE,C00,TOTAL CPC,0,0,TOTAL MOT,-1,N/A,0,FALSE,-1,N/A,0,FALSE,0,TRUE,0,FALSE,0,345631300.215,345631300.215,4,FALSE,TRUE,HS_71
C,A,20210101,2021,52,2021,152,CHL,Chile,X,Export,0,W00,World,0,W00,World,H5,HS,TRUE,71,"Natural, cultured pearls; precious, semi-precious stones; precious metals, metals clad with precious metal, and articles thereof; imitation jewellery; coin",2,FALSE,C00,TOTAL CPC,0,0,TOTAL MOT,-1,N/A,0,FALSE,-1,N/A,0,FALSE,0,FALSE,0,FALSE,0,1303313685.005,1303313685.005,0,FALSE,TRUE,HS_71
C,A,20210101,2021,52,2021,170,COL,Colombia,X,Export,0,W00,World,0,W00,World,H5,HS,TRUE,71,"Natural, cultured pearls; precious, semi-precious stones; precious metals, metals clad with precious metal, and articles thereof; imitation jewellery; coin",2,FALSE,C00,TOTAL CPC,0,0,TOTAL MOT,-1,N/A,0,FALSE,-1,N/A,0,FALSE,0,FALSE,0,FALSE,0,3345534592.29,3345534592.29,0,FALSE,TRUE,HS_71
C,A,20210101,2021,52,2021,218,ECU,Ecuador,X,Export,0,W00,World,0,W00,World,H5,HS,TRUE,71,"Natural, cultured pearls; precious, semi-precious stones; precious metals, metals clad with precious metal, and articles thereof; imitation jewellery; coin",2,FALSE,C00,TOTAL CPC,0,0,TOTAL MOT,-1,N/A,0,FALSE,-1,N/A,0,FALSE,0,FALSE,0,FALSE,0,597110573.5,597110573.5,0,FALSE,TRUE,HS_71
C,A,20210101,2021,52,2021,222,SLV,El Salvador,X,Export,0,W00,World,0,W00,World,H5,HS,TRUE,71,"Natural, cultured pearls; precious, semi-precious stones; precious metals, metals clad with precious metal, and articles thereof; imitation jewellery; coin",2,FALSE,C00,TOTAL CPC,0,0,TOTAL MOT,-1,N/A,0,FALSE,-1,N/A,0,FALSE,0,TRUE,0,FALSE,0,27477998.03,27477998.03,4,FALSE,TRUE,HS_71
C,A,20210101,2021,52,2021,348,HUN,Hungary,X,Export,0,W00,World,0,W00,World,H5,HS,TRUE,71,"Natural, cultured pearls; precious, semi-precious stones; precious metals, metals clad with precious metal, and articles thereof; imitation jewellery; coin",2,FALSE,C00,TOTAL CPC,0,0,TOTAL MOT,-1,N/A,0,FALSE,-1,N/A,0,FALSE,0,TRUE,0,FALSE,0,177615995,177615995,4,FALSE,TRUE,HS_71
C,A,20210101,2021,52,2021,360,IDN,Indonesia,X,Export,0,W00,World,0,W00,World,H5,HS,TRUE,71,"Natural, cultured pearls; precious, semi-precious stones; precious metals, metals clad with precious metal, and articles thereof; imitation jewellery; coin",2,FALSE,C00,TOTAL CPC,0,0,TOTAL MOT,-1,N/A,0,FALSE,-1,N/A,0,FALSE,0,TRUE,0,FALSE,0,5417713167.598,5417713167.598,4,FALSE,TRUE,HS_71
C,A,20210101,2021,52,2021,384,CIV,Côte d'Ivoire,X,Export,0,W00,World,0,W00,World,H5,HS,TRUE,71,"Natural, cultured pearls; precious, semi-precious stones; precious metals, metals clad with precious metal, and articles thereof; imitation jewellery; coin",2,FALSE,C00,TOTAL CPC,0,0,TOTAL MOT,-1,N/A,0,FALSE,-1,N/A,0,FALSE,,FALSE,0,FALSE,,1712051813.717,1712051813.717,0,FALSE,TRUE,HS_71
C,A,20210101,2021,52,2021,398,KAZ,Kazakhstan,X,Export,0,W00,World,0,W00,World,H5,HS,TRUE,71,"Natural, cultured pearls; precious, semi-precious stones; precious metals, metals clad with precious metal, and articles thereof; imitation jewellery; coin",2,FALSE,C00,TOTAL CPC,0,0,TOTAL MOT,-1,N/A,0,FALSE,-1,N/A,0,FALSE,0,TRUE,0,FALSE,,858917538.81,858917538.81,4,FALSE,TRUE,HS_71
C,A,20210101,2021,52,2021,484,MEX,Mexico,X,Export,0,W00,World,0,W00,World,H5,HS,TRUE,71,"Natural, cultured pearls; precious, semi-precious stones; precious metals, metals clad with precious metal, and articles thereof; imitation jewellery; coin",2,FALSE,C00,TOTAL CPC,0,0,TOTAL MOT,-1,N/A,0,FALSE,-1,N/A,0,FALSE,,FALSE,0,FALSE,,9284046994,9284046994,0,FALSE,TRUE,HS_71
C,A,20210101,2021,52,2021,504,MAR,Morocco,X,Export,0,W00,World,0,W00,World,H5,HS,TRUE,71,"Natural, cultured pearls; precious, semi-precious stones; precious metals, metals clad with precious metal, and articles thereof; imitation jewellery; coin",2,FALSE,C00,TOTAL CPC,0,0,TOTAL MOT,-1,N/A,0,FALSE,-1,N/A,0,FALSE,0,FALSE,0,FALSE,0,162587312.35,162587312.35,0,FALSE,TRUE,HS_71
C,A,20210101,2021,52,2021,566,NGA,Nigeria,X,Export,0,W00,World,0,W00,World,H4,HS,TRUE,71,"Natural, cultured pearls; precious, semi-precious stones; precious metals, metals clad with precious metal, and articles thereof; imitation jewellery; coin",2,FALSE,C00,TOTAL CPC,0,0,TOTAL MOT,-1,N/A,0,FALSE,-1,N/A,0,FALSE,0,FALSE,0,FALSE,0,8894842.03,8894842.03,0,FALSE,TRUE,HS_71
C,A,20210101,2021,52,2021,586,PAK,Pakistan,X,Export,0,W00,World,0,W00,World,H5,HS,TRUE,71,"Natural, cultured pearls; precious, semi-precious stones; precious metals, metals clad with precious metal, and articles thereof; imitation jewellery; coin",2,FALSE,C00,TOTAL CPC,0,0,TOTAL MOT,-1,N/A,0,FALSE,-1,N/A,0,FALSE,0,FALSE,0,FALSE,0,20476027.127,20476027.127,0,FALSE,TRUE,HS_71
C,A,20210101,2021,52,2021,591,PAN,Panama,X,Export,0,W00,World,0,W00,World,H5,HS,TRUE,71,"Natural, cultured pearls; precious, semi-precious stones; precious metals, metals clad with precious metal, and articles thereof; imitation jewellery; coin",2,FALSE,C00,TOTAL CPC,0,0,TOTAL MOT,-1,N/A,0,FALSE,-1,N/A,0,FALSE,0,FALSE,0,FALSE,0,20124619,20124619,0,FALSE,TRUE,HS_71
C,A,20210101,2021,52,2021,604,PER,Peru,X,Export,0,W00,World,0,W00,World,H5,HS,TRUE,71,"Natural, cultured pearls; precious, semi-precious stones; precious metals, metals clad with precious metal, and articles thereof; imitation jewellery; coin",2,FALSE,C00,TOTAL CPC,0,0,TOTAL MOT,-1,N/A,0,FALSE,-1,N/A,0,FALSE,0,TRUE,0,FALSE,0,8079258934.17,8079258934.17,4,FALSE,TRUE,HS_71
C,A,20210101,2021,52,2021,608,PHL,Philippines,X,Export,0,W00,World,0,W00,World,H5,HS,TRUE,71,"Natural, cultured pearls; precious, semi-precious stones; precious metals, metals clad with precious metal, and articles thereof; imitation jewellery; coin",2,FALSE,C00,TOTAL CPC,0,0,TOTAL MOT,-1,N/A,0,FALSE,-1,N/A,0,FALSE,,FALSE,0,FALSE,,1137851023,1137851023,0,FALSE,TRUE,HS_71
C,A,20210101,2021,52,2021,616,POL,Poland,X,Export,0,W00,World,0,W00,World,H5,HS,TRUE,71,"Natural, cultured pearls; precious, semi-precious stones; precious metals, metals clad with precious metal, and articles thereof; imitation jewellery; coin",2,FALSE,C00,TOTAL CPC,0,0,TOTAL MOT,-1,N/A,0,FALSE,-1,N/A,0,FALSE,0,TRUE,0,FALSE,0,2193901228,2193901228,4,FALSE,TRUE,HS_71
C,A,20210101,2021,52,2021,634,QAT,Qatar,X,Export,0,W00,World,0,W00,World,H5,HS,TRUE,71,"Natural, cultured pearls; precious, semi-precious stones; precious metals, metals clad with precious metal, and articles thereof; imitation jewellery; coin",2,FALSE,C00,TOTAL CPC,0,0,TOTAL MOT,-1,N/A,0,FALSE,-1,N/A,0,FALSE,0,FALSE,0,FALSE,0,112465839.717,112465839.717,0,FALSE,TRUE,HS_71
C,A,20210101,2021,52,2021,682,SAU,Saudi Arabia,X,Export,0,W00,World,0,W00,World,H5,HS,TRUE,71,"Natural, cultured pearls; precious, semi-precious stones; precious metals, metals clad with precious metal, and articles thereof; imitation jewellery; coin",2,FALSE,C00,TOTAL CPC,0,0,TOTAL MOT,-1,N/A,0,FALSE,-1,N/A,0,FALSE,0,TRUE,0,FALSE,,2046124671.78,2046124671.78,4,FALSE,TRUE,HS_71
C,A,20210101,2021,52,2021,686,SEN,Senegal,X,Export,0,W00,World,0,W00,World,H5,HS,TRUE,71,"Natural, cultured pearls; precious, semi-precious stones; precious metals, metals clad with precious metal, and articles thereof; imitation jewellery; coin",2,FALSE,C00,TOTAL CPC,0,0,TOTAL MOT,-1,N/A,0,FALSE,-1,N/A,0,FALSE,0,TRUE,0,FALSE,0,974755472.429,974755472.429,4,FALSE,TRUE,HS_71
C,A,20210101,2021,52,2021,704,VNM,Viet Nam,X,Export,0,W00,World,0,W00,World,H5,HS,TRUE,71,"Natural, cultured pearls; precious, semi-precious stones; precious metals, metals clad with precious metal, and articles thereof; imitation jewellery; coin",2,FALSE,C00,TOTAL CPC,0,0,TOTAL MOT,-1,N/A,0,FALSE,-1,N/A,0,FALSE,0,FALSE,0,FALSE,0,925128494.446,925128494.446,0,FALSE,TRUE,HS_71
C,A,20210101,2021,52,2021,710,ZAF,South Africa,X,Export,0,W00,World,0,W00,World,H5,HS,TRUE,71,"Natural, cultured pearls; precious, semi-precious stones; precious metals, metals clad with precious metal, and articles thereof; imitation jewellery; coin",2,FALSE,C00,TOTAL CPC,0,0,TOTAL MOT,-1,N/A,0,FALSE,-1,N/A,0,FALSE,0,TRUE,0,FALSE,0,33395468213.912,33395468213.912,4,FALSE,TRUE,HS_71
C,A,20210101,2021,52,2021,784,ARE,United Arab Emirates,X,Export,0,W00,World,0,W00,World,H5,HS,TRUE,71,"Natural, cultured pearls; precious, semi-precious stones; precious metals, metals clad with precious metal, and articles thereof; imitation jewellery; coin",2,FALSE,C00,TOTAL CPC,0,0,TOTAL MOT,-1,N/A,0,FALSE,-1,N/A,0,FALSE,0,TRUE,0,FALSE,0,61564512503.177,61564512503.177,4,FALSE,TRUE,HS_71
C,A,20210101,2021,52,2021,792,TUR,Türkiye,X,Export,0,W00,World,0,W00,World,H5,HS,TRUE,71,"Natural, cultured pearls; precious, semi-precious stones; precious metals, metals clad with precious metal, and articles thereof; imitation jewellery; coin",2,FALSE,C00,TOTAL CPC,0,0,TOTAL MOT,-1,N/A,0,FALSE,-1,N/A,0,FALSE,,FALSE,0,FALSE,,10964701702,10964701702,0,FALSE,TRUE,HS_71
C,A,20210101,2021,52,2021,818,EGY,Egypt,X,Export,0,W00,World,0,W00,World,H4,HS,TRUE,71,"Natural, cultured pearls; precious, semi-precious stones; precious metals, metals clad with precious metal, and articles thereof; imitation jewellery; coin",2,FALSE,C00,TOTAL CPC,0,0,TOTAL MOT,-1,N/A,0,FALSE,-1,N/A,0,FALSE,,FALSE,0,FALSE,,1160546655.687,1160546655.687,0,FALSE,TRUE,HS_71
C,A,20210101,2021,52,2021,858,URY,Uruguay,X,Export,0,W00,World,0,W00,World,H5,HS,TRUE,71,"Natural, cultured pearls; precious, semi-precious stones; precious metals, metals clad with precious metal, and articles thereof; imitation jewellery; coin",2,FALSE,C00,TOTAL CPC,0,0,TOTAL MOT,-1,N/A,0,FALSE,-1,N/A,0,FALSE,0,FALSE,0,FALSE,,35041890,35041890,0,FALSE,TRUE,HS_71
C,A,20210101,2021,52,2021,894,ZMB,Zambia,X,Export,0,W00,World,0,W00,World,H5,HS,TRUE,71,"Natural, cultured pearls; precious, semi-precious stones; precious metals, metals clad with precious metal, and articles thereof; imitation jewellery; coin",2,FALSE,C00,TOTAL CPC,0,0,TOTAL MOT,-1,N/A,0,FALSE,-1,N/A,0,FALSE,,FALSE,0,FALSE,,185554790.047,185554790.047,0,FALSE,TRUE,HS_71
C,A,20210101,2021,52,2021,24,AGO,Angola,X,Export,0,W00,World,0,W00,World,H5,HS,TRUE,7108,"Gold (including gold plated with platinum) unwrought or in semi-manufactured forms, or in powder form",4,FALSE,C00,TOTAL CPC,0,0,TOTAL MOT,8,kg,69.539,FALSE,8,kg,69.539,FALSE,69.539,FALSE,0,FALSE,,3058992.774,3058992.774,0,FALSE,TRUE,HS_7108
C,A,20210101,2021,52,2021,32,ARG,Argentina,X,Export,0,W00,World,0,W00,World,H5,HS,TRUE,7108,"Gold (including gold plated with platinum) unwrought or in semi-manufactured forms, or in powder form",4,FALSE,C00,TOTAL CPC,0,0,TOTAL MOT,8,kg,123389.8,FALSE,8,kg,123389.8,FALSE,123389.8,FALSE,0,FALSE,0,696342895.25,696342895.25,0,FALSE,TRUE,HS_7108
C,A,20210101,2021,52,2021,48,BHR,Bahrain,X,Export,0,W00,World,0,W00,World,H5,HS,TRUE,7108,"Gold (including gold plated with platinum) unwrought or in semi-manufactured forms, or in powder form",4,FALSE,C00,TOTAL CPC,0,0,TOTAL MOT,8,kg,3528.594,FALSE,15,g,3528594.1,FALSE,3528.82,FALSE,0,FALSE,,201421612.978,201421612.978,0,FALSE,TRUE,HS_7108
C,A,20210101,2021,52,2021,76,BRA,Brazil,X,Export,0,W00,World,0,W00,World,H5,HS,TRUE,7108,"Gold (including gold plated with platinum) unwrought or in semi-manufactured forms, or in powder form",4,FALSE,C00,TOTAL CPC,0,0,TOTAL MOT,8,kg,103865.019,TRUE,-1,N/A,0,FALSE,103865.019,TRUE,0,FALSE,,5294257228,5294257228,6,FALSE,TRUE,HS_7108
C,A,20210101,2021,52,2021,144,LKA,Sri Lanka,X,Export,0,W00,World,0,W00,World,H5,HS,TRUE,7108,"Gold (including gold plated with platinum) unwrought or in semi-manufactured forms, or in powder form",4,FALSE,C00,TOTAL CPC,0,0,TOTAL MOT,8,kg,0.8,FALSE,8,kg,0.8,FALSE,0.8,FALSE,0,FALSE,0,44654.187,44654.187,0,FALSE,TRUE,HS_7108
C,A,20210101,2021,52,2021,152,CHL,Chile,X,Export,0,W00,World,0,W00,World,H5,HS,TRUE,7108,"Gold (including gold plated with platinum) unwrought or in semi-manufactured forms, or in powder form",4,FALSE,C00,TOTAL CPC,0,0,TOTAL MOT,8,kg,15159.818,FALSE,8,kg,15159.818,FALSE,15159.818,FALSE,0,FALSE,0,858601579.499,858601579.499,0,FALSE,TRUE,HS_7108
C,A,20210101,2021,52,2021,170,COL,Colombia,X,Export,0,W00,World,0,W00,World,H5,HS,TRUE,7108,"Gold (including gold plated with platinum) unwrought or in semi-manufactured forms, or in powder form",4,FALSE,C00,TOTAL CPC,0,0,TOTAL MOT,8,kg,79447.95,FALSE,8,kg,79447.95,FALSE,79447.95,FALSE,0,FALSE,0,3132366785.59,3132366785.59,0,FALSE,TRUE,HS_7108
C,A,20210101,2021,52,2021,218,ECU,Ecuador,X,Export,0,W00,World,0,W00,World,H5,HS,TRUE,7108,"Gold (including gold plated with platinum) unwrought or in semi-manufactured forms, or in powder form",4,FALSE,C00,TOTAL CPC,0,0,TOTAL MOT,8,kg,11718.527,FALSE,8,kg,11718.527,FALSE,11718.527,FALSE,0,FALSE,0,572623466.3,572623466.3,0,FALSE,TRUE,HS_7108
C,A,20210101,2021,52,2021,222,SLV,El Salvador,X,Export,0,W00,World,0,W00,World,H5,HS,TRUE,7108,"Gold (including gold plated with platinum) unwrought or in semi-manufactured forms, or in powder form",4,FALSE,C00,TOTAL CPC,0,0,TOTAL MOT,-1,N/A,0,FALSE,-1,N/A,0,FALSE,0,FALSE,0,FALSE,0,90949.5,90949.5,0,FALSE,TRUE,HS_7108
C,A,20210101,2021,52,2021,348,HUN,Hungary,X,Export,0,W00,World,0,W00,World,H5,HS,TRUE,7108,"Gold (including gold plated with platinum) unwrought or in semi-manufactured forms, or in powder form",4,FALSE,C00,TOTAL CPC,0,0,TOTAL MOT,-1,N/A,0,FALSE,-1,N/A,0,FALSE,0,FALSE,0,FALSE,0,57865289,57865289,0,FALSE,TRUE,HS_7108
C,A,20210101,2021,52,2021,360,IDN,Indonesia,X,Export,0,W00,World,0,W00,World,H5,HS,TRUE,7108,"Gold (including gold plated with platinum) unwrought or in semi-manufactured forms, or in powder form",4,FALSE,C00,TOTAL CPC,0,0,TOTAL MOT,8,kg,26437.86,FALSE,8,kg,26437.86,FALSE,26437.86,FALSE,0,FALSE,0,1519588821.87,1519588821.87,0,FALSE,TRUE,HS_7108
C,A,20210101,2021,52,2021,384,CIV,Côte d'Ivoire,X,Export,0,W00,World,0,W00,World,H5,HS,TRUE,7108,"Gold (including gold plated with platinum) unwrought or in semi-manufactured forms, or in powder form",4,FALSE,C00,TOTAL CPC,0,0,TOTAL MOT,8,kg,43758,FALSE,8,kg,43758,FALSE,43758,FALSE,0,FALSE,,1710834425.03,1710834425.03,0,FALSE,TRUE,HS_7108
C,A,20210101,2021,52,2021,398,KAZ,Kazakhstan,X,Export,0,W00,World,0,W00,World,H5,HS,TRUE,7108,"Gold (including gold plated with platinum) unwrought or in semi-manufactured forms, or in powder form",4,FALSE,C00,TOTAL CPC,0,0,TOTAL MOT,-1,N/A,0,FALSE,-1,N/A,0,FALSE,,FALSE,0,FALSE,,35557609.67,35557609.67,0,FALSE,TRUE,HS_7108
C,A,20210101,2021,52,2021,484,MEX,Mexico,X,Export,0,W00,World,0,W00,World,H5,HS,TRUE,7108,"Gold (including gold plated with platinum) unwrought or in semi-manufactured forms, or in powder form",4,FALSE,C00,TOTAL CPC,0,0,TOTAL MOT,-1,N/A,0,TRUE,-1,N/A,0,FALSE,0,TRUE,0,FALSE,,3413974349,3413974349,6,FALSE,TRUE,HS_7108
C,A,20210101,2021,52,2021,504,MAR,Morocco,X,Export,0,W00,World,0,W00,World,H5,HS,TRUE,7108,"Gold (including gold plated with platinum) unwrought or in semi-manufactured forms, or in powder form",4,FALSE,C00,TOTAL CPC,0,0,TOTAL MOT,-1,N/A,0,FALSE,15,g,421549.13,FALSE,805.9,FALSE,0,FALSE,0,40370158.938,40370158.938,0,FALSE,TRUE,HS_7108
C,A,20210101,2021,52,2021,566,NGA,Nigeria,X,Export,0,W00,World,0,W00,World,H4,HS,TRUE,7108,"Gold (including gold plated with platinum) unwrought or in semi-manufactured forms, or in powder form",4,FALSE,C00,TOTAL CPC,0,0,TOTAL MOT,-1,N/A,0,FALSE,-1,N/A,0,FALSE,0,FALSE,0,FALSE,0,8290482.56,8290482.56,0,FALSE,TRUE,HS_7108
C,A,20210101,2021,52,2021,586,PAK,Pakistan,X,Export,0,W00,World,0,W00,World,H5,HS,TRUE,7108,"Gold (including gold plated with platinum) unwrought or in semi-manufactured forms, or in powder form",4,FALSE,C00,TOTAL CPC,0,0,TOTAL MOT,8,kg,0.025,FALSE,15,g,25,FALSE,0.025,FALSE,0,FALSE,0,419.824,419.824,0,FALSE,TRUE,HS_7108
C,A,20210101,2021,52,2021,591,PAN,Panama,X,Export,0,W00,World,0,W00,World,H5,HS,TRUE,7108,"Gold (including gold plated with platinum) unwrought or in semi-manufactured forms, or in powder form",4,FALSE,C00,TOTAL CPC,0,0,TOTAL MOT,8,kg,297,FALSE,8,kg,297,FALSE,297,FALSE,297,FALSE,0,12044785,12044785,0,FALSE,TRUE,HS_7108
C,A,20210101,2021,52,2021,604,PER,Peru,X,Export,0,W00,World,0,W00,World,H5,HS,TRUE,7108,"Gold (including gold plated with platinum) unwrought or in semi-manufactured forms, or in powder form",4,FALSE,C00,TOTAL CPC,0,0,TOTAL MOT,8,kg,423520.06,FALSE,8,kg,423520.06,FALSE,423520.06,FALSE,0,FALSE,0,7719126071.88,7719126071.88,0,FALSE,TRUE,HS_7108
C,A,20210101,2021,52,2021,608,PHL,Philippines,X,Export,0,W00,World,0,W00,World,H5,HS,TRUE,7108,"Gold (including gold plated with platinum) unwrought or in semi-manufactured forms, or in powder form",4,FALSE,C00,TOTAL CPC,0,0,TOTAL MOT,-1,N/A,0,FALSE,-1,N/A,0,FALSE,,FALSE,141914.63,FALSE,,954698456,954698456,0,FALSE,TRUE,HS_7108
C,A,20210101,2021,52,2021,616,POL,Poland,X,Export,0,W00,World,0,W00,World,H5,HS,TRUE,7108,"Gold (including gold plated with platinum) unwrought or in semi-manufactured forms, or in powder form",4,FALSE,C00,TOTAL CPC,0,0,TOTAL MOT,8,kg,2218.172,TRUE,-1,N/A,0,FALSE,2250.604,TRUE,0,FALSE,0,119498104,119498104,6,FALSE,TRUE,HS_7108
C,A,20210101,2021,52,2021,634,QAT,Qatar,X,Export,0,W00,World,0,W00,World,H5,HS,TRUE,7108,"Gold (including gold plated with platinum) unwrought or in semi-manufactured forms, or in powder form",4,FALSE,C00,TOTAL CPC,0,0,TOTAL MOT,-1,N/A,0,FALSE,-1,N/A,0,FALSE,0,FALSE,0,FALSE,0,2914604.832,2914604.832,0,FALSE,TRUE,HS_7108
C,A,20210101,2021,52,2021,682,SAU,Saudi Arabia,X,Export,0,W00,World,0,W00,World,H5,HS,TRUE,7108,"Gold (including gold plated with platinum) unwrought or in semi-manufactured forms, or in powder form",4,FALSE,C00,TOTAL CPC,0,0,TOTAL MOT,8,kg,23283,FALSE,8,kg,23283,FALSE,23283,FALSE,0,FALSE,,1113200938.57,1113200938.57,0,FALSE,TRUE,HS_7108
C,A,20210101,2021,52,2021,686,SEN,Senegal,X,Export,0,W00,World,0,W00,World,H5,HS,TRUE,7108,"Gold (including gold plated with platinum) unwrought or in semi-manufactured forms, or in powder form",4,FALSE,C00,TOTAL CPC,0,0,TOTAL MOT,8,kg,18818,FALSE,8,kg,18818,FALSE,18818,FALSE,0,FALSE,0,973392397.869,973392397.869,0,FALSE,TRUE,HS_7108
C,A,20210101,2021,52,2021,704,VNM,Viet Nam,X,Export,0,W00,World,0,W00,World,H5,HS,TRUE,7108,"Gold (including gold plated with platinum) unwrought or in semi-manufactured forms, or in powder form",4,FALSE,C00,TOTAL CPC,0,0,TOTAL MOT,8,kg,128.693,TRUE,-1,N/A,0,FALSE,128.693,TRUE,0,FALSE,0,7300122,7300122,6,FALSE,TRUE,HS_7108
C,A,20210101,2021,52,2021,710,ZAF,South Africa,X,Export,0,W00,World,0,W00,World,H5,HS,TRUE,7108,"Gold (including gold plated with platinum) unwrought or in semi-manufactured forms, or in powder form",4,FALSE,C00,TOTAL CPC,0,0,TOTAL MOT,-1,N/A,0,FALSE,-1,N/A,0,FALSE,0,FALSE,0,FALSE,0,7307599435.204,7307599435.204,0,FALSE,TRUE,HS_7108
C,A,20210101,2021,52,2021,784,ARE,United Arab Emirates,X,Export,0,W00,World,0,W00,World,H5,HS,TRUE,7108,"Gold (including gold plated with platinum) unwrought or in semi-manufactured forms, or in powder form",4,FALSE,C00,TOTAL CPC,0,0,TOTAL MOT,-1,N/A,0,FALSE,-1,N/A,0,FALSE,0,FALSE,0,FALSE,0,33786922894.627,33786922894.627,0,FALSE,TRUE,HS_7108
C,A,20210101,2021,52,2021,792,TUR,Türkiye,X,Export,0,W00,World,0,W00,World,H5,HS,TRUE,7108,"Gold (including gold plated with platinum) unwrought or in semi-manufactured forms, or in powder form",4,FALSE,C00,TOTAL CPC,0,0,TOTAL MOT,8,kg,60725.862,FALSE,15,g,60725862,FALSE,,FALSE,0,FALSE,,3482598318,3482598318,0,FALSE,TRUE,HS_7108
C,A,20210101,2021,52,2021,818,EGY,Egypt,X,Export,0,W00,World,0,W00,World,H4,HS,TRUE,7108,"Gold (including gold plated with platinum) unwrought or in semi-manufactured forms, or in powder form",4,FALSE,C00,TOTAL CPC,0,0,TOTAL MOT,8,kg,19760.996,TRUE,-1,N/A,0,FALSE,19760.996,TRUE,0,FALSE,,1110229359.248,1110229359.248,6,FALSE,TRUE,HS_7108
C,A,20210101,2021,52,2021,858,URY,Uruguay,X,Export,0,W00,World,0,W00,World,H5,HS,TRUE,7108,"Gold (including gold plated with platinum) unwrought or in semi-manufactured forms, or in powder form",4,FALSE,C00,TOTAL CPC,0,0,TOTAL MOT,8,kg,2.295,FALSE,8,kg,2.295,FALSE,2.295,FALSE,0,FALSE,,128480,128480,0,FALSE,TRUE,HS_7108
C,A,20210101,2021,52,2021,894,ZMB,Zambia,X,Export,0,W00,World,0,W00,World,H5,HS,TRUE,7108,"Gold (including gold plated with platinum) unwrought or in semi-manufactured forms, or in powder form",4,FALSE,C00,TOTAL CPC,0,0,TOTAL MOT,-1,N/A,0,FALSE,15,g,74,FALSE,1121.81,FALSE,0,FALSE,,64992330.476,64992330.476,0,FALSE,TRUE,HS_7108
C,A,20210101,2021,52,2021,24,AGO,Angola,X,Export,0,W00,World,0,W00,World,H5,HS,TRUE,10,Cereals,2,FALSE,C00,TOTAL CPC,0,0,TOTAL MOT,-1,N/A,0,FALSE,-1,N/A,0,FALSE,0,FALSE,0,FALSE,,48701.778,48701.778,0,FALSE,TRUE,HS_10
C,A,20210101,2021,52,2021,32,ARG,Argentina,X,Export,0,W00,World,0,W00,World,H5,HS,TRUE,10,Cereals,2,FALSE,C00,TOTAL CPC,0,0,TOTAL MOT,-1,N/A,0,FALSE,-1,N/A,0,FALSE,0,FALSE,0,FALSE,0,12795446483.82,12795446483.82,0,FALSE,TRUE,HS_10
C,A,20210101,2021,52,2021,48,BHR,Bahrain,X,Export,0,W00,World,0,W00,World,H5,HS,TRUE,10,Cereals,2,FALSE,C00,TOTAL CPC,0,0,TOTAL MOT,-1,N/A,0,FALSE,-1,N/A,0,FALSE,0,FALSE,0,FALSE,,1307924.703,1307924.703,0,FALSE,TRUE,HS_10
C,A,20210101,2021,52,2021,76,BRA,Brazil,X,Export,0,W00,World,0,W00,World,H5,HS,TRUE,10,Cereals,2,FALSE,C00,TOTAL CPC,0,0,TOTAL MOT,-1,N/A,0,FALSE,-1,N/A,0,FALSE,,FALSE,0,FALSE,,4834554641,4834554641,0,FALSE,TRUE,HS_10
C,A,20210101,2021,52,2021,144,LKA,Sri Lanka,X,Export,0,W00,World,0,W00,World,H5,HS,TRUE,10,Cereals,2,FALSE,C00,TOTAL CPC,0,0,TOTAL MOT,-1,N/A,0,FALSE,-1,N/A,0,FALSE,0,FALSE,0,FALSE,0,11193325.698,11193325.698,0,FALSE,TRUE,HS_10
C,A,20210101,2021,52,2021,152,CHL,Chile,X,Export,0,W00,World,0,W00,World,H5,HS,TRUE,10,Cereals,2,FALSE,C00,TOTAL CPC,0,0,TOTAL MOT,-1,N/A,0,FALSE,-1,N/A,0,FALSE,0,TRUE,0,FALSE,0,103268993.982,103268993.982,4,FALSE,TRUE,HS_10
C,A,20210101,2021,52,2021,170,COL,Colombia,X,Export,0,W00,World,0,W00,World,H5,HS,TRUE,10,Cereals,2,FALSE,C00,TOTAL CPC,0,0,TOTAL MOT,-1,N/A,0,FALSE,-1,N/A,0,FALSE,0,TRUE,0,FALSE,0,6034300.68,6034300.68,4,FALSE,TRUE,HS_10
C,A,20210101,2021,52,2021,218,ECU,Ecuador,X,Export,0,W00,World,0,W00,World,H5,HS,TRUE,10,Cereals,2,FALSE,C00,TOTAL CPC,0,0,TOTAL MOT,-1,N/A,0,FALSE,-1,N/A,0,FALSE,0,TRUE,0,FALSE,0,16185477.89,16185477.89,4,FALSE,TRUE,HS_10
C,A,20210101,2021,52,2021,222,SLV,El Salvador,X,Export,0,W00,World,0,W00,World,H5,HS,TRUE,10,Cereals,2,FALSE,C00,TOTAL CPC,0,0,TOTAL MOT,-1,N/A,0,FALSE,-1,N/A,0,FALSE,0,TRUE,0,FALSE,0,5407690.02,5407690.02,4,FALSE,TRUE,HS_10
C,A,20210101,2021,52,2021,348,HUN,Hungary,X,Export,0,W00,World,0,W00,World,H5,HS,TRUE,10,Cereals,2,FALSE,C00,TOTAL CPC,0,0,TOTAL MOT,-1,N/A,0,FALSE,-1,N/A,0,FALSE,0,TRUE,0,FALSE,0,1929944816,1929944816,4,FALSE,TRUE,HS_10
C,A,20210101,2021,52,2021,360,IDN,Indonesia,X,Export,0,W00,World,0,W00,World,H5,HS,TRUE,10,Cereals,2,FALSE,C00,TOTAL CPC,0,0,TOTAL MOT,-1,N/A,0,FALSE,-1,N/A,0,FALSE,0,TRUE,0,FALSE,0,6841469.6,6841469.6,4,FALSE,TRUE,HS_10
C,A,20210101,2021,52,2021,384,CIV,Côte d'Ivoire,X,Export,0,W00,World,0,W00,World,H5,HS,TRUE,10,Cereals,2,FALSE,C00,TOTAL CPC,0,0,TOTAL MOT,-1,N/A,0,FALSE,-1,N/A,0,FALSE,0,FALSE,0,FALSE,,17528853.1,17528853.1,0,FALSE,TRUE,HS_10
C,A,20210101,2021,52,2021,398,KAZ,Kazakhstan,X,Export,0,W00,World,0,W00,World,H5,HS,TRUE,10,Cereals,2,FALSE,C00,TOTAL CPC,0,0,TOTAL MOT,-1,N/A,0,FALSE,-1,N/A,0,FALSE,0,TRUE,0,FALSE,,1659503974.17,1659503974.17,4,FALSE,TRUE,HS_10
C,A,20210101,2021,52,2021,484,MEX,Mexico,X,Export,0,W00,World,0,W00,World,H5,HS,TRUE,10,Cereals,2,FALSE,C00,TOTAL CPC,0,0,TOTAL MOT,-1,N/A,0,FALSE,-1,N/A,0,FALSE,0,FALSE,0,FALSE,,432510034,432510034,0,FALSE,TRUE,HS_10
C,A,20210101,2021,52,2021,504,MAR,Morocco,X,Export,0,W00,World,0,W00,World,H5,HS,TRUE,10,Cereals,2,FALSE,C00,TOTAL CPC,0,0,TOTAL MOT,-1,N/A,0,FALSE,-1,N/A,0,FALSE,0,FALSE,0,FALSE,0,2535261.368,2535261.368,0,FALSE,TRUE,HS_10
C,A,20210101,2021,52,2021,566,NGA,Nigeria,X,Export,0,W00,World,0,W00,World,H4,HS,TRUE,10,Cereals,2,FALSE,C00,TOTAL CPC,0,0,TOTAL MOT,-1,N/A,0,FALSE,-1,N/A,0,FALSE,0,FALSE,0,FALSE,0,3948124.556,3948124.556,0,FALSE,TRUE,HS_10
C,A,20210101,2021,52,2021,586,PAK,Pakistan,X,Export,0,W00,World,0,W00,World,H5,HS,TRUE,10,Cereals,2,FALSE,C00,TOTAL CPC,0,0,TOTAL MOT,-1,N/A,0,FALSE,-1,N/A,0,FALSE,0,TRUE,0,FALSE,0,2259378904.702,2259378904.702,4,FALSE,TRUE,HS_10
C,A,20210101,2021,52,2021,591,PAN,Panama,X,Export,0,W00,World,0,W00,World,H5,HS,TRUE,10,Cereals,2,FALSE,C00,TOTAL CPC,0,0,TOTAL MOT,-1,N/A,0,FALSE,-1,N/A,0,FALSE,0,FALSE,0,FALSE,0,17940,17940,0,FALSE,TRUE,HS_10
C,A,20210101,2021,52,2021,604,PER,Peru,X,Export,0,W00,World,0,W00,World,H5,HS,TRUE,10,Cereals,2,FALSE,C00,TOTAL CPC,0,0,TOTAL MOT,-1,N/A,0,FALSE,-1,N/A,0,FALSE,0,FALSE,0,FALSE,0,130388226.15,130388226.15,0,FALSE,TRUE,HS_10
C,A,20210101,2021,52,2021,608,PHL,Philippines,X,Export,0,W00,World,0,W00,World,H5,HS,TRUE,10,Cereals,2,FALSE,C00,TOTAL CPC,0,0,TOTAL MOT,-1,N/A,0,FALSE,-1,N/A,0,FALSE,0,TRUE,0,FALSE,,3993512,3993512,4,FALSE,TRUE,HS_10
C,A,20210101,2021,52,2021,616,POL,Poland,X,Export,0,W00,World,0,W00,World,H5,HS,TRUE,10,Cereals,2,FALSE,C00,TOTAL CPC,0,0,TOTAL MOT,-1,N/A,0,FALSE,-1,N/A,0,FALSE,0,TRUE,0,FALSE,0,2293168520,2293168520,4,FALSE,TRUE,HS_10
C,A,20210101,2021,52,2021,634,QAT,Qatar,X,Export,0,W00,World,0,W00,World,H5,HS,TRUE,10,Cereals,2,FALSE,C00,TOTAL CPC,0,0,TOTAL MOT,-1,N/A,0,FALSE,-1,N/A,0,FALSE,0,FALSE,0,FALSE,0,496837.393,496837.393,0,FALSE,TRUE,HS_10
C,A,20210101,2021,52,2021,642,ROU,Romania,X,Export,0,W00,World,0,W00,World,H5,HS,TRUE,10,Cereals,2,FALSE,C00,TOTAL CPC,0,0,TOTAL MOT,-1,N/A,0,FALSE,-1,N/A,0,FALSE,0,TRUE,0,FALSE,0,4283200384.19,4283200384.19,4,FALSE,TRUE,HS_10
C,A,20210101,2021,52,2021,682,SAU,Saudi Arabia,X,Export,0,W00,World,0,W00,World,H5,HS,TRUE,10,Cereals,2,FALSE,C00,TOTAL CPC,0,0,TOTAL MOT,-1,N/A,0,FALSE,-1,N/A,0,FALSE,0,FALSE,0,FALSE,,3847698.837,3847698.837,0,FALSE,TRUE,HS_10
C,A,20210101,2021,52,2021,686,SEN,Senegal,X,Export,0,W00,World,0,W00,World,H5,HS,TRUE,10,Cereals,2,FALSE,C00,TOTAL CPC,0,0,TOTAL MOT,-1,N/A,0,FALSE,-1,N/A,0,FALSE,0,FALSE,0,FALSE,0,46331056.951,46331056.951,0,FALSE,TRUE,HS_10
C,A,20210101,2021,52,2021,704,VNM,Viet Nam,X,Export,0,W00,World,0,W00,World,H5,HS,TRUE,10,Cereals,2,FALSE,C00,TOTAL CPC,0,0,TOTAL MOT,-1,N/A,0,FALSE,-1,N/A,0,FALSE,0,TRUE,0,FALSE,0,3104725006.314,3104725006.314,4,FALSE,TRUE,HS_10
C,A,20210101,2021,52,2021,710,ZAF,South Africa,X,Export,0,W00,World,0,W00,World,H5,HS,TRUE,10,Cereals,2,FALSE,C00,TOTAL CPC,0,0,TOTAL MOT,-1,N/A,0,FALSE,-1,N/A,0,FALSE,0,FALSE,0,FALSE,0,1000464493.448,1000464493.448,0,FALSE,TRUE,HS_10
C,A,20210101,2021,52,2021,784,ARE,United Arab Emirates,X,Export,0,W00,World,0,W00,World,H5,HS,TRUE,10,Cereals,2,FALSE,C00,TOTAL CPC,0,0,TOTAL MOT,-1,N/A,0,FALSE,-1,N/A,0,FALSE,0,TRUE,0,FALSE,0,140663975.982,140663975.982,4,FALSE,TRUE,HS_10
C,A,20210101,2021,52,2021,792,TUR,Türkiye,X,Export,0,W00,World,0,W00,World,H5,HS,TRUE,10,Cereals,2,FALSE,C00,TOTAL CPC,0,0,TOTAL MOT,-1,N/A,0,FALSE,-1,N/A,0,FALSE,,FALSE,0,FALSE,,416431868,416431868,0,FALSE,TRUE,HS_10
C,A,20210101,2021,52,2021,818,EGY,Egypt,X,Export,0,W00,World,0,W00,World,H4,HS,TRUE,10,Cereals,2,FALSE,C00,TOTAL CPC,0,0,TOTAL MOT,-1,N/A,0,FALSE,-1,N/A,0,FALSE,0,TRUE,0,FALSE,,7042744.266,7042744.266,4,FALSE,TRUE,HS_10
C,A,20210101,2021,52,2021,858,URY,Uruguay,X,Export,0,W00,World,0,W00,World,H5,HS,TRUE,10,Cereals,2,FALSE,C00,TOTAL CPC,0,0,TOTAL MOT,-1,N/A,0,FALSE,-1,N/A,0,FALSE,0,FALSE,0,FALSE,,594011411,594011411,0,FALSE,TRUE,HS_10
C,A,20210101,2021,52,2021,894,ZMB,Zambia,X,Export,0,W00,World,0,W00,World,H5,HS,TRUE,10,Cereals,2,FALSE,C00,TOTAL CPC,0,0,TOTAL MOT,-1,N/A,0,FALSE,-1,N/A,0,FALSE,0,FALSE,0,FALSE,,46633365.167,46633365.167,0,FALSE,TRUE,HS_10
C,A,20210101,2021,52,2021,24,AGO,Angola,X,Export,0,W00,World,0,W00,World,H5,HS,TRUE,1001,Wheat and meslin,4,FALSE,C00,TOTAL CPC,0,0,TOTAL MOT,8,kg,500,FALSE,8,kg,500,FALSE,500,FALSE,0,FALSE,,509.783,509.783,0,FALSE,TRUE,HS_1001
C,A,20210101,2021,52,2021,32,ARG,Argentina,X,Export,0,W00,World,0,W00,World,H5,HS,TRUE,1001,Wheat and meslin,4,FALSE,C00,TOTAL CPC,0,0,TOTAL MOT,8,kg,9485175010,FALSE,8,kg,9485175010,FALSE,9485175010,FALSE,0,FALSE,0,2454059219.64,2454059219.64,0,FALSE,TRUE,HS_1001
C,A,20210101,2021,52,2021,48,BHR,Bahrain,X,Export,0,W00,World,0,W00,World,H5,HS,TRUE,1001,Wheat and meslin,4,FALSE,C00,TOTAL CPC,0,0,TOTAL MOT,8,kg,193.8,FALSE,8,kg,193.8,FALSE,193.8,FALSE,0,FALSE,,1040.133,1040.133,0,FALSE,TRUE,HS_1001
C,A,20210101,2021,52,2021,76,BRA,Brazil,X,Export,0,W00,World,0,W00,World,H5,HS,TRUE,1001,Wheat and meslin,4,FALSE,C00,TOTAL CPC,0,0,TOTAL MOT,8,kg,1129348639.798,TRUE,-1,N/A,0,FALSE,1129348642.798,TRUE,0,FALSE,,284037396,284037396,6,FALSE,TRUE,HS_1001
C,A,20210101,2021,52,2021,144,LKA,Sri Lanka,X,Export,0,W00,World,0,W00,World,H5,HS,TRUE,1001,Wheat and meslin,4,FALSE,C00,TOTAL CPC,0,0,TOTAL MOT,8,kg,8593270,FALSE,8,kg,8593270,FALSE,8593270,FALSE,0,FALSE,0,3263907.89,3263907.89,0,FALSE,TRUE,HS_1001
C,A,20210101,2021,52,2021,152,CHL,Chile,X,Export,0,W00,World,0,W00,World,H5,HS,TRUE,1001,Wheat and meslin,4,FALSE,C00,TOTAL CPC,0,0,TOTAL MOT,-1,N/A,0,FALSE,-1,N/A,0,FALSE,0,FALSE,0,FALSE,0,38052.399,38052.399,0,FALSE,TRUE,HS_1001
C,A,20210101,2021,52,2021,170,COL,Colombia,X,Export,0,W00,World,0,W00,World,H5,HS,TRUE,1001,Wheat and meslin,4,FALSE,C00,TOTAL CPC,0,0,TOTAL MOT,8,kg,644,FALSE,8,kg,644,FALSE,644,FALSE,0,FALSE,0,507.45,507.45,0,FALSE,TRUE,HS_1001
C,A,20210101,2021,52,2021,218,ECU,Ecuador,X,Export,0,W00,World,0,W00,World,H5,HS,TRUE,1001,Wheat and meslin,4,FALSE,C00,TOTAL CPC,0,0,TOTAL MOT,8,kg,4.25,FALSE,8,kg,4.25,FALSE,4.25,FALSE,0,FALSE,0,4.11,4.11,0,FALSE,TRUE,HS_1001
C,A,20210101,2021,52,2021,222,SLV,El Salvador,X,Export,0,W00,World,0,W00,World,H5,HS,TRUE,1001,Wheat and meslin,4,FALSE,C00,TOTAL CPC,0,0,TOTAL MOT,8,kg,443560,FALSE,8,kg,443560,FALSE,443560,FALSE,0,FALSE,0,150530.01,150530.01,0,FALSE,TRUE,HS_1001
C,A,20210101,2021,52,2021,348,HUN,Hungary,X,Export,0,W00,World,0,W00,World,H5,HS,TRUE,1001,Wheat and meslin,4,FALSE,C00,TOTAL CPC,0,0,TOTAL MOT,-1,N/A,0,TRUE,-1,N/A,0,FALSE,0,TRUE,0,FALSE,0,670204903,670204903,6,FALSE,TRUE,HS_1001
C,A,20210101,2021,52,2021,384,CIV,Côte d'Ivoire,X,Export,0,W00,World,0,W00,World,H5,HS,TRUE,1001,Wheat and meslin,4,FALSE,C00,TOTAL CPC,0,0,TOTAL MOT,8,kg,287000,FALSE,8,kg,287000,FALSE,287000,FALSE,0,FALSE,,19302.485,19302.485,0,FALSE,TRUE,HS_1001
C,A,20210101,2021,52,2021,398,KAZ,Kazakhstan,X,Export,0,W00,World,0,W00,World,H5,HS,TRUE,1001,Wheat and meslin,4,FALSE,C00,TOTAL CPC,0,0,TOTAL MOT,8,kg,5746677570.7,FALSE,8,kg,5746677570.7,FALSE,5746677570.7,FALSE,0,FALSE,,1425172306.14,1425172306.14,0,FALSE,TRUE,HS_1001
C,A,20210101,2021,52,2021,484,MEX,Mexico,X,Export,0,W00,World,0,W00,World,H5,HS,TRUE,1001,Wheat and meslin,4,FALSE,C00,TOTAL CPC,0,0,TOTAL MOT,-1,N/A,0,FALSE,-1,N/A,0,FALSE,0,FALSE,0,FALSE,,106155936,106155936,0,FALSE,TRUE,HS_1001
C,A,20210101,2021,52,2021,504,MAR,Morocco,X,Export,0,W00,World,0,W00,World,H5,HS,TRUE,1001,Wheat and meslin,4,FALSE,C00,TOTAL CPC,0,0,TOTAL MOT,8,kg,48216.2,FALSE,8,kg,48216.2,FALSE,48216.2,FALSE,0,FALSE,0,54092.879,54092.879,0,FALSE,TRUE,HS_1001
C,A,20210101,2021,52,2021,566,NGA,Nigeria,X,Export,0,W00,World,0,W00,World,H4,HS,TRUE,1001,Wheat and meslin,4,FALSE,C00,TOTAL CPC,0,0,TOTAL MOT,-1,N/A,0,FALSE,-1,N/A,0,FALSE,0,FALSE,0,FALSE,0,6363.483,6363.483,0,FALSE,TRUE,HS_1001
C,A,20210101,2021,52,2021,604,PER,Peru,X,Export,0,W00,World,0,W00,World,H5,HS,TRUE,1001,Wheat and meslin,4,FALSE,C00,TOTAL CPC,0,0,TOTAL MOT,8,kg,107971.64,FALSE,8,kg,107971.64,FALSE,107971.64,FALSE,0,FALSE,0,171685.36,171685.36,0,FALSE,TRUE,HS_1001
C,A,20210101,2021,52,2021,616,POL,Poland,X,Export,0,W00,World,0,W00,World,H5,HS,TRUE,1001,Wheat and meslin,4,FALSE,C00,TOTAL CPC,0,0,TOTAL MOT,8,kg,3591489640.761,TRUE,-1,N/A,0,FALSE,3591489640.761,TRUE,0,FALSE,0,994331258,994331258,6,FALSE,TRUE,HS_1001
C,A,20210101,2021,52,2021,642,ROU,Romania,X,Export,0,W00,World,0,W00,World,H5,HS,TRUE,1001,Wheat and meslin,4,FALSE,C00,TOTAL CPC,0,0,TOTAL MOT,8,kg,6941075513,FALSE,8,kg,6941075513,FALSE,6941075513,FALSE,0,FALSE,0,1820092162.3,1820092162.3,0,FALSE,TRUE,HS_1001
C,A,20210101,2021,52,2021,682,SAU,Saudi Arabia,X,Export,0,W00,World,0,W00,World,H5,HS,TRUE,1001,Wheat and meslin,4,FALSE,C00,TOTAL CPC,0,0,TOTAL MOT,8,kg,6340,FALSE,8,kg,6340,FALSE,6340,FALSE,0,FALSE,,4000,4000,0,FALSE,TRUE,HS_1001
C,A,20210101,2021,52,2021,686,SEN,Senegal,X,Export,0,W00,World,0,W00,World,H5,HS,TRUE,1001,Wheat and meslin,4,FALSE,C00,TOTAL CPC,0,0,TOTAL MOT,8,kg,7500150,FALSE,8,kg,7500150,FALSE,7500150,FALSE,0,FALSE,0,3190353.503,3190353.503,0,FALSE,TRUE,HS_1001
C,A,20210101,2021,52,2021,704,VNM,Viet Nam,X,Export,0,W00,World,0,W00,World,H5,HS,TRUE,1001,Wheat and meslin,4,FALSE,C00,TOTAL CPC,0,0,TOTAL MOT,8,kg,49162623.745,TRUE,-1,N/A,0,FALSE,49162623.745,TRUE,0,FALSE,0,13137415.387,13137415.387,6,FALSE,TRUE,HS_1001
C,A,20210101,2021,52,2021,710,ZAF,South Africa,X,Export,0,W00,World,0,W00,World,H5,HS,TRUE,1001,Wheat and meslin,4,FALSE,C00,TOTAL CPC,0,0,TOTAL MOT,8,kg,263880203.26,FALSE,8,kg,263880203.26,FALSE,263880203.26,FALSE,0,FALSE,0,94668938.192,94668938.192,0,FALSE,TRUE,HS_1001
C,A,20210101,2021,52,2021,784,ARE,United Arab Emirates,X,Export,0,W00,World,0,W00,World,H5,HS,TRUE,1001,Wheat and meslin,4,FALSE,C00,TOTAL CPC,0,0,TOTAL MOT,-1,N/A,0,FALSE,-1,N/A,0,FALSE,0,FALSE,0,FALSE,0,34405983.464,34405983.464,0,FALSE,TRUE,HS_1001
C,A,20210101,2021,52,2021,792,TUR,Türkiye,X,Export,0,W00,World,0,W00,World,H5,HS,TRUE,1001,Wheat and meslin,4,FALSE,C00,TOTAL CPC,0,0,TOTAL MOT,-1,N/A,0,FALSE,-1,N/A,0,FALSE,,FALSE,0,FALSE,,97553571,97553571,0,FALSE,TRUE,HS_1001
C,A,20210101,2021,52,2021,818,EGY,Egypt,X,Export,0,W00,World,0,W00,World,H4,HS,TRUE,1001,Wheat and meslin,4,FALSE,C00,TOTAL CPC,0,0,TOTAL MOT,-1,N/A,0,TRUE,-1,N/A,0,FALSE,0,TRUE,0,FALSE,,10648,10648,6,FALSE,TRUE,HS_1001
C,A,20210101,2021,52,2021,858,URY,Uruguay,X,Export,0,W00,World,0,W00,World,H5,HS,TRUE,1001,Wheat and meslin,4,FALSE,C00,TOTAL CPC,0,0,TOTAL MOT,8,kg,529706720,FALSE,8,kg,529706720,FALSE,529706720,FALSE,0,FALSE,,137964364,137964364,0,FALSE,TRUE,HS_1001
C,A,20210101,2021,52,2021,894,ZMB,Zambia,X,Export,0,W00,World,0,W00,World,H5,HS,TRUE,1001,Wheat and meslin,4,FALSE,C00,TOTAL CPC,0,0,TOTAL MOT,8,kg,944400,FALSE,8,kg,944400,FALSE,944400,FALSE,0,FALSE,,304917.103,304917.103,0,FALSE,TRUE,HS_1001
C,A,20210101,2021,52,2021,24,AGO,Angola,X,Export,0,W00,World,0,W00,World,H5,HS,TRUE,1005,Maize (corn),4,FALSE,C00,TOTAL CPC,0,0,TOTAL MOT,8,kg,22980.084,FALSE,8,kg,22980.084,FALSE,22980.084,FALSE,0,FALSE,,11097.908,11097.908,0,FALSE,TRUE,HS_1005
C,A,20210101,2021,52,2021,32,ARG,Argentina,X,Export,0,W00,World,0,W00,World,H5,HS,TRUE,1005,Maize (corn),4,FALSE,C00,TOTAL CPC,0,0,TOTAL MOT,8,kg,36911996441.4,FALSE,8,kg,36911996441.4,FALSE,36911996441.4,FALSE,0,FALSE,0,8379754679.41,8379754679.41,0,FALSE,TRUE,HS_1005
C,A,20210101,2021,52,2021,48,BHR,Bahrain,X,Export,0,W00,World,0,W00,World,H5,HS,TRUE,1005,Maize (corn),4,FALSE,C00,TOTAL CPC,0,0,TOTAL MOT,8,kg,17326.89,FALSE,8,kg,17326.89,FALSE,17326.89,FALSE,0,FALSE,,24323.644,24323.644,0,FALSE,TRUE,HS_1005
C,A,20210101,2021,52,2021,76,BRA,Brazil,X,Export,0,W00,World,0,W00,World,H5,HS,TRUE,1005,Maize (corn),4,FALSE,C00,TOTAL CPC,0,0,TOTAL MOT,8,kg,20472926103.146,TRUE,-1,N/A,0,FALSE,20429565499.146,TRUE,0,FALSE,,4188846447,4188846447,6,FALSE,TRUE,HS_1005
C,A,20210101,2021,52,2021,144,LKA,Sri Lanka,X,Export,0,W00,World,0,W00,World,H5,HS,TRUE,1005,Maize (corn),4,FALSE,C00,TOTAL CPC,0,0,TOTAL MOT,8,kg,10642,FALSE,8,kg,10642,FALSE,10642,FALSE,0,FALSE,0,46884.936,46884.936,0,FALSE,TRUE,HS_1005
C,A,20210101,2021,52,2021,152,CHL,Chile,X,Export,0,W00,World,0,W00,World,H5,HS,TRUE,1005,Maize (corn),4,FALSE,C00,TOTAL CPC,0,0,TOTAL MOT,8,kg,30921526.479,TRUE,-1,N/A,0,FALSE,30921526.479,TRUE,0,FALSE,0,100415385.739,100415385.739,6,FALSE,TRUE,HS_1005
C,A,20210101,2021,52,2021,170,COL,Colombia,X,Export,0,W00,World,0,W00,World,H5,HS,TRUE,1005,Maize (corn),4,FALSE,C00,TOTAL CPC,0,0,TOTAL MOT,8,kg,1795368.56,FALSE,8,kg,1795368.56,FALSE,1795368.56,FALSE,0,FALSE,0,4772769.89,4772769.89,0,FALSE,TRUE,HS_1005
C,A,20210101,2021,52,2021,218,ECU,Ecuador,X,Export,0,W00,World,0,W00,World,H5,HS,TRUE,1005,Maize (corn),4,FALSE,C00,TOTAL CPC,0,0,TOTAL MOT,8,kg,4654576.62,FALSE,8,kg,4654576.62,FALSE,4654576.62,FALSE,0,FALSE,0,1486226.07,1486226.07,0,FALSE,TRUE,HS_1005
C,A,20210101,2021,52,2021,222,SLV,El Salvador,X,Export,0,W00,World,0,W00,World,H5,HS,TRUE,1005,Maize (corn),4,FALSE,C00,TOTAL CPC,0,0,TOTAL MOT,8,kg,6510480.984,TRUE,-1,N/A,0,FALSE,6510480.984,TRUE,0,FALSE,0,2497348.01,2497348.01,6,FALSE,TRUE,HS_1005
C,A,20210101,2021,52,2021,348,HUN,Hungary,X,Export,0,W00,World,0,W00,World,H5,HS,TRUE,1005,Maize (corn),4,FALSE,C00,TOTAL CPC,0,0,TOTAL MOT,-1,N/A,0,FALSE,-1,N/A,0,FALSE,0,FALSE,0,FALSE,0,1038999728,1038999728,0,FALSE,TRUE,HS_1005
C,A,20210101,2021,52,2021,360,IDN,Indonesia,X,Export,0,W00,World,0,W00,World,H5,HS,TRUE,1005,Maize (corn),4,FALSE,C00,TOTAL CPC,0,0,TOTAL MOT,8,kg,2538735.545,TRUE,-1,N/A,0,FALSE,2538735.545,TRUE,0,FALSE,0,4235326.17,4235326.17,6,FALSE,TRUE,HS_1005
C,A,20210101,2021,52,2021,384,CIV,Côte d'Ivoire,X,Export,0,W00,World,0,W00,World,H5,HS,TRUE,1005,Maize (corn),4,FALSE,C00,TOTAL CPC,0,0,TOTAL MOT,8,kg,29965915,FALSE,8,kg,29965915,FALSE,29965915,FALSE,0,FALSE,,2971034.249,2971034.249,0,FALSE,TRUE,HS_1005
C,A,20210101,2021,52,2021,398,KAZ,Kazakhstan,X,Export,0,W00,World,0,W00,World,H5,HS,TRUE,1005,Maize (corn),4,FALSE,C00,TOTAL CPC,0,0,TOTAL MOT,8,kg,86803252.703,TRUE,-1,N/A,0,FALSE,86803252.703,TRUE,0,FALSE,,22305496.11,22305496.11,6,FALSE,TRUE,HS_1005
C,A,20210101,2021,52,2021,484,MEX,Mexico,X,Export,0,W00,World,0,W00,World,H5,HS,TRUE,1005,Maize (corn),4,FALSE,C00,TOTAL CPC,0,0,TOTAL MOT,-1,N/A,0,FALSE,-1,N/A,0,FALSE,0,FALSE,0,FALSE,,60925398,60925398,0,FALSE,TRUE,HS_1005
C,A,20210101,2021,52,2021,504,MAR,Morocco,X,Export,0,W00,World,0,W00,World,H5,HS,TRUE,1005,Maize (corn),4,FALSE,C00,TOTAL CPC,0,0,TOTAL MOT,8,kg,1099,FALSE,8,kg,1099,FALSE,1099,FALSE,0,FALSE,0,15554.235,15554.235,0,FALSE,TRUE,HS_1005
C,A,20210101,2021,52,2021,566,NGA,Nigeria,X,Export,0,W00,World,0,W00,World,H4,HS,TRUE,1005,Maize (corn),4,FALSE,C00,TOTAL CPC,0,0,TOTAL MOT,8,kg,210800,FALSE,8,kg,210800,FALSE,210800,FALSE,0,FALSE,0,168790.987,168790.987,0,FALSE,TRUE,HS_1005
C,A,20210101,2021,52,2021,586,PAK,Pakistan,X,Export,0,W00,World,0,W00,World,H5,HS,TRUE,1005,Maize (corn),4,FALSE,C00,TOTAL CPC,0,0,TOTAL MOT,-1,N/A,0,FALSE,-1,N/A,0,FALSE,0,FALSE,0,FALSE,0,106532520.006,106532520.006,0,FALSE,TRUE,HS_1005
C,A,20210101,2021,52,2021,604,PER,Peru,X,Export,0,W00,World,0,W00,World,H5,HS,TRUE,1005,Maize (corn),4,FALSE,C00,TOTAL CPC,0,0,TOTAL MOT,8,kg,12039061.75,FALSE,8,kg,12039061.75,FALSE,12039061.75,FALSE,0,FALSE,0,22735696.71,22735696.71,0,FALSE,TRUE,HS_1005
C,A,20210101,2021,52,2021,608,PHL,Philippines,X,Export,0,W00,World,0,W00,World,H5,HS,TRUE,1005,Maize (corn),4,FALSE,C00,TOTAL CPC,0,0,TOTAL MOT,8,kg,906410.903,TRUE,-1,N/A,0,FALSE,906410.903,TRUE,932665.05,FALSE,,3053883,3053883,6,FALSE,TRUE,HS_1005
C,A,20210101,2021,52,2021,616,POL,Poland,X,Export,0,W00,World,0,W00,World,H5,HS,TRUE,1005,Maize (corn),4,FALSE,C00,TOTAL CPC,0,0,TOTAL MOT,8,kg,2285998605.449,TRUE,-1,N/A,0,FALSE,2285998605.449,TRUE,0,FALSE,0,633785310,633785310,6,FALSE,TRUE,HS_1005
C,A,20210101,2021,52,2021,634,QAT,Qatar,X,Export,0,W00,World,0,W00,World,H5,HS,TRUE,1005,Maize (corn),4,FALSE,C00,TOTAL CPC,0,0,TOTAL MOT,-1,N/A,0,FALSE,-1,N/A,0,FALSE,0,FALSE,0,FALSE,0,25326.772,25326.772,0,FALSE,TRUE,HS_1005
C,A,20210101,2021,52,2021,642,ROU,Romania,X,Export,0,W00,World,0,W00,World,H5,HS,TRUE,1005,Maize (corn),4,FALSE,C00,TOTAL CPC,0,0,TOTAL MOT,8,kg,7061845949.18,FALSE,8,kg,7061845949.18,FALSE,7061845949.18,FALSE,0,FALSE,0,1936163999.48,1936163999.48,0,FALSE,TRUE,HS_1005
C,A,20210101,2021,52,2021,682,SAU,Saudi Arabia,X,Export,0,W00,World,0,W00,World,H5,HS,TRUE,1005,Maize (corn),4,FALSE,C00,TOTAL CPC,0,0,TOTAL MOT,8,kg,61735,FALSE,8,kg,61735,FALSE,61735,FALSE,0,FALSE,,55964.265,55964.265,0,FALSE,TRUE,HS_1005
C,A,20210101,2021,52,2021,686,SEN,Senegal,X,Export,0,W00,World,0,W00,World,H5,HS,TRUE,1005,Maize (corn),4,FALSE,C00,TOTAL CPC,0,0,TOTAL MOT,8,kg,164133,FALSE,8,kg,164133,FALSE,164133,FALSE,0,FALSE,0,86516.363,86516.363,0,FALSE,TRUE,HS_1005
C,A,20210101,2021,52,2021,704,VNM,Viet Nam,X,Export,0,W00,World,0,W00,World,H5,HS,TRUE,1005,Maize (corn),4,FALSE,C00,TOTAL CPC,0,0,TOTAL MOT,8,kg,314826486.387,TRUE,-1,N/A,0,FALSE,314826486.387,TRUE,0,FALSE,0,82621825.084,82621825.084,6,FALSE,TRUE,HS_1005
C,A,20210101,2021,52,2021,710,ZAF,South Africa,X,Export,0,W00,World,0,W00,World,H5,HS,TRUE,1005,Maize (corn),4,FALSE,C00,TOTAL CPC,0,0,TOTAL MOT,-1,N/A,0,FALSE,-1,N/A,0,FALSE,0,FALSE,0,FALSE,0,808621584.106,808621584.106,0,FALSE,TRUE,HS_1005
C,A,20210101,2021,52,2021,784,ARE,United Arab Emirates,X,Export,0,W00,World,0,W00,World,H5,HS,TRUE,1005,Maize (corn),4,FALSE,C00,TOTAL CPC,0,0,TOTAL MOT,8,kg,35735108.56,FALSE,8,kg,35735108.56,FALSE,35735108.56,FALSE,0,FALSE,0,21168105.364,21168105.364,0,FALSE,TRUE,HS_1005
C,A,20210101,2021,52,2021,792,TUR,Türkiye,X,Export,0,W00,World,0,W00,World,H5,HS,TRUE,1005,Maize (corn),4,FALSE,C00,TOTAL CPC,0,0,TOTAL MOT,-1,N/A,0,FALSE,-1,N/A,0,FALSE,,FALSE,0,FALSE,,143575080,143575080,0,FALSE,TRUE,HS_1005
C,A,20210101,2021,52,2021,818,EGY,Egypt,X,Export,0,W00,World,0,W00,World,H4,HS,TRUE,1005,Maize (corn),4,FALSE,C00,TOTAL CPC,0,0,TOTAL MOT,8,kg,7401161.002,TRUE,-1,N/A,0,FALSE,7401161.002,TRUE,0,FALSE,,2083513.212,2083513.212,6,FALSE,TRUE,HS_1005
C,A,20210101,2021,52,2021,858,URY,Uruguay,X,Export,0,W00,World,0,W00,World,H5,HS,TRUE,1005,Maize (corn),4,FALSE,C00,TOTAL CPC,0,0,TOTAL MOT,8,kg,5272.993,FALSE,8,kg,5272.993,FALSE,5272.993,FALSE,0,FALSE,,22702,22702,0,FALSE,TRUE,HS_1005
C,A,20210101,2021,52,2021,894,ZMB,Zambia,X,Export,0,W00,World,0,W00,World,H5,HS,TRUE,1005,Maize (corn),4,FALSE,C00,TOTAL CPC,0,0,TOTAL MOT,8,kg,115760063.2,FALSE,8,kg,115760063.2,FALSE,115760063.2,FALSE,0,FALSE,,45975273.604,45975273.604,0,FALSE,TRUE,HS_1005
C,A,20210101,2021,52,2021,24,AGO,Angola,X,Export,0,W00,World,0,W00,World,H5,HS,TRUE,12,"Oil seeds and oleaginous fruits; miscellaneous grains, seeds and fruit, industrial or medicinal plants; straw and fodder",2,FALSE,C00,TOTAL CPC,0,0,TOTAL MOT,-1,N/A,0,FALSE,-1,N/A,0,FALSE,0,FALSE,0,FALSE,,2620.551,2620.551,0,FALSE,TRUE,HS_12
C,A,20210101,2021,52,2021,32,ARG,Argentina,X,Export,0,W00,World,0,W00,World,H5,HS,TRUE,12,"Oil seeds and oleaginous fruits; miscellaneous grains, seeds and fruit, industrial or medicinal plants; straw and fodder",2,FALSE,C00,TOTAL CPC,0,0,TOTAL MOT,-1,N/A,0,FALSE,-1,N/A,0,FALSE,0,FALSE,0,FALSE,0,3722416274.56,3722416274.56,0,FALSE,TRUE,HS_12
C,A,20210101,2021,52,2021,48,BHR,Bahrain,X,Export,0,W00,World,0,W00,World,H5,HS,TRUE,12,"Oil seeds and oleaginous fruits; miscellaneous grains, seeds and fruit, industrial or medicinal plants; straw and fodder",2,FALSE,C00,TOTAL CPC,0,0,TOTAL MOT,-1,N/A,0,FALSE,-1,N/A,0,FALSE,0,FALSE,0,FALSE,,2513342.679,2513342.679,0,FALSE,TRUE,HS_12
C,A,20210101,2021,52,2021,76,BRA,Brazil,X,Export,0,W00,World,0,W00,World,H5,HS,TRUE,12,"Oil seeds and oleaginous fruits; miscellaneous grains, seeds and fruit, industrial or medicinal plants; straw and fodder",2,FALSE,C00,TOTAL CPC,0,0,TOTAL MOT,-1,N/A,0,FALSE,-1,N/A,0,FALSE,,FALSE,0,FALSE,,39157660854,39157660854,0,FALSE,TRUE,HS_12
C,A,20210101,2021,52,2021,144,LKA,Sri Lanka,X,Export,0,W00,World,0,W00,World,H5,HS,TRUE,12,"Oil seeds and oleaginous fruits; miscellaneous grains, seeds and fruit, industrial or medicinal plants; straw and fodder",2,FALSE,C00,TOTAL CPC,0,0,TOTAL MOT,-1,N/A,0,FALSE,-1,N/A,0,FALSE,0,FALSE,0,FALSE,0,17343255.606,17343255.606,0,FALSE,TRUE,HS_12
C,A,20210101,2021,52,2021,152,CHL,Chile,X,Export,0,W00,World,0,W00,World,H5,HS,TRUE,12,"Oil seeds and oleaginous fruits; miscellaneous grains, seeds and fruit, industrial or medicinal plants; straw and fodder",2,FALSE,C00,TOTAL CPC,0,0,TOTAL MOT,-1,N/A,0,FALSE,-1,N/A,0,FALSE,0,TRUE,0,FALSE,0,372358813,372358813,4,FALSE,TRUE,HS_12
C,A,20210101,2021,52,2021,170,COL,Colombia,X,Export,0,W00,World,0,W00,World,H5,HS,TRUE,12,"Oil seeds and oleaginous fruits; miscellaneous grains, seeds and fruit, industrial or medicinal plants; straw and fodder",2,FALSE,C00,TOTAL CPC,0,0,TOTAL MOT,-1,N/A,0,FALSE,-1,N/A,0,FALSE,0,FALSE,0,FALSE,0,38804950.4,38804950.4,0,FALSE,TRUE,HS_12
C,A,20210101,2021,52,2021,218,ECU,Ecuador,X,Export,0,W00,World,0,W00,World,H5,HS,TRUE,12,"Oil seeds and oleaginous fruits; miscellaneous grains, seeds and fruit, industrial or medicinal plants; straw and fodder",2,FALSE,C00,TOTAL CPC,0,0,TOTAL MOT,-1,N/A,0,FALSE,-1,N/A,0,FALSE,0,FALSE,0,FALSE,0,3996569.622,3996569.622,0,FALSE,TRUE,HS_12
C,A,20210101,2021,52,2021,222,SLV,El Salvador,X,Export,0,W00,World,0,W00,World,H5,HS,TRUE,12,"Oil seeds and oleaginous fruits; miscellaneous grains, seeds and fruit, industrial or medicinal plants; straw and fodder",2,FALSE,C00,TOTAL CPC,0,0,TOTAL MOT,-1,N/A,0,FALSE,-1,N/A,0,FALSE,0,FALSE,0,FALSE,0,1185849.7,1185849.7,0,FALSE,TRUE,HS_12
C,A,20210101,2021,52,2021,348,HUN,Hungary,X,Export,0,W00,World,0,W00,World,H5,HS,TRUE,12,"Oil seeds and oleaginous fruits; miscellaneous grains, seeds and fruit, industrial or medicinal plants; straw and fodder",2,FALSE,C00,TOTAL CPC,0,0,TOTAL MOT,-1,N/A,0,FALSE,-1,N/A,0,FALSE,0,TRUE,0,FALSE,0,716819632,716819632,4,FALSE,TRUE,HS_12
C,A,20210101,2021,52,2021,360,IDN,Indonesia,X,Export,0,W00,World,0,W00,World,H5,HS,TRUE,12,"Oil seeds and oleaginous fruits; miscellaneous grains, seeds and fruit, industrial or medicinal plants; straw and fodder",2,FALSE,C00,TOTAL CPC,0,0,TOTAL MOT,-1,N/A,0,FALSE,-1,N/A,0,FALSE,0,TRUE,0,FALSE,0,348250058.741,348250058.741,4,FALSE,TRUE,HS_12
C,A,20210101,2021,52,2021,384,CIV,Côte d'Ivoire,X,Export,0,W00,World,0,W00,World,H5,HS,TRUE,12,"Oil seeds and oleaginous fruits; miscellaneous grains, seeds and fruit, industrial or medicinal plants; straw and fodder",2,FALSE,C00,TOTAL CPC,0,0,TOTAL MOT,-1,N/A,0,FALSE,-1,N/A,0,FALSE,0,TRUE,0,FALSE,,40319540.609,40319540.609,4,FALSE,TRUE,HS_12
C,A,20210101,2021,52,2021,398,KAZ,Kazakhstan,X,Export,0,W00,World,0,W00,World,H5,HS,TRUE,12,"Oil seeds and oleaginous fruits; miscellaneous grains, seeds and fruit, industrial or medicinal plants; straw and fodder",2,FALSE,C00,TOTAL CPC,0,0,TOTAL MOT,-1,N/A,0,FALSE,-1,N/A,0,FALSE,0,FALSE,0,FALSE,,382152921.97,382152921.97,0,FALSE,TRUE,HS_12
C,A,20210101,2021,52,2021,484,MEX,Mexico,X,Export,0,W00,World,0,W00,World,H5,HS,TRUE,12,"Oil seeds and oleaginous fruits; miscellaneous grains, seeds and fruit, industrial or medicinal plants; straw and fodder",2,FALSE,C00,TOTAL CPC,0,0,TOTAL MOT,-1,N/A,0,FALSE,-1,N/A,0,FALSE,0,TRUE,0,FALSE,,226062488,226062488,4,FALSE,TRUE,HS_12
C,A,20210101,2021,52,2021,504,MAR,Morocco,X,Export,0,W00,World,0,W00,World,H5,HS,TRUE,12,"Oil seeds and oleaginous fruits; miscellaneous grains, seeds and fruit, industrial or medicinal plants; straw and fodder",2,FALSE,C00,TOTAL CPC,0,0,TOTAL MOT,-1,N/A,0,FALSE,-1,N/A,0,FALSE,0,FALSE,0,FALSE,0,322172682.858,322172682.858,0,FALSE,TRUE,HS_12
C,A,20210101,2021,52,2021,566,NGA,Nigeria,X,Export,0,W00,World,0,W00,World,H4,HS,TRUE,12,"Oil seeds and oleaginous fruits; miscellaneous grains, seeds and fruit, industrial or medicinal plants; straw and fodder",2,FALSE,C00,TOTAL CPC,0,0,TOTAL MOT,-1,N/A,0,FALSE,-1,N/A,0,FALSE,0,FALSE,0,FALSE,0,323862730.375,323862730.375,0,FALSE,TRUE,HS_12
C,A,20210101,2021,52,2021,586,PAK,Pakistan,X,Export,0,W00,World,0,W00,World,H5,HS,TRUE,12,"Oil seeds and oleaginous fruits; miscellaneous grains, seeds and fruit, industrial or medicinal plants; straw and fodder",2,FALSE,C00,TOTAL CPC,0,0,TOTAL MOT,-1,N/A,0,FALSE,-1,N/A,0,FALSE,0,FALSE,0,FALSE,0,294894829.441,294894829.441,0,FALSE,TRUE,HS_12
C,A,20210101,2021,52,2021,591,PAN,Panama,X,Export,0,W00,World,0,W00,World,H5,HS,TRUE,12,"Oil seeds and oleaginous fruits; miscellaneous grains, seeds and fruit, industrial or medicinal plants; straw and fodder",2,FALSE,C00,TOTAL CPC,0,0,TOTAL MOT,-1,N/A,0,FALSE,-1,N/A,0,FALSE,0,FALSE,0,FALSE,0,3273138,3273138,0,FALSE,TRUE,HS_12
C,A,20210101,2021,52,2021,604,PER,Peru,X,Export,0,W00,World,0,W00,World,H5,HS,TRUE,12,"Oil seeds and oleaginous fruits; miscellaneous grains, seeds and fruit, industrial or medicinal plants; straw and fodder",2,FALSE,C00,TOTAL CPC,0,0,TOTAL MOT,-1,N/A,0,FALSE,-1,N/A,0,FALSE,0,FALSE,0,FALSE,0,154323460.61,154323460.61,0,FALSE,TRUE,HS_12
C,A,20210101,2021,52,2021,608,PHL,Philippines,X,Export,0,W00,World,0,W00,World,H5,HS,TRUE,12,"Oil seeds and oleaginous fruits; miscellaneous grains, seeds and fruit, industrial or medicinal plants; straw and fodder",2,FALSE,C00,TOTAL CPC,0,0,TOTAL MOT,-1,N/A,0,FALSE,-1,N/A,0,FALSE,,FALSE,0,FALSE,,24948234,24948234,0,FALSE,TRUE,HS_12
C,A,20210101,2021,52,2021,616,POL,Poland,X,Export,0,W00,World,0,W00,World,H5,HS,TRUE,12,"Oil seeds and oleaginous fruits; miscellaneous grains, seeds and fruit, industrial or medicinal plants; straw and fodder",2,FALSE,C00,TOTAL CPC,0,0,TOTAL MOT,-1,N/A,0,FALSE,-1,N/A,0,FALSE,0,TRUE,0,FALSE,0,652326997,652326997,4,FALSE,TRUE,HS_12
C,A,20210101,2021,52,2021,642,ROU,Romania,X,Export,0,W00,World,0,W00,World,H5,HS,TRUE,12,"Oil seeds and oleaginous fruits; miscellaneous grains, seeds and fruit, industrial or medicinal plants; straw and fodder",2,FALSE,C00,TOTAL CPC,0,0,TOTAL MOT,-1,N/A,0,FALSE,-1,N/A,0,FALSE,0,TRUE,0,FALSE,0,1791367616.41,1791367616.41,4,FALSE,TRUE,HS_12
C,A,20210101,2021,52,2021,682,SAU,Saudi Arabia,X,Export,0,W00,World,0,W00,World,H5,HS,TRUE,12,"Oil seeds and oleaginous fruits; miscellaneous grains, seeds and fruit, industrial or medicinal plants; straw and fodder",2,FALSE,C00,TOTAL CPC,0,0,TOTAL MOT,-1,N/A,0,FALSE,-1,N/A,0,FALSE,0,FALSE,0,FALSE,,7039789.691,7039789.691,0,FALSE,TRUE,HS_12
C,A,20210101,2021,52,2021,686,SEN,Senegal,X,Export,0,W00,World,0,W00,World,H5,HS,TRUE,12,"Oil seeds and oleaginous fruits; miscellaneous grains, seeds and fruit, industrial or medicinal plants; straw and fodder",2,FALSE,C00,TOTAL CPC,0,0,TOTAL MOT,-1,N/A,0,FALSE,-1,N/A,0,FALSE,0,FALSE,0,FALSE,0,290134358.493,290134358.493,0,FALSE,TRUE,HS_12
C,A,20210101,2021,52,2021,704,VNM,Viet Nam,X,Export,0,W00,World,0,W00,World,H5,HS,TRUE,12,"Oil seeds and oleaginous fruits; miscellaneous grains, seeds and fruit, industrial or medicinal plants; straw and fodder",2,FALSE,C00,TOTAL CPC,0,0,TOTAL MOT,-1,N/A,0,FALSE,-1,N/A,0,FALSE,0,FALSE,0,FALSE,0,250869006.456,250869006.456,0,FALSE,TRUE,HS_12
C,A,20210101,2021,52,2021,710,ZAF,South Africa,X,Export,0,W00,World,0,W00,World,H5,HS,TRUE,12,"Oil seeds and oleaginous fruits; miscellaneous grains, seeds and fruit, industrial or medicinal plants; straw and fodder",2,FALSE,C00,TOTAL CPC,0,0,TOTAL MOT,-1,N/A,0,FALSE,-1,N/A,0,FALSE,0,TRUE,0,FALSE,0,300256337.34,300256337.34,4,FALSE,TRUE,HS_12
C,A,20210101,2021,52,2021,784,ARE,United Arab Emirates,X,Export,0,W00,World,0,W00,World,H5,HS,TRUE,12,"Oil seeds and oleaginous fruits; miscellaneous grains, seeds and fruit, industrial or medicinal plants; straw and fodder",2,FALSE,C00,TOTAL CPC,0,0,TOTAL MOT,-1,N/A,0,FALSE,-1,N/A,0,FALSE,0,TRUE,0,FALSE,0,109573087.734,109573087.734,4,FALSE,TRUE,HS_12
C,A,20210101,2021,52,2021,792,TUR,Türkiye,X,Export,0,W00,World,0,W00,World,H5,HS,TRUE,12,"Oil seeds and oleaginous fruits; miscellaneous grains, seeds and fruit, industrial or medicinal plants; straw and fodder",2,FALSE,C00,TOTAL CPC,0,0,TOTAL MOT,-1,N/A,0,FALSE,-1,N/A,0,FALSE,0,TRUE,0,FALSE,,579045559,579045559,4,FALSE,TRUE,HS_12
C,A,20210101,2021,52,2021,818,EGY,Egypt,X,Export,0,W00,World,0,W00,World,H4,HS,TRUE,12,"Oil seeds and oleaginous fruits; miscellaneous grains, seeds and fruit, industrial or medicinal plants; straw and fodder",2,FALSE,C00,TOTAL CPC,0,0,TOTAL MOT,-1,N/A,0,FALSE,-1,N/A,0,FALSE,,FALSE,0,FALSE,,407085801.8,407085801.8,0,FALSE,TRUE,HS_12
C,A,20210101,2021,52,2021,858,URY,Uruguay,X,Export,0,W00,World,0,W00,World,H5,HS,TRUE,12,"Oil seeds and oleaginous fruits; miscellaneous grains, seeds and fruit, industrial or medicinal plants; straw and fodder",2,FALSE,C00,TOTAL CPC,0,0,TOTAL MOT,-1,N/A,0,FALSE,-1,N/A,0,FALSE,0,FALSE,0,FALSE,,995927358,995927358,0,FALSE,TRUE,HS_12
C,A,20210101,2021,52,2021,894,ZMB,Zambia,X,Export,0,W00,World,0,W00,World,H5,HS,TRUE,12,"Oil seeds and oleaginous fruits; miscellaneous grains, seeds and fruit, industrial or medicinal plants; straw and fodder",2,FALSE,C00,TOTAL CPC,0,0,TOTAL MOT,-1,N/A,0,FALSE,-1,N/A,0,FALSE,0,FALSE,0,FALSE,,29500052.865,29500052.865,0,FALSE,TRUE,HS_12
C,A,20210101,2021,52,2021,24,AGO,Angola,X,Export,0,W00,World,0,W00,World,H5,HS,TRUE,1201,"Soya beans, whether or not broken",4,FALSE,C00,TOTAL CPC,0,0,TOTAL MOT,8,kg,33,FALSE,8,kg,33,FALSE,33,FALSE,0,FALSE,,101.078,101.078,0,FALSE,TRUE,HS_1201
C,A,20210101,2021,52,2021,32,ARG,Argentina,X,Export,0,W00,World,0,W00,World,H5,HS,TRUE,1201,"Soya beans, whether or not broken",4,FALSE,C00,TOTAL CPC,0,0,TOTAL MOT,8,kg,4284452885.6,FALSE,8,kg,4284452885.6,FALSE,4284452885.6,FALSE,0,FALSE,0,2232370596.24,2232370596.24,0,FALSE,TRUE,HS_1201
C,A,20210101,2021,52,2021,48,BHR,Bahrain,X,Export,0,W00,World,0,W00,World,H5,HS,TRUE,1201,"Soya beans, whether or not broken",4,FALSE,C00,TOTAL CPC,0,0,TOTAL MOT,8,kg,636,FALSE,8,kg,636,FALSE,636,FALSE,0,FALSE,,1770.479,1770.479,0,FALSE,TRUE,HS_1201
C,A,20210101,2021,52,2021,76,BRA,Brazil,X,Export,0,W00,World,0,W00,World,H5,HS,TRUE,1201,"Soya beans, whether or not broken",4,FALSE,C00,TOTAL CPC,0,0,TOTAL MOT,8,kg,86707844242.359,TRUE,-1,N/A,0,FALSE,86109785914.359,TRUE,0,FALSE,,38638730742,38638730742,6,FALSE,TRUE,HS_1201
C,A,20210101,2021,52,2021,144,LKA,Sri Lanka,X,Export,0,W00,World,0,W00,World,H5,HS,TRUE,1201,"Soya beans, whether or not broken",4,FALSE,C00,TOTAL CPC,0,0,TOTAL MOT,8,kg,16674.02,FALSE,8,kg,16674.02,FALSE,16674.02,FALSE,0,FALSE,0,65886.921,65886.921,0,FALSE,TRUE,HS_1201
C,A,20210101,2021,52,2021,152,CHL,Chile,X,Export,0,W00,World,0,W00,World,H5,HS,TRUE,1201,"Soya beans, whether or not broken",4,FALSE,C00,TOTAL CPC,0,0,TOTAL MOT,-1,N/A,0,FALSE,-1,N/A,0,FALSE,0,FALSE,0,FALSE,0,14871159,14871159,0,FALSE,TRUE,HS_1201
C,A,20210101,2021,52,2021,170,COL,Colombia,X,Export,0,W00,World,0,W00,World,H5,HS,TRUE,1201,"Soya beans, whether or not broken",4,FALSE,C00,TOTAL CPC,0,0,TOTAL MOT,8,kg,564.62,FALSE,8,kg,564.62,FALSE,564.62,FALSE,0,FALSE,0,674.77,674.77,0,FALSE,TRUE,HS_1201
C,A,20210101,2021,52,2021,218,ECU,Ecuador,X,Export,0,W00,World,0,W00,World,H5,HS,TRUE,1201,"Soya beans, whether or not broken",4,FALSE,C00,TOTAL CPC,0,0,TOTAL MOT,8,kg,9007.15,FALSE,8,kg,9007.15,FALSE,9007.15,FALSE,0,FALSE,0,38126.46,38126.46,0,FALSE,TRUE,HS_1201
C,A,20210101,2021,52,2021,348,HUN,Hungary,X,Export,0,W00,World,0,W00,World,H5,HS,TRUE,1201,"Soya beans, whether or not broken",4,FALSE,C00,TOTAL CPC,0,0,TOTAL MOT,-1,N/A,0,FALSE,-1,N/A,0,FALSE,0,FALSE,0,FALSE,0,53563920,53563920,0,FALSE,TRUE,HS_1201
C,A,20210101,2021,52,2021,360,IDN,Indonesia,X,Export,0,W00,World,0,W00,World,H5,HS,TRUE,1201,"Soya beans, whether or not broken",4,FALSE,C00,TOTAL CPC,0,0,TOTAL MOT,8,kg,2178191.3,FALSE,8,kg,2178191.3,FALSE,2178191.3,FALSE,0,FALSE,0,676563.16,676563.16,0,FALSE,TRUE,HS_1201
C,A,20210101,2021,52,2021,384,CIV,Côte d'Ivoire,X,Export,0,W00,World,0,W00,World,H5,HS,TRUE,1201,"Soya beans, whether or not broken",4,FALSE,C00,TOTAL CPC,0,0,TOTAL MOT,8,kg,1659885,FALSE,8,kg,1659885,FALSE,1659885,FALSE,0,FALSE,,271091.025,271091.025,0,FALSE,TRUE,HS_1201
C,A,20210101,2021,52,2021,398,KAZ,Kazakhstan,X,Export,0,W00,World,0,W00,World,H5,HS,TRUE,1201,"Soya beans, whether or not broken",4,FALSE,C00,TOTAL CPC,0,0,TOTAL MOT,8,kg,21574171,FALSE,8,kg,21574171,FALSE,21574171,FALSE,0,FALSE,,15803955.37,15803955.37,0,FALSE,TRUE,HS_1201
C,A,20210101,2021,52,2021,484,MEX,Mexico,X,Export,0,W00,World,0,W00,World,H5,HS,TRUE,1201,"Soya beans, whether or not broken",4,FALSE,C00,TOTAL CPC,0,0,TOTAL MOT,8,kg,488200,FALSE,8,kg,488200,FALSE,488200,FALSE,0,FALSE,,299911,299911,0,FALSE,TRUE,HS_1201
C,A,20210101,2021,52,2021,566,NGA,Nigeria,X,Export,0,W00,World,0,W00,World,H4,HS,TRUE,1201,"Soya beans, whether or not broken",4,FALSE,C00,TOTAL CPC,0,0,TOTAL MOT,-1,N/A,0,FALSE,-1,N/A,0,FALSE,0,FALSE,0,FALSE,0,9393865.204,9393865.204,0,FALSE,TRUE,HS_1201
C,A,20210101,2021,52,2021,586,PAK,Pakistan,X,Export,0,W00,World,0,W00,World,H5,HS,TRUE,1201,"Soya beans, whether or not broken",4,FALSE,C00,TOTAL CPC,0,0,TOTAL MOT,8,kg,335500,FALSE,8,kg,335500,FALSE,335500,FALSE,0,FALSE,0,206179.367,206179.367,0,FALSE,TRUE,HS_1201
C,A,20210101,2021,52,2021,604,PER,Peru,X,Export,0,W00,World,0,W00,World,H5,HS,TRUE,1201,"Soya beans, whether or not broken",4,FALSE,C00,TOTAL CPC,0,0,TOTAL MOT,8,kg,10108.36,FALSE,8,kg,10108.36,FALSE,10108.36,FALSE,0,FALSE,0,16971.44,16971.44,0,FALSE,TRUE,HS_1201
C,A,20210101,2021,52,2021,608,PHL,Philippines,X,Export,0,W00,World,0,W00,World,H5,HS,TRUE,1201,"Soya beans, whether or not broken",4,FALSE,C00,TOTAL CPC,0,0,TOTAL MOT,8,kg,600.157,TRUE,-1,N/A,0,FALSE,600.157,TRUE,412.5,FALSE,,323,323,6,FALSE,TRUE,HS_1201
C,A,20210101,2021,52,2021,616,POL,Poland,X,Export,0,W00,World,0,W00,World,H5,HS,TRUE,1201,"Soya beans, whether or not broken",4,FALSE,C00,TOTAL CPC,0,0,TOTAL MOT,8,kg,8171990.219,TRUE,-1,N/A,0,FALSE,8171990.219,TRUE,0,FALSE,0,6333203,6333203,6,FALSE,TRUE,HS_1201
C,A,20210101,2021,52,2021,642,ROU,Romania,X,Export,0,W00,World,0,W00,World,H5,HS,TRUE,1201,"Soya beans, whether or not broken",4,FALSE,C00,TOTAL CPC,0,0,TOTAL MOT,8,kg,166181578.46,FALSE,8,kg,166181578.46,FALSE,166181578.46,FALSE,0,FALSE,0,104196859.79,104196859.79,0,FALSE,TRUE,HS_1201
C,A,20210101,2021,52,2021,682,SAU,Saudi Arabia,X,Export,0,W00,World,0,W00,World,H5,HS,TRUE,1201,"Soya beans, whether or not broken",4,FALSE,C00,TOTAL CPC,0,0,TOTAL MOT,8,kg,1611,FALSE,8,kg,1611,FALSE,1611,FALSE,0,FALSE,,3046.933,3046.933,0,FALSE,TRUE,HS_1201
C,A,20210101,2021,52,2021,686,SEN,Senegal,X,Export,0,W00,World,0,W00,World,H5,HS,TRUE,1201,"Soya beans, whether or not broken",4,FALSE,C00,TOTAL CPC,0,0,TOTAL MOT,8,kg,2960000,FALSE,8,kg,2960000,FALSE,2960000,FALSE,0,FALSE,0,1996111.657,1996111.657,0,FALSE,TRUE,HS_1201
C,A,20210101,2021,52,2021,704,VNM,Viet Nam,X,Export,0,W00,World,0,W00,World,H5,HS,TRUE,1201,"Soya beans, whether or not broken",4,FALSE,C00,TOTAL CPC,0,0,TOTAL MOT,8,kg,2882698.321,TRUE,-1,N/A,0,FALSE,2882698.321,TRUE,0,FALSE,0,1551447.4,1551447.4,6,FALSE,TRUE,HS_1201
C,A,20210101,2021,52,2021,710,ZAF,South Africa,X,Export,0,W00,World,0,W00,World,H5,HS,TRUE,1201,"Soya beans, whether or not broken",4,FALSE,C00,TOTAL CPC,0,0,TOTAL MOT,8,kg,39320095.608,TRUE,-1,N/A,0,FALSE,39320095.608,TRUE,0,FALSE,0,26022246.343,26022246.343,6,FALSE,TRUE,HS_1201
C,A,20210101,2021,52,2021,784,ARE,United Arab Emirates,X,Export,0,W00,World,0,W00,World,H5,HS,TRUE,1201,"Soya beans, whether or not broken",4,FALSE,C00,TOTAL CPC,0,0,TOTAL MOT,8,kg,127417.6,FALSE,8,kg,127417.6,FALSE,127417.6,FALSE,0,FALSE,0,225401.6,225401.6,0,FALSE,TRUE,HS_1201
C,A,20210101,2021,52,2021,792,TUR,Türkiye,X,Export,0,W00,World,0,W00,World,H5,HS,TRUE,1201,"Soya beans, whether or not broken",4,FALSE,C00,TOTAL CPC,0,0,TOTAL MOT,8,kg,98127206,FALSE,8,kg,98127206,FALSE,98127206,FALSE,0,FALSE,,61676760,61676760,0,FALSE,TRUE,HS_1201
C,A,20210101,2021,52,2021,818,EGY,Egypt,X,Export,0,W00,World,0,W00,World,H4,HS,TRUE,1201,"Soya beans, whether or not broken",4,FALSE,C00,TOTAL CPC,0,0,TOTAL MOT,-1,N/A,0,TRUE,-1,N/A,0,FALSE,0,TRUE,0,FALSE,,65979.75,65979.75,6,FALSE,TRUE,HS_1201
C,A,20210101,2021,52,2021,858,URY,Uruguay,X,Export,0,W00,World,0,W00,World,H5,HS,TRUE,1201,"Soya beans, whether or not broken",4,FALSE,C00,TOTAL CPC,0,0,TOTAL MOT,8,kg,1760439096.8,FALSE,8,kg,1760439096.8,FALSE,1760439096.8,FALSE,0,FALSE,,892719134,892719134,0,FALSE,TRUE,HS_1201
C,A,20210101,2021,52,2021,894,ZMB,Zambia,X,Export,0,W00,World,0,W00,World,H5,HS,TRUE,1201,"Soya beans, whether or not broken",4,FALSE,C00,TOTAL CPC,0,0,TOTAL MOT,8,kg,33503183,FALSE,8,kg,33503183,FALSE,33503183,FALSE,0,FALSE,,21540011.955,21540011.955,0,FALSE,TRUE,HS_1201
C,A,20210101,2021,52,2021,24,AGO,Angola,X,Export,0,W00,World,0,W00,World,H5,HS,TRUE,01,Animals; live,2,FALSE,C00,TOTAL CPC,0,0,TOTAL MOT,-1,N/A,0,FALSE,-1,N/A,0,FALSE,0,FALSE,0,FALSE,,78304.277,78304.277,0,FALSE,TRUE,HS_01
C,A,20210101,2021,52,2021,32,ARG,Argentina,X,Export,0,W00,World,0,W00,World,H5,HS,TRUE,01,Animals; live,2,FALSE,C00,TOTAL CPC,0,0,TOTAL MOT,-1,N/A,0,FALSE,-1,N/A,0,FALSE,0,FALSE,0,FALSE,0,18063789.83,18063789.83,0,FALSE,TRUE,HS_01
C,A,20210101,2021,52,2021,48,BHR,Bahrain,X,Export,0,W00,World,0,W00,World,H5,HS,TRUE,01,Animals; live,2,FALSE,C00,TOTAL CPC,0,0,TOTAL MOT,-1,N/A,0,FALSE,-1,N/A,0,FALSE,0,FALSE,0,FALSE,,1067589.678,1067589.678,0,FALSE,TRUE,HS_01
C,A,20210101,2021,52,2021,76,BRA,Brazil,X,Export,0,W00,World,0,W00,World,H5,HS,TRUE,01,Animals; live,2,FALSE,C00,TOTAL CPC,0,0,TOTAL MOT,-1,N/A,0,FALSE,-1,N/A,0,FALSE,0,TRUE,0,FALSE,,168842083,168842083,4,FALSE,TRUE,HS_01
C,A,20210101,2021,52,2021,144,LKA,Sri Lanka,X,Export,0,W00,World,0,W00,World,H5,HS,TRUE,01,Animals; live,2,FALSE,C00,TOTAL CPC,0,0,TOTAL MOT,-1,N/A,0,FALSE,-1,N/A,0,FALSE,0,TRUE,0,FALSE,0,575062.809,575062.809,4,FALSE,TRUE,HS_01
C,A,20210101,2021,52,2021,152,CHL,Chile,X,Export,0,W00,World,0,W00,World,H5,HS,TRUE,01,Animals; live,2,FALSE,C00,TOTAL CPC,0,0,TOTAL MOT,-1,N/A,0,FALSE,-1,N/A,0,FALSE,0,FALSE,0,FALSE,0,42075191.453,42075191.453,0,FALSE,TRUE,HS_01
C,A,20210101,2021,52,2021,170,COL,Colombia,X,Export,0,W00,World,0,W00,World,H5,HS,TRUE,01,Animals; live,2,FALSE,C00,TOTAL CPC,0,0,TOTAL MOT,-1,N/A,0,FALSE,-1,N/A,0,FALSE,0,TRUE,0,FALSE,0,160725206.52,160725206.52,4,FALSE,TRUE,HS_01
C,A,20210101,2021,52,2021,218,ECU,Ecuador,X,Export,0,W00,World,0,W00,World,H5,HS,TRUE,01,Animals; live,2,FALSE,C00,TOTAL CPC,0,0,TOTAL MOT,-1,N/A,0,FALSE,-1,N/A,0,FALSE,0,FALSE,0,FALSE,0,1680356.43,1680356.43,0,FALSE,TRUE,HS_01
C,A,20210101,2021,52,2021,222,SLV,El Salvador,X,Export,0,W00,World,0,W00,World,H5,HS,TRUE,01,Animals; live,2,FALSE,C00,TOTAL CPC,0,0,TOTAL MOT,-1,N/A,0,FALSE,-1,N/A,0,FALSE,0,FALSE,0,FALSE,0,12178392.61,12178392.61,0,FALSE,TRUE,HS_01
C,A,20210101,2021,52,2021,348,HUN,Hungary,X,Export,0,W00,World,0,W00,World,H5,HS,TRUE,01,Animals; live,2,FALSE,C00,TOTAL CPC,0,0,TOTAL MOT,-1,N/A,0,FALSE,-1,N/A,0,FALSE,0,TRUE,0,FALSE,0,522349717,522349717,4,FALSE,TRUE,HS_01
C,A,20210101,2021,52,2021,360,IDN,Indonesia,X,Export,0,W00,World,0,W00,World,H5,HS,TRUE,01,Animals; live,2,FALSE,C00,TOTAL CPC,0,0,TOTAL MOT,-1,N/A,0,FALSE,-1,N/A,0,FALSE,0,FALSE,0,FALSE,0,61871085.52,61871085.52,0,FALSE,TRUE,HS_01
C,A,20210101,2021,52,2021,384,CIV,Côte d'Ivoire,X,Export,0,W00,World,0,W00,World,H5,HS,TRUE,01,Animals; live,2,FALSE,C00,TOTAL CPC,0,0,TOTAL MOT,-1,N/A,0,FALSE,-1,N/A,0,FALSE,0,FALSE,0,FALSE,,4172.371,4172.371,0,FALSE,TRUE,HS_01
C,A,20210101,2021,52,2021,398,KAZ,Kazakhstan,X,Export,0,W00,World,0,W00,World,H5,HS,TRUE,01,Animals; live,2,FALSE,C00,TOTAL CPC,0,0,TOTAL MOT,-1,N/A,0,FALSE,-1,N/A,0,FALSE,0,FALSE,0,FALSE,,80832674.47,80832674.47,0,FALSE,TRUE,HS_01
C,A,20210101,2021,52,2021,484,MEX,Mexico,X,Export,0,W00,World,0,W00,World,H5,HS,TRUE,01,Animals; live,2,FALSE,C00,TOTAL CPC,0,0,TOTAL MOT,-1,N/A,0,FALSE,-1,N/A,0,FALSE,0,TRUE,0,FALSE,,725084928,725084928,4,FALSE,TRUE,HS_01
C,A,20210101,2021,52,2021,504,MAR,Morocco,X,Export,0,W00,World,0,W00,World,H5,HS,TRUE,01,Animals; live,2,FALSE,C00,TOTAL CPC,0,0,TOTAL MOT,-1,N/A,0,FALSE,-1,N/A,0,FALSE,0,FALSE,0,FALSE,0,17559560.64,17559560.64,0,FALSE,TRUE,HS_01
C,A,20210101,2021,52,2021,566,NGA,Nigeria,X,Export,0,W00,World,0,W00,World,H4,HS,TRUE,01,Animals; live,2,FALSE,C00,TOTAL CPC,0,0,TOTAL MOT,-1,N/A,0,FALSE,-1,N/A,0,FALSE,0,FALSE,0,FALSE,0,1152267.869,1152267.869,0,FALSE,TRUE,HS_01
C,A,20210101,2021,52,2021,586,PAK,Pakistan,X,Export,0,W00,World,0,W00,World,H5,HS,TRUE,01,Animals; live,2,FALSE,C00,TOTAL CPC,0,0,TOTAL MOT,-1,N/A,0,FALSE,-1,N/A,0,FALSE,0,FALSE,0,FALSE,0,8918871.196,8918871.196,0,FALSE,TRUE,HS_01
C,A,20210101,2021,52,2021,591,PAN,Panama,X,Export,0,W00,World,0,W00,World,H5,HS,TRUE,01,Animals; live,2,FALSE,C00,TOTAL CPC,0,0,TOTAL MOT,-1,N/A,0,FALSE,-1,N/A,0,FALSE,0,FALSE,0,FALSE,0,500385,500385,0,FALSE,TRUE,HS_01
C,A,20210101,2021,52,2021,604,PER,Peru,X,Export,0,W00,World,0,W00,World,H5,HS,TRUE,01,Animals; live,2,FALSE,C00,TOTAL CPC,0,0,TOTAL MOT,-1,N/A,0,FALSE,-1,N/A,0,FALSE,0,FALSE,0,FALSE,0,5661916.89,5661916.89,0,FALSE,TRUE,HS_01
C,A,20210101,2021,52,2021,608,PHL,Philippines,X,Export,0,W00,World,0,W00,World,H5,HS,TRUE,01,Animals; live,2,FALSE,C00,TOTAL CPC,0,0,TOTAL MOT,-1,N/A,0,FALSE,-1,N/A,0,FALSE,,FALSE,0,FALSE,,1101146,1101146,0,FALSE,TRUE,HS_01
C,A,20210101,2021,52,2021,616,POL,Poland,X,Export,0,W00,World,0,W00,World,H5,HS,TRUE,01,Animals; live,2,FALSE,C00,TOTAL CPC,0,0,TOTAL MOT,-1,N/A,0,FALSE,-1,N/A,0,FALSE,0,TRUE,0,FALSE,0,161713733,161713733,4,FALSE,TRUE,HS_01
C,A,20210101,2021,52,2021,634,QAT,Qatar,X,Export,0,W00,World,0,W00,World,H5,HS,TRUE,01,Animals; live,2,FALSE,C00,TOTAL CPC,0,0,TOTAL MOT,-1,N/A,0,FALSE,-1,N/A,0,FALSE,0,FALSE,0,FALSE,0,27751066.086,27751066.086,0,FALSE,TRUE,HS_01
C,A,20210101,2021,52,2021,642,ROU,Romania,X,Export,0,W00,World,0,W00,World,H5,HS,TRUE,01,Animals; live,2,FALSE,C00,TOTAL CPC,0,0,TOTAL MOT,-1,N/A,0,FALSE,-1,N/A,0,FALSE,0,TRUE,0,FALSE,0,585625369.88,585625369.88,4,FALSE,TRUE,HS_01
C,A,20210101,2021,52,2021,682,SAU,Saudi Arabia,X,Export,0,W00,World,0,W00,World,H5,HS,TRUE,01,Animals; live,2,FALSE,C00,TOTAL CPC,0,0,TOTAL MOT,-1,N/A,0,FALSE,-1,N/A,0,FALSE,0,FALSE,0,FALSE,,81978074.751,81978074.751,0,FALSE,TRUE,HS_01
C,A,20210101,2021,52,2021,686,SEN,Senegal,X,Export,0,W00,World,0,W00,World,H5,HS,TRUE,01,Animals; live,2,FALSE,C00,TOTAL CPC,0,0,TOTAL MOT,-1,N/A,0,FALSE,-1,N/A,0,FALSE,0,FALSE,0,FALSE,0,81972.931,81972.931,0,FALSE,TRUE,HS_01
C,A,20210101,2021,52,2021,704,VNM,Viet Nam,X,Export,0,W00,World,0,W00,World,H5,HS,TRUE,01,Animals; live,2,FALSE,C00,TOTAL CPC,0,0,TOTAL MOT,-1,N/A,0,FALSE,-1,N/A,0,FALSE,0,FALSE,0,FALSE,0,13437882.431,13437882.431,0,FALSE,TRUE,HS_01
C,A,20210101,2021,52,2021,710,ZAF,South Africa,X,Export,0,W00,World,0,W00,World,H5,HS,TRUE,01,Animals; live,2,FALSE,C00,TOTAL CPC,0,0,TOTAL MOT,-1,N/A,0,FALSE,-1,N/A,0,FALSE,0,FALSE,0,FALSE,0,67769161.273,67769161.273,0,FALSE,TRUE,HS_01
C,A,20210101,2021,52,2021,784,ARE,United Arab Emirates,X,Export,0,W00,World,0,W00,World,H5,HS,TRUE,01,Animals; live,2,FALSE,C00,TOTAL CPC,0,0,TOTAL MOT,-1,N/A,0,FALSE,-1,N/A,0,FALSE,0,FALSE,0,FALSE,0,30094652.851,30094652.851,0,FALSE,TRUE,HS_01
C,A,20210101,2021,52,2021,792,TUR,Türkiye,X,Export,0,W00,World,0,W00,World,H5,HS,TRUE,01,Animals; live,2,FALSE,C00,TOTAL CPC,0,0,TOTAL MOT,-1,N/A,0,FALSE,-1,N/A,0,FALSE,0,FALSE,0,FALSE,,106121167,106121167,0,FALSE,TRUE,HS_01
C,A,20210101,2021,52,2021,818,EGY,Egypt,X,Export,0,W00,World,0,W00,World,H4,HS,TRUE,01,Animals; live,2,FALSE,C00,TOTAL CPC,0,0,TOTAL MOT,-1,N/A,0,FALSE,-1,N/A,0,FALSE,,FALSE,0,FALSE,,33687755.927,33687755.927,0,FALSE,TRUE,HS_01
C,A,20210101,2021,52,2021,858,URY,Uruguay,X,Export,0,W00,World,0,W00,World,H5,HS,TRUE,01,Animals; live,2,FALSE,C00,TOTAL CPC,0,0,TOTAL MOT,-1,N/A,0,FALSE,-1,N/A,0,FALSE,0,FALSE,0,FALSE,,219112044,219112044,0,FALSE,TRUE,HS_01
C,A,20210101,2021,52,2021,894,ZMB,Zambia,X,Export,0,W00,World,0,W00,World,H5,HS,TRUE,01,Animals; live,2,FALSE,C00,TOTAL CPC,0,0,TOTAL MOT,-1,N/A,0,FALSE,-1,N/A,0,FALSE,0,FALSE,0,FALSE,,10789556.89,10789556.89,0,FALSE,TRUE,HS_01
C,A,20210101,2021,52,2021,24,AGO,Angola,X,Export,0,W00,World,0,W00,World,H5,HS,TRUE,0102,Bovine animals; live,4,FALSE,C00,TOTAL CPC,0,0,TOTAL MOT,5,u,13.242,TRUE,-1,N/A,0,FALSE,15823,FALSE,0,FALSE,,13868.828,13868.828,2,FALSE,TRUE,HS_0102
C,A,20210101,2021,52,2021,48,BHR,Bahrain,X,Export,0,W00,World,0,W00,World,H5,HS,TRUE,0102,Bovine animals; live,4,FALSE,C00,TOTAL CPC,0,0,TOTAL MOT,-1,N/A,0,FALSE,-1,N/A,0,FALSE,1235,FALSE,0,FALSE,,18753.218,18753.218,0,FALSE,TRUE,HS_0102
C,A,20210101,2021,52,2021,76,BRA,Brazil,X,Export,0,W00,World,0,W00,World,H5,HS,TRUE,0102,Bovine animals; live,4,FALSE,C00,TOTAL CPC,0,0,TOTAL MOT,-1,N/A,0,FALSE,-1,N/A,0,FALSE,29072490.584,TRUE,0,FALSE,,68481367,68481367,4,FALSE,TRUE,HS_0102
C,A,20210101,2021,52,2021,144,LKA,Sri Lanka,X,Export,0,W00,World,0,W00,World,H5,HS,TRUE,0102,Bovine animals; live,4,FALSE,C00,TOTAL CPC,0,0,TOTAL MOT,-1,N/A,0,TRUE,-1,N/A,0,FALSE,0,TRUE,0,FALSE,0,8796.785,8796.785,6,FALSE,TRUE,HS_0102
C,A,20210101,2021,52,2021,152,CHL,Chile,X,Export,0,W00,World,0,W00,World,H5,HS,TRUE,0102,Bovine animals; live,4,FALSE,C00,TOTAL CPC,0,0,TOTAL MOT,5,u,22152,FALSE,5,u,22152,FALSE,10927075.027,TRUE,0,FALSE,0,32262992,32262992,4,FALSE,TRUE,HS_0102
C,A,20210101,2021,52,2021,170,COL,Colombia,X,Export,0,W00,World,0,W00,World,H5,HS,TRUE,0102,Bovine animals; live,4,FALSE,C00,TOTAL CPC,0,0,TOTAL MOT,5,u,247171,FALSE,5,u,247171,FALSE,81581860,FALSE,0,FALSE,0,151524159.46,151524159.46,0,FALSE,TRUE,HS_0102
C,A,20210101,2021,52,2021,348,HUN,Hungary,X,Export,0,W00,World,0,W00,World,H5,HS,TRUE,0102,Bovine animals; live,4,FALSE,C00,TOTAL CPC,0,0,TOTAL MOT,-1,N/A,0,FALSE,-1,N/A,0,FALSE,0,FALSE,0,FALSE,0,219928138,219928138,0,FALSE,TRUE,HS_0102
C,A,20210101,2021,52,2021,398,KAZ,Kazakhstan,X,Export,0,W00,World,0,W00,World,H5,HS,TRUE,0102,Bovine animals; live,4,FALSE,C00,TOTAL CPC,0,0,TOTAL MOT,5,u,66236.397,TRUE,-1,N/A,0,FALSE,42484855.7,FALSE,0,FALSE,,62760669.16,62760669.16,2,FALSE,TRUE,HS_0102
C,A,20210101,2021,52,2021,484,MEX,Mexico,X,Export,0,W00,World,0,W00,World,H5,HS,TRUE,0102,Bovine animals; live,4,FALSE,C00,TOTAL CPC,0,0,TOTAL MOT,-1,N/A,0,FALSE,-1,N/A,0,FALSE,0,TRUE,0,FALSE,,485051659,485051659,4,FALSE,TRUE,HS_0102
C,A,20210101,2021,52,2021,566,NGA,Nigeria,X,Export,0,W00,World,0,W00,World,H4,HS,TRUE,0102,Bovine animals; live,4,FALSE,C00,TOTAL CPC,0,0,TOTAL MOT,5,u,26.152,TRUE,-1,N/A,0,FALSE,56200,FALSE,0,FALSE,0,35124.745,35124.745,2,FALSE,TRUE,HS_0102
C,A,20210101,2021,52,2021,591,PAN,Panama,X,Export,0,W00,World,0,W00,World,H5,HS,TRUE,0102,Bovine animals; live,4,FALSE,C00,TOTAL CPC,0,0,TOTAL MOT,5,u,321,FALSE,5,u,321,FALSE,154923,FALSE,154923,FALSE,0,455400,455400,0,FALSE,TRUE,HS_0102
C,A,20210101,2021,52,2021,608,PHL,Philippines,X,Export,0,W00,World,0,W00,World,H5,HS,TRUE,0102,Bovine animals; live,4,FALSE,C00,TOTAL CPC,0,0,TOTAL MOT,5,u,12,FALSE,5,u,12,FALSE,1630.311,TRUE,451.79,FALSE,,4574,4574,4,FALSE,TRUE,HS_0102
C,A,20210101,2021,52,2021,616,POL,Poland,X,Export,0,W00,World,0,W00,World,H5,HS,TRUE,0102,Bovine animals; live,4,FALSE,C00,TOTAL CPC,0,0,TOTAL MOT,5,u,53806,FALSE,5,u,53806,FALSE,14377906,FALSE,0,FALSE,0,56145824,56145824,0,FALSE,TRUE,HS_0102
C,A,20210101,2021,52,2021,642,ROU,Romania,X,Export,0,W00,World,0,W00,World,H5,HS,TRUE,0102,Bovine animals; live,4,FALSE,C00,TOTAL CPC,0,0,TOTAL MOT,5,u,266718.94,TRUE,-1,N/A,0,FALSE,68844150,FALSE,0,FALSE,0,207776936.16,207776936.16,2,FALSE,TRUE,HS_0102
C,A,20210101,2021,52,2021,682,SAU,Saudi Arabia,X,Export,0,W00,World,0,W00,World,H5,HS,TRUE,0102,Bovine animals; live,4,FALSE,C00,TOTAL CPC,0,0,TOTAL MOT,5,u,6376.089,TRUE,-1,N/A,0,FALSE,963157,FALSE,0,FALSE,,6080255.048,6080255.048,2,FALSE,TRUE,HS_0102
C,A,20210101,2021,52,2021,704,VNM,Viet Nam,X,Export,0,W00,World,0,W00,World,H5,HS,TRUE,0102,Bovine animals; live,4,FALSE,C00,TOTAL CPC,0,0,TOTAL MOT,5,u,1924.616,TRUE,-1,N/A,0,FALSE,736554.361,TRUE,0,FALSE,0,2052772.883,2052772.883,6,FALSE,TRUE,HS_0102
C,A,20210101,2021,52,2021,710,ZAF,South Africa,X,Export,0,W00,World,0,W00,World,H5,HS,TRUE,0102,Bovine animals; live,4,FALSE,C00,TOTAL CPC,0,0,TOTAL MOT,5,u,47829,FALSE,5,u,47829,FALSE,8320071.732,TRUE,0,FALSE,0,24012441.706,24012441.706,4,FALSE,TRUE,HS_0102
C,A,20210101,2021,52,2021,784,ARE,United Arab Emirates,X,Export,0,W00,World,0,W00,World,H5,HS,TRUE,0102,Bovine animals; live,4,FALSE,C00,TOTAL CPC,0,0,TOTAL MOT,5,u,862.252,TRUE,-1,N/A,0,FALSE,620622,FALSE,0,FALSE,0,1167400.172,1167400.172,2,FALSE,TRUE,HS_0102
C,A,20210101,2021,52,2021,792,TUR,Türkiye,X,Export,0,W00,World,0,W00,World,H5,HS,TRUE,0102,Bovine animals; live,4,FALSE,C00,TOTAL CPC,0,0,TOTAL MOT,5,u,9423,FALSE,5,u,9423,FALSE,3146785,FALSE,0,FALSE,,8196838,8196838,0,FALSE,TRUE,HS_0102
C,A,20210101,2021,52,2021,818,EGY,Egypt,X,Export,0,W00,World,0,W00,World,H4,HS,TRUE,0102,Bovine animals; live,4,FALSE,C00,TOTAL CPC,0,0,TOTAL MOT,5,u,4271.399,TRUE,-1,N/A,0,FALSE,1689002.949,TRUE,0,FALSE,,4700000,4700000,6,FALSE,TRUE,HS_0102
C,A,20210101,2021,52,2021,858,URY,Uruguay,X,Export,0,W00,World,0,W00,World,H5,HS,TRUE,0102,Bovine animals; live,4,FALSE,C00,TOTAL CPC,0,0,TOTAL MOT,5,u,217573.4,FALSE,5,u,217573.4,FALSE,75736810,FALSE,0,FALSE,,218013187,218013187,0,FALSE,TRUE,HS_0102
C,A,20210101,2021,52,2021,894,ZMB,Zambia,X,Export,0,W00,World,0,W00,World,H5,HS,TRUE,0102,Bovine animals; live,4,FALSE,C00,TOTAL CPC,0,0,TOTAL MOT,5,u,102,FALSE,5,u,102,FALSE,63200,FALSE,0,FALSE,,110605.19,110605.19,0,FALSE,TRUE,HS_0102
C,A,20210101,2021,52,2021,24,AGO,Angola,X,Export,0,W00,World,0,W00,World,H5,HS,TRUE,02,Meat and edible meat offal,2,FALSE,C00,TOTAL CPC,0,0,TOTAL MOT,-1,N/A,0,FALSE,-1,N/A,0,FALSE,,FALSE,0,FALSE,,136027.716,136027.716,0,FALSE,TRUE,HS_02
C,A,20210101,2021,52,2021,32,ARG,Argentina,X,Export,0,W00,World,0,W00,World,H5,HS,TRUE,02,Meat and edible meat offal,2,FALSE,C00,TOTAL CPC,0,0,TOTAL MOT,-1,N/A,0,FALSE,-1,N/A,0,FALSE,0,FALSE,0,FALSE,0,3354563955.15,3354563955.15,0,FALSE,TRUE,HS_02
C,A,20210101,2021,52,2021,48,BHR,Bahrain,X,Export,0,W00,World,0,W00,World,H5,HS,TRUE,02,Meat and edible meat offal,2,FALSE,C00,TOTAL CPC,0,0,TOTAL MOT,-1,N/A,0,FALSE,-1,N/A,0,FALSE,0,FALSE,0,FALSE,,7500471.653,7500471.653,0,FALSE,TRUE,HS_02
C,A,20210101,2021,52,2021,76,BRA,Brazil,X,Export,0,W00,World,0,W00,World,H5,HS,TRUE,02,Meat and edible meat offal,2,FALSE,C00,TOTAL CPC,0,0,TOTAL MOT,-1,N/A,0,FALSE,-1,N/A,0,FALSE,0,TRUE,0,FALSE,,18230610380,18230610380,4,FALSE,TRUE,HS_02
C,A,20210101,2021,52,2021,144,LKA,Sri Lanka,X,Export,0,W00,World,0,W00,World,H5,HS,TRUE,02,Meat and edible meat offal,2,FALSE,C00,TOTAL CPC,0,0,TOTAL MOT,-1,N/A,0,FALSE,-1,N/A,0,FALSE,0,FALSE,0,FALSE,0,1547820.913,1547820.913,0,FALSE,TRUE,HS_02
C,A,20210101,2021,52,2021,152,CHL,Chile,X,Export,0,W00,World,0,W00,World,H5,HS,TRUE,02,Meat and edible meat offal,2,FALSE,C00,TOTAL CPC,0,0,TOTAL MOT,-1,N/A,0,FALSE,-1,N/A,0,FALSE,0,TRUE,0,FALSE,0,1434726332.619,1434726332.619,4,FALSE,TRUE,HS_02
C,A,20210101,2021,52,2021,170,COL,Colombia,X,Export,0,W00,World,0,W00,World,H5,HS,TRUE,02,Meat and edible meat offal,2,FALSE,C00,TOTAL CPC,0,0,TOTAL MOT,-1,N/A,0,FALSE,-1,N/A,0,FALSE,0,FALSE,0,FALSE,0,251004469.81,251004469.81,0,FALSE,TRUE,HS_02
C,A,20210101,2021,52,2021,218,ECU,Ecuador,X,Export,0,W00,World,0,W00,World,H5,HS,TRUE,02,Meat and edible meat offal,2,FALSE,C00,TOTAL CPC,0,0,TOTAL MOT,-1,N/A,0,FALSE,-1,N/A,0,FALSE,0,FALSE,0,FALSE,0,105073.72,105073.72,0,FALSE,TRUE,HS_02
C,A,20210101,2021,52,2021,222,SLV,El Salvador,X,Export,0,W00,World,0,W00,World,H5,HS,TRUE,02,Meat and edible meat offal,2,FALSE,C00,TOTAL CPC,0,0,TOTAL MOT,-1,N/A,0,FALSE,-1,N/A,0,FALSE,0,FALSE,0,FALSE,0,3002864.78,3002864.78,0,FALSE,TRUE,HS_02
C,A,20210101,2021,52,2021,348,HUN,Hungary,X,Export,0,W00,World,0,W00,World,H5,HS,TRUE,02,Meat and edible meat offal,2,FALSE,C00,TOTAL CPC,0,0,TOTAL MOT,-1,N/A,0,FALSE,-1,N/A,0,FALSE,0,TRUE,0,FALSE,0,1250987199,1250987199,4,FALSE,TRUE,HS_02
C,A,20210101,2021,52,2021,360,IDN,Indonesia,X,Export,0,W00,World,0,W00,World,H5,HS,TRUE,02,Meat and edible meat offal,2,FALSE,C00,TOTAL CPC,0,0,TOTAL MOT,-1,N/A,0,FALSE,-1,N/A,0,FALSE,0,FALSE,0,FALSE,0,15692251.89,15692251.89,0,FALSE,TRUE,HS_02
C,A,20210101,2021,52,2021,384,CIV,Côte d'Ivoire,X,Export,0,W00,World,0,W00,World,H5,HS,TRUE,02,Meat and edible meat offal,2,FALSE,C00,TOTAL CPC,0,0,TOTAL MOT,-1,N/A,0,FALSE,-1,N/A,0,FALSE,0,FALSE,0,FALSE,,227047.312,227047.312,0,FALSE,TRUE,HS_02
C,A,20210101,2021,52,2021,398,KAZ,Kazakhstan,X,Export,0,W00,World,0,W00,World,H5,HS,TRUE,02,Meat and edible meat offal,2,FALSE,C00,TOTAL CPC,0,0,TOTAL MOT,-1,N/A,0,FALSE,-1,N/A,0,FALSE,0,FALSE,0,FALSE,,79732187.63,79732187.63,0,FALSE,TRUE,HS_02
C,A,20210101,2021,52,2021,484,MEX,Mexico,X,Export,0,W00,World,0,W00,World,H5,HS,TRUE,02,Meat and edible meat offal,2,FALSE,C00,TOTAL CPC,0,0,TOTAL MOT,-1,N/A,0,FALSE,-1,N/A,0,FALSE,0,FALSE,0,FALSE,,3242364572,3242364572,0,FALSE,TRUE,HS_02
C,A,20210101,2021,52,2021,504,MAR,Morocco,X,Export,0,W00,World,0,W00,World,H5,HS,TRUE,02,Meat and edible meat offal,2,FALSE,C00,TOTAL CPC,0,0,TOTAL MOT,-1,N/A,0,FALSE,-1,N/A,0,FALSE,0,FALSE,0,FALSE,0,1238483.034,1238483.034,0,FALSE,TRUE,HS_02
C,A,20210101,2021,52,2021,566,NGA,Nigeria,X,Export,0,W00,World,0,W00,World,H4,HS,TRUE,02,Meat and edible meat offal,2,FALSE,C00,TOTAL CPC,0,0,TOTAL MOT,-1,N/A,0,FALSE,-1,N/A,0,FALSE,0,FALSE,0,FALSE,0,200657.416,200657.416,0,FALSE,TRUE,HS_02
C,A,20210101,2021,52,2021,586,PAK,Pakistan,X,Export,0,W00,World,0,W00,World,H5,HS,TRUE,02,Meat and edible meat offal,2,FALSE,C00,TOTAL CPC,0,0,TOTAL MOT,-1,N/A,0,FALSE,-1,N/A,0,FALSE,0,FALSE,0,FALSE,0,339933606.416,339933606.416,0,FALSE,TRUE,HS_02
C,A,20210101,2021,52,2021,591,PAN,Panama,X,Export,0,W00,World,0,W00,World,H5,HS,TRUE,02,Meat and edible meat offal,2,FALSE,C00,TOTAL CPC,0,0,TOTAL MOT,-1,N/A,0,FALSE,-1,N/A,0,FALSE,0,FALSE,0,FALSE,0,46657770,46657770,0,FALSE,TRUE,HS_02
C,A,20210101,2021,52,2021,604,PER,Peru,X,Export,0,W00,World,0,W00,World,H5,HS,TRUE,02,Meat and edible meat offal,2,FALSE,C00,TOTAL CPC,0,0,TOTAL MOT,-1,N/A,0,FALSE,-1,N/A,0,FALSE,0,FALSE,0,FALSE,0,5476930.17,5476930.17,0,FALSE,TRUE,HS_02
C,A,20210101,2021,52,2021,608,PHL,Philippines,X,Export,0,W00,World,0,W00,World,H5,HS,TRUE,02,Meat and edible meat offal,2,FALSE,C00,TOTAL CPC,0,0,TOTAL MOT,-1,N/A,0,FALSE,-1,N/A,0,FALSE,0,FALSE,0,FALSE,,1028710,1028710,0,FALSE,TRUE,HS_02
C,A,20210101,2021,52,2021,616,POL,Poland,X,Export,0,W00,World,0,W00,World,H5,HS,TRUE,02,Meat and edible meat offal,2,FALSE,C00,TOTAL CPC,0,0,TOTAL MOT,-1,N/A,0,FALSE,-1,N/A,0,FALSE,0,TRUE,0,FALSE,0,6351023620,6351023620,4,FALSE,TRUE,HS_02
C,A,20210101,2021,52,2021,634,QAT,Qatar,X,Export,0,W00,World,0,W00,World,H5,HS,TRUE,02,Meat and edible meat offal,2,FALSE,C00,TOTAL CPC,0,0,TOTAL MOT,-1,N/A,0,FALSE,-1,N/A,0,FALSE,0,FALSE,0,FALSE,0,2321261.169,2321261.169,0,FALSE,TRUE,HS_02
C,A,20210101,2021,52,2021,642,ROU,Romania,X,Export,0,W00,World,0,W00,World,H5,HS,TRUE,02,Meat and edible meat offal,2,FALSE,C00,TOTAL CPC,0,0,TOTAL MOT,-1,N/A,0,FALSE,-1,N/A,0,FALSE,0,TRUE,0,FALSE,0,283554439.82,283554439.82,4,FALSE,TRUE,HS_02
C,A,20210101,2021,52,2021,682,SAU,Saudi Arabia,X,Export,0,W00,World,0,W00,World,H5,HS,TRUE,02,Meat and edible meat offal,2,FALSE,C00,TOTAL CPC,0,0,TOTAL MOT,-1,N/A,0,FALSE,-1,N/A,0,FALSE,0,FALSE,0,FALSE,,148402026.157,148402026.157,0,FALSE,TRUE,HS_02
C,A,20210101,2021,52,2021,686,SEN,Senegal,X,Export,0,W00,World,0,W00,World,H5,HS,TRUE,02,Meat and edible meat offal,2,FALSE,C00,TOTAL CPC,0,0,TOTAL MOT,-1,N/A,0,FALSE,-1,N/A,0,FALSE,0,FALSE,0,FALSE,0,237736.595,237736.595,0,FALSE,TRUE,HS_02
C,A,20210101,2021,52,2021,704,VNM,Viet Nam,X,Export,0,W00,World,0,W00,World,H5,HS,TRUE,02,Meat and edible meat offal,2,FALSE,C00,TOTAL CPC,0,0,TOTAL MOT,-1,N/A,0,FALSE,-1,N/A,0,FALSE,0,TRUE,0,FALSE,0,80753472.592,80753472.592,4,FALSE,TRUE,HS_02
C,A,20210101,2021,52,2021,710,ZAF,South Africa,X,Export,0,W00,World,0,W00,World,H5,HS,TRUE,02,Meat and edible meat offal,2,FALSE,C00,TOTAL CPC,0,0,TOTAL MOT,-1,N/A,0,FALSE,-1,N/A,0,FALSE,0,TRUE,0,FALSE,0,304191591.236,304191591.236,4,FALSE,TRUE,HS_02
C,A,20210101,2021,52,2021,784,ARE,United Arab Emirates,X,Export,0,W00,World,0,W00,World,H5,HS,TRUE,02,Meat and edible meat offal,2,FALSE,C00,TOTAL CPC,0,0,TOTAL MOT,-1,N/A,0,FALSE,-1,N/A,0,FALSE,0,TRUE,0,FALSE,0,357568075.624,357568075.624,4,FALSE,TRUE,HS_02
C,A,20210101,2021,52,2021,792,TUR,Türkiye,X,Export,0,W00,World,0,W00,World,H5,HS,TRUE,02,Meat and edible meat offal,2,FALSE,C00,TOTAL CPC,0,0,TOTAL MOT,-1,N/A,0,FALSE,-1,N/A,0,FALSE,0,FALSE,0,FALSE,,878930223,878930223,0,FALSE,TRUE,HS_02
C,A,20210101,2021,52,2021,818,EGY,Egypt,X,Export,0,W00,World,0,W00,World,H4,HS,TRUE,02,Meat and edible meat offal,2,FALSE,C00,TOTAL CPC,0,0,TOTAL MOT,-1,N/A,0,FALSE,-1,N/A,0,FALSE,,FALSE,0,FALSE,,7044100.84,7044100.84,0,FALSE,TRUE,HS_02
C,A,20210101,2021,52,2021,858,URY,Uruguay,X,Export,0,W00,World,0,W00,World,H5,HS,TRUE,02,Meat and edible meat offal,2,FALSE,C00,TOTAL CPC,0,0,TOTAL MOT,-1,N/A,0,FALSE,-1,N/A,0,FALSE,0,FALSE,0,FALSE,,2796496772,2796496772,0,FALSE,TRUE,HS_02
C,A,20210101,2021,52,2021,894,ZMB,Zambia,X,Export,0,W00,World,0,W00,World,H5,HS,TRUE,02,Meat and edible meat offal,2,FALSE,C00,TOTAL CPC,0,0,TOTAL MOT,-1,N/A,0,FALSE,-1,N/A,0,FALSE,0,FALSE,0,FALSE,,16496399.862,16496399.862,0,FALSE,TRUE,HS_02
C,A,20210101,2021,52,2021,24,AGO,Angola,X,Export,0,W00,World,0,W00,World,H5,HS,TRUE,0201,Meat of bovine animals; fresh or chilled,4,FALSE,C00,TOTAL CPC,0,0,TOTAL MOT,8,kg,191,FALSE,8,kg,191,FALSE,191,FALSE,0,FALSE,,1716.201,1716.201,0,FALSE,TRUE,HS_0201
C,A,20210101,2021,52,2021,32,ARG,Argentina,X,Export,0,W00,World,0,W00,World,H5,HS,TRUE,0201,Meat of bovine animals; fresh or chilled,4,FALSE,C00,TOTAL CPC,0,0,TOTAL MOT,8,kg,89774187.99,FALSE,8,kg,89774187.99,FALSE,89774187.99,FALSE,0,FALSE,0,758310320.07,758310320.07,0,FALSE,TRUE,HS_0201
C,A,20210101,2021,52,2021,48,BHR,Bahrain,X,Export,0,W00,World,0,W00,World,H5,HS,TRUE,0201,Meat of bovine animals; fresh or chilled,4,FALSE,C00,TOTAL CPC,0,0,TOTAL MOT,8,kg,14371.9,FALSE,8,kg,14371.9,FALSE,14371.9,FALSE,0,FALSE,,93959.415,93959.415,0,FALSE,TRUE,HS_0201
C,A,20210101,2021,52,2021,76,BRA,Brazil,X,Export,0,W00,World,0,W00,World,H5,HS,TRUE,0201,Meat of bovine animals; fresh or chilled,4,FALSE,C00,TOTAL CPC,0,0,TOTAL MOT,8,kg,177665348,FALSE,8,kg,177665348,FALSE,177686242,FALSE,0,FALSE,,996189814,996189814,0,FALSE,TRUE,HS_0201
C,A,20210101,2021,52,2021,144,LKA,Sri Lanka,X,Export,0,W00,World,0,W00,World,H5,HS,TRUE,0201,Meat of bovine animals; fresh or chilled,4,FALSE,C00,TOTAL CPC,0,0,TOTAL MOT,8,kg,1602.41,FALSE,8,kg,1602.41,FALSE,1602.41,FALSE,0,FALSE,0,5343.491,5343.491,0,FALSE,TRUE,HS_0201
C,A,20210101,2021,52,2021,152,CHL,Chile,X,Export,0,W00,World,0,W00,World,H5,HS,TRUE,0201,Meat of bovine animals; fresh or chilled,4,FALSE,C00,TOTAL CPC,0,0,TOTAL MOT,8,kg,186685,FALSE,8,kg,186685,FALSE,186685,FALSE,0,FALSE,0,4406736,4406736,0,FALSE,TRUE,HS_0201
C,A,20210101,2021,52,2021,170,COL,Colombia,X,Export,0,W00,World,0,W00,World,H5,HS,TRUE,0201,Meat of bovine animals; fresh or chilled,4,FALSE,C00,TOTAL CPC,0,0,TOTAL MOT,8,kg,19464826.3,FALSE,8,kg,19464826.3,FALSE,19464826.3,FALSE,0,FALSE,0,100693720.99,100693720.99,0,FALSE,TRUE,HS_0201
C,A,20210101,2021,52,2021,222,SLV,El Salvador,X,Export,0,W00,World,0,W00,World,H5,HS,TRUE,0201,Meat of bovine animals; fresh or chilled,4,FALSE,C00,TOTAL CPC,0,0,TOTAL MOT,8,kg,18470.2,FALSE,8,kg,18470.2,FALSE,18470.2,FALSE,0,FALSE,0,68408.58,68408.58,0,FALSE,TRUE,HS_0201
C,A,20210101,2021,52,2021,348,HUN,Hungary,X,Export,0,W00,World,0,W00,World,H5,HS,TRUE,0201,Meat of bovine animals; fresh or chilled,4,FALSE,C00,TOTAL CPC,0,0,TOTAL MOT,-1,N/A,0,FALSE,-1,N/A,0,FALSE,0,FALSE,0,FALSE,0,35748578,35748578,0,FALSE,TRUE,HS_0201
C,A,20210101,2021,52,2021,384,CIV,Côte d'Ivoire,X,Export,0,W00,World,0,W00,World,H5,HS,TRUE,0201,Meat of bovine animals; fresh or chilled,4,FALSE,C00,TOTAL CPC,0,0,TOTAL MOT,8,kg,241129,FALSE,8,kg,241129,FALSE,241129,FALSE,0,FALSE,,68090.946,68090.946,0,FALSE,TRUE,HS_0201
C,A,20210101,2021,52,2021,398,KAZ,Kazakhstan,X,Export,0,W00,World,0,W00,World,H5,HS,TRUE,0201,Meat of bovine animals; fresh or chilled,4,FALSE,C00,TOTAL CPC,0,0,TOTAL MOT,8,kg,6340884.5,FALSE,8,kg,6340884.5,FALSE,6340884.5,FALSE,0,FALSE,,26552476.42,26552476.42,0,FALSE,TRUE,HS_0201
C,A,20210101,2021,52,2021,484,MEX,Mexico,X,Export,0,W00,World,0,W00,World,H5,HS,TRUE,0201,Meat of bovine animals; fresh or chilled,4,FALSE,C00,TOTAL CPC,0,0,TOTAL MOT,-1,N/A,0,FALSE,-1,N/A,0,FALSE,0,FALSE,0,FALSE,,1829954996,1829954996,0,FALSE,TRUE,HS_0201
C,A,20210101,2021,52,2021,504,MAR,Morocco,X,Export,0,W00,World,0,W00,World,H5,HS,TRUE,0201,Meat of bovine animals; fresh or chilled,4,FALSE,C00,TOTAL CPC,0,0,TOTAL MOT,8,kg,636.66,FALSE,8,kg,636.66,FALSE,636.66,FALSE,0,FALSE,0,9701.747,9701.747,0,FALSE,TRUE,HS_0201
C,A,20210101,2021,52,2021,566,NGA,Nigeria,X,Export,0,W00,World,0,W00,World,H4,HS,TRUE,0201,Meat of bovine animals; fresh or chilled,4,FALSE,C00,TOTAL CPC,0,0,TOTAL MOT,8,kg,30000,FALSE,8,kg,30000,FALSE,30000,FALSE,0,FALSE,0,14276.087,14276.087,0,FALSE,TRUE,HS_0201
C,A,20210101,2021,52,2021,586,PAK,Pakistan,X,Export,0,W00,World,0,W00,World,H5,HS,TRUE,0201,Meat of bovine animals; fresh or chilled,4,FALSE,C00,TOTAL CPC,0,0,TOTAL MOT,8,kg,64691517,FALSE,8,kg,64691517,FALSE,64691517,FALSE,0,FALSE,0,270404092.552,270404092.552,0,FALSE,TRUE,HS_0201
C,A,20210101,2021,52,2021,591,PAN,Panama,X,Export,0,W00,World,0,W00,World,H5,HS,TRUE,0201,Meat of bovine animals; fresh or chilled,4,FALSE,C00,TOTAL CPC,0,0,TOTAL MOT,8,kg,41999,FALSE,8,kg,41999,FALSE,41999,FALSE,43934,FALSE,0,309017,309017,0,FALSE,TRUE,HS_0201
C,A,20210101,2021,52,2021,616,POL,Poland,X,Export,0,W00,World,0,W00,World,H5,HS,TRUE,0201,Meat of bovine animals; fresh or chilled,4,FALSE,C00,TOTAL CPC,0,0,TOTAL MOT,8,kg,265525539,FALSE,8,kg,265525539,FALSE,265525539,FALSE,0,FALSE,0,1386460586,1386460586,0,FALSE,TRUE,HS_0201
C,A,20210101,2021,52,2021,634,QAT,Qatar,X,Export,0,W00,World,0,W00,World,H5,HS,TRUE,0201,Meat of bovine animals; fresh or chilled,4,FALSE,C00,TOTAL CPC,0,0,TOTAL MOT,-1,N/A,0,FALSE,-1,N/A,0,FALSE,0,FALSE,0,FALSE,0,65651.318,65651.318,0,FALSE,TRUE,HS_0201
C,A,20210101,2021,52,2021,642,ROU,Romania,X,Export,0,W00,World,0,W00,World,H5,HS,TRUE,0201,Meat of bovine animals; fresh or chilled,4,FALSE,C00,TOTAL CPC,0,0,TOTAL MOT,8,kg,4327610.624,TRUE,-1,N/A,0,FALSE,4327610.624,TRUE,0,FALSE,0,21329056.13,21329056.13,6,FALSE,TRUE,HS_0201
C,A,20210101,2021,52,2021,682,SAU,Saudi Arabia,X,Export,0,W00,World,0,W00,World,H5,HS,TRUE,0201,Meat of bovine animals; fresh or chilled,4,FALSE,C00,TOTAL CPC,0,0,TOTAL MOT,8,kg,77723,FALSE,8,kg,77723,FALSE,77723,FALSE,0,FALSE,,599348.518,599348.518,0,FALSE,TRUE,HS_0201
C,A,20210101,2021,52,2021,686,SEN,Senegal,X,Export,0,W00,World,0,W00,World,H5,HS,TRUE,0201,Meat of bovine animals; fresh or chilled,4,FALSE,C00,TOTAL CPC,0,0,TOTAL MOT,8,kg,303,FALSE,8,kg,303,FALSE,303,FALSE,0,FALSE,0,2608.654,2608.654,0,FALSE,TRUE,HS_0201
C,A,20210101,2021,52,2021,704,VNM,Viet Nam,X,Export,0,W00,World,0,W00,World,H5,HS,TRUE,0201,Meat of bovine animals; fresh or chilled,4,FALSE,C00,TOTAL CPC,0,0,TOTAL MOT,8,kg,709.282,TRUE,-1,N/A,0,FALSE,709.282,TRUE,0,FALSE,0,5810,5810,6,FALSE,TRUE,HS_0201
C,A,20210101,2021,52,2021,710,ZAF,South Africa,X,Export,0,W00,World,0,W00,World,H5,HS,TRUE,0201,Meat of bovine animals; fresh or chilled,4,FALSE,C00,TOTAL CPC,0,0,TOTAL MOT,8,kg,14775505.054,TRUE,-1,N/A,0,FALSE,14775505.054,TRUE,0,FALSE,0,89336521.931,89336521.931,6,FALSE,TRUE,HS_0201
C,A,20210101,2021,52,2021,784,ARE,United Arab Emirates,X,Export,0,W00,World,0,W00,World,H5,HS,TRUE,0201,Meat of bovine animals; fresh or chilled,4,FALSE,C00,TOTAL CPC,0,0,TOTAL MOT,8,kg,1715971.44,FALSE,8,kg,1715971.44,FALSE,1715971.44,FALSE,0,FALSE,0,8068543.516,8068543.516,0,FALSE,TRUE,HS_0201
C,A,20210101,2021,52,2021,792,TUR,Türkiye,X,Export,0,W00,World,0,W00,World,H5,HS,TRUE,0201,Meat of bovine animals; fresh or chilled,4,FALSE,C00,TOTAL CPC,0,0,TOTAL MOT,8,kg,559692,FALSE,8,kg,559692,FALSE,559692,FALSE,0,FALSE,,2650278,2650278,0,FALSE,TRUE,HS_0201
C,A,20210101,2021,52,2021,818,EGY,Egypt,X,Export,0,W00,World,0,W00,World,H4,HS,TRUE,0201,Meat of bovine animals; fresh or chilled,4,FALSE,C00,TOTAL CPC,0,0,TOTAL MOT,8,kg,90426.146,TRUE,-1,N/A,0,FALSE,90426.146,TRUE,0,FALSE,,403968.53,403968.53,6,FALSE,TRUE,HS_0201
C,A,20210101,2021,52,2021,858,URY,Uruguay,X,Export,0,W00,World,0,W00,World,H5,HS,TRUE,0201,Meat of bovine animals; fresh or chilled,4,FALSE,C00,TOTAL CPC,0,0,TOTAL MOT,8,kg,42939774.85,FALSE,8,kg,42939774.85,FALSE,42939774.85,FALSE,0,FALSE,,396203389,396203389,0,FALSE,TRUE,HS_0201
C,A,20210101,2021,52,2021,894,ZMB,Zambia,X,Export,0,W00,World,0,W00,World,H5,HS,TRUE,0201,Meat of bovine animals; fresh or chilled,4,FALSE,C00,TOTAL CPC,0,0,TOTAL MOT,8,kg,216151.5,FALSE,8,kg,216151.5,FALSE,216151.5,FALSE,0,FALSE,,477505.875,477505.875,0,FALSE,TRUE,HS_0201
C,A,20210101,2021,52,2021,24,AGO,Angola,X,Export,0,W00,World,0,W00,World,H5,HS,TRUE,0202,Meat of bovine animals; frozen,4,FALSE,C00,TOTAL CPC,0,0,TOTAL MOT,-1,N/A,0,FALSE,-1,N/A,0,FALSE,,FALSE,0,FALSE,,3260.579,3260.579,0,FALSE,TRUE,HS_0202
C,A,20210101,2021,52,2021,32,ARG,Argentina,X,Export,0,W00,World,0,W00,World,H5,HS,TRUE,0202,Meat of bovine animals; frozen,4,FALSE,C00,TOTAL CPC,0,0,TOTAL MOT,8,kg,470149664.51,FALSE,8,kg,470149664.51,FALSE,470149664.51,FALSE,0,FALSE,0,1975048773.8,1975048773.8,0,FALSE,TRUE,HS_0202
C,A,20210101,2021,52,2021,48,BHR,Bahrain,X,Export,0,W00,World,0,W00,World,H5,HS,TRUE,0202,Meat of bovine animals; frozen,4,FALSE,C00,TOTAL CPC,0,0,TOTAL MOT,8,kg,121331.23,FALSE,8,kg,121331.23,FALSE,121331.23,FALSE,0,FALSE,,409614.094,409614.094,0,FALSE,TRUE,HS_0202
C,A,20210101,2021,52,2021,76,BRA,Brazil,X,Export,0,W00,World,0,W00,World,H5,HS,TRUE,0202,Meat of bovine animals; frozen,4,FALSE,C00,TOTAL CPC,0,0,TOTAL MOT,8,kg,1382515497.89,TRUE,-1,N/A,0,FALSE,1382513748.89,TRUE,0,FALSE,,6971213650,6971213650,6,FALSE,TRUE,HS_0202
C,A,20210101,2021,52,2021,144,LKA,Sri Lanka,X,Export,0,W00,World,0,W00,World,H5,HS,TRUE,0202,Meat of bovine animals; frozen,4,FALSE,C00,TOTAL CPC,0,0,TOTAL MOT,8,kg,32736,FALSE,8,kg,32736,FALSE,32736,FALSE,0,FALSE,0,272705.611,272705.611,0,FALSE,TRUE,HS_0202
C,A,20210101,2021,52,2021,152,CHL,Chile,X,Export,0,W00,World,0,W00,World,H5,HS,TRUE,0202,Meat of bovine animals; frozen,4,FALSE,C00,TOTAL CPC,0,0,TOTAL MOT,8,kg,17244029,FALSE,8,kg,17244029,FALSE,17244029,FALSE,0,FALSE,0,74660952,74660952,0,FALSE,TRUE,HS_0202
C,A,20210101,2021,52,2021,170,COL,Colombia,X,Export,0,W00,World,0,W00,World,H5,HS,TRUE,0202,Meat of bovine animals; frozen,4,FALSE,C00,TOTAL CPC,0,0,TOTAL MOT,8,kg,32652623.18,FALSE,8,kg,32652623.18,FALSE,32652623.18,FALSE,0,FALSE,0,128449261.01,128449261.01,0,FALSE,TRUE,HS_0202
C,A,20210101,2021,52,2021,348,HUN,Hungary,X,Export,0,W00,World,0,W00,World,H5,HS,TRUE,0202,Meat of bovine animals; frozen,4,FALSE,C00,TOTAL CPC,0,0,TOTAL MOT,-1,N/A,0,FALSE,-1,N/A,0,FALSE,0,FALSE,0,FALSE,0,16290135,16290135,0,FALSE,TRUE,HS_0202
C,A,20210101,2021,52,2021,360,IDN,Indonesia,X,Export,0,W00,World,0,W00,World,H5,HS,TRUE,0202,Meat of bovine animals; frozen,4,FALSE,C00,TOTAL CPC,0,0,TOTAL MOT,8,kg,460,FALSE,8,kg,460,FALSE,460,FALSE,0,FALSE,0,32741.01,32741.01,0,FALSE,TRUE,HS_0202
C,A,20210101,2021,52,2021,384,CIV,Côte d'Ivoire,X,Export,0,W00,World,0,W00,World,H5,HS,TRUE,0202,Meat of bovine animals; frozen,4,FALSE,C00,TOTAL CPC,0,0,TOTAL MOT,8,kg,891,FALSE,8,kg,891,FALSE,891,FALSE,0,FALSE,,5237.603,5237.603,0,FALSE,TRUE,HS_0202
C,A,20210101,2021,52,2021,398,KAZ,Kazakhstan,X,Export,0,W00,World,0,W00,World,H5,HS,TRUE,0202,Meat of bovine animals; frozen,4,FALSE,C00,TOTAL CPC,0,0,TOTAL MOT,8,kg,1024932.768,FALSE,8,kg,1024932.768,FALSE,1024932.768,FALSE,0,FALSE,,5369673.37,5369673.37,0,FALSE,TRUE,HS_0202
C,A,20210101,2021,52,2021,484,MEX,Mexico,X,Export,0,W00,World,0,W00,World,H5,HS,TRUE,0202,Meat of bovine animals; frozen,4,FALSE,C00,TOTAL CPC,0,0,TOTAL MOT,-1,N/A,0,FALSE,-1,N/A,0,FALSE,0,FALSE,0,FALSE,,230760488,230760488,0,FALSE,TRUE,HS_0202
C,A,20210101,2021,52,2021,504,MAR,Morocco,X,Export,0,W00,World,0,W00,World,H5,HS,TRUE,0202,Meat of bovine animals; frozen,4,FALSE,C00,TOTAL CPC,0,0,TOTAL MOT,8,kg,3590.9,FALSE,8,kg,3590.9,FALSE,3590.9,FALSE,0,FALSE,0,27694.253,27694.253,0,FALSE,TRUE,HS_0202
C,A,20210101,2021,52,2021,566,NGA,Nigeria,X,Export,0,W00,World,0,W00,World,H4,HS,TRUE,0202,Meat of bovine animals; frozen,4,FALSE,C00,TOTAL CPC,0,0,TOTAL MOT,8,kg,44510,FALSE,8,kg,44510,FALSE,44510,FALSE,0,FALSE,0,33340.753,33340.753,0,FALSE,TRUE,HS_0202
C,A,20210101,2021,52,2021,586,PAK,Pakistan,X,Export,0,W00,World,0,W00,World,H5,HS,TRUE,0202,Meat of bovine animals; frozen,4,FALSE,C00,TOTAL CPC,0,0,TOTAL MOT,8,kg,2010543,FALSE,8,kg,2010543,FALSE,2010543,FALSE,0,FALSE,0,6881875.505,6881875.505,0,FALSE,TRUE,HS_0202
C,A,20210101,2021,52,2021,591,PAN,Panama,X,Export,0,W00,World,0,W00,World,H5,HS,TRUE,0202,Meat of bovine animals; frozen,4,FALSE,C00,TOTAL CPC,0,0,TOTAL MOT,8,kg,7749569,FALSE,8,kg,7749569,FALSE,7749569,FALSE,8073975,FALSE,0,32544127,32544127,0,FALSE,TRUE,HS_0202
C,A,20210101,2021,52,2021,604,PER,Peru,X,Export,0,W00,World,0,W00,World,H5,HS,TRUE,0202,Meat of bovine animals; frozen,4,FALSE,C00,TOTAL CPC,0,0,TOTAL MOT,8,kg,62.72,FALSE,8,kg,62.72,FALSE,62.72,FALSE,0,FALSE,0,772.74,772.74,0,FALSE,TRUE,HS_0202
C,A,20210101,2021,52,2021,608,PHL,Philippines,X,Export,0,W00,World,0,W00,World,H5,HS,TRUE,0202,Meat of bovine animals; frozen,4,FALSE,C00,TOTAL CPC,0,0,TOTAL MOT,8,kg,30457.5,FALSE,8,kg,30457.5,FALSE,30457.5,FALSE,30576.99,FALSE,,147645,147645,0,FALSE,TRUE,HS_0202
C,A,20210101,2021,52,2021,616,POL,Poland,X,Export,0,W00,World,0,W00,World,H5,HS,TRUE,0202,Meat of bovine animals; frozen,4,FALSE,C00,TOTAL CPC,0,0,TOTAL MOT,8,kg,106086715.56,TRUE,-1,N/A,0,FALSE,106086715.56,TRUE,0,FALSE,0,491961185,491961185,6,FALSE,TRUE,HS_0202
C,A,20210101,2021,52,2021,634,QAT,Qatar,X,Export,0,W00,World,0,W00,World,H5,HS,TRUE,0202,Meat of bovine animals; frozen,4,FALSE,C00,TOTAL CPC,0,0,TOTAL MOT,-1,N/A,0,FALSE,-1,N/A,0,FALSE,0,FALSE,0,FALSE,0,1484641.985,1484641.985,0,FALSE,TRUE,HS_0202
C,A,20210101,2021,52,2021,642,ROU,Romania,X,Export,0,W00,World,0,W00,World,H5,HS,TRUE,0202,Meat of bovine animals; frozen,4,FALSE,C00,TOTAL CPC,0,0,TOTAL MOT,8,kg,1336565.32,FALSE,8,kg,1336565.32,FALSE,1336565.32,FALSE,0,FALSE,0,3626107.86,3626107.86,0,FALSE,TRUE,HS_0202
C,A,20210101,2021,52,2021,682,SAU,Saudi Arabia,X,Export,0,W00,World,0,W00,World,H5,HS,TRUE,0202,Meat of bovine animals; frozen,4,FALSE,C00,TOTAL CPC,0,0,TOTAL MOT,8,kg,1455409,FALSE,8,kg,1455409,FALSE,1455409,FALSE,0,FALSE,,5799141.988,5799141.988,0,FALSE,TRUE,HS_0202
C,A,20210101,2021,52,2021,686,SEN,Senegal,X,Export,0,W00,World,0,W00,World,H5,HS,TRUE,0202,Meat of bovine animals; frozen,4,FALSE,C00,TOTAL CPC,0,0,TOTAL MOT,8,kg,11937,FALSE,8,kg,11937,FALSE,11937,FALSE,0,FALSE,0,108251.66,108251.66,0,FALSE,TRUE,HS_0202
C,A,20210101,2021,52,2021,704,VNM,Viet Nam,X,Export,0,W00,World,0,W00,World,H5,HS,TRUE,0202,Meat of bovine animals; frozen,4,FALSE,C00,TOTAL CPC,0,0,TOTAL MOT,8,kg,165632.573,TRUE,-1,N/A,0,FALSE,165632.573,TRUE,0,FALSE,0,816714.383,816714.383,6,FALSE,TRUE,HS_0202
C,A,20210101,2021,52,2021,710,ZAF,South Africa,X,Export,0,W00,World,0,W00,World,H5,HS,TRUE,0202,Meat of bovine animals; frozen,4,FALSE,C00,TOTAL CPC,0,0,TOTAL MOT,8,kg,17040580.806,TRUE,-1,N/A,0,FALSE,17040580.806,TRUE,0,FALSE,0,75579593.056,75579593.056,6,FALSE,TRUE,HS_0202
C,A,20210101,2021,52,2021,784,ARE,United Arab Emirates,X,Export,0,W00,World,0,W00,World,H5,HS,TRUE,0202,Meat of bovine animals; frozen,4,FALSE,C00,TOTAL CPC,0,0,TOTAL MOT,8,kg,28197347.26,FALSE,8,kg,28197347.26,FALSE,28197347.26,FALSE,0,FALSE,0,123024864.423,123024864.423,0,FALSE,TRUE,HS_0202
C,A,20210101,2021,52,2021,792,TUR,Türkiye,X,Export,0,W00,World,0,W00,World,H5,HS,TRUE,0202,Meat of bovine animals; frozen,4,FALSE,C00,TOTAL CPC,0,0,TOTAL MOT,8,kg,1367268,FALSE,8,kg,1367268,FALSE,1367268,FALSE,0,FALSE,,8934323,8934323,0,FALSE,TRUE,HS_0202
C,A,20210101,2021,52,2021,818,EGY,Egypt,X,Export,0,W00,World,0,W00,World,H4,HS,TRUE,0202,Meat of bovine animals; frozen,4,FALSE,C00,TOTAL CPC,0,0,TOTAL MOT,8,kg,650186.637,TRUE,-1,N/A,0,FALSE,650186.637,TRUE,0,FALSE,,3211830.225,3211830.225,6,FALSE,TRUE,HS_0202
C,A,20210101,2021,52,2021,858,URY,Uruguay,X,Export,0,W00,World,0,W00,World,H5,HS,TRUE,0202,Meat of bovine animals; frozen,4,FALSE,C00,TOTAL CPC,0,0,TOTAL MOT,8,kg,372978476.46,FALSE,8,kg,372978476.46,FALSE,372978476.46,FALSE,0,FALSE,,2010966715,2010966715,0,FALSE,TRUE,HS_0202
C,A,20210101,2021,52,2021,894,ZMB,Zambia,X,Export,0,W00,World,0,W00,World,H5,HS,TRUE,0202,Meat of bovine animals; frozen,4,FALSE,C00,TOTAL CPC,0,0,TOTAL MOT,8,kg,327095.9,FALSE,8,kg,327095.9,FALSE,327095.9,FALSE,0,FALSE,,903521.429,903521.429,0,FALSE,TRUE,HS_0202
