type_code,freq_code,ref_period_id,ref_year,ref_month,period,reporter_code,reporter_iso,reporter_desc,flow_code,flow_desc,partner_code,partner_iso,partner_desc,partner2code,partner2iso,partner2desc,classification_code,classification_search_code,is_original_classification,cmd_code,cmd_desc,aggr_level,is_leaf,customs_code,customs_desc,mos_code,mot_code,mot_desc,qty_unit_code,qty_unit_abbr,qty,is_qty_estimated,alt_qty_unit_code,alt_qty_unit_abbr,alt_qty,is_alt_qty_estimated,net_wgt,is_net_wgt_estimated,gross_wgt,is_gross_wgt_estimated,cifvalue,fobvalue,primary_value,legacy_estimation_flag,is_reported,is_aggregate,query_type
C,A,20060101,2006,52,2006,24,AGO,Angola,X,Export,0,W00,World,0,W00,World,H2,HS,TRUE,27,"Mineral fuels, mineral oils and products of their distillation; bituminous substances; mineral waxes",2,FALSE,C00,TOTAL CPC,0,0,TOTAL MOT,-1,N/A,0,FALSE,-1,N/A,0,FALSE,0,TRUE,0,FALSE,,30548441305.207,30548441305.207,4,FALSE,TRUE,HS_27
C,A,20060101,2006,52,2006,32,ARG,Argentina,X,Export,0,W00,World,0,W00,World,H2,HS,TRUE,27,"Mineral fuels, mineral oils and products of their distillation; bituminous substances; mineral waxes",2,FALSE,C00,TOTAL CPC,0,0,TOTAL MOT,-1,N/A,,FALSE,-1,N/A,,FALSE,,FALSE,,FALSE,,7110552918,7110552918,0,TRUE,FALSE,HS_27
C,A,20060101,2006,52,2006,48,BHR,Bahrain,X,Export,0,W00,World,0,W00,World,H2,HS,TRUE,27,"Mineral fuels, mineral oils and products of their distillation; bituminous substances; mineral waxes",2,FALSE,C00,TOTAL CPC,0,0,TOTAL MOT,-1,N/A,,FALSE,-1,N/A,,FALSE,,FALSE,,FALSE,,9220535935,9220535935,0,TRUE,FALSE,HS_27
C,A,20060101,2006,52,2006,76,BRA,Brazil,X,Export,0,W00,World,0,W00,World,H2,HS,TRUE,27,"Mineral fuels, mineral oils and products of their distillation; bituminous substances; mineral waxes",2,FALSE,C00,TOTAL CPC,0,0,TOTAL MOT,-1,N/A,0,FALSE,-1,N/A,0,FALSE,0,TRUE,0,FALSE,,13028986098,13028986098,4,FALSE,TRUE,HS_27
C,A,20060101,2006,52,2006,144,LKA,Sri Lanka,X,Export,0,W00,World,0,W00,World,H2,HS,TRUE,27,"Mineral fuels, mineral oils and products of their distillation; bituminous substances; mineral waxes",2,FALSE,C00,TOTAL CPC,0,0,TOTAL MOT,-1,N/A,,FALSE,-1,N/A,,FALSE,,FALSE,,FALSE,,7866742,7866742,0,TRUE,FALSE,HS_27
C,A,20060101,2006,52,2006,152,CHL,Chile,X,Export,0,W00,World,0,W00,World,H2,HS,TRUE,27,"Mineral fuels, mineral oils and products of their distillation; bituminous substances; mineral waxes",2,FALSE,C00,TOTAL CPC,0,0,TOTAL MOT,-1,N/A,0,FALSE,-1,N/A,0,FALSE,0,TRUE,0,FALSE,0,1461284908.04,1461284908.04,4,FALSE,TRUE,HS_27
C,A,20060101,2006,52,2006,170,COL,Colombia,X,Export,0,W00,World,0,W00,World,H2,HS,TRUE,27,"Mineral fuels, mineral oils and products of their distillation; bituminous substances; mineral waxes",2,FALSE,C00,TOTAL CPC,0,0,TOTAL MOT,-1,N/A,,FALSE,-1,N/A,,FALSE,,FALSE,,FALSE,,9373867747,9373867747,0,TRUE,FALSE,HS_27
C,A,20060101,2006,52,2006,218,ECU,Ecuador,X,Export,0,W00,World,0,W00,World,H2,HS,TRUE,27,"Mineral fuels, mineral oils and products of their distillation; bituminous substances; mineral waxes",2,FALSE,C00,TOTAL CPC,0,0,TOTAL MOT,-1,N/A,,FALSE,-1,N/A,,FALSE,,FALSE,,FALSE,,7544235496,7544235496,0,TRUE,FALSE,HS_27
C,A,20060101,2006,52,2006,222,SLV,El Salvador,X,Export,0,W00,World,0,W00,World,H2,HS,TRUE,27,"Mineral fuels, mineral oils and products of their distillation; bituminous substances; mineral waxes",2,FALSE,C00,TOTAL CPC,0,0,TOTAL MOT,-1,N/A,0,FALSE,-1,N/A,0,FALSE,0,FALSE,0,FALSE,0,89550116.4,89550116.4,0,FALSE,TRUE,HS_27
C,A,20060101,2006,52,2006,348,HUN,Hungary,X,Export,0,W00,World,0,W00,World,H2,HS,TRUE,27,"Mineral fuels, mineral oils and products of their distillation; bituminous substances; mineral waxes",2,FALSE,C00,TOTAL CPC,0,0,TOTAL MOT,-1,N/A,,FALSE,-1,N/A,,FALSE,,FALSE,,FALSE,,1803597000,1803597000,0,TRUE,FALSE,HS_27
C,A,20060101,2006,52,2006,360,IDN,Indonesia,X,Export,0,W00,World,0,W00,World,H1,HS,TRUE,27,"Mineral fuels, mineral oils and products of their distillation; bituminous substances; mineral waxes",2,FALSE,C00,TOTAL CPC,0,0,TOTAL MOT,-1,N/A,,FALSE,-1,N/A,,FALSE,,FALSE,,FALSE,,27619520088,27619520088,0,FALSE,FALSE,HS_27
C,A,20060101,2006,52,2006,384,CIV,Côte d'Ivoire,X,Export,0,W00,World,0,W00,World,H2,HS,TRUE,27,"Mineral fuels, mineral oils and products of their distillation; bituminous substances; mineral waxes",2,FALSE,C00,TOTAL CPC,0,0,TOTAL MOT,-1,N/A,,FALSE,-1,N/A,,FALSE,,FALSE,,FALSE,,3004359099,3004359099,0,TRUE,FALSE,HS_27
C,A,20060101,2006,52,2006,398,KAZ,Kazakhstan,X,Export,0,W00,World,0,W00,World,H2,HS,TRUE,27,"Mineral fuels, mineral oils and products of their distillation; bituminous substances; mineral waxes",2,FALSE,C00,TOTAL CPC,0,0,TOTAL MOT,-1,N/A,,FALSE,-1,N/A,,FALSE,,FALSE,,FALSE,,26279307682,26279307682,0,TRUE,FALSE,HS_27
C,A,20060101,2006,52,2006,484,MEX,Mexico,X,Export,0,W00,World,0,W00,World,H2,HS,TRUE,27,"Mineral fuels, mineral oils and products of their distillation; bituminous substances; mineral waxes",2,FALSE,C00,TOTAL CPC,0,0,TOTAL MOT,-1,N/A,,FALSE,-1,N/A,,FALSE,,FALSE,,FALSE,,38639540808,38639540808,0,TRUE,FALSE,HS_27
C,A,20060101,2006,52,2006,504,MAR,Morocco,X,Export,0,W00,World,0,W00,World,H2,HS,TRUE,27,"Mineral fuels, mineral oils and products of their distillation; bituminous substances; mineral waxes",2,FALSE,C00,TOTAL CPC,0,0,TOTAL MOT,-1,N/A,0,FALSE,-1,N/A,0,FALSE,0,TRUE,0,FALSE,0,462474409.16,462474409.16,4,FALSE,TRUE,HS_27
C,A,20060101,2006,52,2006,566,NGA,Nigeria,X,Export,0,W00,World,0,W00,World,H2,HS,TRUE,27,"Mineral fuels, mineral oils and products of their distillation; bituminous substances; mineral waxes",2,FALSE,C00,TOTAL CPC,0,0,TOTAL MOT,-1,N/A,,FALSE,-1,N/A,,FALSE,,FALSE,,FALSE,,58172368124,58172368124,0,TRUE,FALSE,HS_27
C,A,20060101,2006,52,2006,586,PAK,Pakistan,X,Export,0,W00,World,0,W00,World,H2,HS,TRUE,27,"Mineral fuels, mineral oils and products of their distillation; bituminous substances; mineral waxes",2,FALSE,C00,TOTAL CPC,0,0,TOTAL MOT,-1,N/A,,FALSE,-1,N/A,,FALSE,,FALSE,,FALSE,,841230673,841230673,0,TRUE,FALSE,HS_27
C,A,20060101,2006,52,2006,591,PAN,Panama,X,Export,0,W00,World,0,W00,World,H2,HS,TRUE,27,"Mineral fuels, mineral oils and products of their distillation; bituminous substances; mineral waxes",2,FALSE,C00,TOTAL CPC,0,0,TOTAL MOT,-1,N/A,,FALSE,-1,N/A,,FALSE,,FALSE,,FALSE,,9555055,9555055,0,TRUE,FALSE,HS_27
C,A,20060101,2006,52,2006,604,PER,Peru,X,Export,0,W00,World,0,W00,World,H2,HS,TRUE,27,"Mineral fuels, mineral oils and products of their distillation; bituminous substances; mineral waxes",2,FALSE,C00,TOTAL CPC,0,0,TOTAL MOT,-1,N/A,,FALSE,-1,N/A,,FALSE,,FALSE,,FALSE,,1901850341,1901850341,0,TRUE,FALSE,HS_27
C,A,20060101,2006,52,2006,608,PHL,Philippines,X,Export,0,W00,World,0,W00,World,H1,HS,TRUE,27,"Mineral fuels, mineral oils and products of their distillation; bituminous substances; mineral waxes",2,FALSE,C00,TOTAL CPC,0,0,TOTAL MOT,-1,N/A,,FALSE,-1,N/A,,FALSE,,FALSE,,FALSE,,1093081174,1093081174,0,FALSE,FALSE,HS_27
C,A,20060101,2006,52,2006,616,POL,Poland,X,Export,0,W00,World,0,W00,World,H2,HS,TRUE,27,"Mineral fuels, mineral oils and products of their distillation; bituminous substances; mineral waxes",2,FALSE,C00,TOTAL CPC,0,0,TOTAL MOT,-1,N/A,0,FALSE,-1,N/A,0,FALSE,0,TRUE,0,FALSE,0,4922306402,4922306402,4,FALSE,TRUE,HS_27
C,A,20060101,2006,52,2006,634,QAT,Qatar,X,Export,0,W00,World,0,W00,World,H2,HS,TRUE,27,"Mineral fuels, mineral oils and products of their distillation; bituminous substances; mineral waxes",2,FALSE,C00,TOTAL CPC,0,0,TOTAL MOT,-1,N/A,,FALSE,-1,N/A,,FALSE,,FALSE,,FALSE,,30551863517,30551863517,0,TRUE,FALSE,HS_27
C,A,20060101,2006,52,2006,642,ROU,Romania,X,Export,0,W00,World,0,W00,World,H2,HS,TRUE,27,"Mineral fuels, mineral oils and products of their distillation; bituminous substances; mineral waxes",2,FALSE,C00,TOTAL CPC,0,0,TOTAL MOT,-1,N/A,0,FALSE,-1,N/A,0,FALSE,0,TRUE,0,FALSE,0,3263606546.93,3263606546.93,4,FALSE,TRUE,HS_27
C,A,20060101,2006,52,2006,682,SAU,Saudi Arabia,X,Export,0,W00,World,0,W00,World,H2,HS,TRUE,27,"Mineral fuels, mineral oils and products of their distillation; bituminous substances; mineral waxes",2,FALSE,C00,TOTAL CPC,0,0,TOTAL MOT,-1,N/A,,FALSE,-1,N/A,,FALSE,,FALSE,,FALSE,,188468428865,188468428865,0,TRUE,FALSE,HS_27
C,A,20060101,2006,52,2006,686,SEN,Senegal,X,Export,0,W00,World,0,W00,World,H2,HS,TRUE,27,"Mineral fuels, mineral oils and products of their distillation; bituminous substances; mineral waxes",2,FALSE,C00,TOTAL CPC,0,0,TOTAL MOT,-1,N/A,,FALSE,-1,N/A,,FALSE,,FALSE,,FALSE,,421188196,421188196,0,TRUE,FALSE,HS_27
C,A,20060101,2006,52,2006,704,VNM,Viet Nam,X,Export,0,W00,World,0,W00,World,H2,HS,TRUE,27,"Mineral fuels, mineral oils and products of their distillation; bituminous substances; mineral waxes",2,FALSE,C00,TOTAL CPC,0,0,TOTAL MOT,-1,N/A,,FALSE,-1,N/A,,FALSE,,FALSE,,FALSE,,9709408852,9709408852,0,TRUE,FALSE,HS_27
C,A,20060101,2006,52,2006,710,ZAF,South Africa,X,Export,0,W00,World,0,W00,World,H2,HS,TRUE,27,"Mineral fuels, mineral oils and products of their distillation; bituminous substances; mineral waxes",2,FALSE,C00,TOTAL CPC,0,0,TOTAL MOT,-1,N/A,,FALSE,-1,N/A,,FALSE,,FALSE,,FALSE,,5025573519,5025573519,0,TRUE,FALSE,HS_27
C,A,20060101,2006,52,2006,784,ARE,United Arab Emirates,X,Export,0,W00,World,0,W00,World,H2,HS,TRUE,27,"Mineral fuels, mineral oils and products of their distillation; bituminous substances; mineral waxes",2,FALSE,C00,TOTAL CPC,0,0,TOTAL MOT,-1,N/A,,FALSE,-1,N/A,,FALSE,,FALSE,,FALSE,,72588463482,72588463482,0,TRUE,FALSE,HS_27
C,A,20060101,2006,52,2006,792,TUR,Türkiye,X,Export,0,W00,World,0,W00,World,H2,HS,TRUE,27,"Mineral fuels, mineral oils and products of their distillation; bituminous substances; mineral waxes",2,FALSE,C00,TOTAL CPC,0,0,TOTAL MOT,-1,N/A,0,FALSE,-1,N/A,0,FALSE,0,FALSE,0,FALSE,0,3567424511,3567424511,0,FALSE,TRUE,HS_27
C,A,20060101,2006,52,2006,818,EGY,Egypt,X,Export,0,W00,World,0,W00,World,H0,HS,TRUE,27,"Mineral fuels, mineral oils and products of their distillation; bituminous substances; mineral waxes",2,FALSE,C00,TOTAL CPC,0,0,TOTAL MOT,-1,N/A,0,FALSE,-1,N/A,0,FALSE,0,TRUE,0,FALSE,0,7662219881.133,7662219881.133,4,FALSE,TRUE,HS_27
C,A,20060101,2006,52,2006,858,URY,Uruguay,X,Export,0,W00,World,0,W00,World,H2,HS,TRUE,27,"Mineral fuels, mineral oils and products of their distillation; bituminous substances; mineral waxes",2,FALSE,C00,TOTAL CPC,0,0,TOTAL MOT,-1,N/A,,FALSE,-1,N/A,,FALSE,,FALSE,,FALSE,,139780178,139780178,0,TRUE,FALSE,HS_27
C,A,20060101,2006,52,2006,894,ZMB,Zambia,X,Export,0,W00,World,0,W00,World,H2,HS,TRUE,27,"Mineral fuels, mineral oils and products of their distillation; bituminous substances; mineral waxes",2,FALSE,C00,TOTAL CPC,0,0,TOTAL MOT,-1,N/A,0,FALSE,-1,N/A,0,FALSE,0,FALSE,0,FALSE,0,31915537,31915537,0,FALSE,TRUE,HS_27
C,A,20060101,2006,52,2006,24,AGO,Angola,X,Export,0,W00,World,0,W00,World,H2,HS,TRUE,2709,Petroleum oils and oils obtained from bituminous minerals; crude,4,FALSE,C00,TOTAL CPC,0,0,TOTAL MOT,8,kg,77766213120,FALSE,19,BBL,489095680,FALSE,77766213120,FALSE,0,FALSE,,30013717104.476,30013717104.476,0,FALSE,TRUE,HS_2709
C,A,20060101,2006,52,2006,32,ARG,Argentina,X,Export,0,W00,World,0,W00,World,H2,HS,TRUE,2709,Petroleum oils and oils obtained from bituminous minerals; crude,4,FALSE,C00,TOTAL CPC,0,0,TOTAL MOT,8,kg,5797625871,FALSE,-1,N/A,,FALSE,5797625871,FALSE,,FALSE,,2406092876,2406092876,0,TRUE,FALSE,HS_2709
C,A,20060101,2006,52,2006,76,BRA,Brazil,X,Export,0,W00,World,0,W00,World,H2,HS,TRUE,2709,Petroleum oils and oils obtained from bituminous minerals; crude,4,FALSE,C00,TOTAL CPC,0,0,TOTAL MOT,8,kg,19191566925.132,TRUE,-1,N/A,0,FALSE,19191566925.132,TRUE,0,FALSE,,6894527813,6894527813,6,FALSE,TRUE,HS_2709
C,A,20060101,2006,52,2006,170,COL,Colombia,X,Export,0,W00,World,0,W00,World,H2,HS,TRUE,2709,Petroleum oils and oils obtained from bituminous minerals; crude,4,FALSE,C00,TOTAL CPC,0,0,TOTAL MOT,8,kg,11460750483,FALSE,-1,N/A,,FALSE,11460750483,FALSE,,FALSE,,4535371572,4535371572,0,TRUE,FALSE,HS_2709
C,A,20060101,2006,52,2006,218,ECU,Ecuador,X,Export,0,W00,World,0,W00,World,H2,HS,TRUE,2709,Petroleum oils and oils obtained from bituminous minerals; crude,4,FALSE,C00,TOTAL CPC,0,0,TOTAL MOT,8,kg,19109671397,FALSE,-1,N/A,,FALSE,19109671397,FALSE,,FALSE,,6934010058,6934010058,0,TRUE,FALSE,HS_2709
C,A,20060101,2006,52,2006,360,IDN,Indonesia,X,Export,0,W00,World,0,W00,World,H1,HS,TRUE,2709,Petroleum oils and oils obtained from bituminous minerals; crude,4,FALSE,C00,TOTAL CPC,0,0,TOTAL MOT,8,kg,18127863977,FALSE,-1,N/A,,FALSE,18127863977,FALSE,,FALSE,,8168822504,8168822504,0,FALSE,FALSE,HS_2709
C,A,20060101,2006,52,2006,384,CIV,Côte d'Ivoire,X,Export,0,W00,World,0,W00,World,H2,HS,TRUE,2709,Petroleum oils and oils obtained from bituminous minerals; crude,4,FALSE,C00,TOTAL CPC,0,0,TOTAL MOT,8,kg,3080068545,FALSE,-1,N/A,,FALSE,3080068545,FALSE,,FALSE,,1310329295,1310329295,0,TRUE,FALSE,HS_2709
C,A,20060101,2006,52,2006,398,KAZ,Kazakhstan,X,Export,0,W00,World,0,W00,World,H2,HS,TRUE,2709,Petroleum oils and oils obtained from bituminous minerals; crude,4,FALSE,C00,TOTAL CPC,0,0,TOTAL MOT,8,kg,54568899980,FALSE,-1,N/A,,FALSE,54568899980,FALSE,,FALSE,,23611992552,23611992552,0,TRUE,FALSE,HS_2709
C,A,20060101,2006,52,2006,484,MEX,Mexico,X,Export,0,W00,World,0,W00,World,H2,HS,TRUE,2709,Petroleum oils and oils obtained from bituminous minerals; crude,4,FALSE,C00,TOTAL CPC,0,0,TOTAL MOT,8,kg,89473934375,TRUE,-1,N/A,,FALSE,89473934375,TRUE,,FALSE,,34707138219,34707138219,6,TRUE,FALSE,HS_2709
C,A,20060101,2006,52,2006,566,NGA,Nigeria,X,Export,0,W00,World,0,W00,World,H2,HS,TRUE,2709,Petroleum oils and oils obtained from bituminous minerals; crude,4,FALSE,C00,TOTAL CPC,0,0,TOTAL MOT,8,kg,3810095246,FALSE,-1,N/A,,FALSE,3810095246,FALSE,,FALSE,,54915839438,54915839438,0,TRUE,FALSE,HS_2709
C,A,20060101,2006,52,2006,604,PER,Peru,X,Export,0,W00,World,0,W00,World,H2,HS,TRUE,2709,Petroleum oils and oils obtained from bituminous minerals; crude,4,FALSE,C00,TOTAL CPC,0,0,TOTAL MOT,8,kg,1253467958,FALSE,-1,N/A,,FALSE,1253467958,FALSE,,FALSE,,488145734,488145734,0,TRUE,FALSE,HS_2709
C,A,20060101,2006,52,2006,608,PHL,Philippines,X,Export,0,W00,World,0,W00,World,H1,HS,TRUE,2709,Petroleum oils and oils obtained from bituminous minerals; crude,4,FALSE,C00,TOTAL CPC,0,0,TOTAL MOT,8,kg,624606631,FALSE,-1,N/A,,FALSE,624606631,FALSE,,FALSE,,129627920,129627920,0,FALSE,FALSE,HS_2709
C,A,20060101,2006,52,2006,616,POL,Poland,X,Export,0,W00,World,0,W00,World,H2,HS,TRUE,2709,Petroleum oils and oils obtained from bituminous minerals; crude,4,FALSE,C00,TOTAL CPC,0,0,TOTAL MOT,8,kg,243698580,FALSE,8,kg,243698580,FALSE,243698580,FALSE,0,FALSE,0,114107923,114107923,0,FALSE,TRUE,HS_2709
C,A,20060101,2006,52,2006,634,QAT,Qatar,X,Export,0,W00,World,0,W00,World,H2,HS,TRUE,2709,Petroleum oils and oils obtained from bituminous minerals; crude,4,FALSE,C00,TOTAL CPC,0,0,TOTAL MOT,8,kg,34139897000,FALSE,-1,N/A,,FALSE,34139897000,FALSE,,FALSE,,15981152443,15981152443,0,TRUE,FALSE,HS_2709
C,A,20060101,2006,52,2006,682,SAU,Saudi Arabia,X,Export,0,W00,World,0,W00,World,H2,HS,TRUE,2709,Petroleum oils and oils obtained from bituminous minerals; crude,4,FALSE,C00,TOTAL CPC,0,0,TOTAL MOT,8,kg,351047366383,TRUE,-1,N/A,,FALSE,351047366383,TRUE,,FALSE,,162218776107,162218776107,6,TRUE,FALSE,HS_2709
C,A,20060101,2006,52,2006,686,SEN,Senegal,X,Export,0,W00,World,0,W00,World,H2,HS,TRUE,2709,Petroleum oils and oils obtained from bituminous minerals; crude,4,FALSE,C00,TOTAL CPC,0,0,TOTAL MOT,8,kg,112327084,FALSE,-1,N/A,,FALSE,112327084,FALSE,,FALSE,,51129295,51129295,0,TRUE,FALSE,HS_2709
C,A,20060101,2006,52,2006,704,VNM,Viet Nam,X,Export,0,W00,World,0,W00,World,H2,HS,TRUE,2709,Petroleum oils and oils obtained from bituminous minerals; crude,4,FALSE,C00,TOTAL CPC,0,0,TOTAL MOT,8,kg,16457546996,TRUE,-1,N/A,,FALSE,16457546996,TRUE,,FALSE,,8312047146,8312047146,6,TRUE,FALSE,HS_2709
C,A,20060101,2006,52,2006,710,ZAF,South Africa,X,Export,0,W00,World,0,W00,World,H2,HS,TRUE,2709,Petroleum oils and oils obtained from bituminous minerals; crude,4,FALSE,C00,TOTAL CPC,0,0,TOTAL MOT,8,kg,488467751,FALSE,-1,N/A,,FALSE,488467751,FALSE,,FALSE,,457622744,457622744,0,TRUE,FALSE,HS_2709
C,A,20060101,2006,52,2006,784,ARE,United Arab Emirates,X,Export,0,W00,World,0,W00,World,H2,HS,TRUE,2709,Petroleum oils and oils obtained from bituminous minerals; crude,4,FALSE,C00,TOTAL CPC,0,0,TOTAL MOT,-1,N/A,,FALSE,-1,N/A,,FALSE,3445179,FALSE,,FALSE,,53963666148,53963666148,0,TRUE,FALSE,HS_2709
C,A,20060101,2006,52,2006,818,EGY,Egypt,X,Export,0,W00,World,0,W00,World,H0,HS,TRUE,2709,Petroleum oils and oils obtained from bituminous minerals; crude,4,FALSE,C00,TOTAL CPC,0,0,TOTAL MOT,8,kg,1896989941.626,TRUE,-1,N/A,0,FALSE,1896989941.626,TRUE,0,FALSE,0,886470113.701,886470113.701,6,FALSE,TRUE,HS_2709
C,A,20060101,2006,52,2006,894,ZMB,Zambia,X,Export,0,W00,World,0,W00,World,H2,HS,TRUE,2709,Petroleum oils and oils obtained from bituminous minerals; crude,4,FALSE,C00,TOTAL CPC,0,0,TOTAL MOT,8,kg,150,FALSE,8,kg,150,FALSE,150,FALSE,0,FALSE,0,848,848,0,FALSE,TRUE,HS_2709
C,A,20060101,2006,52,2006,24,AGO,Angola,X,Export,0,W00,World,0,W00,World,H2,HS,TRUE,2710,"Petroleum oils and oils from bituminous minerals, not crude; preparations n.e.c. containing by weight 70% or more of petroleum oils or oils from bituminous minerals; these being the basic constituents of the preparations; waste oils",4,FALSE,C00,TOTAL CPC,0,0,TOTAL MOT,8,kg,665331987,FALSE,21,1000 KG,665331.987,FALSE,665331987,FALSE,0,FALSE,,222421902.704,222421902.704,0,FALSE,TRUE,HS_2710
C,A,20060101,2006,52,2006,32,ARG,Argentina,X,Export,0,W00,World,0,W00,World,H2,HS,TRUE,2710,"Petroleum oils and oils from bituminous minerals, not crude; preparations n.e.c. containing by weight 70% or more of petroleum oils or oils from bituminous minerals; these being the basic constituents of the preparations; waste oils",4,FALSE,C00,TOTAL CPC,0,0,TOTAL MOT,8,kg,5779712564,TRUE,-1,N/A,,FALSE,5779712564,TRUE,,FALSE,,2882923668,2882923668,6,TRUE,FALSE,HS_2710
C,A,20060101,2006,52,2006,48,BHR,Bahrain,X,Export,0,W00,World,0,W00,World,H2,HS,TRUE,2710,"Petroleum oils and oils from bituminous minerals, not crude; preparations n.e.c. containing by weight 70% or more of petroleum oils or oils from bituminous minerals; these being the basic constituents of the preparations; waste oils",4,FALSE,C00,TOTAL CPC,0,0,TOTAL MOT,8,kg,21640927456,TRUE,-1,N/A,,FALSE,21640927456,TRUE,,FALSE,,9219018592,9219018592,6,TRUE,FALSE,HS_2710
C,A,20060101,2006,52,2006,76,BRA,Brazil,X,Export,0,W00,World,0,W00,World,H2,HS,TRUE,2710,"Petroleum oils and oils from bituminous minerals, not crude; preparations n.e.c. containing by weight 70% or more of petroleum oils or oils from bituminous minerals; these being the basic constituents of the preparations; waste oils",4,FALSE,C00,TOTAL CPC,0,0,TOTAL MOT,8,kg,9514102152.071,TRUE,-1,N/A,0,FALSE,9619652246.071,TRUE,0,FALSE,,3607536168,3607536168,6,FALSE,TRUE,HS_2710
C,A,20060101,2006,52,2006,144,LKA,Sri Lanka,X,Export,0,W00,World,0,W00,World,H2,HS,TRUE,2710,"Petroleum oils and oils from bituminous minerals, not crude; preparations n.e.c. containing by weight 70% or more of petroleum oils or oils from bituminous minerals; these being the basic constituents of the preparations; waste oils",4,FALSE,C00,TOTAL CPC,0,0,TOTAL MOT,8,kg,383564,FALSE,-1,N/A,,FALSE,383564,FALSE,,FALSE,,660239,660239,0,TRUE,FALSE,HS_2710
C,A,20060101,2006,52,2006,152,CHL,Chile,X,Export,0,W00,World,0,W00,World,H2,HS,TRUE,2710,"Petroleum oils and oils from bituminous minerals, not crude; preparations n.e.c. containing by weight 70% or more of petroleum oils or oils from bituminous minerals; these being the basic constituents of the preparations; waste oils",4,FALSE,C00,TOTAL CPC,0,0,TOTAL MOT,8,kg,3011772532.492,TRUE,-1,N/A,0,FALSE,3011772532.492,TRUE,0,FALSE,0,1404625109.655,1404625109.655,6,FALSE,TRUE,HS_2710
C,A,20060101,2006,52,2006,170,COL,Colombia,X,Export,0,W00,World,0,W00,World,H2,HS,TRUE,2710,"Petroleum oils and oils from bituminous minerals, not crude; preparations n.e.c. containing by weight 70% or more of petroleum oils or oils from bituminous minerals; these being the basic constituents of the preparations; waste oils",4,FALSE,C00,TOTAL CPC,0,0,TOTAL MOT,8,kg,5145839929,FALSE,-1,N/A,,FALSE,5145839929,FALSE,,FALSE,,1768558481,1768558481,0,TRUE,FALSE,HS_2710
C,A,20060101,2006,52,2006,218,ECU,Ecuador,X,Export,0,W00,World,0,W00,World,H2,HS,TRUE,2710,"Petroleum oils and oils from bituminous minerals, not crude; preparations n.e.c. containing by weight 70% or more of petroleum oils or oils from bituminous minerals; these being the basic constituents of the preparations; waste oils",4,FALSE,C00,TOTAL CPC,0,0,TOTAL MOT,8,kg,1790201978,TRUE,-1,N/A,,FALSE,1790201978,TRUE,,FALSE,,499027378,499027378,6,TRUE,FALSE,HS_2710
C,A,20060101,2006,52,2006,222,SLV,El Salvador,X,Export,0,W00,World,0,W00,World,H2,HS,TRUE,2710,"Petroleum oils and oils from bituminous minerals, not crude; preparations n.e.c. containing by weight 70% or more of petroleum oils or oils from bituminous minerals; these being the basic constituents of the preparations; waste oils",4,FALSE,C00,TOTAL CPC,0,0,TOTAL MOT,8,kg,110256334.96,FALSE,8,kg,110256334.96,FALSE,110256334.96,FALSE,0,FALSE,0,83511981.95,83511981.95,0,FALSE,TRUE,HS_2710
C,A,20060101,2006,52,2006,348,HUN,Hungary,X,Export,0,W00,World,0,W00,World,H2,HS,TRUE,2710,"Petroleum oils and oils from bituminous minerals, not crude; preparations n.e.c. containing by weight 70% or more of petroleum oils or oils from bituminous minerals; these being the basic constituents of the preparations; waste oils",4,FALSE,C00,TOTAL CPC,0,0,TOTAL MOT,8,kg,1928673300,FALSE,-1,N/A,,FALSE,1928673300,FALSE,,FALSE,,1243069000,1243069000,0,TRUE,FALSE,HS_2710
C,A,20060101,2006,52,2006,360,IDN,Indonesia,X,Export,0,W00,World,0,W00,World,H1,HS,TRUE,2710,"Petroleum oils, oils from bituminous minerals, not crude; preparations n.e.s. containing less than 70% petroleum oils, oils from bituminous minerals; these being the basic constituents of the preparations",4,FALSE,C00,TOTAL CPC,0,0,TOTAL MOT,8,kg,6861550841,FALSE,-1,N/A,,FALSE,6861550841,FALSE,,FALSE,,2815323704,2815323704,0,FALSE,FALSE,HS_2710
C,A,20060101,2006,52,2006,384,CIV,Côte d'Ivoire,X,Export,0,W00,World,0,W00,World,H2,HS,TRUE,2710,"Petroleum oils and oils from bituminous minerals, not crude; preparations n.e.c. containing by weight 70% or more of petroleum oils or oils from bituminous minerals; these being the basic constituents of the preparations; waste oils",4,FALSE,C00,TOTAL CPC,0,0,TOTAL MOT,8,kg,2983383789,FALSE,-1,N/A,,FALSE,2983383789,FALSE,,FALSE,,1652295458,1652295458,0,TRUE,FALSE,HS_2710
C,A,20060101,2006,52,2006,398,KAZ,Kazakhstan,X,Export,0,W00,World,0,W00,World,H2,HS,TRUE,2710,"Petroleum oils and oils from bituminous minerals, not crude; preparations n.e.c. containing by weight 70% or more of petroleum oils or oils from bituminous minerals; these being the basic constituents of the preparations; waste oils",4,FALSE,C00,TOTAL CPC,0,0,TOTAL MOT,8,kg,3480450674,FALSE,-1,N/A,,FALSE,3480450674,FALSE,,FALSE,,1195183848,1195183848,0,TRUE,FALSE,HS_2710
C,A,20060101,2006,52,2006,484,MEX,Mexico,X,Export,0,W00,World,0,W00,World,H2,HS,TRUE,2710,"Petroleum oils and oils from bituminous minerals, not crude; preparations n.e.c. containing by weight 70% or more of petroleum oils or oils from bituminous minerals; these being the basic constituents of the preparations; waste oils",4,FALSE,C00,TOTAL CPC,0,0,TOTAL MOT,-1,N/A,,FALSE,-1,N/A,,FALSE,,FALSE,,FALSE,,3539591993,3539591993,0,TRUE,FALSE,HS_2710
C,A,20060101,2006,52,2006,504,MAR,Morocco,X,Export,0,W00,World,0,W00,World,H2,HS,TRUE,2710,"Petroleum oils and oils from bituminous minerals, not crude; preparations n.e.c. containing by weight 70% or more of petroleum oils or oils from bituminous minerals; these being the basic constituents of the preparations; waste oils",4,FALSE,C00,TOTAL CPC,0,0,TOTAL MOT,8,kg,499378106,FALSE,8,kg,499378106,FALSE,499378106,FALSE,0,FALSE,0,236968207.597,236968207.597,0,FALSE,TRUE,HS_2710
C,A,20060101,2006,52,2006,566,NGA,Nigeria,X,Export,0,W00,World,0,W00,World,H2,HS,TRUE,2710,"Petroleum oils and oils from bituminous minerals, not crude; preparations n.e.c. containing by weight 70% or more of petroleum oils or oils from bituminous minerals; these being the basic constituents of the preparations; waste oils",4,FALSE,C00,TOTAL CPC,0,0,TOTAL MOT,8,kg,6877269263,FALSE,-1,N/A,,FALSE,6877269263,FALSE,,FALSE,,3256528583,3256528583,0,TRUE,FALSE,HS_2710
C,A,20060101,2006,52,2006,586,PAK,Pakistan,X,Export,0,W00,World,0,W00,World,H2,HS,TRUE,2710,"Petroleum oils and oils from bituminous minerals, not crude; preparations n.e.c. containing by weight 70% or more of petroleum oils or oils from bituminous minerals; these being the basic constituents of the preparations; waste oils",4,FALSE,C00,TOTAL CPC,0,0,TOTAL MOT,8,kg,1451193571,TRUE,-1,N/A,,FALSE,1451193571,TRUE,,FALSE,,823534860,823534860,6,TRUE,FALSE,HS_2710
C,A,20060101,2006,52,2006,591,PAN,Panama,X,Export,0,W00,World,0,W00,World,H2,HS,TRUE,2710,"Petroleum oils and oils from bituminous minerals, not crude; preparations n.e.c. containing by weight 70% or more of petroleum oils or oils from bituminous minerals; these being the basic constituents of the preparations; waste oils",4,FALSE,C00,TOTAL CPC,0,0,TOTAL MOT,8,kg,6535242,FALSE,-1,N/A,,FALSE,6535242,FALSE,,FALSE,,9334440,9334440,0,TRUE,FALSE,HS_2710
C,A,20060101,2006,52,2006,604,PER,Peru,X,Export,0,W00,World,0,W00,World,H2,HS,TRUE,2710,"Petroleum oils and oils from bituminous minerals, not crude; preparations n.e.c. containing by weight 70% or more of petroleum oils or oils from bituminous minerals; these being the basic constituents of the preparations; waste oils",4,FALSE,C00,TOTAL CPC,0,0,TOTAL MOT,8,kg,3111753171,FALSE,-1,N/A,,FALSE,3111753171,FALSE,,FALSE,,1384174122,1384174122,0,TRUE,FALSE,HS_2710
C,A,20060101,2006,52,2006,608,PHL,Philippines,X,Export,0,W00,World,0,W00,World,H1,HS,TRUE,2710,"Petroleum oils, oils from bituminous minerals, not crude; preparations n.e.s. containing less than 70% petroleum oils, oils from bituminous minerals; these being the basic constituents of the preparations",4,FALSE,C00,TOTAL CPC,0,0,TOTAL MOT,8,kg,1705342628,FALSE,-1,N/A,,FALSE,1705342628,FALSE,,FALSE,,918296367,918296367,0,FALSE,FALSE,HS_2710
C,A,20060101,2006,52,2006,616,POL,Poland,X,Export,0,W00,World,0,W00,World,H2,HS,TRUE,2710,"Petroleum oils and oils from bituminous minerals, not crude; preparations n.e.c. containing by weight 70% or more of petroleum oils or oils from bituminous minerals; these being the basic constituents of the preparations; waste oils",4,FALSE,C00,TOTAL CPC,0,0,TOTAL MOT,8,kg,2651570739.243,TRUE,-1,N/A,0,FALSE,2651570739.243,TRUE,0,FALSE,0,1409308545,1409308545,6,FALSE,TRUE,HS_2710
C,A,20060101,2006,52,2006,634,QAT,Qatar,X,Export,0,W00,World,0,W00,World,H2,HS,TRUE,2710,"Petroleum oils and oils from bituminous minerals, not crude; preparations n.e.c. containing by weight 70% or more of petroleum oils or oils from bituminous minerals; these being the basic constituents of the preparations; waste oils",4,FALSE,C00,TOTAL CPC,0,0,TOTAL MOT,8,kg,2906145884,FALSE,-1,N/A,,FALSE,2906145884,FALSE,,FALSE,,1567977192,1567977192,0,TRUE,FALSE,HS_2710
C,A,20060101,2006,52,2006,642,ROU,Romania,X,Export,0,W00,World,0,W00,World,H2,HS,TRUE,2710,"Petroleum oils and oils from bituminous minerals, not crude; preparations n.e.c. containing by weight 70% or more of petroleum oils or oils from bituminous minerals; these being the basic constituents of the preparations; waste oils",4,FALSE,C00,TOTAL CPC,0,0,TOTAL MOT,8,kg,5312875271.89,FALSE,-1,N/A,0,FALSE,5026310167.51,FALSE,0,FALSE,0,2910486588.53,2910486588.53,0,FALSE,TRUE,HS_2710
C,A,20060101,2006,52,2006,682,SAU,Saudi Arabia,X,Export,0,W00,World,0,W00,World,H2,HS,TRUE,2710,"Petroleum oils and oils from bituminous minerals, not crude; preparations n.e.c. containing by weight 70% or more of petroleum oils or oils from bituminous minerals; these being the basic constituents of the preparations; waste oils",4,FALSE,C00,TOTAL CPC,0,0,TOTAL MOT,8,kg,34912790652,TRUE,-1,N/A,,FALSE,34912790652,TRUE,,FALSE,,17970533881,17970533881,6,TRUE,FALSE,HS_2710
C,A,20060101,2006,52,2006,686,SEN,Senegal,X,Export,0,W00,World,0,W00,World,H2,HS,TRUE,2710,"Petroleum oils and oils from bituminous minerals, not crude; preparations n.e.c. containing by weight 70% or more of petroleum oils or oils from bituminous minerals; these being the basic constituents of the preparations; waste oils",4,FALSE,C00,TOTAL CPC,0,0,TOTAL MOT,8,kg,609101131,FALSE,-1,N/A,,FALSE,609101131,FALSE,,FALSE,,362422019,362422019,0,TRUE,FALSE,HS_2710
C,A,20060101,2006,52,2006,704,VNM,Viet Nam,X,Export,0,W00,World,0,W00,World,H2,HS,TRUE,2710,"Petroleum oils and oils from bituminous minerals, not crude; preparations n.e.c. containing by weight 70% or more of petroleum oils or oils from bituminous minerals; these being the basic constituents of the preparations; waste oils",4,FALSE,C00,TOTAL CPC,0,0,TOTAL MOT,-1,N/A,,FALSE,-1,N/A,,FALSE,1000655998,TRUE,,FALSE,,478970278,478970278,4,TRUE,FALSE,HS_2710
C,A,20060101,2006,52,2006,710,ZAF,South Africa,X,Export,0,W00,World,0,W00,World,H2,HS,TRUE,2710,"Petroleum oils and oils from bituminous minerals, not crude; preparations n.e.c. containing by weight 70% or more of petroleum oils or oils from bituminous minerals; these being the basic constituents of the preparations; waste oils",4,FALSE,C00,TOTAL CPC,0,0,TOTAL MOT,8,kg,2806515073,TRUE,-1,N/A,,FALSE,2806515073,TRUE,,FALSE,,1133053118,1133053118,6,TRUE,FALSE,HS_2710
C,A,20060101,2006,52,2006,784,ARE,United Arab Emirates,X,Export,0,W00,World,0,W00,World,H2,HS,TRUE,2710,"Petroleum oils and oils from bituminous minerals, not crude; preparations n.e.c. containing by weight 70% or more of petroleum oils or oils from bituminous minerals; these being the basic constituents of the preparations; waste oils",4,FALSE,C00,TOTAL CPC,0,0,TOTAL MOT,-1,N/A,,FALSE,-1,N/A,,FALSE,368737142,FALSE,,FALSE,,16175412812,16175412812,0,TRUE,FALSE,HS_2710
C,A,20060101,2006,52,2006,792,TUR,Türkiye,X,Export,0,W00,World,0,W00,World,H2,HS,TRUE,2710,"Petroleum oils and oils from bituminous minerals, not crude; preparations n.e.c. containing by weight 70% or more of petroleum oils or oils from bituminous minerals; these being the basic constituents of the preparations; waste oils",4,FALSE,C00,TOTAL CPC,0,0,TOTAL MOT,8,kg,6434145738,FALSE,-1,N/A,0,FALSE,6434145738,FALSE,0,FALSE,0,3185867991,3185867991,0,FALSE,TRUE,HS_2710
C,A,20060101,2006,52,2006,818,EGY,Egypt,X,Export,0,W00,World,0,W00,World,H0,HS,TRUE,2710,"Petroleum oils, oils from bituminous minerals, not crude; preparations n.e.s. containing less than 70% petroleum oils, oils from bituminous minerals; these being the basic constituents of the preparations",4,FALSE,C00,TOTAL CPC,0,0,TOTAL MOT,8,kg,5221605762.417,TRUE,-1,N/A,0,FALSE,5221605762.417,TRUE,0,FALSE,0,3613351187.593,3613351187.593,6,FALSE,TRUE,HS_2710
C,A,20060101,2006,52,2006,858,URY,Uruguay,X,Export,0,W00,World,0,W00,World,H2,HS,TRUE,2710,"Petroleum oils and oils from bituminous minerals, not crude; preparations n.e.c. containing by weight 70% or more of petroleum oils or oils from bituminous minerals; these being the basic constituents of the preparations; waste oils",4,FALSE,C00,TOTAL CPC,0,0,TOTAL MOT,8,kg,218364558,FALSE,-1,N/A,,FALSE,218364558,FALSE,,FALSE,,134972571,134972571,0,TRUE,FALSE,HS_2710
C,A,20060101,2006,52,2006,894,ZMB,Zambia,X,Export,0,W00,World,0,W00,World,H2,HS,TRUE,2710,"Petroleum oils and oils from bituminous minerals, not crude; preparations n.e.c. containing by weight 70% or more of petroleum oils or oils from bituminous minerals; these being the basic constituents of the preparations; waste oils",4,FALSE,C00,TOTAL CPC,0,0,TOTAL MOT,8,kg,10450049,FALSE,8,kg,10450049,FALSE,10450049,FALSE,0,FALSE,0,18396809,18396809,0,FALSE,TRUE,HS_2710
C,A,20060101,2006,52,2006,24,AGO,Angola,X,Export,0,W00,World,0,W00,World,H2,HS,TRUE,2711,Petroleum gases and other gaseous hydrocarbons,4,FALSE,C00,TOTAL CPC,0,0,TOTAL MOT,8,kg,536289250,FALSE,21,1000 KG,536289.25,FALSE,536289250,FALSE,0,FALSE,,248904541.909,248904541.909,0,FALSE,TRUE,HS_2711
C,A,20060101,2006,52,2006,32,ARG,Argentina,X,Export,0,W00,World,0,W00,World,H2,HS,TRUE,2711,Petroleum gases and other gaseous hydrocarbons,4,FALSE,C00,TOTAL CPC,0,0,TOTAL MOT,8,kg,6287917915,TRUE,-1,N/A,,FALSE,6287917915,TRUE,,FALSE,,1511646427,1511646427,6,TRUE,FALSE,HS_2711
C,A,20060101,2006,52,2006,76,BRA,Brazil,X,Export,0,W00,World,0,W00,World,H2,HS,TRUE,2711,Petroleum gases and other gaseous hydrocarbons,4,FALSE,C00,TOTAL CPC,0,0,TOTAL MOT,-1,N/A,0,FALSE,-1,N/A,0,FALSE,25193907.836,TRUE,0,FALSE,,14616496,14616496,4,FALSE,TRUE,HS_2711
C,A,20060101,2006,52,2006,144,LKA,Sri Lanka,X,Export,0,W00,World,0,W00,World,H2,HS,TRUE,2711,Petroleum gases and other gaseous hydrocarbons,4,FALSE,C00,TOTAL CPC,0,0,TOTAL MOT,8,kg,718,FALSE,-1,N/A,,FALSE,718,FALSE,,FALSE,,3776,3776,0,TRUE,FALSE,HS_2711
C,A,20060101,2006,52,2006,152,CHL,Chile,X,Export,0,W00,World,0,W00,World,H2,HS,TRUE,2711,Petroleum gases and other gaseous hydrocarbons,4,FALSE,C00,TOTAL CPC,0,0,TOTAL MOT,8,kg,127232363.695,TRUE,-1,N/A,0,FALSE,127232363.695,TRUE,0,FALSE,0,54416696.375,54416696.375,6,FALSE,TRUE,HS_2711
C,A,20060101,2006,52,2006,170,COL,Colombia,X,Export,0,W00,World,0,W00,World,H2,HS,TRUE,2711,Petroleum gases and other gaseous hydrocarbons,4,FALSE,C00,TOTAL CPC,0,0,TOTAL MOT,8,kg,53179232,FALSE,-1,N/A,,FALSE,53179232,FALSE,,FALSE,,22007113,22007113,0,TRUE,FALSE,HS_2711
C,A,20060101,2006,52,2006,222,SLV,El Salvador,X,Export,0,W00,World,0,W00,World,H2,HS,TRUE,2711,Petroleum gases and other gaseous hydrocarbons,4,FALSE,C00,TOTAL CPC,0,0,TOTAL MOT,8,kg,23066,FALSE,8,kg,23066,FALSE,23066,FALSE,0,FALSE,0,23936.1,23936.1,0,FALSE,TRUE,HS_2711
C,A,20060101,2006,52,2006,348,HUN,Hungary,X,Export,0,W00,World,0,W00,World,H2,HS,TRUE,2711,Petroleum gases and other gaseous hydrocarbons,4,FALSE,C00,TOTAL CPC,0,0,TOTAL MOT,8,kg,93608500,FALSE,-1,N/A,,FALSE,93608500,FALSE,,FALSE,,56012000,56012000,0,TRUE,FALSE,HS_2711
C,A,20060101,2006,52,2006,360,IDN,Indonesia,X,Export,0,W00,World,0,W00,World,H1,HS,TRUE,2711,Petroleum gases and other gaseous hydrocarbons,4,FALSE,C00,TOTAL CPC,0,0,TOTAL MOT,8,kg,23116695122,FALSE,-1,N/A,,FALSE,23116695122,FALSE,,FALSE,,10197097137,10197097137,0,FALSE,FALSE,HS_2711
C,A,20060101,2006,52,2006,384,CIV,Côte d'Ivoire,X,Export,0,W00,World,0,W00,World,H2,HS,TRUE,2711,Petroleum gases and other gaseous hydrocarbons,4,FALSE,C00,TOTAL CPC,0,0,TOTAL MOT,8,kg,133263,FALSE,-1,N/A,,FALSE,133263,FALSE,,FALSE,,86054,86054,0,TRUE,FALSE,HS_2711
C,A,20060101,2006,52,2006,398,KAZ,Kazakhstan,X,Export,0,W00,World,0,W00,World,H2,HS,TRUE,2711,Petroleum gases and other gaseous hydrocarbons,4,FALSE,C00,TOTAL CPC,0,0,TOTAL MOT,8,kg,13484786623,FALSE,-1,N/A,,FALSE,13484786623,FALSE,,FALSE,,898306920,898306920,0,TRUE,FALSE,HS_2711
C,A,20060101,2006,52,2006,484,MEX,Mexico,X,Export,0,W00,World,0,W00,World,H2,HS,TRUE,2711,Petroleum gases and other gaseous hydrocarbons,4,FALSE,C00,TOTAL CPC,0,0,TOTAL MOT,-1,N/A,,FALSE,-1,N/A,,FALSE,541335212,TRUE,,FALSE,,122556750,122556750,4,TRUE,FALSE,HS_2711
C,A,20060101,2006,52,2006,586,PAK,Pakistan,X,Export,0,W00,World,0,W00,World,H2,HS,TRUE,2711,Petroleum gases and other gaseous hydrocarbons,4,FALSE,C00,TOTAL CPC,0,0,TOTAL MOT,-1,N/A,,FALSE,-1,N/A,,FALSE,427458,TRUE,,FALSE,,101821,101821,4,TRUE,FALSE,HS_2711
C,A,20060101,2006,52,2006,591,PAN,Panama,X,Export,0,W00,World,0,W00,World,H2,HS,TRUE,2711,Petroleum gases and other gaseous hydrocarbons,4,FALSE,C00,TOTAL CPC,0,0,TOTAL MOT,8,kg,79485,FALSE,-1,N/A,,FALSE,79485,FALSE,,FALSE,,108553,108553,0,TRUE,FALSE,HS_2711
C,A,20060101,2006,52,2006,604,PER,Peru,X,Export,0,W00,World,0,W00,World,H2,HS,TRUE,2711,Petroleum gases and other gaseous hydrocarbons,4,FALSE,C00,TOTAL CPC,0,0,TOTAL MOT,8,kg,48585141,FALSE,-1,N/A,,FALSE,48585141,FALSE,,FALSE,,26329847,26329847,0,TRUE,FALSE,HS_2711
C,A,20060101,2006,52,2006,608,PHL,Philippines,X,Export,0,W00,World,0,W00,World,H1,HS,TRUE,2711,Petroleum gases and other gaseous hydrocarbons,4,FALSE,C00,TOTAL CPC,0,0,TOTAL MOT,8,kg,84192130,FALSE,-1,N/A,,FALSE,84192130,FALSE,,FALSE,,44838758,44838758,0,FALSE,FALSE,HS_2711
C,A,20060101,2006,52,2006,616,POL,Poland,X,Export,0,W00,World,0,W00,World,H2,HS,TRUE,2711,Petroleum gases and other gaseous hydrocarbons,4,FALSE,C00,TOTAL CPC,0,0,TOTAL MOT,8,kg,48814348.766,TRUE,-1,N/A,0,FALSE,48814348.766,TRUE,0,FALSE,0,27793057,27793057,6,FALSE,TRUE,HS_2711
C,A,20060101,2006,52,2006,634,QAT,Qatar,X,Export,0,W00,World,0,W00,World,H2,HS,TRUE,2711,Petroleum gases and other gaseous hydrocarbons,4,FALSE,C00,TOTAL CPC,0,0,TOTAL MOT,8,kg,36839659035,FALSE,-1,N/A,,FALSE,36839659035,FALSE,,FALSE,,13002688659,13002688659,0,TRUE,FALSE,HS_2711
C,A,20060101,2006,52,2006,642,ROU,Romania,X,Export,0,W00,World,0,W00,World,H2,HS,TRUE,2711,Petroleum gases and other gaseous hydrocarbons,4,FALSE,C00,TOTAL CPC,0,0,TOTAL MOT,8,kg,233620405.63,FALSE,8,kg,233620405.63,FALSE,233620405.63,FALSE,0,FALSE,0,105852857.12,105852857.12,0,FALSE,TRUE,HS_2711
C,A,20060101,2006,52,2006,682,SAU,Saudi Arabia,X,Export,0,W00,World,0,W00,World,H2,HS,TRUE,2711,Petroleum gases and other gaseous hydrocarbons,4,FALSE,C00,TOTAL CPC,0,0,TOTAL MOT,8,kg,15255221000,FALSE,-1,N/A,,FALSE,15255221000,FALSE,,FALSE,,7877756071,7877756071,0,TRUE,FALSE,HS_2711
C,A,20060101,2006,52,2006,686,SEN,Senegal,X,Export,0,W00,World,0,W00,World,H2,HS,TRUE,2711,Petroleum gases and other gaseous hydrocarbons,4,FALSE,C00,TOTAL CPC,0,0,TOTAL MOT,8,kg,1947493,FALSE,-1,N/A,,FALSE,1947493,FALSE,,FALSE,,1285681,1285681,0,TRUE,FALSE,HS_2711
C,A,20060101,2006,52,2006,704,VNM,Viet Nam,X,Export,0,W00,World,0,W00,World,H2,HS,TRUE,2711,Petroleum gases and other gaseous hydrocarbons,4,FALSE,C00,TOTAL CPC,0,0,TOTAL MOT,-1,N/A,,FALSE,-1,N/A,,FALSE,4714465,TRUE,,FALSE,,1859496,1859496,4,TRUE,FALSE,HS_2711
C,A,20060101,2006,52,2006,710,ZAF,South Africa,X,Export,0,W00,World,0,W00,World,H2,HS,TRUE,2711,Petroleum gases and other gaseous hydrocarbons,4,FALSE,C00,TOTAL CPC,0,0,TOTAL MOT,8,kg,72012208,FALSE,-1,N/A,,FALSE,72012208,FALSE,,FALSE,,30036962,30036962,0,TRUE,FALSE,HS_2711
C,A,20060101,2006,52,2006,784,ARE,United Arab Emirates,X,Export,0,W00,World,0,W00,World,H2,HS,TRUE,2711,Petroleum gases and other gaseous hydrocarbons,4,FALSE,C00,TOTAL CPC,0,0,TOTAL MOT,-1,N/A,,FALSE,-1,N/A,,FALSE,577993,FALSE,,FALSE,,2438484837,2438484837,0,TRUE,FALSE,HS_2711
C,A,20060101,2006,52,2006,792,TUR,Türkiye,X,Export,0,W00,World,0,W00,World,H2,HS,TRUE,2711,Petroleum gases and other gaseous hydrocarbons,4,FALSE,C00,TOTAL CPC,0,0,TOTAL MOT,8,kg,279276133,FALSE,-1,N/A,0,FALSE,279276133,FALSE,0,FALSE,0,179888164,179888164,0,FALSE,TRUE,HS_2711
C,A,20060101,2006,52,2006,818,EGY,Egypt,X,Export,0,W00,World,0,W00,World,H0,HS,TRUE,2711,Petroleum gases and other gaseous hydrocarbons,4,FALSE,C00,TOTAL CPC,0,0,TOTAL MOT,8,kg,8163368190.126,TRUE,-1,N/A,0,FALSE,8163368190.126,TRUE,0,FALSE,0,2973784267.782,2973784267.782,6,FALSE,TRUE,HS_2711
C,A,20060101,2006,52,2006,858,URY,Uruguay,X,Export,0,W00,World,0,W00,World,H2,HS,TRUE,2711,Petroleum gases and other gaseous hydrocarbons,4,FALSE,C00,TOTAL CPC,0,0,TOTAL MOT,8,kg,4888650,FALSE,-1,N/A,,FALSE,4888650,FALSE,,FALSE,,3209480,3209480,0,TRUE,FALSE,HS_2711
C,A,20060101,2006,52,2006,894,ZMB,Zambia,X,Export,0,W00,World,0,W00,World,H2,HS,TRUE,2711,Petroleum gases and other gaseous hydrocarbons,4,FALSE,C00,TOTAL CPC,0,0,TOTAL MOT,8,kg,3764127,FALSE,8,kg,3764127,FALSE,3764127,FALSE,0,FALSE,0,1884222,1884222,0,FALSE,TRUE,HS_2711
C,A,20060101,2006,52,2006,24,AGO,Angola,X,Export,0,W00,World,0,W00,World,H2,HS,TRUE,74,Copper and articles thereof,2,FALSE,C00,TOTAL CPC,0,0,TOTAL MOT,-1,N/A,0,FALSE,-1,N/A,0,FALSE,0,FALSE,0,FALSE,,39089.598,39089.598,0,FALSE,TRUE,HS_74
C,A,20060101,2006,52,2006,32,ARG,Argentina,X,Export,0,W00,World,0,W00,World,H2,HS,TRUE,74,Copper and articles thereof,2,FALSE,C00,TOTAL CPC,0,0,TOTAL MOT,-1,N/A,,FALSE,-1,N/A,,FALSE,,FALSE,,FALSE,,11867721,11867721,0,TRUE,FALSE,HS_74
C,A,20060101,2006,52,2006,48,BHR,Bahrain,X,Export,0,W00,World,0,W00,World,H2,HS,TRUE,74,Copper and articles thereof,2,FALSE,C00,TOTAL CPC,0,0,TOTAL MOT,-1,N/A,,FALSE,-1,N/A,,FALSE,,FALSE,,FALSE,,5148318,5148318,0,TRUE,FALSE,HS_74
C,A,20060101,2006,52,2006,76,BRA,Brazil,X,Export,0,W00,World,0,W00,World,H2,HS,TRUE,74,Copper and articles thereof,2,FALSE,C00,TOTAL CPC,0,0,TOTAL MOT,-1,N/A,0,FALSE,-1,N/A,0,FALSE,0,TRUE,0,FALSE,,970728507,970728507,4,FALSE,TRUE,HS_74
C,A,20060101,2006,52,2006,144,LKA,Sri Lanka,X,Export,0,W00,World,0,W00,World,H2,HS,TRUE,74,Copper and articles thereof,2,FALSE,C00,TOTAL CPC,0,0,TOTAL MOT,-1,N/A,,FALSE,-1,N/A,,FALSE,,FALSE,,FALSE,,107747805,107747805,0,TRUE,FALSE,HS_74
C,A,20060101,2006,52,2006,152,CHL,Chile,X,Export,0,W00,World,0,W00,World,H2,HS,TRUE,74,Copper and articles thereof,2,FALSE,C00,TOTAL CPC,0,0,TOTAL MOT,-1,N/A,0,FALSE,-1,N/A,0,FALSE,0,TRUE,0,FALSE,0,22068133265.768,22068133265.768,4,FALSE,TRUE,HS_74
C,A,20060101,2006,52,2006,170,COL,Colombia,X,Export,0,W00,World,0,W00,World,H2,HS,TRUE,74,Copper and articles thereof,2,FALSE,C00,TOTAL CPC,0,0,TOTAL MOT,-1,N/A,,FALSE,-1,N/A,,FALSE,,FALSE,,FALSE,,309536194,309536194,0,TRUE,FALSE,HS_74
C,A,20060101,2006,52,2006,218,ECU,Ecuador,X,Export,0,W00,World,0,W00,World,H2,HS,TRUE,74,Copper and articles thereof,2,FALSE,C00,TOTAL CPC,0,0,TOTAL MOT,-1,N/A,,FALSE,-1,N/A,,FALSE,,FALSE,,FALSE,,19699487,19699487,0,TRUE,FALSE,HS_74
C,A,20060101,2006,52,2006,222,SLV,El Salvador,X,Export,0,W00,World,0,W00,World,H2,HS,TRUE,74,Copper and articles thereof,2,FALSE,C00,TOTAL CPC,0,0,TOTAL MOT,-1,N/A,0,FALSE,-1,N/A,0,FALSE,0,FALSE,0,FALSE,0,5854417.23,5854417.23,0,FALSE,TRUE,HS_74
C,A,20060101,2006,52,2006,348,HUN,Hungary,X,Export,0,W00,World,0,W00,World,H2,HS,TRUE,74,Copper and articles thereof,2,FALSE,C00,TOTAL CPC,0,0,TOTAL MOT,-1,N/A,,FALSE,-1,N/A,,FALSE,1300,FALSE,,FALSE,,217682000,217682000,0,TRUE,FALSE,HS_74
C,A,20060101,2006,52,2006,360,IDN,Indonesia,X,Export,0,W00,World,0,W00,World,H1,HS,TRUE,74,Copper and articles thereof,2,FALSE,C00,TOTAL CPC,0,0,TOTAL MOT,-1,N/A,,FALSE,-1,N/A,,FALSE,,FALSE,,FALSE,,1904419902,1904419902,0,FALSE,FALSE,HS_74
C,A,20060101,2006,52,2006,384,CIV,Côte d'Ivoire,X,Export,0,W00,World,0,W00,World,H2,HS,TRUE,74,Copper and articles thereof,2,FALSE,C00,TOTAL CPC,0,0,TOTAL MOT,-1,N/A,,FALSE,-1,N/A,,FALSE,,FALSE,,FALSE,,1408565,1408565,0,TRUE,FALSE,HS_74
C,A,20060101,2006,52,2006,398,KAZ,Kazakhstan,X,Export,0,W00,World,0,W00,World,H2,HS,TRUE,74,Copper and articles thereof,2,FALSE,C00,TOTAL CPC,0,0,TOTAL MOT,-1,N/A,,FALSE,-1,N/A,,FALSE,,FALSE,,FALSE,,2631957923,2631957923,0,TRUE,FALSE,HS_74
C,A,20060101,2006,52,2006,484,MEX,Mexico,X,Export,0,W00,World,0,W00,World,H2,HS,TRUE,74,Copper and articles thereof,2,FALSE,C00,TOTAL CPC,0,0,TOTAL MOT,-1,N/A,,FALSE,-1,N/A,,FALSE,,FALSE,,FALSE,,2007407930,2007407930,0,TRUE,FALSE,HS_74
C,A,20060101,2006,52,2006,504,MAR,Morocco,X,Export,0,W00,World,0,W00,World,H2,HS,TRUE,74,Copper and articles thereof,2,FALSE,C00,TOTAL CPC,0,0,TOTAL MOT,-1,N/A,0,FALSE,-1,N/A,0,FALSE,0,TRUE,0,FALSE,0,110822278.286,110822278.286,4,FALSE,TRUE,HS_74
C,A,20060101,2006,52,2006,566,NGA,Nigeria,X,Export,0,W00,World,0,W00,World,H2,HS,TRUE,74,Copper and articles thereof,2,FALSE,C00,TOTAL CPC,0,0,TOTAL MOT,-1,N/A,,FALSE,-1,N/A,,FALSE,,FALSE,,FALSE,,285424,285424,0,TRUE,FALSE,HS_74
C,A,20060101,2006,52,2006,586,PAK,Pakistan,X,Export,0,W00,World,0,W00,World,H2,HS,TRUE,74,Copper and articles thereof,2,FALSE,C00,TOTAL CPC,0,0,TOTAL MOT,-1,N/A,,FALSE,-1,N/A,,FALSE,,FALSE,,FALSE,,34259581,34259581,0,TRUE,FALSE,HS_74
C,A,20060101,2006,52,2006,591,PAN,Panama,X,Export,0,W00,World,0,W00,World,H2,HS,TRUE,74,Copper and articles thereof,2,FALSE,C00,TOTAL CPC,0,0,TOTAL MOT,-1,N/A,,FALSE,-1,N/A,,FALSE,,FALSE,,FALSE,,10022585,10022585,0,TRUE,FALSE,HS_74
C,A,20060101,2006,52,2006,604,PER,Peru,X,Export,0,W00,World,0,W00,World,H2,HS,TRUE,74,Copper and articles thereof,2,FALSE,C00,TOTAL CPC,0,0,TOTAL MOT,-1,N/A,,FALSE,-1,N/A,,FALSE,,FALSE,,FALSE,,3574210547,3574210547,0,TRUE,FALSE,HS_74
C,A,20060101,2006,52,2006,608,PHL,Philippines,X,Export,0,W00,World,0,W00,World,H1,HS,TRUE,74,Copper and articles thereof,2,FALSE,C00,TOTAL CPC,0,0,TOTAL MOT,-1,N/A,,FALSE,-1,N/A,,FALSE,,FALSE,,FALSE,,1374063292,1374063292,0,FALSE,FALSE,HS_74
C,A,20060101,2006,52,2006,616,POL,Poland,X,Export,0,W00,World,0,W00,World,H2,HS,TRUE,74,Copper and articles thereof,2,FALSE,C00,TOTAL CPC,0,0,TOTAL MOT,-1,N/A,0,FALSE,-1,N/A,0,FALSE,0,TRUE,0,FALSE,0,3323844677,3323844677,4,FALSE,TRUE,HS_74
C,A,20060101,2006,52,2006,634,QAT,Qatar,X,Export,0,W00,World,0,W00,World,H2,HS,TRUE,74,Copper and articles thereof,2,FALSE,C00,TOTAL CPC,0,0,TOTAL MOT,-1,N/A,,FALSE,-1,N/A,,FALSE,,FALSE,,FALSE,,1091678,1091678,0,TRUE,FALSE,HS_74
C,A,20060101,2006,52,2006,642,ROU,Romania,X,Export,0,W00,World,0,W00,World,H2,HS,TRUE,74,Copper and articles thereof,2,FALSE,C00,TOTAL CPC,0,0,TOTAL MOT,-1,N/A,0,FALSE,-1,N/A,0,FALSE,0,FALSE,0,FALSE,0,274953507.04,274953507.04,0,FALSE,TRUE,HS_74
C,A,20060101,2006,52,2006,682,SAU,Saudi Arabia,X,Export,0,W00,World,0,W00,World,H2,HS,TRUE,74,Copper and articles thereof,2,FALSE,C00,TOTAL CPC,0,0,TOTAL MOT,-1,N/A,,FALSE,-1,N/A,,FALSE,,FALSE,,FALSE,,190153220,190153220,0,TRUE,FALSE,HS_74
C,A,20060101,2006,52,2006,686,SEN,Senegal,X,Export,0,W00,World,0,W00,World,H2,HS,TRUE,74,Copper and articles thereof,2,FALSE,C00,TOTAL CPC,0,0,TOTAL MOT,-1,N/A,,FALSE,-1,N/A,,FALSE,,FALSE,,FALSE,,6695382,6695382,0,TRUE,FALSE,HS_74
C,A,20060101,2006,52,2006,704,VNM,Viet Nam,X,Export,0,W00,World,0,W00,World,H2,HS,TRUE,74,Copper and articles thereof,2,FALSE,C00,TOTAL CPC,0,0,TOTAL MOT,-1,N/A,,FALSE,-1,N/A,,FALSE,,FALSE,,FALSE,,28903303,28903303,0,TRUE,FALSE,HS_74
C,A,20060101,2006,52,2006,710,ZAF,South Africa,X,Export,0,W00,World,0,W00,World,H2,HS,TRUE,74,Copper and articles thereof,2,FALSE,C00,TOTAL CPC,0,0,TOTAL MOT,-1,N/A,,FALSE,-1,N/A,,FALSE,,FALSE,,FALSE,,648309651,648309651,0,TRUE,FALSE,HS_74
C,A,20060101,2006,52,2006,784,ARE,United Arab Emirates,X,Export,0,W00,World,0,W00,World,H2,HS,TRUE,74,Copper and articles thereof,2,FALSE,C00,TOTAL CPC,0,0,TOTAL MOT,-1,N/A,,FALSE,-1,N/A,,FALSE,,FALSE,,FALSE,,174373238,174373238,0,TRUE,FALSE,HS_74
C,A,20060101,2006,52,2006,792,TUR,Türkiye,X,Export,0,W00,World,0,W00,World,H2,HS,TRUE,74,Copper and articles thereof,2,FALSE,C00,TOTAL CPC,0,0,TOTAL MOT,-1,N/A,0,FALSE,-1,N/A,0,FALSE,0,FALSE,0,FALSE,0,815295680,815295680,0,FALSE,TRUE,HS_74
C,A,20060101,2006,52,2006,818,EGY,Egypt,X,Export,0,W00,World,0,W00,World,H0,HS,TRUE,74,Copper and articles thereof,2,FALSE,C00,TOTAL CPC,0,0,TOTAL MOT,-1,N/A,0,FALSE,-1,N/A,0,FALSE,0,FALSE,0,FALSE,0,15476887.058,15476887.058,0,FALSE,TRUE,HS_74
C,A,20060101,2006,52,2006,858,URY,Uruguay,X,Export,0,W00,World,0,W00,World,H2,HS,TRUE,74,Copper and articles thereof,2,FALSE,C00,TOTAL CPC,0,0,TOTAL MOT,-1,N/A,,FALSE,-1,N/A,,FALSE,,FALSE,,FALSE,,8620845,8620845,0,TRUE,FALSE,HS_74
C,A,20060101,2006,52,2006,894,ZMB,Zambia,X,Export,0,W00,World,0,W00,World,H2,HS,TRUE,74,Copper and articles thereof,2,FALSE,C00,TOTAL CPC,0,0,TOTAL MOT,-1,N/A,0,FALSE,-1,N/A,0,FALSE,0,TRUE,0,FALSE,0,2560641835,2560641835,4,FALSE,TRUE,HS_74
C,A,20060101,2006,52,2006,32,ARG,Argentina,X,Export,0,W00,World,0,W00,World,H2,HS,TRUE,2603,Copper ores and concentrates,4,FALSE,C00,TOTAL CPC,0,0,TOTAL MOT,8,kg,671783509,FALSE,-1,N/A,,FALSE,671783509,FALSE,,FALSE,,1335014428,1335014428,0,TRUE,FALSE,HS_2603
C,A,20060101,2006,52,2006,76,BRA,Brazil,X,Export,0,W00,World,0,W00,World,H2,HS,TRUE,2603,Copper ores and concentrates,4,FALSE,C00,TOTAL CPC,0,0,TOTAL MOT,8,kg,3045239,FALSE,8,kg,3045239,FALSE,364039882,FALSE,0,FALSE,,519968711,519968711,0,FALSE,TRUE,HS_2603
C,A,20060101,2006,52,2006,152,CHL,Chile,X,Export,0,W00,World,0,W00,World,H2,HS,TRUE,2603,Copper ores and concentrates,4,FALSE,C00,TOTAL CPC,0,0,TOTAL MOT,8,kg,2014512930,FALSE,8,kg,2014512930,FALSE,2014512930,FALSE,0,FALSE,0,12496022649.97,12496022649.97,0,FALSE,TRUE,HS_2603
C,A,20060101,2006,52,2006,170,COL,Colombia,X,Export,0,W00,World,0,W00,World,H2,HS,TRUE,2603,Copper ores and concentrates,4,FALSE,C00,TOTAL CPC,0,0,TOTAL MOT,8,kg,15486450,FALSE,-1,N/A,,FALSE,15486450,FALSE,,FALSE,,11947611,11947611,0,TRUE,FALSE,HS_2603
C,A,20060101,2006,52,2006,218,ECU,Ecuador,X,Export,0,W00,World,0,W00,World,H2,HS,TRUE,2603,Copper ores and concentrates,4,FALSE,C00,TOTAL CPC,0,0,TOTAL MOT,8,kg,350374,FALSE,-1,N/A,,FALSE,350374,FALSE,,FALSE,,395609,395609,0,TRUE,FALSE,HS_2603
C,A,20060101,2006,52,2006,360,IDN,Indonesia,X,Export,0,W00,World,0,W00,World,H1,HS,TRUE,2603,Copper ores and concentrates,4,FALSE,C00,TOTAL CPC,0,0,TOTAL MOT,8,kg,2330740724,FALSE,-1,N/A,,FALSE,2330740724,FALSE,,FALSE,,4646069440,4646069440,0,FALSE,FALSE,HS_2603
C,A,20060101,2006,52,2006,398,KAZ,Kazakhstan,X,Export,0,W00,World,0,W00,World,H2,HS,TRUE,2603,Copper ores and concentrates,4,FALSE,C00,TOTAL CPC,0,0,TOTAL MOT,8,kg,81880509,FALSE,-1,N/A,,FALSE,81880509,FALSE,,FALSE,,122336589,122336589,0,TRUE,FALSE,HS_2603
C,A,20060101,2006,52,2006,484,MEX,Mexico,X,Export,0,W00,World,0,W00,World,H2,HS,TRUE,2603,Copper ores and concentrates,4,FALSE,C00,TOTAL CPC,0,0,TOTAL MOT,8,kg,111719664,FALSE,-1,N/A,,FALSE,111719664,FALSE,,FALSE,,146021267,146021267,0,TRUE,FALSE,HS_2603
C,A,20060101,2006,52,2006,504,MAR,Morocco,X,Export,0,W00,World,0,W00,World,H2,HS,TRUE,2603,Copper ores and concentrates,4,FALSE,C00,TOTAL CPC,0,0,TOTAL MOT,8,kg,17860000,FALSE,8,kg,17860000,FALSE,17860000,FALSE,0,FALSE,0,24392716.596,24392716.596,0,FALSE,TRUE,HS_2603
C,A,20060101,2006,52,2006,604,PER,Peru,X,Export,0,W00,World,0,W00,World,H2,HS,TRUE,2603,Copper ores and concentrates,4,FALSE,C00,TOTAL CPC,0,0,TOTAL MOT,8,kg,1784650915,FALSE,-1,N/A,,FALSE,1784650915,FALSE,,FALSE,,2863815133,2863815133,0,TRUE,FALSE,HS_2603
C,A,20060101,2006,52,2006,608,PHL,Philippines,X,Export,0,W00,World,0,W00,World,H1,HS,TRUE,2603,Copper ores and concentrates,4,FALSE,C00,TOTAL CPC,0,0,TOTAL MOT,8,kg,68920616,FALSE,-1,N/A,,FALSE,68920616,FALSE,,FALSE,,84583723,84583723,0,FALSE,FALSE,HS_2603
C,A,20060101,2006,52,2006,616,POL,Poland,X,Export,0,W00,World,0,W00,World,H2,HS,TRUE,2603,Copper ores and concentrates,4,FALSE,C00,TOTAL CPC,0,0,TOTAL MOT,8,kg,9379471,FALSE,8,kg,9379471,FALSE,9379471,FALSE,0,FALSE,0,21610834,21610834,0,FALSE,TRUE,HS_2603
C,A,20060101,2006,52,2006,642,ROU,Romania,X,Export,0,W00,World,0,W00,World,H2,HS,TRUE,2603,Copper ores and concentrates,4,FALSE,C00,TOTAL CPC,0,0,TOTAL MOT,8,kg,72899733,FALSE,8,kg,72899733,FALSE,72899733,FALSE,0,FALSE,0,50325950.33,50325950.33,0,FALSE,TRUE,HS_2603
C,A,20060101,2006,52,2006,704,VNM,Viet Nam,X,Export,0,W00,World,0,W00,World,H2,HS,TRUE,2603,Copper ores and concentrates,4,FALSE,C00,TOTAL CPC,0,0,TOTAL MOT,8,kg,41793455,TRUE,-1,N/A,,FALSE,41793455,TRUE,,FALSE,,30261777,30261777,6,TRUE,FALSE,HS_2603
C,A,20060101,2006,52,2006,710,ZAF,South Africa,X,Export,0,W00,World,0,W00,World,H2,HS,TRUE,2603,Copper ores and concentrates,4,FALSE,C00,TOTAL CPC,0,0,TOTAL MOT,8,kg,139977928,FALSE,-1,N/A,,FALSE,139977928,FALSE,,FALSE,,113782607,113782607,0,TRUE,FALSE,HS_2603
C,A,20060101,2006,52,2006,784,ARE,United Arab Emirates,X,Export,0,W00,World,0,W00,World,H2,HS,TRUE,2603,Copper ores and concentrates,4,FALSE,C00,TOTAL CPC,0,0,TOTAL MOT,-1,N/A,,FALSE,-1,N/A,,FALSE,135906786,FALSE,,FALSE,,2536899,2536899,0,TRUE,FALSE,HS_2603
C,A,20060101,2006,52,2006,792,TUR,Türkiye,X,Export,0,W00,World,0,W00,World,H2,HS,TRUE,2603,Copper ores and concentrates,4,FALSE,C00,TOTAL CPC,0,0,TOTAL MOT,8,kg,169422630,FALSE,8,kg,169422630,FALSE,169422630,FALSE,0,FALSE,0,184476169,184476169,0,FALSE,TRUE,HS_2603
C,A,20060101,2006,52,2006,894,ZMB,Zambia,X,Export,0,W00,World,0,W00,World,H2,HS,TRUE,2603,Copper ores and concentrates,4,FALSE,C00,TOTAL CPC,0,0,TOTAL MOT,8,kg,589844878.4,FALSE,8,kg,589844878.4,FALSE,589844878.4,FALSE,0,FALSE,0,492031817,492031817,0,FALSE,TRUE,HS_2603
C,A,20060101,2006,52,2006,24,AGO,Angola,X,Export,0,W00,World,0,W00,World,H2,HS,TRUE,76,Aluminium and articles thereof,2,FALSE,C00,TOTAL CPC,0,0,TOTAL MOT,-1,N/A,0,FALSE,-1,N/A,0,FALSE,0,FALSE,0,FALSE,,728950.917,728950.917,0,FALSE,TRUE,HS_76
C,A,20060101,2006,52,2006,32,ARG,Argentina,X,Export,0,W00,World,0,W00,World,H2,HS,TRUE,76,Aluminium and articles thereof,2,FALSE,C00,TOTAL CPC,0,0,TOTAL MOT,-1,N/A,,FALSE,-1,N/A,,FALSE,,FALSE,,FALSE,,474544016,474544016,0,TRUE,FALSE,HS_76
C,A,20060101,2006,52,2006,48,BHR,Bahrain,X,Export,0,W00,World,0,W00,World,H2,HS,TRUE,76,Aluminium and articles thereof,2,FALSE,C00,TOTAL CPC,0,0,TOTAL MOT,-1,N/A,,FALSE,-1,N/A,,FALSE,,FALSE,,FALSE,,1457019773,1457019773,0,TRUE,FALSE,HS_76
C,A,20060101,2006,52,2006,76,BRA,Brazil,X,Export,0,W00,World,0,W00,World,H2,HS,TRUE,76,Aluminium and articles thereof,2,FALSE,C00,TOTAL CPC,0,0,TOTAL MOT,-1,N/A,0,FALSE,-1,N/A,0,FALSE,0,TRUE,0,FALSE,,2788331205,2788331205,4,FALSE,TRUE,HS_76
C,A,20060101,2006,52,2006,144,LKA,Sri Lanka,X,Export,0,W00,World,0,W00,World,H2,HS,TRUE,76,Aluminium and articles thereof,2,FALSE,C00,TOTAL CPC,0,0,TOTAL MOT,-1,N/A,,FALSE,-1,N/A,,FALSE,,FALSE,,FALSE,,30281885,30281885,0,TRUE,FALSE,HS_76
C,A,20060101,2006,52,2006,152,CHL,Chile,X,Export,0,W00,World,0,W00,World,H2,HS,TRUE,76,Aluminium and articles thereof,2,FALSE,C00,TOTAL CPC,0,0,TOTAL MOT,-1,N/A,0,FALSE,-1,N/A,0,FALSE,0,TRUE,0,FALSE,0,59896338.274,59896338.274,4,FALSE,TRUE,HS_76
C,A,20060101,2006,52,2006,170,COL,Colombia,X,Export,0,W00,World,0,W00,World,H2,HS,TRUE,76,Aluminium and articles thereof,2,FALSE,C00,TOTAL CPC,0,0,TOTAL MOT,-1,N/A,,FALSE,-1,N/A,,FALSE,,FALSE,,FALSE,,216804850,216804850,0,TRUE,FALSE,HS_76
C,A,20060101,2006,52,2006,218,ECU,Ecuador,X,Export,0,W00,World,0,W00,World,H2,HS,TRUE,76,Aluminium and articles thereof,2,FALSE,C00,TOTAL CPC,0,0,TOTAL MOT,-1,N/A,,FALSE,-1,N/A,,FALSE,,FALSE,,FALSE,,60272401,60272401,0,TRUE,FALSE,HS_76
C,A,20060101,2006,52,2006,222,SLV,El Salvador,X,Export,0,W00,World,0,W00,World,H2,HS,TRUE,76,Aluminium and articles thereof,2,FALSE,C00,TOTAL CPC,0,0,TOTAL MOT,-1,N/A,0,FALSE,-1,N/A,0,FALSE,0,FALSE,0,FALSE,0,59990452.89,59990452.89,0,FALSE,TRUE,HS_76
C,A,20060101,2006,52,2006,348,HUN,Hungary,X,Export,0,W00,World,0,W00,World,H2,HS,TRUE,76,Aluminium and articles thereof,2,FALSE,C00,TOTAL CPC,0,0,TOTAL MOT,-1,N/A,,FALSE,-1,N/A,,FALSE,,FALSE,,FALSE,,1277290000,1277290000,0,TRUE,FALSE,HS_76
C,A,20060101,2006,52,2006,360,IDN,Indonesia,X,Export,0,W00,World,0,W00,World,H1,HS,TRUE,76,Aluminium and articles thereof,2,FALSE,C00,TOTAL CPC,0,0,TOTAL MOT,-1,N/A,,FALSE,-1,N/A,,FALSE,,FALSE,,FALSE,,862369176,862369176,0,FALSE,FALSE,HS_76
C,A,20060101,2006,52,2006,384,CIV,Côte d'Ivoire,X,Export,0,W00,World,0,W00,World,H2,HS,TRUE,76,Aluminium and articles thereof,2,FALSE,C00,TOTAL CPC,0,0,TOTAL MOT,-1,N/A,,FALSE,-1,N/A,,FALSE,,FALSE,,FALSE,,1961298,1961298,0,TRUE,FALSE,HS_76
C,A,20060101,2006,52,2006,398,KAZ,Kazakhstan,X,Export,0,W00,World,0,W00,World,H2,HS,TRUE,76,Aluminium and articles thereof,2,FALSE,C00,TOTAL CPC,0,0,TOTAL MOT,-1,N/A,,FALSE,-1,N/A,,FALSE,,FALSE,,FALSE,,33796018,33796018,0,TRUE,FALSE,HS_76
C,A,20060101,2006,52,2006,484,MEX,Mexico,X,Export,0,W00,World,0,W00,World,H2,HS,TRUE,76,Aluminium and articles thereof,2,FALSE,C00,TOTAL CPC,0,0,TOTAL MOT,-1,N/A,,FALSE,-1,N/A,,FALSE,,FALSE,,FALSE,,1074399454,1074399454,0,TRUE,FALSE,HS_76
C,A,20060101,2006,52,2006,504,MAR,Morocco,X,Export,0,W00,World,0,W00,World,H2,HS,TRUE,76,Aluminium and articles thereof,2,FALSE,C00,TOTAL CPC,0,0,TOTAL MOT,-1,N/A,0,FALSE,-1,N/A,0,FALSE,0,TRUE,0,FALSE,0,52055650.801,52055650.801,4,FALSE,TRUE,HS_76
C,A,20060101,2006,52,2006,566,NGA,Nigeria,X,Export,0,W00,World,0,W00,World,H2,HS,TRUE,76,Aluminium and articles thereof,2,FALSE,C00,TOTAL CPC,0,0,TOTAL MOT,-1,N/A,,FALSE,-1,N/A,,FALSE,,FALSE,,FALSE,,1553956,1553956,0,TRUE,FALSE,HS_76
C,A,20060101,2006,52,2006,586,PAK,Pakistan,X,Export,0,W00,World,0,W00,World,H2,HS,TRUE,76,Aluminium and articles thereof,2,FALSE,C00,TOTAL CPC,0,0,TOTAL MOT,-1,N/A,,FALSE,-1,N/A,,FALSE,,FALSE,,FALSE,,18111956,18111956,0,TRUE,FALSE,HS_76
C,A,20060101,2006,52,2006,591,PAN,Panama,X,Export,0,W00,World,0,W00,World,H2,HS,TRUE,76,Aluminium and articles thereof,2,FALSE,C00,TOTAL CPC,0,0,TOTAL MOT,-1,N/A,,FALSE,-1,N/A,,FALSE,,FALSE,,FALSE,,50464232,50464232,0,TRUE,FALSE,HS_76
C,A,20060101,2006,52,2006,604,PER,Peru,X,Export,0,W00,World,0,W00,World,H2,HS,TRUE,76,Aluminium and articles thereof,2,FALSE,C00,TOTAL CPC,0,0,TOTAL MOT,-1,N/A,,FALSE,-1,N/A,,FALSE,,FALSE,,FALSE,,16423658,16423658,0,TRUE,FALSE,HS_76
C,A,20060101,2006,52,2006,608,PHL,Philippines,X,Export,0,W00,World,0,W00,World,H1,HS,TRUE,76,Aluminium and articles thereof,2,FALSE,C00,TOTAL CPC,0,0,TOTAL MOT,-1,N/A,,FALSE,-1,N/A,,FALSE,,FALSE,,FALSE,,41860636,41860636,0,FALSE,FALSE,HS_76
C,A,20060101,2006,52,2006,616,POL,Poland,X,Export,0,W00,World,0,W00,World,H2,HS,TRUE,76,Aluminium and articles thereof,2,FALSE,C00,TOTAL CPC,0,0,TOTAL MOT,-1,N/A,0,FALSE,-1,N/A,0,FALSE,0,TRUE,0,FALSE,0,1676817410,1676817410,4,FALSE,TRUE,HS_76
C,A,20060101,2006,52,2006,634,QAT,Qatar,X,Export,0,W00,World,0,W00,World,H2,HS,TRUE,76,Aluminium and articles thereof,2,FALSE,C00,TOTAL CPC,0,0,TOTAL MOT,-1,N/A,,FALSE,-1,N/A,,FALSE,,FALSE,,FALSE,,8880780,8880780,0,TRUE,FALSE,HS_76
C,A,20060101,2006,52,2006,642,ROU,Romania,X,Export,0,W00,World,0,W00,World,H2,HS,TRUE,76,Aluminium and articles thereof,2,FALSE,C00,TOTAL CPC,0,0,TOTAL MOT,-1,N/A,0,FALSE,-1,N/A,0,FALSE,0,TRUE,0,FALSE,0,810274432.05,810274432.05,4,FALSE,TRUE,HS_76
C,A,20060101,2006,52,2006,682,SAU,Saudi Arabia,X,Export,0,W00,World,0,W00,World,H2,HS,TRUE,76,Aluminium and articles thereof,2,FALSE,C00,TOTAL CPC,0,0,TOTAL MOT,-1,N/A,,FALSE,-1,N/A,,FALSE,,FALSE,,FALSE,,399524352,399524352,0,TRUE,FALSE,HS_76
C,A,20060101,2006,52,2006,686,SEN,Senegal,X,Export,0,W00,World,0,W00,World,H2,HS,TRUE,76,Aluminium and articles thereof,2,FALSE,C00,TOTAL CPC,0,0,TOTAL MOT,-1,N/A,,FALSE,-1,N/A,,FALSE,,FALSE,,FALSE,,3851644,3851644,0,TRUE,FALSE,HS_76
C,A,20060101,2006,52,2006,704,VNM,Viet Nam,X,Export,0,W00,World,0,W00,World,H2,HS,TRUE,76,Aluminium and articles thereof,2,FALSE,C00,TOTAL CPC,0,0,TOTAL MOT,-1,N/A,,FALSE,-1,N/A,,FALSE,,FALSE,,FALSE,,79577547,79577547,0,TRUE,FALSE,HS_76
C,A,20060101,2006,52,2006,710,ZAF,South Africa,X,Export,0,W00,World,0,W00,World,H2,HS,TRUE,76,Aluminium and articles thereof,2,FALSE,C00,TOTAL CPC,0,0,TOTAL MOT,-1,N/A,,FALSE,-1,N/A,,FALSE,,FALSE,,FALSE,,2182453427,2182453427,0,TRUE,FALSE,HS_76
C,A,20060101,2006,52,2006,784,ARE,United Arab Emirates,X,Export,0,W00,World,0,W00,World,H2,HS,TRUE,76,Aluminium and articles thereof,2,FALSE,C00,TOTAL CPC,0,0,TOTAL MOT,-1,N/A,,FALSE,-1,N/A,,FALSE,,FALSE,,FALSE,,824333574,824333574,0,TRUE,FALSE,HS_76
C,A,20060101,2006,52,2006,792,TUR,Türkiye,X,Export,0,W00,World,0,W00,World,H2,HS,TRUE,76,Aluminium and articles thereof,2,FALSE,C00,TOTAL CPC,0,0,TOTAL MOT,-1,N/A,0,FALSE,-1,N/A,0,FALSE,0,FALSE,0,FALSE,0,1233803102,1233803102,0,FALSE,TRUE,HS_76
C,A,20060101,2006,52,2006,818,EGY,Egypt,X,Export,0,W00,World,0,W00,World,H0,HS,TRUE,76,Aluminium and articles thereof,2,FALSE,C00,TOTAL CPC,0,0,TOTAL MOT,-1,N/A,0,FALSE,-1,N/A,0,FALSE,0,FALSE,0,FALSE,0,101982260.957,101982260.957,0,FALSE,TRUE,HS_76
C,A,20060101,2006,52,2006,858,URY,Uruguay,X,Export,0,W00,World,0,W00,World,H2,HS,TRUE,76,Aluminium and articles thereof,2,FALSE,C00,TOTAL CPC,0,0,TOTAL MOT,-1,N/A,,FALSE,-1,N/A,,FALSE,,FALSE,,FALSE,,21664641,21664641,0,TRUE,FALSE,HS_76
C,A,20060101,2006,52,2006,894,ZMB,Zambia,X,Export,0,W00,World,0,W00,World,H2,HS,TRUE,76,Aluminium and articles thereof,2,FALSE,C00,TOTAL CPC,0,0,TOTAL MOT,-1,N/A,0,FALSE,-1,N/A,0,FALSE,0,FALSE,0,FALSE,0,6520462,6520462,0,FALSE,TRUE,HS_76
C,A,20060101,2006,52,2006,32,ARG,Argentina,X,Export,0,W00,World,0,W00,World,H2,HS,TRUE,2606,Aluminium ores and concentrates,4,FALSE,C00,TOTAL CPC,0,0,TOTAL MOT,8,kg,30000,FALSE,-1,N/A,,FALSE,30000,FALSE,,FALSE,,10775,10775,0,TRUE,FALSE,HS_2606
C,A,20060101,2006,52,2006,76,BRA,Brazil,X,Export,0,W00,World,0,W00,World,H2,HS,TRUE,2606,Aluminium ores and concentrates,4,FALSE,C00,TOTAL CPC,0,0,TOTAL MOT,8,kg,5347448820.922,TRUE,-1,N/A,0,FALSE,5309474804.922,TRUE,0,FALSE,,194440223,194440223,6,FALSE,TRUE,HS_2606
C,A,20060101,2006,52,2006,170,COL,Colombia,X,Export,0,W00,World,0,W00,World,H2,HS,TRUE,2606,Aluminium ores and concentrates,4,FALSE,C00,TOTAL CPC,0,0,TOTAL MOT,8,kg,121,FALSE,-1,N/A,,FALSE,121,FALSE,,FALSE,,10,10,0,TRUE,FALSE,HS_2606
C,A,20060101,2006,52,2006,218,ECU,Ecuador,X,Export,0,W00,World,0,W00,World,H2,HS,TRUE,2606,Aluminium ores and concentrates,4,FALSE,C00,TOTAL CPC,0,0,TOTAL MOT,8,kg,11046920,FALSE,-1,N/A,,FALSE,11046920,FALSE,,FALSE,,541298,541298,0,TRUE,FALSE,HS_2606
C,A,20060101,2006,52,2006,360,IDN,Indonesia,X,Export,0,W00,World,0,W00,World,H1,HS,TRUE,2606,Aluminium ores and concentrates,4,FALSE,C00,TOTAL CPC,0,0,TOTAL MOT,8,kg,7270072489,FALSE,-1,N/A,,FALSE,7270072489,FALSE,,FALSE,,58092902,58092902,0,FALSE,FALSE,HS_2606
C,A,20060101,2006,52,2006,484,MEX,Mexico,X,Export,0,W00,World,0,W00,World,H2,HS,TRUE,2606,Aluminium ores and concentrates,4,FALSE,C00,TOTAL CPC,0,0,TOTAL MOT,8,kg,1012134,FALSE,-1,N/A,,FALSE,1012134,FALSE,,FALSE,,884619,884619,0,TRUE,FALSE,HS_2606
C,A,20060101,2006,52,2006,616,POL,Poland,X,Export,0,W00,World,0,W00,World,H2,HS,TRUE,2606,Aluminium ores and concentrates,4,FALSE,C00,TOTAL CPC,0,0,TOTAL MOT,8,kg,1594830,FALSE,8,kg,1594830,FALSE,1594830,FALSE,0,FALSE,0,461146,461146,0,FALSE,TRUE,HS_2606
C,A,20060101,2006,52,2006,642,ROU,Romania,X,Export,0,W00,World,0,W00,World,H2,HS,TRUE,2606,Aluminium ores and concentrates,4,FALSE,C00,TOTAL CPC,0,0,TOTAL MOT,8,kg,129340,FALSE,8,kg,129340,FALSE,129340,FALSE,0,FALSE,0,46598.99,46598.99,0,FALSE,TRUE,HS_2606
C,A,20060101,2006,52,2006,704,VNM,Viet Nam,X,Export,0,W00,World,0,W00,World,H2,HS,TRUE,2606,Aluminium ores and concentrates,4,FALSE,C00,TOTAL CPC,0,0,TOTAL MOT,8,kg,8348203,TRUE,-1,N/A,,FALSE,8348203,TRUE,,FALSE,,1473362,1473362,6,TRUE,FALSE,HS_2606
C,A,20060101,2006,52,2006,710,ZAF,South Africa,X,Export,0,W00,World,0,W00,World,H2,HS,TRUE,2606,Aluminium ores and concentrates,4,FALSE,C00,TOTAL CPC,0,0,TOTAL MOT,8,kg,131430,FALSE,-1,N/A,,FALSE,131430,FALSE,,FALSE,,294977,294977,0,TRUE,FALSE,HS_2606
C,A,20060101,2006,52,2006,784,ARE,United Arab Emirates,X,Export,0,W00,World,0,W00,World,H2,HS,TRUE,2606,Aluminium ores and concentrates,4,FALSE,C00,TOTAL CPC,0,0,TOTAL MOT,-1,N/A,,FALSE,-1,N/A,,FALSE,347679,FALSE,,FALSE,,1901133,1901133,0,TRUE,FALSE,HS_2606
C,A,20060101,2006,52,2006,792,TUR,Türkiye,X,Export,0,W00,World,0,W00,World,H2,HS,TRUE,2606,Aluminium ores and concentrates,4,FALSE,C00,TOTAL CPC,0,0,TOTAL MOT,8,kg,89763934,FALSE,8,kg,89763934,FALSE,89763934,FALSE,0,FALSE,0,2907921,2907921,0,FALSE,TRUE,HS_2606
C,A,20060101,2006,52,2006,24,AGO,Angola,X,Export,0,W00,World,0,W00,World,H2,HS,TRUE,75,Nickel and articles thereof,2,FALSE,C00,TOTAL CPC,0,0,TOTAL MOT,-1,N/A,0,FALSE,-1,N/A,0,FALSE,0,FALSE,0,FALSE,,5716.186,5716.186,0,FALSE,TRUE,HS_75
C,A,20060101,2006,52,2006,32,ARG,Argentina,X,Export,0,W00,World,0,W00,World,H2,HS,TRUE,75,Nickel and articles thereof,2,FALSE,C00,TOTAL CPC,0,0,TOTAL MOT,-1,N/A,,FALSE,-1,N/A,,FALSE,,FALSE,,FALSE,,190704,190704,0,TRUE,FALSE,HS_75
C,A,20060101,2006,52,2006,48,BHR,Bahrain,X,Export,0,W00,World,0,W00,World,H2,HS,TRUE,75,Nickel and articles thereof,2,FALSE,C00,TOTAL CPC,0,0,TOTAL MOT,-1,N/A,,FALSE,-1,N/A,,FALSE,,FALSE,,FALSE,,19455,19455,0,TRUE,FALSE,HS_75
C,A,20060101,2006,52,2006,76,BRA,Brazil,X,Export,0,W00,World,0,W00,World,H2,HS,TRUE,75,Nickel and articles thereof,2,FALSE,C00,TOTAL CPC,0,0,TOTAL MOT,-1,N/A,0,FALSE,-1,N/A,0,FALSE,0,TRUE,0,FALSE,,322124127,322124127,4,FALSE,TRUE,HS_75
C,A,20060101,2006,52,2006,144,LKA,Sri Lanka,X,Export,0,W00,World,0,W00,World,H2,HS,TRUE,75,Nickel and articles thereof,2,FALSE,C00,TOTAL CPC,0,0,TOTAL MOT,-1,N/A,,FALSE,-1,N/A,,FALSE,,FALSE,,FALSE,,562,562,0,TRUE,FALSE,HS_75
C,A,20060101,2006,52,2006,152,CHL,Chile,X,Export,0,W00,World,0,W00,World,H2,HS,TRUE,75,Nickel and articles thereof,2,FALSE,C00,TOTAL CPC,0,0,TOTAL MOT,-1,N/A,0,FALSE,-1,N/A,0,FALSE,0,FALSE,0,FALSE,0,93437.99,93437.99,0,FALSE,TRUE,HS_75
C,A,20060101,2006,52,2006,170,COL,Colombia,X,Export,0,W00,World,0,W00,World,H2,HS,TRUE,75,Nickel and articles thereof,2,FALSE,C00,TOTAL CPC,0,0,TOTAL MOT,-1,N/A,,FALSE,-1,N/A,,FALSE,,FALSE,,FALSE,,19174590,19174590,0,TRUE,FALSE,HS_75
C,A,20060101,2006,52,2006,222,SLV,El Salvador,X,Export,0,W00,World,0,W00,World,H2,HS,TRUE,75,Nickel and articles thereof,2,FALSE,C00,TOTAL CPC,0,0,TOTAL MOT,-1,N/A,0,FALSE,-1,N/A,0,FALSE,0,FALSE,0,FALSE,0,2825.59,2825.59,0,FALSE,TRUE,HS_75
C,A,20060101,2006,52,2006,348,HUN,Hungary,X,Export,0,W00,World,0,W00,World,H2,HS,TRUE,75,Nickel and articles thereof,2,FALSE,C00,TOTAL CPC,0,0,TOTAL MOT,-1,N/A,,FALSE,-1,N/A,,FALSE,3900,FALSE,,FALSE,,6460000,6460000,0,TRUE,FALSE,HS_75
C,A,20060101,2006,52,2006,360,IDN,Indonesia,X,Export,0,W00,World,0,W00,World,H1,HS,TRUE,75,Nickel and articles thereof,2,FALSE,C00,TOTAL CPC,0,0,TOTAL MOT,-1,N/A,,FALSE,-1,N/A,,FALSE,,FALSE,,FALSE,,1266084592,1266084592,0,FALSE,FALSE,HS_75
C,A,20060101,2006,52,2006,384,CIV,Côte d'Ivoire,X,Export,0,W00,World,0,W00,World,H2,HS,TRUE,75,Nickel and articles thereof,2,FALSE,C00,TOTAL CPC,0,0,TOTAL MOT,-1,N/A,,FALSE,-1,N/A,,FALSE,,FALSE,,FALSE,,306,306,0,TRUE,FALSE,HS_75
C,A,20060101,2006,52,2006,398,KAZ,Kazakhstan,X,Export,0,W00,World,0,W00,World,H2,HS,TRUE,75,Nickel and articles thereof,2,FALSE,C00,TOTAL CPC,0,0,TOTAL MOT,-1,N/A,,FALSE,-1,N/A,,FALSE,,FALSE,,FALSE,,26,26,0,TRUE,FALSE,HS_75
C,A,20060101,2006,52,2006,484,MEX,Mexico,X,Export,0,W00,World,0,W00,World,H2,HS,TRUE,75,Nickel and articles thereof,2,FALSE,C00,TOTAL CPC,0,0,TOTAL MOT,-1,N/A,,FALSE,-1,N/A,,FALSE,,FALSE,,FALSE,,60098729,60098729,0,TRUE,FALSE,HS_75
C,A,20060101,2006,52,2006,504,MAR,Morocco,X,Export,0,W00,World,0,W00,World,H2,HS,TRUE,75,Nickel and articles thereof,2,FALSE,C00,TOTAL CPC,0,0,TOTAL MOT,-1,N/A,0,FALSE,-1,N/A,0,FALSE,0,FALSE,0,FALSE,0,434693.868,434693.868,0,FALSE,TRUE,HS_75
C,A,20060101,2006,52,2006,586,PAK,Pakistan,X,Export,0,W00,World,0,W00,World,H2,HS,TRUE,75,Nickel and articles thereof,2,FALSE,C00,TOTAL CPC,0,0,TOTAL MOT,-1,N/A,,FALSE,-1,N/A,,FALSE,,FALSE,,FALSE,,79522,79522,0,TRUE,FALSE,HS_75
C,A,20060101,2006,52,2006,591,PAN,Panama,X,Export,0,W00,World,0,W00,World,H2,HS,TRUE,75,Nickel and articles thereof,2,FALSE,C00,TOTAL CPC,0,0,TOTAL MOT,-1,N/A,,FALSE,-1,N/A,,FALSE,,FALSE,,FALSE,,177111,177111,0,TRUE,FALSE,HS_75
C,A,20060101,2006,52,2006,604,PER,Peru,X,Export,0,W00,World,0,W00,World,H2,HS,TRUE,75,Nickel and articles thereof,2,FALSE,C00,TOTAL CPC,0,0,TOTAL MOT,-1,N/A,,FALSE,-1,N/A,,FALSE,,FALSE,,FALSE,,16836,16836,0,TRUE,FALSE,HS_75
C,A,20060101,2006,52,2006,608,PHL,Philippines,X,Export,0,W00,World,0,W00,World,H1,HS,TRUE,75,Nickel and articles thereof,2,FALSE,C00,TOTAL CPC,0,0,TOTAL MOT,-1,N/A,,FALSE,-1,N/A,,FALSE,,FALSE,,FALSE,,30401,30401,0,FALSE,FALSE,HS_75
C,A,20060101,2006,52,2006,616,POL,Poland,X,Export,0,W00,World,0,W00,World,H2,HS,TRUE,75,Nickel and articles thereof,2,FALSE,C00,TOTAL CPC,0,0,TOTAL MOT,-1,N/A,0,FALSE,-1,N/A,0,FALSE,0,TRUE,0,FALSE,0,18294355,18294355,4,FALSE,TRUE,HS_75
C,A,20060101,2006,52,2006,634,QAT,Qatar,X,Export,0,W00,World,0,W00,World,H2,HS,TRUE,75,Nickel and articles thereof,2,FALSE,C00,TOTAL CPC,0,0,TOTAL MOT,-1,N/A,,FALSE,-1,N/A,,FALSE,,FALSE,,FALSE,,1291,1291,0,TRUE,FALSE,HS_75
C,A,20060101,2006,52,2006,642,ROU,Romania,X,Export,0,W00,World,0,W00,World,H2,HS,TRUE,75,Nickel and articles thereof,2,FALSE,C00,TOTAL CPC,0,0,TOTAL MOT,-1,N/A,0,FALSE,-1,N/A,0,FALSE,0,FALSE,0,FALSE,0,1617626.83,1617626.83,0,FALSE,TRUE,HS_75
C,A,20060101,2006,52,2006,682,SAU,Saudi Arabia,X,Export,0,W00,World,0,W00,World,H2,HS,TRUE,75,Nickel and articles thereof,2,FALSE,C00,TOTAL CPC,0,0,TOTAL MOT,-1,N/A,,FALSE,-1,N/A,,FALSE,,FALSE,,FALSE,,6997071,6997071,0,TRUE,FALSE,HS_75
C,A,20060101,2006,52,2006,704,VNM,Viet Nam,X,Export,0,W00,World,0,W00,World,H2,HS,TRUE,75,Nickel and articles thereof,2,FALSE,C00,TOTAL CPC,0,0,TOTAL MOT,-1,N/A,,FALSE,-1,N/A,,FALSE,,FALSE,,FALSE,,16651,16651,0,TRUE,FALSE,HS_75
C,A,20060101,2006,52,2006,710,ZAF,South Africa,X,Export,0,W00,World,0,W00,World,H2,HS,TRUE,75,Nickel and articles thereof,2,FALSE,C00,TOTAL CPC,0,0,TOTAL MOT,-1,N/A,,FALSE,-1,N/A,,FALSE,,FALSE,,FALSE,,299492984,299492984,0,TRUE,FALSE,HS_75
C,A,20060101,2006,52,2006,784,ARE,United Arab Emirates,X,Export,0,W00,World,0,W00,World,H2,HS,TRUE,75,Nickel and articles thereof,2,FALSE,C00,TOTAL CPC,0,0,TOTAL MOT,-1,N/A,,FALSE,-1,N/A,,FALSE,,FALSE,,FALSE,,7084508,7084508,0,TRUE,FALSE,HS_75
C,A,20060101,2006,52,2006,792,TUR,Türkiye,X,Export,0,W00,World,0,W00,World,H2,HS,TRUE,75,Nickel and articles thereof,2,FALSE,C00,TOTAL CPC,0,0,TOTAL MOT,-1,N/A,0,FALSE,-1,N/A,0,FALSE,0,FALSE,0,FALSE,0,2584186,2584186,0,FALSE,TRUE,HS_75
C,A,20060101,2006,52,2006,818,EGY,Egypt,X,Export,0,W00,World,0,W00,World,H0,HS,TRUE,75,Nickel and articles thereof,2,FALSE,C00,TOTAL CPC,0,0,TOTAL MOT,-1,N/A,0,FALSE,-1,N/A,0,FALSE,0,TRUE,0,FALSE,0,12230.332,12230.332,4,FALSE,TRUE,HS_75
C,A,20060101,2006,52,2006,894,ZMB,Zambia,X,Export,0,W00,World,0,W00,World,H2,HS,TRUE,75,Nickel and articles thereof,2,FALSE,C00,TOTAL CPC,0,0,TOTAL MOT,-1,N/A,0,FALSE,-1,N/A,0,FALSE,0,FALSE,0,FALSE,0,5559,5559,0,FALSE,TRUE,HS_75
C,A,20060101,2006,52,2006,32,ARG,Argentina,X,Export,0,W00,World,0,W00,World,H2,HS,TRUE,2603,Copper ores and concentrates,4,FALSE,C00,TOTAL CPC,0,0,TOTAL MOT,8,kg,671783509,FALSE,-1,N/A,,FALSE,671783509,FALSE,,FALSE,,1335014428,1335014428,0,TRUE,FALSE,HS_2603
C,A,20060101,2006,52,2006,76,BRA,Brazil,X,Export,0,W00,World,0,W00,World,H2,HS,TRUE,2603,Copper ores and concentrates,4,FALSE,C00,TOTAL CPC,0,0,TOTAL MOT,8,kg,3045239,FALSE,8,kg,3045239,FALSE,364039882,FALSE,0,FALSE,,519968711,519968711,0,FALSE,TRUE,HS_2603
C,A,20060101,2006,52,2006,152,CHL,Chile,X,Export,0,W00,World,0,W00,World,H2,HS,TRUE,2603,Copper ores and concentrates,4,FALSE,C00,TOTAL CPC,0,0,TOTAL MOT,8,kg,2014512930,FALSE,8,kg,2014512930,FALSE,2014512930,FALSE,0,FALSE,0,12496022649.97,12496022649.97,0,FALSE,TRUE,HS_2603
C,A,20060101,2006,52,2006,170,COL,Colombia,X,Export,0,W00,World,0,W00,World,H2,HS,TRUE,2603,Copper ores and concentrates,4,FALSE,C00,TOTAL CPC,0,0,TOTAL MOT,8,kg,15486450,FALSE,-1,N/A,,FALSE,15486450,FALSE,,FALSE,,11947611,11947611,0,TRUE,FALSE,HS_2603
C,A,20060101,2006,52,2006,218,ECU,Ecuador,X,Export,0,W00,World,0,W00,World,H2,HS,TRUE,2603,Copper ores and concentrates,4,FALSE,C00,TOTAL CPC,0,0,TOTAL MOT,8,kg,350374,FALSE,-1,N/A,,FALSE,350374,FALSE,,FALSE,,395609,395609,0,TRUE,FALSE,HS_2603
C,A,20060101,2006,52,2006,360,IDN,Indonesia,X,Export,0,W00,World,0,W00,World,H1,HS,TRUE,2603,Copper ores and concentrates,4,FALSE,C00,TOTAL CPC,0,0,TOTAL MOT,8,kg,2330740724,FALSE,-1,N/A,,FALSE,2330740724,FALSE,,FALSE,,4646069440,4646069440,0,FALSE,FALSE,HS_2603
C,A,20060101,2006,52,2006,398,KAZ,Kazakhstan,X,Export,0,W00,World,0,W00,World,H2,HS,TRUE,2603,Copper ores and concentrates,4,FALSE,C00,TOTAL CPC,0,0,TOTAL MOT,8,kg,81880509,FALSE,-1,N/A,,FALSE,81880509,FALSE,,FALSE,,122336589,122336589,0,TRUE,FALSE,HS_2603
C,A,20060101,2006,52,2006,484,MEX,Mexico,X,Export,0,W00,World,0,W00,World,H2,HS,TRUE,2603,Copper ores and concentrates,4,FALSE,C00,TOTAL CPC,0,0,TOTAL MOT,8,kg,111719664,FALSE,-1,N/A,,FALSE,111719664,FALSE,,FALSE,,146021267,146021267,0,TRUE,FALSE,HS_2603
C,A,20060101,2006,52,2006,504,MAR,Morocco,X,Export,0,W00,World,0,W00,World,H2,HS,TRUE,2603,Copper ores and concentrates,4,FALSE,C00,TOTAL CPC,0,0,TOTAL MOT,8,kg,17860000,FALSE,8,kg,17860000,FALSE,17860000,FALSE,0,FALSE,0,24392716.596,24392716.596,0,FALSE,TRUE,HS_2603
C,A,20060101,2006,52,2006,604,PER,Peru,X,Export,0,W00,World,0,W00,World,H2,HS,TRUE,2603,Copper ores and concentrates,4,FALSE,C00,TOTAL CPC,0,0,TOTAL MOT,8,kg,1784650915,FALSE,-1,N/A,,FALSE,1784650915,FALSE,,FALSE,,2863815133,2863815133,0,TRUE,FALSE,HS_2603
C,A,20060101,2006,52,2006,608,PHL,Philippines,X,Export,0,W00,World,0,W00,World,H1,HS,TRUE,2603,Copper ores and concentrates,4,FALSE,C00,TOTAL CPC,0,0,TOTAL MOT,8,kg,68920616,FALSE,-1,N/A,,FALSE,68920616,FALSE,,FALSE,,84583723,84583723,0,FALSE,FALSE,HS_2603
C,A,20060101,2006,52,2006,616,POL,Poland,X,Export,0,W00,World,0,W00,World,H2,HS,TRUE,2603,Copper ores and concentrates,4,FALSE,C00,TOTAL CPC,0,0,TOTAL MOT,8,kg,9379471,FALSE,8,kg,9379471,FALSE,9379471,FALSE,0,FALSE,0,21610834,21610834,0,FALSE,TRUE,HS_2603
C,A,20060101,2006,52,2006,642,ROU,Romania,X,Export,0,W00,World,0,W00,World,H2,HS,TRUE,2603,Copper ores and concentrates,4,FALSE,C00,TOTAL CPC,0,0,TOTAL MOT,8,kg,72899733,FALSE,8,kg,72899733,FALSE,72899733,FALSE,0,FALSE,0,50325950.33,50325950.33,0,FALSE,TRUE,HS_2603
C,A,20060101,2006,52,2006,704,VNM,Viet Nam,X,Export,0,W00,World,0,W00,World,H2,HS,TRUE,2603,Copper ores and concentrates,4,FALSE,C00,TOTAL CPC,0,0,TOTAL MOT,8,kg,41793455,TRUE,-1,N/A,,FALSE,41793455,TRUE,,FALSE,,30261777,30261777,6,TRUE,FALSE,HS_2603
C,A,20060101,2006,52,2006,710,ZAF,South Africa,X,Export,0,W00,World,0,W00,World,H2,HS,TRUE,2603,Copper ores and concentrates,4,FALSE,C00,TOTAL CPC,0,0,TOTAL MOT,8,kg,139977928,FALSE,-1,N/A,,FALSE,139977928,FALSE,,FALSE,,113782607,113782607,0,TRUE,FALSE,HS_2603
C,A,20060101,2006,52,2006,784,ARE,United Arab Emirates,X,Export,0,W00,World,0,W00,World,H2,HS,TRUE,2603,Copper ores and concentrates,4,FALSE,C00,TOTAL CPC,0,0,TOTAL MOT,-1,N/A,,FALSE,-1,N/A,,FALSE,135906786,FALSE,,FALSE,,2536899,2536899,0,TRUE,FALSE,HS_2603
C,A,20060101,2006,52,2006,792,TUR,Türkiye,X,Export,0,W00,World,0,W00,World,H2,HS,TRUE,2603,Copper ores and concentrates,4,FALSE,C00,TOTAL CPC,0,0,TOTAL MOT,8,kg,169422630,FALSE,8,kg,169422630,FALSE,169422630,FALSE,0,FALSE,0,184476169,184476169,0,FALSE,TRUE,HS_2603
C,A,20060101,2006,52,2006,894,ZMB,Zambia,X,Export,0,W00,World,0,W00,World,H2,HS,TRUE,2603,Copper ores and concentrates,4,FALSE,C00,TOTAL CPC,0,0,TOTAL MOT,8,kg,589844878.4,FALSE,8,kg,589844878.4,FALSE,589844878.4,FALSE,0,FALSE,0,492031817,492031817,0,FALSE,TRUE,HS_2603
C,A,20060101,2006,52,2006,24,AGO,Angola,X,Export,0,W00,World,0,W00,World,H2,HS,TRUE,72,Iron and steel,2,FALSE,C00,TOTAL CPC,0,0,TOTAL MOT,-1,N/A,0,FALSE,-1,N/A,0,FALSE,,FALSE,0,FALSE,,1538827.976,1538827.976,0,FALSE,TRUE,HS_72
C,A,20060101,2006,52,2006,32,ARG,Argentina,X,Export,0,W00,World,0,W00,World,H2,HS,TRUE,72,Iron and steel,2,FALSE,C00,TOTAL CPC,0,0,TOTAL MOT,-1,N/A,,FALSE,-1,N/A,,FALSE,,FALSE,,FALSE,,525225990,525225990,0,TRUE,FALSE,HS_72
C,A,20060101,2006,52,2006,48,BHR,Bahrain,X,Export,0,W00,World,0,W00,World,H2,HS,TRUE,72,Iron and steel,2,FALSE,C00,TOTAL CPC,0,0,TOTAL MOT,-1,N/A,,FALSE,-1,N/A,,FALSE,,FALSE,,FALSE,,18243645,18243645,0,TRUE,FALSE,HS_72
C,A,20060101,2006,52,2006,76,BRA,Brazil,X,Export,0,W00,World,0,W00,World,H2,HS,TRUE,72,Iron and steel,2,FALSE,C00,TOTAL CPC,0,0,TOTAL MOT,-1,N/A,0,FALSE,-1,N/A,0,FALSE,0,TRUE,0,FALSE,,8792804392,8792804392,4,FALSE,TRUE,HS_72
C,A,20060101,2006,52,2006,144,LKA,Sri Lanka,X,Export,0,W00,World,0,W00,World,H2,HS,TRUE,72,Iron and steel,2,FALSE,C00,TOTAL CPC,0,0,TOTAL MOT,-1,N/A,,FALSE,-1,N/A,,FALSE,,FALSE,,FALSE,,5254277,5254277,0,TRUE,FALSE,HS_72
C,A,20060101,2006,52,2006,152,CHL,Chile,X,Export,0,W00,World,0,W00,World,H2,HS,TRUE,72,Iron and steel,2,FALSE,C00,TOTAL CPC,0,0,TOTAL MOT,-1,N/A,0,FALSE,-1,N/A,0,FALSE,0,TRUE,0,FALSE,0,646267271.896,646267271.896,4,FALSE,TRUE,HS_72
C,A,20060101,2006,52,2006,170,COL,Colombia,X,Export,0,W00,World,0,W00,World,H2,HS,TRUE,72,Iron and steel,2,FALSE,C00,TOTAL CPC,0,0,TOTAL MOT,-1,N/A,,FALSE,-1,N/A,,FALSE,,FALSE,,FALSE,,1267818209,1267818209,0,TRUE,FALSE,HS_72
C,A,20060101,2006,52,2006,218,ECU,Ecuador,X,Export,0,W00,World,0,W00,World,H2,HS,TRUE,72,Iron and steel,2,FALSE,C00,TOTAL CPC,0,0,TOTAL MOT,-1,N/A,,FALSE,-1,N/A,,FALSE,,FALSE,,FALSE,,23190686,23190686,0,TRUE,FALSE,HS_72
C,A,20060101,2006,52,2006,222,SLV,El Salvador,X,Export,0,W00,World,0,W00,World,H2,HS,TRUE,72,Iron and steel,2,FALSE,C00,TOTAL CPC,0,0,TOTAL MOT,-1,N/A,0,FALSE,-1,N/A,0,FALSE,0,FALSE,0,FALSE,0,106191609.96,106191609.96,0,FALSE,TRUE,HS_72
C,A,20060101,2006,52,2006,348,HUN,Hungary,X,Export,0,W00,World,0,W00,World,H2,HS,TRUE,72,Iron and steel,2,FALSE,C00,TOTAL CPC,0,0,TOTAL MOT,-1,N/A,,FALSE,-1,N/A,,FALSE,15300,FALSE,,FALSE,,1241027000,1241027000,0,TRUE,FALSE,HS_72
C,A,20060101,2006,52,2006,360,IDN,Indonesia,X,Export,0,W00,World,0,W00,World,H1,HS,TRUE,72,Iron and steel,2,FALSE,C00,TOTAL CPC,0,0,TOTAL MOT,-1,N/A,,FALSE,-1,N/A,,FALSE,,FALSE,,FALSE,,1262131999,1262131999,0,FALSE,FALSE,HS_72
C,A,20060101,2006,52,2006,384,CIV,Côte d'Ivoire,X,Export,0,W00,World,0,W00,World,H2,HS,TRUE,72,Iron and steel,2,FALSE,C00,TOTAL CPC,0,0,TOTAL MOT,-1,N/A,,FALSE,-1,N/A,,FALSE,,FALSE,,FALSE,,17538214,17538214,0,TRUE,FALSE,HS_72
C,A,20060101,2006,52,2006,398,KAZ,Kazakhstan,X,Export,0,W00,World,0,W00,World,H2,HS,TRUE,72,Iron and steel,2,FALSE,C00,TOTAL CPC,0,0,TOTAL MOT,-1,N/A,,FALSE,-1,N/A,,FALSE,,FALSE,,FALSE,,2333633101,2333633101,0,TRUE,FALSE,HS_72
C,A,20060101,2006,52,2006,484,MEX,Mexico,X,Export,0,W00,World,0,W00,World,H2,HS,TRUE,72,Iron and steel,2,FALSE,C00,TOTAL CPC,0,0,TOTAL MOT,-1,N/A,,FALSE,-1,N/A,,FALSE,,FALSE,,FALSE,,3044325680,3044325680,0,TRUE,FALSE,HS_72
C,A,20060101,2006,52,2006,504,MAR,Morocco,X,Export,0,W00,World,0,W00,World,H2,HS,TRUE,72,Iron and steel,2,FALSE,C00,TOTAL CPC,0,0,TOTAL MOT,-1,N/A,0,FALSE,-1,N/A,0,FALSE,0,FALSE,0,FALSE,0,209384314.066,209384314.066,0,FALSE,TRUE,HS_72
C,A,20060101,2006,52,2006,566,NGA,Nigeria,X,Export,0,W00,World,0,W00,World,H2,HS,TRUE,72,Iron and steel,2,FALSE,C00,TOTAL CPC,0,0,TOTAL MOT,-1,N/A,,FALSE,-1,N/A,,FALSE,,FALSE,,FALSE,,9731894,9731894,0,TRUE,FALSE,HS_72
C,A,20060101,2006,52,2006,586,PAK,Pakistan,X,Export,0,W00,World,0,W00,World,H2,HS,TRUE,72,Iron and steel,2,FALSE,C00,TOTAL CPC,0,0,TOTAL MOT,-1,N/A,,FALSE,-1,N/A,,FALSE,,FALSE,,FALSE,,24861727,24861727,0,TRUE,FALSE,HS_72
C,A,20060101,2006,52,2006,591,PAN,Panama,X,Export,0,W00,World,0,W00,World,H2,HS,TRUE,72,Iron and steel,2,FALSE,C00,TOTAL CPC,0,0,TOTAL MOT,-1,N/A,,FALSE,-1,N/A,,FALSE,,FALSE,,FALSE,,17834105,17834105,0,TRUE,FALSE,HS_72
C,A,20060101,2006,52,2006,604,PER,Peru,X,Export,0,W00,World,0,W00,World,H2,HS,TRUE,72,Iron and steel,2,FALSE,C00,TOTAL CPC,0,0,TOTAL MOT,-1,N/A,,FALSE,-1,N/A,,FALSE,,FALSE,,FALSE,,78547974,78547974,0,TRUE,FALSE,HS_72
C,A,20060101,2006,52,2006,608,PHL,Philippines,X,Export,0,W00,World,0,W00,World,H1,HS,TRUE,72,Iron and steel,2,FALSE,C00,TOTAL CPC,0,0,TOTAL MOT,-1,N/A,,FALSE,-1,N/A,,FALSE,,FALSE,,FALSE,,363410878,363410878,0,FALSE,FALSE,HS_72
C,A,20060101,2006,52,2006,616,POL,Poland,X,Export,0,W00,World,0,W00,World,H2,HS,TRUE,72,Iron and steel,2,FALSE,C00,TOTAL CPC,0,0,TOTAL MOT,-1,N/A,0,FALSE,-1,N/A,0,FALSE,0,TRUE,0,FALSE,0,2861050566,2861050566,4,FALSE,TRUE,HS_72
C,A,20060101,2006,52,2006,634,QAT,Qatar,X,Export,0,W00,World,0,W00,World,H2,HS,TRUE,72,Iron and steel,2,FALSE,C00,TOTAL CPC,0,0,TOTAL MOT,-1,N/A,,FALSE,-1,N/A,,FALSE,,FALSE,,FALSE,,276663573,276663573,0,TRUE,FALSE,HS_72
C,A,20060101,2006,52,2006,642,ROU,Romania,X,Export,0,W00,World,0,W00,World,H2,HS,TRUE,72,Iron and steel,2,FALSE,C00,TOTAL CPC,0,0,TOTAL MOT,-1,N/A,0,FALSE,-1,N/A,0,FALSE,0,TRUE,0,FALSE,0,2399764602.73,2399764602.73,4,FALSE,TRUE,HS_72
C,A,20060101,2006,52,2006,682,SAU,Saudi Arabia,X,Export,0,W00,World,0,W00,World,H2,HS,TRUE,72,Iron and steel,2,FALSE,C00,TOTAL CPC,0,0,TOTAL MOT,-1,N/A,,FALSE,-1,N/A,,FALSE,,FALSE,,FALSE,,637280296,637280296,0,TRUE,FALSE,HS_72
C,A,20060101,2006,52,2006,686,SEN,Senegal,X,Export,0,W00,World,0,W00,World,H2,HS,TRUE,72,Iron and steel,2,FALSE,C00,TOTAL CPC,0,0,TOTAL MOT,-1,N/A,,FALSE,-1,N/A,,FALSE,,FALSE,,FALSE,,40241417,40241417,0,TRUE,FALSE,HS_72
C,A,20060101,2006,52,2006,704,VNM,Viet Nam,X,Export,0,W00,World,0,W00,World,H2,HS,TRUE,72,Iron and steel,2,FALSE,C00,TOTAL CPC,0,0,TOTAL MOT,-1,N/A,,FALSE,-1,N/A,,FALSE,,FALSE,,FALSE,,238227424,238227424,0,TRUE,FALSE,HS_72
C,A,20060101,2006,52,2006,710,ZAF,South Africa,X,Export,0,W00,World,0,W00,World,H2,HS,TRUE,72,Iron and steel,2,FALSE,C00,TOTAL CPC,0,0,TOTAL MOT,-1,N/A,,FALSE,-1,N/A,,FALSE,,FALSE,,FALSE,,5525088649,5525088649,0,TRUE,FALSE,HS_72
C,A,20060101,2006,52,2006,784,ARE,United Arab Emirates,X,Export,0,W00,World,0,W00,World,H2,HS,TRUE,72,Iron and steel,2,FALSE,C00,TOTAL CPC,0,0,TOTAL MOT,-1,N/A,,FALSE,-1,N/A,,FALSE,,FALSE,,FALSE,,362847941,362847941,0,TRUE,FALSE,HS_72
C,A,20060101,2006,52,2006,792,TUR,Türkiye,X,Export,0,W00,World,0,W00,World,H2,HS,TRUE,72,Iron and steel,2,FALSE,C00,TOTAL CPC,0,0,TOTAL MOT,-1,N/A,0,FALSE,-1,N/A,0,FALSE,0,FALSE,0,FALSE,0,6273352820,6273352820,0,FALSE,TRUE,HS_72
C,A,20060101,2006,52,2006,818,EGY,Egypt,X,Export,0,W00,World,0,W00,World,H0,HS,TRUE,72,Iron and steel,2,FALSE,C00,TOTAL CPC,0,0,TOTAL MOT,-1,N/A,0,FALSE,-1,N/A,0,FALSE,0,FALSE,0,FALSE,0,816012959.262,816012959.262,0,FALSE,TRUE,HS_72
C,A,20060101,2006,52,2006,858,URY,Uruguay,X,Export,0,W00,World,0,W00,World,H2,HS,TRUE,72,Iron and steel,2,FALSE,C00,TOTAL CPC,0,0,TOTAL MOT,-1,N/A,,FALSE,-1,N/A,,FALSE,,FALSE,,FALSE,,7108872,7108872,0,TRUE,FALSE,HS_72
C,A,20060101,2006,52,2006,894,ZMB,Zambia,X,Export,0,W00,World,0,W00,World,H2,HS,TRUE,72,Iron and steel,2,FALSE,C00,TOTAL CPC,0,0,TOTAL MOT,-1,N/A,0,FALSE,-1,N/A,0,FALSE,0,FALSE,0,FALSE,0,2126982,2126982,0,FALSE,TRUE,HS_72
C,A,20060101,2006,52,2006,24,AGO,Angola,X,Export,0,W00,World,0,W00,World,H2,HS,TRUE,73,Iron or steel articles,2,FALSE,C00,TOTAL CPC,0,0,TOTAL MOT,-1,N/A,0,FALSE,-1,N/A,0,FALSE,0,TRUE,0,FALSE,,27848337.889,27848337.889,4,FALSE,TRUE,HS_73
C,A,20060101,2006,52,2006,32,ARG,Argentina,X,Export,0,W00,World,0,W00,World,H2,HS,TRUE,73,Iron or steel articles,2,FALSE,C00,TOTAL CPC,0,0,TOTAL MOT,-1,N/A,,FALSE,-1,N/A,,FALSE,,FALSE,,FALSE,,1311134209,1311134209,0,TRUE,FALSE,HS_73
C,A,20060101,2006,52,2006,48,BHR,Bahrain,X,Export,0,W00,World,0,W00,World,H2,HS,TRUE,73,Iron or steel articles,2,FALSE,C00,TOTAL CPC,0,0,TOTAL MOT,-1,N/A,,FALSE,-1,N/A,,FALSE,,FALSE,,FALSE,,46970081,46970081,0,TRUE,FALSE,HS_73
C,A,20060101,2006,52,2006,76,BRA,Brazil,X,Export,0,W00,World,0,W00,World,H2,HS,TRUE,73,Iron or steel articles,2,FALSE,C00,TOTAL CPC,0,0,TOTAL MOT,-1,N/A,0,FALSE,-1,N/A,0,FALSE,0,TRUE,0,FALSE,,1468568026,1468568026,4,FALSE,TRUE,HS_73
C,A,20060101,2006,52,2006,144,LKA,Sri Lanka,X,Export,0,W00,World,0,W00,World,H2,HS,TRUE,73,Iron or steel articles,2,FALSE,C00,TOTAL CPC,0,0,TOTAL MOT,-1,N/A,,FALSE,-1,N/A,,FALSE,,FALSE,,FALSE,,11211965,11211965,0,TRUE,FALSE,HS_73
C,A,20060101,2006,52,2006,152,CHL,Chile,X,Export,0,W00,World,0,W00,World,H2,HS,TRUE,73,Iron or steel articles,2,FALSE,C00,TOTAL CPC,0,0,TOTAL MOT,-1,N/A,0,FALSE,-1,N/A,0,FALSE,0,TRUE,0,FALSE,0,196484681.687,196484681.687,4,FALSE,TRUE,HS_73
C,A,20060101,2006,52,2006,170,COL,Colombia,X,Export,0,W00,World,0,W00,World,H2,HS,TRUE,73,Iron or steel articles,2,FALSE,C00,TOTAL CPC,0,0,TOTAL MOT,-1,N/A,,FALSE,-1,N/A,,FALSE,,FALSE,,FALSE,,261646840,261646840,0,TRUE,FALSE,HS_73
C,A,20060101,2006,52,2006,218,ECU,Ecuador,X,Export,0,W00,World,0,W00,World,H2,HS,TRUE,73,Iron or steel articles,2,FALSE,C00,TOTAL CPC,0,0,TOTAL MOT,-1,N/A,,FALSE,-1,N/A,,FALSE,,FALSE,,FALSE,,83189800,83189800,0,TRUE,FALSE,HS_73
C,A,20060101,2006,52,2006,222,SLV,El Salvador,X,Export,0,W00,World,0,W00,World,H2,HS,TRUE,73,Iron or steel articles,2,FALSE,C00,TOTAL CPC,0,0,TOTAL MOT,-1,N/A,0,FALSE,-1,N/A,0,FALSE,0,FALSE,0,FALSE,0,19235801.12,19235801.12,0,FALSE,TRUE,HS_73
C,A,20060101,2006,52,2006,348,HUN,Hungary,X,Export,0,W00,World,0,W00,World,H2,HS,TRUE,73,Iron or steel articles,2,FALSE,C00,TOTAL CPC,0,0,TOTAL MOT,-1,N/A,,FALSE,-1,N/A,,FALSE,100,FALSE,,FALSE,,1140700000,1140700000,0,TRUE,FALSE,HS_73
C,A,20060101,2006,52,2006,360,IDN,Indonesia,X,Export,0,W00,World,0,W00,World,H1,HS,TRUE,73,Iron or steel articles,2,FALSE,C00,TOTAL CPC,0,0,TOTAL MOT,-1,N/A,,FALSE,-1,N/A,,FALSE,,FALSE,,FALSE,,861165055,861165055,0,FALSE,FALSE,HS_73
C,A,20060101,2006,52,2006,384,CIV,Côte d'Ivoire,X,Export,0,W00,World,0,W00,World,H2,HS,TRUE,73,Iron or steel articles,2,FALSE,C00,TOTAL CPC,0,0,TOTAL MOT,-1,N/A,,FALSE,-1,N/A,,FALSE,,FALSE,,FALSE,,18560788,18560788,0,TRUE,FALSE,HS_73
C,A,20060101,2006,52,2006,398,KAZ,Kazakhstan,X,Export,0,W00,World,0,W00,World,H2,HS,TRUE,73,Iron or steel articles,2,FALSE,C00,TOTAL CPC,0,0,TOTAL MOT,-1,N/A,,FALSE,-1,N/A,,FALSE,,FALSE,,FALSE,,76932716,76932716,0,TRUE,FALSE,HS_73
C,A,20060101,2006,52,2006,484,MEX,Mexico,X,Export,0,W00,World,0,W00,World,H2,HS,TRUE,73,Iron or steel articles,2,FALSE,C00,TOTAL CPC,0,0,TOTAL MOT,-1,N/A,,FALSE,-1,N/A,,FALSE,,FALSE,,FALSE,,3833085269,3833085269,0,TRUE,FALSE,HS_73
C,A,20060101,2006,52,2006,504,MAR,Morocco,X,Export,0,W00,World,0,W00,World,H2,HS,TRUE,73,Iron or steel articles,2,FALSE,C00,TOTAL CPC,0,0,TOTAL MOT,-1,N/A,0,FALSE,-1,N/A,0,FALSE,0,TRUE,0,FALSE,0,41610059.444,41610059.444,4,FALSE,TRUE,HS_73
C,A,20060101,2006,52,2006,566,NGA,Nigeria,X,Export,0,W00,World,0,W00,World,H2,HS,TRUE,73,Iron or steel articles,2,FALSE,C00,TOTAL CPC,0,0,TOTAL MOT,-1,N/A,,FALSE,-1,N/A,,FALSE,,FALSE,,FALSE,,1508258,1508258,0,TRUE,FALSE,HS_73
C,A,20060101,2006,52,2006,586,PAK,Pakistan,X,Export,0,W00,World,0,W00,World,H2,HS,TRUE,73,Iron or steel articles,2,FALSE,C00,TOTAL CPC,0,0,TOTAL MOT,-1,N/A,,FALSE,-1,N/A,,FALSE,,FALSE,,FALSE,,74362314,74362314,0,TRUE,FALSE,HS_73
C,A,20060101,2006,52,2006,591,PAN,Panama,X,Export,0,W00,World,0,W00,World,H2,HS,TRUE,73,Iron or steel articles,2,FALSE,C00,TOTAL CPC,0,0,TOTAL MOT,-1,N/A,,FALSE,-1,N/A,,FALSE,,FALSE,,FALSE,,23595170,23595170,0,TRUE,FALSE,HS_73
C,A,20060101,2006,52,2006,604,PER,Peru,X,Export,0,W00,World,0,W00,World,H2,HS,TRUE,73,Iron or steel articles,2,FALSE,C00,TOTAL CPC,0,0,TOTAL MOT,-1,N/A,,FALSE,-1,N/A,,FALSE,,FALSE,,FALSE,,46042685,46042685,0,TRUE,FALSE,HS_73
C,A,20060101,2006,52,2006,608,PHL,Philippines,X,Export,0,W00,World,0,W00,World,H1,HS,TRUE,73,Iron or steel articles,2,FALSE,C00,TOTAL CPC,0,0,TOTAL MOT,-1,N/A,,FALSE,-1,N/A,,FALSE,,FALSE,,FALSE,,180839948,180839948,0,FALSE,FALSE,HS_73
C,A,20060101,2006,52,2006,616,POL,Poland,X,Export,0,W00,World,0,W00,World,H2,HS,TRUE,73,Iron or steel articles,2,FALSE,C00,TOTAL CPC,0,0,TOTAL MOT,-1,N/A,0,FALSE,-1,N/A,0,FALSE,0,TRUE,0,FALSE,0,4760402565,4760402565,4,FALSE,TRUE,HS_73
C,A,20060101,2006,52,2006,634,QAT,Qatar,X,Export,0,W00,World,0,W00,World,H2,HS,TRUE,73,Iron or steel articles,2,FALSE,C00,TOTAL CPC,0,0,TOTAL MOT,-1,N/A,,FALSE,-1,N/A,,FALSE,,FALSE,,FALSE,,156978995,156978995,0,TRUE,FALSE,HS_73
C,A,20060101,2006,52,2006,642,ROU,Romania,X,Export,0,W00,World,0,W00,World,H2,HS,TRUE,73,Iron or steel articles,2,FALSE,C00,TOTAL CPC,0,0,TOTAL MOT,-1,N/A,0,FALSE,-1,N/A,0,FALSE,0,TRUE,0,FALSE,0,1156421271.84,1156421271.84,4,FALSE,TRUE,HS_73
C,A,20060101,2006,52,2006,682,SAU,Saudi Arabia,X,Export,0,W00,World,0,W00,World,H2,HS,TRUE,73,Iron or steel articles,2,FALSE,C00,TOTAL CPC,0,0,TOTAL MOT,-1,N/A,,FALSE,-1,N/A,,FALSE,,FALSE,,FALSE,,727106833,727106833,0,TRUE,FALSE,HS_73
C,A,20060101,2006,52,2006,686,SEN,Senegal,X,Export,0,W00,World,0,W00,World,H2,HS,TRUE,73,Iron or steel articles,2,FALSE,C00,TOTAL CPC,0,0,TOTAL MOT,-1,N/A,,FALSE,-1,N/A,,FALSE,,FALSE,,FALSE,,7708192,7708192,0,TRUE,FALSE,HS_73
C,A,20060101,2006,52,2006,704,VNM,Viet Nam,X,Export,0,W00,World,0,W00,World,H2,HS,TRUE,73,Iron or steel articles,2,FALSE,C00,TOTAL CPC,0,0,TOTAL MOT,-1,N/A,,FALSE,-1,N/A,,FALSE,,FALSE,,FALSE,,389306168,389306168,0,TRUE,FALSE,HS_73
C,A,20060101,2006,52,2006,710,ZAF,South Africa,X,Export,0,W00,World,0,W00,World,H2,HS,TRUE,73,Iron or steel articles,2,FALSE,C00,TOTAL CPC,0,0,TOTAL MOT,-1,N/A,,FALSE,-1,N/A,,FALSE,,FALSE,,FALSE,,850081222,850081222,0,TRUE,FALSE,HS_73
C,A,20060101,2006,52,2006,784,ARE,United Arab Emirates,X,Export,0,W00,World,0,W00,World,H2,HS,TRUE,73,Iron or steel articles,2,FALSE,C00,TOTAL CPC,0,0,TOTAL MOT,-1,N/A,,FALSE,-1,N/A,,FALSE,,FALSE,,FALSE,,724531783,724531783,0,TRUE,FALSE,HS_73
C,A,20060101,2006,52,2006,792,TUR,Türkiye,X,Export,0,W00,World,0,W00,World,H2,HS,TRUE,73,Iron or steel articles,2,FALSE,C00,TOTAL CPC,0,0,TOTAL MOT,-1,N/A,0,FALSE,-1,N/A,0,FALSE,0,FALSE,0,FALSE,0,3336371265,3336371265,0,FALSE,TRUE,HS_73
C,A,20060101,2006,52,2006,818,EGY,Egypt,X,Export,0,W00,World,0,W00,World,H0,HS,TRUE,73,Iron or steel articles,2,FALSE,C00,TOTAL CPC,0,0,TOTAL MOT,-1,N/A,0,FALSE,-1,N/A,0,FALSE,0,TRUE,0,FALSE,0,151094949.829,151094949.829,4,FALSE,TRUE,HS_73
C,A,20060101,2006,52,2006,858,URY,Uruguay,X,Export,0,W00,World,0,W00,World,H2,HS,TRUE,73,Iron or steel articles,2,FALSE,C00,TOTAL CPC,0,0,TOTAL MOT,-1,N/A,,FALSE,-1,N/A,,FALSE,,FALSE,,FALSE,,35078115,35078115,0,TRUE,FALSE,HS_73
C,A,20060101,2006,52,2006,894,ZMB,Zambia,X,Export,0,W00,World,0,W00,World,H2,HS,TRUE,73,Iron or steel articles,2,FALSE,C00,TOTAL CPC,0,0,TOTAL MOT,-1,N/A,0,FALSE,-1,N/A,0,FALSE,0,TRUE,0,FALSE,0,4766002,4766002,4,FALSE,TRUE,HS_73
C,A,20060101,2006,52,2006,32,ARG,Argentina,X,Export,0,W00,World,0,W00,World,H2,HS,TRUE,2601,Iron ores and concentrates; including roasted iron pyrites,4,FALSE,C00,TOTAL CPC,0,0,TOTAL MOT,8,kg,61438580,FALSE,-1,N/A,,FALSE,61438580,FALSE,,FALSE,,1555007,1555007,0,TRUE,FALSE,HS_2601
C,A,20060101,2006,52,2006,48,BHR,Bahrain,X,Export,0,W00,World,0,W00,World,H2,HS,TRUE,2601,Iron ores and concentrates; including roasted iron pyrites,4,FALSE,C00,TOTAL CPC,0,0,TOTAL MOT,8,kg,2456647700,FALSE,-1,N/A,,FALSE,2456647700,FALSE,,FALSE,,142743260,142743260,0,TRUE,FALSE,HS_2601
C,A,20060101,2006,52,2006,76,BRA,Brazil,X,Export,0,W00,World,0,W00,World,H2,HS,TRUE,2601,Iron ores and concentrates; including roasted iron pyrites,4,FALSE,C00,TOTAL CPC,0,0,TOTAL MOT,-1,N/A,0,FALSE,-1,N/A,0,FALSE,242526806255.489,TRUE,0,FALSE,,8948871317,8948871317,4,FALSE,TRUE,HS_2601
C,A,20060101,2006,52,2006,152,CHL,Chile,X,Export,0,W00,World,0,W00,World,H2,HS,TRUE,2601,Iron ores and concentrates; including roasted iron pyrites,4,FALSE,C00,TOTAL CPC,0,0,TOTAL MOT,8,kg,5742419500,FALSE,8,kg,5742419500,FALSE,5742419500,FALSE,0,FALSE,0,327797824.5,327797824.5,0,FALSE,TRUE,HS_2601
C,A,20060101,2006,52,2006,170,COL,Colombia,X,Export,0,W00,World,0,W00,World,H2,HS,TRUE,2601,Iron ores and concentrates; including roasted iron pyrites,4,FALSE,C00,TOTAL CPC,0,0,TOTAL MOT,8,kg,1664,FALSE,-1,N/A,,FALSE,1664,FALSE,,FALSE,,333,333,0,TRUE,FALSE,HS_2601
C,A,20060101,2006,52,2006,218,ECU,Ecuador,X,Export,0,W00,World,0,W00,World,H2,HS,TRUE,2601,Iron ores and concentrates; including roasted iron pyrites,4,FALSE,C00,TOTAL CPC,0,0,TOTAL MOT,8,kg,244,FALSE,-1,N/A,,FALSE,244,FALSE,,FALSE,,2,2,0,TRUE,FALSE,HS_2601
C,A,20060101,2006,52,2006,360,IDN,Indonesia,X,Export,0,W00,World,0,W00,World,H1,HS,TRUE,2601,Iron ores and concentrates; including roasted iron pyrites,4,FALSE,C00,TOTAL CPC,0,0,TOTAL MOT,8,kg,2161408353,FALSE,-1,N/A,,FALSE,2161408353,FALSE,,FALSE,,43154400,43154400,0,FALSE,FALSE,HS_2601
C,A,20060101,2006,52,2006,398,KAZ,Kazakhstan,X,Export,0,W00,World,0,W00,World,H2,HS,TRUE,2601,Iron ores and concentrates; including roasted iron pyrites,4,FALSE,C00,TOTAL CPC,0,0,TOTAL MOT,8,kg,15060748475,FALSE,-1,N/A,,FALSE,15060748475,FALSE,,FALSE,,674857235,674857235,0,TRUE,FALSE,HS_2601
C,A,20060101,2006,52,2006,484,MEX,Mexico,X,Export,0,W00,World,0,W00,World,H2,HS,TRUE,2601,Iron ores and concentrates; including roasted iron pyrites,4,FALSE,C00,TOTAL CPC,0,0,TOTAL MOT,8,kg,1313275130,FALSE,-1,N/A,,FALSE,1313275130,FALSE,,FALSE,,76476964,76476964,0,TRUE,FALSE,HS_2601
C,A,20060101,2006,52,2006,504,MAR,Morocco,X,Export,0,W00,World,0,W00,World,H2,HS,TRUE,2601,Iron ores and concentrates; including roasted iron pyrites,4,FALSE,C00,TOTAL CPC,0,0,TOTAL MOT,8,kg,11373337,FALSE,8,kg,11373337,FALSE,11373337,FALSE,0,FALSE,0,276850.364,276850.364,0,FALSE,TRUE,HS_2601
C,A,20060101,2006,52,2006,566,NGA,Nigeria,X,Export,0,W00,World,0,W00,World,H2,HS,TRUE,2601,Iron ores and concentrates; including roasted iron pyrites,4,FALSE,C00,TOTAL CPC,0,0,TOTAL MOT,8,kg,15000,FALSE,-1,N/A,,FALSE,15000,FALSE,,FALSE,,1462837,1462837,0,TRUE,FALSE,HS_2601
C,A,20060101,2006,52,2006,591,PAN,Panama,X,Export,0,W00,World,0,W00,World,H2,HS,TRUE,2601,Iron ores and concentrates; including roasted iron pyrites,4,FALSE,C00,TOTAL CPC,0,0,TOTAL MOT,8,kg,624,FALSE,-1,N/A,,FALSE,624,FALSE,,FALSE,,600,600,0,TRUE,FALSE,HS_2601
C,A,20060101,2006,52,2006,604,PER,Peru,X,Export,0,W00,World,0,W00,World,H2,HS,TRUE,2601,Iron ores and concentrates; including roasted iron pyrites,4,FALSE,C00,TOTAL CPC,0,0,TOTAL MOT,8,kg,6673034374,FALSE,-1,N/A,,FALSE,6673034374,FALSE,,FALSE,,255980444,255980444,0,TRUE,FALSE,HS_2601
C,A,20060101,2006,52,2006,608,PHL,Philippines,X,Export,0,W00,World,0,W00,World,H1,HS,TRUE,2601,Iron ores and concentrates; including roasted iron pyrites,4,FALSE,C00,TOTAL CPC,0,0,TOTAL MOT,8,kg,6356935657,FALSE,-1,N/A,,FALSE,6356935657,FALSE,,FALSE,,158742204,158742204,0,FALSE,FALSE,HS_2601
C,A,20060101,2006,52,2006,642,ROU,Romania,X,Export,0,W00,World,0,W00,World,H2,HS,TRUE,2601,Iron ores and concentrates; including roasted iron pyrites,4,FALSE,C00,TOTAL CPC,0,0,TOTAL MOT,8,kg,103274.4,FALSE,8,kg,103274.4,FALSE,103274.4,FALSE,0,FALSE,0,19401.26,19401.26,0,FALSE,TRUE,HS_2601
C,A,20060101,2006,52,2006,686,SEN,Senegal,X,Export,0,W00,World,0,W00,World,H2,HS,TRUE,2601,Iron ores and concentrates; including roasted iron pyrites,4,FALSE,C00,TOTAL CPC,0,0,TOTAL MOT,8,kg,5400,FALSE,-1,N/A,,FALSE,5400,FALSE,,FALSE,,83968,83968,0,TRUE,FALSE,HS_2601
C,A,20060101,2006,52,2006,704,VNM,Viet Nam,X,Export,0,W00,World,0,W00,World,H2,HS,TRUE,2601,Iron ores and concentrates; including roasted iron pyrites,4,FALSE,C00,TOTAL CPC,0,0,TOTAL MOT,-1,N/A,,FALSE,-1,N/A,,FALSE,25070517,TRUE,,FALSE,,26859922,26859922,4,TRUE,FALSE,HS_2601
C,A,20060101,2006,52,2006,710,ZAF,South Africa,X,Export,0,W00,World,0,W00,World,H2,HS,TRUE,2601,Iron ores and concentrates; including roasted iron pyrites,4,FALSE,C00,TOTAL CPC,0,0,TOTAL MOT,8,kg,24628057336,FALSE,-1,N/A,,FALSE,24628057336,FALSE,,FALSE,,1163729800,1163729800,0,TRUE,FALSE,HS_2601
C,A,20060101,2006,52,2006,784,ARE,United Arab Emirates,X,Export,0,W00,World,0,W00,World,H2,HS,TRUE,2601,Iron ores and concentrates; including roasted iron pyrites,4,FALSE,C00,TOTAL CPC,0,0,TOTAL MOT,-1,N/A,,FALSE,-1,N/A,,FALSE,320249,FALSE,,FALSE,,206309,206309,0,TRUE,FALSE,HS_2601
C,A,20060101,2006,52,2006,792,TUR,Türkiye,X,Export,0,W00,World,0,W00,World,H2,HS,TRUE,2601,Iron ores and concentrates; including roasted iron pyrites,4,FALSE,C00,TOTAL CPC,0,0,TOTAL MOT,8,kg,791245,FALSE,8,kg,791245,FALSE,791245,FALSE,0,FALSE,0,133875,133875,0,FALSE,TRUE,HS_2601
C,A,20060101,2006,52,2006,24,AGO,Angola,X,Export,0,W00,World,0,W00,World,H2,HS,TRUE,71,"Natural, cultured pearls; precious, semi-precious stones; precious metals, metals clad with precious metal, and articles thereof; imitation jewellery; coin",2,FALSE,C00,TOTAL CPC,0,0,TOTAL MOT,-1,N/A,0,FALSE,-1,N/A,0,FALSE,0,TRUE,0,FALSE,,1144951936.604,1144951936.604,4,FALSE,TRUE,HS_71
C,A,20060101,2006,52,2006,32,ARG,Argentina,X,Export,0,W00,World,0,W00,World,H2,HS,TRUE,71,"Natural, cultured pearls; precious, semi-precious stones; precious metals, metals clad with precious metal, and articles thereof; imitation jewellery; coin",2,FALSE,C00,TOTAL CPC,0,0,TOTAL MOT,-1,N/A,,FALSE,-1,N/A,,FALSE,,FALSE,,FALSE,,560701215,560701215,0,TRUE,FALSE,HS_71
C,A,20060101,2006,52,2006,48,BHR,Bahrain,X,Export,0,W00,World,0,W00,World,H2,HS,TRUE,71,"Natural, cultured pearls; precious, semi-precious stones; precious metals, metals clad with precious metal, and articles thereof; imitation jewellery; coin",2,FALSE,C00,TOTAL CPC,0,0,TOTAL MOT,-1,N/A,,FALSE,-1,N/A,,FALSE,,FALSE,,FALSE,,2998777,2998777,0,TRUE,FALSE,HS_71
C,A,20060101,2006,52,2006,76,BRA,Brazil,X,Export,0,W00,World,0,W00,World,H2,HS,TRUE,71,"Natural, cultured pearls; precious, semi-precious stones; precious metals, metals clad with precious metal, and articles thereof; imitation jewellery; coin",2,FALSE,C00,TOTAL CPC,0,0,TOTAL MOT,-1,N/A,0,FALSE,-1,N/A,0,FALSE,0,TRUE,0,FALSE,,1160619217,1160619217,4,FALSE,TRUE,HS_71
C,A,20060101,2006,52,2006,144,LKA,Sri Lanka,X,Export,0,W00,World,0,W00,World,H2,HS,TRUE,71,"Natural, cultured pearls; precious, semi-precious stones; precious metals, metals clad with precious metal, and articles thereof; imitation jewellery; coin",2,FALSE,C00,TOTAL CPC,0,0,TOTAL MOT,-1,N/A,,FALSE,-1,N/A,,FALSE,,FALSE,,FALSE,,409247471,409247471,0,TRUE,FALSE,HS_71
C,A,20060101,2006,52,2006,152,CHL,Chile,X,Export,0,W00,World,0,W00,World,H2,HS,TRUE,71,"Natural, cultured pearls; precious, semi-precious stones; precious metals, metals clad with precious metal, and articles thereof; imitation jewellery; coin",2,FALSE,C00,TOTAL CPC,0,0,TOTAL MOT,-1,N/A,0,FALSE,-1,N/A,0,FALSE,0,TRUE,0,FALSE,0,790353610.985,790353610.985,4,FALSE,TRUE,HS_71
C,A,20060101,2006,52,2006,170,COL,Colombia,X,Export,0,W00,World,0,W00,World,H2,HS,TRUE,71,"Natural, cultured pearls; precious, semi-precious stones; precious metals, metals clad with precious metal, and articles thereof; imitation jewellery; coin",2,FALSE,C00,TOTAL CPC,0,0,TOTAL MOT,-1,N/A,,FALSE,-1,N/A,,FALSE,,FALSE,,FALSE,,977850774,977850774,0,TRUE,FALSE,HS_71
C,A,20060101,2006,52,2006,218,ECU,Ecuador,X,Export,0,W00,World,0,W00,World,H2,HS,TRUE,71,"Natural, cultured pearls; precious, semi-precious stones; precious metals, metals clad with precious metal, and articles thereof; imitation jewellery; coin",2,FALSE,C00,TOTAL CPC,0,0,TOTAL MOT,-1,N/A,,FALSE,-1,N/A,,FALSE,,FALSE,,FALSE,,48430261,48430261,0,TRUE,FALSE,HS_71
C,A,20060101,2006,52,2006,222,SLV,El Salvador,X,Export,0,W00,World,0,W00,World,H2,HS,TRUE,71,"Natural, cultured pearls; precious, semi-precious stones; precious metals, metals clad with precious metal, and articles thereof; imitation jewellery; coin",2,FALSE,C00,TOTAL CPC,0,0,TOTAL MOT,-1,N/A,0,FALSE,-1,N/A,0,FALSE,0,FALSE,0,FALSE,0,8473594.57,8473594.57,0,FALSE,TRUE,HS_71
C,A,20060101,2006,52,2006,348,HUN,Hungary,X,Export,0,W00,World,0,W00,World,H2,HS,TRUE,71,"Natural, cultured pearls; precious, semi-precious stones; precious metals, metals clad with precious metal, and articles thereof; imitation jewellery; coin",2,FALSE,C00,TOTAL CPC,0,0,TOTAL MOT,-1,N/A,,FALSE,-1,N/A,,FALSE,100,FALSE,,FALSE,,27079000,27079000,0,TRUE,FALSE,HS_71
C,A,20060101,2006,52,2006,360,IDN,Indonesia,X,Export,0,W00,World,0,W00,World,H1,HS,TRUE,71,"Natural, cultured pearls; precious, semi-precious stones; precious metals, metals clad with precious metal, and articles thereof; imitation jewellery; coin",2,FALSE,C00,TOTAL CPC,0,0,TOTAL MOT,-1,N/A,,FALSE,-1,N/A,,FALSE,,FALSE,,FALSE,,698073805,698073805,0,FALSE,FALSE,HS_71
C,A,20060101,2006,52,2006,384,CIV,Côte d'Ivoire,X,Export,0,W00,World,0,W00,World,H2,HS,TRUE,71,"Natural, cultured pearls; precious, semi-precious stones; precious metals, metals clad with precious metal, and articles thereof; imitation jewellery; coin",2,FALSE,C00,TOTAL CPC,0,0,TOTAL MOT,-1,N/A,,FALSE,-1,N/A,,FALSE,,FALSE,,FALSE,,25426734,25426734,0,TRUE,FALSE,HS_71
C,A,20060101,2006,52,2006,398,KAZ,Kazakhstan,X,Export,0,W00,World,0,W00,World,H2,HS,TRUE,71,"Natural, cultured pearls; precious, semi-precious stones; precious metals, metals clad with precious metal, and articles thereof; imitation jewellery; coin",2,FALSE,C00,TOTAL CPC,0,0,TOTAL MOT,-1,N/A,,FALSE,-1,N/A,,FALSE,,FALSE,,FALSE,,696909579,696909579,0,TRUE,FALSE,HS_71
C,A,20060101,2006,52,2006,484,MEX,Mexico,X,Export,0,W00,World,0,W00,World,H2,HS,TRUE,71,"Natural, cultured pearls; precious, semi-precious stones; precious metals, metals clad with precious metal, and articles thereof; imitation jewellery; coin",2,FALSE,C00,TOTAL CPC,0,0,TOTAL MOT,-1,N/A,,FALSE,-1,N/A,,FALSE,,FALSE,,FALSE,,3027435113,3027435113,0,TRUE,FALSE,HS_71
C,A,20060101,2006,52,2006,504,MAR,Morocco,X,Export,0,W00,World,0,W00,World,H2,HS,TRUE,71,"Natural, cultured pearls; precious, semi-precious stones; precious metals, metals clad with precious metal, and articles thereof; imitation jewellery; coin",2,FALSE,C00,TOTAL CPC,0,0,TOTAL MOT,-1,N/A,0,FALSE,-1,N/A,0,FALSE,0,FALSE,0,FALSE,0,108236714.031,108236714.031,0,FALSE,TRUE,HS_71
C,A,20060101,2006,52,2006,566,NGA,Nigeria,X,Export,0,W00,World,0,W00,World,H2,HS,TRUE,71,"Natural, cultured pearls; precious, semi-precious stones; precious metals, metals clad with precious metal, and articles thereof; imitation jewellery; coin",2,FALSE,C00,TOTAL CPC,0,0,TOTAL MOT,-1,N/A,,FALSE,-1,N/A,,FALSE,,FALSE,,FALSE,,121,121,0,TRUE,FALSE,HS_71
C,A,20060101,2006,52,2006,586,PAK,Pakistan,X,Export,0,W00,World,0,W00,World,H2,HS,TRUE,71,"Natural, cultured pearls; precious, semi-precious stones; precious metals, metals clad with precious metal, and articles thereof; imitation jewellery; coin",2,FALSE,C00,TOTAL CPC,0,0,TOTAL MOT,-1,N/A,,FALSE,-1,N/A,,FALSE,,FALSE,,FALSE,,24057615,24057615,0,TRUE,FALSE,HS_71
C,A,20060101,2006,52,2006,591,PAN,Panama,X,Export,0,W00,World,0,W00,World,H2,HS,TRUE,71,"Natural, cultured pearls; precious, semi-precious stones; precious metals, metals clad with precious metal, and articles thereof; imitation jewellery; coin",2,FALSE,C00,TOTAL CPC,0,0,TOTAL MOT,-1,N/A,,FALSE,-1,N/A,,FALSE,,FALSE,,FALSE,,140354328,140354328,0,TRUE,FALSE,HS_71
C,A,20060101,2006,52,2006,604,PER,Peru,X,Export,0,W00,World,0,W00,World,H2,HS,TRUE,71,"Natural, cultured pearls; precious, semi-precious stones; precious metals, metals clad with precious metal, and articles thereof; imitation jewellery; coin",2,FALSE,C00,TOTAL CPC,0,0,TOTAL MOT,-1,N/A,,FALSE,-1,N/A,,FALSE,,FALSE,,FALSE,,4598179683,4598179683,0,TRUE,FALSE,HS_71
C,A,20060101,2006,52,2006,608,PHL,Philippines,X,Export,0,W00,World,0,W00,World,H1,HS,TRUE,71,"Natural, cultured pearls; precious, semi-precious stones; precious metals, metals clad with precious metal, and articles thereof; imitation jewellery; coin",2,FALSE,C00,TOTAL CPC,0,0,TOTAL MOT,-1,N/A,,FALSE,-1,N/A,,FALSE,,FALSE,,FALSE,,422554711,422554711,0,FALSE,FALSE,HS_71
C,A,20060101,2006,52,2006,616,POL,Poland,X,Export,0,W00,World,0,W00,World,H2,HS,TRUE,71,"Natural, cultured pearls; precious, semi-precious stones; precious metals, metals clad with precious metal, and articles thereof; imitation jewellery; coin",2,FALSE,C00,TOTAL CPC,0,0,TOTAL MOT,-1,N/A,0,FALSE,-1,N/A,0,FALSE,0,TRUE,0,FALSE,0,647440040,647440040,4,FALSE,TRUE,HS_71
C,A,20060101,2006,52,2006,634,QAT,Qatar,X,Export,0,W00,World,0,W00,World,H2,HS,TRUE,71,"Natural, cultured pearls; precious, semi-precious stones; precious metals, metals clad with precious metal, and articles thereof; imitation jewellery; coin",2,FALSE,C00,TOTAL CPC,0,0,TOTAL MOT,-1,N/A,,FALSE,-1,N/A,,FALSE,,FALSE,,FALSE,,2738598,2738598,0,TRUE,FALSE,HS_71
C,A,20060101,2006,52,2006,682,SAU,Saudi Arabia,X,Export,0,W00,World,0,W00,World,H2,HS,TRUE,71,"Natural, cultured pearls; precious, semi-precious stones; precious metals, metals clad with precious metal, and articles thereof; imitation jewellery; coin",2,FALSE,C00,TOTAL CPC,0,0,TOTAL MOT,-1,N/A,,FALSE,-1,N/A,,FALSE,,FALSE,,FALSE,,716557289,716557289,0,TRUE,FALSE,HS_71
C,A,20060101,2006,52,2006,686,SEN,Senegal,X,Export,0,W00,World,0,W00,World,H2,HS,TRUE,71,"Natural, cultured pearls; precious, semi-precious stones; precious metals, metals clad with precious metal, and articles thereof; imitation jewellery; coin",2,FALSE,C00,TOTAL CPC,0,0,TOTAL MOT,-1,N/A,,FALSE,-1,N/A,,FALSE,,FALSE,,FALSE,,12593221,12593221,0,TRUE,FALSE,HS_71
C,A,20060101,2006,52,2006,704,VNM,Viet Nam,X,Export,0,W00,World,0,W00,World,H2,HS,TRUE,71,"Natural, cultured pearls; precious, semi-precious stones; precious metals, metals clad with precious metal, and articles thereof; imitation jewellery; coin",2,FALSE,C00,TOTAL CPC,0,0,TOTAL MOT,-1,N/A,,FALSE,-1,N/A,,FALSE,,FALSE,,FALSE,,165794534,165794534,0,TRUE,FALSE,HS_71
C,A,20060101,2006,52,2006,710,ZAF,South Africa,X,Export,0,W00,World,0,W00,World,H2,HS,TRUE,71,"Natural, cultured pearls; precious, semi-precious stones; precious metals, metals clad with precious metal, and articles thereof; imitation jewellery; coin",2,FALSE,C00,TOTAL CPC,0,0,TOTAL MOT,-1,N/A,,FALSE,-1,N/A,,FALSE,,FALSE,,FALSE,,10855839544,10855839544,0,TRUE,FALSE,HS_71
C,A,20060101,2006,52,2006,784,ARE,United Arab Emirates,X,Export,0,W00,World,0,W00,World,H2,HS,TRUE,71,"Natural, cultured pearls; precious, semi-precious stones; precious metals, metals clad with precious metal, and articles thereof; imitation jewellery; coin",2,FALSE,C00,TOTAL CPC,0,0,TOTAL MOT,-1,N/A,,FALSE,-1,N/A,,FALSE,,FALSE,,FALSE,,8246715835,8246715835,0,TRUE,FALSE,HS_71
C,A,20060101,2006,52,2006,792,TUR,Türkiye,X,Export,0,W00,World,0,W00,World,H2,HS,TRUE,71,"Natural, cultured pearls; precious, semi-precious stones; precious metals, metals clad with precious metal, and articles thereof; imitation jewellery; coin",2,FALSE,C00,TOTAL CPC,0,0,TOTAL MOT,-1,N/A,0,FALSE,-1,N/A,0,FALSE,0,TRUE,0,FALSE,0,1824129682,1824129682,4,FALSE,TRUE,HS_71
C,A,20060101,2006,52,2006,818,EGY,Egypt,X,Export,0,W00,World,0,W00,World,H0,HS,TRUE,71,"Natural, cultured pearls; precious, semi-precious stones; precious metals, metals clad with precious metal, and articles thereof; imitation jewellery; coin",2,FALSE,C00,TOTAL CPC,0,0,TOTAL MOT,-1,N/A,0,FALSE,-1,N/A,0,FALSE,0,FALSE,0,FALSE,0,276301107.646,276301107.646,0,FALSE,TRUE,HS_71
C,A,20060101,2006,52,2006,858,URY,Uruguay,X,Export,0,W00,World,0,W00,World,H2,HS,TRUE,71,"Natural, cultured pearls; precious, semi-precious stones; precious metals, metals clad with precious metal, and articles thereof; imitation jewellery; coin",2,FALSE,C00,TOTAL CPC,0,0,TOTAL MOT,-1,N/A,,FALSE,-1,N/A,,FALSE,,FALSE,,FALSE,,57222258,57222258,0,TRUE,FALSE,HS_71
C,A,20060101,2006,52,2006,894,ZMB,Zambia,X,Export,0,W00,World,0,W00,World,H2,HS,TRUE,71,"Natural, cultured pearls; precious, semi-precious stones; precious metals, metals clad with precious metal, and articles thereof; imitation jewellery; coin",2,FALSE,C00,TOTAL CPC,0,0,TOTAL MOT,-1,N/A,0,FALSE,-1,N/A,0,FALSE,0,TRUE,0,FALSE,0,21145637,21145637,4,FALSE,TRUE,HS_71
C,A,20060101,2006,52,2006,32,ARG,Argentina,X,Export,0,W00,World,0,W00,World,H2,HS,TRUE,7108,"Gold (including gold plated with platinum) unwrought or in semi-manufactured forms, or in powder form",4,FALSE,C00,TOTAL CPC,0,0,TOTAL MOT,8,kg,128801,FALSE,-1,N/A,,FALSE,128801,FALSE,,FALSE,,547421689,547421689,0,TRUE,FALSE,HS_7108
C,A,20060101,2006,52,2006,48,BHR,Bahrain,X,Export,0,W00,World,0,W00,World,H2,HS,TRUE,7108,"Gold (including gold plated with platinum) unwrought or in semi-manufactured forms, or in powder form",4,FALSE,C00,TOTAL CPC,0,0,TOTAL MOT,8,kg,17,FALSE,-1,N/A,,FALSE,17,FALSE,,FALSE,,319885,319885,0,TRUE,FALSE,HS_7108
C,A,20060101,2006,52,2006,76,BRA,Brazil,X,Export,0,W00,World,0,W00,World,H2,HS,TRUE,7108,"Gold (including gold plated with platinum) unwrought or in semi-manufactured forms, or in powder form",4,FALSE,C00,TOTAL CPC,0,0,TOTAL MOT,8,kg,1781699.53,TRUE,-1,N/A,0,FALSE,32858.53,TRUE,0,FALSE,,658603722,658603722,6,FALSE,TRUE,HS_7108
C,A,20060101,2006,52,2006,144,LKA,Sri Lanka,X,Export,0,W00,World,0,W00,World,H2,HS,TRUE,7108,"Gold (including gold plated with platinum) unwrought or in semi-manufactured forms, or in powder form",4,FALSE,C00,TOTAL CPC,0,0,TOTAL MOT,8,kg,0,TRUE,-1,N/A,,FALSE,,TRUE,,FALSE,,70,70,6,TRUE,FALSE,HS_7108
C,A,20060101,2006,52,2006,152,CHL,Chile,X,Export,0,W00,World,0,W00,World,H2,HS,TRUE,7108,"Gold (including gold plated with platinum) unwrought or in semi-manufactured forms, or in powder form",4,FALSE,C00,TOTAL CPC,0,0,TOTAL MOT,8,kg,27810.99,FALSE,8,kg,27810.99,FALSE,27810.99,FALSE,0,FALSE,0,521068415.03,521068415.03,0,FALSE,TRUE,HS_7108
C,A,20060101,2006,52,2006,170,COL,Colombia,X,Export,0,W00,World,0,W00,World,H2,HS,TRUE,7108,"Gold (including gold plated with platinum) unwrought or in semi-manufactured forms, or in powder form",4,FALSE,C00,TOTAL CPC,0,0,TOTAL MOT,8,kg,17114,FALSE,-1,N/A,,FALSE,17114,FALSE,,FALSE,,281224802,281224802,0,TRUE,FALSE,HS_7108
C,A,20060101,2006,52,2006,218,ECU,Ecuador,X,Export,0,W00,World,0,W00,World,H2,HS,TRUE,7108,"Gold (including gold plated with platinum) unwrought or in semi-manufactured forms, or in powder form",4,FALSE,C00,TOTAL CPC,0,0,TOTAL MOT,8,kg,85602,FALSE,-1,N/A,,FALSE,85602,FALSE,,FALSE,,34453348,34453348,0,TRUE,FALSE,HS_7108
C,A,20060101,2006,52,2006,348,HUN,Hungary,X,Export,0,W00,World,0,W00,World,H2,HS,TRUE,7108,"Gold (including gold plated with platinum) unwrought or in semi-manufactured forms, or in powder form",4,FALSE,C00,TOTAL CPC,0,0,TOTAL MOT,8,kg,470,TRUE,-1,N/A,,FALSE,470,TRUE,,FALSE,,7230000,7230000,6,TRUE,FALSE,HS_7108
C,A,20060101,2006,52,2006,360,IDN,Indonesia,X,Export,0,W00,World,0,W00,World,H1,HS,TRUE,7108,"Gold (including gold plated with platinum) unwrought or in semi-manufactured forms, or in powder form",4,FALSE,C00,TOTAL CPC,0,0,TOTAL MOT,8,kg,32462,FALSE,-1,N/A,,FALSE,32462,FALSE,,FALSE,,538798021,538798021,0,FALSE,FALSE,HS_7108
C,A,20060101,2006,52,2006,384,CIV,Côte d'Ivoire,X,Export,0,W00,World,0,W00,World,H2,HS,TRUE,7108,"Gold (including gold plated with platinum) unwrought or in semi-manufactured forms, or in powder form",4,FALSE,C00,TOTAL CPC,0,0,TOTAL MOT,8,kg,1452,FALSE,-1,N/A,,FALSE,1452,FALSE,,FALSE,,25415165,25415165,0,TRUE,FALSE,HS_7108
C,A,20060101,2006,52,2006,398,KAZ,Kazakhstan,X,Export,0,W00,World,0,W00,World,H2,HS,TRUE,7108,"Gold (including gold plated with platinum) unwrought or in semi-manufactured forms, or in powder form",4,FALSE,C00,TOTAL CPC,0,0,TOTAL MOT,8,kg,38662,FALSE,-1,N/A,,FALSE,38662,FALSE,,FALSE,,402902067,402902067,0,TRUE,FALSE,HS_7108
C,A,20060101,2006,52,2006,484,MEX,Mexico,X,Export,0,W00,World,0,W00,World,H2,HS,TRUE,7108,"Gold (including gold plated with platinum) unwrought or in semi-manufactured forms, or in powder form",4,FALSE,C00,TOTAL CPC,0,0,TOTAL MOT,8,kg,282607,TRUE,-1,N/A,,FALSE,282607,TRUE,,FALSE,,1037584610,1037584610,6,TRUE,FALSE,HS_7108
C,A,20060101,2006,52,2006,504,MAR,Morocco,X,Export,0,W00,World,0,W00,World,H2,HS,TRUE,7108,"Gold (including gold plated with platinum) unwrought or in semi-manufactured forms, or in powder form",4,FALSE,C00,TOTAL CPC,0,0,TOTAL MOT,8,kg,1360.392,TRUE,-1,N/A,0,FALSE,1360.392,TRUE,0,FALSE,0,20553277.517,20553277.517,6,FALSE,TRUE,HS_7108
C,A,20060101,2006,52,2006,591,PAN,Panama,X,Export,0,W00,World,0,W00,World,H2,HS,TRUE,7108,"Gold (including gold plated with platinum) unwrought or in semi-manufactured forms, or in powder form",4,FALSE,C00,TOTAL CPC,0,0,TOTAL MOT,8,kg,950,FALSE,-1,N/A,,FALSE,950,FALSE,,FALSE,,9136963,9136963,0,TRUE,FALSE,HS_7108
C,A,20060101,2006,52,2006,604,PER,Peru,X,Export,0,W00,World,0,W00,World,H2,HS,TRUE,7108,"Gold (including gold plated with platinum) unwrought or in semi-manufactured forms, or in powder form",4,FALSE,C00,TOTAL CPC,0,0,TOTAL MOT,8,kg,477117,FALSE,-1,N/A,,FALSE,477117,FALSE,,FALSE,,4002785963,4002785963,0,TRUE,FALSE,HS_7108
C,A,20060101,2006,52,2006,608,PHL,Philippines,X,Export,0,W00,World,0,W00,World,H1,HS,TRUE,7108,"Gold (including gold plated with platinum) unwrought or in semi-manufactured forms, or in powder form",4,FALSE,C00,TOTAL CPC,0,0,TOTAL MOT,8,kg,81074,FALSE,-1,N/A,,FALSE,81074,FALSE,,FALSE,,295876718,295876718,0,FALSE,FALSE,HS_7108
C,A,20060101,2006,52,2006,616,POL,Poland,X,Export,0,W00,World,0,W00,World,H2,HS,TRUE,7108,"Gold (including gold plated with platinum) unwrought or in semi-manufactured forms, or in powder form",4,FALSE,C00,TOTAL CPC,0,0,TOTAL MOT,8,kg,1456.94,FALSE,15,g,1456940,FALSE,1526.135,FALSE,0,FALSE,0,26465990,26465990,0,FALSE,TRUE,HS_7108
C,A,20060101,2006,52,2006,634,QAT,Qatar,X,Export,0,W00,World,0,W00,World,H2,HS,TRUE,7108,"Gold (including gold plated with platinum) unwrought or in semi-manufactured forms, or in powder form",4,FALSE,C00,TOTAL CPC,0,0,TOTAL MOT,8,kg,16,FALSE,-1,N/A,,FALSE,16,FALSE,,FALSE,,245102,245102,0,TRUE,FALSE,HS_7108
C,A,20060101,2006,52,2006,682,SAU,Saudi Arabia,X,Export,0,W00,World,0,W00,World,H2,HS,TRUE,7108,"Gold (including gold plated with platinum) unwrought or in semi-manufactured forms, or in powder form",4,FALSE,C00,TOTAL CPC,0,0,TOTAL MOT,8,kg,9112788,TRUE,-1,N/A,,FALSE,9112788,TRUE,,FALSE,,499242222,499242222,6,TRUE,FALSE,HS_7108
C,A,20060101,2006,52,2006,686,SEN,Senegal,X,Export,0,W00,World,0,W00,World,H2,HS,TRUE,7108,"Gold (including gold plated with platinum) unwrought or in semi-manufactured forms, or in powder form",4,FALSE,C00,TOTAL CPC,0,0,TOTAL MOT,8,kg,1324,FALSE,-1,N/A,,FALSE,1324,FALSE,,FALSE,,12484783,12484783,0,TRUE,FALSE,HS_7108
C,A,20060101,2006,52,2006,704,VNM,Viet Nam,X,Export,0,W00,World,0,W00,World,H2,HS,TRUE,7108,"Gold (including gold plated with platinum) unwrought or in semi-manufactured forms, or in powder form",4,FALSE,C00,TOTAL CPC,0,0,TOTAL MOT,8,kg,584,TRUE,-1,N/A,,FALSE,584,TRUE,,FALSE,,7215822,7215822,6,TRUE,FALSE,HS_7108
C,A,20060101,2006,52,2006,710,ZAF,South Africa,X,Export,0,W00,World,0,W00,World,H2,HS,TRUE,7108,"Gold (including gold plated with platinum) unwrought or in semi-manufactured forms, or in powder form",4,FALSE,C00,TOTAL CPC,0,0,TOTAL MOT,8,kg,1244,FALSE,-1,N/A,,FALSE,1244,FALSE,,FALSE,,19806293,19806293,0,TRUE,FALSE,HS_7108
C,A,20060101,2006,52,2006,784,ARE,United Arab Emirates,X,Export,0,W00,World,0,W00,World,H2,HS,TRUE,7108,"Gold (including gold plated with platinum) unwrought or in semi-manufactured forms, or in powder form",4,FALSE,C00,TOTAL CPC,0,0,TOTAL MOT,-1,N/A,,FALSE,-1,N/A,,FALSE,164231,FALSE,,FALSE,,3104845450,3104845450,0,TRUE,FALSE,HS_7108
C,A,20060101,2006,52,2006,792,TUR,Türkiye,X,Export,0,W00,World,0,W00,World,H2,HS,TRUE,7108,"Gold (including gold plated with platinum) unwrought or in semi-manufactured forms, or in powder form",4,FALSE,C00,TOTAL CPC,0,0,TOTAL MOT,8,kg,37643.974,FALSE,15,g,37643974,FALSE,37656,FALSE,0,FALSE,0,636645800,636645800,0,FALSE,TRUE,HS_7108
C,A,20060101,2006,52,2006,818,EGY,Egypt,X,Export,0,W00,World,0,W00,World,H0,HS,TRUE,7108,"Gold (including gold plated with platinum) unwrought or in semi-manufactured forms, or in powder form",4,FALSE,C00,TOTAL CPC,0,0,TOTAL MOT,8,kg,14650.666,TRUE,-1,N/A,0,FALSE,14650.666,TRUE,0,FALSE,0,256093649.059,256093649.059,6,FALSE,TRUE,HS_7108
C,A,20060101,2006,52,2006,858,URY,Uruguay,X,Export,0,W00,World,0,W00,World,H2,HS,TRUE,7108,"Gold (including gold plated with platinum) unwrought or in semi-manufactured forms, or in powder form",4,FALSE,C00,TOTAL CPC,0,0,TOTAL MOT,8,kg,6542,FALSE,-1,N/A,,FALSE,6542,FALSE,,FALSE,,51676870,51676870,0,TRUE,FALSE,HS_7108
C,A,20060101,2006,52,2006,894,ZMB,Zambia,X,Export,0,W00,World,0,W00,World,H2,HS,TRUE,7108,"Gold (including gold plated with platinum) unwrought or in semi-manufactured forms, or in powder form",4,FALSE,C00,TOTAL CPC,0,0,TOTAL MOT,8,kg,2097.4,FALSE,8,kg,2097.4,FALSE,2097.4,FALSE,0,FALSE,0,246724,246724,0,FALSE,TRUE,HS_7108
C,A,20060101,2006,52,2006,24,AGO,Angola,X,Export,0,W00,World,0,W00,World,H2,HS,TRUE,10,Cereals,2,FALSE,C00,TOTAL CPC,0,0,TOTAL MOT,-1,N/A,0,FALSE,-1,N/A,0,FALSE,0,FALSE,0,FALSE,,977.638,977.638,0,FALSE,TRUE,HS_10
C,A,20060101,2006,52,2006,32,ARG,Argentina,X,Export,0,W00,World,0,W00,World,H2,HS,TRUE,10,Cereals,2,FALSE,C00,TOTAL CPC,0,0,TOTAL MOT,-1,N/A,,FALSE,-1,N/A,,FALSE,,FALSE,,FALSE,,2954690356,2954690356,0,TRUE,FALSE,HS_10
C,A,20060101,2006,52,2006,48,BHR,Bahrain,X,Export,0,W00,World,0,W00,World,H2,HS,TRUE,10,Cereals,2,FALSE,C00,TOTAL CPC,0,0,TOTAL MOT,-1,N/A,,FALSE,-1,N/A,,FALSE,,FALSE,,FALSE,,85258,85258,0,TRUE,FALSE,HS_10
C,A,20060101,2006,52,2006,76,BRA,Brazil,X,Export,0,W00,World,0,W00,World,H2,HS,TRUE,10,Cereals,2,FALSE,C00,TOTAL CPC,0,0,TOTAL MOT,-1,N/A,0,FALSE,-1,N/A,0,FALSE,0,FALSE,0,FALSE,,607991093,607991093,0,FALSE,TRUE,HS_10
C,A,20060101,2006,52,2006,144,LKA,Sri Lanka,X,Export,0,W00,World,0,W00,World,H2,HS,TRUE,10,Cereals,2,FALSE,C00,TOTAL CPC,0,0,TOTAL MOT,-1,N/A,,FALSE,-1,N/A,,FALSE,,FALSE,,FALSE,,2190006,2190006,0,TRUE,FALSE,HS_10
C,A,20060101,2006,52,2006,152,CHL,Chile,X,Export,0,W00,World,0,W00,World,H2,HS,TRUE,10,Cereals,2,FALSE,C00,TOTAL CPC,0,0,TOTAL MOT,-1,N/A,0,FALSE,-1,N/A,0,FALSE,0,TRUE,0,FALSE,0,105817878.15,105817878.15,4,FALSE,TRUE,HS_10
C,A,20060101,2006,52,2006,170,COL,Colombia,X,Export,0,W00,World,0,W00,World,H2,HS,TRUE,10,Cereals,2,FALSE,C00,TOTAL CPC,0,0,TOTAL MOT,-1,N/A,,FALSE,-1,N/A,,FALSE,,FALSE,,FALSE,,4484419,4484419,0,TRUE,FALSE,HS_10
C,A,20060101,2006,52,2006,218,ECU,Ecuador,X,Export,0,W00,World,0,W00,World,H2,HS,TRUE,10,Cereals,2,FALSE,C00,TOTAL CPC,0,0,TOTAL MOT,-1,N/A,,FALSE,-1,N/A,,FALSE,,FALSE,,FALSE,,68644129,68644129,0,TRUE,FALSE,HS_10
C,A,20060101,2006,52,2006,222,SLV,El Salvador,X,Export,0,W00,World,0,W00,World,H2,HS,TRUE,10,Cereals,2,FALSE,C00,TOTAL CPC,0,0,TOTAL MOT,-1,N/A,0,FALSE,-1,N/A,0,FALSE,0,FALSE,0,FALSE,0,731278.71,731278.71,0,FALSE,TRUE,HS_10
C,A,20060101,2006,52,2006,348,HUN,Hungary,X,Export,0,W00,World,0,W00,World,H2,HS,TRUE,10,Cereals,2,FALSE,C00,TOTAL CPC,0,0,TOTAL MOT,-1,N/A,,FALSE,-1,N/A,,FALSE,,FALSE,,FALSE,,798840000,798840000,0,TRUE,FALSE,HS_10
C,A,20060101,2006,52,2006,360,IDN,Indonesia,X,Export,0,W00,World,0,W00,World,H1,HS,TRUE,10,Cereals,2,FALSE,C00,TOTAL CPC,0,0,TOTAL MOT,-1,N/A,,FALSE,-1,N/A,,FALSE,,FALSE,,FALSE,,8151942,8151942,0,FALSE,FALSE,HS_10
C,A,20060101,2006,52,2006,384,CIV,Côte d'Ivoire,X,Export,0,W00,World,0,W00,World,H2,HS,TRUE,10,Cereals,2,FALSE,C00,TOTAL CPC,0,0,TOTAL MOT,-1,N/A,,FALSE,-1,N/A,,FALSE,,FALSE,,FALSE,,2668886,2668886,0,TRUE,FALSE,HS_10
C,A,20060101,2006,52,2006,398,KAZ,Kazakhstan,X,Export,0,W00,World,0,W00,World,H2,HS,TRUE,10,Cereals,2,FALSE,C00,TOTAL CPC,0,0,TOTAL MOT,-1,N/A,,FALSE,-1,N/A,,FALSE,,FALSE,,FALSE,,568961438,568961438,0,TRUE,FALSE,HS_10
C,A,20060101,2006,52,2006,484,MEX,Mexico,X,Export,0,W00,World,0,W00,World,H2,HS,TRUE,10,Cereals,2,FALSE,C00,TOTAL CPC,0,0,TOTAL MOT,-1,N/A,,FALSE,-1,N/A,,FALSE,,FALSE,,FALSE,,121772457,121772457,0,TRUE,FALSE,HS_10
C,A,20060101,2006,52,2006,504,MAR,Morocco,X,Export,0,W00,World,0,W00,World,H2,HS,TRUE,10,Cereals,2,FALSE,C00,TOTAL CPC,0,0,TOTAL MOT,-1,N/A,0,FALSE,-1,N/A,0,FALSE,0,FALSE,0,FALSE,0,47955.08,47955.08,0,FALSE,TRUE,HS_10
C,A,20060101,2006,52,2006,586,PAK,Pakistan,X,Export,0,W00,World,0,W00,World,H2,HS,TRUE,10,Cereals,2,FALSE,C00,TOTAL CPC,0,0,TOTAL MOT,-1,N/A,,FALSE,-1,N/A,,FALSE,,FALSE,,FALSE,,1152338000,1152338000,0,TRUE,FALSE,HS_10
C,A,20060101,2006,52,2006,591,PAN,Panama,X,Export,0,W00,World,0,W00,World,H2,HS,TRUE,10,Cereals,2,FALSE,C00,TOTAL CPC,0,0,TOTAL MOT,-1,N/A,,FALSE,-1,N/A,,FALSE,,FALSE,,FALSE,,77541,77541,0,TRUE,FALSE,HS_10
C,A,20060101,2006,52,2006,604,PER,Peru,X,Export,0,W00,World,0,W00,World,H2,HS,TRUE,10,Cereals,2,FALSE,C00,TOTAL CPC,0,0,TOTAL MOT,-1,N/A,,FALSE,-1,N/A,,FALSE,,FALSE,,FALSE,,10092510,10092510,0,TRUE,FALSE,HS_10
C,A,20060101,2006,52,2006,608,PHL,Philippines,X,Export,0,W00,World,0,W00,World,H1,HS,TRUE,10,Cereals,2,FALSE,C00,TOTAL CPC,0,0,TOTAL MOT,-1,N/A,,FALSE,-1,N/A,,FALSE,,FALSE,,FALSE,,237097601,237097601,0,FALSE,FALSE,HS_10
C,A,20060101,2006,52,2006,616,POL,Poland,X,Export,0,W00,World,0,W00,World,H2,HS,TRUE,10,Cereals,2,FALSE,C00,TOTAL CPC,0,0,TOTAL MOT,-1,N/A,0,FALSE,-1,N/A,0,FALSE,0,TRUE,0,FALSE,0,192938276,192938276,4,FALSE,TRUE,HS_10
C,A,20060101,2006,52,2006,634,QAT,Qatar,X,Export,0,W00,World,0,W00,World,H2,HS,TRUE,10,Cereals,2,FALSE,C00,TOTAL CPC,0,0,TOTAL MOT,-1,N/A,,FALSE,-1,N/A,,FALSE,,FALSE,,FALSE,,326041,326041,0,TRUE,FALSE,HS_10
C,A,20060101,2006,52,2006,642,ROU,Romania,X,Export,0,W00,World,0,W00,World,H2,HS,TRUE,10,Cereals,2,FALSE,C00,TOTAL CPC,0,0,TOTAL MOT,-1,N/A,0,FALSE,-1,N/A,0,FALSE,0,FALSE,0,FALSE,0,184081355.63,184081355.63,0,FALSE,TRUE,HS_10
C,A,20060101,2006,52,2006,682,SAU,Saudi Arabia,X,Export,0,W00,World,0,W00,World,H2,HS,TRUE,10,Cereals,2,FALSE,C00,TOTAL CPC,0,0,TOTAL MOT,-1,N/A,,FALSE,-1,N/A,,FALSE,,FALSE,,FALSE,,9912428,9912428,0,TRUE,FALSE,HS_10
C,A,20060101,2006,52,2006,686,SEN,Senegal,X,Export,0,W00,World,0,W00,World,H2,HS,TRUE,10,Cereals,2,FALSE,C00,TOTAL CPC,0,0,TOTAL MOT,-1,N/A,,FALSE,-1,N/A,,FALSE,,FALSE,,FALSE,,29640735,29640735,0,TRUE,FALSE,HS_10
C,A,20060101,2006,52,2006,704,VNM,Viet Nam,X,Export,0,W00,World,0,W00,World,H2,HS,TRUE,10,Cereals,2,FALSE,C00,TOTAL CPC,0,0,TOTAL MOT,-1,N/A,,FALSE,-1,N/A,,FALSE,,FALSE,,FALSE,,1277983038,1277983038,0,TRUE,FALSE,HS_10
C,A,20060101,2006,52,2006,710,ZAF,South Africa,X,Export,0,W00,World,0,W00,World,H2,HS,TRUE,10,Cereals,2,FALSE,C00,TOTAL CPC,0,0,TOTAL MOT,-1,N/A,,FALSE,-1,N/A,,FALSE,,FALSE,,FALSE,,157873942,157873942,0,TRUE,FALSE,HS_10
C,A,20060101,2006,52,2006,784,ARE,United Arab Emirates,X,Export,0,W00,World,0,W00,World,H2,HS,TRUE,10,Cereals,2,FALSE,C00,TOTAL CPC,0,0,TOTAL MOT,-1,N/A,,FALSE,-1,N/A,,FALSE,,FALSE,,FALSE,,129086314,129086314,0,TRUE,FALSE,HS_10
C,A,20060101,2006,52,2006,792,TUR,Türkiye,X,Export,0,W00,World,0,W00,World,H2,HS,TRUE,10,Cereals,2,FALSE,C00,TOTAL CPC,0,0,TOTAL MOT,-1,N/A,0,FALSE,-1,N/A,0,FALSE,0,FALSE,0,FALSE,0,200962994,200962994,0,FALSE,TRUE,HS_10
C,A,20060101,2006,52,2006,818,EGY,Egypt,X,Export,0,W00,World,0,W00,World,H0,HS,TRUE,10,Cereals,2,FALSE,C00,TOTAL CPC,0,0,TOTAL MOT,-1,N/A,0,FALSE,-1,N/A,0,FALSE,0,TRUE,0,FALSE,0,306997945.539,306997945.539,4,FALSE,TRUE,HS_10
C,A,20060101,2006,52,2006,858,URY,Uruguay,X,Export,0,W00,World,0,W00,World,H2,HS,TRUE,10,Cereals,2,FALSE,C00,TOTAL CPC,0,0,TOTAL MOT,-1,N/A,,FALSE,-1,N/A,,FALSE,,FALSE,,FALSE,,238325748,238325748,0,TRUE,FALSE,HS_10
C,A,20060101,2006,52,2006,894,ZMB,Zambia,X,Export,0,W00,World,0,W00,World,H2,HS,TRUE,10,Cereals,2,FALSE,C00,TOTAL CPC,0,0,TOTAL MOT,-1,N/A,0,FALSE,-1,N/A,0,FALSE,0,FALSE,0,FALSE,0,13338938,13338938,0,FALSE,TRUE,HS_10
C,A,20060101,2006,52,2006,32,ARG,Argentina,X,Export,0,W00,World,0,W00,World,H2,HS,TRUE,1001,Wheat and meslin,4,FALSE,C00,TOTAL CPC,0,0,TOTAL MOT,8,kg,9697767957,FALSE,-1,N/A,,FALSE,9697767957,FALSE,,FALSE,,1472080853,1472080853,0,TRUE,FALSE,HS_1001
C,A,20060101,2006,52,2006,48,BHR,Bahrain,X,Export,0,W00,World,0,W00,World,H2,HS,TRUE,1001,Wheat and meslin,4,FALSE,C00,TOTAL CPC,0,0,TOTAL MOT,8,kg,9000,FALSE,-1,N/A,,FALSE,9000,FALSE,,FALSE,,5963,5963,0,TRUE,FALSE,HS_1001
C,A,20060101,2006,52,2006,76,BRA,Brazil,X,Export,0,W00,World,0,W00,World,H2,HS,TRUE,1001,Wheat and meslin,4,FALSE,C00,TOTAL CPC,0,0,TOTAL MOT,-1,N/A,0,FALSE,8,kg,333680614,FALSE,651619687,FALSE,0,FALSE,,64387612,64387612,0,FALSE,TRUE,HS_1001
C,A,20060101,2006,52,2006,144,LKA,Sri Lanka,X,Export,0,W00,World,0,W00,World,H2,HS,TRUE,1001,Wheat and meslin,4,FALSE,C00,TOTAL CPC,0,0,TOTAL MOT,8,kg,688762,FALSE,-1,N/A,,FALSE,688762,FALSE,,FALSE,,157231,157231,0,TRUE,FALSE,HS_1001
C,A,20060101,2006,52,2006,152,CHL,Chile,X,Export,0,W00,World,0,W00,World,H2,HS,TRUE,1001,Wheat and meslin,4,FALSE,C00,TOTAL CPC,0,0,TOTAL MOT,-1,N/A,0,FALSE,-1,N/A,0,FALSE,0,FALSE,0,FALSE,0,33685.51,33685.51,0,FALSE,TRUE,HS_1001
C,A,20060101,2006,52,2006,218,ECU,Ecuador,X,Export,0,W00,World,0,W00,World,H2,HS,TRUE,1001,Wheat and meslin,4,FALSE,C00,TOTAL CPC,0,0,TOTAL MOT,8,kg,225,FALSE,-1,N/A,,FALSE,225,FALSE,,FALSE,,1956,1956,0,TRUE,FALSE,HS_1001
C,A,20060101,2006,52,2006,222,SLV,El Salvador,X,Export,0,W00,World,0,W00,World,H2,HS,TRUE,1001,Wheat and meslin,4,FALSE,C00,TOTAL CPC,0,0,TOTAL MOT,-1,N/A,0,FALSE,-1,N/A,0,FALSE,0,FALSE,0,FALSE,0,121481.06,121481.06,0,FALSE,TRUE,HS_1001
C,A,20060101,2006,52,2006,348,HUN,Hungary,X,Export,0,W00,World,0,W00,World,H2,HS,TRUE,1001,Wheat and meslin,4,FALSE,C00,TOTAL CPC,0,0,TOTAL MOT,8,kg,2292943500,FALSE,-1,N/A,,FALSE,2292943500,FALSE,,FALSE,,319470000,319470000,0,TRUE,FALSE,HS_1001
C,A,20060101,2006,52,2006,360,IDN,Indonesia,X,Export,0,W00,World,0,W00,World,H1,HS,TRUE,1001,Wheat and meslin,4,FALSE,C00,TOTAL CPC,0,0,TOTAL MOT,8,kg,16106322,FALSE,-1,N/A,,FALSE,16106322,FALSE,,FALSE,,3286652,3286652,0,FALSE,FALSE,HS_1001
C,A,20060101,2006,52,2006,398,KAZ,Kazakhstan,X,Export,0,W00,World,0,W00,World,H2,HS,TRUE,1001,Wheat and meslin,4,FALSE,C00,TOTAL CPC,0,0,TOTAL MOT,8,kg,4194801577,FALSE,-1,N/A,,FALSE,4194801577,FALSE,,FALSE,,522754712,522754712,0,TRUE,FALSE,HS_1001
C,A,20060101,2006,52,2006,484,MEX,Mexico,X,Export,0,W00,World,0,W00,World,H2,HS,TRUE,1001,Wheat and meslin,4,FALSE,C00,TOTAL CPC,0,0,TOTAL MOT,8,kg,536372443,FALSE,-1,N/A,,FALSE,536372443,FALSE,,FALSE,,82699983,82699983,0,TRUE,FALSE,HS_1001
C,A,20060101,2006,52,2006,504,MAR,Morocco,X,Export,0,W00,World,0,W00,World,H2,HS,TRUE,1001,Wheat and meslin,4,FALSE,C00,TOTAL CPC,0,0,TOTAL MOT,8,kg,18,FALSE,8,kg,18,FALSE,18,FALSE,0,FALSE,0,12.62,12.62,0,FALSE,TRUE,HS_1001
C,A,20060101,2006,52,2006,591,PAN,Panama,X,Export,0,W00,World,0,W00,World,H2,HS,TRUE,1001,Wheat and meslin,4,FALSE,C00,TOTAL CPC,0,0,TOTAL MOT,8,kg,50,FALSE,-1,N/A,,FALSE,50,FALSE,,FALSE,,180,180,0,TRUE,FALSE,HS_1001
C,A,20060101,2006,52,2006,604,PER,Peru,X,Export,0,W00,World,0,W00,World,H2,HS,TRUE,1001,Wheat and meslin,4,FALSE,C00,TOTAL CPC,0,0,TOTAL MOT,8,kg,51169,FALSE,-1,N/A,,FALSE,51169,FALSE,,FALSE,,55701,55701,0,TRUE,FALSE,HS_1001
C,A,20060101,2006,52,2006,616,POL,Poland,X,Export,0,W00,World,0,W00,World,H2,HS,TRUE,1001,Wheat and meslin,4,FALSE,C00,TOTAL CPC,0,0,TOTAL MOT,8,kg,660991230,FALSE,8,kg,660991230,FALSE,660991230,FALSE,0,FALSE,0,106092395,106092395,0,FALSE,TRUE,HS_1001
C,A,20060101,2006,52,2006,634,QAT,Qatar,X,Export,0,W00,World,0,W00,World,H2,HS,TRUE,1001,Wheat and meslin,4,FALSE,C00,TOTAL CPC,0,0,TOTAL MOT,8,kg,30000,FALSE,-1,N/A,,FALSE,30000,FALSE,,FALSE,,14939,14939,0,TRUE,FALSE,HS_1001
C,A,20060101,2006,52,2006,642,ROU,Romania,X,Export,0,W00,World,0,W00,World,H2,HS,TRUE,1001,Wheat and meslin,4,FALSE,C00,TOTAL CPC,0,0,TOTAL MOT,8,kg,904702286,FALSE,8,kg,904702286,FALSE,904702286,FALSE,0,FALSE,0,120221053.28,120221053.28,0,FALSE,TRUE,HS_1001
C,A,20060101,2006,52,2006,686,SEN,Senegal,X,Export,0,W00,World,0,W00,World,H2,HS,TRUE,1001,Wheat and meslin,4,FALSE,C00,TOTAL CPC,0,0,TOTAL MOT,8,kg,232825,FALSE,-1,N/A,,FALSE,232825,FALSE,,FALSE,,61060,61060,0,TRUE,FALSE,HS_1001
C,A,20060101,2006,52,2006,704,VNM,Viet Nam,X,Export,0,W00,World,0,W00,World,H2,HS,TRUE,1001,Wheat and meslin,4,FALSE,C00,TOTAL CPC,0,0,TOTAL MOT,8,kg,765813,TRUE,-1,N/A,,FALSE,765813,TRUE,,FALSE,,152937,152937,6,TRUE,FALSE,HS_1001
C,A,20060101,2006,52,2006,710,ZAF,South Africa,X,Export,0,W00,World,0,W00,World,H2,HS,TRUE,1001,Wheat and meslin,4,FALSE,C00,TOTAL CPC,0,0,TOTAL MOT,8,kg,18901558,TRUE,-1,N/A,,FALSE,18901558,TRUE,,FALSE,,3648820,3648820,6,TRUE,FALSE,HS_1001
C,A,20060101,2006,52,2006,784,ARE,United Arab Emirates,X,Export,0,W00,World,0,W00,World,H2,HS,TRUE,1001,Wheat and meslin,4,FALSE,C00,TOTAL CPC,0,0,TOTAL MOT,-1,N/A,,FALSE,-1,N/A,,FALSE,14430927,FALSE,,FALSE,,2000886,2000886,0,TRUE,FALSE,HS_1001
C,A,20060101,2006,52,2006,792,TUR,Türkiye,X,Export,0,W00,World,0,W00,World,H2,HS,TRUE,1001,Wheat and meslin,4,FALSE,C00,TOTAL CPC,0,0,TOTAL MOT,8,kg,685673227,FALSE,8,kg,685673227,FALSE,685673227,FALSE,0,FALSE,0,100853259,100853259,0,FALSE,TRUE,HS_1001
C,A,20060101,2006,52,2006,818,EGY,Egypt,X,Export,0,W00,World,0,W00,World,H0,HS,TRUE,1001,Wheat and meslin,4,FALSE,C00,TOTAL CPC,0,0,TOTAL MOT,8,kg,620062.764,TRUE,-1,N/A,0,FALSE,620062.764,TRUE,0,FALSE,0,110407.013,110407.013,6,FALSE,TRUE,HS_1001
C,A,20060101,2006,52,2006,858,URY,Uruguay,X,Export,0,W00,World,0,W00,World,H2,HS,TRUE,1001,Wheat and meslin,4,FALSE,C00,TOTAL CPC,0,0,TOTAL MOT,8,kg,97020082,FALSE,-1,N/A,,FALSE,97020082,FALSE,,FALSE,,15932591,15932591,0,TRUE,FALSE,HS_1001
C,A,20060101,2006,52,2006,894,ZMB,Zambia,X,Export,0,W00,World,0,W00,World,H2,HS,TRUE,1001,Wheat and meslin,4,FALSE,C00,TOTAL CPC,0,0,TOTAL MOT,8,kg,20000,FALSE,8,kg,20000,FALSE,20000,FALSE,0,FALSE,0,8129,8129,0,FALSE,TRUE,HS_1001
C,A,20060101,2006,52,2006,32,ARG,Argentina,X,Export,0,W00,World,0,W00,World,H2,HS,TRUE,1005,Maize (corn),4,FALSE,C00,TOTAL CPC,0,0,TOTAL MOT,8,kg,10400315172,FALSE,-1,N/A,,FALSE,10400315172,FALSE,,FALSE,,1263925427,1263925427,0,TRUE,FALSE,HS_1005
C,A,20060101,2006,52,2006,48,BHR,Bahrain,X,Export,0,W00,World,0,W00,World,H2,HS,TRUE,1005,Maize (corn),4,FALSE,C00,TOTAL CPC,0,0,TOTAL MOT,8,kg,12000,FALSE,-1,N/A,,FALSE,12000,FALSE,,FALSE,,7979,7979,0,TRUE,FALSE,HS_1005
C,A,20060101,2006,52,2006,76,BRA,Brazil,X,Export,0,W00,World,0,W00,World,H2,HS,TRUE,1005,Maize (corn),4,FALSE,C00,TOTAL CPC,0,0,TOTAL MOT,-1,N/A,0,FALSE,8,kg,2515407742,FALSE,3938000776,FALSE,0,FALSE,,481893916,481893916,0,FALSE,TRUE,HS_1005
C,A,20060101,2006,52,2006,144,LKA,Sri Lanka,X,Export,0,W00,World,0,W00,World,H2,HS,TRUE,1005,Maize (corn),4,FALSE,C00,TOTAL CPC,0,0,TOTAL MOT,8,kg,699,FALSE,-1,N/A,,FALSE,699,FALSE,,FALSE,,1041,1041,0,TRUE,FALSE,HS_1005
C,A,20060101,2006,52,2006,152,CHL,Chile,X,Export,0,W00,World,0,W00,World,H2,HS,TRUE,1005,Maize (corn),4,FALSE,C00,TOTAL CPC,0,0,TOTAL MOT,8,kg,71933847.3,FALSE,8,kg,71933847.3,FALSE,71933847.3,FALSE,0,FALSE,0,100590680.87,100590680.87,0,FALSE,TRUE,HS_1005
C,A,20060101,2006,52,2006,170,COL,Colombia,X,Export,0,W00,World,0,W00,World,H2,HS,TRUE,1005,Maize (corn),4,FALSE,C00,TOTAL CPC,0,0,TOTAL MOT,8,kg,2869972,FALSE,-1,N/A,,FALSE,2869972,FALSE,,FALSE,,4397877,4397877,0,TRUE,FALSE,HS_1005
C,A,20060101,2006,52,2006,218,ECU,Ecuador,X,Export,0,W00,World,0,W00,World,H2,HS,TRUE,1005,Maize (corn),4,FALSE,C00,TOTAL CPC,0,0,TOTAL MOT,8,kg,39630463,FALSE,-1,N/A,,FALSE,39630463,FALSE,,FALSE,,5863109,5863109,0,TRUE,FALSE,HS_1005
C,A,20060101,2006,52,2006,222,SLV,El Salvador,X,Export,0,W00,World,0,W00,World,H2,HS,TRUE,1005,Maize (corn),4,FALSE,C00,TOTAL CPC,0,0,TOTAL MOT,8,kg,573607.72,FALSE,8,kg,573607.72,FALSE,573607.72,FALSE,0,FALSE,0,87807.49,87807.49,0,FALSE,TRUE,HS_1005
C,A,20060101,2006,52,2006,348,HUN,Hungary,X,Export,0,W00,World,0,W00,World,H2,HS,TRUE,1005,Maize (corn),4,FALSE,C00,TOTAL CPC,0,0,TOTAL MOT,8,kg,2381584800,FALSE,-1,N/A,,FALSE,2381584800,FALSE,,FALSE,,400652000,400652000,0,TRUE,FALSE,HS_1005
C,A,20060101,2006,52,2006,360,IDN,Indonesia,X,Export,0,W00,World,0,W00,World,H1,HS,TRUE,1005,Maize (corn),4,FALSE,C00,TOTAL CPC,0,0,TOTAL MOT,8,kg,28073845,FALSE,-1,N/A,,FALSE,28073845,FALSE,,FALSE,,4305603,4305603,0,FALSE,FALSE,HS_1005
C,A,20060101,2006,52,2006,384,CIV,Côte d'Ivoire,X,Export,0,W00,World,0,W00,World,H2,HS,TRUE,1005,Maize (corn),4,FALSE,C00,TOTAL CPC,0,0,TOTAL MOT,8,kg,254158,FALSE,-1,N/A,,FALSE,254158,FALSE,,FALSE,,47768,47768,0,TRUE,FALSE,HS_1005
C,A,20060101,2006,52,2006,398,KAZ,Kazakhstan,X,Export,0,W00,World,0,W00,World,H2,HS,TRUE,1005,Maize (corn),4,FALSE,C00,TOTAL CPC,0,0,TOTAL MOT,8,kg,13391260,FALSE,-1,N/A,,FALSE,13391260,FALSE,,FALSE,,1795406,1795406,0,TRUE,FALSE,HS_1005
C,A,20060101,2006,52,2006,484,MEX,Mexico,X,Export,0,W00,World,0,W00,World,H2,HS,TRUE,1005,Maize (corn),4,FALSE,C00,TOTAL CPC,0,0,TOTAL MOT,8,kg,183786978,FALSE,-1,N/A,,FALSE,183786978,FALSE,,FALSE,,37238884,37238884,0,TRUE,FALSE,HS_1005
C,A,20060101,2006,52,2006,504,MAR,Morocco,X,Export,0,W00,World,0,W00,World,H2,HS,TRUE,1005,Maize (corn),4,FALSE,C00,TOTAL CPC,0,0,TOTAL MOT,8,kg,19975,FALSE,8,kg,19975,FALSE,19975,FALSE,0,FALSE,0,47690.629,47690.629,0,FALSE,TRUE,HS_1005
C,A,20060101,2006,52,2006,586,PAK,Pakistan,X,Export,0,W00,World,0,W00,World,H2,HS,TRUE,1005,Maize (corn),4,FALSE,C00,TOTAL CPC,0,0,TOTAL MOT,8,kg,494000,FALSE,-1,N/A,,FALSE,494000,FALSE,,FALSE,,290496,290496,0,TRUE,FALSE,HS_1005
C,A,20060101,2006,52,2006,604,PER,Peru,X,Export,0,W00,World,0,W00,World,H2,HS,TRUE,1005,Maize (corn),4,FALSE,C00,TOTAL CPC,0,0,TOTAL MOT,8,kg,6314053,FALSE,-1,N/A,,FALSE,6314053,FALSE,,FALSE,,6851700,6851700,0,TRUE,FALSE,HS_1005
C,A,20060101,2006,52,2006,608,PHL,Philippines,X,Export,0,W00,World,0,W00,World,H1,HS,TRUE,1005,Maize (corn),4,FALSE,C00,TOTAL CPC,0,0,TOTAL MOT,8,kg,616821,FALSE,-1,N/A,,FALSE,616821,FALSE,,FALSE,,613428,613428,0,FALSE,FALSE,HS_1005
C,A,20060101,2006,52,2006,616,POL,Poland,X,Export,0,W00,World,0,W00,World,H2,HS,TRUE,1005,Maize (corn),4,FALSE,C00,TOTAL CPC,0,0,TOTAL MOT,8,kg,268030435,FALSE,8,kg,268030435,FALSE,268030435,FALSE,0,FALSE,0,37528861,37528861,0,FALSE,TRUE,HS_1005
C,A,20060101,2006,52,2006,634,QAT,Qatar,X,Export,0,W00,World,0,W00,World,H2,HS,TRUE,1005,Maize (corn),4,FALSE,C00,TOTAL CPC,0,0,TOTAL MOT,8,kg,113645,FALSE,-1,N/A,,FALSE,113645,FALSE,,FALSE,,51728,51728,0,TRUE,FALSE,HS_1005
C,A,20060101,2006,52,2006,642,ROU,Romania,X,Export,0,W00,World,0,W00,World,H2,HS,TRUE,1005,Maize (corn),4,FALSE,C00,TOTAL CPC,0,0,TOTAL MOT,8,kg,241160075.45,FALSE,8,kg,241160075.45,FALSE,241160075.45,FALSE,0,FALSE,0,48095796.65,48095796.65,0,FALSE,TRUE,HS_1005
C,A,20060101,2006,52,2006,682,SAU,Saudi Arabia,X,Export,0,W00,World,0,W00,World,H2,HS,TRUE,1005,Maize (corn),4,FALSE,C00,TOTAL CPC,0,0,TOTAL MOT,8,kg,1680000,FALSE,-1,N/A,,FALSE,1680000,FALSE,,FALSE,,1630709,1630709,0,TRUE,FALSE,HS_1005
C,A,20060101,2006,52,2006,686,SEN,Senegal,X,Export,0,W00,World,0,W00,World,H2,HS,TRUE,1005,Maize (corn),4,FALSE,C00,TOTAL CPC,0,0,TOTAL MOT,8,kg,4723,FALSE,-1,N/A,,FALSE,4723,FALSE,,FALSE,,4972,4972,0,TRUE,FALSE,HS_1005
C,A,20060101,2006,52,2006,704,VNM,Viet Nam,X,Export,0,W00,World,0,W00,World,H2,HS,TRUE,1005,Maize (corn),4,FALSE,C00,TOTAL CPC,0,0,TOTAL MOT,8,kg,2289200,TRUE,-1,N/A,,FALSE,2289200,TRUE,,FALSE,,845736,845736,6,TRUE,FALSE,HS_1005
C,A,20060101,2006,52,2006,710,ZAF,South Africa,X,Export,0,W00,World,0,W00,World,H2,HS,TRUE,1005,Maize (corn),4,FALSE,C00,TOTAL CPC,0,0,TOTAL MOT,8,kg,628092436,TRUE,-1,N/A,,FALSE,628092436,TRUE,,FALSE,,141621282,141621282,6,TRUE,FALSE,HS_1005
C,A,20060101,2006,52,2006,784,ARE,United Arab Emirates,X,Export,0,W00,World,0,W00,World,H2,HS,TRUE,1005,Maize (corn),4,FALSE,C00,TOTAL CPC,0,0,TOTAL MOT,-1,N/A,,FALSE,-1,N/A,,FALSE,12183479,FALSE,,FALSE,,4615046,4615046,0,TRUE,FALSE,HS_1005
C,A,20060101,2006,52,2006,792,TUR,Türkiye,X,Export,0,W00,World,0,W00,World,H2,HS,TRUE,1005,Maize (corn),4,FALSE,C00,TOTAL CPC,0,0,TOTAL MOT,8,kg,192950228,FALSE,8,kg,192950228,FALSE,192950228,FALSE,0,FALSE,0,35950660,35950660,0,FALSE,TRUE,HS_1005
C,A,20060101,2006,52,2006,818,EGY,Egypt,X,Export,0,W00,World,0,W00,World,H0,HS,TRUE,1005,Maize (corn),4,FALSE,C00,TOTAL CPC,0,0,TOTAL MOT,8,kg,8244856.635,TRUE,-1,N/A,0,FALSE,8244856.635,TRUE,0,FALSE,0,2309864.227,2309864.227,6,FALSE,TRUE,HS_1005
C,A,20060101,2006,52,2006,858,URY,Uruguay,X,Export,0,W00,World,0,W00,World,H2,HS,TRUE,1005,Maize (corn),4,FALSE,C00,TOTAL CPC,0,0,TOTAL MOT,8,kg,27487,FALSE,-1,N/A,,FALSE,27487,FALSE,,FALSE,,138382,138382,0,TRUE,FALSE,HS_1005
C,A,20060101,2006,52,2006,894,ZMB,Zambia,X,Export,0,W00,World,0,W00,World,H2,HS,TRUE,1005,Maize (corn),4,FALSE,C00,TOTAL CPC,0,0,TOTAL MOT,8,kg,25334460,FALSE,8,kg,25334460,FALSE,25334460,FALSE,0,FALSE,0,12924170,12924170,0,FALSE,TRUE,HS_1005
C,A,20060101,2006,52,2006,24,AGO,Angola,X,Export,0,W00,World,0,W00,World,H2,HS,TRUE,12,"Oil seeds and oleaginous fruits; miscellaneous grains, seeds and fruit, industrial or medicinal plants; straw and fodder",2,FALSE,C00,TOTAL CPC,0,0,TOTAL MOT,-1,N/A,0,FALSE,-1,N/A,0,FALSE,0,FALSE,0,FALSE,,3007.713,3007.713,0,FALSE,TRUE,HS_12
C,A,20060101,2006,52,2006,32,ARG,Argentina,X,Export,0,W00,World,0,W00,World,H2,HS,TRUE,12,"Oil seeds and oleaginous fruits; miscellaneous grains, seeds and fruit, industrial or medicinal plants; straw and fodder",2,FALSE,C00,TOTAL CPC,0,0,TOTAL MOT,-1,N/A,,FALSE,-1,N/A,,FALSE,,FALSE,,FALSE,,1960617069,1960617069,0,TRUE,FALSE,HS_12
C,A,20060101,2006,52,2006,48,BHR,Bahrain,X,Export,0,W00,World,0,W00,World,H2,HS,TRUE,12,"Oil seeds and oleaginous fruits; miscellaneous grains, seeds and fruit, industrial or medicinal plants; straw and fodder",2,FALSE,C00,TOTAL CPC,0,0,TOTAL MOT,-1,N/A,,FALSE,-1,N/A,,FALSE,,FALSE,,FALSE,,140619,140619,0,TRUE,FALSE,HS_12
C,A,20060101,2006,52,2006,76,BRA,Brazil,X,Export,0,W00,World,0,W00,World,H2,HS,TRUE,12,"Oil seeds and oleaginous fruits; miscellaneous grains, seeds and fruit, industrial or medicinal plants; straw and fodder",2,FALSE,C00,TOTAL CPC,0,0,TOTAL MOT,-1,N/A,0,FALSE,-1,N/A,0,FALSE,0,TRUE,0,FALSE,,5737474920,5737474920,4,FALSE,TRUE,HS_12
C,A,20060101,2006,52,2006,144,LKA,Sri Lanka,X,Export,0,W00,World,0,W00,World,H2,HS,TRUE,12,"Oil seeds and oleaginous fruits; miscellaneous grains, seeds and fruit, industrial or medicinal plants; straw and fodder",2,FALSE,C00,TOTAL CPC,0,0,TOTAL MOT,-1,N/A,,FALSE,-1,N/A,,FALSE,,FALSE,,FALSE,,15315276,15315276,0,TRUE,FALSE,HS_12
C,A,20060101,2006,52,2006,152,CHL,Chile,X,Export,0,W00,World,0,W00,World,H2,HS,TRUE,12,"Oil seeds and oleaginous fruits; miscellaneous grains, seeds and fruit, industrial or medicinal plants; straw and fodder",2,FALSE,C00,TOTAL CPC,0,0,TOTAL MOT,-1,N/A,0,FALSE,-1,N/A,0,FALSE,0,TRUE,0,FALSE,0,159693628.27,159693628.27,4,FALSE,TRUE,HS_12
C,A,20060101,2006,52,2006,170,COL,Colombia,X,Export,0,W00,World,0,W00,World,H2,HS,TRUE,12,"Oil seeds and oleaginous fruits; miscellaneous grains, seeds and fruit, industrial or medicinal plants; straw and fodder",2,FALSE,C00,TOTAL CPC,0,0,TOTAL MOT,-1,N/A,,FALSE,-1,N/A,,FALSE,,FALSE,,FALSE,,10634835,10634835,0,TRUE,FALSE,HS_12
C,A,20060101,2006,52,2006,218,ECU,Ecuador,X,Export,0,W00,World,0,W00,World,H2,HS,TRUE,12,"Oil seeds and oleaginous fruits; miscellaneous grains, seeds and fruit, industrial or medicinal plants; straw and fodder",2,FALSE,C00,TOTAL CPC,0,0,TOTAL MOT,-1,N/A,,FALSE,-1,N/A,,FALSE,,FALSE,,FALSE,,1676448,1676448,0,TRUE,FALSE,HS_12
C,A,20060101,2006,52,2006,222,SLV,El Salvador,X,Export,0,W00,World,0,W00,World,H2,HS,TRUE,12,"Oil seeds and oleaginous fruits; miscellaneous grains, seeds and fruit, industrial or medicinal plants; straw and fodder",2,FALSE,C00,TOTAL CPC,0,0,TOTAL MOT,-1,N/A,0,FALSE,-1,N/A,0,FALSE,0,FALSE,0,FALSE,0,998132.24,998132.24,0,FALSE,TRUE,HS_12
C,A,20060101,2006,52,2006,348,HUN,Hungary,X,Export,0,W00,World,0,W00,World,H2,HS,TRUE,12,"Oil seeds and oleaginous fruits; miscellaneous grains, seeds and fruit, industrial or medicinal plants; straw and fodder",2,FALSE,C00,TOTAL CPC,0,0,TOTAL MOT,-1,N/A,,FALSE,-1,N/A,,FALSE,,FALSE,,FALSE,,266356000,266356000,0,TRUE,FALSE,HS_12
C,A,20060101,2006,52,2006,360,IDN,Indonesia,X,Export,0,W00,World,0,W00,World,H1,HS,TRUE,12,"Oil seeds and oleaginous fruits; miscellaneous grains, seeds and fruit, industrial or medicinal plants; straw and fodder",2,FALSE,C00,TOTAL CPC,0,0,TOTAL MOT,-1,N/A,,FALSE,-1,N/A,,FALSE,,FALSE,,FALSE,,102297919,102297919,0,FALSE,FALSE,HS_12
C,A,20060101,2006,52,2006,384,CIV,Côte d'Ivoire,X,Export,0,W00,World,0,W00,World,H2,HS,TRUE,12,"Oil seeds and oleaginous fruits; miscellaneous grains, seeds and fruit, industrial or medicinal plants; straw and fodder",2,FALSE,C00,TOTAL CPC,0,0,TOTAL MOT,-1,N/A,,FALSE,-1,N/A,,FALSE,,FALSE,,FALSE,,13249635,13249635,0,TRUE,FALSE,HS_12
C,A,20060101,2006,52,2006,398,KAZ,Kazakhstan,X,Export,0,W00,World,0,W00,World,H2,HS,TRUE,12,"Oil seeds and oleaginous fruits; miscellaneous grains, seeds and fruit, industrial or medicinal plants; straw and fodder",2,FALSE,C00,TOTAL CPC,0,0,TOTAL MOT,-1,N/A,,FALSE,-1,N/A,,FALSE,,FALSE,,FALSE,,8807584,8807584,0,TRUE,FALSE,HS_12
C,A,20060101,2006,52,2006,484,MEX,Mexico,X,Export,0,W00,World,0,W00,World,H2,HS,TRUE,12,"Oil seeds and oleaginous fruits; miscellaneous grains, seeds and fruit, industrial or medicinal plants; straw and fodder",2,FALSE,C00,TOTAL CPC,0,0,TOTAL MOT,-1,N/A,,FALSE,-1,N/A,,FALSE,,FALSE,,FALSE,,79191623,79191623,0,TRUE,FALSE,HS_12
C,A,20060101,2006,52,2006,504,MAR,Morocco,X,Export,0,W00,World,0,W00,World,H2,HS,TRUE,12,"Oil seeds and oleaginous fruits; miscellaneous grains, seeds and fruit, industrial or medicinal plants; straw and fodder",2,FALSE,C00,TOTAL CPC,0,0,TOTAL MOT,-1,N/A,0,FALSE,-1,N/A,0,FALSE,0,TRUE,0,FALSE,0,80578807.121,80578807.121,4,FALSE,TRUE,HS_12
C,A,20060101,2006,52,2006,566,NGA,Nigeria,X,Export,0,W00,World,0,W00,World,H2,HS,TRUE,12,"Oil seeds and oleaginous fruits; miscellaneous grains, seeds and fruit, industrial or medicinal plants; straw and fodder",2,FALSE,C00,TOTAL CPC,0,0,TOTAL MOT,-1,N/A,,FALSE,-1,N/A,,FALSE,,FALSE,,FALSE,,3108370,3108370,0,TRUE,FALSE,HS_12
C,A,20060101,2006,52,2006,586,PAK,Pakistan,X,Export,0,W00,World,0,W00,World,H2,HS,TRUE,12,"Oil seeds and oleaginous fruits; miscellaneous grains, seeds and fruit, industrial or medicinal plants; straw and fodder",2,FALSE,C00,TOTAL CPC,0,0,TOTAL MOT,-1,N/A,,FALSE,-1,N/A,,FALSE,,FALSE,,FALSE,,25101465,25101465,0,TRUE,FALSE,HS_12
C,A,20060101,2006,52,2006,591,PAN,Panama,X,Export,0,W00,World,0,W00,World,H2,HS,TRUE,12,"Oil seeds and oleaginous fruits; miscellaneous grains, seeds and fruit, industrial or medicinal plants; straw and fodder",2,FALSE,C00,TOTAL CPC,0,0,TOTAL MOT,-1,N/A,,FALSE,-1,N/A,,FALSE,,FALSE,,FALSE,,1765702,1765702,0,TRUE,FALSE,HS_12
C,A,20060101,2006,52,2006,604,PER,Peru,X,Export,0,W00,World,0,W00,World,H2,HS,TRUE,12,"Oil seeds and oleaginous fruits; miscellaneous grains, seeds and fruit, industrial or medicinal plants; straw and fodder",2,FALSE,C00,TOTAL CPC,0,0,TOTAL MOT,-1,N/A,,FALSE,-1,N/A,,FALSE,,FALSE,,FALSE,,19194585,19194585,0,TRUE,FALSE,HS_12
C,A,20060101,2006,52,2006,608,PHL,Philippines,X,Export,0,W00,World,0,W00,World,H1,HS,TRUE,12,"Oil seeds and oleaginous fruits; miscellaneous grains, seeds and fruit, industrial or medicinal plants; straw and fodder",2,FALSE,C00,TOTAL CPC,0,0,TOTAL MOT,-1,N/A,,FALSE,-1,N/A,,FALSE,,FALSE,,FALSE,,27275043,27275043,0,FALSE,FALSE,HS_12
C,A,20060101,2006,52,2006,616,POL,Poland,X,Export,0,W00,World,0,W00,World,H2,HS,TRUE,12,"Oil seeds and oleaginous fruits; miscellaneous grains, seeds and fruit, industrial or medicinal plants; straw and fodder",2,FALSE,C00,TOTAL CPC,0,0,TOTAL MOT,-1,N/A,0,FALSE,-1,N/A,0,FALSE,0,TRUE,0,FALSE,0,127108327,127108327,4,FALSE,TRUE,HS_12
C,A,20060101,2006,52,2006,634,QAT,Qatar,X,Export,0,W00,World,0,W00,World,H2,HS,TRUE,12,"Oil seeds and oleaginous fruits; miscellaneous grains, seeds and fruit, industrial or medicinal plants; straw and fodder",2,FALSE,C00,TOTAL CPC,0,0,TOTAL MOT,-1,N/A,,FALSE,-1,N/A,,FALSE,,FALSE,,FALSE,,545101,545101,0,TRUE,FALSE,HS_12
C,A,20060101,2006,52,2006,642,ROU,Romania,X,Export,0,W00,World,0,W00,World,H2,HS,TRUE,12,"Oil seeds and oleaginous fruits; miscellaneous grains, seeds and fruit, industrial or medicinal plants; straw and fodder",2,FALSE,C00,TOTAL CPC,0,0,TOTAL MOT,-1,N/A,0,FALSE,-1,N/A,0,FALSE,0,FALSE,0,FALSE,0,225211780.59,225211780.59,0,FALSE,TRUE,HS_12
C,A,20060101,2006,52,2006,682,SAU,Saudi Arabia,X,Export,0,W00,World,0,W00,World,H2,HS,TRUE,12,"Oil seeds and oleaginous fruits; miscellaneous grains, seeds and fruit, industrial or medicinal plants; straw and fodder",2,FALSE,C00,TOTAL CPC,0,0,TOTAL MOT,-1,N/A,,FALSE,-1,N/A,,FALSE,,FALSE,,FALSE,,3189590,3189590,0,TRUE,FALSE,HS_12
C,A,20060101,2006,52,2006,686,SEN,Senegal,X,Export,0,W00,World,0,W00,World,H2,HS,TRUE,12,"Oil seeds and oleaginous fruits; miscellaneous grains, seeds and fruit, industrial or medicinal plants; straw and fodder",2,FALSE,C00,TOTAL CPC,0,0,TOTAL MOT,-1,N/A,,FALSE,-1,N/A,,FALSE,,FALSE,,FALSE,,2617274,2617274,0,TRUE,FALSE,HS_12
C,A,20060101,2006,52,2006,704,VNM,Viet Nam,X,Export,0,W00,World,0,W00,World,H2,HS,TRUE,12,"Oil seeds and oleaginous fruits; miscellaneous grains, seeds and fruit, industrial or medicinal plants; straw and fodder",2,FALSE,C00,TOTAL CPC,0,0,TOTAL MOT,-1,N/A,,FALSE,-1,N/A,,FALSE,,FALSE,,FALSE,,33038610,33038610,0,TRUE,FALSE,HS_12
C,A,20060101,2006,52,2006,710,ZAF,South Africa,X,Export,0,W00,World,0,W00,World,H2,HS,TRUE,12,"Oil seeds and oleaginous fruits; miscellaneous grains, seeds and fruit, industrial or medicinal plants; straw and fodder",2,FALSE,C00,TOTAL CPC,0,0,TOTAL MOT,-1,N/A,,FALSE,-1,N/A,,FALSE,,FALSE,,FALSE,,61670545,61670545,0,TRUE,FALSE,HS_12
C,A,20060101,2006,52,2006,784,ARE,United Arab Emirates,X,Export,0,W00,World,0,W00,World,H2,HS,TRUE,12,"Oil seeds and oleaginous fruits; miscellaneous grains, seeds and fruit, industrial or medicinal plants; straw and fodder",2,FALSE,C00,TOTAL CPC,0,0,TOTAL MOT,-1,N/A,,FALSE,-1,N/A,,FALSE,,FALSE,,FALSE,,57754858,57754858,0,TRUE,FALSE,HS_12
C,A,20060101,2006,52,2006,792,TUR,Türkiye,X,Export,0,W00,World,0,W00,World,H2,HS,TRUE,12,"Oil seeds and oleaginous fruits; miscellaneous grains, seeds and fruit, industrial or medicinal plants; straw and fodder",2,FALSE,C00,TOTAL CPC,0,0,TOTAL MOT,-1,N/A,0,FALSE,-1,N/A,0,FALSE,0,FALSE,0,FALSE,0,116198318,116198318,0,FALSE,TRUE,HS_12
C,A,20060101,2006,52,2006,818,EGY,Egypt,X,Export,0,W00,World,0,W00,World,H0,HS,TRUE,12,"Oil seeds and oleaginous fruits; miscellaneous grains, seeds and fruit, industrial or medicinal plants; straw and fodder",2,FALSE,C00,TOTAL CPC,0,0,TOTAL MOT,-1,N/A,0,FALSE,-1,N/A,0,FALSE,0,FALSE,0,FALSE,0,59283805.52,59283805.52,0,FALSE,TRUE,HS_12
C,A,20060101,2006,52,2006,858,URY,Uruguay,X,Export,0,W00,World,0,W00,World,H2,HS,TRUE,12,"Oil seeds and oleaginous fruits; miscellaneous grains, seeds and fruit, industrial or medicinal plants; straw and fodder",2,FALSE,C00,TOTAL CPC,0,0,TOTAL MOT,-1,N/A,,FALSE,-1,N/A,,FALSE,,FALSE,,FALSE,,154669412,154669412,0,TRUE,FALSE,HS_12
C,A,20060101,2006,52,2006,894,ZMB,Zambia,X,Export,0,W00,World,0,W00,World,H2,HS,TRUE,12,"Oil seeds and oleaginous fruits; miscellaneous grains, seeds and fruit, industrial or medicinal plants; straw and fodder",2,FALSE,C00,TOTAL CPC,0,0,TOTAL MOT,-1,N/A,0,FALSE,-1,N/A,0,FALSE,0,FALSE,0,FALSE,0,7280137,7280137,0,FALSE,TRUE,HS_12
C,A,20060101,2006,52,2006,32,ARG,Argentina,X,Export,0,W00,World,0,W00,World,H2,HS,TRUE,1201,Soya beans; whether or not broken,4,FALSE,C00,TOTAL CPC,0,0,TOTAL MOT,8,kg,7872863813,FALSE,-1,N/A,,FALSE,7872863813,FALSE,,FALSE,,1779100240,1779100240,0,TRUE,FALSE,HS_1201
C,A,20060101,2006,52,2006,76,BRA,Brazil,X,Export,0,W00,World,0,W00,World,H2,HS,TRUE,1201,Soya beans; whether or not broken,4,FALSE,C00,TOTAL CPC,0,0,TOTAL MOT,-1,N/A,0,FALSE,-1,N/A,0,FALSE,24887721387.838,TRUE,0,FALSE,,5647357557,5647357557,4,FALSE,TRUE,HS_1201
C,A,20060101,2006,52,2006,144,LKA,Sri Lanka,X,Export,0,W00,World,0,W00,World,H2,HS,TRUE,1201,Soya beans; whether or not broken,4,FALSE,C00,TOTAL CPC,0,0,TOTAL MOT,8,kg,15536,FALSE,-1,N/A,,FALSE,15536,FALSE,,FALSE,,37876,37876,0,TRUE,FALSE,HS_1201
C,A,20060101,2006,52,2006,152,CHL,Chile,X,Export,0,W00,World,0,W00,World,H2,HS,TRUE,1201,Soya beans; whether or not broken,4,FALSE,C00,TOTAL CPC,0,0,TOTAL MOT,8,kg,1503134.203,TRUE,-1,N/A,0,FALSE,1503134.203,TRUE,0,FALSE,0,2053137.46,2053137.46,6,FALSE,TRUE,HS_1201
C,A,20060101,2006,52,2006,170,COL,Colombia,X,Export,0,W00,World,0,W00,World,H2,HS,TRUE,1201,Soya beans; whether or not broken,4,FALSE,C00,TOTAL CPC,0,0,TOTAL MOT,8,kg,320000,FALSE,-1,N/A,,FALSE,320000,FALSE,,FALSE,,216000,216000,0,TRUE,FALSE,HS_1201
C,A,20060101,2006,52,2006,218,ECU,Ecuador,X,Export,0,W00,World,0,W00,World,H2,HS,TRUE,1201,Soya beans; whether or not broken,4,FALSE,C00,TOTAL CPC,0,0,TOTAL MOT,8,kg,65642,FALSE,-1,N/A,,FALSE,65642,FALSE,,FALSE,,49520,49520,0,TRUE,FALSE,HS_1201
C,A,20060101,2006,52,2006,222,SLV,El Salvador,X,Export,0,W00,World,0,W00,World,H2,HS,TRUE,1201,Soya beans; whether or not broken,4,FALSE,C00,TOTAL CPC,0,0,TOTAL MOT,8,kg,12960,FALSE,8,kg,12960,FALSE,12960,FALSE,0,FALSE,0,9042,9042,0,FALSE,TRUE,HS_1201
C,A,20060101,2006,52,2006,348,HUN,Hungary,X,Export,0,W00,World,0,W00,World,H2,HS,TRUE,1201,Soya beans; whether or not broken,4,FALSE,C00,TOTAL CPC,0,0,TOTAL MOT,8,kg,5731100,FALSE,-1,N/A,,FALSE,5731100,FALSE,,FALSE,,1920000,1920000,0,TRUE,FALSE,HS_1201
C,A,20060101,2006,52,2006,360,IDN,Indonesia,X,Export,0,W00,World,0,W00,World,H1,HS,TRUE,1201,Soya beans; whether or not broken,4,FALSE,C00,TOTAL CPC,0,0,TOTAL MOT,8,kg,1732370,FALSE,-1,N/A,,FALSE,1732370,FALSE,,FALSE,,2890698,2890698,0,FALSE,FALSE,HS_1201
C,A,20060101,2006,52,2006,398,KAZ,Kazakhstan,X,Export,0,W00,World,0,W00,World,H2,HS,TRUE,1201,Soya beans; whether or not broken,4,FALSE,C00,TOTAL CPC,0,0,TOTAL MOT,8,kg,1381840,FALSE,-1,N/A,,FALSE,1381840,FALSE,,FALSE,,407576,407576,0,TRUE,FALSE,HS_1201
C,A,20060101,2006,52,2006,484,MEX,Mexico,X,Export,0,W00,World,0,W00,World,H2,HS,TRUE,1201,Soya beans; whether or not broken,4,FALSE,C00,TOTAL CPC,0,0,TOTAL MOT,8,kg,190566,FALSE,-1,N/A,,FALSE,190566,FALSE,,FALSE,,174978,174978,0,TRUE,FALSE,HS_1201
C,A,20060101,2006,52,2006,504,MAR,Morocco,X,Export,0,W00,World,0,W00,World,H2,HS,TRUE,1201,Soya beans; whether or not broken,4,FALSE,C00,TOTAL CPC,0,0,TOTAL MOT,8,kg,2560,FALSE,8,kg,2560,FALSE,2560,FALSE,0,FALSE,0,727.638,727.638,0,FALSE,TRUE,HS_1201
C,A,20060101,2006,52,2006,604,PER,Peru,X,Export,0,W00,World,0,W00,World,H2,HS,TRUE,1201,Soya beans; whether or not broken,4,FALSE,C00,TOTAL CPC,0,0,TOTAL MOT,8,kg,2459,FALSE,-1,N/A,,FALSE,2459,FALSE,,FALSE,,4430,4430,0,TRUE,FALSE,HS_1201
C,A,20060101,2006,52,2006,608,PHL,Philippines,X,Export,0,W00,World,0,W00,World,H1,HS,TRUE,1201,Soya beans; whether or not broken,4,FALSE,C00,TOTAL CPC,0,0,TOTAL MOT,8,kg,44440,FALSE,-1,N/A,,FALSE,44440,FALSE,,FALSE,,12320,12320,0,FALSE,FALSE,HS_1201
C,A,20060101,2006,52,2006,616,POL,Poland,X,Export,0,W00,World,0,W00,World,H2,HS,TRUE,1201,Soya beans; whether or not broken,4,FALSE,C00,TOTAL CPC,0,0,TOTAL MOT,8,kg,1057649,FALSE,8,kg,1057649,FALSE,1057649,FALSE,0,FALSE,0,328555,328555,0,FALSE,TRUE,HS_1201
C,A,20060101,2006,52,2006,634,QAT,Qatar,X,Export,0,W00,World,0,W00,World,H2,HS,TRUE,1201,Soya beans; whether or not broken,4,FALSE,C00,TOTAL CPC,0,0,TOTAL MOT,8,kg,15200,FALSE,-1,N/A,,FALSE,15200,FALSE,,FALSE,,12998,12998,0,TRUE,FALSE,HS_1201
C,A,20060101,2006,52,2006,642,ROU,Romania,X,Export,0,W00,World,0,W00,World,H2,HS,TRUE,1201,Soya beans; whether or not broken,4,FALSE,C00,TOTAL CPC,0,0,TOTAL MOT,8,kg,54216622.67,FALSE,8,kg,54216622.67,FALSE,54216622.67,FALSE,0,FALSE,0,13032843.58,13032843.58,0,FALSE,TRUE,HS_1201
C,A,20060101,2006,52,2006,704,VNM,Viet Nam,X,Export,0,W00,World,0,W00,World,H2,HS,TRUE,1201,Soya beans; whether or not broken,4,FALSE,C00,TOTAL CPC,0,0,TOTAL MOT,8,kg,775235,TRUE,-1,N/A,,FALSE,775235,TRUE,,FALSE,,256848,256848,6,TRUE,FALSE,HS_1201
C,A,20060101,2006,52,2006,710,ZAF,South Africa,X,Export,0,W00,World,0,W00,World,H2,HS,TRUE,1201,Soya beans; whether or not broken,4,FALSE,C00,TOTAL CPC,0,0,TOTAL MOT,8,kg,364739,FALSE,-1,N/A,,FALSE,364739,FALSE,,FALSE,,297771,297771,0,TRUE,FALSE,HS_1201
C,A,20060101,2006,52,2006,784,ARE,United Arab Emirates,X,Export,0,W00,World,0,W00,World,H2,HS,TRUE,1201,Soya beans; whether or not broken,4,FALSE,C00,TOTAL CPC,0,0,TOTAL MOT,-1,N/A,,FALSE,-1,N/A,,FALSE,346260,FALSE,,FALSE,,144977,144977,0,TRUE,FALSE,HS_1201
C,A,20060101,2006,52,2006,792,TUR,Türkiye,X,Export,0,W00,World,0,W00,World,H2,HS,TRUE,1201,Soya beans; whether or not broken,4,FALSE,C00,TOTAL CPC,0,0,TOTAL MOT,8,kg,26051,FALSE,8,kg,26051,FALSE,26051,FALSE,0,FALSE,0,8796,8796,0,FALSE,TRUE,HS_1201
C,A,20060101,2006,52,2006,818,EGY,Egypt,X,Export,0,W00,World,0,W00,World,H0,HS,TRUE,1201,Soya beans; whether or not broken,4,FALSE,C00,TOTAL CPC,0,0,TOTAL MOT,8,kg,44314.392,TRUE,-1,N/A,0,FALSE,44314.392,TRUE,0,FALSE,0,10511.374,10511.374,6,FALSE,TRUE,HS_1201
C,A,20060101,2006,52,2006,858,URY,Uruguay,X,Export,0,W00,World,0,W00,World,H2,HS,TRUE,1201,Soya beans; whether or not broken,4,FALSE,C00,TOTAL CPC,0,0,TOTAL MOT,8,kg,631590289,FALSE,-1,N/A,,FALSE,631590289,FALSE,,FALSE,,137957081,137957081,0,TRUE,FALSE,HS_1201
C,A,20060101,2006,52,2006,894,ZMB,Zambia,X,Export,0,W00,World,0,W00,World,H2,HS,TRUE,1201,Soya beans; whether or not broken,4,FALSE,C00,TOTAL CPC,0,0,TOTAL MOT,8,kg,3533491,FALSE,8,kg,3533491,FALSE,3533491,FALSE,0,FALSE,0,1195577,1195577,0,FALSE,TRUE,HS_1201
C,A,20060101,2006,52,2006,24,AGO,Angola,X,Export,0,W00,World,0,W00,World,H2,HS,TRUE,01,Animals; live,2,FALSE,C00,TOTAL CPC,0,0,TOTAL MOT,-1,N/A,0,FALSE,-1,N/A,0,FALSE,0,FALSE,0,FALSE,,5823.552,5823.552,0,FALSE,TRUE,HS_01
C,A,20060101,2006,52,2006,32,ARG,Argentina,X,Export,0,W00,World,0,W00,World,H2,HS,TRUE,01,Animals; live,2,FALSE,C00,TOTAL CPC,0,0,TOTAL MOT,-1,N/A,,FALSE,-1,N/A,,FALSE,,FALSE,,FALSE,,16611870,16611870,0,TRUE,FALSE,HS_01
C,A,20060101,2006,52,2006,48,BHR,Bahrain,X,Export,0,W00,World,0,W00,World,H2,HS,TRUE,01,Animals; live,2,FALSE,C00,TOTAL CPC,0,0,TOTAL MOT,-1,N/A,,FALSE,-1,N/A,,FALSE,,FALSE,,FALSE,,145165,145165,0,TRUE,FALSE,HS_01
C,A,20060101,2006,52,2006,76,BRA,Brazil,X,Export,0,W00,World,0,W00,World,H2,HS,TRUE,01,Animals; live,2,FALSE,C00,TOTAL CPC,0,0,TOTAL MOT,-1,N/A,0,FALSE,-1,N/A,0,FALSE,0,FALSE,0,FALSE,,88281905,88281905,0,FALSE,TRUE,HS_01
C,A,20060101,2006,52,2006,144,LKA,Sri Lanka,X,Export,0,W00,World,0,W00,World,H2,HS,TRUE,01,Animals; live,2,FALSE,C00,TOTAL CPC,0,0,TOTAL MOT,-1,N/A,,FALSE,-1,N/A,,FALSE,,FALSE,,FALSE,,10308,10308,0,TRUE,FALSE,HS_01
C,A,20060101,2006,52,2006,152,CHL,Chile,X,Export,0,W00,World,0,W00,World,H2,HS,TRUE,01,Animals; live,2,FALSE,C00,TOTAL CPC,0,0,TOTAL MOT,-1,N/A,0,FALSE,-1,N/A,0,FALSE,0,FALSE,0,FALSE,0,8429841.52,8429841.52,0,FALSE,TRUE,HS_01
C,A,20060101,2006,52,2006,170,COL,Colombia,X,Export,0,W00,World,0,W00,World,H2,HS,TRUE,01,Animals; live,2,FALSE,C00,TOTAL CPC,0,0,TOTAL MOT,-1,N/A,,FALSE,-1,N/A,,FALSE,,FALSE,,FALSE,,200608577,200608577,0,TRUE,FALSE,HS_01
C,A,20060101,2006,52,2006,218,ECU,Ecuador,X,Export,0,W00,World,0,W00,World,H2,HS,TRUE,01,Animals; live,2,FALSE,C00,TOTAL CPC,0,0,TOTAL MOT,-1,N/A,,FALSE,-1,N/A,,FALSE,,FALSE,,FALSE,,440250,440250,0,TRUE,FALSE,HS_01
C,A,20060101,2006,52,2006,222,SLV,El Salvador,X,Export,0,W00,World,0,W00,World,H2,HS,TRUE,01,Animals; live,2,FALSE,C00,TOTAL CPC,0,0,TOTAL MOT,-1,N/A,0,FALSE,-1,N/A,0,FALSE,0,FALSE,0,FALSE,0,7813298.27,7813298.27,0,FALSE,TRUE,HS_01
C,A,20060101,2006,52,2006,348,HUN,Hungary,X,Export,0,W00,World,0,W00,World,H2,HS,TRUE,01,Animals; live,2,FALSE,C00,TOTAL CPC,0,0,TOTAL MOT,-1,N/A,,FALSE,-1,N/A,,FALSE,,FALSE,,FALSE,,204935000,204935000,0,TRUE,FALSE,HS_01
C,A,20060101,2006,52,2006,360,IDN,Indonesia,X,Export,0,W00,World,0,W00,World,H1,HS,TRUE,01,Animals; live,2,FALSE,C00,TOTAL CPC,0,0,TOTAL MOT,-1,N/A,,FALSE,-1,N/A,,FALSE,,FALSE,,FALSE,,20926656,20926656,0,FALSE,FALSE,HS_01
C,A,20060101,2006,52,2006,384,CIV,Côte d'Ivoire,X,Export,0,W00,World,0,W00,World,H2,HS,TRUE,01,Animals; live,2,FALSE,C00,TOTAL CPC,0,0,TOTAL MOT,-1,N/A,,FALSE,-1,N/A,,FALSE,,FALSE,,FALSE,,26608,26608,0,TRUE,FALSE,HS_01
C,A,20060101,2006,52,2006,398,KAZ,Kazakhstan,X,Export,0,W00,World,0,W00,World,H2,HS,TRUE,01,Animals; live,2,FALSE,C00,TOTAL CPC,0,0,TOTAL MOT,-1,N/A,,FALSE,-1,N/A,,FALSE,,FALSE,,FALSE,,475859,475859,0,TRUE,FALSE,HS_01
C,A,20060101,2006,52,2006,484,MEX,Mexico,X,Export,0,W00,World,0,W00,World,H2,HS,TRUE,01,Animals; live,2,FALSE,C00,TOTAL CPC,0,0,TOTAL MOT,-1,N/A,,FALSE,-1,N/A,,FALSE,,FALSE,,FALSE,,659082001,659082001,0,TRUE,FALSE,HS_01
C,A,20060101,2006,52,2006,504,MAR,Morocco,X,Export,0,W00,World,0,W00,World,H2,HS,TRUE,01,Animals; live,2,FALSE,C00,TOTAL CPC,0,0,TOTAL MOT,-1,N/A,0,FALSE,-1,N/A,0,FALSE,0,FALSE,0,FALSE,0,3255489.653,3255489.653,0,FALSE,TRUE,HS_01
C,A,20060101,2006,52,2006,566,NGA,Nigeria,X,Export,0,W00,World,0,W00,World,H2,HS,TRUE,01,Animals; live,2,FALSE,C00,TOTAL CPC,0,0,TOTAL MOT,-1,N/A,,FALSE,-1,N/A,,FALSE,,FALSE,,FALSE,,1283,1283,0,TRUE,FALSE,HS_01
C,A,20060101,2006,52,2006,586,PAK,Pakistan,X,Export,0,W00,World,0,W00,World,H2,HS,TRUE,01,Animals; live,2,FALSE,C00,TOTAL CPC,0,0,TOTAL MOT,-1,N/A,,FALSE,-1,N/A,,FALSE,,FALSE,,FALSE,,530617,530617,0,TRUE,FALSE,HS_01
C,A,20060101,2006,52,2006,591,PAN,Panama,X,Export,0,W00,World,0,W00,World,H2,HS,TRUE,01,Animals; live,2,FALSE,C00,TOTAL CPC,0,0,TOTAL MOT,-1,N/A,,FALSE,-1,N/A,,FALSE,,FALSE,,FALSE,,30742989,30742989,0,TRUE,FALSE,HS_01
C,A,20060101,2006,52,2006,604,PER,Peru,X,Export,0,W00,World,0,W00,World,H2,HS,TRUE,01,Animals; live,2,FALSE,C00,TOTAL CPC,0,0,TOTAL MOT,-1,N/A,,FALSE,-1,N/A,,FALSE,,FALSE,,FALSE,,4214032,4214032,0,TRUE,FALSE,HS_01
C,A,20060101,2006,52,2006,608,PHL,Philippines,X,Export,0,W00,World,0,W00,World,H1,HS,TRUE,01,Animals; live,2,FALSE,C00,TOTAL CPC,0,0,TOTAL MOT,-1,N/A,,FALSE,-1,N/A,,FALSE,,FALSE,,FALSE,,2512457,2512457,0,FALSE,FALSE,HS_01
C,A,20060101,2006,52,2006,616,POL,Poland,X,Export,0,W00,World,0,W00,World,H2,HS,TRUE,01,Animals; live,2,FALSE,C00,TOTAL CPC,0,0,TOTAL MOT,-1,N/A,0,FALSE,-1,N/A,0,FALSE,0,TRUE,0,FALSE,0,429999025,429999025,4,FALSE,TRUE,HS_01
C,A,20060101,2006,52,2006,634,QAT,Qatar,X,Export,0,W00,World,0,W00,World,H2,HS,TRUE,01,Animals; live,2,FALSE,C00,TOTAL CPC,0,0,TOTAL MOT,-1,N/A,,FALSE,-1,N/A,,FALSE,,FALSE,,FALSE,,7205397,7205397,0,TRUE,FALSE,HS_01
C,A,20060101,2006,52,2006,642,ROU,Romania,X,Export,0,W00,World,0,W00,World,H2,HS,TRUE,01,Animals; live,2,FALSE,C00,TOTAL CPC,0,0,TOTAL MOT,-1,N/A,0,FALSE,-1,N/A,0,FALSE,0,FALSE,0,FALSE,0,194775758.43,194775758.43,0,FALSE,TRUE,HS_01
C,A,20060101,2006,52,2006,682,SAU,Saudi Arabia,X,Export,0,W00,World,0,W00,World,H2,HS,TRUE,01,Animals; live,2,FALSE,C00,TOTAL CPC,0,0,TOTAL MOT,-1,N/A,,FALSE,-1,N/A,,FALSE,,FALSE,,FALSE,,45471347,45471347,0,TRUE,FALSE,HS_01
C,A,20060101,2006,52,2006,686,SEN,Senegal,X,Export,0,W00,World,0,W00,World,H2,HS,TRUE,01,Animals; live,2,FALSE,C00,TOTAL CPC,0,0,TOTAL MOT,-1,N/A,,FALSE,-1,N/A,,FALSE,,FALSE,,FALSE,,132441,132441,0,TRUE,FALSE,HS_01
C,A,20060101,2006,52,2006,704,VNM,Viet Nam,X,Export,0,W00,World,0,W00,World,H2,HS,TRUE,01,Animals; live,2,FALSE,C00,TOTAL CPC,0,0,TOTAL MOT,-1,N/A,,FALSE,-1,N/A,,FALSE,,FALSE,,FALSE,,5068209,5068209,0,TRUE,FALSE,HS_01
C,A,20060101,2006,52,2006,710,ZAF,South Africa,X,Export,0,W00,World,0,W00,World,H2,HS,TRUE,01,Animals; live,2,FALSE,C00,TOTAL CPC,0,0,TOTAL MOT,-1,N/A,,FALSE,-1,N/A,,FALSE,,FALSE,,FALSE,,12375620,12375620,0,TRUE,FALSE,HS_01
C,A,20060101,2006,52,2006,784,ARE,United Arab Emirates,X,Export,0,W00,World,0,W00,World,H2,HS,TRUE,01,Animals; live,2,FALSE,C00,TOTAL CPC,0,0,TOTAL MOT,-1,N/A,,FALSE,-1,N/A,,FALSE,,FALSE,,FALSE,,22375106,22375106,0,TRUE,FALSE,HS_01
C,A,20060101,2006,52,2006,792,TUR,Türkiye,X,Export,0,W00,World,0,W00,World,H2,HS,TRUE,01,Animals; live,2,FALSE,C00,TOTAL CPC,0,0,TOTAL MOT,-1,N/A,0,FALSE,-1,N/A,0,FALSE,0,FALSE,0,FALSE,0,8515188,8515188,0,FALSE,TRUE,HS_01
C,A,20060101,2006,52,2006,818,EGY,Egypt,X,Export,0,W00,World,0,W00,World,H0,HS,TRUE,01,Animals; live,2,FALSE,C00,TOTAL CPC,0,0,TOTAL MOT,-1,N/A,0,FALSE,-1,N/A,0,FALSE,0,FALSE,0,FALSE,0,4675577.943,4675577.943,0,FALSE,TRUE,HS_01
C,A,20060101,2006,52,2006,858,URY,Uruguay,X,Export,0,W00,World,0,W00,World,H2,HS,TRUE,01,Animals; live,2,FALSE,C00,TOTAL CPC,0,0,TOTAL MOT,-1,N/A,,FALSE,-1,N/A,,FALSE,,FALSE,,FALSE,,37803447,37803447,0,TRUE,FALSE,HS_01
C,A,20060101,2006,52,2006,894,ZMB,Zambia,X,Export,0,W00,World,0,W00,World,H2,HS,TRUE,01,Animals; live,2,FALSE,C00,TOTAL CPC,0,0,TOTAL MOT,-1,N/A,0,FALSE,-1,N/A,0,FALSE,0,FALSE,0,FALSE,0,427190,427190,0,FALSE,TRUE,HS_01
C,A,20060101,2006,52,2006,32,ARG,Argentina,X,Export,0,W00,World,0,W00,World,H2,HS,TRUE,0102,Bovine animals; live,4,FALSE,C00,TOTAL CPC,0,0,TOTAL MOT,5,u,1903,FALSE,-1,N/A,,FALSE,791956,FALSE,,FALSE,,2076724,2076724,0,TRUE,FALSE,HS_0102
C,A,20060101,2006,52,2006,76,BRA,Brazil,X,Export,0,W00,World,0,W00,World,H2,HS,TRUE,0102,Bovine animals; live,4,FALSE,C00,TOTAL CPC,0,0,TOTAL MOT,5,u,245758,FALSE,5,u,245758,FALSE,95375558,FALSE,0,FALSE,,72870215,72870215,0,FALSE,TRUE,HS_0102
C,A,20060101,2006,52,2006,144,LKA,Sri Lanka,X,Export,0,W00,World,0,W00,World,H2,HS,TRUE,0102,Bovine animals; live,4,FALSE,C00,TOTAL CPC,0,0,TOTAL MOT,5,u,2,FALSE,-1,N/A,,FALSE,44,TRUE,,FALSE,,96,96,4,TRUE,FALSE,HS_0102
C,A,20060101,2006,52,2006,170,COL,Colombia,X,Export,0,W00,World,0,W00,World,H2,HS,TRUE,0102,Bovine animals; live,4,FALSE,C00,TOTAL CPC,0,0,TOTAL MOT,-1,N/A,,FALSE,-1,N/A,,FALSE,114506114,FALSE,,FALSE,,197656795,197656795,0,TRUE,FALSE,HS_0102
C,A,20060101,2006,52,2006,222,SLV,El Salvador,X,Export,0,W00,World,0,W00,World,H2,HS,TRUE,0102,Bovine animals; live,4,FALSE,C00,TOTAL CPC,0,0,TOTAL MOT,5,u,8.866,TRUE,-1,N/A,0,FALSE,5600,FALSE,0,FALSE,0,5400,5400,2,FALSE,TRUE,HS_0102
C,A,20060101,2006,52,2006,348,HUN,Hungary,X,Export,0,W00,World,0,W00,World,H2,HS,TRUE,0102,Bovine animals; live,4,FALSE,C00,TOTAL CPC,0,0,TOTAL MOT,-1,N/A,,FALSE,-1,N/A,,FALSE,25556200,FALSE,,FALSE,,70906000,70906000,0,TRUE,FALSE,HS_0102
C,A,20060101,2006,52,2006,360,IDN,Indonesia,X,Export,0,W00,World,0,W00,World,H1,HS,TRUE,0102,Bovine animals; live,4,FALSE,C00,TOTAL CPC,0,0,TOTAL MOT,-1,N/A,,FALSE,-1,N/A,,FALSE,7377,FALSE,,FALSE,,4833,4833,0,FALSE,FALSE,HS_0102
C,A,20060101,2006,52,2006,398,KAZ,Kazakhstan,X,Export,0,W00,World,0,W00,World,H2,HS,TRUE,0102,Bovine animals; live,4,FALSE,C00,TOTAL CPC,0,0,TOTAL MOT,5,u,305,FALSE,-1,N/A,,FALSE,90096,FALSE,,FALSE,,323086,323086,0,TRUE,FALSE,HS_0102
C,A,20060101,2006,52,2006,484,MEX,Mexico,X,Export,0,W00,World,0,W00,World,H2,HS,TRUE,0102,Bovine animals; live,4,FALSE,C00,TOTAL CPC,0,0,TOTAL MOT,5,u,1570673,FALSE,-1,N/A,,FALSE,299897649,TRUE,,FALSE,,654956315,654956315,4,TRUE,FALSE,HS_0102
C,A,20060101,2006,52,2006,566,NGA,Nigeria,X,Export,0,W00,World,0,W00,World,H2,HS,TRUE,0102,Bovine animals; live,4,FALSE,C00,TOTAL CPC,0,0,TOTAL MOT,5,u,1,TRUE,-1,N/A,,FALSE,25,FALSE,,FALSE,,501,501,2,TRUE,FALSE,HS_0102
C,A,20060101,2006,52,2006,586,PAK,Pakistan,X,Export,0,W00,World,0,W00,World,H2,HS,TRUE,0102,Bovine animals; live,4,FALSE,C00,TOTAL CPC,0,0,TOTAL MOT,5,u,71,TRUE,-1,N/A,,FALSE,10500,TRUE,,FALSE,,26770,26770,6,TRUE,FALSE,HS_0102
C,A,20060101,2006,52,2006,591,PAN,Panama,X,Export,0,W00,World,0,W00,World,H2,HS,TRUE,0102,Bovine animals; live,4,FALSE,C00,TOTAL CPC,0,0,TOTAL MOT,-1,N/A,,FALSE,-1,N/A,,FALSE,5114298,FALSE,,FALSE,,30632991,30632991,0,TRUE,FALSE,HS_0102
C,A,20060101,2006,52,2006,604,PER,Peru,X,Export,0,W00,World,0,W00,World,H2,HS,TRUE,0102,Bovine animals; live,4,FALSE,C00,TOTAL CPC,0,0,TOTAL MOT,5,u,5,TRUE,-1,N/A,,FALSE,6600,FALSE,,FALSE,,2393,2393,2,TRUE,FALSE,HS_0102
C,A,20060101,2006,52,2006,616,POL,Poland,X,Export,0,W00,World,0,W00,World,H2,HS,TRUE,0102,Bovine animals; live,4,FALSE,C00,TOTAL CPC,0,0,TOTAL MOT,5,u,743032,FALSE,5,u,743032,FALSE,63261006.28,TRUE,0,FALSE,0,260065027,260065027,4,FALSE,TRUE,HS_0102
C,A,20060101,2006,52,2006,634,QAT,Qatar,X,Export,0,W00,World,0,W00,World,H2,HS,TRUE,0102,Bovine animals; live,4,FALSE,C00,TOTAL CPC,0,0,TOTAL MOT,-1,N/A,,FALSE,-1,N/A,,FALSE,186900,FALSE,,FALSE,,486958,486958,0,TRUE,FALSE,HS_0102
C,A,20060101,2006,52,2006,642,ROU,Romania,X,Export,0,W00,World,0,W00,World,H2,HS,TRUE,0102,Bovine animals; live,4,FALSE,C00,TOTAL CPC,0,0,TOTAL MOT,5,u,206674,FALSE,5,u,206674,FALSE,45509627,FALSE,0,FALSE,0,95216461.02,95216461.02,0,FALSE,TRUE,HS_0102
C,A,20060101,2006,52,2006,682,SAU,Saudi Arabia,X,Export,0,W00,World,0,W00,World,H2,HS,TRUE,0102,Bovine animals; live,4,FALSE,C00,TOTAL CPC,0,0,TOTAL MOT,-1,N/A,,FALSE,-1,N/A,,FALSE,16000,FALSE,,FALSE,,49132,49132,0,TRUE,FALSE,HS_0102
C,A,20060101,2006,52,2006,686,SEN,Senegal,X,Export,0,W00,World,0,W00,World,H2,HS,TRUE,0102,Bovine animals; live,4,FALSE,C00,TOTAL CPC,0,0,TOTAL MOT,-1,N/A,,FALSE,-1,N/A,,FALSE,1140,FALSE,,FALSE,,3484,3484,0,TRUE,FALSE,HS_0102
C,A,20060101,2006,52,2006,710,ZAF,South Africa,X,Export,0,W00,World,0,W00,World,H2,HS,TRUE,0102,Bovine animals; live,4,FALSE,C00,TOTAL CPC,0,0,TOTAL MOT,5,u,3022,TRUE,-1,N/A,,FALSE,1156777,TRUE,,FALSE,,2667417,2667417,6,TRUE,FALSE,HS_0102
C,A,20060101,2006,52,2006,784,ARE,United Arab Emirates,X,Export,0,W00,World,0,W00,World,H2,HS,TRUE,0102,Bovine animals; live,4,FALSE,C00,TOTAL CPC,0,0,TOTAL MOT,-1,N/A,,FALSE,-1,N/A,,FALSE,766289,FALSE,,FALSE,,1062148,1062148,0,TRUE,FALSE,HS_0102
C,A,20060101,2006,52,2006,858,URY,Uruguay,X,Export,0,W00,World,0,W00,World,H2,HS,TRUE,0102,Bovine animals; live,4,FALSE,C00,TOTAL CPC,0,0,TOTAL MOT,5,u,100574,FALSE,-1,N/A,,FALSE,11183102,FALSE,,FALSE,,15808327,15808327,0,TRUE,FALSE,HS_0102
C,A,20060101,2006,52,2006,894,ZMB,Zambia,X,Export,0,W00,World,0,W00,World,H2,HS,TRUE,0102,Bovine animals; live,4,FALSE,C00,TOTAL CPC,0,0,TOTAL MOT,5,u,68.186,TRUE,-1,N/A,0,FALSE,7975,FALSE,0,FALSE,0,41528,41528,2,FALSE,TRUE,HS_0102
C,A,20060101,2006,52,2006,24,AGO,Angola,X,Export,0,W00,World,0,W00,World,H2,HS,TRUE,02,Meat and edible meat offal,2,FALSE,C00,TOTAL CPC,0,0,TOTAL MOT,-1,N/A,0,FALSE,-1,N/A,0,FALSE,,FALSE,0,FALSE,,927.607,927.607,0,FALSE,TRUE,HS_02
C,A,20060101,2006,52,2006,32,ARG,Argentina,X,Export,0,W00,World,0,W00,World,H2,HS,TRUE,02,Meat and edible meat offal,2,FALSE,C00,TOTAL CPC,0,0,TOTAL MOT,-1,N/A,,FALSE,-1,N/A,,FALSE,,FALSE,,FALSE,,1430243622,1430243622,0,TRUE,FALSE,HS_02
C,A,20060101,2006,52,2006,48,BHR,Bahrain,X,Export,0,W00,World,0,W00,World,H2,HS,TRUE,02,Meat and edible meat offal,2,FALSE,C00,TOTAL CPC,0,0,TOTAL MOT,-1,N/A,,FALSE,-1,N/A,,FALSE,,FALSE,,FALSE,,2206970,2206970,0,TRUE,FALSE,HS_02
C,A,20060101,2006,52,2006,76,BRA,Brazil,X,Export,0,W00,World,0,W00,World,H2,HS,TRUE,02,Meat and edible meat offal,2,FALSE,C00,TOTAL CPC,0,0,TOTAL MOT,-1,N/A,0,FALSE,-1,N/A,0,FALSE,0,FALSE,0,FALSE,,7318117381,7318117381,0,FALSE,TRUE,HS_02
C,A,20060101,2006,52,2006,144,LKA,Sri Lanka,X,Export,0,W00,World,0,W00,World,H2,HS,TRUE,02,Meat and edible meat offal,2,FALSE,C00,TOTAL CPC,0,0,TOTAL MOT,-1,N/A,,FALSE,-1,N/A,,FALSE,,FALSE,,FALSE,,761409,761409,0,TRUE,FALSE,HS_02
C,A,20060101,2006,52,2006,152,CHL,Chile,X,Export,0,W00,World,0,W00,World,H2,HS,TRUE,02,Meat and edible meat offal,2,FALSE,C00,TOTAL CPC,0,0,TOTAL MOT,-1,N/A,0,FALSE,-1,N/A,0,FALSE,0,FALSE,0,FALSE,0,553279934.63,553279934.63,0,FALSE,TRUE,HS_02
C,A,20060101,2006,52,2006,170,COL,Colombia,X,Export,0,W00,World,0,W00,World,H2,HS,TRUE,02,Meat and edible meat offal,2,FALSE,C00,TOTAL CPC,0,0,TOTAL MOT,-1,N/A,,FALSE,-1,N/A,,FALSE,,FALSE,,FALSE,,76501899,76501899,0,TRUE,FALSE,HS_02
C,A,20060101,2006,52,2006,218,ECU,Ecuador,X,Export,0,W00,World,0,W00,World,H2,HS,TRUE,02,Meat and edible meat offal,2,FALSE,C00,TOTAL CPC,0,0,TOTAL MOT,-1,N/A,,FALSE,-1,N/A,,FALSE,,FALSE,,FALSE,,309090,309090,0,TRUE,FALSE,HS_02
C,A,20060101,2006,52,2006,222,SLV,El Salvador,X,Export,0,W00,World,0,W00,World,H2,HS,TRUE,02,Meat and edible meat offal,2,FALSE,C00,TOTAL CPC,0,0,TOTAL MOT,-1,N/A,0,FALSE,-1,N/A,0,FALSE,0,FALSE,0,FALSE,0,1929468.59,1929468.59,0,FALSE,TRUE,HS_02
C,A,20060101,2006,52,2006,348,HUN,Hungary,X,Export,0,W00,World,0,W00,World,H2,HS,TRUE,02,Meat and edible meat offal,2,FALSE,C00,TOTAL CPC,0,0,TOTAL MOT,-1,N/A,,FALSE,-1,N/A,,FALSE,,FALSE,,FALSE,,660766000,660766000,0,TRUE,FALSE,HS_02
C,A,20060101,2006,52,2006,360,IDN,Indonesia,X,Export,0,W00,World,0,W00,World,H1,HS,TRUE,02,Meat and edible meat offal,2,FALSE,C00,TOTAL CPC,0,0,TOTAL MOT,-1,N/A,,FALSE,-1,N/A,,FALSE,,FALSE,,FALSE,,17495663,17495663,0,FALSE,FALSE,HS_02
C,A,20060101,2006,52,2006,384,CIV,Côte d'Ivoire,X,Export,0,W00,World,0,W00,World,H2,HS,TRUE,02,Meat and edible meat offal,2,FALSE,C00,TOTAL CPC,0,0,TOTAL MOT,-1,N/A,,FALSE,-1,N/A,,FALSE,,FALSE,,FALSE,,26993,26993,0,TRUE,FALSE,HS_02
C,A,20060101,2006,52,2006,398,KAZ,Kazakhstan,X,Export,0,W00,World,0,W00,World,H2,HS,TRUE,02,Meat and edible meat offal,2,FALSE,C00,TOTAL CPC,0,0,TOTAL MOT,-1,N/A,,FALSE,-1,N/A,,FALSE,,FALSE,,FALSE,,286893,286893,0,TRUE,FALSE,HS_02
C,A,20060101,2006,52,2006,484,MEX,Mexico,X,Export,0,W00,World,0,W00,World,H2,HS,TRUE,02,Meat and edible meat offal,2,FALSE,C00,TOTAL CPC,0,0,TOTAL MOT,-1,N/A,,FALSE,-1,N/A,,FALSE,,FALSE,,FALSE,,351487565,351487565,0,TRUE,FALSE,HS_02
C,A,20060101,2006,52,2006,504,MAR,Morocco,X,Export,0,W00,World,0,W00,World,H2,HS,TRUE,02,Meat and edible meat offal,2,FALSE,C00,TOTAL CPC,0,0,TOTAL MOT,-1,N/A,0,FALSE,-1,N/A,0,FALSE,0,FALSE,0,FALSE,0,130789.704,130789.704,0,FALSE,TRUE,HS_02
C,A,20060101,2006,52,2006,566,NGA,Nigeria,X,Export,0,W00,World,0,W00,World,H2,HS,TRUE,02,Meat and edible meat offal,2,FALSE,C00,TOTAL CPC,0,0,TOTAL MOT,-1,N/A,,FALSE,-1,N/A,,FALSE,,FALSE,,FALSE,,57759,57759,0,TRUE,FALSE,HS_02
C,A,20060101,2006,52,2006,586,PAK,Pakistan,X,Export,0,W00,World,0,W00,World,H2,HS,TRUE,02,Meat and edible meat offal,2,FALSE,C00,TOTAL CPC,0,0,TOTAL MOT,-1,N/A,,FALSE,-1,N/A,,FALSE,,FALSE,,FALSE,,28744182,28744182,0,TRUE,FALSE,HS_02
C,A,20060101,2006,52,2006,591,PAN,Panama,X,Export,0,W00,World,0,W00,World,H2,HS,TRUE,02,Meat and edible meat offal,2,FALSE,C00,TOTAL CPC,0,0,TOTAL MOT,-1,N/A,,FALSE,-1,N/A,,FALSE,,FALSE,,FALSE,,24763609,24763609,0,TRUE,FALSE,HS_02
C,A,20060101,2006,52,2006,604,PER,Peru,X,Export,0,W00,World,0,W00,World,H2,HS,TRUE,02,Meat and edible meat offal,2,FALSE,C00,TOTAL CPC,0,0,TOTAL MOT,-1,N/A,,FALSE,-1,N/A,,FALSE,,FALSE,,FALSE,,2895989,2895989,0,TRUE,FALSE,HS_02
C,A,20060101,2006,52,2006,608,PHL,Philippines,X,Export,0,W00,World,0,W00,World,H1,HS,TRUE,02,Meat and edible meat offal,2,FALSE,C00,TOTAL CPC,0,0,TOTAL MOT,-1,N/A,,FALSE,-1,N/A,,FALSE,,FALSE,,FALSE,,2062940,2062940,0,FALSE,FALSE,HS_02
C,A,20060101,2006,52,2006,616,POL,Poland,X,Export,0,W00,World,0,W00,World,H2,HS,TRUE,02,Meat and edible meat offal,2,FALSE,C00,TOTAL CPC,0,0,TOTAL MOT,-1,N/A,0,FALSE,-1,N/A,0,FALSE,0,TRUE,0,FALSE,0,1592081833,1592081833,4,FALSE,TRUE,HS_02
C,A,20060101,2006,52,2006,634,QAT,Qatar,X,Export,0,W00,World,0,W00,World,H2,HS,TRUE,02,Meat and edible meat offal,2,FALSE,C00,TOTAL CPC,0,0,TOTAL MOT,-1,N/A,,FALSE,-1,N/A,,FALSE,,FALSE,,FALSE,,2996397,2996397,0,TRUE,FALSE,HS_02
C,A,20060101,2006,52,2006,642,ROU,Romania,X,Export,0,W00,World,0,W00,World,H2,HS,TRUE,02,Meat and edible meat offal,2,FALSE,C00,TOTAL CPC,0,0,TOTAL MOT,-1,N/A,0,FALSE,-1,N/A,0,FALSE,0,FALSE,0,FALSE,0,20205887.25,20205887.25,0,FALSE,TRUE,HS_02
C,A,20060101,2006,52,2006,682,SAU,Saudi Arabia,X,Export,0,W00,World,0,W00,World,H2,HS,TRUE,02,Meat and edible meat offal,2,FALSE,C00,TOTAL CPC,0,0,TOTAL MOT,-1,N/A,,FALSE,-1,N/A,,FALSE,,FALSE,,FALSE,,94752845,94752845,0,TRUE,FALSE,HS_02
C,A,20060101,2006,52,2006,686,SEN,Senegal,X,Export,0,W00,World,0,W00,World,H2,HS,TRUE,02,Meat and edible meat offal,2,FALSE,C00,TOTAL CPC,0,0,TOTAL MOT,-1,N/A,,FALSE,-1,N/A,,FALSE,,FALSE,,FALSE,,1413688,1413688,0,TRUE,FALSE,HS_02
C,A,20060101,2006,52,2006,704,VNM,Viet Nam,X,Export,0,W00,World,0,W00,World,H2,HS,TRUE,02,Meat and edible meat offal,2,FALSE,C00,TOTAL CPC,0,0,TOTAL MOT,-1,N/A,,FALSE,-1,N/A,,FALSE,,FALSE,,FALSE,,25112539,25112539,0,TRUE,FALSE,HS_02
C,A,20060101,2006,52,2006,710,ZAF,South Africa,X,Export,0,W00,World,0,W00,World,H2,HS,TRUE,02,Meat and edible meat offal,2,FALSE,C00,TOTAL CPC,0,0,TOTAL MOT,-1,N/A,,FALSE,-1,N/A,,FALSE,,FALSE,,FALSE,,62055362,62055362,0,TRUE,FALSE,HS_02
C,A,20060101,2006,52,2006,784,ARE,United Arab Emirates,X,Export,0,W00,World,0,W00,World,H2,HS,TRUE,02,Meat and edible meat offal,2,FALSE,C00,TOTAL CPC,0,0,TOTAL MOT,-1,N/A,,FALSE,-1,N/A,,FALSE,,FALSE,,FALSE,,34803890,34803890,0,TRUE,FALSE,HS_02
C,A,20060101,2006,52,2006,792,TUR,Türkiye,X,Export,0,W00,World,0,W00,World,H2,HS,TRUE,02,Meat and edible meat offal,2,FALSE,C00,TOTAL CPC,0,0,TOTAL MOT,-1,N/A,0,FALSE,-1,N/A,0,FALSE,0,FALSE,0,FALSE,0,29468042,29468042,0,FALSE,TRUE,HS_02
C,A,20060101,2006,52,2006,818,EGY,Egypt,X,Export,0,W00,World,0,W00,World,H0,HS,TRUE,02,Meat and edible meat offal,2,FALSE,C00,TOTAL CPC,0,0,TOTAL MOT,-1,N/A,0,FALSE,-1,N/A,0,FALSE,0,TRUE,0,FALSE,0,1156483.798,1156483.798,4,FALSE,TRUE,HS_02
C,A,20060101,2006,52,2006,858,URY,Uruguay,X,Export,0,W00,World,0,W00,World,H2,HS,TRUE,02,Meat and edible meat offal,2,FALSE,C00,TOTAL CPC,0,0,TOTAL MOT,-1,N/A,,FALSE,-1,N/A,,FALSE,,FALSE,,FALSE,,1015925126,1015925126,0,TRUE,FALSE,HS_02
C,A,20060101,2006,52,2006,894,ZMB,Zambia,X,Export,0,W00,World,0,W00,World,H2,HS,TRUE,02,Meat and edible meat offal,2,FALSE,C00,TOTAL CPC,0,0,TOTAL MOT,-1,N/A,0,FALSE,-1,N/A,0,FALSE,0,FALSE,0,FALSE,0,67239,67239,0,FALSE,TRUE,HS_02
C,A,20060101,2006,52,2006,32,ARG,Argentina,X,Export,0,W00,World,0,W00,World,H2,HS,TRUE,0201,Meat of bovine animals; fresh or chilled,4,FALSE,C00,TOTAL CPC,0,0,TOTAL MOT,8,kg,88443760,FALSE,-1,N/A,,FALSE,88443760,FALSE,,FALSE,,566107880,566107880,0,TRUE,FALSE,HS_0201
C,A,20060101,2006,52,2006,48,BHR,Bahrain,X,Export,0,W00,World,0,W00,World,H2,HS,TRUE,0201,Meat of bovine animals; fresh or chilled,4,FALSE,C00,TOTAL CPC,0,0,TOTAL MOT,8,kg,1394,FALSE,-1,N/A,,FALSE,1394,FALSE,,FALSE,,4886,4886,0,TRUE,FALSE,HS_0201
C,A,20060101,2006,52,2006,76,BRA,Brazil,X,Export,0,W00,World,0,W00,World,H2,HS,TRUE,0201,Meat of bovine animals; fresh or chilled,4,FALSE,C00,TOTAL CPC,0,0,TOTAL MOT,8,kg,97825078,FALSE,8,kg,62122972,FALSE,122222570,FALSE,0,FALSE,,664899303,664899303,0,FALSE,TRUE,HS_0201
C,A,20060101,2006,52,2006,144,LKA,Sri Lanka,X,Export,0,W00,World,0,W00,World,H2,HS,TRUE,0201,Meat of bovine animals; fresh or chilled,4,FALSE,C00,TOTAL CPC,0,0,TOTAL MOT,8,kg,50,FALSE,-1,N/A,,FALSE,50,FALSE,,FALSE,,357,357,0,TRUE,FALSE,HS_0201
C,A,20060101,2006,52,2006,152,CHL,Chile,X,Export,0,W00,World,0,W00,World,H2,HS,TRUE,0201,Meat of bovine animals; fresh or chilled,4,FALSE,C00,TOTAL CPC,0,0,TOTAL MOT,8,kg,2124325.52,FALSE,8,kg,2124325.52,FALSE,2124325.52,FALSE,0,FALSE,0,11738377.02,11738377.02,0,FALSE,TRUE,HS_0201
C,A,20060101,2006,52,2006,170,COL,Colombia,X,Export,0,W00,World,0,W00,World,H2,HS,TRUE,0201,Meat of bovine animals; fresh or chilled,4,FALSE,C00,TOTAL CPC,0,0,TOTAL MOT,8,kg,20542438,FALSE,-1,N/A,,FALSE,20542438,FALSE,,FALSE,,71953327,71953327,0,TRUE,FALSE,HS_0201
C,A,20060101,2006,52,2006,222,SLV,El Salvador,X,Export,0,W00,World,0,W00,World,H2,HS,TRUE,0201,Meat of bovine animals; fresh or chilled,4,FALSE,C00,TOTAL CPC,0,0,TOTAL MOT,8,kg,12412.64,FALSE,8,kg,12412.64,FALSE,12412.64,FALSE,0,FALSE,0,50918.69,50918.69,0,FALSE,TRUE,HS_0201
C,A,20060101,2006,52,2006,348,HUN,Hungary,X,Export,0,W00,World,0,W00,World,H2,HS,TRUE,0201,Meat of bovine animals; fresh or chilled,4,FALSE,C00,TOTAL CPC,0,0,TOTAL MOT,8,kg,8287700,FALSE,-1,N/A,,FALSE,8287700,FALSE,,FALSE,,25443000,25443000,0,TRUE,FALSE,HS_0201
C,A,20060101,2006,52,2006,360,IDN,Indonesia,X,Export,0,W00,World,0,W00,World,H1,HS,TRUE,0201,Meat of bovine animals; fresh or chilled,4,FALSE,C00,TOTAL CPC,0,0,TOTAL MOT,8,kg,985,FALSE,-1,N/A,,FALSE,985,FALSE,,FALSE,,3500,3500,0,FALSE,FALSE,HS_0201
C,A,20060101,2006,52,2006,384,CIV,Côte d'Ivoire,X,Export,0,W00,World,0,W00,World,H2,HS,TRUE,0201,Meat of bovine animals; fresh or chilled,4,FALSE,C00,TOTAL CPC,0,0,TOTAL MOT,8,kg,3233,FALSE,-1,N/A,,FALSE,3233,FALSE,,FALSE,,12309,12309,0,TRUE,FALSE,HS_0201
C,A,20060101,2006,52,2006,484,MEX,Mexico,X,Export,0,W00,World,0,W00,World,H2,HS,TRUE,0201,Meat of bovine animals; fresh or chilled,4,FALSE,C00,TOTAL CPC,0,0,TOTAL MOT,8,kg,14129248,FALSE,-1,N/A,,FALSE,14129248,FALSE,,FALSE,,87902994,87902994,0,TRUE,FALSE,HS_0201
C,A,20060101,2006,52,2006,566,NGA,Nigeria,X,Export,0,W00,World,0,W00,World,H2,HS,TRUE,0201,Meat of bovine animals; fresh or chilled,4,FALSE,C00,TOTAL CPC,0,0,TOTAL MOT,8,kg,30,FALSE,-1,N/A,,FALSE,30,FALSE,,FALSE,,1362,1362,0,TRUE,FALSE,HS_0201
C,A,20060101,2006,52,2006,586,PAK,Pakistan,X,Export,0,W00,World,0,W00,World,H2,HS,TRUE,0201,Meat of bovine animals; fresh or chilled,4,FALSE,C00,TOTAL CPC,0,0,TOTAL MOT,8,kg,4272841,TRUE,-1,N/A,,FALSE,4272841,TRUE,,FALSE,,8092253,8092253,6,TRUE,FALSE,HS_0201
C,A,20060101,2006,52,2006,591,PAN,Panama,X,Export,0,W00,World,0,W00,World,H2,HS,TRUE,0201,Meat of bovine animals; fresh or chilled,4,FALSE,C00,TOTAL CPC,0,0,TOTAL MOT,8,kg,3708851,FALSE,-1,N/A,,FALSE,3708851,FALSE,,FALSE,,14316831,14316831,0,TRUE,FALSE,HS_0201
C,A,20060101,2006,52,2006,604,PER,Peru,X,Export,0,W00,World,0,W00,World,H2,HS,TRUE,0201,Meat of bovine animals; fresh or chilled,4,FALSE,C00,TOTAL CPC,0,0,TOTAL MOT,8,kg,3266,FALSE,-1,N/A,,FALSE,3266,FALSE,,FALSE,,14761,14761,0,TRUE,FALSE,HS_0201
C,A,20060101,2006,52,2006,616,POL,Poland,X,Export,0,W00,World,0,W00,World,H2,HS,TRUE,0201,Meat of bovine animals; fresh or chilled,4,FALSE,C00,TOTAL CPC,0,0,TOTAL MOT,8,kg,149588101,FALSE,8,kg,149588101,FALSE,149588101,FALSE,0,FALSE,0,432465334,432465334,0,FALSE,TRUE,HS_0201
C,A,20060101,2006,52,2006,634,QAT,Qatar,X,Export,0,W00,World,0,W00,World,H2,HS,TRUE,0201,Meat of bovine animals; fresh or chilled,4,FALSE,C00,TOTAL CPC,0,0,TOTAL MOT,8,kg,119175,FALSE,-1,N/A,,FALSE,119175,FALSE,,FALSE,,853391,853391,0,TRUE,FALSE,HS_0201
C,A,20060101,2006,52,2006,642,ROU,Romania,X,Export,0,W00,World,0,W00,World,H2,HS,TRUE,0201,Meat of bovine animals; fresh or chilled,4,FALSE,C00,TOTAL CPC,0,0,TOTAL MOT,8,kg,453381.9,FALSE,8,kg,453381.9,FALSE,453381.9,FALSE,0,FALSE,0,1411347.45,1411347.45,0,FALSE,TRUE,HS_0201
C,A,20060101,2006,52,2006,682,SAU,Saudi Arabia,X,Export,0,W00,World,0,W00,World,H2,HS,TRUE,0201,Meat of bovine animals; fresh or chilled,4,FALSE,C00,TOTAL CPC,0,0,TOTAL MOT,8,kg,268000,FALSE,-1,N/A,,FALSE,268000,FALSE,,FALSE,,960215,960215,0,TRUE,FALSE,HS_0201
C,A,20060101,2006,52,2006,686,SEN,Senegal,X,Export,0,W00,World,0,W00,World,H2,HS,TRUE,0201,Meat of bovine animals; fresh or chilled,4,FALSE,C00,TOTAL CPC,0,0,TOTAL MOT,8,kg,24663,FALSE,-1,N/A,,FALSE,24663,FALSE,,FALSE,,149007,149007,0,TRUE,FALSE,HS_0201
C,A,20060101,2006,52,2006,704,VNM,Viet Nam,X,Export,0,W00,World,0,W00,World,H2,HS,TRUE,0201,Meat of bovine animals; fresh or chilled,4,FALSE,C00,TOTAL CPC,0,0,TOTAL MOT,8,kg,9115,TRUE,-1,N/A,,FALSE,9115,TRUE,,FALSE,,44869,44869,6,TRUE,FALSE,HS_0201
C,A,20060101,2006,52,2006,710,ZAF,South Africa,X,Export,0,W00,World,0,W00,World,H2,HS,TRUE,0201,Meat of bovine animals; fresh or chilled,4,FALSE,C00,TOTAL CPC,0,0,TOTAL MOT,8,kg,1625409,TRUE,-1,N/A,,FALSE,1625409,TRUE,,FALSE,,8299066,8299066,6,TRUE,FALSE,HS_0201
C,A,20060101,2006,52,2006,784,ARE,United Arab Emirates,X,Export,0,W00,World,0,W00,World,H2,HS,TRUE,0201,Meat of bovine animals; fresh or chilled,4,FALSE,C00,TOTAL CPC,0,0,TOTAL MOT,-1,N/A,,FALSE,-1,N/A,,FALSE,103350,FALSE,,FALSE,,323828,323828,0,TRUE,FALSE,HS_0201
C,A,20060101,2006,52,2006,792,TUR,Türkiye,X,Export,0,W00,World,0,W00,World,H2,HS,TRUE,0201,Meat of bovine animals; fresh or chilled,4,FALSE,C00,TOTAL CPC,0,0,TOTAL MOT,8,kg,14157,FALSE,8,kg,14157,FALSE,14157,FALSE,0,FALSE,0,107422,107422,0,FALSE,TRUE,HS_0201
C,A,20060101,2006,52,2006,818,EGY,Egypt,X,Export,0,W00,World,0,W00,World,H0,HS,TRUE,0201,Meat of bovine animals; fresh or chilled,4,FALSE,C00,TOTAL CPC,0,0,TOTAL MOT,8,kg,127844.06,TRUE,-1,N/A,0,FALSE,127844.06,TRUE,0,FALSE,0,493607.401,493607.401,6,FALSE,TRUE,HS_0201
C,A,20060101,2006,52,2006,858,URY,Uruguay,X,Export,0,W00,World,0,W00,World,H2,HS,TRUE,0201,Meat of bovine animals; fresh or chilled,4,FALSE,C00,TOTAL CPC,0,0,TOTAL MOT,8,kg,57415394,FALSE,-1,N/A,,FALSE,57415394,FALSE,,FALSE,,257547441,257547441,0,TRUE,FALSE,HS_0201
C,A,20060101,2006,52,2006,894,ZMB,Zambia,X,Export,0,W00,World,0,W00,World,H2,HS,TRUE,0201,Meat of bovine animals; fresh or chilled,4,FALSE,C00,TOTAL CPC,0,0,TOTAL MOT,8,kg,100,FALSE,8,kg,100,FALSE,100,FALSE,0,FALSE,0,653,653,0,FALSE,TRUE,HS_0201
C,A,20060101,2006,52,2006,24,AGO,Angola,X,Export,0,W00,World,0,W00,World,H2,HS,TRUE,0202,Meat of bovine animals; frozen,4,FALSE,C00,TOTAL CPC,0,0,TOTAL MOT,8,kg,29846.891,TRUE,-1,N/A,0,FALSE,29846.891,TRUE,0,FALSE,,799.989,799.989,6,FALSE,TRUE,HS_0202
C,A,20060101,2006,52,2006,32,ARG,Argentina,X,Export,0,W00,World,0,W00,World,H2,HS,TRUE,0202,Meat of bovine animals; frozen,4,FALSE,C00,TOTAL CPC,0,0,TOTAL MOT,8,kg,227314855,FALSE,-1,N/A,,FALSE,227314855,FALSE,,FALSE,,549983458,549983458,0,TRUE,FALSE,HS_0202
C,A,20060101,2006,52,2006,48,BHR,Bahrain,X,Export,0,W00,World,0,W00,World,H2,HS,TRUE,0202,Meat of bovine animals; frozen,4,FALSE,C00,TOTAL CPC,0,0,TOTAL MOT,8,kg,49934,FALSE,-1,N/A,,FALSE,49934,FALSE,,FALSE,,127524,127524,0,TRUE,FALSE,HS_0202
C,A,20060101,2006,52,2006,76,BRA,Brazil,X,Export,0,W00,World,0,W00,World,H2,HS,TRUE,0202,Meat of bovine animals; frozen,4,FALSE,C00,TOTAL CPC,0,0,TOTAL MOT,-1,N/A,0,FALSE,8,kg,631307779,FALSE,1097465019,FALSE,0,FALSE,,2456859194,2456859194,0,FALSE,TRUE,HS_0202
C,A,20060101,2006,52,2006,144,LKA,Sri Lanka,X,Export,0,W00,World,0,W00,World,H2,HS,TRUE,0202,Meat of bovine animals; frozen,4,FALSE,C00,TOTAL CPC,0,0,TOTAL MOT,8,kg,113245,TRUE,-1,N/A,,FALSE,113245,TRUE,,FALSE,,668207,668207,6,TRUE,FALSE,HS_0202
C,A,20060101,2006,52,2006,152,CHL,Chile,X,Export,0,W00,World,0,W00,World,H2,HS,TRUE,0202,Meat of bovine animals; frozen,4,FALSE,C00,TOTAL CPC,0,0,TOTAL MOT,8,kg,6103051.68,FALSE,8,kg,6103051.68,FALSE,6103051.68,FALSE,0,FALSE,0,14991315.19,14991315.19,0,FALSE,TRUE,HS_0202
C,A,20060101,2006,52,2006,170,COL,Colombia,X,Export,0,W00,World,0,W00,World,H2,HS,TRUE,0202,Meat of bovine animals; frozen,4,FALSE,C00,TOTAL CPC,0,0,TOTAL MOT,8,kg,1328507,FALSE,-1,N/A,,FALSE,1328507,FALSE,,FALSE,,3552448,3552448,0,TRUE,FALSE,HS_0202
C,A,20060101,2006,52,2006,222,SLV,El Salvador,X,Export,0,W00,World,0,W00,World,H2,HS,TRUE,0202,Meat of bovine animals; frozen,4,FALSE,C00,TOTAL CPC,0,0,TOTAL MOT,8,kg,462.43,FALSE,8,kg,462.43,FALSE,462.43,FALSE,0,FALSE,0,2222.5,2222.5,0,FALSE,TRUE,HS_0202
C,A,20060101,2006,52,2006,348,HUN,Hungary,X,Export,0,W00,World,0,W00,World,H2,HS,TRUE,0202,Meat of bovine animals; frozen,4,FALSE,C00,TOTAL CPC,0,0,TOTAL MOT,8,kg,1024500,FALSE,-1,N/A,,FALSE,1024500,FALSE,,FALSE,,3531000,3531000,0,TRUE,FALSE,HS_0202
C,A,20060101,2006,52,2006,360,IDN,Indonesia,X,Export,0,W00,World,0,W00,World,H1,HS,TRUE,0202,Meat of bovine animals; frozen,4,FALSE,C00,TOTAL CPC,0,0,TOTAL MOT,8,kg,4617,FALSE,-1,N/A,,FALSE,4617,FALSE,,FALSE,,5997,5997,0,FALSE,FALSE,HS_0202
C,A,20060101,2006,52,2006,384,CIV,Côte d'Ivoire,X,Export,0,W00,World,0,W00,World,H2,HS,TRUE,0202,Meat of bovine animals; frozen,4,FALSE,C00,TOTAL CPC,0,0,TOTAL MOT,8,kg,115,FALSE,-1,N/A,,FALSE,115,FALSE,,FALSE,,245,245,0,TRUE,FALSE,HS_0202
C,A,20060101,2006,52,2006,398,KAZ,Kazakhstan,X,Export,0,W00,World,0,W00,World,H2,HS,TRUE,0202,Meat of bovine animals; frozen,4,FALSE,C00,TOTAL CPC,0,0,TOTAL MOT,8,kg,21000,FALSE,-1,N/A,,FALSE,21000,FALSE,,FALSE,,38889,38889,0,TRUE,FALSE,HS_0202
C,A,20060101,2006,52,2006,484,MEX,Mexico,X,Export,0,W00,World,0,W00,World,H2,HS,TRUE,0202,Meat of bovine animals; frozen,4,FALSE,C00,TOTAL CPC,0,0,TOTAL MOT,8,kg,10717736,FALSE,-1,N/A,,FALSE,10717736,FALSE,,FALSE,,44155651,44155651,0,TRUE,FALSE,HS_0202
C,A,20060101,2006,52,2006,586,PAK,Pakistan,X,Export,0,W00,World,0,W00,World,H2,HS,TRUE,0202,Meat of bovine animals; frozen,4,FALSE,C00,TOTAL CPC,0,0,TOTAL MOT,8,kg,252582,FALSE,-1,N/A,,FALSE,252582,FALSE,,FALSE,,546941,546941,0,TRUE,FALSE,HS_0202
C,A,20060101,2006,52,2006,591,PAN,Panama,X,Export,0,W00,World,0,W00,World,H2,HS,TRUE,0202,Meat of bovine animals; frozen,4,FALSE,C00,TOTAL CPC,0,0,TOTAL MOT,8,kg,976179,FALSE,-1,N/A,,FALSE,976179,FALSE,,FALSE,,3146276,3146276,0,TRUE,FALSE,HS_0202
C,A,20060101,2006,52,2006,604,PER,Peru,X,Export,0,W00,World,0,W00,World,H2,HS,TRUE,0202,Meat of bovine animals; frozen,4,FALSE,C00,TOTAL CPC,0,0,TOTAL MOT,8,kg,2483,FALSE,-1,N/A,,FALSE,2483,FALSE,,FALSE,,12019,12019,0,TRUE,FALSE,HS_0202
C,A,20060101,2006,52,2006,616,POL,Poland,X,Export,0,W00,World,0,W00,World,H2,HS,TRUE,0202,Meat of bovine animals; frozen,4,FALSE,C00,TOTAL CPC,0,0,TOTAL MOT,8,kg,13140840,FALSE,8,kg,13140840,FALSE,13140840,FALSE,0,FALSE,0,46440313,46440313,0,FALSE,TRUE,HS_0202
C,A,20060101,2006,52,2006,634,QAT,Qatar,X,Export,0,W00,World,0,W00,World,H2,HS,TRUE,0202,Meat of bovine animals; frozen,4,FALSE,C00,TOTAL CPC,0,0,TOTAL MOT,8,kg,99195,FALSE,-1,N/A,,FALSE,99195,FALSE,,FALSE,,206574,206574,0,TRUE,FALSE,HS_0202
C,A,20060101,2006,52,2006,642,ROU,Romania,X,Export,0,W00,World,0,W00,World,H2,HS,TRUE,0202,Meat of bovine animals; frozen,4,FALSE,C00,TOTAL CPC,0,0,TOTAL MOT,8,kg,596881.11,FALSE,8,kg,596881.11,FALSE,596881.11,FALSE,0,FALSE,0,2196969.59,2196969.59,0,FALSE,TRUE,HS_0202
C,A,20060101,2006,52,2006,682,SAU,Saudi Arabia,X,Export,0,W00,World,0,W00,World,H2,HS,TRUE,0202,Meat of bovine animals; frozen,4,FALSE,C00,TOTAL CPC,0,0,TOTAL MOT,8,kg,1772000,FALSE,-1,N/A,,FALSE,1772000,FALSE,,FALSE,,4994665,4994665,0,TRUE,FALSE,HS_0202
C,A,20060101,2006,52,2006,686,SEN,Senegal,X,Export,0,W00,World,0,W00,World,H2,HS,TRUE,0202,Meat of bovine animals; frozen,4,FALSE,C00,TOTAL CPC,0,0,TOTAL MOT,8,kg,81514,FALSE,-1,N/A,,FALSE,81514,FALSE,,FALSE,,298179,298179,0,TRUE,FALSE,HS_0202
C,A,20060101,2006,52,2006,704,VNM,Viet Nam,X,Export,0,W00,World,0,W00,World,H2,HS,TRUE,0202,Meat of bovine animals; frozen,4,FALSE,C00,TOTAL CPC,0,0,TOTAL MOT,8,kg,31939,TRUE,-1,N/A,,FALSE,31939,TRUE,,FALSE,,81040,81040,6,TRUE,FALSE,HS_0202
C,A,20060101,2006,52,2006,710,ZAF,South Africa,X,Export,0,W00,World,0,W00,World,H2,HS,TRUE,0202,Meat of bovine animals; frozen,4,FALSE,C00,TOTAL CPC,0,0,TOTAL MOT,8,kg,2465521,FALSE,-1,N/A,,FALSE,2465521,FALSE,,FALSE,,4882452,4882452,0,TRUE,FALSE,HS_0202
C,A,20060101,2006,52,2006,784,ARE,United Arab Emirates,X,Export,0,W00,World,0,W00,World,H2,HS,TRUE,0202,Meat of bovine animals; frozen,4,FALSE,C00,TOTAL CPC,0,0,TOTAL MOT,-1,N/A,,FALSE,-1,N/A,,FALSE,4976322,FALSE,,FALSE,,10542899,10542899,0,TRUE,FALSE,HS_0202
C,A,20060101,2006,52,2006,792,TUR,Türkiye,X,Export,0,W00,World,0,W00,World,H2,HS,TRUE,0202,Meat of bovine animals; frozen,4,FALSE,C00,TOTAL CPC,0,0,TOTAL MOT,8,kg,7445,FALSE,8,kg,7445,FALSE,7445,FALSE,0,FALSE,0,60024,60024,0,FALSE,TRUE,HS_0202
C,A,20060101,2006,52,2006,818,EGY,Egypt,X,Export,0,W00,World,0,W00,World,H0,HS,TRUE,0202,Meat of bovine animals; frozen,4,FALSE,C00,TOTAL CPC,0,0,TOTAL MOT,8,kg,25855.319,TRUE,-1,N/A,0,FALSE,25855.319,TRUE,0,FALSE,0,70731.605,70731.605,6,FALSE,TRUE,HS_0202
C,A,20060101,2006,52,2006,858,URY,Uruguay,X,Export,0,W00,World,0,W00,World,H2,HS,TRUE,0202,Meat of bovine animals; frozen,4,FALSE,C00,TOTAL CPC,0,0,TOTAL MOT,8,kg,252123926,FALSE,-1,N/A,,FALSE,252123926,FALSE,,FALSE,,678103495,678103495,0,TRUE,FALSE,HS_0202
