type_code,freq_code,ref_period_id,ref_year,ref_month,period,reporter_code,reporter_iso,reporter_desc,flow_code,flow_desc,partner_code,partner_iso,partner_desc,partner2code,partner2iso,partner2desc,classification_code,classification_search_code,is_original_classification,cmd_code,cmd_desc,aggr_level,is_leaf,customs_code,customs_desc,mos_code,mot_code,mot_desc,qty_unit_code,qty_unit_abbr,qty,is_qty_estimated,alt_qty_unit_code,alt_qty_unit_abbr,alt_qty,is_alt_qty_estimated,net_wgt,is_net_wgt_estimated,gross_wgt,is_gross_wgt_estimated,cifvalue,fobvalue,primary_value,legacy_estimation_flag,is_reported,is_aggregate,query_type
C,A,20130101,2013,52,2013,24,AGO,Angola,X,Export,0,W00,World,0,W00,World,H3,HS,TRUE,27,"Mineral fuels, mineral oils and products of their distillation; bituminous substances; mineral waxes",2,FALSE,C00,TOTAL CPC,0,0,TOTAL MOT,-1,N/A,,FALSE,-1,N/A,,FALSE,,FALSE,,FALSE,,66505388303,66505388303,0,TRUE,FALSE,HS_27
C,A,20130101,2013,52,2013,32,ARG,Argentina,X,Export,0,W00,World,0,W00,World,H4,HS,TRUE,27,"Mineral fuels, mineral oils and products of their distillation; bituminous substances; mineral waxes",2,FALSE,C00,TOTAL CPC,0,0,TOTAL MOT,-1,N/A,,FALSE,-1,N/A,,FALSE,,FALSE,,FALSE,,3557637407,3557637407,0,TRUE,FALSE,HS_27
C,A,20130101,2013,52,2013,48,BHR,Bahrain,X,Export,0,W00,World,0,W00,World,H4,HS,TRUE,27,"Mineral fuels, mineral oils and products of their distillation; bituminous substances; mineral waxes",2,FALSE,C00,TOTAL CPC,0,0,TOTAL MOT,-1,N/A,,FALSE,-1,N/A,,FALSE,,FALSE,,FALSE,,10177285696,10177285696,0,TRUE,FALSE,HS_27
C,A,20130101,2013,52,2013,76,BRA,Brazil,X,Export,0,W00,World,0,W00,World,H4,HS,TRUE,27,"Mineral fuels, mineral oils and products of their distillation; bituminous substances; mineral waxes",2,FALSE,C00,TOTAL CPC,0,0,TOTAL MOT,-1,N/A,0,FALSE,-1,N/A,0,FALSE,0,TRUE,0,FALSE,,22399714464,22399714464,4,FALSE,TRUE,HS_27
C,A,20130101,2013,52,2013,144,LKA,Sri Lanka,X,Export,0,W00,World,0,W00,World,H4,HS,TRUE,27,"Mineral fuels, mineral oils and products of their distillation; bituminous substances; mineral waxes",2,FALSE,C00,TOTAL CPC,0,0,TOTAL MOT,-1,N/A,,FALSE,-1,N/A,,FALSE,,FALSE,,FALSE,,31660787,31660787,0,TRUE,FALSE,HS_27
C,A,20130101,2013,52,2013,152,CHL,Chile,X,Export,0,W00,World,0,W00,World,H4,HS,TRUE,27,"Mineral fuels, mineral oils and products of their distillation; bituminous substances; mineral waxes",2,FALSE,C00,TOTAL CPC,0,0,TOTAL MOT,-1,N/A,0,FALSE,-1,N/A,0,FALSE,0,TRUE,0,FALSE,0,1064411111.225,1064411111.225,4,FALSE,TRUE,HS_27
C,A,20130101,2013,52,2013,170,COL,Colombia,X,Export,0,W00,World,0,W00,World,H4,HS,TRUE,27,"Mineral fuels, mineral oils and products of their distillation; bituminous substances; mineral waxes",2,FALSE,C00,TOTAL CPC,0,0,TOTAL MOT,-1,N/A,,FALSE,-1,N/A,,FALSE,,FALSE,,FALSE,,39278441079,39278441079,0,TRUE,FALSE,HS_27
C,A,20130101,2013,52,2013,218,ECU,Ecuador,X,Export,0,W00,World,0,W00,World,H4,HS,TRUE,27,"Mineral fuels, mineral oils and products of their distillation; bituminous substances; mineral waxes",2,FALSE,C00,TOTAL CPC,0,0,TOTAL MOT,-1,N/A,,FALSE,-1,N/A,,FALSE,,FALSE,,FALSE,,14106351786,14106351786,0,TRUE,FALSE,HS_27
C,A,20130101,2013,52,2013,222,SLV,El Salvador,X,Export,0,W00,World,0,W00,World,H4,HS,TRUE,27,"Mineral fuels, mineral oils and products of their distillation; bituminous substances; mineral waxes",2,FALSE,C00,TOTAL CPC,0 ,0,TOTAL MOT,-1,N/A,0,FALSE,-1,N/A,0,FALSE,,FALSE,,FALSE,,128555341.95,128555341.95,0,FALSE,TRUE,HS_27
C,A,20130101,2013,52,2013,348,HUN,Hungary,X,Export,0,W00,World,0,W00,World,H4,HS,TRUE,27,"Mineral fuels, mineral oils and products of their distillation; bituminous substances; mineral waxes",2,FALSE,C00,TOTAL CPC,0,0,TOTAL MOT,-1,N/A,,FALSE,-1,N/A,,FALSE,,FALSE,,FALSE,,3901346560,3901346560,0,TRUE,FALSE,HS_27
C,A,20130101,2013,52,2013,360,IDN,Indonesia,X,Export,0,W00,World,0,W00,World,H4,HS,TRUE,27,"Mineral fuels, mineral oils and products of their distillation; bituminous substances; mineral waxes",2,FALSE,C00,TOTAL CPC,0,0,TOTAL MOT,-1,N/A,,FALSE,-1,N/A,,FALSE,,FALSE,,FALSE,,57413344503,57413344503,0,TRUE,FALSE,HS_27
C,A,20130101,2013,52,2013,368,IRQ,Iraq,X,Export,0,W00,World,0,W00,World,H2,HS,TRUE,27,"Mineral fuels, mineral oils and products of their distillation; bituminous substances; mineral waxes",2,FALSE,C00,TOTAL CPC,0,0,TOTAL MOT,-1,N/A,,FALSE,-1,N/A,,FALSE,,FALSE,,FALSE,,89559590953,89559590953,0,TRUE,FALSE,HS_27
C,A,20130101,2013,52,2013,384,CIV,Côte d'Ivoire,X,Export,0,W00,World,0,W00,World,H3,HS,TRUE,27,"Mineral fuels, mineral oils and products of their distillation; bituminous substances; mineral waxes",2,FALSE,C00,TOTAL CPC,0,0,TOTAL MOT,-1,N/A,0,FALSE,-1,N/A,0,FALSE,0,FALSE,0,FALSE,,2894882173.946,2894882173.946,0,FALSE,TRUE,HS_27
C,A,20130101,2013,52,2013,398,KAZ,Kazakhstan,X,Export,0,W00,World,0,W00,World,H4,HS,TRUE,27,"Mineral fuels, mineral oils and products of their distillation; bituminous substances; mineral waxes",2,FALSE,C00,TOTAL CPC,0,0,TOTAL MOT,-1,N/A,,FALSE,-1,N/A,,FALSE,,FALSE,,FALSE,,64621311133,64621311133,0,TRUE,FALSE,HS_27
C,A,20130101,2013,52,2013,484,MEX,Mexico,X,Export,0,W00,World,0,W00,World,H4,HS,TRUE,27,"Mineral fuels, mineral oils and products of their distillation; bituminous substances; mineral waxes",2,FALSE,C00,TOTAL CPC,0,0,TOTAL MOT,-1,N/A,,FALSE,-1,N/A,,FALSE,,FALSE,,FALSE,,48679871755,48679871755,0,TRUE,FALSE,HS_27
C,A,20130101,2013,52,2013,504,MAR,Morocco,X,Export,0,W00,World,0,W00,World,H2,HS,TRUE,27,"Mineral fuels, mineral oils and products of their distillation; bituminous substances; mineral waxes",2,FALSE,C00,TOTAL CPC,0,0,TOTAL MOT,-1,N/A,,FALSE,-1,N/A,,FALSE,,FALSE,,FALSE,,1585428356,1585428356,0,TRUE,FALSE,HS_27
C,A,20130101,2013,52,2013,566,NGA,Nigeria,X,Export,0,W00,World,0,W00,World,H3,HS,TRUE,27,"Mineral fuels, mineral oils and products of their distillation; bituminous substances; mineral waxes",2,FALSE,C00,TOTAL CPC,0,0,TOTAL MOT,-1,N/A,,FALSE,-1,N/A,,FALSE,,FALSE,,FALSE,,79354194181,79354194181,0,TRUE,FALSE,HS_27
C,A,20130101,2013,52,2013,586,PAK,Pakistan,X,Export,0,W00,World,0,W00,World,H4,HS,TRUE,27,"Mineral fuels, mineral oils and products of their distillation; bituminous substances; mineral waxes",2,FALSE,C00,TOTAL CPC,0,0,TOTAL MOT,-1,N/A,,FALSE,-1,N/A,,FALSE,,FALSE,,FALSE,,526781352,526781352,0,TRUE,FALSE,HS_27
C,A,20130101,2013,52,2013,591,PAN,Panama,X,Export,0,W00,World,0,W00,World,H4,HS,TRUE,27,"Mineral fuels, mineral oils and products of their distillation; bituminous substances; mineral waxes",2,FALSE,C00,TOTAL CPC,0,0,TOTAL MOT,-1,N/A,0,FALSE,-1,N/A,0,FALSE,0,TRUE,0,FALSE,0,4744315,4744315,4,FALSE,TRUE,HS_27
C,A,20130101,2013,52,2013,604,PER,Peru,X,Export,0,W00,World,0,W00,World,H4,HS,TRUE,27,"Mineral fuels, mineral oils and products of their distillation; bituminous substances; mineral waxes",2,FALSE,C00,TOTAL CPC,0,0,TOTAL MOT,-1,N/A,0,FALSE,-1,N/A,0,FALSE,,FALSE,0,FALSE,,7006404223.61,7006404223.61,0,FALSE,TRUE,HS_27
C,A,20130101,2013,52,2013,608,PHL,Philippines,X,Export,0,W00,World,0,W00,World,H2,HS,TRUE,27,"Mineral fuels, mineral oils and products of their distillation; bituminous substances; mineral waxes",2,FALSE,C00,TOTAL CPC,0,0,TOTAL MOT,-1,N/A,,FALSE,-1,N/A,,FALSE,,FALSE,,FALSE,,2135756694,2135756694,0,TRUE,FALSE,HS_27
C,A,20130101,2013,52,2013,616,POL,Poland,X,Export,0,W00,World,0,W00,World,H4,HS,TRUE,27,"Mineral fuels, mineral oils and products of their distillation; bituminous substances; mineral waxes",2,FALSE,C00,TOTAL CPC,0,0,TOTAL MOT,-1,N/A,,FALSE,-1,N/A,,FALSE,,FALSE,,FALSE,,9589456654,9589456654,0,TRUE,FALSE,HS_27
C,A,20130101,2013,52,2013,634,QAT,Qatar,X,Export,0,W00,World,0,W00,World,H4,HS,TRUE,27,"Mineral fuels, mineral oils and products of their distillation; bituminous substances; mineral waxes",2,FALSE,C00,TOTAL CPC,0,0,TOTAL MOT,-1,N/A,0,FALSE,-1,N/A,0,FALSE,0,TRUE,0,FALSE,,119978414606.614,119978414606.614,4,FALSE,TRUE,HS_27
C,A,20130101,2013,52,2013,642,ROU,Romania,X,Export,0,W00,World,0,W00,World,H4,HS,TRUE,27,"Mineral fuels, mineral oils and products of their distillation; bituminous substances; mineral waxes",2,FALSE,C00,TOTAL CPC,0,0,TOTAL MOT,-1,N/A,,FALSE,-1,N/A,,FALSE,,FALSE,,FALSE,,3451712020,3451712020,0,TRUE,FALSE,HS_27
C,A,20130101,2013,52,2013,682,SAU,Saudi Arabia,X,Export,0,W00,World,0,W00,World,H4,HS,TRUE,27,"Mineral fuels, mineral oils and products of their distillation; bituminous substances; mineral waxes",2,FALSE,C00,TOTAL CPC,0,0,TOTAL MOT,-1,N/A,,FALSE,-1,N/A,,FALSE,,FALSE,,FALSE,,321928139210,321928139210,0,TRUE,FALSE,HS_27
C,A,20130101,2013,52,2013,686,SEN,Senegal,X,Export,0,W00,World,0,W00,World,H3,HS,TRUE,27,"Mineral fuels, mineral oils and products of their distillation; bituminous substances; mineral waxes",2,FALSE,C00,TOTAL CPC,0,0,TOTAL MOT,-1,N/A,,FALSE,-1,N/A,,FALSE,,FALSE,,FALSE,,439198853,439198853,0,TRUE,FALSE,HS_27
C,A,20130101,2013,52,2013,704,VNM,Viet Nam,X,Export,0,W00,World,0,W00,World,H4,HS,TRUE,27,"Mineral fuels, mineral oils and products of their distillation; bituminous substances; mineral waxes",2,FALSE,C00,TOTAL CPC,0,0,TOTAL MOT,-1,N/A,,FALSE,-1,N/A,,FALSE,,FALSE,,FALSE,,9685332539,9685332539,0,TRUE,FALSE,HS_27
C,A,20130101,2013,52,2013,710,ZAF,South Africa,X,Export,0,W00,World,0,W00,World,H4,HS,TRUE,27,"Mineral fuels, mineral oils and products of their distillation; bituminous substances; mineral waxes",2,FALSE,C00,TOTAL CPC,0,0,TOTAL MOT,-1,N/A,0,FALSE,-1,N/A,0,FALSE,,FALSE,0,FALSE,,10160082544.212,10160082544.212,0,FALSE,TRUE,HS_27
C,A,20130101,2013,52,2013,784,ARE,United Arab Emirates,X,Export,0,W00,World,0,W00,World,H4,HS,TRUE,27,"Mineral fuels, mineral oils and products of their distillation; bituminous substances; mineral waxes",2,FALSE,C00,TOTAL CPC,0 ,0,TOTAL MOT,-1,N/A,0,FALSE,-1,N/A,0,FALSE,,TRUE,,FALSE,,130620932975.354,130620932975.354,0,FALSE,TRUE,HS_27
C,A,20130101,2013,52,2013,792,TUR,Türkiye,X,Export,0,W00,World,0,W00,World,H4,HS,TRUE,27,"Mineral fuels, mineral oils and products of their distillation; bituminous substances; mineral waxes",2,FALSE,C00,TOTAL CPC,0,0,TOTAL MOT,-1,N/A,0,FALSE,-1,N/A,0,FALSE,0,TRUE,0,FALSE,0,10117703534,10117703534,4,FALSE,TRUE,HS_27
C,A,20130101,2013,52,2013,818,EGY,Egypt,X,Export,0,W00,World,0,W00,World,H3,HS,TRUE,27,"Mineral fuels, mineral oils and products of their distillation; bituminous substances; mineral waxes",2,FALSE,C00,TOTAL CPC,0,0,TOTAL MOT,-1,N/A,,FALSE,-1,N/A,,FALSE,,FALSE,,FALSE,,7558206449,7558206449,0,TRUE,FALSE,HS_27
C,A,20130101,2013,52,2013,858,URY,Uruguay,X,Export,0,W00,World,0,W00,World,H4,HS,TRUE,27,"Mineral fuels, mineral oils and products of their distillation; bituminous substances; mineral waxes",2,FALSE,C00,TOTAL CPC,0,0,TOTAL MOT,-1,N/A,,FALSE,-1,N/A,,FALSE,,FALSE,,FALSE,,44600015,44600015,0,TRUE,FALSE,HS_27
C,A,20130101,2013,52,2013,894,ZMB,Zambia,X,Export,0,W00,World,0,W00,World,H4,HS,TRUE,27,"Mineral fuels, mineral oils and products of their distillation; bituminous substances; mineral waxes",2,FALSE,C00,TOTAL CPC,0,0,TOTAL MOT,-1,N/A,0,FALSE,-1,N/A,0,FALSE,,FALSE,0,FALSE,,198901553.599,198901553.599,0,FALSE,TRUE,HS_27
C,A,20130101,2013,52,2013,24,AGO,Angola,X,Export,0,W00,World,0,W00,World,H3,HS,TRUE,2709,Petroleum oils and oils obtained from bituminous minerals; crude,4,FALSE,C00,TOTAL CPC,0,0,TOTAL MOT,8,kg,96731363120,FALSE,-1,N/A,,FALSE,96731363120,FALSE,,FALSE,,65464178236,65464178236,0,TRUE,FALSE,HS_2709
C,A,20130101,2013,52,2013,32,ARG,Argentina,X,Export,0,W00,World,0,W00,World,H4,HS,TRUE,2709,Petroleum oils and oils obtained from bituminous minerals; crude,4,FALSE,C00,TOTAL CPC,0,0,TOTAL MOT,8,kg,2432547814,FALSE,-1,N/A,,FALSE,2432547814,FALSE,,FALSE,,1736775154,1736775154,0,TRUE,FALSE,HS_2709
C,A,20130101,2013,52,2013,76,BRA,Brazil,X,Export,0,W00,World,0,W00,World,H4,HS,TRUE,2709,Petroleum oils and oils obtained from bituminous minerals; crude,4,FALSE,C00,TOTAL CPC,0,0,TOTAL MOT,8,kg,19854489576.893,TRUE,-1,N/A,0,FALSE,19854489576.893,TRUE,0,FALSE,,12956638294,12956638294,6,FALSE,TRUE,HS_2709
C,A,20130101,2013,52,2013,144,LKA,Sri Lanka,X,Export,0,W00,World,0,W00,World,H4,HS,TRUE,2709,Petroleum oils and oils obtained from bituminous minerals; crude,4,FALSE,C00,TOTAL CPC,0,0,TOTAL MOT,-1,N/A,,FALSE,-1,N/A,,FALSE,,FALSE,,FALSE,,57,57,0,TRUE,FALSE,HS_2709
C,A,20130101,2013,52,2013,170,COL,Colombia,X,Export,0,W00,World,0,W00,World,H4,HS,TRUE,2709,Petroleum oils and oils obtained from bituminous minerals; crude,4,FALSE,C00,TOTAL CPC,0,0,TOTAL MOT,8,kg,40863912754,FALSE,-1,N/A,,FALSE,40863912754,FALSE,,FALSE,,27644198008,27644198008,0,TRUE,FALSE,HS_2709
C,A,20130101,2013,52,2013,218,ECU,Ecuador,X,Export,0,W00,World,0,W00,World,H4,HS,TRUE,2709,Petroleum oils and oils obtained from bituminous minerals; crude,4,FALSE,C00,TOTAL CPC,0,0,TOTAL MOT,8,kg,19614690388,FALSE,-1,N/A,,FALSE,19614690388,FALSE,,FALSE,,13411758600,13411758600,0,TRUE,FALSE,HS_2709
C,A,20130101,2013,52,2013,348,HUN,Hungary,X,Export,0,W00,World,0,W00,World,H4,HS,TRUE,2709,Petroleum oils and oils obtained from bituminous minerals; crude,4,FALSE,C00,TOTAL CPC,0,0,TOTAL MOT,8,kg,66059527,FALSE,-1,N/A,,FALSE,66059527,FALSE,,FALSE,,50871809,50871809,0,TRUE,FALSE,HS_2709
C,A,20130101,2013,52,2013,360,IDN,Indonesia,X,Export,0,W00,World,0,W00,World,H4,HS,TRUE,2709,Petroleum oils and oils obtained from bituminous minerals; crude,4,FALSE,C00,TOTAL CPC,0,0,TOTAL MOT,8,kg,13016941457,FALSE,-1,N/A,,FALSE,13016941457,FALSE,,FALSE,,10204709564,10204709564,0,TRUE,FALSE,HS_2709
C,A,20130101,2013,52,2013,368,IRQ,Iraq,X,Export,0,W00,World,0,W00,World,H2,HS,TRUE,2709,Petroleum oils and oils obtained from bituminous minerals; crude,4,FALSE,C00,TOTAL CPC,0,0,TOTAL MOT,-1,N/A,,FALSE,-1,N/A,,FALSE,,FALSE,,FALSE,,89214500000,89214500000,0,TRUE,FALSE,HS_2709
C,A,20130101,2013,52,2013,384,CIV,Côte d'Ivoire,X,Export,0,W00,World,0,W00,World,H3,HS,TRUE,2709,Petroleum oils and oils obtained from bituminous minerals; crude,4,FALSE,C00,TOTAL CPC,0,0,TOTAL MOT,8,kg,1234286919,FALSE,8,kg,1234286919,FALSE,1234286919,FALSE,0,FALSE,,959548867.791,959548867.791,0,FALSE,TRUE,HS_2709
C,A,20130101,2013,52,2013,398,KAZ,Kazakhstan,X,Export,0,W00,World,0,W00,World,H4,HS,TRUE,2709,Petroleum oils and oils obtained from bituminous minerals; crude,4,FALSE,C00,TOTAL CPC,0,0,TOTAL MOT,8,kg,70697376994,FALSE,-1,N/A,,FALSE,70697376994,FALSE,,FALSE,,57249535115,57249535115,0,TRUE,FALSE,HS_2709
C,A,20130101,2013,52,2013,484,MEX,Mexico,X,Export,0,W00,World,0,W00,World,H4,HS,TRUE,2709,Petroleum oils and oils obtained from bituminous minerals; crude,4,FALSE,C00,TOTAL CPC,0,0,TOTAL MOT,8,kg,59331669200,FALSE,-1,N/A,,FALSE,59331669200,FALSE,,FALSE,,42711655472,42711655472,0,TRUE,FALSE,HS_2709
C,A,20130101,2013,52,2013,504,MAR,Morocco,X,Export,0,W00,World,0,W00,World,H2,HS,TRUE,2709,Petroleum oils and oils obtained from bituminous minerals; crude,4,FALSE,C00,TOTAL CPC,0,0,TOTAL MOT,8,kg,50400,FALSE,-1,N/A,,FALSE,50400,FALSE,,FALSE,,329399,329399,0,TRUE,FALSE,HS_2709
C,A,20130101,2013,52,2013,566,NGA,Nigeria,X,Export,0,W00,World,0,W00,World,H3,HS,TRUE,2709,Petroleum oils and oils obtained from bituminous minerals; crude,4,FALSE,C00,TOTAL CPC,0,0,TOTAL MOT,8,kg,205628126,TRUE,-1,N/A,,FALSE,205628126,TRUE,,FALSE,,74953784338,74953784338,6,TRUE,FALSE,HS_2709
C,A,20130101,2013,52,2013,604,PER,Peru,X,Export,0,W00,World,0,W00,World,H4,HS,TRUE,2709,Petroleum oils and oils obtained from bituminous minerals; crude,4,FALSE,C00,TOTAL CPC,0,0,TOTAL MOT,-1,N/A,0,FALSE,-1,N/A,0,FALSE,,FALSE,0,FALSE,,537895524.39,537895524.39,0,FALSE,TRUE,HS_2709
C,A,20130101,2013,52,2013,608,PHL,Philippines,X,Export,0,W00,World,0,W00,World,H2,HS,TRUE,2709,Petroleum oils and oils obtained from bituminous minerals; crude,4,FALSE,C00,TOTAL CPC,0,0,TOTAL MOT,8,kg,1157331486,FALSE,-1,N/A,,FALSE,1157331486,FALSE,,FALSE,,975472251,975472251,0,TRUE,FALSE,HS_2709
C,A,20130101,2013,52,2013,616,POL,Poland,X,Export,0,W00,World,0,W00,World,H4,HS,TRUE,2709,Petroleum oils and oils obtained from bituminous minerals; crude,4,FALSE,C00,TOTAL CPC,0,0,TOTAL MOT,8,kg,402667185,FALSE,-1,N/A,,FALSE,402667185,FALSE,,FALSE,,334039178,334039178,0,TRUE,FALSE,HS_2709
C,A,20130101,2013,52,2013,634,QAT,Qatar,X,Export,0,W00,World,0,W00,World,H4,HS,TRUE,2709,Petroleum oils and oils obtained from bituminous minerals; crude,4,FALSE,C00,TOTAL CPC,0,0,TOTAL MOT,8,kg,30310961009,FALSE,5,u,231540705,FALSE,30310961009,FALSE,0,FALSE,,24877673258.511,24877673258.511,0,FALSE,TRUE,HS_2709
C,A,20130101,2013,52,2013,642,ROU,Romania,X,Export,0,W00,World,0,W00,World,H4,HS,TRUE,2709,Petroleum oils and oils obtained from bituminous minerals; crude,4,FALSE,C00,TOTAL CPC,0,0,TOTAL MOT,8,kg,60128078,FALSE,-1,N/A,,FALSE,60128078,FALSE,,FALSE,,41213170,41213170,0,TRUE,FALSE,HS_2709
C,A,20130101,2013,52,2013,682,SAU,Saudi Arabia,X,Export,0,W00,World,0,W00,World,H4,HS,TRUE,2709,Petroleum oils and oils obtained from bituminous minerals; crude,4,FALSE,C00,TOTAL CPC,0,0,TOTAL MOT,8,kg,376777610000,FALSE,-1,N/A,,FALSE,376777610000,FALSE,,FALSE,,293994567493,293994567493,0,TRUE,FALSE,HS_2709
C,A,20130101,2013,52,2013,704,VNM,Viet Nam,X,Export,0,W00,World,0,W00,World,H4,HS,TRUE,2709,Petroleum oils and oils obtained from bituminous minerals; crude,4,FALSE,C00,TOTAL CPC,0,0,TOTAL MOT,8,kg,8567654420,FALSE,-1,N/A,,FALSE,8567654420,FALSE,,FALSE,,7375357838,7375357838,0,TRUE,FALSE,HS_2709
C,A,20130101,2013,52,2013,710,ZAF,South Africa,X,Export,0,W00,World,0,W00,World,H4,HS,TRUE,2709,Petroleum oils and oils obtained from bituminous minerals; crude,4,FALSE,C00,TOTAL CPC,0,0,TOTAL MOT,-1,N/A,0,FALSE,-1,N/A,0,FALSE,,FALSE,0,FALSE,,708642.031,708642.031,0,FALSE,TRUE,HS_2709
C,A,20130101,2013,52,2013,784,ARE,United Arab Emirates,X,Export,0,W00,World,0,W00,World,H4,HS,TRUE,2709,Petroleum oils and oils obtained from bituminous minerals; crude,4,FALSE,C00,TOTAL CPC,0 ,0,TOTAL MOT,8,kg,134288843020.134,TRUE,-1,N/A,0,FALSE,,TRUE,,FALSE,,106910826083.204,106910826083.204,0,FALSE,TRUE,HS_2709
C,A,20130101,2013,52,2013,792,TUR,Türkiye,X,Export,0,W00,World,0,W00,World,H4,HS,TRUE,2709,Petroleum oils and oils obtained from bituminous minerals; crude,4,FALSE,C00,TOTAL CPC,0,0,TOTAL MOT,8,kg,31,FALSE,8,kg,31,FALSE,31,FALSE,0,FALSE,0,664,664,0,FALSE,TRUE,HS_2709
C,A,20130101,2013,52,2013,818,EGY,Egypt,X,Export,0,W00,World,0,W00,World,H3,HS,TRUE,2709,Petroleum oils and oils obtained from bituminous minerals; crude,4,FALSE,C00,TOTAL CPC,0,0,TOTAL MOT,8,kg,4.361e+09,FALSE,-1,N/A,,FALSE,4.361e+09,FALSE,,FALSE,,3059529274,3059529274,0,TRUE,FALSE,HS_2709
C,A,20130101,2013,52,2013,894,ZMB,Zambia,X,Export,0,W00,World,0,W00,World,H4,HS,TRUE,2709,Petroleum oils and oils obtained from bituminous minerals; crude,4,FALSE,C00,TOTAL CPC,0,0,TOTAL MOT,8,kg,59817.354,TRUE,-1,N/A,0,FALSE,59817.354,TRUE,0,FALSE,,47621.444,47621.444,6,FALSE,TRUE,HS_2709
C,A,20130101,2013,52,2013,32,ARG,Argentina,X,Export,0,W00,World,0,W00,World,H4,HS,TRUE,2710,"Petroleum oils and oils from bituminous minerals, not crude; preparations n.e.c, containing by weight 70% or more of petroleum oils or oils from bituminous minerals; these being the basic constituents of the preparations; waste oils",4,FALSE,C00,TOTAL CPC,0,0,TOTAL MOT,8,kg,1125603106,FALSE,-1,N/A,,FALSE,1125603106,FALSE,,FALSE,,1007608178,1007608178,0,TRUE,FALSE,HS_2710
C,A,20130101,2013,52,2013,48,BHR,Bahrain,X,Export,0,W00,World,0,W00,World,H4,HS,TRUE,2710,"Petroleum oils and oils from bituminous minerals, not crude; preparations n.e.c, containing by weight 70% or more of petroleum oils or oils from bituminous minerals; these being the basic constituents of the preparations; waste oils",4,FALSE,C00,TOTAL CPC,0,0,TOTAL MOT,8,kg,9091190195,TRUE,-1,N/A,,FALSE,9091190195,TRUE,,FALSE,,10131466351,10131466351,6,TRUE,FALSE,HS_2710
C,A,20130101,2013,52,2013,76,BRA,Brazil,X,Export,0,W00,World,0,W00,World,H4,HS,TRUE,2710,"Petroleum oils and oils from bituminous minerals, not crude; preparations n.e.c, containing by weight 70% or more of petroleum oils or oils from bituminous minerals; these being the basic constituents of the preparations; waste oils",4,FALSE,C00,TOTAL CPC,0,0,TOTAL MOT,8,kg,6990274879.179,TRUE,-1,N/A,0,FALSE,6990274554.179,TRUE,0,FALSE,,4531874325,4531874325,6,FALSE,TRUE,HS_2710
C,A,20130101,2013,52,2013,144,LKA,Sri Lanka,X,Export,0,W00,World,0,W00,World,H4,HS,TRUE,2710,"Petroleum oils and oils from bituminous minerals, not crude; preparations n.e.c, containing by weight 70% or more of petroleum oils or oils from bituminous minerals; these being the basic constituents of the preparations; waste oils",4,FALSE,C00,TOTAL CPC,0,0,TOTAL MOT,-1,N/A,,FALSE,-1,N/A,,FALSE,,FALSE,,FALSE,,31506503,31506503,0,TRUE,FALSE,HS_2710
C,A,20130101,2013,52,2013,152,CHL,Chile,X,Export,0,W00,World,0,W00,World,H4,HS,TRUE,2710,"Petroleum oils and oils from bituminous minerals, not crude; preparations n.e.c, containing by weight 70% or more of petroleum oils or oils from bituminous minerals; these being the basic constituents of the preparations; waste oils",4,FALSE,C00,TOTAL CPC,0,0,TOTAL MOT,8,kg,761511495.175,TRUE,-1,N/A,0,FALSE,761511495.175,TRUE,0,FALSE,0,965214370.122,965214370.122,6,FALSE,TRUE,HS_2710
C,A,20130101,2013,52,2013,170,COL,Colombia,X,Export,0,W00,World,0,W00,World,H4,HS,TRUE,2710,"Petroleum oils and oils from bituminous minerals, not crude; preparations n.e.c, containing by weight 70% or more of petroleum oils or oils from bituminous minerals; these being the basic constituents of the preparations; waste oils",4,FALSE,C00,TOTAL CPC,0,0,TOTAL MOT,8,kg,6531964572,FALSE,-1,N/A,,FALSE,6531964572,FALSE,,FALSE,,4364625388,4364625388,0,TRUE,FALSE,HS_2710
C,A,20130101,2013,52,2013,218,ECU,Ecuador,X,Export,0,W00,World,0,W00,World,H4,HS,TRUE,2710,"Petroleum oils and oils from bituminous minerals, not crude; preparations n.e.c, containing by weight 70% or more of petroleum oils or oils from bituminous minerals; these being the basic constituents of the preparations; waste oils",4,FALSE,C00,TOTAL CPC,0,0,TOTAL MOT,8,kg,875074510,FALSE,-1,N/A,,FALSE,875074510,FALSE,,FALSE,,551946646,551946646,0,TRUE,FALSE,HS_2710
C,A,20130101,2013,52,2013,222,SLV,El Salvador,X,Export,0,W00,World,0,W00,World,H4,HS,TRUE,2710,"Petroleum oils and oils from bituminous minerals, not crude; preparations n.e.c, containing by weight 70% or more of petroleum oils or oils from bituminous minerals; these being the basic constituents of the preparations; waste oils",4,FALSE,C00,TOTAL CPC,0 ,0,TOTAL MOT,8,kg,71643036.69,FALSE,8,kg,71643036.69,FALSE,71643036.69,FALSE,,FALSE,,106376821.54,106376821.54,0,FALSE,TRUE,HS_2710
C,A,20130101,2013,52,2013,348,HUN,Hungary,X,Export,0,W00,World,0,W00,World,H4,HS,TRUE,2710,"Petroleum oils and oils from bituminous minerals, not crude; preparations n.e.c, containing by weight 70% or more of petroleum oils or oils from bituminous minerals; these being the basic constituents of the preparations; waste oils",4,FALSE,C00,TOTAL CPC,0,0,TOTAL MOT,8,kg,2069823844,TRUE,-1,N/A,,FALSE,2069823844,TRUE,,FALSE,,2063410771,2063410771,6,TRUE,FALSE,HS_2710
C,A,20130101,2013,52,2013,360,IDN,Indonesia,X,Export,0,W00,World,0,W00,World,H4,HS,TRUE,2710,"Petroleum oils and oils from bituminous minerals, not crude; preparations n.e.c, containing by weight 70% or more of petroleum oils or oils from bituminous minerals; these being the basic constituents of the preparations; waste oils",4,FALSE,C00,TOTAL CPC,0,0,TOTAL MOT,8,kg,1871089514,FALSE,-1,N/A,,FALSE,1871089514,FALSE,,FALSE,,1611408080,1611408080,0,TRUE,FALSE,HS_2710
C,A,20130101,2013,52,2013,368,IRQ,Iraq,X,Export,0,W00,World,0,W00,World,H2,HS,TRUE,2710,"Petroleum oils and oils from bituminous minerals, not crude; preparations n.e.c. containing by weight 70% or more of petroleum oils or oils from bituminous minerals; these being the basic constituents of the preparations; waste oils",4,FALSE,C00,TOTAL CPC,0,0,TOTAL MOT,8,kg,590340684,TRUE,-1,N/A,,FALSE,590340684,TRUE,,FALSE,,335340953,335340953,6,TRUE,FALSE,HS_2710
C,A,20130101,2013,52,2013,384,CIV,Côte d'Ivoire,X,Export,0,W00,World,0,W00,World,H3,HS,TRUE,2710,"Petroleum oils and oils from bituminous minerals, not crude; preparations n.e.c. containing by weight 70% or more of petroleum oils or oils from bituminous minerals; these being the basic constituents of the preparations; waste oils",4,FALSE,C00,TOTAL CPC,0,0,TOTAL MOT,8,kg,1904927443,FALSE,8,kg,1904927443,FALSE,1904927443,FALSE,0,FALSE,,1797715663.183,1797715663.183,0,FALSE,TRUE,HS_2710
C,A,20130101,2013,52,2013,398,KAZ,Kazakhstan,X,Export,0,W00,World,0,W00,World,H4,HS,TRUE,2710,"Petroleum oils and oils from bituminous minerals, not crude; preparations n.e.c, containing by weight 70% or more of petroleum oils or oils from bituminous minerals; these being the basic constituents of the preparations; waste oils",4,FALSE,C00,TOTAL CPC,0,0,TOTAL MOT,8,kg,5263064811,FALSE,-1,N/A,,FALSE,5263064811,FALSE,,FALSE,,3151828341,3151828341,0,TRUE,FALSE,HS_2710
C,A,20130101,2013,52,2013,484,MEX,Mexico,X,Export,0,W00,World,0,W00,World,H4,HS,TRUE,2710,"Petroleum oils and oils from bituminous minerals, not crude; preparations n.e.c, containing by weight 70% or more of petroleum oils or oils from bituminous minerals; these being the basic constituents of the preparations; waste oils",4,FALSE,C00,TOTAL CPC,0,0,TOTAL MOT,-1,N/A,,FALSE,-1,N/A,,FALSE,,FALSE,,FALSE,,5691443573,5691443573,0,TRUE,FALSE,HS_2710
C,A,20130101,2013,52,2013,504,MAR,Morocco,X,Export,0,W00,World,0,W00,World,H2,HS,TRUE,2710,"Petroleum oils and oils from bituminous minerals, not crude; preparations n.e.c. containing by weight 70% or more of petroleum oils or oils from bituminous minerals; these being the basic constituents of the preparations; waste oils",4,FALSE,C00,TOTAL CPC,0,0,TOTAL MOT,8,kg,1208140404,FALSE,-1,N/A,,FALSE,1208140404,FALSE,,FALSE,,1068008588,1068008588,0,TRUE,FALSE,HS_2710
C,A,20130101,2013,52,2013,566,NGA,Nigeria,X,Export,0,W00,World,0,W00,World,H3,HS,TRUE,2710,"Petroleum oils and oils from bituminous minerals, not crude; preparations n.e.c. containing by weight 70% or more of petroleum oils or oils from bituminous minerals; these being the basic constituents of the preparations; waste oils",4,FALSE,C00,TOTAL CPC,0,0,TOTAL MOT,8,kg,24180390,FALSE,-1,N/A,,FALSE,24180390,FALSE,,FALSE,,2426067629,2426067629,0,TRUE,FALSE,HS_2710
C,A,20130101,2013,52,2013,586,PAK,Pakistan,X,Export,0,W00,World,0,W00,World,H4,HS,TRUE,2710,"Petroleum oils and oils from bituminous minerals, not crude; preparations n.e.c, containing by weight 70% or more of petroleum oils or oils from bituminous minerals; these being the basic constituents of the preparations; waste oils",4,FALSE,C00,TOTAL CPC,0,0,TOTAL MOT,8,kg,612208992,FALSE,-1,N/A,,FALSE,612208992,FALSE,,FALSE,,525480793,525480793,0,TRUE,FALSE,HS_2710
C,A,20130101,2013,52,2013,591,PAN,Panama,X,Export,0,W00,World,0,W00,World,H4,HS,TRUE,2710,"Petroleum oils and oils from bituminous minerals, not crude; preparations n.e.c, containing by weight 70% or more of petroleum oils or oils from bituminous minerals; these being the basic constituents of the preparations; waste oils",4,FALSE,C00,TOTAL CPC,0,0,TOTAL MOT,8,kg,2889745.8,TRUE,-1,N/A,0,FALSE,2889745.8,TRUE,2770962,FALSE,0,4073638,4073638,6,FALSE,TRUE,HS_2710
C,A,20130101,2013,52,2013,604,PER,Peru,X,Export,0,W00,World,0,W00,World,H4,HS,TRUE,2710,"Petroleum oils and oils from bituminous minerals, not crude; preparations n.e.c, containing by weight 70% or more of petroleum oils or oils from bituminous minerals; these being the basic constituents of the preparations; waste oils",4,FALSE,C00,TOTAL CPC,0,0,TOTAL MOT,8,kg,6055730138.58,FALSE,12,m³,7583021.538,FALSE,6055730138.58,FALSE,0,FALSE,,4838813518.6,4838813518.6,0,FALSE,TRUE,HS_2710
C,A,20130101,2013,52,2013,608,PHL,Philippines,X,Export,0,W00,World,0,W00,World,H2,HS,TRUE,2710,"Petroleum oils and oils from bituminous minerals, not crude; preparations n.e.c. containing by weight 70% or more of petroleum oils or oils from bituminous minerals; these being the basic constituents of the preparations; waste oils",4,FALSE,C00,TOTAL CPC,0,0,TOTAL MOT,8,kg,1047598654,FALSE,-1,N/A,,FALSE,1047598654,FALSE,,FALSE,,843158520,843158520,0,TRUE,FALSE,HS_2710
C,A,20130101,2013,52,2013,616,POL,Poland,X,Export,0,W00,World,0,W00,World,H4,HS,TRUE,2710,"Petroleum oils and oils from bituminous minerals, not crude; preparations n.e.c, containing by weight 70% or more of petroleum oils or oils from bituminous minerals; these being the basic constituents of the preparations; waste oils",4,FALSE,C00,TOTAL CPC,0,0,TOTAL MOT,8,kg,5532714787,TRUE,-1,N/A,,FALSE,5532714787,TRUE,,FALSE,,4622426542,4622426542,6,TRUE,FALSE,HS_2710
C,A,20130101,2013,52,2013,634,QAT,Qatar,X,Export,0,W00,World,0,W00,World,H4,HS,TRUE,2710,"Petroleum oils and oils from bituminous minerals, not crude; preparations n.e.c, containing by weight 70% or more of petroleum oils or oils from bituminous minerals; these being the basic constituents of the preparations; waste oils",4,FALSE,C00,TOTAL CPC,0,0,TOTAL MOT,-1,N/A,0,FALSE,-1,N/A,0,FALSE,,FALSE,0,FALSE,,7544073498.988,7544073498.988,0,FALSE,TRUE,HS_2710
C,A,20130101,2013,52,2013,642,ROU,Romania,X,Export,0,W00,World,0,W00,World,H4,HS,TRUE,2710,"Petroleum oils and oils from bituminous minerals, not crude; preparations n.e.c, containing by weight 70% or more of petroleum oils or oils from bituminous minerals; these being the basic constituents of the preparations; waste oils",4,FALSE,C00,TOTAL CPC,0,0,TOTAL MOT,8,kg,2751820205,FALSE,-1,N/A,,FALSE,2751820205,FALSE,,FALSE,,2675096287,2675096287,0,TRUE,FALSE,HS_2710
C,A,20130101,2013,52,2013,682,SAU,Saudi Arabia,X,Export,0,W00,World,0,W00,World,H4,HS,TRUE,2710,"Petroleum oils and oils from bituminous minerals, not crude; preparations n.e.c, containing by weight 70% or more of petroleum oils or oils from bituminous minerals; these being the basic constituents of the preparations; waste oils",4,FALSE,C00,TOTAL CPC,0,0,TOTAL MOT,8,kg,24141288000,FALSE,-1,N/A,,FALSE,24141288000,FALSE,,FALSE,,19059433424,19059433424,0,TRUE,FALSE,HS_2710
C,A,20130101,2013,52,2013,686,SEN,Senegal,X,Export,0,W00,World,0,W00,World,H3,HS,TRUE,2710,"Petroleum oils and oils from bituminous minerals, not crude; preparations n.e.c. containing by weight 70% or more of petroleum oils or oils from bituminous minerals; these being the basic constituents of the preparations; waste oils",4,FALSE,C00,TOTAL CPC,0,0,TOTAL MOT,8,kg,428851501,FALSE,-1,N/A,,FALSE,428851501,FALSE,,FALSE,,431103755,431103755,0,TRUE,FALSE,HS_2710
C,A,20130101,2013,52,2013,704,VNM,Viet Nam,X,Export,0,W00,World,0,W00,World,H4,HS,TRUE,2710,"Petroleum oils and oils from bituminous minerals, not crude; preparations n.e.c, containing by weight 70% or more of petroleum oils or oils from bituminous minerals; these being the basic constituents of the preparations; waste oils",4,FALSE,C00,TOTAL CPC,0,0,TOTAL MOT,-1,N/A,,FALSE,-1,N/A,,FALSE,1215955603,TRUE,,FALSE,,1158748095,1158748095,4,TRUE,FALSE,HS_2710
C,A,20130101,2013,52,2013,710,ZAF,South Africa,X,Export,0,W00,World,0,W00,World,H4,HS,TRUE,2710,"Petroleum oils and oils from bituminous minerals, not crude; preparations n.e.c, containing by weight 70% or more of petroleum oils or oils from bituminous minerals; these being the basic constituents of the preparations; waste oils",4,FALSE,C00,TOTAL CPC,0,0,TOTAL MOT,-1,N/A,0,FALSE,-1,N/A,0,FALSE,,FALSE,0,FALSE,,3206823868.801,3206823868.801,0,FALSE,TRUE,HS_2710
C,A,20130101,2013,52,2013,784,ARE,United Arab Emirates,X,Export,0,W00,World,0,W00,World,H4,HS,TRUE,2710,"Petroleum oils and oils from bituminous minerals, not crude; preparations n.e.c, containing by weight 70% or more of petroleum oils or oils from bituminous minerals; these being the basic constituents of the preparations; waste oils",4,FALSE,C00,TOTAL CPC,0 ,0,TOTAL MOT,8,kg,9586061663.405,TRUE,-1,N/A,0,FALSE,9586061663.405,TRUE,,FALSE,,10593319849.755,10593319849.755,0,FALSE,TRUE,HS_2710
C,A,20130101,2013,52,2013,792,TUR,Türkiye,X,Export,0,W00,World,0,W00,World,H4,HS,TRUE,2710,"Petroleum oils and oils from bituminous minerals, not crude; preparations n.e.c, containing by weight 70% or more of petroleum oils or oils from bituminous minerals; these being the basic constituents of the preparations; waste oils",4,FALSE,C00,TOTAL CPC,0,0,TOTAL MOT,8,kg,12916809059,FALSE,-1,N/A,0,FALSE,12916809059,FALSE,0,FALSE,0,9255655991,9255655991,0,FALSE,TRUE,HS_2710
C,A,20130101,2013,52,2013,818,EGY,Egypt,X,Export,0,W00,World,0,W00,World,H3,HS,TRUE,2710,"Petroleum oils and oils from bituminous minerals, not crude; preparations n.e.c. containing by weight 70% or more of petroleum oils or oils from bituminous minerals; these being the basic constituents of the preparations; waste oils",4,FALSE,C00,TOTAL CPC,0,0,TOTAL MOT,8,kg,2826251800,FALSE,-1,N/A,,FALSE,2826251800,FALSE,,FALSE,,2548886969,2548886969,0,TRUE,FALSE,HS_2710
C,A,20130101,2013,52,2013,858,URY,Uruguay,X,Export,0,W00,World,0,W00,World,H4,HS,TRUE,2710,"Petroleum oils and oils from bituminous minerals, not crude; preparations n.e.c, containing by weight 70% or more of petroleum oils or oils from bituminous minerals; these being the basic constituents of the preparations; waste oils",4,FALSE,C00,TOTAL CPC,0,0,TOTAL MOT,8,kg,30992282,FALSE,-1,N/A,,FALSE,30992282,FALSE,,FALSE,,23650154,23650154,0,TRUE,FALSE,HS_2710
C,A,20130101,2013,52,2013,894,ZMB,Zambia,X,Export,0,W00,World,0,W00,World,H4,HS,TRUE,2710,"Petroleum oils and oils from bituminous minerals, not crude; preparations n.e.c, containing by weight 70% or more of petroleum oils or oils from bituminous minerals; these being the basic constituents of the preparations; waste oils",4,FALSE,C00,TOTAL CPC,0,0,TOTAL MOT,8,kg,9878534.015,TRUE,-1,N/A,0,FALSE,9878534.015,TRUE,0,FALSE,,15392511.984,15392511.984,6,FALSE,TRUE,HS_2710
C,A,20130101,2013,52,2013,32,ARG,Argentina,X,Export,0,W00,World,0,W00,World,H4,HS,TRUE,2711,Petroleum gases and other gaseous hydrocarbons,4,FALSE,C00,TOTAL CPC,0,0,TOTAL MOT,8,kg,924988077,FALSE,-1,N/A,,FALSE,924988077,FALSE,,FALSE,,707678648,707678648,0,TRUE,FALSE,HS_2711
C,A,20130101,2013,52,2013,76,BRA,Brazil,X,Export,0,W00,World,0,W00,World,H4,HS,TRUE,2711,Petroleum gases and other gaseous hydrocarbons,4,FALSE,C00,TOTAL CPC,0,0,TOTAL MOT,8,kg,78426793,FALSE,8,kg,78426793,FALSE,78426793,FALSE,0,FALSE,,69514960,69514960,0,FALSE,TRUE,HS_2711
C,A,20130101,2013,52,2013,144,LKA,Sri Lanka,X,Export,0,W00,World,0,W00,World,H4,HS,TRUE,2711,Petroleum gases and other gaseous hydrocarbons,4,FALSE,C00,TOTAL CPC,0,0,TOTAL MOT,-1,N/A,,FALSE,-1,N/A,,FALSE,,FALSE,,FALSE,,23,23,0,TRUE,FALSE,HS_2711
C,A,20130101,2013,52,2013,152,CHL,Chile,X,Export,0,W00,World,0,W00,World,H4,HS,TRUE,2711,Petroleum gases and other gaseous hydrocarbons,4,FALSE,C00,TOTAL CPC,0,0,TOTAL MOT,8,kg,51839316.648,TRUE,-1,N/A,0,FALSE,51839316.648,TRUE,0,FALSE,0,35279481.633,35279481.633,6,FALSE,TRUE,HS_2711
C,A,20130101,2013,52,2013,170,COL,Colombia,X,Export,0,W00,World,0,W00,World,H4,HS,TRUE,2711,Petroleum gases and other gaseous hydrocarbons,4,FALSE,C00,TOTAL CPC,0,0,TOTAL MOT,8,kg,236738192,FALSE,-1,N/A,,FALSE,236738192,FALSE,,FALSE,,457721995,457721995,0,TRUE,FALSE,HS_2711
C,A,20130101,2013,52,2013,218,ECU,Ecuador,X,Export,0,W00,World,0,W00,World,H4,HS,TRUE,2711,Petroleum gases and other gaseous hydrocarbons,4,FALSE,C00,TOTAL CPC,0,0,TOTAL MOT,8,kg,184,FALSE,-1,N/A,,FALSE,184,FALSE,,FALSE,,396,396,0,TRUE,FALSE,HS_2711
C,A,20130101,2013,52,2013,222,SLV,El Salvador,X,Export,0,W00,World,0,W00,World,H4,HS,TRUE,2711,Petroleum gases and other gaseous hydrocarbons,4,FALSE,C00,TOTAL CPC,0 ,0,TOTAL MOT,8,kg,632220,FALSE,8,kg,632220,FALSE,632220,FALSE,,FALSE,,472043.41,472043.41,0,FALSE,TRUE,HS_2711
C,A,20130101,2013,52,2013,348,HUN,Hungary,X,Export,0,W00,World,0,W00,World,H4,HS,TRUE,2711,Petroleum gases and other gaseous hydrocarbons,4,FALSE,C00,TOTAL CPC,0,0,TOTAL MOT,8,kg,904623760,FALSE,-1,N/A,,FALSE,904623760,FALSE,,FALSE,,618449219,618449219,0,TRUE,FALSE,HS_2711
C,A,20130101,2013,52,2013,360,IDN,Indonesia,X,Export,0,W00,World,0,W00,World,H4,HS,TRUE,2711,Petroleum gases and other gaseous hydrocarbons,4,FALSE,C00,TOTAL CPC,0,0,TOTAL MOT,8,kg,25110398668,FALSE,-1,N/A,,FALSE,25110398668,FALSE,,FALSE,,18129194649,18129194649,0,TRUE,FALSE,HS_2711
C,A,20130101,2013,52,2013,384,CIV,Côte d'Ivoire,X,Export,0,W00,World,0,W00,World,H3,HS,TRUE,2711,Petroleum gases and other gaseous hydrocarbons,4,FALSE,C00,TOTAL CPC,0,0,TOTAL MOT,8,kg,377420,FALSE,8,kg,377420,FALSE,377420,FALSE,0,FALSE,,319340.879,319340.879,0,FALSE,TRUE,HS_2711
C,A,20130101,2013,52,2013,398,KAZ,Kazakhstan,X,Export,0,W00,World,0,W00,World,H4,HS,TRUE,2711,Petroleum gases and other gaseous hydrocarbons,4,FALSE,C00,TOTAL CPC,0,0,TOTAL MOT,8,kg,18920577127,FALSE,-1,N/A,,FALSE,18920577127,FALSE,,FALSE,,3384449019,3384449019,0,TRUE,FALSE,HS_2711
C,A,20130101,2013,52,2013,484,MEX,Mexico,X,Export,0,W00,World,0,W00,World,H4,HS,TRUE,2711,Petroleum gases and other gaseous hydrocarbons,4,FALSE,C00,TOTAL CPC,0,0,TOTAL MOT,-1,N/A,,FALSE,-1,N/A,,FALSE,,FALSE,,FALSE,,6915444,6915444,0,TRUE,FALSE,HS_2711
C,A,20130101,2013,52,2013,504,MAR,Morocco,X,Export,0,W00,World,0,W00,World,H2,HS,TRUE,2711,Petroleum gases and other gaseous hydrocarbons,4,FALSE,C00,TOTAL CPC,0,0,TOTAL MOT,8,kg,24,FALSE,-1,N/A,,FALSE,24,FALSE,,FALSE,,136,136,0,TRUE,FALSE,HS_2711
C,A,20130101,2013,52,2013,566,NGA,Nigeria,X,Export,0,W00,World,0,W00,World,H3,HS,TRUE,2711,Petroleum gases and other gaseous hydrocarbons,4,FALSE,C00,TOTAL CPC,0,0,TOTAL MOT,8,kg,5618996,FALSE,-1,N/A,,FALSE,5618996,FALSE,,FALSE,,1963659904,1963659904,0,TRUE,FALSE,HS_2711
C,A,20130101,2013,52,2013,586,PAK,Pakistan,X,Export,0,W00,World,0,W00,World,H4,HS,TRUE,2711,Petroleum gases and other gaseous hydrocarbons,4,FALSE,C00,TOTAL CPC,0,0,TOTAL MOT,-1,N/A,,FALSE,-1,N/A,,FALSE,14,FALSE,,FALSE,,430,430,0,TRUE,FALSE,HS_2711
C,A,20130101,2013,52,2013,591,PAN,Panama,X,Export,0,W00,World,0,W00,World,H4,HS,TRUE,2711,Petroleum gases and other gaseous hydrocarbons,4,FALSE,C00,TOTAL CPC,0,0,TOTAL MOT,-1,N/A,0,FALSE,-1,N/A,0,FALSE,0,FALSE,307364,FALSE,0,352049,352049,0,FALSE,TRUE,HS_2711
C,A,20130101,2013,52,2013,604,PER,Peru,X,Export,0,W00,World,0,W00,World,H4,HS,TRUE,2711,Petroleum gases and other gaseous hydrocarbons,4,FALSE,C00,TOTAL CPC,0,0,TOTAL MOT,8,kg,4476698230.69,FALSE,12,m³,10156981.39,FALSE,4476698230.69,FALSE,0,FALSE,,1599554977.92,1599554977.92,0,FALSE,TRUE,HS_2711
C,A,20130101,2013,52,2013,608,PHL,Philippines,X,Export,0,W00,World,0,W00,World,H2,HS,TRUE,2711,Petroleum gases and other gaseous hydrocarbons,4,FALSE,C00,TOTAL CPC,0,0,TOTAL MOT,8,kg,54677226,FALSE,-1,N/A,,FALSE,54677226,FALSE,,FALSE,,48386520,48386520,0,TRUE,FALSE,HS_2711
C,A,20130101,2013,52,2013,616,POL,Poland,X,Export,0,W00,World,0,W00,World,H4,HS,TRUE,2711,Petroleum gases and other gaseous hydrocarbons,4,FALSE,C00,TOTAL CPC,0,0,TOTAL MOT,8,kg,296238429,TRUE,-1,N/A,,FALSE,296238429,TRUE,,FALSE,,236303442,236303442,6,TRUE,FALSE,HS_2711
C,A,20130101,2013,52,2013,634,QAT,Qatar,X,Export,0,W00,World,0,W00,World,H4,HS,TRUE,2711,Petroleum gases and other gaseous hydrocarbons,4,FALSE,C00,TOTAL CPC,0,0,TOTAL MOT,8,kg,113788544800,FALSE,5,u,189792282,FALSE,113788544800,FALSE,0,FALSE,,87538390679.472,87538390679.472,0,FALSE,TRUE,HS_2711
C,A,20130101,2013,52,2013,642,ROU,Romania,X,Export,0,W00,World,0,W00,World,H4,HS,TRUE,2711,Petroleum gases and other gaseous hydrocarbons,4,FALSE,C00,TOTAL CPC,0,0,TOTAL MOT,8,kg,305543132,FALSE,-1,N/A,,FALSE,305543132,FALSE,,FALSE,,263634512,263634512,0,TRUE,FALSE,HS_2711
C,A,20130101,2013,52,2013,682,SAU,Saudi Arabia,X,Export,0,W00,World,0,W00,World,H4,HS,TRUE,2711,Petroleum gases and other gaseous hydrocarbons,4,FALSE,C00,TOTAL CPC,0,0,TOTAL MOT,-1,N/A,,FALSE,-1,N/A,,FALSE,8990944000,FALSE,,FALSE,,7848985811,7848985811,0,TRUE,FALSE,HS_2711
C,A,20130101,2013,52,2013,686,SEN,Senegal,X,Export,0,W00,World,0,W00,World,H3,HS,TRUE,2711,Petroleum gases and other gaseous hydrocarbons,4,FALSE,C00,TOTAL CPC,0,0,TOTAL MOT,8,kg,1529390,FALSE,-1,N/A,,FALSE,1529390,FALSE,,FALSE,,1541587,1541587,0,TRUE,FALSE,HS_2711
C,A,20130101,2013,52,2013,704,VNM,Viet Nam,X,Export,0,W00,World,0,W00,World,H4,HS,TRUE,2711,Petroleum gases and other gaseous hydrocarbons,4,FALSE,C00,TOTAL CPC,0,0,TOTAL MOT,-1,N/A,,FALSE,-1,N/A,,FALSE,,FALSE,,FALSE,,57177973,57177973,0,TRUE,FALSE,HS_2711
C,A,20130101,2013,52,2013,710,ZAF,South Africa,X,Export,0,W00,World,0,W00,World,H4,HS,TRUE,2711,Petroleum gases and other gaseous hydrocarbons,4,FALSE,C00,TOTAL CPC,0,0,TOTAL MOT,8,kg,65675891.771,TRUE,-1,N/A,0,FALSE,65675891.771,TRUE,0,FALSE,,62269354.772,62269354.772,6,FALSE,TRUE,HS_2711
C,A,20130101,2013,52,2013,784,ARE,United Arab Emirates,X,Export,0,W00,World,0,W00,World,H4,HS,TRUE,2711,Petroleum gases and other gaseous hydrocarbons,4,FALSE,C00,TOTAL CPC,0 ,0,TOTAL MOT,-1,N/A,0,TRUE,-1,N/A,0,FALSE,,TRUE,,FALSE,,13031566653.461,13031566653.461,0,FALSE,TRUE,HS_2711
C,A,20130101,2013,52,2013,792,TUR,Türkiye,X,Export,0,W00,World,0,W00,World,H4,HS,TRUE,2711,Petroleum gases and other gaseous hydrocarbons,4,FALSE,C00,TOTAL CPC,0,0,TOTAL MOT,8,kg,335778650,FALSE,8,kg,335778650,FALSE,335778650,FALSE,0,FALSE,0,355774920,355774920,0,FALSE,TRUE,HS_2711
C,A,20130101,2013,52,2013,818,EGY,Egypt,X,Export,0,W00,World,0,W00,World,H3,HS,TRUE,2711,Petroleum gases and other gaseous hydrocarbons,4,FALSE,C00,TOTAL CPC,0,0,TOTAL MOT,8,kg,4064960000,FALSE,-1,N/A,,FALSE,4064960000,FALSE,,FALSE,,1559696109,1559696109,0,TRUE,FALSE,HS_2711
C,A,20130101,2013,52,2013,894,ZMB,Zambia,X,Export,0,W00,World,0,W00,World,H4,HS,TRUE,2711,Petroleum gases and other gaseous hydrocarbons,4,FALSE,C00,TOTAL CPC,0,0,TOTAL MOT,-1,N/A,0,FALSE,-1,N/A,0,FALSE,,FALSE,0,FALSE,,6268507.993,6268507.993,0,FALSE,TRUE,HS_2711
C,A,20130101,2013,52,2013,32,ARG,Argentina,X,Export,0,W00,World,0,W00,World,H4,HS,TRUE,74,Copper and articles thereof,2,FALSE,C00,TOTAL CPC,0,0,TOTAL MOT,-1,N/A,,FALSE,-1,N/A,,FALSE,,FALSE,,FALSE,,14005265,14005265,0,TRUE,FALSE,HS_74
C,A,20130101,2013,52,2013,48,BHR,Bahrain,X,Export,0,W00,World,0,W00,World,H4,HS,TRUE,74,Copper and articles thereof,2,FALSE,C00,TOTAL CPC,0,0,TOTAL MOT,-1,N/A,,FALSE,-1,N/A,,FALSE,,FALSE,,FALSE,,8906318,8906318,0,TRUE,FALSE,HS_74
C,A,20130101,2013,52,2013,76,BRA,Brazil,X,Export,0,W00,World,0,W00,World,H4,HS,TRUE,74,Copper and articles thereof,2,FALSE,C00,TOTAL CPC,0,0,TOTAL MOT,-1,N/A,0,FALSE,-1,N/A,0,FALSE,0,TRUE,0,FALSE,,1042682095,1042682095,4,FALSE,TRUE,HS_74
C,A,20130101,2013,52,2013,144,LKA,Sri Lanka,X,Export,0,W00,World,0,W00,World,H4,HS,TRUE,74,Copper and articles thereof,2,FALSE,C00,TOTAL CPC,0,0,TOTAL MOT,-1,N/A,,FALSE,-1,N/A,,FALSE,,FALSE,,FALSE,,16593450,16593450,0,TRUE,FALSE,HS_74
C,A,20130101,2013,52,2013,152,CHL,Chile,X,Export,0,W00,World,0,W00,World,H4,HS,TRUE,74,Copper and articles thereof,2,FALSE,C00,TOTAL CPC,0,0,TOTAL MOT,-1,N/A,0,FALSE,-1,N/A,0,FALSE,0,TRUE,0,FALSE,0,23487820609.747,23487820609.747,4,FALSE,TRUE,HS_74
C,A,20130101,2013,52,2013,170,COL,Colombia,X,Export,0,W00,World,0,W00,World,H4,HS,TRUE,74,Copper and articles thereof,2,FALSE,C00,TOTAL CPC,0,0,TOTAL MOT,-1,N/A,,FALSE,-1,N/A,,FALSE,,FALSE,,FALSE,,338781265,338781265,0,TRUE,FALSE,HS_74
C,A,20130101,2013,52,2013,218,ECU,Ecuador,X,Export,0,W00,World,0,W00,World,H4,HS,TRUE,74,Copper and articles thereof,2,FALSE,C00,TOTAL CPC,0,0,TOTAL MOT,-1,N/A,,FALSE,-1,N/A,,FALSE,,FALSE,,FALSE,,58207337,58207337,0,TRUE,FALSE,HS_74
C,A,20130101,2013,52,2013,222,SLV,El Salvador,X,Export,0,W00,World,0,W00,World,H4,HS,TRUE,74,Copper and articles thereof,2,FALSE,C00,TOTAL CPC,0 ,0,TOTAL MOT,-1,N/A,0,FALSE,-1,N/A,0,FALSE,,FALSE,,FALSE,,987338.3,987338.3,0,FALSE,TRUE,HS_74
C,A,20130101,2013,52,2013,348,HUN,Hungary,X,Export,0,W00,World,0,W00,World,H4,HS,TRUE,74,Copper and articles thereof,2,FALSE,C00,TOTAL CPC,0,0,TOTAL MOT,-1,N/A,,FALSE,-1,N/A,,FALSE,,FALSE,,FALSE,,360499320,360499320,0,TRUE,FALSE,HS_74
C,A,20130101,2013,52,2013,360,IDN,Indonesia,X,Export,0,W00,World,0,W00,World,H4,HS,TRUE,74,Copper and articles thereof,2,FALSE,C00,TOTAL CPC,0,0,TOTAL MOT,-1,N/A,,FALSE,-1,N/A,,FALSE,,FALSE,,FALSE,,1737564274,1737564274,0,TRUE,FALSE,HS_74
C,A,20130101,2013,52,2013,384,CIV,Côte d'Ivoire,X,Export,0,W00,World,0,W00,World,H3,HS,TRUE,74,Copper and articles thereof,2,FALSE,C00,TOTAL CPC,0,0,TOTAL MOT,-1,N/A,0,FALSE,-1,N/A,0,FALSE,0,FALSE,0,FALSE,,3999880.079,3999880.079,0,FALSE,TRUE,HS_74
C,A,20130101,2013,52,2013,398,KAZ,Kazakhstan,X,Export,0,W00,World,0,W00,World,H4,HS,TRUE,74,Copper and articles thereof,2,FALSE,C00,TOTAL CPC,0,0,TOTAL MOT,-1,N/A,,FALSE,-1,N/A,,FALSE,,FALSE,,FALSE,,2921916927,2921916927,0,TRUE,FALSE,HS_74
C,A,20130101,2013,52,2013,484,MEX,Mexico,X,Export,0,W00,World,0,W00,World,H4,HS,TRUE,74,Copper and articles thereof,2,FALSE,C00,TOTAL CPC,0,0,TOTAL MOT,-1,N/A,,FALSE,-1,N/A,,FALSE,,FALSE,,FALSE,,2213822534,2213822534,0,TRUE,FALSE,HS_74
C,A,20130101,2013,52,2013,504,MAR,Morocco,X,Export,0,W00,World,0,W00,World,H2,HS,TRUE,74,Copper and articles thereof,2,FALSE,C00,TOTAL CPC,0,0,TOTAL MOT,-1,N/A,,FALSE,-1,N/A,,FALSE,,FALSE,,FALSE,,180365468,180365468,0,TRUE,FALSE,HS_74
C,A,20130101,2013,52,2013,566,NGA,Nigeria,X,Export,0,W00,World,0,W00,World,H3,HS,TRUE,74,Copper and articles thereof,2,FALSE,C00,TOTAL CPC,0,0,TOTAL MOT,-1,N/A,,FALSE,-1,N/A,,FALSE,,FALSE,,FALSE,,120992123,120992123,0,TRUE,FALSE,HS_74
C,A,20130101,2013,52,2013,586,PAK,Pakistan,X,Export,0,W00,World,0,W00,World,H4,HS,TRUE,74,Copper and articles thereof,2,FALSE,C00,TOTAL CPC,0,0,TOTAL MOT,-1,N/A,,FALSE,-1,N/A,,FALSE,,FALSE,,FALSE,,172305236,172305236,0,TRUE,FALSE,HS_74
C,A,20130101,2013,52,2013,591,PAN,Panama,X,Export,0,W00,World,0,W00,World,H4,HS,TRUE,74,Copper and articles thereof,2,FALSE,C00,TOTAL CPC,0,0,TOTAL MOT,-1,N/A,0,FALSE,-1,N/A,0,FALSE,0,TRUE,0,FALSE,0,28297594,28297594,4,FALSE,TRUE,HS_74
C,A,20130101,2013,52,2013,604,PER,Peru,X,Export,0,W00,World,0,W00,World,H4,HS,TRUE,74,Copper and articles thereof,2,FALSE,C00,TOTAL CPC,0,0,TOTAL MOT,-1,N/A,0,FALSE,-1,N/A,0,FALSE,0,FALSE,0,FALSE,,2735005695.37,2735005695.37,0,FALSE,TRUE,HS_74
C,A,20130101,2013,52,2013,608,PHL,Philippines,X,Export,0,W00,World,0,W00,World,H2,HS,TRUE,74,Copper and articles thereof,2,FALSE,C00,TOTAL CPC,0,0,TOTAL MOT,-1,N/A,,FALSE,-1,N/A,,FALSE,,FALSE,,FALSE,,987706553,987706553,0,TRUE,FALSE,HS_74
C,A,20130101,2013,52,2013,616,POL,Poland,X,Export,0,W00,World,0,W00,World,H4,HS,TRUE,74,Copper and articles thereof,2,FALSE,C00,TOTAL CPC,0,0,TOTAL MOT,-1,N/A,,FALSE,-1,N/A,,FALSE,,FALSE,,FALSE,,4584336758,4584336758,0,TRUE,FALSE,HS_74
C,A,20130101,2013,52,2013,634,QAT,Qatar,X,Export,0,W00,World,0,W00,World,H4,HS,TRUE,74,Copper and articles thereof,2,FALSE,C00,TOTAL CPC,0,0,TOTAL MOT,-1,N/A,0,FALSE,-1,N/A,0,FALSE,0,FALSE,0,FALSE,,9901640.703,9901640.703,0,FALSE,TRUE,HS_74
C,A,20130101,2013,52,2013,642,ROU,Romania,X,Export,0,W00,World,0,W00,World,H4,HS,TRUE,74,Copper and articles thereof,2,FALSE,C00,TOTAL CPC,0,0,TOTAL MOT,-1,N/A,,FALSE,-1,N/A,,FALSE,,FALSE,,FALSE,,356733249,356733249,0,TRUE,FALSE,HS_74
C,A,20130101,2013,52,2013,682,SAU,Saudi Arabia,X,Export,0,W00,World,0,W00,World,H4,HS,TRUE,74,Copper and articles thereof,2,FALSE,C00,TOTAL CPC,0,0,TOTAL MOT,-1,N/A,,FALSE,-1,N/A,,FALSE,,FALSE,,FALSE,,471738456,471738456,0,TRUE,FALSE,HS_74
C,A,20130101,2013,52,2013,686,SEN,Senegal,X,Export,0,W00,World,0,W00,World,H3,HS,TRUE,74,Copper and articles thereof,2,FALSE,C00,TOTAL CPC,0,0,TOTAL MOT,-1,N/A,,FALSE,-1,N/A,,FALSE,,FALSE,,FALSE,,21813905,21813905,0,TRUE,FALSE,HS_74
C,A,20130101,2013,52,2013,704,VNM,Viet Nam,X,Export,0,W00,World,0,W00,World,H4,HS,TRUE,74,Copper and articles thereof,2,FALSE,C00,TOTAL CPC,0,0,TOTAL MOT,-1,N/A,,FALSE,-1,N/A,,FALSE,,FALSE,,FALSE,,206481154,206481154,0,TRUE,FALSE,HS_74
C,A,20130101,2013,52,2013,710,ZAF,South Africa,X,Export,0,W00,World,0,W00,World,H4,HS,TRUE,74,Copper and articles thereof,2,FALSE,C00,TOTAL CPC,0,0,TOTAL MOT,-1,N/A,0,FALSE,-1,N/A,0,FALSE,0,TRUE,0,FALSE,,672185996.386,672185996.386,4,FALSE,TRUE,HS_74
C,A,20130101,2013,52,2013,784,ARE,United Arab Emirates,X,Export,0,W00,World,0,W00,World,H4,HS,TRUE,74,Copper and articles thereof,2,FALSE,C00,TOTAL CPC,0 ,0,TOTAL MOT,-1,N/A,0,FALSE,-1,N/A,0,FALSE,,FALSE,,FALSE,,2127527263.991,2127527263.991,0,FALSE,TRUE,HS_74
C,A,20130101,2013,52,2013,792,TUR,Türkiye,X,Export,0,W00,World,0,W00,World,H4,HS,TRUE,74,Copper and articles thereof,2,FALSE,C00,TOTAL CPC,0,0,TOTAL MOT,-1,N/A,0,FALSE,-1,N/A,0,FALSE,0,FALSE,0,FALSE,0,1421765641,1421765641,0,FALSE,TRUE,HS_74
C,A,20130101,2013,52,2013,818,EGY,Egypt,X,Export,0,W00,World,0,W00,World,H3,HS,TRUE,74,Copper and articles thereof,2,FALSE,C00,TOTAL CPC,0,0,TOTAL MOT,-1,N/A,,FALSE,-1,N/A,,FALSE,,FALSE,,FALSE,,295783758,295783758,0,TRUE,FALSE,HS_74
C,A,20130101,2013,52,2013,858,URY,Uruguay,X,Export,0,W00,World,0,W00,World,H4,HS,TRUE,74,Copper and articles thereof,2,FALSE,C00,TOTAL CPC,0,0,TOTAL MOT,-1,N/A,,FALSE,-1,N/A,,FALSE,,FALSE,,FALSE,,11492531,11492531,0,TRUE,FALSE,HS_74
C,A,20130101,2013,52,2013,894,ZMB,Zambia,X,Export,0,W00,World,0,W00,World,H4,HS,TRUE,74,Copper and articles thereof,2,FALSE,C00,TOTAL CPC,0,0,TOTAL MOT,-1,N/A,0,FALSE,-1,N/A,0,FALSE,,FALSE,0,FALSE,,6891538192.005,6891538192.005,0,FALSE,TRUE,HS_74
C,A,20130101,2013,52,2013,32,ARG,Argentina,X,Export,0,W00,World,0,W00,World,H4,HS,TRUE,2603,Copper ores and concentrates,4,FALSE,C00,TOTAL CPC,0,0,TOTAL MOT,8,kg,394709517,FALSE,-1,N/A,,FALSE,394709517,FALSE,,FALSE,,950277796,950277796,0,TRUE,FALSE,HS_2603
C,A,20130101,2013,52,2013,76,BRA,Brazil,X,Export,0,W00,World,0,W00,World,H4,HS,TRUE,2603,Copper ores and concentrates,4,FALSE,C00,TOTAL CPC,0,0,TOTAL MOT,8,kg,854263592,FALSE,8,kg,854263592,FALSE,854263592,FALSE,0,FALSE,,1825968033,1825968033,0,FALSE,TRUE,HS_2603
C,A,20130101,2013,52,2013,152,CHL,Chile,X,Export,0,W00,World,0,W00,World,H4,HS,TRUE,2603,Copper ores and concentrates,4,FALSE,C00,TOTAL CPC,0,0,TOTAL MOT,8,kg,2549044099.8,FALSE,8,kg,2549044099.8,FALSE,2549044099.8,FALSE,0,FALSE,0,16651451394.772,16651451394.772,0,FALSE,TRUE,HS_2603
C,A,20130101,2013,52,2013,170,COL,Colombia,X,Export,0,W00,World,0,W00,World,H4,HS,TRUE,2603,Copper ores and concentrates,4,FALSE,C00,TOTAL CPC,0,0,TOTAL MOT,8,kg,2714477,FALSE,-1,N/A,,FALSE,2714477,FALSE,,FALSE,,4104041,4104041,0,TRUE,FALSE,HS_2603
C,A,20130101,2013,52,2013,218,ECU,Ecuador,X,Export,0,W00,World,0,W00,World,H4,HS,TRUE,2603,Copper ores and concentrates,4,FALSE,C00,TOTAL CPC,0,0,TOTAL MOT,8,kg,10295133,FALSE,-1,N/A,,FALSE,10295133,FALSE,,FALSE,,21402485,21402485,0,TRUE,FALSE,HS_2603
C,A,20130101,2013,52,2013,360,IDN,Indonesia,X,Export,0,W00,World,0,W00,World,H4,HS,TRUE,2603,Copper ores and concentrates,4,FALSE,C00,TOTAL CPC,0,0,TOTAL MOT,8,kg,1453731863,FALSE,-1,N/A,,FALSE,1453731863,FALSE,,FALSE,,3006809864,3006809864,0,TRUE,FALSE,HS_2603
C,A,20130101,2013,52,2013,398,KAZ,Kazakhstan,X,Export,0,W00,World,0,W00,World,H4,HS,TRUE,2603,Copper ores and concentrates,4,FALSE,C00,TOTAL CPC,0,0,TOTAL MOT,8,kg,536233164,FALSE,-1,N/A,,FALSE,536233164,FALSE,,FALSE,,587264298,587264298,0,TRUE,FALSE,HS_2603
C,A,20130101,2013,52,2013,484,MEX,Mexico,X,Export,0,W00,World,0,W00,World,H4,HS,TRUE,2603,Copper ores and concentrates,4,FALSE,C00,TOTAL CPC,0,0,TOTAL MOT,8,kg,683451865,FALSE,-1,N/A,,FALSE,683451865,FALSE,,FALSE,,1486416565,1486416565,0,TRUE,FALSE,HS_2603
C,A,20130101,2013,52,2013,504,MAR,Morocco,X,Export,0,W00,World,0,W00,World,H2,HS,TRUE,2603,Copper ores and concentrates,4,FALSE,C00,TOTAL CPC,0,0,TOTAL MOT,8,kg,69763485,FALSE,-1,N/A,,FALSE,69763485,FALSE,,FALSE,,83311131,83311131,0,TRUE,FALSE,HS_2603
C,A,20130101,2013,52,2013,566,NGA,Nigeria,X,Export,0,W00,World,0,W00,World,H3,HS,TRUE,2603,Copper ores and concentrates,4,FALSE,C00,TOTAL CPC,0,0,TOTAL MOT,8,kg,770650,FALSE,-1,N/A,,FALSE,770650,FALSE,,FALSE,,522043,522043,0,TRUE,FALSE,HS_2603
C,A,20130101,2013,52,2013,586,PAK,Pakistan,X,Export,0,W00,World,0,W00,World,H4,HS,TRUE,2603,Copper ores and concentrates,4,FALSE,C00,TOTAL CPC,0,0,TOTAL MOT,8,kg,2366000,FALSE,-1,N/A,,FALSE,2366000,FALSE,,FALSE,,1169754,1169754,0,TRUE,FALSE,HS_2603
C,A,20130101,2013,52,2013,604,PER,Peru,X,Export,0,W00,World,0,W00,World,H4,HS,TRUE,2603,Copper ores and concentrates,4,FALSE,C00,TOTAL CPC,0,0,TOTAL MOT,8,kg,3814186389.86,FALSE,8,kg,3814186389.86,FALSE,3814186389.86,FALSE,0,FALSE,,7601498462.2,7601498462.2,0,FALSE,TRUE,HS_2603
C,A,20130101,2013,52,2013,608,PHL,Philippines,X,Export,0,W00,World,0,W00,World,H2,HS,TRUE,2603,Copper ores and concentrates,4,FALSE,C00,TOTAL CPC,0,0,TOTAL MOT,8,kg,448309481,FALSE,-1,N/A,,FALSE,448309481,FALSE,,FALSE,,967997008,967997008,0,TRUE,FALSE,HS_2603
C,A,20130101,2013,52,2013,616,POL,Poland,X,Export,0,W00,World,0,W00,World,H4,HS,TRUE,2603,Copper ores and concentrates,4,FALSE,C00,TOTAL CPC,0,0,TOTAL MOT,8,kg,900,TRUE,-1,N/A,,FALSE,900,TRUE,,FALSE,,332,332,6,TRUE,FALSE,HS_2603
C,A,20130101,2013,52,2013,642,ROU,Romania,X,Export,0,W00,World,0,W00,World,H4,HS,TRUE,2603,Copper ores and concentrates,4,FALSE,C00,TOTAL CPC,0,0,TOTAL MOT,8,kg,44996213,TRUE,-1,N/A,,FALSE,44996213,TRUE,,FALSE,,50158574,50158574,6,TRUE,FALSE,HS_2603
C,A,20130101,2013,52,2013,682,SAU,Saudi Arabia,X,Export,0,W00,World,0,W00,World,H4,HS,TRUE,2603,Copper ores and concentrates,4,FALSE,C00,TOTAL CPC,0,0,TOTAL MOT,8,kg,39760000,FALSE,-1,N/A,,FALSE,39760000,FALSE,,FALSE,,71434756,71434756,0,TRUE,FALSE,HS_2603
C,A,20130101,2013,52,2013,710,ZAF,South Africa,X,Export,0,W00,World,0,W00,World,H4,HS,TRUE,2603,Copper ores and concentrates,4,FALSE,C00,TOTAL CPC,0,0,TOTAL MOT,8,kg,262091756.004,TRUE,-1,N/A,0,FALSE,262091756.004,TRUE,0,FALSE,,475145285.196,475145285.196,6,FALSE,TRUE,HS_2603
C,A,20130101,2013,52,2013,784,ARE,United Arab Emirates,X,Export,0,W00,World,0,W00,World,H4,HS,TRUE,2603,Copper ores and concentrates,4,FALSE,C00,TOTAL CPC,0 ,0,TOTAL MOT,8,kg,526795,FALSE,8,kg,526795,FALSE,526795,FALSE,,FALSE,,2117650.846,2117650.846,0,FALSE,TRUE,HS_2603
C,A,20130101,2013,52,2013,792,TUR,Türkiye,X,Export,0,W00,World,0,W00,World,H4,HS,TRUE,2603,Copper ores and concentrates,4,FALSE,C00,TOTAL CPC,0,0,TOTAL MOT,8,kg,428210886,FALSE,8,kg,428210886,FALSE,428210886,FALSE,0,FALSE,0,509540238,509540238,0,FALSE,TRUE,HS_2603
C,A,20130101,2013,52,2013,894,ZMB,Zambia,X,Export,0,W00,World,0,W00,World,H4,HS,TRUE,2603,Copper ores and concentrates,4,FALSE,C00,TOTAL CPC,0,0,TOTAL MOT,8,kg,35028621.828,TRUE,-1,N/A,0,FALSE,35028621.828,TRUE,0,FALSE,,65253402.764,65253402.764,6,FALSE,TRUE,HS_2603
C,A,20130101,2013,52,2013,32,ARG,Argentina,X,Export,0,W00,World,0,W00,World,H4,HS,TRUE,76,Aluminium and articles thereof,2,FALSE,C00,TOTAL CPC,0,0,TOTAL MOT,-1,N/A,,FALSE,-1,N/A,,FALSE,,FALSE,,FALSE,,733369901,733369901,0,TRUE,FALSE,HS_76
C,A,20130101,2013,52,2013,48,BHR,Bahrain,X,Export,0,W00,World,0,W00,World,H4,HS,TRUE,76,Aluminium and articles thereof,2,FALSE,C00,TOTAL CPC,0,0,TOTAL MOT,-1,N/A,,FALSE,-1,N/A,,FALSE,,FALSE,,FALSE,,3211206355,3211206355,0,TRUE,FALSE,HS_76
C,A,20130101,2013,52,2013,76,BRA,Brazil,X,Export,0,W00,World,0,W00,World,H4,HS,TRUE,76,Aluminium and articles thereof,2,FALSE,C00,TOTAL CPC,0,0,TOTAL MOT,-1,N/A,0,FALSE,-1,N/A,0,FALSE,0,TRUE,0,FALSE,,1251457857,1251457857,4,FALSE,TRUE,HS_76
C,A,20130101,2013,52,2013,144,LKA,Sri Lanka,X,Export,0,W00,World,0,W00,World,H4,HS,TRUE,76,Aluminium and articles thereof,2,FALSE,C00,TOTAL CPC,0,0,TOTAL MOT,-1,N/A,,FALSE,-1,N/A,,FALSE,,FALSE,,FALSE,,5577817,5577817,0,TRUE,FALSE,HS_76
C,A,20130101,2013,52,2013,152,CHL,Chile,X,Export,0,W00,World,0,W00,World,H4,HS,TRUE,76,Aluminium and articles thereof,2,FALSE,C00,TOTAL CPC,0,0,TOTAL MOT,-1,N/A,0,FALSE,-1,N/A,0,FALSE,0,TRUE,0,FALSE,0,128052155.128,128052155.128,4,FALSE,TRUE,HS_76
C,A,20130101,2013,52,2013,170,COL,Colombia,X,Export,0,W00,World,0,W00,World,H4,HS,TRUE,76,Aluminium and articles thereof,2,FALSE,C00,TOTAL CPC,0,0,TOTAL MOT,-1,N/A,,FALSE,-1,N/A,,FALSE,,FALSE,,FALSE,,209951263,209951263,0,TRUE,FALSE,HS_76
C,A,20130101,2013,52,2013,218,ECU,Ecuador,X,Export,0,W00,World,0,W00,World,H4,HS,TRUE,76,Aluminium and articles thereof,2,FALSE,C00,TOTAL CPC,0,0,TOTAL MOT,-1,N/A,,FALSE,-1,N/A,,FALSE,,FALSE,,FALSE,,45431011,45431011,0,TRUE,FALSE,HS_76
C,A,20130101,2013,52,2013,222,SLV,El Salvador,X,Export,0,W00,World,0,W00,World,H4,HS,TRUE,76,Aluminium and articles thereof,2,FALSE,C00,TOTAL CPC,0 ,0,TOTAL MOT,-1,N/A,0,FALSE,-1,N/A,0,FALSE,,TRUE,,FALSE,,62644181.23,62644181.23,0,FALSE,TRUE,HS_76
C,A,20130101,2013,52,2013,348,HUN,Hungary,X,Export,0,W00,World,0,W00,World,H4,HS,TRUE,76,Aluminium and articles thereof,2,FALSE,C00,TOTAL CPC,0,0,TOTAL MOT,-1,N/A,,FALSE,-1,N/A,,FALSE,,FALSE,,FALSE,,1401313339,1401313339,0,TRUE,FALSE,HS_76
C,A,20130101,2013,52,2013,360,IDN,Indonesia,X,Export,0,W00,World,0,W00,World,H4,HS,TRUE,76,Aluminium and articles thereof,2,FALSE,C00,TOTAL CPC,0,0,TOTAL MOT,-1,N/A,,FALSE,-1,N/A,,FALSE,,FALSE,,FALSE,,693356739,693356739,0,TRUE,FALSE,HS_76
C,A,20130101,2013,52,2013,384,CIV,Côte d'Ivoire,X,Export,0,W00,World,0,W00,World,H3,HS,TRUE,76,Aluminium and articles thereof,2,FALSE,C00,TOTAL CPC,0,0,TOTAL MOT,-1,N/A,0,FALSE,-1,N/A,0,FALSE,0,FALSE,0,FALSE,,3562780.18,3562780.18,0,FALSE,TRUE,HS_76
C,A,20130101,2013,52,2013,398,KAZ,Kazakhstan,X,Export,0,W00,World,0,W00,World,H4,HS,TRUE,76,Aluminium and articles thereof,2,FALSE,C00,TOTAL CPC,0,0,TOTAL MOT,-1,N/A,,FALSE,-1,N/A,,FALSE,,FALSE,,FALSE,,489978042,489978042,0,TRUE,FALSE,HS_76
C,A,20130101,2013,52,2013,484,MEX,Mexico,X,Export,0,W00,World,0,W00,World,H4,HS,TRUE,76,Aluminium and articles thereof,2,FALSE,C00,TOTAL CPC,0,0,TOTAL MOT,-1,N/A,,FALSE,-1,N/A,,FALSE,,FALSE,,FALSE,,1083710143,1083710143,0,TRUE,FALSE,HS_76
C,A,20130101,2013,52,2013,504,MAR,Morocco,X,Export,0,W00,World,0,W00,World,H2,HS,TRUE,76,Aluminium and articles thereof,2,FALSE,C00,TOTAL CPC,0,0,TOTAL MOT,-1,N/A,,FALSE,-1,N/A,,FALSE,,FALSE,,FALSE,,107167985,107167985,0,TRUE,FALSE,HS_76
C,A,20130101,2013,52,2013,566,NGA,Nigeria,X,Export,0,W00,World,0,W00,World,H3,HS,TRUE,76,Aluminium and articles thereof,2,FALSE,C00,TOTAL CPC,0,0,TOTAL MOT,-1,N/A,,FALSE,-1,N/A,,FALSE,,FALSE,,FALSE,,235698070,235698070,0,TRUE,FALSE,HS_76
C,A,20130101,2013,52,2013,586,PAK,Pakistan,X,Export,0,W00,World,0,W00,World,H4,HS,TRUE,76,Aluminium and articles thereof,2,FALSE,C00,TOTAL CPC,0,0,TOTAL MOT,-1,N/A,,FALSE,-1,N/A,,FALSE,,FALSE,,FALSE,,34461647,34461647,0,TRUE,FALSE,HS_76
C,A,20130101,2013,52,2013,591,PAN,Panama,X,Export,0,W00,World,0,W00,World,H4,HS,TRUE,76,Aluminium and articles thereof,2,FALSE,C00,TOTAL CPC,0,0,TOTAL MOT,-1,N/A,0,FALSE,-1,N/A,0,FALSE,0,FALSE,0,FALSE,0,58633989,58633989,0,FALSE,TRUE,HS_76
C,A,20130101,2013,52,2013,604,PER,Peru,X,Export,0,W00,World,0,W00,World,H4,HS,TRUE,76,Aluminium and articles thereof,2,FALSE,C00,TOTAL CPC,0,0,TOTAL MOT,-1,N/A,0,FALSE,-1,N/A,0,FALSE,0,FALSE,0,FALSE,,39232256.65,39232256.65,0,FALSE,TRUE,HS_76
C,A,20130101,2013,52,2013,608,PHL,Philippines,X,Export,0,W00,World,0,W00,World,H2,HS,TRUE,76,Aluminium and articles thereof,2,FALSE,C00,TOTAL CPC,0,0,TOTAL MOT,-1,N/A,,FALSE,-1,N/A,,FALSE,,FALSE,,FALSE,,62674175,62674175,0,TRUE,FALSE,HS_76
C,A,20130101,2013,52,2013,616,POL,Poland,X,Export,0,W00,World,0,W00,World,H4,HS,TRUE,76,Aluminium and articles thereof,2,FALSE,C00,TOTAL CPC,0,0,TOTAL MOT,-1,N/A,,FALSE,-1,N/A,,FALSE,,FALSE,,FALSE,,2441961726,2441961726,0,TRUE,FALSE,HS_76
C,A,20130101,2013,52,2013,634,QAT,Qatar,X,Export,0,W00,World,0,W00,World,H4,HS,TRUE,76,Aluminium and articles thereof,2,FALSE,C00,TOTAL CPC,0,0,TOTAL MOT,-1,N/A,0,FALSE,-1,N/A,0,FALSE,0,FALSE,0,FALSE,,1492087353.169,1492087353.169,0,FALSE,TRUE,HS_76
C,A,20130101,2013,52,2013,642,ROU,Romania,X,Export,0,W00,World,0,W00,World,H4,HS,TRUE,76,Aluminium and articles thereof,2,FALSE,C00,TOTAL CPC,0,0,TOTAL MOT,-1,N/A,,FALSE,-1,N/A,,FALSE,,FALSE,,FALSE,,1126139174,1126139174,0,TRUE,FALSE,HS_76
C,A,20130101,2013,52,2013,682,SAU,Saudi Arabia,X,Export,0,W00,World,0,W00,World,H4,HS,TRUE,76,Aluminium and articles thereof,2,FALSE,C00,TOTAL CPC,0,0,TOTAL MOT,-1,N/A,,FALSE,-1,N/A,,FALSE,,FALSE,,FALSE,,1038331698,1038331698,0,TRUE,FALSE,HS_76
C,A,20130101,2013,52,2013,686,SEN,Senegal,X,Export,0,W00,World,0,W00,World,H3,HS,TRUE,76,Aluminium and articles thereof,2,FALSE,C00,TOTAL CPC,0,0,TOTAL MOT,-1,N/A,,FALSE,-1,N/A,,FALSE,,FALSE,,FALSE,,6304942,6304942,0,TRUE,FALSE,HS_76
C,A,20130101,2013,52,2013,704,VNM,Viet Nam,X,Export,0,W00,World,0,W00,World,H4,HS,TRUE,76,Aluminium and articles thereof,2,FALSE,C00,TOTAL CPC,0,0,TOTAL MOT,-1,N/A,,FALSE,-1,N/A,,FALSE,,FALSE,,FALSE,,360069934,360069934,0,TRUE,FALSE,HS_76
C,A,20130101,2013,52,2013,710,ZAF,South Africa,X,Export,0,W00,World,0,W00,World,H4,HS,TRUE,76,Aluminium and articles thereof,2,FALSE,C00,TOTAL CPC,0,0,TOTAL MOT,-1,N/A,0,FALSE,-1,N/A,0,FALSE,0,TRUE,0,FALSE,,1933670562.103,1933670562.103,4,FALSE,TRUE,HS_76
C,A,20130101,2013,52,2013,784,ARE,United Arab Emirates,X,Export,0,W00,World,0,W00,World,H4,HS,TRUE,76,Aluminium and articles thereof,2,FALSE,C00,TOTAL CPC,0 ,0,TOTAL MOT,-1,N/A,0,FALSE,-1,N/A,0,FALSE,,FALSE,,FALSE,,2153918050.12,2153918050.12,0,FALSE,TRUE,HS_76
C,A,20130101,2013,52,2013,792,TUR,Türkiye,X,Export,0,W00,World,0,W00,World,H4,HS,TRUE,76,Aluminium and articles thereof,2,FALSE,C00,TOTAL CPC,0,0,TOTAL MOT,-1,N/A,0,FALSE,-1,N/A,0,FALSE,0,FALSE,0,FALSE,0,2383670295,2383670295,0,FALSE,TRUE,HS_76
C,A,20130101,2013,52,2013,818,EGY,Egypt,X,Export,0,W00,World,0,W00,World,H3,HS,TRUE,76,Aluminium and articles thereof,2,FALSE,C00,TOTAL CPC,0,0,TOTAL MOT,-1,N/A,,FALSE,-1,N/A,,FALSE,,FALSE,,FALSE,,706864217,706864217,0,TRUE,FALSE,HS_76
C,A,20130101,2013,52,2013,858,URY,Uruguay,X,Export,0,W00,World,0,W00,World,H4,HS,TRUE,76,Aluminium and articles thereof,2,FALSE,C00,TOTAL CPC,0,0,TOTAL MOT,-1,N/A,,FALSE,-1,N/A,,FALSE,,FALSE,,FALSE,,11277445,11277445,0,TRUE,FALSE,HS_76
C,A,20130101,2013,52,2013,894,ZMB,Zambia,X,Export,0,W00,World,0,W00,World,H4,HS,TRUE,76,Aluminium and articles thereof,2,FALSE,C00,TOTAL CPC,0,0,TOTAL MOT,-1,N/A,0,FALSE,-1,N/A,0,FALSE,,FALSE,0,FALSE,,2350496.369,2350496.369,0,FALSE,TRUE,HS_76
C,A,20130101,2013,52,2013,32,ARG,Argentina,X,Export,0,W00,World,0,W00,World,H4,HS,TRUE,2606,Aluminium ores and concentrates,4,FALSE,C00,TOTAL CPC,0,0,TOTAL MOT,8,kg,186000,FALSE,-1,N/A,,FALSE,186000,FALSE,,FALSE,,216198,216198,0,TRUE,FALSE,HS_2606
C,A,20130101,2013,52,2013,48,BHR,Bahrain,X,Export,0,W00,World,0,W00,World,H4,HS,TRUE,2606,Aluminium ores and concentrates,4,FALSE,C00,TOTAL CPC,0,0,TOTAL MOT,8,kg,34000,FALSE,-1,N/A,,FALSE,34000,FALSE,,FALSE,,72021,72021,0,TRUE,FALSE,HS_2606
C,A,20130101,2013,52,2013,76,BRA,Brazil,X,Export,0,W00,World,0,W00,World,H4,HS,TRUE,2606,Aluminium ores and concentrates,4,FALSE,C00,TOTAL CPC,0,0,TOTAL MOT,8,kg,8422174863,FALSE,8,kg,8422174863,FALSE,8422174863,FALSE,0,FALSE,,339986332,339986332,0,FALSE,TRUE,HS_2606
C,A,20130101,2013,52,2013,170,COL,Colombia,X,Export,0,W00,World,0,W00,World,H4,HS,TRUE,2606,Aluminium ores and concentrates,4,FALSE,C00,TOTAL CPC,0,0,TOTAL MOT,8,kg,5843,FALSE,-1,N/A,,FALSE,5843,FALSE,,FALSE,,10200,10200,0,TRUE,FALSE,HS_2606
C,A,20130101,2013,52,2013,348,HUN,Hungary,X,Export,0,W00,World,0,W00,World,H4,HS,TRUE,2606,Aluminium ores and concentrates,4,FALSE,C00,TOTAL CPC,0,0,TOTAL MOT,8,kg,547830,FALSE,-1,N/A,,FALSE,547830,FALSE,,FALSE,,42724,42724,0,TRUE,FALSE,HS_2606
C,A,20130101,2013,52,2013,360,IDN,Indonesia,X,Export,0,W00,World,0,W00,World,H4,HS,TRUE,2606,Aluminium ores and concentrates,4,FALSE,C00,TOTAL CPC,0,0,TOTAL MOT,8,kg,57023777090,FALSE,-1,N/A,,FALSE,57023777090,FALSE,,FALSE,,1349684797,1349684797,0,TRUE,FALSE,HS_2606
C,A,20130101,2013,52,2013,384,CIV,Côte d'Ivoire,X,Export,0,W00,World,0,W00,World,H3,HS,TRUE,2606,Aluminium ores and concentrates,4,FALSE,C00,TOTAL CPC,0,0,TOTAL MOT,8,kg,31,FALSE,8,kg,31,FALSE,31,FALSE,0,FALSE,,1375.229,1375.229,0,FALSE,TRUE,HS_2606
C,A,20130101,2013,52,2013,484,MEX,Mexico,X,Export,0,W00,World,0,W00,World,H4,HS,TRUE,2606,Aluminium ores and concentrates,4,FALSE,C00,TOTAL CPC,0,0,TOTAL MOT,8,kg,60095,FALSE,-1,N/A,,FALSE,60095,FALSE,,FALSE,,38058,38058,0,TRUE,FALSE,HS_2606
C,A,20130101,2013,52,2013,566,NGA,Nigeria,X,Export,0,W00,World,0,W00,World,H3,HS,TRUE,2606,Aluminium ores and concentrates,4,FALSE,C00,TOTAL CPC,0,0,TOTAL MOT,8,kg,2352525,FALSE,-1,N/A,,FALSE,2352525,FALSE,,FALSE,,1549843,1549843,0,TRUE,FALSE,HS_2606
C,A,20130101,2013,52,2013,586,PAK,Pakistan,X,Export,0,W00,World,0,W00,World,H4,HS,TRUE,2606,Aluminium ores and concentrates,4,FALSE,C00,TOTAL CPC,0,0,TOTAL MOT,8,kg,223000,FALSE,-1,N/A,,FALSE,223000,FALSE,,FALSE,,46883,46883,0,TRUE,FALSE,HS_2606
C,A,20130101,2013,52,2013,616,POL,Poland,X,Export,0,W00,World,0,W00,World,H4,HS,TRUE,2606,Aluminium ores and concentrates,4,FALSE,C00,TOTAL CPC,0,0,TOTAL MOT,8,kg,1600,FALSE,-1,N/A,,FALSE,1600,FALSE,,FALSE,,1667,1667,0,TRUE,FALSE,HS_2606
C,A,20130101,2013,52,2013,682,SAU,Saudi Arabia,X,Export,0,W00,World,0,W00,World,H4,HS,TRUE,2606,Aluminium ores and concentrates,4,FALSE,C00,TOTAL CPC,0,0,TOTAL MOT,8,kg,24000,FALSE,-1,N/A,,FALSE,24000,FALSE,,FALSE,,60000,60000,0,TRUE,FALSE,HS_2606
C,A,20130101,2013,52,2013,710,ZAF,South Africa,X,Export,0,W00,World,0,W00,World,H4,HS,TRUE,2606,Aluminium ores and concentrates,4,FALSE,C00,TOTAL CPC,0,0,TOTAL MOT,8,kg,52269.82,FALSE,8,kg,52269.82,FALSE,52269.82,FALSE,0,FALSE,,34998.562,34998.562,0,FALSE,TRUE,HS_2606
C,A,20130101,2013,52,2013,784,ARE,United Arab Emirates,X,Export,0,W00,World,0,W00,World,H4,HS,TRUE,2606,Aluminium ores and concentrates,4,FALSE,C00,TOTAL CPC,0 ,0,TOTAL MOT,8,kg,3188517,FALSE,8,kg,3188517,FALSE,3188517,FALSE,,FALSE,,350957.711,350957.711,0,FALSE,TRUE,HS_2606
C,A,20130101,2013,52,2013,792,TUR,Türkiye,X,Export,0,W00,World,0,W00,World,H4,HS,TRUE,2606,Aluminium ores and concentrates,4,FALSE,C00,TOTAL CPC,0,0,TOTAL MOT,8,kg,215732148,FALSE,8,kg,215732148,FALSE,215732148,FALSE,0,FALSE,0,7231111,7231111,0,FALSE,TRUE,HS_2606
C,A,20130101,2013,52,2013,32,ARG,Argentina,X,Export,0,W00,World,0,W00,World,H4,HS,TRUE,75,Nickel and articles thereof,2,FALSE,C00,TOTAL CPC,0,0,TOTAL MOT,-1,N/A,,FALSE,-1,N/A,,FALSE,,FALSE,,FALSE,,60065,60065,0,TRUE,FALSE,HS_75
C,A,20130101,2013,52,2013,48,BHR,Bahrain,X,Export,0,W00,World,0,W00,World,H4,HS,TRUE,75,Nickel and articles thereof,2,FALSE,C00,TOTAL CPC,0,0,TOTAL MOT,-1,N/A,,FALSE,-1,N/A,,FALSE,,FALSE,,FALSE,,142281,142281,0,TRUE,FALSE,HS_75
C,A,20130101,2013,52,2013,76,BRA,Brazil,X,Export,0,W00,World,0,W00,World,H4,HS,TRUE,75,Nickel and articles thereof,2,FALSE,C00,TOTAL CPC,0,0,TOTAL MOT,-1,N/A,0,FALSE,-1,N/A,0,FALSE,0,TRUE,0,FALSE,,448664745,448664745,4,FALSE,TRUE,HS_75
C,A,20130101,2013,52,2013,144,LKA,Sri Lanka,X,Export,0,W00,World,0,W00,World,H4,HS,TRUE,75,Nickel and articles thereof,2,FALSE,C00,TOTAL CPC,0,0,TOTAL MOT,-1,N/A,,FALSE,-1,N/A,,FALSE,,FALSE,,FALSE,,15,15,0,TRUE,FALSE,HS_75
C,A,20130101,2013,52,2013,152,CHL,Chile,X,Export,0,W00,World,0,W00,World,H4,HS,TRUE,75,Nickel and articles thereof,2,FALSE,C00,TOTAL CPC,0,0,TOTAL MOT,-1,N/A,0,FALSE,-1,N/A,0,FALSE,0,FALSE,0,FALSE,0,2591313.75,2591313.75,0,FALSE,TRUE,HS_75
C,A,20130101,2013,52,2013,170,COL,Colombia,X,Export,0,W00,World,0,W00,World,H4,HS,TRUE,75,Nickel and articles thereof,2,FALSE,C00,TOTAL CPC,0,0,TOTAL MOT,-1,N/A,,FALSE,-1,N/A,,FALSE,,FALSE,,FALSE,,542356,542356,0,TRUE,FALSE,HS_75
C,A,20130101,2013,52,2013,218,ECU,Ecuador,X,Export,0,W00,World,0,W00,World,H4,HS,TRUE,75,Nickel and articles thereof,2,FALSE,C00,TOTAL CPC,0,0,TOTAL MOT,-1,N/A,,FALSE,-1,N/A,,FALSE,,FALSE,,FALSE,,13811,13811,0,TRUE,FALSE,HS_75
C,A,20130101,2013,52,2013,222,SLV,El Salvador,X,Export,0,W00,World,0,W00,World,H4,HS,TRUE,75,Nickel and articles thereof,2,FALSE,C00,TOTAL CPC,0 ,0,TOTAL MOT,-1,N/A,0,FALSE,-1,N/A,0,FALSE,,FALSE,,FALSE,,1832.92,1832.92,0,FALSE,TRUE,HS_75
C,A,20130101,2013,52,2013,348,HUN,Hungary,X,Export,0,W00,World,0,W00,World,H4,HS,TRUE,75,Nickel and articles thereof,2,FALSE,C00,TOTAL CPC,0,0,TOTAL MOT,-1,N/A,,FALSE,-1,N/A,,FALSE,,FALSE,,FALSE,,5661223,5661223,0,TRUE,FALSE,HS_75
C,A,20130101,2013,52,2013,360,IDN,Indonesia,X,Export,0,W00,World,0,W00,World,H4,HS,TRUE,75,Nickel and articles thereof,2,FALSE,C00,TOTAL CPC,0,0,TOTAL MOT,-1,N/A,,FALSE,-1,N/A,,FALSE,,FALSE,,FALSE,,941569462,941569462,0,TRUE,FALSE,HS_75
C,A,20130101,2013,52,2013,384,CIV,Côte d'Ivoire,X,Export,0,W00,World,0,W00,World,H3,HS,TRUE,75,Nickel and articles thereof,2,FALSE,C00,TOTAL CPC,0,0,TOTAL MOT,-1,N/A,0,FALSE,-1,N/A,0,FALSE,0,FALSE,0,FALSE,,111468.126,111468.126,0,FALSE,TRUE,HS_75
C,A,20130101,2013,52,2013,398,KAZ,Kazakhstan,X,Export,0,W00,World,0,W00,World,H4,HS,TRUE,75,Nickel and articles thereof,2,FALSE,C00,TOTAL CPC,0,0,TOTAL MOT,-1,N/A,,FALSE,-1,N/A,,FALSE,,FALSE,,FALSE,,672069,672069,0,TRUE,FALSE,HS_75
C,A,20130101,2013,52,2013,484,MEX,Mexico,X,Export,0,W00,World,0,W00,World,H4,HS,TRUE,75,Nickel and articles thereof,2,FALSE,C00,TOTAL CPC,0,0,TOTAL MOT,-1,N/A,,FALSE,-1,N/A,,FALSE,,FALSE,,FALSE,,35945008,35945008,0,TRUE,FALSE,HS_75
C,A,20130101,2013,52,2013,504,MAR,Morocco,X,Export,0,W00,World,0,W00,World,H2,HS,TRUE,75,Nickel and articles thereof,2,FALSE,C00,TOTAL CPC,0,0,TOTAL MOT,-1,N/A,,FALSE,-1,N/A,,FALSE,,FALSE,,FALSE,,701085,701085,0,TRUE,FALSE,HS_75
C,A,20130101,2013,52,2013,566,NGA,Nigeria,X,Export,0,W00,World,0,W00,World,H3,HS,TRUE,75,Nickel and articles thereof,2,FALSE,C00,TOTAL CPC,0,0,TOTAL MOT,-1,N/A,,FALSE,-1,N/A,,FALSE,,FALSE,,FALSE,,6495522,6495522,0,TRUE,FALSE,HS_75
C,A,20130101,2013,52,2013,586,PAK,Pakistan,X,Export,0,W00,World,0,W00,World,H4,HS,TRUE,75,Nickel and articles thereof,2,FALSE,C00,TOTAL CPC,0,0,TOTAL MOT,-1,N/A,,FALSE,-1,N/A,,FALSE,,FALSE,,FALSE,,28072,28072,0,TRUE,FALSE,HS_75
C,A,20130101,2013,52,2013,591,PAN,Panama,X,Export,0,W00,World,0,W00,World,H4,HS,TRUE,75,Nickel and articles thereof,2,FALSE,C00,TOTAL CPC,0,0,TOTAL MOT,-1,N/A,0,FALSE,-1,N/A,0,FALSE,0,TRUE,0,FALSE,0,1610415,1610415,4,FALSE,TRUE,HS_75
C,A,20130101,2013,52,2013,604,PER,Peru,X,Export,0,W00,World,0,W00,World,H4,HS,TRUE,75,Nickel and articles thereof,2,FALSE,C00,TOTAL CPC,0,0,TOTAL MOT,-1,N/A,0,FALSE,-1,N/A,0,FALSE,0,FALSE,0,FALSE,,1056552.33,1056552.33,0,FALSE,TRUE,HS_75
C,A,20130101,2013,52,2013,608,PHL,Philippines,X,Export,0,W00,World,0,W00,World,H2,HS,TRUE,75,Nickel and articles thereof,2,FALSE,C00,TOTAL CPC,0,0,TOTAL MOT,-1,N/A,,FALSE,-1,N/A,,FALSE,,FALSE,,FALSE,,20275513,20275513,0,TRUE,FALSE,HS_75
C,A,20130101,2013,52,2013,616,POL,Poland,X,Export,0,W00,World,0,W00,World,H4,HS,TRUE,75,Nickel and articles thereof,2,FALSE,C00,TOTAL CPC,0,0,TOTAL MOT,-1,N/A,,FALSE,-1,N/A,,FALSE,,FALSE,,FALSE,,101367701,101367701,0,TRUE,FALSE,HS_75
C,A,20130101,2013,52,2013,634,QAT,Qatar,X,Export,0,W00,World,0,W00,World,H4,HS,TRUE,75,Nickel and articles thereof,2,FALSE,C00,TOTAL CPC,0,0,TOTAL MOT,-1,N/A,0,FALSE,-1,N/A,0,FALSE,0,FALSE,0,FALSE,,2076554.355,2076554.355,0,FALSE,TRUE,HS_75
C,A,20130101,2013,52,2013,642,ROU,Romania,X,Export,0,W00,World,0,W00,World,H4,HS,TRUE,75,Nickel and articles thereof,2,FALSE,C00,TOTAL CPC,0,0,TOTAL MOT,-1,N/A,,FALSE,-1,N/A,,FALSE,,FALSE,,FALSE,,12508417,12508417,0,TRUE,FALSE,HS_75
C,A,20130101,2013,52,2013,682,SAU,Saudi Arabia,X,Export,0,W00,World,0,W00,World,H4,HS,TRUE,75,Nickel and articles thereof,2,FALSE,C00,TOTAL CPC,0,0,TOTAL MOT,-1,N/A,,FALSE,-1,N/A,,FALSE,,FALSE,,FALSE,,49812062,49812062,0,TRUE,FALSE,HS_75
C,A,20130101,2013,52,2013,704,VNM,Viet Nam,X,Export,0,W00,World,0,W00,World,H4,HS,TRUE,75,Nickel and articles thereof,2,FALSE,C00,TOTAL CPC,0,0,TOTAL MOT,-1,N/A,,FALSE,-1,N/A,,FALSE,,FALSE,,FALSE,,1116922,1116922,0,TRUE,FALSE,HS_75
C,A,20130101,2013,52,2013,710,ZAF,South Africa,X,Export,0,W00,World,0,W00,World,H4,HS,TRUE,75,Nickel and articles thereof,2,FALSE,C00,TOTAL CPC,0,0,TOTAL MOT,-1,N/A,0,FALSE,-1,N/A,0,FALSE,0,TRUE,0,FALSE,,472127952.996,472127952.996,4,FALSE,TRUE,HS_75
C,A,20130101,2013,52,2013,784,ARE,United Arab Emirates,X,Export,0,W00,World,0,W00,World,H4,HS,TRUE,75,Nickel and articles thereof,2,FALSE,C00,TOTAL CPC,0 ,0,TOTAL MOT,-1,N/A,0,FALSE,-1,N/A,0,FALSE,,FALSE,,FALSE,,24653510.735,24653510.735,0,FALSE,TRUE,HS_75
C,A,20130101,2013,52,2013,792,TUR,Türkiye,X,Export,0,W00,World,0,W00,World,H4,HS,TRUE,75,Nickel and articles thereof,2,FALSE,C00,TOTAL CPC,0,0,TOTAL MOT,-1,N/A,0,FALSE,-1,N/A,0,FALSE,0,FALSE,0,FALSE,0,26763301,26763301,0,FALSE,TRUE,HS_75
C,A,20130101,2013,52,2013,818,EGY,Egypt,X,Export,0,W00,World,0,W00,World,H3,HS,TRUE,75,Nickel and articles thereof,2,FALSE,C00,TOTAL CPC,0,0,TOTAL MOT,-1,N/A,,FALSE,-1,N/A,,FALSE,,FALSE,,FALSE,,59104025,59104025,0,TRUE,FALSE,HS_75
C,A,20130101,2013,52,2013,894,ZMB,Zambia,X,Export,0,W00,World,0,W00,World,H4,HS,TRUE,75,Nickel and articles thereof,2,FALSE,C00,TOTAL CPC,0,0,TOTAL MOT,-1,N/A,0,FALSE,-1,N/A,0,FALSE,0,TRUE,0,FALSE,,93.831,93.831,4,FALSE,TRUE,HS_75
C,A,20130101,2013,52,2013,32,ARG,Argentina,X,Export,0,W00,World,0,W00,World,H4,HS,TRUE,2603,Copper ores and concentrates,4,FALSE,C00,TOTAL CPC,0,0,TOTAL MOT,8,kg,394709517,FALSE,-1,N/A,,FALSE,394709517,FALSE,,FALSE,,950277796,950277796,0,TRUE,FALSE,HS_2603
C,A,20130101,2013,52,2013,76,BRA,Brazil,X,Export,0,W00,World,0,W00,World,H4,HS,TRUE,2603,Copper ores and concentrates,4,FALSE,C00,TOTAL CPC,0,0,TOTAL MOT,8,kg,854263592,FALSE,8,kg,854263592,FALSE,854263592,FALSE,0,FALSE,,1825968033,1825968033,0,FALSE,TRUE,HS_2603
C,A,20130101,2013,52,2013,152,CHL,Chile,X,Export,0,W00,World,0,W00,World,H4,HS,TRUE,2603,Copper ores and concentrates,4,FALSE,C00,TOTAL CPC,0,0,TOTAL MOT,8,kg,2549044099.8,FALSE,8,kg,2549044099.8,FALSE,2549044099.8,FALSE,0,FALSE,0,16651451394.772,16651451394.772,0,FALSE,TRUE,HS_2603
C,A,20130101,2013,52,2013,170,COL,Colombia,X,Export,0,W00,World,0,W00,World,H4,HS,TRUE,2603,Copper ores and concentrates,4,FALSE,C00,TOTAL CPC,0,0,TOTAL MOT,8,kg,2714477,FALSE,-1,N/A,,FALSE,2714477,FALSE,,FALSE,,4104041,4104041,0,TRUE,FALSE,HS_2603
C,A,20130101,2013,52,2013,218,ECU,Ecuador,X,Export,0,W00,World,0,W00,World,H4,HS,TRUE,2603,Copper ores and concentrates,4,FALSE,C00,TOTAL CPC,0,0,TOTAL MOT,8,kg,10295133,FALSE,-1,N/A,,FALSE,10295133,FALSE,,FALSE,,21402485,21402485,0,TRUE,FALSE,HS_2603
C,A,20130101,2013,52,2013,360,IDN,Indonesia,X,Export,0,W00,World,0,W00,World,H4,HS,TRUE,2603,Copper ores and concentrates,4,FALSE,C00,TOTAL CPC,0,0,TOTAL MOT,8,kg,1453731863,FALSE,-1,N/A,,FALSE,1453731863,FALSE,,FALSE,,3006809864,3006809864,0,TRUE,FALSE,HS_2603
C,A,20130101,2013,52,2013,398,KAZ,Kazakhstan,X,Export,0,W00,World,0,W00,World,H4,HS,TRUE,2603,Copper ores and concentrates,4,FALSE,C00,TOTAL CPC,0,0,TOTAL MOT,8,kg,536233164,FALSE,-1,N/A,,FALSE,536233164,FALSE,,FALSE,,587264298,587264298,0,TRUE,FALSE,HS_2603
C,A,20130101,2013,52,2013,484,MEX,Mexico,X,Export,0,W00,World,0,W00,World,H4,HS,TRUE,2603,Copper ores and concentrates,4,FALSE,C00,TOTAL CPC,0,0,TOTAL MOT,8,kg,683451865,FALSE,-1,N/A,,FALSE,683451865,FALSE,,FALSE,,1486416565,1486416565,0,TRUE,FALSE,HS_2603
C,A,20130101,2013,52,2013,504,MAR,Morocco,X,Export,0,W00,World,0,W00,World,H2,HS,TRUE,2603,Copper ores and concentrates,4,FALSE,C00,TOTAL CPC,0,0,TOTAL MOT,8,kg,69763485,FALSE,-1,N/A,,FALSE,69763485,FALSE,,FALSE,,83311131,83311131,0,TRUE,FALSE,HS_2603
C,A,20130101,2013,52,2013,566,NGA,Nigeria,X,Export,0,W00,World,0,W00,World,H3,HS,TRUE,2603,Copper ores and concentrates,4,FALSE,C00,TOTAL CPC,0,0,TOTAL MOT,8,kg,770650,FALSE,-1,N/A,,FALSE,770650,FALSE,,FALSE,,522043,522043,0,TRUE,FALSE,HS_2603
C,A,20130101,2013,52,2013,586,PAK,Pakistan,X,Export,0,W00,World,0,W00,World,H4,HS,TRUE,2603,Copper ores and concentrates,4,FALSE,C00,TOTAL CPC,0,0,TOTAL MOT,8,kg,2366000,FALSE,-1,N/A,,FALSE,2366000,FALSE,,FALSE,,1169754,1169754,0,TRUE,FALSE,HS_2603
C,A,20130101,2013,52,2013,604,PER,Peru,X,Export,0,W00,World,0,W00,World,H4,HS,TRUE,2603,Copper ores and concentrates,4,FALSE,C00,TOTAL CPC,0,0,TOTAL MOT,8,kg,3814186389.86,FALSE,8,kg,3814186389.86,FALSE,3814186389.86,FALSE,0,FALSE,,7601498462.2,7601498462.2,0,FALSE,TRUE,HS_2603
C,A,20130101,2013,52,2013,608,PHL,Philippines,X,Export,0,W00,World,0,W00,World,H2,HS,TRUE,2603,Copper ores and concentrates,4,FALSE,C00,TOTAL CPC,0,0,TOTAL MOT,8,kg,448309481,FALSE,-1,N/A,,FALSE,448309481,FALSE,,FALSE,,967997008,967997008,0,TRUE,FALSE,HS_2603
C,A,20130101,2013,52,2013,616,POL,Poland,X,Export,0,W00,World,0,W00,World,H4,HS,TRUE,2603,Copper ores and concentrates,4,FALSE,C00,TOTAL CPC,0,0,TOTAL MOT,8,kg,900,TRUE,-1,N/A,,FALSE,900,TRUE,,FALSE,,332,332,6,TRUE,FALSE,HS_2603
C,A,20130101,2013,52,2013,642,ROU,Romania,X,Export,0,W00,World,0,W00,World,H4,HS,TRUE,2603,Copper ores and concentrates,4,FALSE,C00,TOTAL CPC,0,0,TOTAL MOT,8,kg,44996213,TRUE,-1,N/A,,FALSE,44996213,TRUE,,FALSE,,50158574,50158574,6,TRUE,FALSE,HS_2603
C,A,20130101,2013,52,2013,682,SAU,Saudi Arabia,X,Export,0,W00,World,0,W00,World,H4,HS,TRUE,2603,Copper ores and concentrates,4,FALSE,C00,TOTAL CPC,0,0,TOTAL MOT,8,kg,39760000,FALSE,-1,N/A,,FALSE,39760000,FALSE,,FALSE,,71434756,71434756,0,TRUE,FALSE,HS_2603
C,A,20130101,2013,52,2013,710,ZAF,South Africa,X,Export,0,W00,World,0,W00,World,H4,HS,TRUE,2603,Copper ores and concentrates,4,FALSE,C00,TOTAL CPC,0,0,TOTAL MOT,8,kg,262091756.004,TRUE,-1,N/A,0,FALSE,262091756.004,TRUE,0,FALSE,,475145285.196,475145285.196,6,FALSE,TRUE,HS_2603
C,A,20130101,2013,52,2013,784,ARE,United Arab Emirates,X,Export,0,W00,World,0,W00,World,H4,HS,TRUE,2603,Copper ores and concentrates,4,FALSE,C00,TOTAL CPC,0 ,0,TOTAL MOT,8,kg,526795,FALSE,8,kg,526795,FALSE,526795,FALSE,,FALSE,,2117650.846,2117650.846,0,FALSE,TRUE,HS_2603
C,A,20130101,2013,52,2013,792,TUR,Türkiye,X,Export,0,W00,World,0,W00,World,H4,HS,TRUE,2603,Copper ores and concentrates,4,FALSE,C00,TOTAL CPC,0,0,TOTAL MOT,8,kg,428210886,FALSE,8,kg,428210886,FALSE,428210886,FALSE,0,FALSE,0,509540238,509540238,0,FALSE,TRUE,HS_2603
C,A,20130101,2013,52,2013,894,ZMB,Zambia,X,Export,0,W00,World,0,W00,World,H4,HS,TRUE,2603,Copper ores and concentrates,4,FALSE,C00,TOTAL CPC,0,0,TOTAL MOT,8,kg,35028621.828,TRUE,-1,N/A,0,FALSE,35028621.828,TRUE,0,FALSE,,65253402.764,65253402.764,6,FALSE,TRUE,HS_2603
C,A,20130101,2013,52,2013,32,ARG,Argentina,X,Export,0,W00,World,0,W00,World,H4,HS,TRUE,72,Iron and steel,2,FALSE,C00,TOTAL CPC,0,0,TOTAL MOT,-1,N/A,,FALSE,-1,N/A,,FALSE,,FALSE,,FALSE,,460282699,460282699,0,TRUE,FALSE,HS_72
C,A,20130101,2013,52,2013,48,BHR,Bahrain,X,Export,0,W00,World,0,W00,World,H4,HS,TRUE,72,Iron and steel,2,FALSE,C00,TOTAL CPC,0,0,TOTAL MOT,-1,N/A,,FALSE,-1,N/A,,FALSE,,FALSE,,FALSE,,546695691,546695691,0,TRUE,FALSE,HS_72
C,A,20130101,2013,52,2013,76,BRA,Brazil,X,Export,0,W00,World,0,W00,World,H4,HS,TRUE,72,Iron and steel,2,FALSE,C00,TOTAL CPC,0,0,TOTAL MOT,-1,N/A,0,FALSE,-1,N/A,0,FALSE,,FALSE,0,FALSE,,8372048231,8372048231,0,FALSE,TRUE,HS_72
C,A,20130101,2013,52,2013,144,LKA,Sri Lanka,X,Export,0,W00,World,0,W00,World,H4,HS,TRUE,72,Iron and steel,2,FALSE,C00,TOTAL CPC,0,0,TOTAL MOT,-1,N/A,,FALSE,-1,N/A,,FALSE,,FALSE,,FALSE,,1805117,1805117,0,TRUE,FALSE,HS_72
C,A,20130101,2013,52,2013,152,CHL,Chile,X,Export,0,W00,World,0,W00,World,H4,HS,TRUE,72,Iron and steel,2,FALSE,C00,TOTAL CPC,0,0,TOTAL MOT,-1,N/A,0,FALSE,-1,N/A,0,FALSE,0,TRUE,0,FALSE,0,347517835.286,347517835.286,4,FALSE,TRUE,HS_72
C,A,20130101,2013,52,2013,170,COL,Colombia,X,Export,0,W00,World,0,W00,World,H4,HS,TRUE,72,Iron and steel,2,FALSE,C00,TOTAL CPC,0,0,TOTAL MOT,-1,N/A,,FALSE,-1,N/A,,FALSE,,FALSE,,FALSE,,826989190,826989190,0,TRUE,FALSE,HS_72
C,A,20130101,2013,52,2013,218,ECU,Ecuador,X,Export,0,W00,World,0,W00,World,H4,HS,TRUE,72,Iron and steel,2,FALSE,C00,TOTAL CPC,0,0,TOTAL MOT,-1,N/A,,FALSE,-1,N/A,,FALSE,,FALSE,,FALSE,,17320360,17320360,0,TRUE,FALSE,HS_72
C,A,20130101,2013,52,2013,222,SLV,El Salvador,X,Export,0,W00,World,0,W00,World,H4,HS,TRUE,72,Iron and steel,2,FALSE,C00,TOTAL CPC,0 ,0,TOTAL MOT,-1,N/A,0,FALSE,-1,N/A,0,FALSE,,FALSE,,FALSE,,168872024.77,168872024.77,0,FALSE,TRUE,HS_72
C,A,20130101,2013,52,2013,348,HUN,Hungary,X,Export,0,W00,World,0,W00,World,H4,HS,TRUE,72,Iron and steel,2,FALSE,C00,TOTAL CPC,0,0,TOTAL MOT,-1,N/A,,FALSE,-1,N/A,,FALSE,,FALSE,,FALSE,,1652526063,1652526063,0,TRUE,FALSE,HS_72
C,A,20130101,2013,52,2013,360,IDN,Indonesia,X,Export,0,W00,World,0,W00,World,H4,HS,TRUE,72,Iron and steel,2,FALSE,C00,TOTAL CPC,0,0,TOTAL MOT,-1,N/A,,FALSE,-1,N/A,,FALSE,,FALSE,,FALSE,,652440523,652440523,0,TRUE,FALSE,HS_72
C,A,20130101,2013,52,2013,384,CIV,Côte d'Ivoire,X,Export,0,W00,World,0,W00,World,H3,HS,TRUE,72,Iron and steel,2,FALSE,C00,TOTAL CPC,0,0,TOTAL MOT,-1,N/A,0,FALSE,-1,N/A,0,FALSE,0,FALSE,0,FALSE,,35142848.995,35142848.995,0,FALSE,TRUE,HS_72
C,A,20130101,2013,52,2013,398,KAZ,Kazakhstan,X,Export,0,W00,World,0,W00,World,H4,HS,TRUE,72,Iron and steel,2,FALSE,C00,TOTAL CPC,0,0,TOTAL MOT,-1,N/A,,FALSE,-1,N/A,,FALSE,,FALSE,,FALSE,,3252494243,3252494243,0,TRUE,FALSE,HS_72
C,A,20130101,2013,52,2013,484,MEX,Mexico,X,Export,0,W00,World,0,W00,World,H4,HS,TRUE,72,Iron and steel,2,FALSE,C00,TOTAL CPC,0,0,TOTAL MOT,-1,N/A,,FALSE,-1,N/A,,FALSE,,FALSE,,FALSE,,3693440790,3693440790,0,TRUE,FALSE,HS_72
C,A,20130101,2013,52,2013,504,MAR,Morocco,X,Export,0,W00,World,0,W00,World,H2,HS,TRUE,72,Iron and steel,2,FALSE,C00,TOTAL CPC,0,0,TOTAL MOT,-1,N/A,,FALSE,-1,N/A,,FALSE,,FALSE,,FALSE,,145249860,145249860,0,TRUE,FALSE,HS_72
C,A,20130101,2013,52,2013,566,NGA,Nigeria,X,Export,0,W00,World,0,W00,World,H3,HS,TRUE,72,Iron and steel,2,FALSE,C00,TOTAL CPC,0,0,TOTAL MOT,-1,N/A,,FALSE,-1,N/A,,FALSE,,FALSE,,FALSE,,30428475,30428475,0,TRUE,FALSE,HS_72
C,A,20130101,2013,52,2013,586,PAK,Pakistan,X,Export,0,W00,World,0,W00,World,H4,HS,TRUE,72,Iron and steel,2,FALSE,C00,TOTAL CPC,0,0,TOTAL MOT,-1,N/A,,FALSE,-1,N/A,,FALSE,,FALSE,,FALSE,,41741769,41741769,0,TRUE,FALSE,HS_72
C,A,20130101,2013,52,2013,591,PAN,Panama,X,Export,0,W00,World,0,W00,World,H4,HS,TRUE,72,Iron and steel,2,FALSE,C00,TOTAL CPC,0,0,TOTAL MOT,-1,N/A,0,FALSE,-1,N/A,0,FALSE,0,FALSE,0,FALSE,0,51974481,51974481,0,FALSE,TRUE,HS_72
C,A,20130101,2013,52,2013,604,PER,Peru,X,Export,0,W00,World,0,W00,World,H4,HS,TRUE,72,Iron and steel,2,FALSE,C00,TOTAL CPC,0,0,TOTAL MOT,-1,N/A,0,FALSE,-1,N/A,0,FALSE,0,TRUE,0,FALSE,,164353671,164353671,4,FALSE,TRUE,HS_72
C,A,20130101,2013,52,2013,608,PHL,Philippines,X,Export,0,W00,World,0,W00,World,H2,HS,TRUE,72,Iron and steel,2,FALSE,C00,TOTAL CPC,0,0,TOTAL MOT,-1,N/A,,FALSE,-1,N/A,,FALSE,,FALSE,,FALSE,,112835737,112835737,0,TRUE,FALSE,HS_72
C,A,20130101,2013,52,2013,616,POL,Poland,X,Export,0,W00,World,0,W00,World,H4,HS,TRUE,72,Iron and steel,2,FALSE,C00,TOTAL CPC,0,0,TOTAL MOT,-1,N/A,,FALSE,-1,N/A,,FALSE,,FALSE,,FALSE,,4825906457,4825906457,0,TRUE,FALSE,HS_72
C,A,20130101,2013,52,2013,634,QAT,Qatar,X,Export,0,W00,World,0,W00,World,H4,HS,TRUE,72,Iron and steel,2,FALSE,C00,TOTAL CPC,0,0,TOTAL MOT,-1,N/A,0,FALSE,-1,N/A,0,FALSE,0,FALSE,0,FALSE,,1126814104.808,1126814104.808,0,FALSE,TRUE,HS_72
C,A,20130101,2013,52,2013,642,ROU,Romania,X,Export,0,W00,World,0,W00,World,H4,HS,TRUE,72,Iron and steel,2,FALSE,C00,TOTAL CPC,0,0,TOTAL MOT,-1,N/A,,FALSE,-1,N/A,,FALSE,,FALSE,,FALSE,,2264119614,2264119614,0,TRUE,FALSE,HS_72
C,A,20130101,2013,52,2013,682,SAU,Saudi Arabia,X,Export,0,W00,World,0,W00,World,H4,HS,TRUE,72,Iron and steel,2,FALSE,C00,TOTAL CPC,0,0,TOTAL MOT,-1,N/A,,FALSE,-1,N/A,,FALSE,,FALSE,,FALSE,,739802258,739802258,0,TRUE,FALSE,HS_72
C,A,20130101,2013,52,2013,686,SEN,Senegal,X,Export,0,W00,World,0,W00,World,H3,HS,TRUE,72,Iron and steel,2,FALSE,C00,TOTAL CPC,0,0,TOTAL MOT,-1,N/A,,FALSE,-1,N/A,,FALSE,,FALSE,,FALSE,,118283688,118283688,0,TRUE,FALSE,HS_72
C,A,20130101,2013,52,2013,704,VNM,Viet Nam,X,Export,0,W00,World,0,W00,World,H4,HS,TRUE,72,Iron and steel,2,FALSE,C00,TOTAL CPC,0,0,TOTAL MOT,-1,N/A,,FALSE,-1,N/A,,FALSE,,FALSE,,FALSE,,2021542594,2021542594,0,TRUE,FALSE,HS_72
C,A,20130101,2013,52,2013,710,ZAF,South Africa,X,Export,0,W00,World,0,W00,World,H4,HS,TRUE,72,Iron and steel,2,FALSE,C00,TOTAL CPC,0,0,TOTAL MOT,-1,N/A,0,FALSE,-1,N/A,0,FALSE,,FALSE,0,FALSE,,6418067020.342,6418067020.342,0,FALSE,TRUE,HS_72
C,A,20130101,2013,52,2013,784,ARE,United Arab Emirates,X,Export,0,W00,World,0,W00,World,H4,HS,TRUE,72,Iron and steel,2,FALSE,C00,TOTAL CPC,0 ,0,TOTAL MOT,-1,N/A,0,FALSE,-1,N/A,0,FALSE,,TRUE,,FALSE,,1863499694.425,1863499694.425,0,FALSE,TRUE,HS_72
C,A,20130101,2013,52,2013,792,TUR,Türkiye,X,Export,0,W00,World,0,W00,World,H4,HS,TRUE,72,Iron and steel,2,FALSE,C00,TOTAL CPC,0,0,TOTAL MOT,-1,N/A,0,FALSE,-1,N/A,0,FALSE,0,TRUE,0,FALSE,0,9785706747,9785706747,4,FALSE,TRUE,HS_72
C,A,20130101,2013,52,2013,818,EGY,Egypt,X,Export,0,W00,World,0,W00,World,H3,HS,TRUE,72,Iron and steel,2,FALSE,C00,TOTAL CPC,0,0,TOTAL MOT,-1,N/A,,FALSE,-1,N/A,,FALSE,,FALSE,,FALSE,,971422117,971422117,0,TRUE,FALSE,HS_72
C,A,20130101,2013,52,2013,858,URY,Uruguay,X,Export,0,W00,World,0,W00,World,H4,HS,TRUE,72,Iron and steel,2,FALSE,C00,TOTAL CPC,0,0,TOTAL MOT,-1,N/A,,FALSE,-1,N/A,,FALSE,,FALSE,,FALSE,,1027436,1027436,0,TRUE,FALSE,HS_72
C,A,20130101,2013,52,2013,894,ZMB,Zambia,X,Export,0,W00,World,0,W00,World,H4,HS,TRUE,72,Iron and steel,2,FALSE,C00,TOTAL CPC,0,0,TOTAL MOT,-1,N/A,0,FALSE,-1,N/A,0,FALSE,,FALSE,0,FALSE,,54993934.926,54993934.926,0,FALSE,TRUE,HS_72
C,A,20130101,2013,52,2013,32,ARG,Argentina,X,Export,0,W00,World,0,W00,World,H4,HS,TRUE,73,Iron or steel articles,2,FALSE,C00,TOTAL CPC,0,0,TOTAL MOT,-1,N/A,,FALSE,-1,N/A,,FALSE,,FALSE,,FALSE,,1174789695,1174789695,0,TRUE,FALSE,HS_73
C,A,20130101,2013,52,2013,48,BHR,Bahrain,X,Export,0,W00,World,0,W00,World,H4,HS,TRUE,73,Iron or steel articles,2,FALSE,C00,TOTAL CPC,0,0,TOTAL MOT,-1,N/A,,FALSE,-1,N/A,,FALSE,,FALSE,,FALSE,,89139856,89139856,0,TRUE,FALSE,HS_73
C,A,20130101,2013,52,2013,76,BRA,Brazil,X,Export,0,W00,World,0,W00,World,H4,HS,TRUE,73,Iron or steel articles,2,FALSE,C00,TOTAL CPC,0,0,TOTAL MOT,-1,N/A,0,FALSE,-1,N/A,0,FALSE,0,TRUE,0,FALSE,,1707754912,1707754912,4,FALSE,TRUE,HS_73
C,A,20130101,2013,52,2013,144,LKA,Sri Lanka,X,Export,0,W00,World,0,W00,World,H4,HS,TRUE,73,Iron or steel articles,2,FALSE,C00,TOTAL CPC,0,0,TOTAL MOT,-1,N/A,,FALSE,-1,N/A,,FALSE,,FALSE,,FALSE,,7190892,7190892,0,TRUE,FALSE,HS_73
C,A,20130101,2013,52,2013,152,CHL,Chile,X,Export,0,W00,World,0,W00,World,H4,HS,TRUE,73,Iron or steel articles,2,FALSE,C00,TOTAL CPC,0,0,TOTAL MOT,-1,N/A,0,FALSE,-1,N/A,0,FALSE,0,TRUE,0,FALSE,0,347996047.338,347996047.338,4,FALSE,TRUE,HS_73
C,A,20130101,2013,52,2013,170,COL,Colombia,X,Export,0,W00,World,0,W00,World,H4,HS,TRUE,73,Iron or steel articles,2,FALSE,C00,TOTAL CPC,0,0,TOTAL MOT,-1,N/A,,FALSE,-1,N/A,,FALSE,,FALSE,,FALSE,,197197242,197197242,0,TRUE,FALSE,HS_73
C,A,20130101,2013,52,2013,218,ECU,Ecuador,X,Export,0,W00,World,0,W00,World,H4,HS,TRUE,73,Iron or steel articles,2,FALSE,C00,TOTAL CPC,0,0,TOTAL MOT,-1,N/A,,FALSE,-1,N/A,,FALSE,,FALSE,,FALSE,,162152215,162152215,0,TRUE,FALSE,HS_73
C,A,20130101,2013,52,2013,222,SLV,El Salvador,X,Export,0,W00,World,0,W00,World,H4,HS,TRUE,73,Iron or steel articles,2,FALSE,C00,TOTAL CPC,0 ,0,TOTAL MOT,-1,N/A,0,FALSE,-1,N/A,0,FALSE,,TRUE,,FALSE,,42284914.47,42284914.47,0,FALSE,TRUE,HS_73
C,A,20130101,2013,52,2013,348,HUN,Hungary,X,Export,0,W00,World,0,W00,World,H4,HS,TRUE,73,Iron or steel articles,2,FALSE,C00,TOTAL CPC,0,0,TOTAL MOT,-1,N/A,,FALSE,-1,N/A,,FALSE,,FALSE,,FALSE,,1665122019,1665122019,0,TRUE,FALSE,HS_73
C,A,20130101,2013,52,2013,360,IDN,Indonesia,X,Export,0,W00,World,0,W00,World,H4,HS,TRUE,73,Iron or steel articles,2,FALSE,C00,TOTAL CPC,0,0,TOTAL MOT,-1,N/A,,FALSE,-1,N/A,,FALSE,,FALSE,,FALSE,,2152033086,2152033086,0,TRUE,FALSE,HS_73
C,A,20130101,2013,52,2013,384,CIV,Côte d'Ivoire,X,Export,0,W00,World,0,W00,World,H3,HS,TRUE,73,Iron or steel articles,2,FALSE,C00,TOTAL CPC,0,0,TOTAL MOT,-1,N/A,0,FALSE,-1,N/A,0,FALSE,0,TRUE,0,FALSE,,33120190.964,33120190.964,4,FALSE,TRUE,HS_73
C,A,20130101,2013,52,2013,398,KAZ,Kazakhstan,X,Export,0,W00,World,0,W00,World,H4,HS,TRUE,73,Iron or steel articles,2,FALSE,C00,TOTAL CPC,0,0,TOTAL MOT,-1,N/A,,FALSE,-1,N/A,,FALSE,,FALSE,,FALSE,,206188654,206188654,0,TRUE,FALSE,HS_73
C,A,20130101,2013,52,2013,484,MEX,Mexico,X,Export,0,W00,World,0,W00,World,H4,HS,TRUE,73,Iron or steel articles,2,FALSE,C00,TOTAL CPC,0,0,TOTAL MOT,-1,N/A,,FALSE,-1,N/A,,FALSE,,FALSE,,FALSE,,5731130193,5731130193,0,TRUE,FALSE,HS_73
C,A,20130101,2013,52,2013,504,MAR,Morocco,X,Export,0,W00,World,0,W00,World,H2,HS,TRUE,73,Iron or steel articles,2,FALSE,C00,TOTAL CPC,0,0,TOTAL MOT,-1,N/A,,FALSE,-1,N/A,,FALSE,,FALSE,,FALSE,,83501347,83501347,0,TRUE,FALSE,HS_73
C,A,20130101,2013,52,2013,566,NGA,Nigeria,X,Export,0,W00,World,0,W00,World,H3,HS,TRUE,73,Iron or steel articles,2,FALSE,C00,TOTAL CPC,0,0,TOTAL MOT,-1,N/A,,FALSE,-1,N/A,,FALSE,,FALSE,,FALSE,,14018519,14018519,0,TRUE,FALSE,HS_73
C,A,20130101,2013,52,2013,586,PAK,Pakistan,X,Export,0,W00,World,0,W00,World,H4,HS,TRUE,73,Iron or steel articles,2,FALSE,C00,TOTAL CPC,0,0,TOTAL MOT,-1,N/A,,FALSE,-1,N/A,,FALSE,,FALSE,,FALSE,,180415579,180415579,0,TRUE,FALSE,HS_73
C,A,20130101,2013,52,2013,591,PAN,Panama,X,Export,0,W00,World,0,W00,World,H4,HS,TRUE,73,Iron or steel articles,2,FALSE,C00,TOTAL CPC,0,0,TOTAL MOT,-1,N/A,0,FALSE,-1,N/A,0,FALSE,0,TRUE,0,FALSE,0,79152863,79152863,4,FALSE,TRUE,HS_73
C,A,20130101,2013,52,2013,604,PER,Peru,X,Export,0,W00,World,0,W00,World,H4,HS,TRUE,73,Iron or steel articles,2,FALSE,C00,TOTAL CPC,0,0,TOTAL MOT,-1,N/A,0,FALSE,-1,N/A,0,FALSE,0,TRUE,0,FALSE,,126696397.12,126696397.12,4,FALSE,TRUE,HS_73
C,A,20130101,2013,52,2013,608,PHL,Philippines,X,Export,0,W00,World,0,W00,World,H2,HS,TRUE,73,Iron or steel articles,2,FALSE,C00,TOTAL CPC,0,0,TOTAL MOT,-1,N/A,,FALSE,-1,N/A,,FALSE,,FALSE,,FALSE,,1020144903,1020144903,0,TRUE,FALSE,HS_73
C,A,20130101,2013,52,2013,616,POL,Poland,X,Export,0,W00,World,0,W00,World,H4,HS,TRUE,73,Iron or steel articles,2,FALSE,C00,TOTAL CPC,0,0,TOTAL MOT,-1,N/A,,FALSE,-1,N/A,,FALSE,,FALSE,,FALSE,,6656574236,6656574236,0,TRUE,FALSE,HS_73
C,A,20130101,2013,52,2013,634,QAT,Qatar,X,Export,0,W00,World,0,W00,World,H4,HS,TRUE,73,Iron or steel articles,2,FALSE,C00,TOTAL CPC,0,0,TOTAL MOT,-1,N/A,0,FALSE,-1,N/A,0,FALSE,0,FALSE,0,FALSE,,489602149.669,489602149.669,0,FALSE,TRUE,HS_73
C,A,20130101,2013,52,2013,642,ROU,Romania,X,Export,0,W00,World,0,W00,World,H4,HS,TRUE,73,Iron or steel articles,2,FALSE,C00,TOTAL CPC,0,0,TOTAL MOT,-1,N/A,,FALSE,-1,N/A,,FALSE,,FALSE,,FALSE,,1980573955,1980573955,0,TRUE,FALSE,HS_73
C,A,20130101,2013,52,2013,682,SAU,Saudi Arabia,X,Export,0,W00,World,0,W00,World,H4,HS,TRUE,73,Iron or steel articles,2,FALSE,C00,TOTAL CPC,0,0,TOTAL MOT,-1,N/A,,FALSE,-1,N/A,,FALSE,,FALSE,,FALSE,,858029073,858029073,0,TRUE,FALSE,HS_73
C,A,20130101,2013,52,2013,686,SEN,Senegal,X,Export,0,W00,World,0,W00,World,H3,HS,TRUE,73,Iron or steel articles,2,FALSE,C00,TOTAL CPC,0,0,TOTAL MOT,-1,N/A,,FALSE,-1,N/A,,FALSE,,FALSE,,FALSE,,13842287,13842287,0,TRUE,FALSE,HS_73
C,A,20130101,2013,52,2013,704,VNM,Viet Nam,X,Export,0,W00,World,0,W00,World,H4,HS,TRUE,73,Iron or steel articles,2,FALSE,C00,TOTAL CPC,0,0,TOTAL MOT,-1,N/A,,FALSE,-1,N/A,,FALSE,,FALSE,,FALSE,,1566266852,1566266852,0,TRUE,FALSE,HS_73
C,A,20130101,2013,52,2013,710,ZAF,South Africa,X,Export,0,W00,World,0,W00,World,H4,HS,TRUE,73,Iron or steel articles,2,FALSE,C00,TOTAL CPC,0,0,TOTAL MOT,-1,N/A,0,FALSE,-1,N/A,0,FALSE,,FALSE,0,FALSE,,1555307593.368,1555307593.368,0,FALSE,TRUE,HS_73
C,A,20130101,2013,52,2013,784,ARE,United Arab Emirates,X,Export,0,W00,World,0,W00,World,H4,HS,TRUE,73,Iron or steel articles,2,FALSE,C00,TOTAL CPC,0 ,0,TOTAL MOT,-1,N/A,0,FALSE,-1,N/A,0,FALSE,,FALSE,,FALSE,,1630524645.31,1630524645.31,0,FALSE,TRUE,HS_73
C,A,20130101,2013,52,2013,792,TUR,Türkiye,X,Export,0,W00,World,0,W00,World,H4,HS,TRUE,73,Iron or steel articles,2,FALSE,C00,TOTAL CPC,0,0,TOTAL MOT,-1,N/A,0,FALSE,-1,N/A,0,FALSE,0,FALSE,0,FALSE,0,6290219836,6290219836,0,FALSE,TRUE,HS_73
C,A,20130101,2013,52,2013,818,EGY,Egypt,X,Export,0,W00,World,0,W00,World,H3,HS,TRUE,73,Iron or steel articles,2,FALSE,C00,TOTAL CPC,0,0,TOTAL MOT,-1,N/A,,FALSE,-1,N/A,,FALSE,,FALSE,,FALSE,,438521293,438521293,0,TRUE,FALSE,HS_73
C,A,20130101,2013,52,2013,858,URY,Uruguay,X,Export,0,W00,World,0,W00,World,H4,HS,TRUE,73,Iron or steel articles,2,FALSE,C00,TOTAL CPC,0,0,TOTAL MOT,-1,N/A,,FALSE,-1,N/A,,FALSE,,FALSE,,FALSE,,74334224,74334224,0,TRUE,FALSE,HS_73
C,A,20130101,2013,52,2013,894,ZMB,Zambia,X,Export,0,W00,World,0,W00,World,H4,HS,TRUE,73,Iron or steel articles,2,FALSE,C00,TOTAL CPC,0,0,TOTAL MOT,-1,N/A,0,FALSE,-1,N/A,0,FALSE,,FALSE,0,FALSE,,16681603.52,16681603.52,0,FALSE,TRUE,HS_73
C,A,20130101,2013,52,2013,32,ARG,Argentina,X,Export,0,W00,World,0,W00,World,H4,HS,TRUE,2601,Iron ores and concentrates; including roasted iron pyrites,4,FALSE,C00,TOTAL CPC,0,0,TOTAL MOT,8,kg,479670113,FALSE,-1,N/A,,FALSE,479670113,FALSE,,FALSE,,41492352,41492352,0,TRUE,FALSE,HS_2601
C,A,20130101,2013,52,2013,48,BHR,Bahrain,X,Export,0,W00,World,0,W00,World,H4,HS,TRUE,2601,Iron ores and concentrates; including roasted iron pyrites,4,FALSE,C00,TOTAL CPC,0,0,TOTAL MOT,8,kg,3225825275,FALSE,-1,N/A,,FALSE,3225825275,FALSE,,FALSE,,609891928,609891928,0,TRUE,FALSE,HS_2601
C,A,20130101,2013,52,2013,76,BRA,Brazil,X,Export,0,W00,World,0,W00,World,H4,HS,TRUE,2601,Iron ores and concentrates; including roasted iron pyrites,4,FALSE,C00,TOTAL CPC,0,0,TOTAL MOT,8,kg,329638724111,FALSE,8,kg,329638724111,FALSE,329638724111,FALSE,0,FALSE,,32491530731,32491530731,0,FALSE,TRUE,HS_2601
C,A,20130101,2013,52,2013,144,LKA,Sri Lanka,X,Export,0,W00,World,0,W00,World,H4,HS,TRUE,2601,Iron ores and concentrates; including roasted iron pyrites,4,FALSE,C00,TOTAL CPC,0,0,TOTAL MOT,8,kg,8109,TRUE,-1,N/A,,FALSE,8109,TRUE,,FALSE,,730,730,6,TRUE,FALSE,HS_2601
C,A,20130101,2013,52,2013,152,CHL,Chile,X,Export,0,W00,World,0,W00,World,H4,HS,TRUE,2601,Iron ores and concentrates; including roasted iron pyrites,4,FALSE,C00,TOTAL CPC,0,0,TOTAL MOT,8,kg,12240243900,FALSE,8,kg,12240243900,FALSE,12240243900,FALSE,0,FALSE,0,1375060894.66,1375060894.66,0,FALSE,TRUE,HS_2601
C,A,20130101,2013,52,2013,170,COL,Colombia,X,Export,0,W00,World,0,W00,World,H4,HS,TRUE,2601,Iron ores and concentrates; including roasted iron pyrites,4,FALSE,C00,TOTAL CPC,0,0,TOTAL MOT,8,kg,15468,FALSE,-1,N/A,,FALSE,15468,FALSE,,FALSE,,19761,19761,0,TRUE,FALSE,HS_2601
C,A,20130101,2013,52,2013,218,ECU,Ecuador,X,Export,0,W00,World,0,W00,World,H4,HS,TRUE,2601,Iron ores and concentrates; including roasted iron pyrites,4,FALSE,C00,TOTAL CPC,0,0,TOTAL MOT,8,kg,3550402,FALSE,-1,N/A,,FALSE,3550402,FALSE,,FALSE,,177520,177520,0,TRUE,FALSE,HS_2601
C,A,20130101,2013,52,2013,348,HUN,Hungary,X,Export,0,W00,World,0,W00,World,H4,HS,TRUE,2601,Iron ores and concentrates; including roasted iron pyrites,4,FALSE,C00,TOTAL CPC,0,0,TOTAL MOT,8,kg,11382600,FALSE,-1,N/A,,FALSE,11382600,FALSE,,FALSE,,642225,642225,0,TRUE,FALSE,HS_2601
C,A,20130101,2013,52,2013,360,IDN,Indonesia,X,Export,0,W00,World,0,W00,World,H4,HS,TRUE,2601,Iron ores and concentrates; including roasted iron pyrites,4,FALSE,C00,TOTAL CPC,0,0,TOTAL MOT,8,kg,22308219653,FALSE,-1,N/A,,FALSE,22308219653,FALSE,,FALSE,,426787088,426787088,0,TRUE,FALSE,HS_2601
C,A,20130101,2013,52,2013,398,KAZ,Kazakhstan,X,Export,0,W00,World,0,W00,World,H4,HS,TRUE,2601,Iron ores and concentrates; including roasted iron pyrites,4,FALSE,C00,TOTAL CPC,0,0,TOTAL MOT,8,kg,16358080708,FALSE,-1,N/A,,FALSE,16358080708,FALSE,,FALSE,,1566267557,1566267557,0,TRUE,FALSE,HS_2601
C,A,20130101,2013,52,2013,484,MEX,Mexico,X,Export,0,W00,World,0,W00,World,H4,HS,TRUE,2601,Iron ores and concentrates; including roasted iron pyrites,4,FALSE,C00,TOTAL CPC,0,0,TOTAL MOT,8,kg,10104896034,FALSE,-1,N/A,,FALSE,10104896034,FALSE,,FALSE,,377057341,377057341,0,TRUE,FALSE,HS_2601
C,A,20130101,2013,52,2013,504,MAR,Morocco,X,Export,0,W00,World,0,W00,World,H2,HS,TRUE,2601,Iron ores and concentrates; including roasted iron pyrites,4,FALSE,C00,TOTAL CPC,0,0,TOTAL MOT,8,kg,236134200,FALSE,-1,N/A,,FALSE,236134200,FALSE,,FALSE,,9876131,9876131,0,TRUE,FALSE,HS_2601
C,A,20130101,2013,52,2013,566,NGA,Nigeria,X,Export,0,W00,World,0,W00,World,H3,HS,TRUE,2601,Iron ores and concentrates; including roasted iron pyrites,4,FALSE,C00,TOTAL CPC,0,0,TOTAL MOT,8,kg,25132,FALSE,-1,N/A,,FALSE,25132,FALSE,,FALSE,,693237,693237,0,TRUE,FALSE,HS_2601
C,A,20130101,2013,52,2013,586,PAK,Pakistan,X,Export,0,W00,World,0,W00,World,H4,HS,TRUE,2601,Iron ores and concentrates; including roasted iron pyrites,4,FALSE,C00,TOTAL CPC,0,0,TOTAL MOT,8,kg,53264000,FALSE,-1,N/A,,FALSE,53264000,FALSE,,FALSE,,4793215,4793215,0,TRUE,FALSE,HS_2601
C,A,20130101,2013,52,2013,604,PER,Peru,X,Export,0,W00,World,0,W00,World,H4,HS,TRUE,2601,Iron ores and concentrates; including roasted iron pyrites,4,FALSE,C00,TOTAL CPC,0,0,TOTAL MOT,8,kg,10621437351.96,FALSE,8,kg,10621437351.96,FALSE,10621437351.96,FALSE,0,FALSE,,856808509.81,856808509.81,0,FALSE,TRUE,HS_2601
C,A,20130101,2013,52,2013,608,PHL,Philippines,X,Export,0,W00,World,0,W00,World,H2,HS,TRUE,2601,Iron ores and concentrates; including roasted iron pyrites,4,FALSE,C00,TOTAL CPC,0,0,TOTAL MOT,8,kg,5546760825,FALSE,-1,N/A,,FALSE,5546760825,FALSE,,FALSE,,179037433,179037433,0,TRUE,FALSE,HS_2601
C,A,20130101,2013,52,2013,616,POL,Poland,X,Export,0,W00,World,0,W00,World,H4,HS,TRUE,2601,Iron ores and concentrates; including roasted iron pyrites,4,FALSE,C00,TOTAL CPC,0,0,TOTAL MOT,8,kg,29699659,FALSE,-1,N/A,,FALSE,29699659,FALSE,,FALSE,,4342597,4342597,0,TRUE,FALSE,HS_2601
C,A,20130101,2013,52,2013,642,ROU,Romania,X,Export,0,W00,World,0,W00,World,H4,HS,TRUE,2601,Iron ores and concentrates; including roasted iron pyrites,4,FALSE,C00,TOTAL CPC,0,0,TOTAL MOT,8,kg,328327640,FALSE,-1,N/A,,FALSE,328327640,FALSE,,FALSE,,8954621,8954621,0,TRUE,FALSE,HS_2601
C,A,20130101,2013,52,2013,704,VNM,Viet Nam,X,Export,0,W00,World,0,W00,World,H4,HS,TRUE,2601,Iron ores and concentrates; including roasted iron pyrites,4,FALSE,C00,TOTAL CPC,0,0,TOTAL MOT,8,kg,638898687,TRUE,-1,N/A,,FALSE,638898687,TRUE,,FALSE,,57713611,57713611,6,TRUE,FALSE,HS_2601
C,A,20130101,2013,52,2013,710,ZAF,South Africa,X,Export,0,W00,World,0,W00,World,H4,HS,TRUE,2601,Iron ores and concentrates; including roasted iron pyrites,4,FALSE,C00,TOTAL CPC,0,0,TOTAL MOT,8,kg,65099638195.721,TRUE,-1,N/A,0,FALSE,65099638195.721,TRUE,0,FALSE,,8462135225.19,8462135225.19,6,FALSE,TRUE,HS_2601
C,A,20130101,2013,52,2013,784,ARE,United Arab Emirates,X,Export,0,W00,World,0,W00,World,H4,HS,TRUE,2601,Iron ores and concentrates; including roasted iron pyrites,4,FALSE,C00,TOTAL CPC,0 ,0,TOTAL MOT,8,kg,728201,FALSE,8,kg,728201,FALSE,728201,FALSE,,FALSE,,285605.04,285605.04,0,FALSE,TRUE,HS_2601
C,A,20130101,2013,52,2013,792,TUR,Türkiye,X,Export,0,W00,World,0,W00,World,H4,HS,TRUE,2601,Iron ores and concentrates; including roasted iron pyrites,4,FALSE,C00,TOTAL CPC,0,0,TOTAL MOT,8,kg,954121114,FALSE,8,kg,954121114,FALSE,954121114,FALSE,0,FALSE,0,84687624,84687624,0,FALSE,TRUE,HS_2601
C,A,20130101,2013,52,2013,818,EGY,Egypt,X,Export,0,W00,World,0,W00,World,H3,HS,TRUE,2601,Iron ores and concentrates; including roasted iron pyrites,4,FALSE,C00,TOTAL CPC,0,0,TOTAL MOT,8,kg,18555908,TRUE,-1,N/A,,FALSE,18555908,TRUE,,FALSE,,1047987,1047987,6,TRUE,FALSE,HS_2601
C,A,20130101,2013,52,2013,858,URY,Uruguay,X,Export,0,W00,World,0,W00,World,H4,HS,TRUE,2601,Iron ores and concentrates; including roasted iron pyrites,4,FALSE,C00,TOTAL CPC,0,0,TOTAL MOT,8,kg,50,FALSE,-1,N/A,,FALSE,50,FALSE,,FALSE,,3,3,0,TRUE,FALSE,HS_2601
C,A,20130101,2013,52,2013,894,ZMB,Zambia,X,Export,0,W00,World,0,W00,World,H4,HS,TRUE,2601,Iron ores and concentrates; including roasted iron pyrites,4,FALSE,C00,TOTAL CPC,0,0,TOTAL MOT,8,kg,7228.945,TRUE,-1,N/A,0,FALSE,7228.945,TRUE,0,FALSE,,921.659,921.659,6,FALSE,TRUE,HS_2601
C,A,20130101,2013,52,2013,24,AGO,Angola,X,Export,0,W00,World,0,W00,World,H3,HS,TRUE,71,"Natural, cultured pearls; precious, semi-precious stones; precious metals, metals clad with precious metal, and articles thereof; imitation jewellery; coin",2,FALSE,C00,TOTAL CPC,0,0,TOTAL MOT,-1,N/A,,FALSE,-1,N/A,,FALSE,,FALSE,,FALSE,,1156063734,1156063734,0,TRUE,FALSE,HS_71
C,A,20130101,2013,52,2013,32,ARG,Argentina,X,Export,0,W00,World,0,W00,World,H4,HS,TRUE,71,"Natural, cultured pearls; precious, semi-precious stones; precious metals, metals clad with precious metal, and articles thereof; imitation jewellery; coin",2,FALSE,C00,TOTAL CPC,0,0,TOTAL MOT,-1,N/A,,FALSE,-1,N/A,,FALSE,,FALSE,,FALSE,,2053829697,2053829697,0,TRUE,FALSE,HS_71
C,A,20130101,2013,52,2013,48,BHR,Bahrain,X,Export,0,W00,World,0,W00,World,H4,HS,TRUE,71,"Natural, cultured pearls; precious, semi-precious stones; precious metals, metals clad with precious metal, and articles thereof; imitation jewellery; coin",2,FALSE,C00,TOTAL CPC,0,0,TOTAL MOT,-1,N/A,,FALSE,-1,N/A,,FALSE,,FALSE,,FALSE,,660385409,660385409,0,TRUE,FALSE,HS_71
C,A,20130101,2013,52,2013,76,BRA,Brazil,X,Export,0,W00,World,0,W00,World,H4,HS,TRUE,71,"Natural, cultured pearls; precious, semi-precious stones; precious metals, metals clad with precious metal, and articles thereof; imitation jewellery; coin",2,FALSE,C00,TOTAL CPC,0,0,TOTAL MOT,-1,N/A,0,FALSE,-1,N/A,0,FALSE,0,TRUE,0,FALSE,,3281188186,3281188186,4,FALSE,TRUE,HS_71
C,A,20130101,2013,52,2013,144,LKA,Sri Lanka,X,Export,0,W00,World,0,W00,World,H4,HS,TRUE,71,"Natural, cultured pearls; precious, semi-precious stones; precious metals, metals clad with precious metal, and articles thereof; imitation jewellery; coin",2,FALSE,C00,TOTAL CPC,0,0,TOTAL MOT,-1,N/A,,FALSE,-1,N/A,,FALSE,,FALSE,,FALSE,,468644747,468644747,0,TRUE,FALSE,HS_71
C,A,20130101,2013,52,2013,152,CHL,Chile,X,Export,0,W00,World,0,W00,World,H4,HS,TRUE,71,"Natural, cultured pearls; precious, semi-precious stones; precious metals, metals clad with precious metal, and articles thereof; imitation jewellery; coin",2,FALSE,C00,TOTAL CPC,0,0,TOTAL MOT,-1,N/A,0,FALSE,-1,N/A,0,FALSE,0,FALSE,0,FALSE,0,1669574580.233,1669574580.233,0,FALSE,TRUE,HS_71
C,A,20130101,2013,52,2013,170,COL,Colombia,X,Export,0,W00,World,0,W00,World,H4,HS,TRUE,71,"Natural, cultured pearls; precious, semi-precious stones; precious metals, metals clad with precious metal, and articles thereof; imitation jewellery; coin",2,FALSE,C00,TOTAL CPC,0,0,TOTAL MOT,-1,N/A,,FALSE,-1,N/A,,FALSE,,FALSE,,FALSE,,2507322241,2507322241,0,TRUE,FALSE,HS_71
C,A,20130101,2013,52,2013,218,ECU,Ecuador,X,Export,0,W00,World,0,W00,World,H4,HS,TRUE,71,"Natural, cultured pearls; precious, semi-precious stones; precious metals, metals clad with precious metal, and articles thereof; imitation jewellery; coin",2,FALSE,C00,TOTAL CPC,0,0,TOTAL MOT,-1,N/A,,FALSE,-1,N/A,,FALSE,,FALSE,,FALSE,,479721060,479721060,0,TRUE,FALSE,HS_71
C,A,20130101,2013,52,2013,222,SLV,El Salvador,X,Export,0,W00,World,0,W00,World,H4,HS,TRUE,71,"Natural, cultured pearls; precious, semi-precious stones; precious metals, metals clad with precious metal, and articles thereof; imitation jewellery; coin",2,FALSE,C00,TOTAL CPC,0 ,0,TOTAL MOT,-1,N/A,0,FALSE,-1,N/A,0,FALSE,,FALSE,,FALSE,,34449248.76,34449248.76,0,FALSE,TRUE,HS_71
C,A,20130101,2013,52,2013,348,HUN,Hungary,X,Export,0,W00,World,0,W00,World,H4,HS,TRUE,71,"Natural, cultured pearls; precious, semi-precious stones; precious metals, metals clad with precious metal, and articles thereof; imitation jewellery; coin",2,FALSE,C00,TOTAL CPC,0,0,TOTAL MOT,-1,N/A,,FALSE,-1,N/A,,FALSE,,FALSE,,FALSE,,206729677,206729677,0,TRUE,FALSE,HS_71
C,A,20130101,2013,52,2013,360,IDN,Indonesia,X,Export,0,W00,World,0,W00,World,H4,HS,TRUE,71,"Natural, cultured pearls; precious, semi-precious stones; precious metals, metals clad with precious metal, and articles thereof; imitation jewellery; coin",2,FALSE,C00,TOTAL CPC,0,0,TOTAL MOT,-1,N/A,,FALSE,-1,N/A,,FALSE,,FALSE,,FALSE,,2751273080,2751273080,0,TRUE,FALSE,HS_71
C,A,20130101,2013,52,2013,384,CIV,Côte d'Ivoire,X,Export,0,W00,World,0,W00,World,H3,HS,TRUE,71,"Natural, cultured pearls; precious, semi-precious stones; precious metals, metals clad with precious metal, and articles thereof; imitation jewellery; coin",2,FALSE,C00,TOTAL CPC,0,0,TOTAL MOT,-1,N/A,0,FALSE,-1,N/A,0,FALSE,,TRUE,0,FALSE,,575776421.583,575776421.583,4,FALSE,TRUE,HS_71
C,A,20130101,2013,52,2013,398,KAZ,Kazakhstan,X,Export,0,W00,World,0,W00,World,H4,HS,TRUE,71,"Natural, cultured pearls; precious, semi-precious stones; precious metals, metals clad with precious metal, and articles thereof; imitation jewellery; coin",2,FALSE,C00,TOTAL CPC,0,0,TOTAL MOT,-1,N/A,,FALSE,-1,N/A,,FALSE,,FALSE,,FALSE,,1119265375,1119265375,0,TRUE,FALSE,HS_71
C,A,20130101,2013,52,2013,484,MEX,Mexico,X,Export,0,W00,World,0,W00,World,H4,HS,TRUE,71,"Natural, cultured pearls; precious, semi-precious stones; precious metals, metals clad with precious metal, and articles thereof; imitation jewellery; coin",2,FALSE,C00,TOTAL CPC,0,0,TOTAL MOT,-1,N/A,,FALSE,-1,N/A,,FALSE,,FALSE,,FALSE,,9751336747,9751336747,0,TRUE,FALSE,HS_71
C,A,20130101,2013,52,2013,504,MAR,Morocco,X,Export,0,W00,World,0,W00,World,H2,HS,TRUE,71,"Natural, cultured pearls; precious, semi-precious stones; precious metals, metals clad with precious metal, and articles thereof; imitation jewellery; coin",2,FALSE,C00,TOTAL CPC,0,0,TOTAL MOT,-1,N/A,,FALSE,-1,N/A,,FALSE,,FALSE,,FALSE,,176923165,176923165,0,TRUE,FALSE,HS_71
C,A,20130101,2013,52,2013,566,NGA,Nigeria,X,Export,0,W00,World,0,W00,World,H3,HS,TRUE,71,"Natural, cultured pearls; precious, semi-precious stones; precious metals, metals clad with precious metal, and articles thereof; imitation jewellery; coin",2,FALSE,C00,TOTAL CPC,0,0,TOTAL MOT,-1,N/A,,FALSE,-1,N/A,,FALSE,,FALSE,,FALSE,,379267,379267,0,TRUE,FALSE,HS_71
C,A,20130101,2013,52,2013,586,PAK,Pakistan,X,Export,0,W00,World,0,W00,World,H4,HS,TRUE,71,"Natural, cultured pearls; precious, semi-precious stones; precious metals, metals clad with precious metal, and articles thereof; imitation jewellery; coin",2,FALSE,C00,TOTAL CPC,0,0,TOTAL MOT,-1,N/A,,FALSE,-1,N/A,,FALSE,,FALSE,,FALSE,,437267401,437267401,0,TRUE,FALSE,HS_71
C,A,20130101,2013,52,2013,591,PAN,Panama,X,Export,0,W00,World,0,W00,World,H4,HS,TRUE,71,"Natural, cultured pearls; precious, semi-precious stones; precious metals, metals clad with precious metal, and articles thereof; imitation jewellery; coin",2,FALSE,C00,TOTAL CPC,0,0,TOTAL MOT,-1,N/A,0,FALSE,-1,N/A,0,FALSE,0,FALSE,0,FALSE,0,253892975,253892975,0,FALSE,TRUE,HS_71
C,A,20130101,2013,52,2013,604,PER,Peru,X,Export,0,W00,World,0,W00,World,H4,HS,TRUE,71,"Natural, cultured pearls; precious, semi-precious stones; precious metals, metals clad with precious metal, and articles thereof; imitation jewellery; coin",2,FALSE,C00,TOTAL CPC,0,0,TOTAL MOT,-1,N/A,0,FALSE,-1,N/A,0,FALSE,0,TRUE,0,FALSE,,8984575342.15,8984575342.15,4,FALSE,TRUE,HS_71
C,A,20130101,2013,52,2013,608,PHL,Philippines,X,Export,0,W00,World,0,W00,World,H2,HS,TRUE,71,"Natural, cultured pearls; precious, semi-precious stones; precious metals, metals clad with precious metal, and articles thereof; imitation jewellery; coin",2,FALSE,C00,TOTAL CPC,0,0,TOTAL MOT,-1,N/A,,FALSE,-1,N/A,,FALSE,,FALSE,,FALSE,,454120865,454120865,0,TRUE,FALSE,HS_71
C,A,20130101,2013,52,2013,616,POL,Poland,X,Export,0,W00,World,0,W00,World,H4,HS,TRUE,71,"Natural, cultured pearls; precious, semi-precious stones; precious metals, metals clad with precious metal, and articles thereof; imitation jewellery; coin",2,FALSE,C00,TOTAL CPC,0,0,TOTAL MOT,-1,N/A,,FALSE,-1,N/A,,FALSE,,FALSE,,FALSE,,1432599883,1432599883,0,TRUE,FALSE,HS_71
C,A,20130101,2013,52,2013,634,QAT,Qatar,X,Export,0,W00,World,0,W00,World,H4,HS,TRUE,71,"Natural, cultured pearls; precious, semi-precious stones; precious metals, metals clad with precious metal, and articles thereof; imitation jewellery; coin",2,FALSE,C00,TOTAL CPC,0,0,TOTAL MOT,-1,N/A,0,FALSE,-1,N/A,0,FALSE,0,FALSE,0,FALSE,,16324005.522,16324005.522,0,FALSE,TRUE,HS_71
C,A,20130101,2013,52,2013,682,SAU,Saudi Arabia,X,Export,0,W00,World,0,W00,World,H4,HS,TRUE,71,"Natural, cultured pearls; precious, semi-precious stones; precious metals, metals clad with precious metal, and articles thereof; imitation jewellery; coin",2,FALSE,C00,TOTAL CPC,0,0,TOTAL MOT,-1,N/A,,FALSE,-1,N/A,,FALSE,,FALSE,,FALSE,,803009804,803009804,0,TRUE,FALSE,HS_71
C,A,20130101,2013,52,2013,686,SEN,Senegal,X,Export,0,W00,World,0,W00,World,H3,HS,TRUE,71,"Natural, cultured pearls; precious, semi-precious stones; precious metals, metals clad with precious metal, and articles thereof; imitation jewellery; coin",2,FALSE,C00,TOTAL CPC,0,0,TOTAL MOT,-1,N/A,,FALSE,-1,N/A,,FALSE,,FALSE,,FALSE,,381759238,381759238,0,TRUE,FALSE,HS_71
C,A,20130101,2013,52,2013,704,VNM,Viet Nam,X,Export,0,W00,World,0,W00,World,H4,HS,TRUE,71,"Natural, cultured pearls; precious, semi-precious stones; precious metals, metals clad with precious metal, and articles thereof; imitation jewellery; coin",2,FALSE,C00,TOTAL CPC,0,0,TOTAL MOT,-1,N/A,,FALSE,-1,N/A,,FALSE,,FALSE,,FALSE,,607473368,607473368,0,TRUE,FALSE,HS_71
C,A,20130101,2013,52,2013,710,ZAF,South Africa,X,Export,0,W00,World,0,W00,World,H4,HS,TRUE,71,"Natural, cultured pearls; precious, semi-precious stones; precious metals, metals clad with precious metal, and articles thereof; imitation jewellery; coin",2,FALSE,C00,TOTAL CPC,0,0,TOTAL MOT,-1,N/A,0,FALSE,-1,N/A,0,FALSE,0,TRUE,0,FALSE,,17503598931.393,17503598931.393,4,FALSE,TRUE,HS_71
C,A,20130101,2013,52,2013,784,ARE,United Arab Emirates,X,Export,0,W00,World,0,W00,World,H4,HS,TRUE,71,"Natural, cultured pearls; precious, semi-precious stones; precious metals, metals clad with precious metal, and articles thereof; imitation jewellery; coin",2,FALSE,C00,TOTAL CPC,0 ,0,TOTAL MOT,-1,N/A,0,FALSE,-1,N/A,0,FALSE,,TRUE,,FALSE,,45572370762.335,45572370762.335,0,FALSE,TRUE,HS_71
C,A,20130101,2013,52,2013,792,TUR,Türkiye,X,Export,0,W00,World,0,W00,World,H4,HS,TRUE,71,"Natural, cultured pearls; precious, semi-precious stones; precious metals, metals clad with precious metal, and articles thereof; imitation jewellery; coin",2,FALSE,C00,TOTAL CPC,0,0,TOTAL MOT,-1,N/A,0,FALSE,-1,N/A,0,FALSE,0,FALSE,0,FALSE,0,7002594237,7002594237,0,FALSE,TRUE,HS_71
C,A,20130101,2013,52,2013,818,EGY,Egypt,X,Export,0,W00,World,0,W00,World,H3,HS,TRUE,71,"Natural, cultured pearls; precious, semi-precious stones; precious metals, metals clad with precious metal, and articles thereof; imitation jewellery; coin",2,FALSE,C00,TOTAL CPC,0,0,TOTAL MOT,-1,N/A,,FALSE,-1,N/A,,FALSE,,FALSE,,FALSE,,907302217,907302217,0,TRUE,FALSE,HS_71
C,A,20130101,2013,52,2013,858,URY,Uruguay,X,Export,0,W00,World,0,W00,World,H4,HS,TRUE,71,"Natural, cultured pearls; precious, semi-precious stones; precious metals, metals clad with precious metal, and articles thereof; imitation jewellery; coin",2,FALSE,C00,TOTAL CPC,0,0,TOTAL MOT,-1,N/A,,FALSE,-1,N/A,,FALSE,,FALSE,,FALSE,,118932652,118932652,0,TRUE,FALSE,HS_71
C,A,20130101,2013,52,2013,894,ZMB,Zambia,X,Export,0,W00,World,0,W00,World,H4,HS,TRUE,71,"Natural, cultured pearls; precious, semi-precious stones; precious metals, metals clad with precious metal, and articles thereof; imitation jewellery; coin",2,FALSE,C00,TOTAL CPC,0,0,TOTAL MOT,-1,N/A,0,FALSE,-1,N/A,0,FALSE,,FALSE,0,FALSE,,328542111.412,328542111.412,0,FALSE,TRUE,HS_71
C,A,20130101,2013,52,2013,32,ARG,Argentina,X,Export,0,W00,World,0,W00,World,H4,HS,TRUE,7108,"Gold (including gold plated with platinum) unwrought or in semi-manufactured forms, or in powder form",4,FALSE,C00,TOTAL CPC,0,0,TOTAL MOT,8,kg,316582,FALSE,-1,N/A,,FALSE,316582,FALSE,,FALSE,,1846550566,1846550566,0,TRUE,FALSE,HS_7108
C,A,20130101,2013,52,2013,48,BHR,Bahrain,X,Export,0,W00,World,0,W00,World,H4,HS,TRUE,7108,"Gold (including gold plated with platinum) unwrought or in semi-manufactured forms, or in powder form",4,FALSE,C00,TOTAL CPC,0,0,TOTAL MOT,8,kg,467,FALSE,-1,N/A,,FALSE,467,FALSE,,FALSE,,634402,634402,0,TRUE,FALSE,HS_7108
C,A,20130101,2013,52,2013,76,BRA,Brazil,X,Export,0,W00,World,0,W00,World,H4,HS,TRUE,7108,"Gold (including gold plated with platinum) unwrought or in semi-manufactured forms, or in powder form",4,FALSE,C00,TOTAL CPC,0,0,TOTAL MOT,-1,N/A,0,FALSE,-1,N/A,0,FALSE,,FALSE,0,FALSE,,2667541210,2667541210,0,FALSE,TRUE,HS_7108
C,A,20130101,2013,52,2013,144,LKA,Sri Lanka,X,Export,0,W00,World,0,W00,World,H4,HS,TRUE,7108,"Gold (including gold plated with platinum) unwrought or in semi-manufactured forms, or in powder form",4,FALSE,C00,TOTAL CPC,0,0,TOTAL MOT,8,kg,633,TRUE,-1,N/A,,FALSE,633,TRUE,,FALSE,,28090048,28090048,6,TRUE,FALSE,HS_7108
C,A,20130101,2013,52,2013,152,CHL,Chile,X,Export,0,W00,World,0,W00,World,H4,HS,TRUE,7108,"Gold (including gold plated with platinum) unwrought or in semi-manufactured forms, or in powder form",4,FALSE,C00,TOTAL CPC,0,0,TOTAL MOT,8,kg,37029.793,FALSE,8,kg,37029.793,FALSE,37029.793,FALSE,0,FALSE,0,1377303973.718,1377303973.718,0,FALSE,TRUE,HS_7108
C,A,20130101,2013,52,2013,170,COL,Colombia,X,Export,0,W00,World,0,W00,World,H4,HS,TRUE,7108,"Gold (including gold plated with platinum) unwrought or in semi-manufactured forms, or in powder form",4,FALSE,C00,TOTAL CPC,0,0,TOTAL MOT,8,kg,57309,FALSE,-1,N/A,,FALSE,57309,FALSE,,FALSE,,2226458429,2226458429,0,TRUE,FALSE,HS_7108
C,A,20130101,2013,52,2013,218,ECU,Ecuador,X,Export,0,W00,World,0,W00,World,H4,HS,TRUE,7108,"Gold (including gold plated with platinum) unwrought or in semi-manufactured forms, or in powder form",4,FALSE,C00,TOTAL CPC,0,0,TOTAL MOT,8,kg,288031,FALSE,-1,N/A,,FALSE,288031,FALSE,,FALSE,,467799758,467799758,0,TRUE,FALSE,HS_7108
C,A,20130101,2013,52,2013,222,SLV,El Salvador,X,Export,0,W00,World,0,W00,World,H4,HS,TRUE,7108,"Gold (including gold plated with platinum) unwrought or in semi-manufactured forms, or in powder form",4,FALSE,C00,TOTAL CPC,0 ,0,TOTAL MOT,8,kg,2.5,FALSE,8,kg,2.5,FALSE,2.5,FALSE,,FALSE,,46611.16,46611.16,0,FALSE,TRUE,HS_7108
C,A,20130101,2013,52,2013,348,HUN,Hungary,X,Export,0,W00,World,0,W00,World,H4,HS,TRUE,7108,"Gold (including gold plated with platinum) unwrought or in semi-manufactured forms, or in powder form",4,FALSE,C00,TOTAL CPC,0,0,TOTAL MOT,8,kg,2535,FALSE,-1,N/A,,FALSE,2535,FALSE,,FALSE,,95351192,95351192,0,TRUE,FALSE,HS_7108
C,A,20130101,2013,52,2013,360,IDN,Indonesia,X,Export,0,W00,World,0,W00,World,H4,HS,TRUE,7108,"Gold (including gold plated with platinum) unwrought or in semi-manufactured forms, or in powder form",4,FALSE,C00,TOTAL CPC,0,0,TOTAL MOT,8,kg,41083,FALSE,-1,N/A,,FALSE,41083,FALSE,,FALSE,,1817424994,1817424994,0,TRUE,FALSE,HS_7108
C,A,20130101,2013,52,2013,384,CIV,Côte d'Ivoire,X,Export,0,W00,World,0,W00,World,H3,HS,TRUE,7108,"Gold (including gold plated with platinum) unwrought or in semi-manufactured forms, or in powder form",4,FALSE,C00,TOTAL CPC,0,0,TOTAL MOT,8,kg,14291,FALSE,8,kg,14291,FALSE,14291,FALSE,0,FALSE,,575775096.411,575775096.411,0,FALSE,TRUE,HS_7108
C,A,20130101,2013,52,2013,398,KAZ,Kazakhstan,X,Export,0,W00,World,0,W00,World,H4,HS,TRUE,7108,"Gold (including gold plated with platinum) unwrought or in semi-manufactured forms, or in powder form",4,FALSE,C00,TOTAL CPC,0,0,TOTAL MOT,8,kg,15439,FALSE,-1,N/A,,FALSE,15439,FALSE,,FALSE,,446276821,446276821,0,TRUE,FALSE,HS_7108
C,A,20130101,2013,52,2013,484,MEX,Mexico,X,Export,0,W00,World,0,W00,World,H4,HS,TRUE,7108,"Gold (including gold plated with platinum) unwrought or in semi-manufactured forms, or in powder form",4,FALSE,C00,TOTAL CPC,0,0,TOTAL MOT,8,kg,491355,FALSE,-1,N/A,,FALSE,491355,FALSE,,FALSE,,5816271418,5816271418,0,TRUE,FALSE,HS_7108
C,A,20130101,2013,52,2013,504,MAR,Morocco,X,Export,0,W00,World,0,W00,World,H2,HS,TRUE,7108,"Gold (including gold plated with platinum) unwrought or in semi-manufactured forms, or in powder form",4,FALSE,C00,TOTAL CPC,0,0,TOTAL MOT,8,kg,522,FALSE,-1,N/A,,FALSE,522,FALSE,,FALSE,,18730715,18730715,0,TRUE,FALSE,HS_7108
C,A,20130101,2013,52,2013,591,PAN,Panama,X,Export,0,W00,World,0,W00,World,H4,HS,TRUE,7108,"Gold (including gold plated with platinum) unwrought or in semi-manufactured forms, or in powder form",4,FALSE,C00,TOTAL CPC,0,0,TOTAL MOT,8,kg,2856.815,TRUE,-1,N/A,0,FALSE,2856.815,TRUE,2984,FALSE,0,95342276,95342276,6,FALSE,TRUE,HS_7108
C,A,20130101,2013,52,2013,604,PER,Peru,X,Export,0,W00,World,0,W00,World,H4,HS,TRUE,7108,"Gold (including gold plated with platinum) unwrought or in semi-manufactured forms, or in powder form",4,FALSE,C00,TOTAL CPC,0,0,TOTAL MOT,8,kg,295902.25,FALSE,8,kg,295902.25,FALSE,295902.25,FALSE,0,FALSE,,8207437054.34,8207437054.34,0,FALSE,TRUE,HS_7108
C,A,20130101,2013,52,2013,608,PHL,Philippines,X,Export,0,W00,World,0,W00,World,H2,HS,TRUE,7108,"Gold (including gold plated with platinum) unwrought or in semi-manufactured forms, or in powder form",4,FALSE,C00,TOTAL CPC,0,0,TOTAL MOT,8,kg,125846,FALSE,-1,N/A,,FALSE,125846,FALSE,,FALSE,,341400518,341400518,0,TRUE,FALSE,HS_7108
C,A,20130101,2013,52,2013,616,POL,Poland,X,Export,0,W00,World,0,W00,World,H4,HS,TRUE,7108,"Gold (including gold plated with platinum) unwrought or in semi-manufactured forms, or in powder form",4,FALSE,C00,TOTAL CPC,0,0,TOTAL MOT,8,kg,7455,TRUE,-1,N/A,,FALSE,7455,TRUE,,FALSE,,301707684,301707684,6,TRUE,FALSE,HS_7108
C,A,20130101,2013,52,2013,682,SAU,Saudi Arabia,X,Export,0,W00,World,0,W00,World,H4,HS,TRUE,7108,"Gold (including gold plated with platinum) unwrought or in semi-manufactured forms, or in powder form",4,FALSE,C00,TOTAL CPC,0,0,TOTAL MOT,8,kg,17388622,TRUE,-1,N/A,,FALSE,17388622,TRUE,,FALSE,,210349863,210349863,6,TRUE,FALSE,HS_7108
C,A,20130101,2013,52,2013,686,SEN,Senegal,X,Export,0,W00,World,0,W00,World,H3,HS,TRUE,7108,"Gold (including gold plated with platinum) unwrought or in semi-manufactured forms, or in powder form",4,FALSE,C00,TOTAL CPC,0,0,TOTAL MOT,8,kg,9815,FALSE,-1,N/A,,FALSE,9815,FALSE,,FALSE,,356405694,356405694,0,TRUE,FALSE,HS_7108
C,A,20130101,2013,52,2013,704,VNM,Viet Nam,X,Export,0,W00,World,0,W00,World,H4,HS,TRUE,7108,"Gold (including gold plated with platinum) unwrought or in semi-manufactured forms, or in powder form",4,FALSE,C00,TOTAL CPC,0,0,TOTAL MOT,8,kg,1559,TRUE,-1,N/A,,FALSE,1559,TRUE,,FALSE,,76895908,76895908,6,TRUE,FALSE,HS_7108
C,A,20130101,2013,52,2013,710,ZAF,South Africa,X,Export,0,W00,World,0,W00,World,H4,HS,TRUE,7108,"Gold (including gold plated with platinum) unwrought or in semi-manufactured forms, or in powder form",4,FALSE,C00,TOTAL CPC,0,0,TOTAL MOT,-1,N/A,0,FALSE,-1,N/A,0,FALSE,,FALSE,0,FALSE,,6574673543.545,6574673543.545,0,FALSE,TRUE,HS_7108
C,A,20130101,2013,52,2013,784,ARE,United Arab Emirates,X,Export,0,W00,World,0,W00,World,H4,HS,TRUE,7108,"Gold (including gold plated with platinum) unwrought or in semi-manufactured forms, or in powder form",4,FALSE,C00,TOTAL CPC,0 ,0,TOTAL MOT,8,kg,496821.1,FALSE,8,kg,496821.1,FALSE,496821.1,FALSE,,FALSE,,21870938699.709,21870938699.709,0,FALSE,TRUE,HS_7108
C,A,20130101,2013,52,2013,792,TUR,Türkiye,X,Export,0,W00,World,0,W00,World,H4,HS,TRUE,7108,"Gold (including gold plated with platinum) unwrought or in semi-manufactured forms, or in powder form",4,FALSE,C00,TOTAL CPC,0,0,TOTAL MOT,8,kg,71903.083,FALSE,15,g,71903083,FALSE,71953,FALSE,0,FALSE,0,3348409810,3348409810,0,FALSE,TRUE,HS_7108
C,A,20130101,2013,52,2013,818,EGY,Egypt,X,Export,0,W00,World,0,W00,World,H3,HS,TRUE,7108,"Gold (including gold plated with platinum) unwrought or in semi-manufactured forms, or in powder form",4,FALSE,C00,TOTAL CPC,0,0,TOTAL MOT,8,kg,20734,FALSE,-1,N/A,,FALSE,20734,FALSE,,FALSE,,901083137,901083137,0,TRUE,FALSE,HS_7108
C,A,20130101,2013,52,2013,858,URY,Uruguay,X,Export,0,W00,World,0,W00,World,H4,HS,TRUE,7108,"Gold (including gold plated with platinum) unwrought or in semi-manufactured forms, or in powder form",4,FALSE,C00,TOTAL CPC,0,0,TOTAL MOT,8,kg,3783,FALSE,-1,N/A,,FALSE,3783,FALSE,,FALSE,,93234697,93234697,0,TRUE,FALSE,HS_7108
C,A,20130101,2013,52,2013,894,ZMB,Zambia,X,Export,0,W00,World,0,W00,World,H4,HS,TRUE,7108,"Gold (including gold plated with platinum) unwrought or in semi-manufactured forms, or in powder form",4,FALSE,C00,TOTAL CPC,0,0,TOTAL MOT,8,kg,4026.712,TRUE,-1,N/A,0,FALSE,4026.712,TRUE,0,FALSE,,162898957.887,162898957.887,6,FALSE,TRUE,HS_7108
C,A,20130101,2013,52,2013,32,ARG,Argentina,X,Export,0,W00,World,0,W00,World,H4,HS,TRUE,10,Cereals,2,FALSE,C00,TOTAL CPC,0,0,TOTAL MOT,-1,N/A,,FALSE,-1,N/A,,FALSE,,FALSE,,FALSE,,8312032969,8312032969,0,TRUE,FALSE,HS_10
C,A,20130101,2013,52,2013,48,BHR,Bahrain,X,Export,0,W00,World,0,W00,World,H4,HS,TRUE,10,Cereals,2,FALSE,C00,TOTAL CPC,0,0,TOTAL MOT,-1,N/A,,FALSE,-1,N/A,,FALSE,,FALSE,,FALSE,,582784,582784,0,TRUE,FALSE,HS_10
C,A,20130101,2013,52,2013,76,BRA,Brazil,X,Export,0,W00,World,0,W00,World,H4,HS,TRUE,10,Cereals,2,FALSE,C00,TOTAL CPC,0,0,TOTAL MOT,-1,N/A,0,FALSE,-1,N/A,0,FALSE,0,FALSE,0,FALSE,,7067907695,7067907695,0,FALSE,TRUE,HS_10
C,A,20130101,2013,52,2013,144,LKA,Sri Lanka,X,Export,0,W00,World,0,W00,World,H4,HS,TRUE,10,Cereals,2,FALSE,C00,TOTAL CPC,0,0,TOTAL MOT,-1,N/A,,FALSE,-1,N/A,,FALSE,,FALSE,,FALSE,,10179210,10179210,0,TRUE,FALSE,HS_10
C,A,20130101,2013,52,2013,152,CHL,Chile,X,Export,0,W00,World,0,W00,World,H4,HS,TRUE,10,Cereals,2,FALSE,C00,TOTAL CPC,0,0,TOTAL MOT,-1,N/A,0,FALSE,-1,N/A,0,FALSE,0,FALSE,0,FALSE,0,389822697.419,389822697.419,0,FALSE,TRUE,HS_10
C,A,20130101,2013,52,2013,170,COL,Colombia,X,Export,0,W00,World,0,W00,World,H4,HS,TRUE,10,Cereals,2,FALSE,C00,TOTAL CPC,0,0,TOTAL MOT,-1,N/A,,FALSE,-1,N/A,,FALSE,,FALSE,,FALSE,,11750668,11750668,0,TRUE,FALSE,HS_10
C,A,20130101,2013,52,2013,218,ECU,Ecuador,X,Export,0,W00,World,0,W00,World,H4,HS,TRUE,10,Cereals,2,FALSE,C00,TOTAL CPC,0,0,TOTAL MOT,-1,N/A,,FALSE,-1,N/A,,FALSE,,FALSE,,FALSE,,35223868,35223868,0,TRUE,FALSE,HS_10
C,A,20130101,2013,52,2013,222,SLV,El Salvador,X,Export,0,W00,World,0,W00,World,H4,HS,TRUE,10,Cereals,2,FALSE,C00,TOTAL CPC,0 ,0,TOTAL MOT,-1,N/A,0,FALSE,-1,N/A,0,FALSE,,FALSE,,FALSE,,16898324.92,16898324.92,0,FALSE,TRUE,HS_10
C,A,20130101,2013,52,2013,348,HUN,Hungary,X,Export,0,W00,World,0,W00,World,H4,HS,TRUE,10,Cereals,2,FALSE,C00,TOTAL CPC,0,0,TOTAL MOT,-1,N/A,,FALSE,-1,N/A,,FALSE,,FALSE,,FALSE,,1737845838,1737845838,0,TRUE,FALSE,HS_10
C,A,20130101,2013,52,2013,360,IDN,Indonesia,X,Export,0,W00,World,0,W00,World,H4,HS,TRUE,10,Cereals,2,FALSE,C00,TOTAL CPC,0,0,TOTAL MOT,-1,N/A,,FALSE,-1,N/A,,FALSE,,FALSE,,FALSE,,11965303,11965303,0,TRUE,FALSE,HS_10
C,A,20130101,2013,52,2013,384,CIV,Côte d'Ivoire,X,Export,0,W00,World,0,W00,World,H3,HS,TRUE,10,Cereals,2,FALSE,C00,TOTAL CPC,0,0,TOTAL MOT,-1,N/A,0,FALSE,-1,N/A,0,FALSE,0,FALSE,0,FALSE,,17072057.959,17072057.959,0,FALSE,TRUE,HS_10
C,A,20130101,2013,52,2013,398,KAZ,Kazakhstan,X,Export,0,W00,World,0,W00,World,H4,HS,TRUE,10,Cereals,2,FALSE,C00,TOTAL CPC,0,0,TOTAL MOT,-1,N/A,,FALSE,-1,N/A,,FALSE,,FALSE,,FALSE,,1338107779,1338107779,0,TRUE,FALSE,HS_10
C,A,20130101,2013,52,2013,484,MEX,Mexico,X,Export,0,W00,World,0,W00,World,H4,HS,TRUE,10,Cereals,2,FALSE,C00,TOTAL CPC,0,0,TOTAL MOT,-1,N/A,,FALSE,-1,N/A,,FALSE,,FALSE,,FALSE,,510714250,510714250,0,TRUE,FALSE,HS_10
C,A,20130101,2013,52,2013,504,MAR,Morocco,X,Export,0,W00,World,0,W00,World,H2,HS,TRUE,10,Cereals,2,FALSE,C00,TOTAL CPC,0,0,TOTAL MOT,-1,N/A,,FALSE,-1,N/A,,FALSE,,FALSE,,FALSE,,11230463,11230463,0,TRUE,FALSE,HS_10
C,A,20130101,2013,52,2013,566,NGA,Nigeria,X,Export,0,W00,World,0,W00,World,H3,HS,TRUE,10,Cereals,2,FALSE,C00,TOTAL CPC,0,0,TOTAL MOT,-1,N/A,,FALSE,-1,N/A,,FALSE,,FALSE,,FALSE,,207114751,207114751,0,TRUE,FALSE,HS_10
C,A,20130101,2013,52,2013,586,PAK,Pakistan,X,Export,0,W00,World,0,W00,World,H4,HS,TRUE,10,Cereals,2,FALSE,C00,TOTAL CPC,0,0,TOTAL MOT,-1,N/A,,FALSE,-1,N/A,,FALSE,,FALSE,,FALSE,,2181044652,2181044652,0,TRUE,FALSE,HS_10
C,A,20130101,2013,52,2013,591,PAN,Panama,X,Export,0,W00,World,0,W00,World,H4,HS,TRUE,10,Cereals,2,FALSE,C00,TOTAL CPC,0,0,TOTAL MOT,-1,N/A,0,FALSE,-1,N/A,0,FALSE,0,FALSE,0,FALSE,0,364093,364093,0,FALSE,TRUE,HS_10
C,A,20130101,2013,52,2013,604,PER,Peru,X,Export,0,W00,World,0,W00,World,H4,HS,TRUE,10,Cereals,2,FALSE,C00,TOTAL CPC,0,0,TOTAL MOT,-1,N/A,0,FALSE,-1,N/A,0,FALSE,0,TRUE,0,FALSE,,148213924.7,148213924.7,4,FALSE,TRUE,HS_10
C,A,20130101,2013,52,2013,608,PHL,Philippines,X,Export,0,W00,World,0,W00,World,H2,HS,TRUE,10,Cereals,2,FALSE,C00,TOTAL CPC,0,0,TOTAL MOT,-1,N/A,,FALSE,-1,N/A,,FALSE,,FALSE,,FALSE,,6583091,6583091,0,TRUE,FALSE,HS_10
C,A,20130101,2013,52,2013,616,POL,Poland,X,Export,0,W00,World,0,W00,World,H4,HS,TRUE,10,Cereals,2,FALSE,C00,TOTAL CPC,0,0,TOTAL MOT,-1,N/A,,FALSE,-1,N/A,,FALSE,,FALSE,,FALSE,,1113825146,1113825146,0,TRUE,FALSE,HS_10
C,A,20130101,2013,52,2013,634,QAT,Qatar,X,Export,0,W00,World,0,W00,World,H4,HS,TRUE,10,Cereals,2,FALSE,C00,TOTAL CPC,0,0,TOTAL MOT,-1,N/A,0,FALSE,-1,N/A,0,FALSE,0,FALSE,0,FALSE,,989068.31,989068.31,0,FALSE,TRUE,HS_10
C,A,20130101,2013,52,2013,642,ROU,Romania,X,Export,0,W00,World,0,W00,World,H4,HS,TRUE,10,Cereals,2,FALSE,C00,TOTAL CPC,0,0,TOTAL MOT,-1,N/A,,FALSE,-1,N/A,,FALSE,,FALSE,,FALSE,,2651043222,2651043222,0,TRUE,FALSE,HS_10
C,A,20130101,2013,52,2013,682,SAU,Saudi Arabia,X,Export,0,W00,World,0,W00,World,H4,HS,TRUE,10,Cereals,2,FALSE,C00,TOTAL CPC,0,0,TOTAL MOT,-1,N/A,,FALSE,-1,N/A,,FALSE,,FALSE,,FALSE,,15422686,15422686,0,TRUE,FALSE,HS_10
C,A,20130101,2013,52,2013,686,SEN,Senegal,X,Export,0,W00,World,0,W00,World,H3,HS,TRUE,10,Cereals,2,FALSE,C00,TOTAL CPC,0,0,TOTAL MOT,-1,N/A,,FALSE,-1,N/A,,FALSE,,FALSE,,FALSE,,39487267,39487267,0,TRUE,FALSE,HS_10
C,A,20130101,2013,52,2013,704,VNM,Viet Nam,X,Export,0,W00,World,0,W00,World,H4,HS,TRUE,10,Cereals,2,FALSE,C00,TOTAL CPC,0,0,TOTAL MOT,-1,N/A,,FALSE,-1,N/A,,FALSE,,FALSE,,FALSE,,2939287839,2939287839,0,TRUE,FALSE,HS_10
C,A,20130101,2013,52,2013,710,ZAF,South Africa,X,Export,0,W00,World,0,W00,World,H4,HS,TRUE,10,Cereals,2,FALSE,C00,TOTAL CPC,0,0,TOTAL MOT,-1,N/A,0,FALSE,-1,N/A,0,FALSE,,FALSE,0,FALSE,,940864738.28,940864738.28,0,FALSE,TRUE,HS_10
C,A,20130101,2013,52,2013,784,ARE,United Arab Emirates,X,Export,0,W00,World,0,W00,World,H4,HS,TRUE,10,Cereals,2,FALSE,C00,TOTAL CPC,0 ,0,TOTAL MOT,-1,N/A,0,FALSE,-1,N/A,0,FALSE,,FALSE,,FALSE,,219395589.181,219395589.181,0,FALSE,TRUE,HS_10
C,A,20130101,2013,52,2013,792,TUR,Türkiye,X,Export,0,W00,World,0,W00,World,H4,HS,TRUE,10,Cereals,2,FALSE,C00,TOTAL CPC,0,0,TOTAL MOT,-1,N/A,0,FALSE,-1,N/A,0,FALSE,0,FALSE,0,FALSE,0,320928660,320928660,0,FALSE,TRUE,HS_10
C,A,20130101,2013,52,2013,818,EGY,Egypt,X,Export,0,W00,World,0,W00,World,H3,HS,TRUE,10,Cereals,2,FALSE,C00,TOTAL CPC,0,0,TOTAL MOT,-1,N/A,,FALSE,-1,N/A,,FALSE,,FALSE,,FALSE,,205653109,205653109,0,TRUE,FALSE,HS_10
C,A,20130101,2013,52,2013,858,URY,Uruguay,X,Export,0,W00,World,0,W00,World,H4,HS,TRUE,10,Cereals,2,FALSE,C00,TOTAL CPC,0,0,TOTAL MOT,-1,N/A,,FALSE,-1,N/A,,FALSE,,FALSE,,FALSE,,893087449,893087449,0,TRUE,FALSE,HS_10
C,A,20130101,2013,52,2013,894,ZMB,Zambia,X,Export,0,W00,World,0,W00,World,H4,HS,TRUE,10,Cereals,2,FALSE,C00,TOTAL CPC,0,0,TOTAL MOT,-1,N/A,0,FALSE,-1,N/A,0,FALSE,0,TRUE,0,FALSE,,161719470.788,161719470.788,4,FALSE,TRUE,HS_10
C,A,20130101,2013,52,2013,32,ARG,Argentina,X,Export,0,W00,World,0,W00,World,H4,HS,TRUE,1001,Wheat and meslin,4,FALSE,C00,TOTAL CPC,0,0,TOTAL MOT,8,kg,2415183680,FALSE,-1,N/A,,FALSE,2415183680,FALSE,,FALSE,,734256490,734256490,0,TRUE,FALSE,HS_1001
C,A,20130101,2013,52,2013,76,BRA,Brazil,X,Export,0,W00,World,0,W00,World,H4,HS,TRUE,1001,Wheat and meslin,4,FALSE,C00,TOTAL CPC,0,0,TOTAL MOT,8,kg,1188298590,FALSE,8,kg,1188298590,FALSE,1188298590,FALSE,0,FALSE,,348251871,348251871,0,FALSE,TRUE,HS_1001
C,A,20130101,2013,52,2013,144,LKA,Sri Lanka,X,Export,0,W00,World,0,W00,World,H4,HS,TRUE,1001,Wheat and meslin,4,FALSE,C00,TOTAL CPC,0,0,TOTAL MOT,8,kg,8468996,TRUE,-1,N/A,,FALSE,8468996,TRUE,,FALSE,,2442194,2442194,6,TRUE,FALSE,HS_1001
C,A,20130101,2013,52,2013,152,CHL,Chile,X,Export,0,W00,World,0,W00,World,H4,HS,TRUE,1001,Wheat and meslin,4,FALSE,C00,TOTAL CPC,0,0,TOTAL MOT,8,kg,5674.4,FALSE,8,kg,5674.4,FALSE,5674.4,FALSE,0,FALSE,0,28528.5,28528.5,0,FALSE,TRUE,HS_1001
C,A,20130101,2013,52,2013,222,SLV,El Salvador,X,Export,0,W00,World,0,W00,World,H4,HS,TRUE,1001,Wheat and meslin,4,FALSE,C00,TOTAL CPC,0 ,0,TOTAL MOT,8,kg,904819.4,FALSE,8,kg,904819.4,FALSE,904819.4,FALSE,,FALSE,,344376.96,344376.96,0,FALSE,TRUE,HS_1001
C,A,20130101,2013,52,2013,348,HUN,Hungary,X,Export,0,W00,World,0,W00,World,H4,HS,TRUE,1001,Wheat and meslin,4,FALSE,C00,TOTAL CPC,0,0,TOTAL MOT,8,kg,2434524275,FALSE,-1,N/A,,FALSE,2434524275,FALSE,,FALSE,,660858957,660858957,0,TRUE,FALSE,HS_1001
C,A,20130101,2013,52,2013,384,CIV,Côte d'Ivoire,X,Export,0,W00,World,0,W00,World,H3,HS,TRUE,1001,Wheat and meslin,4,FALSE,C00,TOTAL CPC,0,0,TOTAL MOT,8,kg,397295,FALSE,8,kg,397295,FALSE,397295,FALSE,0,FALSE,,47326.653,47326.653,0,FALSE,TRUE,HS_1001
C,A,20130101,2013,52,2013,398,KAZ,Kazakhstan,X,Export,0,W00,World,0,W00,World,H4,HS,TRUE,1001,Wheat and meslin,4,FALSE,C00,TOTAL CPC,0,0,TOTAL MOT,8,kg,5100186712,FALSE,-1,N/A,,FALSE,5100186712,FALSE,,FALSE,,1253937328,1253937328,0,TRUE,FALSE,HS_1001
C,A,20130101,2013,52,2013,484,MEX,Mexico,X,Export,0,W00,World,0,W00,World,H4,HS,TRUE,1001,Wheat and meslin,4,FALSE,C00,TOTAL CPC,0,0,TOTAL MOT,8,kg,732744807,FALSE,-1,N/A,,FALSE,732744807,FALSE,,FALSE,,246728427,246728427,0,TRUE,FALSE,HS_1001
C,A,20130101,2013,52,2013,566,NGA,Nigeria,X,Export,0,W00,World,0,W00,World,H3,HS,TRUE,1001,Wheat and meslin,4,FALSE,C00,TOTAL CPC,0,0,TOTAL MOT,8,kg,109551488,FALSE,-1,N/A,,FALSE,109551488,FALSE,,FALSE,,195730733,195730733,0,TRUE,FALSE,HS_1001
C,A,20130101,2013,52,2013,586,PAK,Pakistan,X,Export,0,W00,World,0,W00,World,H4,HS,TRUE,1001,Wheat and meslin,4,FALSE,C00,TOTAL CPC,0,0,TOTAL MOT,8,kg,121564000,FALSE,-1,N/A,,FALSE,121564000,FALSE,,FALSE,,39173847,39173847,0,TRUE,FALSE,HS_1001
C,A,20130101,2013,52,2013,591,PAN,Panama,X,Export,0,W00,World,0,W00,World,H4,HS,TRUE,1001,Wheat and meslin,4,FALSE,C00,TOTAL CPC,0,0,TOTAL MOT,8,kg,4796.69,TRUE,-1,N/A,0,FALSE,4796.69,TRUE,2400,FALSE,0,1650,1650,6,FALSE,TRUE,HS_1001
C,A,20130101,2013,52,2013,604,PER,Peru,X,Export,0,W00,World,0,W00,World,H4,HS,TRUE,1001,Wheat and meslin,4,FALSE,C00,TOTAL CPC,0,0,TOTAL MOT,8,kg,95559.75,FALSE,8,kg,95559.75,FALSE,95559.75,FALSE,0,FALSE,,168190.2,168190.2,0,FALSE,TRUE,HS_1001
C,A,20130101,2013,52,2013,616,POL,Poland,X,Export,0,W00,World,0,W00,World,H4,HS,TRUE,1001,Wheat and meslin,4,FALSE,C00,TOTAL CPC,0,0,TOTAL MOT,8,kg,1688469194,FALSE,-1,N/A,,FALSE,1688469194,FALSE,,FALSE,,477384999,477384999,0,TRUE,FALSE,HS_1001
C,A,20130101,2013,52,2013,642,ROU,Romania,X,Export,0,W00,World,0,W00,World,H4,HS,TRUE,1001,Wheat and meslin,4,FALSE,C00,TOTAL CPC,0,0,TOTAL MOT,8,kg,4773293883,FALSE,-1,N/A,,FALSE,4773293883,FALSE,,FALSE,,1303015272,1303015272,0,TRUE,FALSE,HS_1001
C,A,20130101,2013,52,2013,682,SAU,Saudi Arabia,X,Export,0,W00,World,0,W00,World,H4,HS,TRUE,1001,Wheat and meslin,4,FALSE,C00,TOTAL CPC,0,0,TOTAL MOT,8,kg,3990000,FALSE,-1,N/A,,FALSE,3990000,FALSE,,FALSE,,1636535,1636535,0,TRUE,FALSE,HS_1001
C,A,20130101,2013,52,2013,686,SEN,Senegal,X,Export,0,W00,World,0,W00,World,H3,HS,TRUE,1001,Wheat and meslin,4,FALSE,C00,TOTAL CPC,0,0,TOTAL MOT,8,kg,2597,FALSE,-1,N/A,,FALSE,2597,FALSE,,FALSE,,10370,10370,0,TRUE,FALSE,HS_1001
C,A,20130101,2013,52,2013,704,VNM,Viet Nam,X,Export,0,W00,World,0,W00,World,H4,HS,TRUE,1001,Wheat and meslin,4,FALSE,C00,TOTAL CPC,0,0,TOTAL MOT,8,kg,8287146,TRUE,-1,N/A,,FALSE,8287146,TRUE,,FALSE,,2871499,2871499,6,TRUE,FALSE,HS_1001
C,A,20130101,2013,52,2013,710,ZAF,South Africa,X,Export,0,W00,World,0,W00,World,H4,HS,TRUE,1001,Wheat and meslin,4,FALSE,C00,TOTAL CPC,0,0,TOTAL MOT,-1,N/A,0,FALSE,-1,N/A,0,FALSE,,FALSE,0,FALSE,,75967327.203,75967327.203,0,FALSE,TRUE,HS_1001
C,A,20130101,2013,52,2013,784,ARE,United Arab Emirates,X,Export,0,W00,World,0,W00,World,H4,HS,TRUE,1001,Wheat and meslin,4,FALSE,C00,TOTAL CPC,0 ,0,TOTAL MOT,8,kg,103966547.2,FALSE,8,kg,103966547.2,FALSE,103966547.2,FALSE,,FALSE,,40862803.891,40862803.891,0,FALSE,TRUE,HS_1001
C,A,20130101,2013,52,2013,792,TUR,Türkiye,X,Export,0,W00,World,0,W00,World,H4,HS,TRUE,1001,Wheat and meslin,4,FALSE,C00,TOTAL CPC,0,0,TOTAL MOT,8,kg,360032417,FALSE,8,kg,360032417,FALSE,360032417,FALSE,0,FALSE,0,106327787,106327787,0,FALSE,TRUE,HS_1001
C,A,20130101,2013,52,2013,818,EGY,Egypt,X,Export,0,W00,World,0,W00,World,H3,HS,TRUE,1001,Wheat and meslin,4,FALSE,C00,TOTAL CPC,0,0,TOTAL MOT,8,kg,11287483,FALSE,-1,N/A,,FALSE,11287483,FALSE,,FALSE,,11723,11723,0,TRUE,FALSE,HS_1001
C,A,20130101,2013,52,2013,858,URY,Uruguay,X,Export,0,W00,World,0,W00,World,H4,HS,TRUE,1001,Wheat and meslin,4,FALSE,C00,TOTAL CPC,0,0,TOTAL MOT,8,kg,869243085,FALSE,-1,N/A,,FALSE,869243085,FALSE,,FALSE,,282786489,282786489,0,TRUE,FALSE,HS_1001
C,A,20130101,2013,52,2013,894,ZMB,Zambia,X,Export,0,W00,World,0,W00,World,H4,HS,TRUE,1001,Wheat and meslin,4,FALSE,C00,TOTAL CPC,0,0,TOTAL MOT,8,kg,2043200.426,TRUE,-1,N/A,0,FALSE,2043200.426,TRUE,0,FALSE,,703749.166,703749.166,6,FALSE,TRUE,HS_1001
C,A,20130101,2013,52,2013,32,ARG,Argentina,X,Export,0,W00,World,0,W00,World,H4,HS,TRUE,1005,Maize (corn),4,FALSE,C00,TOTAL CPC,0,0,TOTAL MOT,8,kg,20069646347,FALSE,-1,N/A,,FALSE,20069646347,FALSE,,FALSE,,5849118089,5849118089,0,TRUE,FALSE,HS_1005
C,A,20130101,2013,52,2013,48,BHR,Bahrain,X,Export,0,W00,World,0,W00,World,H4,HS,TRUE,1005,Maize (corn),4,FALSE,C00,TOTAL CPC,0,0,TOTAL MOT,8,kg,21,FALSE,-1,N/A,,FALSE,21,FALSE,,FALSE,,64,64,0,TRUE,FALSE,HS_1005
C,A,20130101,2013,52,2013,76,BRA,Brazil,X,Export,0,W00,World,0,W00,World,H4,HS,TRUE,1005,Maize (corn),4,FALSE,C00,TOTAL CPC,0,0,TOTAL MOT,8,kg,26624052956,FALSE,8,kg,26624052956,FALSE,26624052956,FALSE,0,FALSE,,6307398694,6307398694,0,FALSE,TRUE,HS_1005
C,A,20130101,2013,52,2013,144,LKA,Sri Lanka,X,Export,0,W00,World,0,W00,World,H4,HS,TRUE,1005,Maize (corn),4,FALSE,C00,TOTAL CPC,0,0,TOTAL MOT,-1,N/A,,FALSE,-1,N/A,,FALSE,896916,TRUE,,FALSE,,290915,290915,4,TRUE,FALSE,HS_1005
C,A,20130101,2013,52,2013,152,CHL,Chile,X,Export,0,W00,World,0,W00,World,H4,HS,TRUE,1005,Maize (corn),4,FALSE,C00,TOTAL CPC,0,0,TOTAL MOT,8,kg,100137279.705,FALSE,8,kg,100137279.705,FALSE,100137279.705,FALSE,0,FALSE,0,370116807.31,370116807.31,0,FALSE,TRUE,HS_1005
C,A,20130101,2013,52,2013,170,COL,Colombia,X,Export,0,W00,World,0,W00,World,H4,HS,TRUE,1005,Maize (corn),4,FALSE,C00,TOTAL CPC,0,0,TOTAL MOT,8,kg,1864383,FALSE,-1,N/A,,FALSE,1864383,FALSE,,FALSE,,11703599,11703599,0,TRUE,FALSE,HS_1005
C,A,20130101,2013,52,2013,218,ECU,Ecuador,X,Export,0,W00,World,0,W00,World,H4,HS,TRUE,1005,Maize (corn),4,FALSE,C00,TOTAL CPC,0,0,TOTAL MOT,8,kg,780853,FALSE,-1,N/A,,FALSE,780853,FALSE,,FALSE,,298526,298526,0,TRUE,FALSE,HS_1005
C,A,20130101,2013,52,2013,222,SLV,El Salvador,X,Export,0,W00,World,0,W00,World,H4,HS,TRUE,1005,Maize (corn),4,FALSE,C00,TOTAL CPC,0 ,0,TOTAL MOT,8,kg,17137661.12,FALSE,8,kg,17137661.12,FALSE,17137661.12,FALSE,,FALSE,,5241809.37,5241809.37,0,FALSE,TRUE,HS_1005
C,A,20130101,2013,52,2013,348,HUN,Hungary,X,Export,0,W00,World,0,W00,World,H4,HS,TRUE,1005,Maize (corn),4,FALSE,C00,TOTAL CPC,0,0,TOTAL MOT,8,kg,2211984043,FALSE,-1,N/A,,FALSE,2211984043,FALSE,,FALSE,,806964042,806964042,0,TRUE,FALSE,HS_1005
C,A,20130101,2013,52,2013,360,IDN,Indonesia,X,Export,0,W00,World,0,W00,World,H4,HS,TRUE,1005,Maize (corn),4,FALSE,C00,TOTAL CPC,0,0,TOTAL MOT,8,kg,7932179,FALSE,-1,N/A,,FALSE,7932179,FALSE,,FALSE,,10643381,10643381,0,TRUE,FALSE,HS_1005
C,A,20130101,2013,52,2013,384,CIV,Côte d'Ivoire,X,Export,0,W00,World,0,W00,World,H3,HS,TRUE,1005,Maize (corn),4,FALSE,C00,TOTAL CPC,0,0,TOTAL MOT,8,kg,45304826,FALSE,8,kg,45304826,FALSE,45304826,FALSE,0,FALSE,,2977569.138,2977569.138,0,FALSE,TRUE,HS_1005
C,A,20130101,2013,52,2013,398,KAZ,Kazakhstan,X,Export,0,W00,World,0,W00,World,H4,HS,TRUE,1005,Maize (corn),4,FALSE,C00,TOTAL CPC,0,0,TOTAL MOT,8,kg,6218765,FALSE,-1,N/A,,FALSE,6218765,FALSE,,FALSE,,1381233,1381233,0,TRUE,FALSE,HS_1005
C,A,20130101,2013,52,2013,484,MEX,Mexico,X,Export,0,W00,World,0,W00,World,H4,HS,TRUE,1005,Maize (corn),4,FALSE,C00,TOTAL CPC,0,0,TOTAL MOT,8,kg,582660581,FALSE,-1,N/A,,FALSE,582660581,FALSE,,FALSE,,260576645,260576645,0,TRUE,FALSE,HS_1005
C,A,20130101,2013,52,2013,504,MAR,Morocco,X,Export,0,W00,World,0,W00,World,H2,HS,TRUE,1005,Maize (corn),4,FALSE,C00,TOTAL CPC,0,0,TOTAL MOT,8,kg,34017232,FALSE,-1,N/A,,FALSE,34017232,FALSE,,FALSE,,10794223,10794223,0,TRUE,FALSE,HS_1005
C,A,20130101,2013,52,2013,566,NGA,Nigeria,X,Export,0,W00,World,0,W00,World,H3,HS,TRUE,1005,Maize (corn),4,FALSE,C00,TOTAL CPC,0,0,TOTAL MOT,8,kg,147704,FALSE,-1,N/A,,FALSE,147704,FALSE,,FALSE,,6088516,6088516,0,TRUE,FALSE,HS_1005
C,A,20130101,2013,52,2013,586,PAK,Pakistan,X,Export,0,W00,World,0,W00,World,H4,HS,TRUE,1005,Maize (corn),4,FALSE,C00,TOTAL CPC,0,0,TOTAL MOT,8,kg,127868000,FALSE,-1,N/A,,FALSE,127868000,FALSE,,FALSE,,30661850,30661850,0,TRUE,FALSE,HS_1005
C,A,20130101,2013,52,2013,604,PER,Peru,X,Export,0,W00,World,0,W00,World,H4,HS,TRUE,1005,Maize (corn),4,FALSE,C00,TOTAL CPC,0,0,TOTAL MOT,8,kg,8795392.947,TRUE,-1,N/A,0,FALSE,8795392.947,TRUE,0,FALSE,,20037952.66,20037952.66,6,FALSE,TRUE,HS_1005
C,A,20130101,2013,52,2013,608,PHL,Philippines,X,Export,0,W00,World,0,W00,World,H2,HS,TRUE,1005,Maize (corn),4,FALSE,C00,TOTAL CPC,0,0,TOTAL MOT,8,kg,345283,FALSE,-1,N/A,,FALSE,345283,FALSE,,FALSE,,1190982,1190982,0,TRUE,FALSE,HS_1005
C,A,20130101,2013,52,2013,616,POL,Poland,X,Export,0,W00,World,0,W00,World,H4,HS,TRUE,1005,Maize (corn),4,FALSE,C00,TOTAL CPC,0,0,TOTAL MOT,8,kg,922218061,TRUE,-1,N/A,,FALSE,922218061,TRUE,,FALSE,,267507456,267507456,6,TRUE,FALSE,HS_1005
C,A,20130101,2013,52,2013,642,ROU,Romania,X,Export,0,W00,World,0,W00,World,H4,HS,TRUE,1005,Maize (corn),4,FALSE,C00,TOTAL CPC,0,0,TOTAL MOT,8,kg,3233350751,FALSE,-1,N/A,,FALSE,3233350751,FALSE,,FALSE,,977431557,977431557,0,TRUE,FALSE,HS_1005
C,A,20130101,2013,52,2013,682,SAU,Saudi Arabia,X,Export,0,W00,World,0,W00,World,H4,HS,TRUE,1005,Maize (corn),4,FALSE,C00,TOTAL CPC,0,0,TOTAL MOT,8,kg,354000,FALSE,-1,N/A,,FALSE,354000,FALSE,,FALSE,,167467,167467,0,TRUE,FALSE,HS_1005
C,A,20130101,2013,52,2013,686,SEN,Senegal,X,Export,0,W00,World,0,W00,World,H3,HS,TRUE,1005,Maize (corn),4,FALSE,C00,TOTAL CPC,0,0,TOTAL MOT,8,kg,5143793,FALSE,-1,N/A,,FALSE,5143793,FALSE,,FALSE,,2078769,2078769,0,TRUE,FALSE,HS_1005
C,A,20130101,2013,52,2013,704,VNM,Viet Nam,X,Export,0,W00,World,0,W00,World,H4,HS,TRUE,1005,Maize (corn),4,FALSE,C00,TOTAL CPC,0,0,TOTAL MOT,8,kg,7660916,TRUE,-1,N/A,,FALSE,7660916,TRUE,,FALSE,,9719681,9719681,6,TRUE,FALSE,HS_1005
C,A,20130101,2013,52,2013,710,ZAF,South Africa,X,Export,0,W00,World,0,W00,World,H4,HS,TRUE,1005,Maize (corn),4,FALSE,C00,TOTAL CPC,0,0,TOTAL MOT,-1,N/A,0,FALSE,-1,N/A,0,FALSE,,FALSE,0,FALSE,,765141847.41,765141847.41,0,FALSE,TRUE,HS_1005
C,A,20130101,2013,52,2013,784,ARE,United Arab Emirates,X,Export,0,W00,World,0,W00,World,H4,HS,TRUE,1005,Maize (corn),4,FALSE,C00,TOTAL CPC,0 ,0,TOTAL MOT,8,kg,70195959.43,FALSE,8,kg,70195959.43,FALSE,70195959.43,FALSE,,FALSE,,32952086.148,32952086.148,0,FALSE,TRUE,HS_1005
C,A,20130101,2013,52,2013,792,TUR,Türkiye,X,Export,0,W00,World,0,W00,World,H4,HS,TRUE,1005,Maize (corn),4,FALSE,C00,TOTAL CPC,0,0,TOTAL MOT,8,kg,269910965,FALSE,8,kg,269910965,FALSE,269910965,FALSE,0,FALSE,0,112051614,112051614,0,FALSE,TRUE,HS_1005
C,A,20130101,2013,52,2013,818,EGY,Egypt,X,Export,0,W00,World,0,W00,World,H3,HS,TRUE,1005,Maize (corn),4,FALSE,C00,TOTAL CPC,0,0,TOTAL MOT,8,kg,2462529,TRUE,-1,N/A,,FALSE,2462529,TRUE,,FALSE,,973421,973421,6,TRUE,FALSE,HS_1005
C,A,20130101,2013,52,2013,858,URY,Uruguay,X,Export,0,W00,World,0,W00,World,H4,HS,TRUE,1005,Maize (corn),4,FALSE,C00,TOTAL CPC,0,0,TOTAL MOT,8,kg,273797615,FALSE,-1,N/A,,FALSE,273797615,FALSE,,FALSE,,71063364,71063364,0,TRUE,FALSE,HS_1005
C,A,20130101,2013,52,2013,894,ZMB,Zambia,X,Export,0,W00,World,0,W00,World,H4,HS,TRUE,1005,Maize (corn),4,FALSE,C00,TOTAL CPC,0,0,TOTAL MOT,8,kg,439492436.943,TRUE,-1,N/A,0,FALSE,439492436.943,TRUE,0,FALSE,,154882079.992,154882079.992,6,FALSE,TRUE,HS_1005
C,A,20130101,2013,52,2013,32,ARG,Argentina,X,Export,0,W00,World,0,W00,World,H4,HS,TRUE,12,"Oil seeds and oleaginous fruits; miscellaneous grains, seeds and fruit, industrial or medicinal plants; straw and fodder",2,FALSE,C00,TOTAL CPC,0,0,TOTAL MOT,-1,N/A,,FALSE,-1,N/A,,FALSE,,FALSE,,FALSE,,4615926446,4615926446,0,TRUE,FALSE,HS_12
C,A,20130101,2013,52,2013,48,BHR,Bahrain,X,Export,0,W00,World,0,W00,World,H4,HS,TRUE,12,"Oil seeds and oleaginous fruits; miscellaneous grains, seeds and fruit, industrial or medicinal plants; straw and fodder",2,FALSE,C00,TOTAL CPC,0,0,TOTAL MOT,-1,N/A,,FALSE,-1,N/A,,FALSE,,FALSE,,FALSE,,39497,39497,0,TRUE,FALSE,HS_12
C,A,20130101,2013,52,2013,76,BRA,Brazil,X,Export,0,W00,World,0,W00,World,H4,HS,TRUE,12,"Oil seeds and oleaginous fruits; miscellaneous grains, seeds and fruit, industrial or medicinal plants; straw and fodder",2,FALSE,C00,TOTAL CPC,0,0,TOTAL MOT,-1,N/A,0,FALSE,-1,N/A,0,FALSE,0,TRUE,0,FALSE,,23026879619,23026879619,4,FALSE,TRUE,HS_12
C,A,20130101,2013,52,2013,144,LKA,Sri Lanka,X,Export,0,W00,World,0,W00,World,H4,HS,TRUE,12,"Oil seeds and oleaginous fruits; miscellaneous grains, seeds and fruit, industrial or medicinal plants; straw and fodder",2,FALSE,C00,TOTAL CPC,0,0,TOTAL MOT,-1,N/A,,FALSE,-1,N/A,,FALSE,,FALSE,,FALSE,,16822305,16822305,0,TRUE,FALSE,HS_12
C,A,20130101,2013,52,2013,152,CHL,Chile,X,Export,0,W00,World,0,W00,World,H4,HS,TRUE,12,"Oil seeds and oleaginous fruits; miscellaneous grains, seeds and fruit, industrial or medicinal plants; straw and fodder",2,FALSE,C00,TOTAL CPC,0,0,TOTAL MOT,-1,N/A,0,FALSE,-1,N/A,0,FALSE,0,FALSE,0,FALSE,0,447331309.626,447331309.626,0,FALSE,TRUE,HS_12
C,A,20130101,2013,52,2013,170,COL,Colombia,X,Export,0,W00,World,0,W00,World,H4,HS,TRUE,12,"Oil seeds and oleaginous fruits; miscellaneous grains, seeds and fruit, industrial or medicinal plants; straw and fodder",2,FALSE,C00,TOTAL CPC,0,0,TOTAL MOT,-1,N/A,,FALSE,-1,N/A,,FALSE,,FALSE,,FALSE,,24803442,24803442,0,TRUE,FALSE,HS_12
C,A,20130101,2013,52,2013,218,ECU,Ecuador,X,Export,0,W00,World,0,W00,World,H4,HS,TRUE,12,"Oil seeds and oleaginous fruits; miscellaneous grains, seeds and fruit, industrial or medicinal plants; straw and fodder",2,FALSE,C00,TOTAL CPC,0,0,TOTAL MOT,-1,N/A,,FALSE,-1,N/A,,FALSE,,FALSE,,FALSE,,11659201,11659201,0,TRUE,FALSE,HS_12
C,A,20130101,2013,52,2013,222,SLV,El Salvador,X,Export,0,W00,World,0,W00,World,H4,HS,TRUE,12,"Oil seeds and oleaginous fruits; miscellaneous grains, seeds and fruit, industrial or medicinal plants; straw and fodder",2,FALSE,C00,TOTAL CPC,0 ,0,TOTAL MOT,-1,N/A,0,FALSE,-1,N/A,0,FALSE,,FALSE,,FALSE,,765753.75,765753.75,0,FALSE,TRUE,HS_12
C,A,20130101,2013,52,2013,348,HUN,Hungary,X,Export,0,W00,World,0,W00,World,H4,HS,TRUE,12,"Oil seeds and oleaginous fruits; miscellaneous grains, seeds and fruit, industrial or medicinal plants; straw and fodder",2,FALSE,C00,TOTAL CPC,0,0,TOTAL MOT,-1,N/A,,FALSE,-1,N/A,,FALSE,,FALSE,,FALSE,,665951732,665951732,0,TRUE,FALSE,HS_12
C,A,20130101,2013,52,2013,360,IDN,Indonesia,X,Export,0,W00,World,0,W00,World,H4,HS,TRUE,12,"Oil seeds and oleaginous fruits; miscellaneous grains, seeds and fruit, industrial or medicinal plants; straw and fodder",2,FALSE,C00,TOTAL CPC,0,0,TOTAL MOT,-1,N/A,,FALSE,-1,N/A,,FALSE,,FALSE,,FALSE,,243378545,243378545,0,TRUE,FALSE,HS_12
C,A,20130101,2013,52,2013,368,IRQ,Iraq,X,Export,0,W00,World,0,W00,World,H2,HS,TRUE,12,"Oil seeds and oleaginous fruits; miscellaneous grains, seeds and fruit, industrial or medicinal plants; straw and fodder",2,FALSE,C00,TOTAL CPC,0,0,TOTAL MOT,-1,N/A,,FALSE,-1,N/A,,FALSE,,FALSE,,FALSE,,5e+05,5e+05,0,TRUE,FALSE,HS_12
C,A,20130101,2013,52,2013,384,CIV,Côte d'Ivoire,X,Export,0,W00,World,0,W00,World,H3,HS,TRUE,12,"Oil seeds and oleaginous fruits; miscellaneous grains, seeds and fruit, industrial or medicinal plants; straw and fodder",2,FALSE,C00,TOTAL CPC,0,0,TOTAL MOT,-1,N/A,0,FALSE,-1,N/A,0,FALSE,0,FALSE,0,FALSE,,23981383.872,23981383.872,0,FALSE,TRUE,HS_12
C,A,20130101,2013,52,2013,398,KAZ,Kazakhstan,X,Export,0,W00,World,0,W00,World,H4,HS,TRUE,12,"Oil seeds and oleaginous fruits; miscellaneous grains, seeds and fruit, industrial or medicinal plants; straw and fodder",2,FALSE,C00,TOTAL CPC,0,0,TOTAL MOT,-1,N/A,,FALSE,-1,N/A,,FALSE,,FALSE,,FALSE,,187396428,187396428,0,TRUE,FALSE,HS_12
C,A,20130101,2013,52,2013,484,MEX,Mexico,X,Export,0,W00,World,0,W00,World,H4,HS,TRUE,12,"Oil seeds and oleaginous fruits; miscellaneous grains, seeds and fruit, industrial or medicinal plants; straw and fodder",2,FALSE,C00,TOTAL CPC,0,0,TOTAL MOT,-1,N/A,,FALSE,-1,N/A,,FALSE,,FALSE,,FALSE,,163897604,163897604,0,TRUE,FALSE,HS_12
C,A,20130101,2013,52,2013,504,MAR,Morocco,X,Export,0,W00,World,0,W00,World,H2,HS,TRUE,12,"Oil seeds and oleaginous fruits; miscellaneous grains, seeds and fruit, industrial or medicinal plants; straw and fodder",2,FALSE,C00,TOTAL CPC,0,0,TOTAL MOT,-1,N/A,,FALSE,-1,N/A,,FALSE,,FALSE,,FALSE,,90697781,90697781,0,TRUE,FALSE,HS_12
C,A,20130101,2013,52,2013,566,NGA,Nigeria,X,Export,0,W00,World,0,W00,World,H3,HS,TRUE,12,"Oil seeds and oleaginous fruits; miscellaneous grains, seeds and fruit, industrial or medicinal plants; straw and fodder",2,FALSE,C00,TOTAL CPC,0,0,TOTAL MOT,-1,N/A,,FALSE,-1,N/A,,FALSE,,FALSE,,FALSE,,890445199,890445199,0,TRUE,FALSE,HS_12
C,A,20130101,2013,52,2013,586,PAK,Pakistan,X,Export,0,W00,World,0,W00,World,H4,HS,TRUE,12,"Oil seeds and oleaginous fruits; miscellaneous grains, seeds and fruit, industrial or medicinal plants; straw and fodder",2,FALSE,C00,TOTAL CPC,0,0,TOTAL MOT,-1,N/A,,FALSE,-1,N/A,,FALSE,,FALSE,,FALSE,,115387311,115387311,0,TRUE,FALSE,HS_12
C,A,20130101,2013,52,2013,591,PAN,Panama,X,Export,0,W00,World,0,W00,World,H4,HS,TRUE,12,"Oil seeds and oleaginous fruits; miscellaneous grains, seeds and fruit, industrial or medicinal plants; straw and fodder",2,FALSE,C00,TOTAL CPC,0,0,TOTAL MOT,-1,N/A,0,FALSE,-1,N/A,0,FALSE,0,FALSE,0,FALSE,0,2042775,2042775,0,FALSE,TRUE,HS_12
C,A,20130101,2013,52,2013,604,PER,Peru,X,Export,0,W00,World,0,W00,World,H4,HS,TRUE,12,"Oil seeds and oleaginous fruits; miscellaneous grains, seeds and fruit, industrial or medicinal plants; straw and fodder",2,FALSE,C00,TOTAL CPC,0,0,TOTAL MOT,-1,N/A,0,FALSE,-1,N/A,0,FALSE,0,TRUE,0,FALSE,,157812676.53,157812676.53,4,FALSE,TRUE,HS_12
C,A,20130101,2013,52,2013,608,PHL,Philippines,X,Export,0,W00,World,0,W00,World,H2,HS,TRUE,12,"Oil seeds and oleaginous fruits; miscellaneous grains, seeds and fruit, industrial or medicinal plants; straw and fodder",2,FALSE,C00,TOTAL CPC,0,0,TOTAL MOT,-1,N/A,,FALSE,-1,N/A,,FALSE,,FALSE,,FALSE,,53733388,53733388,0,TRUE,FALSE,HS_12
C,A,20130101,2013,52,2013,616,POL,Poland,X,Export,0,W00,World,0,W00,World,H4,HS,TRUE,12,"Oil seeds and oleaginous fruits; miscellaneous grains, seeds and fruit, industrial or medicinal plants; straw and fodder",2,FALSE,C00,TOTAL CPC,0,0,TOTAL MOT,-1,N/A,,FALSE,-1,N/A,,FALSE,,FALSE,,FALSE,,559004678,559004678,0,TRUE,FALSE,HS_12
C,A,20130101,2013,52,2013,642,ROU,Romania,X,Export,0,W00,World,0,W00,World,H4,HS,TRUE,12,"Oil seeds and oleaginous fruits; miscellaneous grains, seeds and fruit, industrial or medicinal plants; straw and fodder",2,FALSE,C00,TOTAL CPC,0,0,TOTAL MOT,-1,N/A,,FALSE,-1,N/A,,FALSE,,FALSE,,FALSE,,1074247406,1074247406,0,TRUE,FALSE,HS_12
C,A,20130101,2013,52,2013,682,SAU,Saudi Arabia,X,Export,0,W00,World,0,W00,World,H4,HS,TRUE,12,"Oil seeds and oleaginous fruits; miscellaneous grains, seeds and fruit, industrial or medicinal plants; straw and fodder",2,FALSE,C00,TOTAL CPC,0,0,TOTAL MOT,-1,N/A,,FALSE,-1,N/A,,FALSE,,FALSE,,FALSE,,2764270,2764270,0,TRUE,FALSE,HS_12
C,A,20130101,2013,52,2013,686,SEN,Senegal,X,Export,0,W00,World,0,W00,World,H3,HS,TRUE,12,"Oil seeds and oleaginous fruits; miscellaneous grains, seeds and fruit, industrial or medicinal plants; straw and fodder",2,FALSE,C00,TOTAL CPC,0,0,TOTAL MOT,-1,N/A,,FALSE,-1,N/A,,FALSE,,FALSE,,FALSE,,33224633,33224633,0,TRUE,FALSE,HS_12
C,A,20130101,2013,52,2013,704,VNM,Viet Nam,X,Export,0,W00,World,0,W00,World,H4,HS,TRUE,12,"Oil seeds and oleaginous fruits; miscellaneous grains, seeds and fruit, industrial or medicinal plants; straw and fodder",2,FALSE,C00,TOTAL CPC,0,0,TOTAL MOT,-1,N/A,,FALSE,-1,N/A,,FALSE,,FALSE,,FALSE,,55817524,55817524,0,TRUE,FALSE,HS_12
C,A,20130101,2013,52,2013,710,ZAF,South Africa,X,Export,0,W00,World,0,W00,World,H4,HS,TRUE,12,"Oil seeds and oleaginous fruits; miscellaneous grains, seeds and fruit, industrial or medicinal plants; straw and fodder",2,FALSE,C00,TOTAL CPC,0,0,TOTAL MOT,-1,N/A,0,FALSE,-1,N/A,0,FALSE,0,TRUE,0,FALSE,,141605898.902,141605898.902,4,FALSE,TRUE,HS_12
C,A,20130101,2013,52,2013,784,ARE,United Arab Emirates,X,Export,0,W00,World,0,W00,World,H4,HS,TRUE,12,"Oil seeds and oleaginous fruits; miscellaneous grains, seeds and fruit, industrial or medicinal plants; straw and fodder",2,FALSE,C00,TOTAL CPC,0 ,0,TOTAL MOT,-1,N/A,0,FALSE,-1,N/A,0,FALSE,,FALSE,,FALSE,,89741103.674,89741103.674,0,FALSE,TRUE,HS_12
C,A,20130101,2013,52,2013,792,TUR,Türkiye,X,Export,0,W00,World,0,W00,World,H4,HS,TRUE,12,"Oil seeds and oleaginous fruits; miscellaneous grains, seeds and fruit, industrial or medicinal plants; straw and fodder",2,FALSE,C00,TOTAL CPC,0,0,TOTAL MOT,-1,N/A,0,FALSE,-1,N/A,0,FALSE,0,FALSE,0,FALSE,0,347230495,347230495,0,FALSE,TRUE,HS_12
C,A,20130101,2013,52,2013,818,EGY,Egypt,X,Export,0,W00,World,0,W00,World,H3,HS,TRUE,12,"Oil seeds and oleaginous fruits; miscellaneous grains, seeds and fruit, industrial or medicinal plants; straw and fodder",2,FALSE,C00,TOTAL CPC,0,0,TOTAL MOT,-1,N/A,,FALSE,-1,N/A,,FALSE,,FALSE,,FALSE,,286063794,286063794,0,TRUE,FALSE,HS_12
C,A,20130101,2013,52,2013,858,URY,Uruguay,X,Export,0,W00,World,0,W00,World,H4,HS,TRUE,12,"Oil seeds and oleaginous fruits; miscellaneous grains, seeds and fruit, industrial or medicinal plants; straw and fodder",2,FALSE,C00,TOTAL CPC,0,0,TOTAL MOT,-1,N/A,,FALSE,-1,N/A,,FALSE,,FALSE,,FALSE,,1878004130,1878004130,0,TRUE,FALSE,HS_12
C,A,20130101,2013,52,2013,894,ZMB,Zambia,X,Export,0,W00,World,0,W00,World,H4,HS,TRUE,12,"Oil seeds and oleaginous fruits; miscellaneous grains, seeds and fruit, industrial or medicinal plants; straw and fodder",2,FALSE,C00,TOTAL CPC,0,0,TOTAL MOT,-1,N/A,0,FALSE,-1,N/A,0,FALSE,,FALSE,0,FALSE,,38560870.187,38560870.187,0,FALSE,TRUE,HS_12
C,A,20130101,2013,52,2013,32,ARG,Argentina,X,Export,0,W00,World,0,W00,World,H4,HS,TRUE,1201,"Soya beans, whether or not broken",4,FALSE,C00,TOTAL CPC,0,0,TOTAL MOT,8,kg,7784235717,FALSE,-1,N/A,,FALSE,7784235717,FALSE,,FALSE,,4090223565,4090223565,0,TRUE,FALSE,HS_1201
C,A,20130101,2013,52,2013,76,BRA,Brazil,X,Export,0,W00,World,0,W00,World,H4,HS,TRUE,1201,"Soya beans, whether or not broken",4,FALSE,C00,TOTAL CPC,0,0,TOTAL MOT,-1,N/A,0,TRUE,-1,N/A,0,FALSE,0,TRUE,0,FALSE,,22812299141,22812299141,6,FALSE,TRUE,HS_1201
C,A,20130101,2013,52,2013,144,LKA,Sri Lanka,X,Export,0,W00,World,0,W00,World,H4,HS,TRUE,1201,"Soya beans, whether or not broken",4,FALSE,C00,TOTAL CPC,0,0,TOTAL MOT,8,kg,529199,TRUE,-1,N/A,,FALSE,529199,TRUE,,FALSE,,319163,319163,6,TRUE,FALSE,HS_1201
C,A,20130101,2013,52,2013,152,CHL,Chile,X,Export,0,W00,World,0,W00,World,H4,HS,TRUE,1201,"Soya beans, whether or not broken",4,FALSE,C00,TOTAL CPC,0,0,TOTAL MOT,8,kg,4666602.3,FALSE,8,kg,4666602.3,FALSE,4666602.3,FALSE,0,FALSE,0,14048709.51,14048709.51,0,FALSE,TRUE,HS_1201
C,A,20130101,2013,52,2013,170,COL,Colombia,X,Export,0,W00,World,0,W00,World,H4,HS,TRUE,1201,"Soya beans, whether or not broken",4,FALSE,C00,TOTAL CPC,0,0,TOTAL MOT,8,kg,313188,FALSE,-1,N/A,,FALSE,313188,FALSE,,FALSE,,537300,537300,0,TRUE,FALSE,HS_1201
C,A,20130101,2013,52,2013,218,ECU,Ecuador,X,Export,0,W00,World,0,W00,World,H4,HS,TRUE,1201,"Soya beans, whether or not broken",4,FALSE,C00,TOTAL CPC,0,0,TOTAL MOT,8,kg,1477,FALSE,-1,N/A,,FALSE,1477,FALSE,,FALSE,,3001,3001,0,TRUE,FALSE,HS_1201
C,A,20130101,2013,52,2013,348,HUN,Hungary,X,Export,0,W00,World,0,W00,World,H4,HS,TRUE,1201,"Soya beans, whether or not broken",4,FALSE,C00,TOTAL CPC,0,0,TOTAL MOT,8,kg,33518626,FALSE,-1,N/A,,FALSE,33518626,FALSE,,FALSE,,21754332,21754332,0,TRUE,FALSE,HS_1201
C,A,20130101,2013,52,2013,360,IDN,Indonesia,X,Export,0,W00,World,0,W00,World,H4,HS,TRUE,1201,"Soya beans, whether or not broken",4,FALSE,C00,TOTAL CPC,0,0,TOTAL MOT,8,kg,1030376,FALSE,-1,N/A,,FALSE,1030376,FALSE,,FALSE,,459450,459450,0,TRUE,FALSE,HS_1201
C,A,20130101,2013,52,2013,384,CIV,Côte d'Ivoire,X,Export,0,W00,World,0,W00,World,H3,HS,TRUE,1201,Soya beans; whether or not broken,4,FALSE,C00,TOTAL CPC,0,0,TOTAL MOT,8,kg,337145,FALSE,8,kg,337145,FALSE,337145,FALSE,0,FALSE,,68654.012,68654.012,0,FALSE,TRUE,HS_1201
C,A,20130101,2013,52,2013,398,KAZ,Kazakhstan,X,Export,0,W00,World,0,W00,World,H4,HS,TRUE,1201,"Soya beans, whether or not broken",4,FALSE,C00,TOTAL CPC,0,0,TOTAL MOT,8,kg,20484100,FALSE,-1,N/A,,FALSE,20484100,FALSE,,FALSE,,9450339,9450339,0,TRUE,FALSE,HS_1201
C,A,20130101,2013,52,2013,484,MEX,Mexico,X,Export,0,W00,World,0,W00,World,H4,HS,TRUE,1201,"Soya beans, whether or not broken",4,FALSE,C00,TOTAL CPC,0,0,TOTAL MOT,8,kg,264956,TRUE,-1,N/A,,FALSE,264956,TRUE,,FALSE,,322888,322888,6,TRUE,FALSE,HS_1201
C,A,20130101,2013,52,2013,504,MAR,Morocco,X,Export,0,W00,World,0,W00,World,H2,HS,TRUE,1201,Soya beans; whether or not broken,4,FALSE,C00,TOTAL CPC,0,0,TOTAL MOT,8,kg,46,FALSE,-1,N/A,,FALSE,46,FALSE,,FALSE,,109,109,0,TRUE,FALSE,HS_1201
C,A,20130101,2013,52,2013,566,NGA,Nigeria,X,Export,0,W00,World,0,W00,World,H3,HS,TRUE,1201,Soya beans; whether or not broken,4,FALSE,C00,TOTAL CPC,0,0,TOTAL MOT,8,kg,234478,FALSE,-1,N/A,,FALSE,234478,FALSE,,FALSE,,527769,527769,0,TRUE,FALSE,HS_1201
C,A,20130101,2013,52,2013,586,PAK,Pakistan,X,Export,0,W00,World,0,W00,World,H4,HS,TRUE,1201,"Soya beans, whether or not broken",4,FALSE,C00,TOTAL CPC,0,0,TOTAL MOT,8,kg,114,FALSE,-1,N/A,,FALSE,114,FALSE,,FALSE,,148,148,0,TRUE,FALSE,HS_1201
C,A,20130101,2013,52,2013,604,PER,Peru,X,Export,0,W00,World,0,W00,World,H4,HS,TRUE,1201,"Soya beans, whether or not broken",4,FALSE,C00,TOTAL CPC,0,0,TOTAL MOT,8,kg,10436.8,FALSE,8,kg,10436.8,FALSE,10436.8,FALSE,0,FALSE,,12587.4,12587.4,0,FALSE,TRUE,HS_1201
C,A,20130101,2013,52,2013,608,PHL,Philippines,X,Export,0,W00,World,0,W00,World,H2,HS,TRUE,1201,Soya beans; whether or not broken,4,FALSE,C00,TOTAL CPC,0,0,TOTAL MOT,8,kg,172824,FALSE,-1,N/A,,FALSE,172824,FALSE,,FALSE,,150909,150909,0,TRUE,FALSE,HS_1201
C,A,20130101,2013,52,2013,616,POL,Poland,X,Export,0,W00,World,0,W00,World,H4,HS,TRUE,1201,"Soya beans, whether or not broken",4,FALSE,C00,TOTAL CPC,0,0,TOTAL MOT,8,kg,2193442,FALSE,-1,N/A,,FALSE,2193442,FALSE,,FALSE,,1337955,1337955,0,TRUE,FALSE,HS_1201
C,A,20130101,2013,52,2013,642,ROU,Romania,X,Export,0,W00,World,0,W00,World,H4,HS,TRUE,1201,"Soya beans, whether or not broken",4,FALSE,C00,TOTAL CPC,0,0,TOTAL MOT,8,kg,38853510,FALSE,-1,N/A,,FALSE,38853510,FALSE,,FALSE,,29358351,29358351,0,TRUE,FALSE,HS_1201
C,A,20130101,2013,52,2013,704,VNM,Viet Nam,X,Export,0,W00,World,0,W00,World,H4,HS,TRUE,1201,"Soya beans, whether or not broken",4,FALSE,C00,TOTAL CPC,0,0,TOTAL MOT,8,kg,1102671,TRUE,-1,N/A,,FALSE,1102671,TRUE,,FALSE,,658661,658661,6,TRUE,FALSE,HS_1201
C,A,20130101,2013,52,2013,710,ZAF,South Africa,X,Export,0,W00,World,0,W00,World,H4,HS,TRUE,1201,"Soya beans, whether or not broken",4,FALSE,C00,TOTAL CPC,0,0,TOTAL MOT,8,kg,17652351.34,FALSE,8,kg,17652351.34,FALSE,17652351.34,FALSE,0,FALSE,,11688083.908,11688083.908,0,FALSE,TRUE,HS_1201
C,A,20130101,2013,52,2013,784,ARE,United Arab Emirates,X,Export,0,W00,World,0,W00,World,H4,HS,TRUE,1201,"Soya beans, whether or not broken",4,FALSE,C00,TOTAL CPC,0 ,0,TOTAL MOT,8,kg,902370.8,FALSE,8,kg,902370.8,FALSE,902370.8,FALSE,,FALSE,,357245.352,357245.352,0,FALSE,TRUE,HS_1201
C,A,20130101,2013,52,2013,792,TUR,Türkiye,X,Export,0,W00,World,0,W00,World,H4,HS,TRUE,1201,"Soya beans, whether or not broken",4,FALSE,C00,TOTAL CPC,0,0,TOTAL MOT,8,kg,30842015,FALSE,8,kg,30842015,FALSE,30842015,FALSE,0,FALSE,0,23099903,23099903,0,FALSE,TRUE,HS_1201
C,A,20130101,2013,52,2013,818,EGY,Egypt,X,Export,0,W00,World,0,W00,World,H3,HS,TRUE,1201,Soya beans; whether or not broken,4,FALSE,C00,TOTAL CPC,0,0,TOTAL MOT,8,kg,67007,FALSE,-1,N/A,,FALSE,67007,FALSE,,FALSE,,152371,152371,0,TRUE,FALSE,HS_1201
C,A,20130101,2013,52,2013,858,URY,Uruguay,X,Export,0,W00,World,0,W00,World,H4,HS,TRUE,1201,"Soya beans, whether or not broken",4,FALSE,C00,TOTAL CPC,0,0,TOTAL MOT,8,kg,3524484393,FALSE,-1,N/A,,FALSE,3524484393,FALSE,,FALSE,,1874522055,1874522055,0,TRUE,FALSE,HS_1201
C,A,20130101,2013,52,2013,894,ZMB,Zambia,X,Export,0,W00,World,0,W00,World,H4,HS,TRUE,1201,"Soya beans, whether or not broken",4,FALSE,C00,TOTAL CPC,0,0,TOTAL MOT,8,kg,2930689.942,TRUE,-1,N/A,0,FALSE,2930689.942,TRUE,0,FALSE,,2073255.476,2073255.476,6,FALSE,TRUE,HS_1201
C,A,20130101,2013,52,2013,32,ARG,Argentina,X,Export,0,W00,World,0,W00,World,H4,HS,TRUE,01,Animals; live,2,FALSE,C00,TOTAL CPC,0,0,TOTAL MOT,-1,N/A,,FALSE,-1,N/A,,FALSE,,FALSE,,FALSE,,17886306,17886306,0,TRUE,FALSE,HS_01
C,A,20130101,2013,52,2013,48,BHR,Bahrain,X,Export,0,W00,World,0,W00,World,H4,HS,TRUE,01,Animals; live,2,FALSE,C00,TOTAL CPC,0,0,TOTAL MOT,-1,N/A,,FALSE,-1,N/A,,FALSE,,FALSE,,FALSE,,1141889,1141889,0,TRUE,FALSE,HS_01
C,A,20130101,2013,52,2013,76,BRA,Brazil,X,Export,0,W00,World,0,W00,World,H4,HS,TRUE,01,Animals; live,2,FALSE,C00,TOTAL CPC,0,0,TOTAL MOT,-1,N/A,0,FALSE,-1,N/A,0,FALSE,0,TRUE,0,FALSE,,782585941,782585941,4,FALSE,TRUE,HS_01
C,A,20130101,2013,52,2013,144,LKA,Sri Lanka,X,Export,0,W00,World,0,W00,World,H4,HS,TRUE,01,Animals; live,2,FALSE,C00,TOTAL CPC,0,0,TOTAL MOT,-1,N/A,,FALSE,-1,N/A,,FALSE,,FALSE,,FALSE,,296510,296510,0,TRUE,FALSE,HS_01
C,A,20130101,2013,52,2013,152,CHL,Chile,X,Export,0,W00,World,0,W00,World,H4,HS,TRUE,01,Animals; live,2,FALSE,C00,TOTAL CPC,0,0,TOTAL MOT,-1,N/A,0,FALSE,-1,N/A,0,FALSE,0,FALSE,0,FALSE,0,6490251.08,6490251.08,0,FALSE,TRUE,HS_01
C,A,20130101,2013,52,2013,170,COL,Colombia,X,Export,0,W00,World,0,W00,World,H4,HS,TRUE,01,Animals; live,2,FALSE,C00,TOTAL CPC,0,0,TOTAL MOT,-1,N/A,,FALSE,-1,N/A,,FALSE,,FALSE,,FALSE,,294087088,294087088,0,TRUE,FALSE,HS_01
C,A,20130101,2013,52,2013,218,ECU,Ecuador,X,Export,0,W00,World,0,W00,World,H4,HS,TRUE,01,Animals; live,2,FALSE,C00,TOTAL CPC,0,0,TOTAL MOT,-1,N/A,,FALSE,-1,N/A,,FALSE,,FALSE,,FALSE,,724759,724759,0,TRUE,FALSE,HS_01
C,A,20130101,2013,52,2013,222,SLV,El Salvador,X,Export,0,W00,World,0,W00,World,H4,HS,TRUE,01,Animals; live,2,FALSE,C00,TOTAL CPC,0 ,0,TOTAL MOT,-1,N/A,0,FALSE,-1,N/A,0,FALSE,,FALSE,,FALSE,,11495683.09,11495683.09,0,FALSE,TRUE,HS_01
C,A,20130101,2013,52,2013,348,HUN,Hungary,X,Export,0,W00,World,0,W00,World,H4,HS,TRUE,01,Animals; live,2,FALSE,C00,TOTAL CPC,0,0,TOTAL MOT,-1,N/A,,FALSE,-1,N/A,,FALSE,,FALSE,,FALSE,,448668991,448668991,0,TRUE,FALSE,HS_01
C,A,20130101,2013,52,2013,360,IDN,Indonesia,X,Export,0,W00,World,0,W00,World,H4,HS,TRUE,01,Animals; live,2,FALSE,C00,TOTAL CPC,0,0,TOTAL MOT,-1,N/A,,FALSE,-1,N/A,,FALSE,,FALSE,,FALSE,,76970982,76970982,0,TRUE,FALSE,HS_01
C,A,20130101,2013,52,2013,368,IRQ,Iraq,X,Export,0,W00,World,0,W00,World,H2,HS,TRUE,01,Animals; live,2,FALSE,C00,TOTAL CPC,0,0,TOTAL MOT,-1,N/A,,FALSE,-1,N/A,,FALSE,,FALSE,,FALSE,,43935,43935,0,TRUE,FALSE,HS_01
C,A,20130101,2013,52,2013,384,CIV,Côte d'Ivoire,X,Export,0,W00,World,0,W00,World,H3,HS,TRUE,01,Animals; live,2,FALSE,C00,TOTAL CPC,0,0,TOTAL MOT,-1,N/A,0,FALSE,-1,N/A,0,FALSE,,TRUE,0,FALSE,,10213.199,10213.199,4,FALSE,TRUE,HS_01
C,A,20130101,2013,52,2013,398,KAZ,Kazakhstan,X,Export,0,W00,World,0,W00,World,H4,HS,TRUE,01,Animals; live,2,FALSE,C00,TOTAL CPC,0,0,TOTAL MOT,-1,N/A,,FALSE,-1,N/A,,FALSE,,FALSE,,FALSE,,547769,547769,0,TRUE,FALSE,HS_01
C,A,20130101,2013,52,2013,484,MEX,Mexico,X,Export,0,W00,World,0,W00,World,H4,HS,TRUE,01,Animals; live,2,FALSE,C00,TOTAL CPC,0,0,TOTAL MOT,-1,N/A,,FALSE,-1,N/A,,FALSE,,FALSE,,FALSE,,543052554,543052554,0,TRUE,FALSE,HS_01
C,A,20130101,2013,52,2013,504,MAR,Morocco,X,Export,0,W00,World,0,W00,World,H2,HS,TRUE,01,Animals; live,2,FALSE,C00,TOTAL CPC,0,0,TOTAL MOT,-1,N/A,,FALSE,-1,N/A,,FALSE,,FALSE,,FALSE,,6906275,6906275,0,TRUE,FALSE,HS_01
C,A,20130101,2013,52,2013,566,NGA,Nigeria,X,Export,0,W00,World,0,W00,World,H3,HS,TRUE,01,Animals; live,2,FALSE,C00,TOTAL CPC,0,0,TOTAL MOT,-1,N/A,,FALSE,-1,N/A,,FALSE,,FALSE,,FALSE,,304315,304315,0,TRUE,FALSE,HS_01
C,A,20130101,2013,52,2013,586,PAK,Pakistan,X,Export,0,W00,World,0,W00,World,H4,HS,TRUE,01,Animals; live,2,FALSE,C00,TOTAL CPC,0,0,TOTAL MOT,-1,N/A,,FALSE,-1,N/A,,FALSE,,FALSE,,FALSE,,17516187,17516187,0,TRUE,FALSE,HS_01
C,A,20130101,2013,52,2013,591,PAN,Panama,X,Export,0,W00,World,0,W00,World,H4,HS,TRUE,01,Animals; live,2,FALSE,C00,TOTAL CPC,0,0,TOTAL MOT,-1,N/A,0,FALSE,-1,N/A,0,FALSE,0,FALSE,0,FALSE,0,1976651,1976651,0,FALSE,TRUE,HS_01
C,A,20130101,2013,52,2013,604,PER,Peru,X,Export,0,W00,World,0,W00,World,H4,HS,TRUE,01,Animals; live,2,FALSE,C00,TOTAL CPC,0,0,TOTAL MOT,-1,N/A,0,FALSE,-1,N/A,0,FALSE,0,FALSE,0,FALSE,,10317924.25,10317924.25,0,FALSE,TRUE,HS_01
C,A,20130101,2013,52,2013,608,PHL,Philippines,X,Export,0,W00,World,0,W00,World,H2,HS,TRUE,01,Animals; live,2,FALSE,C00,TOTAL CPC,0,0,TOTAL MOT,-1,N/A,,FALSE,-1,N/A,,FALSE,,FALSE,,FALSE,,19199162,19199162,0,TRUE,FALSE,HS_01
C,A,20130101,2013,52,2013,616,POL,Poland,X,Export,0,W00,World,0,W00,World,H4,HS,TRUE,01,Animals; live,2,FALSE,C00,TOTAL CPC,0,0,TOTAL MOT,-1,N/A,,FALSE,-1,N/A,,FALSE,,FALSE,,FALSE,,239125153,239125153,0,TRUE,FALSE,HS_01
C,A,20130101,2013,52,2013,634,QAT,Qatar,X,Export,0,W00,World,0,W00,World,H4,HS,TRUE,01,Animals; live,2,FALSE,C00,TOTAL CPC,0,0,TOTAL MOT,-1,N/A,0,FALSE,-1,N/A,0,FALSE,0,FALSE,0,FALSE,,40128900.094,40128900.094,0,FALSE,TRUE,HS_01
C,A,20130101,2013,52,2013,642,ROU,Romania,X,Export,0,W00,World,0,W00,World,H4,HS,TRUE,01,Animals; live,2,FALSE,C00,TOTAL CPC,0,0,TOTAL MOT,-1,N/A,,FALSE,-1,N/A,,FALSE,,FALSE,,FALSE,,417266812,417266812,0,TRUE,FALSE,HS_01
C,A,20130101,2013,52,2013,682,SAU,Saudi Arabia,X,Export,0,W00,World,0,W00,World,H4,HS,TRUE,01,Animals; live,2,FALSE,C00,TOTAL CPC,0,0,TOTAL MOT,-1,N/A,,FALSE,-1,N/A,,FALSE,,FALSE,,FALSE,,115646545,115646545,0,TRUE,FALSE,HS_01
C,A,20130101,2013,52,2013,686,SEN,Senegal,X,Export,0,W00,World,0,W00,World,H3,HS,TRUE,01,Animals; live,2,FALSE,C00,TOTAL CPC,0,0,TOTAL MOT,-1,N/A,,FALSE,-1,N/A,,FALSE,,FALSE,,FALSE,,371096,371096,0,TRUE,FALSE,HS_01
C,A,20130101,2013,52,2013,704,VNM,Viet Nam,X,Export,0,W00,World,0,W00,World,H4,HS,TRUE,01,Animals; live,2,FALSE,C00,TOTAL CPC,0,0,TOTAL MOT,-1,N/A,,FALSE,-1,N/A,,FALSE,,FALSE,,FALSE,,4125703,4125703,0,TRUE,FALSE,HS_01
C,A,20130101,2013,52,2013,710,ZAF,South Africa,X,Export,0,W00,World,0,W00,World,H4,HS,TRUE,01,Animals; live,2,FALSE,C00,TOTAL CPC,0,0,TOTAL MOT,-1,N/A,0,FALSE,-1,N/A,0,FALSE,,FALSE,0,FALSE,,49653761.385,49653761.385,0,FALSE,TRUE,HS_01
C,A,20130101,2013,52,2013,784,ARE,United Arab Emirates,X,Export,0,W00,World,0,W00,World,H4,HS,TRUE,01,Animals; live,2,FALSE,C00,TOTAL CPC,0 ,0,TOTAL MOT,-1,N/A,0,FALSE,-1,N/A,0,FALSE,,TRUE,,FALSE,,59638042.546,59638042.546,0,FALSE,TRUE,HS_01
C,A,20130101,2013,52,2013,792,TUR,Türkiye,X,Export,0,W00,World,0,W00,World,H4,HS,TRUE,01,Animals; live,2,FALSE,C00,TOTAL CPC,0,0,TOTAL MOT,-1,N/A,0,FALSE,-1,N/A,0,FALSE,0,FALSE,0,FALSE,0,13463929,13463929,0,FALSE,TRUE,HS_01
C,A,20130101,2013,52,2013,818,EGY,Egypt,X,Export,0,W00,World,0,W00,World,H3,HS,TRUE,01,Animals; live,2,FALSE,C00,TOTAL CPC,0,0,TOTAL MOT,-1,N/A,,FALSE,-1,N/A,,FALSE,,FALSE,,FALSE,,18180800,18180800,0,TRUE,FALSE,HS_01
C,A,20130101,2013,52,2013,858,URY,Uruguay,X,Export,0,W00,World,0,W00,World,H4,HS,TRUE,01,Animals; live,2,FALSE,C00,TOTAL CPC,0,0,TOTAL MOT,-1,N/A,,FALSE,-1,N/A,,FALSE,,FALSE,,FALSE,,37024821,37024821,0,TRUE,FALSE,HS_01
C,A,20130101,2013,52,2013,894,ZMB,Zambia,X,Export,0,W00,World,0,W00,World,H4,HS,TRUE,01,Animals; live,2,FALSE,C00,TOTAL CPC,0,0,TOTAL MOT,-1,N/A,0,FALSE,-1,N/A,0,FALSE,,FALSE,0,FALSE,,1899111.683,1899111.683,0,FALSE,TRUE,HS_01
C,A,20130101,2013,52,2013,32,ARG,Argentina,X,Export,0,W00,World,0,W00,World,H4,HS,TRUE,0102,Bovine animals; live,4,FALSE,C00,TOTAL CPC,0,0,TOTAL MOT,5,u,280,FALSE,-1,N/A,,FALSE,133408,FALSE,,FALSE,,615848,615848,0,TRUE,FALSE,HS_0102
C,A,20130101,2013,52,2013,76,BRA,Brazil,X,Export,0,W00,World,0,W00,World,H4,HS,TRUE,0102,Bovine animals; live,4,FALSE,C00,TOTAL CPC,0,0,TOTAL MOT,5,u,688641,FALSE,5,u,688641,FALSE,325390500,FALSE,0,FALSE,,723995749,723995749,0,FALSE,TRUE,HS_0102
C,A,20130101,2013,52,2013,144,LKA,Sri Lanka,X,Export,0,W00,World,0,W00,World,H4,HS,TRUE,0102,Bovine animals; live,4,FALSE,C00,TOTAL CPC,0,0,TOTAL MOT,5,u,0,TRUE,-1,N/A,,FALSE,43,TRUE,,FALSE,,72,72,6,TRUE,FALSE,HS_0102
C,A,20130101,2013,52,2013,152,CHL,Chile,X,Export,0,W00,World,0,W00,World,H4,HS,TRUE,0102,Bovine animals; live,4,FALSE,C00,TOTAL CPC,0,0,TOTAL MOT,5,u,186,FALSE,5,u,186,FALSE,75595.228,TRUE,0,FALSE,0,253621.97,253621.97,4,FALSE,TRUE,HS_0102
C,A,20130101,2013,52,2013,170,COL,Colombia,X,Export,0,W00,World,0,W00,World,H4,HS,TRUE,0102,Bovine animals; live,4,FALSE,C00,TOTAL CPC,0,0,TOTAL MOT,5,u,236292,FALSE,-1,N/A,,FALSE,110281567,FALSE,,FALSE,,289801071,289801071,0,TRUE,FALSE,HS_0102
C,A,20130101,2013,52,2013,222,SLV,El Salvador,X,Export,0,W00,World,0,W00,World,H4,HS,TRUE,0102,Bovine animals; live,4,FALSE,C00,TOTAL CPC,0 ,0,TOTAL MOT,5,u,18.596,TRUE,-1,N/A,0,FALSE,11200,FALSE,,FALSE,,20000,20000,0,FALSE,TRUE,HS_0102
C,A,20130101,2013,52,2013,348,HUN,Hungary,X,Export,0,W00,World,0,W00,World,H4,HS,TRUE,0102,Bovine animals; live,4,FALSE,C00,TOTAL CPC,0,0,TOTAL MOT,5,u,97047,FALSE,-1,N/A,,FALSE,35247315,FALSE,,FALSE,,130647615,130647615,0,TRUE,FALSE,HS_0102
C,A,20130101,2013,52,2013,398,KAZ,Kazakhstan,X,Export,0,W00,World,0,W00,World,H4,HS,TRUE,0102,Bovine animals; live,4,FALSE,C00,TOTAL CPC,0,0,TOTAL MOT,-1,N/A,,FALSE,-1,N/A,,FALSE,20250,FALSE,,FALSE,,190700,190700,0,TRUE,FALSE,HS_0102
C,A,20130101,2013,52,2013,484,MEX,Mexico,X,Export,0,W00,World,0,W00,World,H4,HS,TRUE,0102,Bovine animals; live,4,FALSE,C00,TOTAL CPC,0,0,TOTAL MOT,5,u,1045179,FALSE,-1,N/A,,FALSE,262626237,TRUE,,FALSE,,539545590,539545590,4,TRUE,FALSE,HS_0102
C,A,20130101,2013,52,2013,566,NGA,Nigeria,X,Export,0,W00,World,0,W00,World,H3,HS,TRUE,0102,Bovine animals; live,4,FALSE,C00,TOTAL CPC,0,0,TOTAL MOT,5,u,80,FALSE,-1,N/A,,FALSE,,FALSE,,FALSE,,1008,1008,0,TRUE,FALSE,HS_0102
C,A,20130101,2013,52,2013,586,PAK,Pakistan,X,Export,0,W00,World,0,W00,World,H4,HS,TRUE,0102,Bovine animals; live,4,FALSE,C00,TOTAL CPC,0,0,TOTAL MOT,5,u,41988,FALSE,-1,N/A,,FALSE,,FALSE,,FALSE,,12422211,12422211,0,TRUE,FALSE,HS_0102
C,A,20130101,2013,52,2013,591,PAN,Panama,X,Export,0,W00,World,0,W00,World,H4,HS,TRUE,0102,Bovine animals; live,4,FALSE,C00,TOTAL CPC,0,0,TOTAL MOT,5,u,3927,FALSE,5,u,3927,FALSE,1184441,FALSE,1184441,FALSE,0,1867935,1867935,0,FALSE,TRUE,HS_0102
C,A,20130101,2013,52,2013,604,PER,Peru,X,Export,0,W00,World,0,W00,World,H4,HS,TRUE,0102,Bovine animals; live,4,FALSE,C00,TOTAL CPC,0,0,TOTAL MOT,5,u,16,FALSE,5,u,16,FALSE,5400,FALSE,0,FALSE,,14999.22,14999.22,0,FALSE,TRUE,HS_0102
C,A,20130101,2013,52,2013,608,PHL,Philippines,X,Export,0,W00,World,0,W00,World,H2,HS,TRUE,0102,Bovine animals; live,4,FALSE,C00,TOTAL CPC,0,0,TOTAL MOT,5,u,149061,FALSE,-1,N/A,,FALSE,3764753,FALSE,,FALSE,,10951306,10951306,0,TRUE,FALSE,HS_0102
C,A,20130101,2013,52,2013,616,POL,Poland,X,Export,0,W00,World,0,W00,World,H4,HS,TRUE,0102,Bovine animals; live,4,FALSE,C00,TOTAL CPC,0,0,TOTAL MOT,5,u,215677,FALSE,-1,N/A,,FALSE,23861228,FALSE,,FALSE,,83589124,83589124,0,TRUE,FALSE,HS_0102
C,A,20130101,2013,52,2013,634,QAT,Qatar,X,Export,0,W00,World,0,W00,World,H4,HS,TRUE,0102,Bovine animals; live,4,FALSE,C00,TOTAL CPC,0,0,TOTAL MOT,-1,N/A,0,FALSE,-1,N/A,0,FALSE,0,FALSE,0,FALSE,,5610433.95,5610433.95,0,FALSE,TRUE,HS_0102
C,A,20130101,2013,52,2013,642,ROU,Romania,X,Export,0,W00,World,0,W00,World,H4,HS,TRUE,0102,Bovine animals; live,4,FALSE,C00,TOTAL CPC,0,0,TOTAL MOT,5,u,278538,FALSE,-1,N/A,,FALSE,51460589,FALSE,,FALSE,,174263881,174263881,0,TRUE,FALSE,HS_0102
C,A,20130101,2013,52,2013,686,SEN,Senegal,X,Export,0,W00,World,0,W00,World,H3,HS,TRUE,0102,Bovine animals; live,4,FALSE,C00,TOTAL CPC,0,0,TOTAL MOT,-1,N/A,,FALSE,-1,N/A,,FALSE,9200,FALSE,,FALSE,,23041,23041,0,TRUE,FALSE,HS_0102
C,A,20130101,2013,52,2013,710,ZAF,South Africa,X,Export,0,W00,World,0,W00,World,H4,HS,TRUE,0102,Bovine animals; live,4,FALSE,C00,TOTAL CPC,0,0,TOTAL MOT,5,u,17609.517,TRUE,-1,N/A,0,FALSE,3300132.012,TRUE,0,FALSE,,11666204.9,11666204.9,6,FALSE,TRUE,HS_0102
C,A,20130101,2013,52,2013,784,ARE,United Arab Emirates,X,Export,0,W00,World,0,W00,World,H4,HS,TRUE,0102,Bovine animals; live,4,FALSE,C00,TOTAL CPC,0 ,0,TOTAL MOT,-1,N/A,0,FALSE,-1,N/A,0,FALSE,5190465,FALSE,,FALSE,,8662942.8,8662942.8,0,FALSE,TRUE,HS_0102
C,A,20130101,2013,52,2013,792,TUR,Türkiye,X,Export,0,W00,World,0,W00,World,H4,HS,TRUE,0102,Bovine animals; live,4,FALSE,C00,TOTAL CPC,0,0,TOTAL MOT,5,u,379,FALSE,5,u,379,FALSE,204300,FALSE,0,FALSE,0,1158584,1158584,0,FALSE,TRUE,HS_0102
C,A,20130101,2013,52,2013,818,EGY,Egypt,X,Export,0,W00,World,0,W00,World,H3,HS,TRUE,0102,Bovine animals; live,4,FALSE,C00,TOTAL CPC,0,0,TOTAL MOT,5,u,14,TRUE,-1,N/A,,FALSE,4436,TRUE,,FALSE,,7411,7411,6,TRUE,FALSE,HS_0102
C,A,20130101,2013,52,2013,858,URY,Uruguay,X,Export,0,W00,World,0,W00,World,H4,HS,TRUE,0102,Bovine animals; live,4,FALSE,C00,TOTAL CPC,0,0,TOTAL MOT,5,u,41476,FALSE,-1,N/A,,FALSE,11143160,FALSE,,FALSE,,30008196,30008196,0,TRUE,FALSE,HS_0102
C,A,20130101,2013,52,2013,894,ZMB,Zambia,X,Export,0,W00,World,0,W00,World,H4,HS,TRUE,0102,Bovine animals; live,4,FALSE,C00,TOTAL CPC,0,0,TOTAL MOT,-1,N/A,0,TRUE,-1,N/A,0,FALSE,0,TRUE,0,FALSE,,366282.441,366282.441,6,FALSE,TRUE,HS_0102
C,A,20130101,2013,52,2013,32,ARG,Argentina,X,Export,0,W00,World,0,W00,World,H4,HS,TRUE,02,Meat and edible meat offal,2,FALSE,C00,TOTAL CPC,0,0,TOTAL MOT,-1,N/A,,FALSE,-1,N/A,,FALSE,,FALSE,,FALSE,,1891045172,1891045172,0,TRUE,FALSE,HS_02
C,A,20130101,2013,52,2013,48,BHR,Bahrain,X,Export,0,W00,World,0,W00,World,H4,HS,TRUE,02,Meat and edible meat offal,2,FALSE,C00,TOTAL CPC,0,0,TOTAL MOT,-1,N/A,,FALSE,-1,N/A,,FALSE,,FALSE,,FALSE,,1180280,1180280,0,TRUE,FALSE,HS_02
C,A,20130101,2013,52,2013,76,BRA,Brazil,X,Export,0,W00,World,0,W00,World,H4,HS,TRUE,02,Meat and edible meat offal,2,FALSE,C00,TOTAL CPC,0,0,TOTAL MOT,-1,N/A,0,FALSE,-1,N/A,0,FALSE,0,FALSE,0,FALSE,,14768429086,14768429086,0,FALSE,TRUE,HS_02
C,A,20130101,2013,52,2013,144,LKA,Sri Lanka,X,Export,0,W00,World,0,W00,World,H4,HS,TRUE,02,Meat and edible meat offal,2,FALSE,C00,TOTAL CPC,0,0,TOTAL MOT,-1,N/A,,FALSE,-1,N/A,,FALSE,,FALSE,,FALSE,,1783719,1783719,0,TRUE,FALSE,HS_02
C,A,20130101,2013,52,2013,152,CHL,Chile,X,Export,0,W00,World,0,W00,World,H4,HS,TRUE,02,Meat and edible meat offal,2,FALSE,C00,TOTAL CPC,0,0,TOTAL MOT,-1,N/A,0,FALSE,-1,N/A,0,FALSE,0,TRUE,0,FALSE,0,801302079.521,801302079.521,4,FALSE,TRUE,HS_02
C,A,20130101,2013,52,2013,170,COL,Colombia,X,Export,0,W00,World,0,W00,World,H4,HS,TRUE,02,Meat and edible meat offal,2,FALSE,C00,TOTAL CPC,0,0,TOTAL MOT,-1,N/A,,FALSE,-1,N/A,,FALSE,,FALSE,,FALSE,,207224116,207224116,0,TRUE,FALSE,HS_02
C,A,20130101,2013,52,2013,218,ECU,Ecuador,X,Export,0,W00,World,0,W00,World,H4,HS,TRUE,02,Meat and edible meat offal,2,FALSE,C00,TOTAL CPC,0,0,TOTAL MOT,-1,N/A,,FALSE,-1,N/A,,FALSE,,FALSE,,FALSE,,88935,88935,0,TRUE,FALSE,HS_02
C,A,20130101,2013,52,2013,222,SLV,El Salvador,X,Export,0,W00,World,0,W00,World,H4,HS,TRUE,02,Meat and edible meat offal,2,FALSE,C00,TOTAL CPC,0 ,0,TOTAL MOT,-1,N/A,0,FALSE,-1,N/A,0,FALSE,,FALSE,,FALSE,,2618560.77,2618560.77,0,FALSE,TRUE,HS_02
C,A,20130101,2013,52,2013,348,HUN,Hungary,X,Export,0,W00,World,0,W00,World,H4,HS,TRUE,02,Meat and edible meat offal,2,FALSE,C00,TOTAL CPC,0,0,TOTAL MOT,-1,N/A,,FALSE,-1,N/A,,FALSE,,FALSE,,FALSE,,1283232459,1283232459,0,TRUE,FALSE,HS_02
C,A,20130101,2013,52,2013,360,IDN,Indonesia,X,Export,0,W00,World,0,W00,World,H4,HS,TRUE,02,Meat and edible meat offal,2,FALSE,C00,TOTAL CPC,0,0,TOTAL MOT,-1,N/A,,FALSE,-1,N/A,,FALSE,,FALSE,,FALSE,,22601994,22601994,0,TRUE,FALSE,HS_02
C,A,20130101,2013,52,2013,368,IRQ,Iraq,X,Export,0,W00,World,0,W00,World,H2,HS,TRUE,02,Meat and edible meat offal,2,FALSE,C00,TOTAL CPC,0,0,TOTAL MOT,-1,N/A,,FALSE,-1,N/A,,FALSE,,FALSE,,FALSE,,1285,1285,0,TRUE,FALSE,HS_02
C,A,20130101,2013,52,2013,384,CIV,Côte d'Ivoire,X,Export,0,W00,World,0,W00,World,H3,HS,TRUE,02,Meat and edible meat offal,2,FALSE,C00,TOTAL CPC,0,0,TOTAL MOT,-1,N/A,0,FALSE,-1,N/A,0,FALSE,0,FALSE,0,FALSE,,599859.2,599859.2,0,FALSE,TRUE,HS_02
C,A,20130101,2013,52,2013,398,KAZ,Kazakhstan,X,Export,0,W00,World,0,W00,World,H4,HS,TRUE,02,Meat and edible meat offal,2,FALSE,C00,TOTAL CPC,0,0,TOTAL MOT,-1,N/A,,FALSE,-1,N/A,,FALSE,,FALSE,,FALSE,,8163277,8163277,0,TRUE,FALSE,HS_02
C,A,20130101,2013,52,2013,484,MEX,Mexico,X,Export,0,W00,World,0,W00,World,H4,HS,TRUE,02,Meat and edible meat offal,2,FALSE,C00,TOTAL CPC,0,0,TOTAL MOT,-1,N/A,,FALSE,-1,N/A,,FALSE,,FALSE,,FALSE,,1185224391,1185224391,0,TRUE,FALSE,HS_02
C,A,20130101,2013,52,2013,504,MAR,Morocco,X,Export,0,W00,World,0,W00,World,H2,HS,TRUE,02,Meat and edible meat offal,2,FALSE,C00,TOTAL CPC,0,0,TOTAL MOT,-1,N/A,,FALSE,-1,N/A,,FALSE,,FALSE,,FALSE,,779425,779425,0,TRUE,FALSE,HS_02
C,A,20130101,2013,52,2013,566,NGA,Nigeria,X,Export,0,W00,World,0,W00,World,H3,HS,TRUE,02,Meat and edible meat offal,2,FALSE,C00,TOTAL CPC,0,0,TOTAL MOT,-1,N/A,,FALSE,-1,N/A,,FALSE,,FALSE,,FALSE,,529820,529820,0,TRUE,FALSE,HS_02
C,A,20130101,2013,52,2013,586,PAK,Pakistan,X,Export,0,W00,World,0,W00,World,H4,HS,TRUE,02,Meat and edible meat offal,2,FALSE,C00,TOTAL CPC,0,0,TOTAL MOT,-1,N/A,,FALSE,-1,N/A,,FALSE,,FALSE,,FALSE,,212594785,212594785,0,TRUE,FALSE,HS_02
C,A,20130101,2013,52,2013,591,PAN,Panama,X,Export,0,W00,World,0,W00,World,H4,HS,TRUE,02,Meat and edible meat offal,2,FALSE,C00,TOTAL CPC,0,0,TOTAL MOT,-1,N/A,0,FALSE,-1,N/A,0,FALSE,0,TRUE,0,FALSE,0,37197521,37197521,4,FALSE,TRUE,HS_02
C,A,20130101,2013,52,2013,604,PER,Peru,X,Export,0,W00,World,0,W00,World,H4,HS,TRUE,02,Meat and edible meat offal,2,FALSE,C00,TOTAL CPC,0,0,TOTAL MOT,-1,N/A,0,FALSE,-1,N/A,0,FALSE,0,FALSE,0,FALSE,,9976079.7,9976079.7,0,FALSE,TRUE,HS_02
C,A,20130101,2013,52,2013,608,PHL,Philippines,X,Export,0,W00,World,0,W00,World,H2,HS,TRUE,02,Meat and edible meat offal,2,FALSE,C00,TOTAL CPC,0,0,TOTAL MOT,-1,N/A,,FALSE,-1,N/A,,FALSE,,FALSE,,FALSE,,34572658,34572658,0,TRUE,FALSE,HS_02
C,A,20130101,2013,52,2013,616,POL,Poland,X,Export,0,W00,World,0,W00,World,H4,HS,TRUE,02,Meat and edible meat offal,2,FALSE,C00,TOTAL CPC,0,0,TOTAL MOT,-1,N/A,,FALSE,-1,N/A,,FALSE,,FALSE,,FALSE,,4440346519,4440346519,0,TRUE,FALSE,HS_02
C,A,20130101,2013,52,2013,634,QAT,Qatar,X,Export,0,W00,World,0,W00,World,H4,HS,TRUE,02,Meat and edible meat offal,2,FALSE,C00,TOTAL CPC,0,0,TOTAL MOT,-1,N/A,0,FALSE,-1,N/A,0,FALSE,0,FALSE,0,FALSE,,3373000.638,3373000.638,0,FALSE,TRUE,HS_02
C,A,20130101,2013,52,2013,642,ROU,Romania,X,Export,0,W00,World,0,W00,World,H4,HS,TRUE,02,Meat and edible meat offal,2,FALSE,C00,TOTAL CPC,0,0,TOTAL MOT,-1,N/A,,FALSE,-1,N/A,,FALSE,,FALSE,,FALSE,,301772417,301772417,0,TRUE,FALSE,HS_02
C,A,20130101,2013,52,2013,682,SAU,Saudi Arabia,X,Export,0,W00,World,0,W00,World,H4,HS,TRUE,02,Meat and edible meat offal,2,FALSE,C00,TOTAL CPC,0,0,TOTAL MOT,-1,N/A,,FALSE,-1,N/A,,FALSE,,FALSE,,FALSE,,87203576,87203576,0,TRUE,FALSE,HS_02
C,A,20130101,2013,52,2013,686,SEN,Senegal,X,Export,0,W00,World,0,W00,World,H3,HS,TRUE,02,Meat and edible meat offal,2,FALSE,C00,TOTAL CPC,0,0,TOTAL MOT,-1,N/A,,FALSE,-1,N/A,,FALSE,,FALSE,,FALSE,,1060627,1060627,0,TRUE,FALSE,HS_02
C,A,20130101,2013,52,2013,704,VNM,Viet Nam,X,Export,0,W00,World,0,W00,World,H4,HS,TRUE,02,Meat and edible meat offal,2,FALSE,C00,TOTAL CPC,0,0,TOTAL MOT,-1,N/A,,FALSE,-1,N/A,,FALSE,,FALSE,,FALSE,,47355989,47355989,0,TRUE,FALSE,HS_02
C,A,20130101,2013,52,2013,710,ZAF,South Africa,X,Export,0,W00,World,0,W00,World,H4,HS,TRUE,02,Meat and edible meat offal,2,FALSE,C00,TOTAL CPC,0,0,TOTAL MOT,-1,N/A,0,FALSE,-1,N/A,0,FALSE,0,TRUE,0,FALSE,,183662338.425,183662338.425,4,FALSE,TRUE,HS_02
C,A,20130101,2013,52,2013,784,ARE,United Arab Emirates,X,Export,0,W00,World,0,W00,World,H4,HS,TRUE,02,Meat and edible meat offal,2,FALSE,C00,TOTAL CPC,0 ,0,TOTAL MOT,-1,N/A,0,FALSE,-1,N/A,0,FALSE,,FALSE,,FALSE,,81831092.411,81831092.411,0,FALSE,TRUE,HS_02
C,A,20130101,2013,52,2013,792,TUR,Türkiye,X,Export,0,W00,World,0,W00,World,H4,HS,TRUE,02,Meat and edible meat offal,2,FALSE,C00,TOTAL CPC,0,0,TOTAL MOT,-1,N/A,0,FALSE,-1,N/A,0,FALSE,0,FALSE,0,FALSE,0,727255482,727255482,0,FALSE,TRUE,HS_02
C,A,20130101,2013,52,2013,818,EGY,Egypt,X,Export,0,W00,World,0,W00,World,H3,HS,TRUE,02,Meat and edible meat offal,2,FALSE,C00,TOTAL CPC,0,0,TOTAL MOT,-1,N/A,,FALSE,-1,N/A,,FALSE,,FALSE,,FALSE,,1756710,1756710,0,TRUE,FALSE,HS_02
C,A,20130101,2013,52,2013,858,URY,Uruguay,X,Export,0,W00,World,0,W00,World,H4,HS,TRUE,02,Meat and edible meat offal,2,FALSE,C00,TOTAL CPC,0,0,TOTAL MOT,-1,N/A,,FALSE,-1,N/A,,FALSE,,FALSE,,FALSE,,1496296173,1496296173,0,TRUE,FALSE,HS_02
C,A,20130101,2013,52,2013,894,ZMB,Zambia,X,Export,0,W00,World,0,W00,World,H4,HS,TRUE,02,Meat and edible meat offal,2,FALSE,C00,TOTAL CPC,0,0,TOTAL MOT,-1,N/A,0,FALSE,-1,N/A,0,FALSE,0,TRUE,0,FALSE,,2884145.72,2884145.72,4,FALSE,TRUE,HS_02
C,A,20130101,2013,52,2013,32,ARG,Argentina,X,Export,0,W00,World,0,W00,World,H4,HS,TRUE,0201,Meat of bovine animals; fresh or chilled,4,FALSE,C00,TOTAL CPC,0,0,TOTAL MOT,8,kg,65692653,FALSE,-1,N/A,,FALSE,65692653,FALSE,,FALSE,,656491616,656491616,0,TRUE,FALSE,HS_0201
C,A,20130101,2013,52,2013,48,BHR,Bahrain,X,Export,0,W00,World,0,W00,World,H4,HS,TRUE,0201,Meat of bovine animals; fresh or chilled,4,FALSE,C00,TOTAL CPC,0,0,TOTAL MOT,8,kg,10193,FALSE,-1,N/A,,FALSE,10193,FALSE,,FALSE,,53335,53335,0,TRUE,FALSE,HS_0201
C,A,20130101,2013,52,2013,76,BRA,Brazil,X,Export,0,W00,World,0,W00,World,H4,HS,TRUE,0201,Meat of bovine animals; fresh or chilled,4,FALSE,C00,TOTAL CPC,0,0,TOTAL MOT,8,kg,143319411,FALSE,8,kg,143319411,FALSE,143319411,FALSE,0,FALSE,,853805250,853805250,0,FALSE,TRUE,HS_0201
C,A,20130101,2013,52,2013,144,LKA,Sri Lanka,X,Export,0,W00,World,0,W00,World,H4,HS,TRUE,0201,Meat of bovine animals; fresh or chilled,4,FALSE,C00,TOTAL CPC,0,0,TOTAL MOT,8,kg,267,TRUE,-1,N/A,,FALSE,267,TRUE,,FALSE,,1063,1063,6,TRUE,FALSE,HS_0201
C,A,20130101,2013,52,2013,152,CHL,Chile,X,Export,0,W00,World,0,W00,World,H4,HS,TRUE,0201,Meat of bovine animals; fresh or chilled,4,FALSE,C00,TOTAL CPC,0,0,TOTAL MOT,8,kg,330534.56,FALSE,8,kg,330534.56,FALSE,330534.56,FALSE,0,FALSE,0,4518501.28,4518501.28,0,FALSE,TRUE,HS_0201
C,A,20130101,2013,52,2013,170,COL,Colombia,X,Export,0,W00,World,0,W00,World,H4,HS,TRUE,0201,Meat of bovine animals; fresh or chilled,4,FALSE,C00,TOTAL CPC,0,0,TOTAL MOT,8,kg,8204987,FALSE,-1,N/A,,FALSE,8204987,FALSE,,FALSE,,35773167,35773167,0,TRUE,FALSE,HS_0201
C,A,20130101,2013,52,2013,222,SLV,El Salvador,X,Export,0,W00,World,0,W00,World,H4,HS,TRUE,0201,Meat of bovine animals; fresh or chilled,4,FALSE,C00,TOTAL CPC,0 ,0,TOTAL MOT,8,kg,754.73,FALSE,8,kg,754.73,FALSE,754.73,FALSE,,FALSE,,9112.92,9112.92,0,FALSE,TRUE,HS_0201
C,A,20130101,2013,52,2013,348,HUN,Hungary,X,Export,0,W00,World,0,W00,World,H4,HS,TRUE,0201,Meat of bovine animals; fresh or chilled,4,FALSE,C00,TOTAL CPC,0,0,TOTAL MOT,8,kg,13014424,FALSE,-1,N/A,,FALSE,13014424,FALSE,,FALSE,,46500873,46500873,0,TRUE,FALSE,HS_0201
C,A,20130101,2013,52,2013,360,IDN,Indonesia,X,Export,0,W00,World,0,W00,World,H4,HS,TRUE,0201,Meat of bovine animals; fresh or chilled,4,FALSE,C00,TOTAL CPC,0,0,TOTAL MOT,8,kg,1792,FALSE,-1,N/A,,FALSE,1792,FALSE,,FALSE,,4476,4476,0,TRUE,FALSE,HS_0201
C,A,20130101,2013,52,2013,384,CIV,Côte d'Ivoire,X,Export,0,W00,World,0,W00,World,H3,HS,TRUE,0201,Meat of bovine animals; fresh or chilled,4,FALSE,C00,TOTAL CPC,0,0,TOTAL MOT,8,kg,20740,FALSE,8,kg,20740,FALSE,20740,FALSE,0,FALSE,,129294.947,129294.947,0,FALSE,TRUE,HS_0201
C,A,20130101,2013,52,2013,398,KAZ,Kazakhstan,X,Export,0,W00,World,0,W00,World,H4,HS,TRUE,0201,Meat of bovine animals; fresh or chilled,4,FALSE,C00,TOTAL CPC,0,0,TOTAL MOT,8,kg,289584,FALSE,-1,N/A,,FALSE,289584,FALSE,,FALSE,,1430799,1430799,0,TRUE,FALSE,HS_0201
C,A,20130101,2013,52,2013,484,MEX,Mexico,X,Export,0,W00,World,0,W00,World,H4,HS,TRUE,0201,Meat of bovine animals; fresh or chilled,4,FALSE,C00,TOTAL CPC,0,0,TOTAL MOT,8,kg,87288440,FALSE,-1,N/A,,FALSE,87288440,FALSE,,FALSE,,523238660,523238660,0,TRUE,FALSE,HS_0201
C,A,20130101,2013,52,2013,566,NGA,Nigeria,X,Export,0,W00,World,0,W00,World,H3,HS,TRUE,0201,Meat of bovine animals; fresh or chilled,4,FALSE,C00,TOTAL CPC,0,0,TOTAL MOT,8,kg,25600,FALSE,-1,N/A,,FALSE,25600,FALSE,,FALSE,,51838,51838,0,TRUE,FALSE,HS_0201
C,A,20130101,2013,52,2013,586,PAK,Pakistan,X,Export,0,W00,World,0,W00,World,H4,HS,TRUE,0201,Meat of bovine animals; fresh or chilled,4,FALSE,C00,TOTAL CPC,0,0,TOTAL MOT,8,kg,35317899,FALSE,-1,N/A,,FALSE,35317899,FALSE,,FALSE,,106049004,106049004,0,TRUE,FALSE,HS_0201
C,A,20130101,2013,52,2013,591,PAN,Panama,X,Export,0,W00,World,0,W00,World,H4,HS,TRUE,0201,Meat of bovine animals; fresh or chilled,4,FALSE,C00,TOTAL CPC,0,0,TOTAL MOT,8,kg,440666,FALSE,8,kg,440666,FALSE,440666,FALSE,458453,FALSE,0,1913587,1913587,0,FALSE,TRUE,HS_0201
C,A,20130101,2013,52,2013,604,PER,Peru,X,Export,0,W00,World,0,W00,World,H4,HS,TRUE,0201,Meat of bovine animals; fresh or chilled,4,FALSE,C00,TOTAL CPC,0,0,TOTAL MOT,8,kg,31616.64,FALSE,8,kg,31616.64,FALSE,31616.64,FALSE,0,FALSE,,147850.73,147850.73,0,FALSE,TRUE,HS_0201
C,A,20130101,2013,52,2013,616,POL,Poland,X,Export,0,W00,World,0,W00,World,H4,HS,TRUE,0201,Meat of bovine animals; fresh or chilled,4,FALSE,C00,TOTAL CPC,0,0,TOTAL MOT,8,kg,230683068,FALSE,-1,N/A,,FALSE,230683068,FALSE,,FALSE,,996286004,996286004,0,TRUE,FALSE,HS_0201
C,A,20130101,2013,52,2013,634,QAT,Qatar,X,Export,0,W00,World,0,W00,World,H4,HS,TRUE,0201,Meat of bovine animals; fresh or chilled,4,FALSE,C00,TOTAL CPC,0,0,TOTAL MOT,-1,N/A,0,FALSE,-1,N/A,0,FALSE,0,FALSE,0,FALSE,,25744.579,25744.579,0,FALSE,TRUE,HS_0201
C,A,20130101,2013,52,2013,642,ROU,Romania,X,Export,0,W00,World,0,W00,World,H4,HS,TRUE,0201,Meat of bovine animals; fresh or chilled,4,FALSE,C00,TOTAL CPC,0,0,TOTAL MOT,8,kg,2855869,FALSE,-1,N/A,,FALSE,2855869,FALSE,,FALSE,,14716896,14716896,0,TRUE,FALSE,HS_0201
C,A,20130101,2013,52,2013,682,SAU,Saudi Arabia,X,Export,0,W00,World,0,W00,World,H4,HS,TRUE,0201,Meat of bovine animals; fresh or chilled,4,FALSE,C00,TOTAL CPC,0,0,TOTAL MOT,8,kg,36000,FALSE,-1,N/A,,FALSE,36000,FALSE,,FALSE,,156534,156534,0,TRUE,FALSE,HS_0201
C,A,20130101,2013,52,2013,704,VNM,Viet Nam,X,Export,0,W00,World,0,W00,World,H4,HS,TRUE,0201,Meat of bovine animals; fresh or chilled,4,FALSE,C00,TOTAL CPC,0,0,TOTAL MOT,8,kg,4254,TRUE,-1,N/A,,FALSE,4254,TRUE,,FALSE,,33367,33367,6,TRUE,FALSE,HS_0201
C,A,20130101,2013,52,2013,710,ZAF,South Africa,X,Export,0,W00,World,0,W00,World,H4,HS,TRUE,0201,Meat of bovine animals; fresh or chilled,4,FALSE,C00,TOTAL CPC,0,0,TOTAL MOT,8,kg,10777399.48,FALSE,8,kg,10777399.48,FALSE,10777399.48,FALSE,0,FALSE,,36667547.799,36667547.799,0,FALSE,TRUE,HS_0201
C,A,20130101,2013,52,2013,784,ARE,United Arab Emirates,X,Export,0,W00,World,0,W00,World,H4,HS,TRUE,0201,Meat of bovine animals; fresh or chilled,4,FALSE,C00,TOTAL CPC,0 ,0,TOTAL MOT,8,kg,809774.02,FALSE,8,kg,809774.02,FALSE,809774.02,FALSE,,FALSE,,7179682.964,7179682.964,0,FALSE,TRUE,HS_0201
C,A,20130101,2013,52,2013,792,TUR,Türkiye,X,Export,0,W00,World,0,W00,World,H4,HS,TRUE,0201,Meat of bovine animals; fresh or chilled,4,FALSE,C00,TOTAL CPC,0,0,TOTAL MOT,8,kg,12860,FALSE,8,kg,12860,FALSE,12860,FALSE,0,FALSE,0,155200,155200,0,FALSE,TRUE,HS_0201
C,A,20130101,2013,52,2013,818,EGY,Egypt,X,Export,0,W00,World,0,W00,World,H3,HS,TRUE,0201,Meat of bovine animals; fresh or chilled,4,FALSE,C00,TOTAL CPC,0,0,TOTAL MOT,8,kg,1485619,FALSE,-1,N/A,,FALSE,1485619,FALSE,,FALSE,,753019,753019,0,TRUE,FALSE,HS_0201
C,A,20130101,2013,52,2013,858,URY,Uruguay,X,Export,0,W00,World,0,W00,World,H4,HS,TRUE,0201,Meat of bovine animals; fresh or chilled,4,FALSE,C00,TOTAL CPC,0,0,TOTAL MOT,8,kg,40222471,FALSE,-1,N/A,,FALSE,40222471,FALSE,,FALSE,,360961124,360961124,0,TRUE,FALSE,HS_0201
C,A,20130101,2013,52,2013,894,ZMB,Zambia,X,Export,0,W00,World,0,W00,World,H4,HS,TRUE,0201,Meat of bovine animals; fresh or chilled,4,FALSE,C00,TOTAL CPC,0,0,TOTAL MOT,8,kg,7066.724,TRUE,-1,N/A,0,FALSE,7066.724,TRUE,0,FALSE,,34668.756,34668.756,6,FALSE,TRUE,HS_0201
C,A,20130101,2013,52,2013,32,ARG,Argentina,X,Export,0,W00,World,0,W00,World,H4,HS,TRUE,0202,Meat of bovine animals; frozen,4,FALSE,C00,TOTAL CPC,0,0,TOTAL MOT,8,kg,63412148,FALSE,-1,N/A,,FALSE,63412148,FALSE,,FALSE,,336807108,336807108,0,TRUE,FALSE,HS_0202
C,A,20130101,2013,52,2013,48,BHR,Bahrain,X,Export,0,W00,World,0,W00,World,H4,HS,TRUE,0202,Meat of bovine animals; frozen,4,FALSE,C00,TOTAL CPC,0,0,TOTAL MOT,8,kg,102621,FALSE,-1,N/A,,FALSE,102621,FALSE,,FALSE,,405017,405017,0,TRUE,FALSE,HS_0202
C,A,20130101,2013,52,2013,76,BRA,Brazil,X,Export,0,W00,World,0,W00,World,H4,HS,TRUE,0202,Meat of bovine animals; frozen,4,FALSE,C00,TOTAL CPC,0,0,TOTAL MOT,8,kg,1039252773,FALSE,8,kg,1039252773,FALSE,1039252773,FALSE,0,FALSE,,4496980959,4496980959,0,FALSE,TRUE,HS_0202
C,A,20130101,2013,52,2013,144,LKA,Sri Lanka,X,Export,0,W00,World,0,W00,World,H4,HS,TRUE,0202,Meat of bovine animals; frozen,4,FALSE,C00,TOTAL CPC,0,0,TOTAL MOT,8,kg,165722,TRUE,-1,N/A,,FALSE,165722,TRUE,,FALSE,,690577,690577,6,TRUE,FALSE,HS_0202
C,A,20130101,2013,52,2013,152,CHL,Chile,X,Export,0,W00,World,0,W00,World,H4,HS,TRUE,0202,Meat of bovine animals; frozen,4,FALSE,C00,TOTAL CPC,0,0,TOTAL MOT,-1,N/A,0,TRUE,-1,N/A,0,FALSE,0,TRUE,0,FALSE,0,5712496.211,5712496.211,6,FALSE,TRUE,HS_0202
C,A,20130101,2013,52,2013,170,COL,Colombia,X,Export,0,W00,World,0,W00,World,H4,HS,TRUE,0202,Meat of bovine animals; frozen,4,FALSE,C00,TOTAL CPC,0,0,TOTAL MOT,8,kg,24813881,FALSE,-1,N/A,,FALSE,24813881,FALSE,,FALSE,,167555823,167555823,0,TRUE,FALSE,HS_0202
C,A,20130101,2013,52,2013,222,SLV,El Salvador,X,Export,0,W00,World,0,W00,World,H4,HS,TRUE,0202,Meat of bovine animals; frozen,4,FALSE,C00,TOTAL CPC,0 ,0,TOTAL MOT,8,kg,389.79,FALSE,8,kg,389.79,FALSE,389.79,FALSE,,FALSE,,4196.34,4196.34,0,FALSE,TRUE,HS_0202
C,A,20130101,2013,52,2013,348,HUN,Hungary,X,Export,0,W00,World,0,W00,World,H4,HS,TRUE,0202,Meat of bovine animals; frozen,4,FALSE,C00,TOTAL CPC,0,0,TOTAL MOT,8,kg,1761953,FALSE,-1,N/A,,FALSE,1761953,FALSE,,FALSE,,7786263,7786263,0,TRUE,FALSE,HS_0202
C,A,20130101,2013,52,2013,384,CIV,Côte d'Ivoire,X,Export,0,W00,World,0,W00,World,H3,HS,TRUE,0202,Meat of bovine animals; frozen,4,FALSE,C00,TOTAL CPC,0,0,TOTAL MOT,8,kg,9648,FALSE,8,kg,9648,FALSE,9648,FALSE,0,FALSE,,45068.886,45068.886,0,FALSE,TRUE,HS_0202
C,A,20130101,2013,52,2013,398,KAZ,Kazakhstan,X,Export,0,W00,World,0,W00,World,H4,HS,TRUE,0202,Meat of bovine animals; frozen,4,FALSE,C00,TOTAL CPC,0,0,TOTAL MOT,8,kg,49,FALSE,-1,N/A,,FALSE,49,FALSE,,FALSE,,992,992,0,TRUE,FALSE,HS_0202
C,A,20130101,2013,52,2013,484,MEX,Mexico,X,Export,0,W00,World,0,W00,World,H4,HS,TRUE,0202,Meat of bovine animals; frozen,4,FALSE,C00,TOTAL CPC,0,0,TOTAL MOT,8,kg,29909898,FALSE,-1,N/A,,FALSE,29909898,FALSE,,FALSE,,125512277,125512277,0,TRUE,FALSE,HS_0202
C,A,20130101,2013,52,2013,586,PAK,Pakistan,X,Export,0,W00,World,0,W00,World,H4,HS,TRUE,0202,Meat of bovine animals; frozen,4,FALSE,C00,TOTAL CPC,0,0,TOTAL MOT,8,kg,4082183,FALSE,-1,N/A,,FALSE,4082183,FALSE,,FALSE,,13392538,13392538,0,TRUE,FALSE,HS_0202
C,A,20130101,2013,52,2013,591,PAN,Panama,X,Export,0,W00,World,0,W00,World,H4,HS,TRUE,0202,Meat of bovine animals; frozen,4,FALSE,C00,TOTAL CPC,0,0,TOTAL MOT,8,kg,5582514.802,TRUE,-1,N/A,0,FALSE,5582514.802,TRUE,5793385,FALSE,0,23474310,23474310,6,FALSE,TRUE,HS_0202
C,A,20130101,2013,52,2013,604,PER,Peru,X,Export,0,W00,World,0,W00,World,H4,HS,TRUE,0202,Meat of bovine animals; frozen,4,FALSE,C00,TOTAL CPC,0,0,TOTAL MOT,8,kg,31542,FALSE,8,kg,31542,FALSE,31542,FALSE,0,FALSE,,90878.72,90878.72,0,FALSE,TRUE,HS_0202
C,A,20130101,2013,52,2013,608,PHL,Philippines,X,Export,0,W00,World,0,W00,World,H2,HS,TRUE,0202,Meat of bovine animals; frozen,4,FALSE,C00,TOTAL CPC,0,0,TOTAL MOT,8,kg,74858,FALSE,-1,N/A,,FALSE,74858,FALSE,,FALSE,,90859,90859,0,TRUE,FALSE,HS_0202
C,A,20130101,2013,52,2013,616,POL,Poland,X,Export,0,W00,World,0,W00,World,H4,HS,TRUE,0202,Meat of bovine animals; frozen,4,FALSE,C00,TOTAL CPC,0,0,TOTAL MOT,8,kg,57442814,FALSE,-1,N/A,,FALSE,57442814,FALSE,,FALSE,,258513584,258513584,0,TRUE,FALSE,HS_0202
C,A,20130101,2013,52,2013,634,QAT,Qatar,X,Export,0,W00,World,0,W00,World,H4,HS,TRUE,0202,Meat of bovine animals; frozen,4,FALSE,C00,TOTAL CPC,0,0,TOTAL MOT,-1,N/A,0,FALSE,-1,N/A,0,FALSE,0,FALSE,0,FALSE,,763079.825,763079.825,0,FALSE,TRUE,HS_0202
C,A,20130101,2013,52,2013,642,ROU,Romania,X,Export,0,W00,World,0,W00,World,H4,HS,TRUE,0202,Meat of bovine animals; frozen,4,FALSE,C00,TOTAL CPC,0,0,TOTAL MOT,8,kg,1386600,FALSE,-1,N/A,,FALSE,1386600,FALSE,,FALSE,,6801748,6801748,0,TRUE,FALSE,HS_0202
C,A,20130101,2013,52,2013,682,SAU,Saudi Arabia,X,Export,0,W00,World,0,W00,World,H4,HS,TRUE,0202,Meat of bovine animals; frozen,4,FALSE,C00,TOTAL CPC,0,0,TOTAL MOT,8,kg,3440000,FALSE,-1,N/A,,FALSE,3440000,FALSE,,FALSE,,7998677,7998677,0,TRUE,FALSE,HS_0202
C,A,20130101,2013,52,2013,686,SEN,Senegal,X,Export,0,W00,World,0,W00,World,H3,HS,TRUE,0202,Meat of bovine animals; frozen,4,FALSE,C00,TOTAL CPC,0,0,TOTAL MOT,8,kg,90578,FALSE,-1,N/A,,FALSE,90578,FALSE,,FALSE,,491287,491287,0,TRUE,FALSE,HS_0202
C,A,20130101,2013,52,2013,704,VNM,Viet Nam,X,Export,0,W00,World,0,W00,World,H4,HS,TRUE,0202,Meat of bovine animals; frozen,4,FALSE,C00,TOTAL CPC,0,0,TOTAL MOT,8,kg,6931,TRUE,-1,N/A,,FALSE,6931,TRUE,,FALSE,,33269,33269,6,TRUE,FALSE,HS_0202
C,A,20130101,2013,52,2013,710,ZAF,South Africa,X,Export,0,W00,World,0,W00,World,H4,HS,TRUE,0202,Meat of bovine animals; frozen,4,FALSE,C00,TOTAL CPC,0,0,TOTAL MOT,8,kg,5247583.44,TRUE,-1,N/A,0,FALSE,5247583.44,TRUE,0,FALSE,,24680284.618,24680284.618,6,FALSE,TRUE,HS_0202
C,A,20130101,2013,52,2013,784,ARE,United Arab Emirates,X,Export,0,W00,World,0,W00,World,H4,HS,TRUE,0202,Meat of bovine animals; frozen,4,FALSE,C00,TOTAL CPC,0 ,0,TOTAL MOT,8,kg,3081721.54,FALSE,8,kg,3081721.54,FALSE,3081721.54,FALSE,,FALSE,,12114877.547,12114877.547,0,FALSE,TRUE,HS_0202
C,A,20130101,2013,52,2013,792,TUR,Türkiye,X,Export,0,W00,World,0,W00,World,H4,HS,TRUE,0202,Meat of bovine animals; frozen,4,FALSE,C00,TOTAL CPC,0,0,TOTAL MOT,8,kg,951038,FALSE,8,kg,951038,FALSE,951038,FALSE,0,FALSE,0,7388849,7388849,0,FALSE,TRUE,HS_0202
C,A,20130101,2013,52,2013,818,EGY,Egypt,X,Export,0,W00,World,0,W00,World,H3,HS,TRUE,0202,Meat of bovine animals; frozen,4,FALSE,C00,TOTAL CPC,0,0,TOTAL MOT,8,kg,226766,FALSE,-1,N/A,,FALSE,226766,FALSE,,FALSE,,138959,138959,0,TRUE,FALSE,HS_0202
C,A,20130101,2013,52,2013,858,URY,Uruguay,X,Export,0,W00,World,0,W00,World,H4,HS,TRUE,0202,Meat of bovine animals; frozen,4,FALSE,C00,TOTAL CPC,0,0,TOTAL MOT,8,kg,196610456,FALSE,-1,N/A,,FALSE,196610456,FALSE,,FALSE,,939713422,939713422,0,TRUE,FALSE,HS_0202
C,A,20130101,2013,52,2013,894,ZMB,Zambia,X,Export,0,W00,World,0,W00,World,H4,HS,TRUE,0202,Meat of bovine animals; frozen,4,FALSE,C00,TOTAL CPC,0,0,TOTAL MOT,8,kg,92907.811,TRUE,-1,N/A,0,FALSE,92907.811,TRUE,0,FALSE,,417069.06,417069.06,6,FALSE,TRUE,HS_0202
