type_code,freq_code,ref_period_id,ref_year,ref_month,period,reporter_code,reporter_iso,reporter_desc,flow_code,flow_desc,partner_code,partner_iso,partner_desc,partner2code,partner2iso,partner2desc,classification_code,classification_search_code,is_original_classification,cmd_code,cmd_desc,aggr_level,is_leaf,customs_code,customs_desc,mos_code,mot_code,mot_desc,qty_unit_code,qty_unit_abbr,qty,is_qty_estimated,alt_qty_unit_code,alt_qty_unit_abbr,alt_qty,is_alt_qty_estimated,net_wgt,is_net_wgt_estimated,gross_wgt,is_gross_wgt_estimated,cifvalue,fobvalue,primary_value,legacy_estimation_flag,is_reported,is_aggregate,query_type
C,A,20010101,2001,52,2001,32,ARG,Argentina,X,Export,0,W00,World,0,W00,World,H1,HS,TRUE,2709,Petroleum oils and oils obtained from bituminous minerals; crude,4,FALSE,C00,TOTAL CPC,0,0,TOTAL MOT,8,kg,15066209404,FALSE,-1,N/A,,FALSE,15066209404,FALSE,,FALSE,,2394117965,2394117965,0,FALSE,FALSE,HS_2709
C,A,20010101,2001,52,2001,76,BRA,Brazil,X,Export,0,W00,World,0,W00,World,H1,HS,TRUE,2709,Petroleum oils and oils obtained from bituminous minerals; crude,4,FALSE,C00,TOTAL CPC,0,0,TOTAL MOT,8,kg,5721472676,FALSE,12,m³,6141048,FALSE,5721472676,FALSE,0,FALSE,,720871546,720871546,0,FALSE,TRUE,HS_2709
C,A,20010101,2001,52,2001,152,CHL,Chile,X,Export,0,W00,World,0,W00,World,H1,HS,TRUE,2709,Petroleum oils and oils obtained from bituminous minerals; crude,4,FALSE,C00,TOTAL CPC,0,0,TOTAL MOT,-1,N/A,,FALSE,-1,N/A,,FALSE,,FALSE,,FALSE,,1391168,1391168,0,FALSE,FALSE,HS_2709
C,A,20010101,2001,52,2001,170,COL,Colombia,X,Export,0,W00,World,0,W00,World,H1,HS,TRUE,2709,Petroleum oils and oils obtained from bituminous minerals; crude,4,FALSE,C00,TOTAL CPC,0,0,TOTAL MOT,8,kg,15945431188,FALSE,-1,N/A,,FALSE,15945431188,FALSE,,FALSE,,2590536002,2590536002,0,FALSE,FALSE,HS_2709
C,A,20010101,2001,52,2001,218,ECU,Ecuador,X,Export,0,W00,World,0,W00,World,H1,HS,TRUE,2709,Petroleum oils and oils obtained from bituminous minerals; crude,4,FALSE,C00,TOTAL CPC,0,0,TOTAL MOT,8,kg,12574475110,FALSE,-1,N/A,,FALSE,12574475110,FALSE,,FALSE,,1722331501,1722331501,0,FALSE,FALSE,HS_2709
C,A,20010101,2001,52,2001,360,IDN,Indonesia,X,Export,0,W00,World,0,W00,World,H1,HS,TRUE,2709,Petroleum oils and oils obtained from bituminous minerals; crude,4,FALSE,C00,TOTAL CPC,0,0,TOTAL MOT,8,kg,32857029172,FALSE,-1,N/A,,FALSE,32857029172,FALSE,,FALSE,,5714697619,5714697619,0,FALSE,FALSE,HS_2709
C,A,20010101,2001,52,2001,384,CIV,Côte d'Ivoire,X,Export,0,W00,World,0,W00,World,H1,HS,TRUE,2709,Petroleum oils and oils obtained from bituminous minerals; crude,4,FALSE,C00,TOTAL CPC,0,0,TOTAL MOT,8,kg,291207246,FALSE,-1,N/A,,FALSE,291207246,FALSE,,FALSE,,55262749,55262749,0,FALSE,FALSE,HS_2709
C,A,20010101,2001,52,2001,398,KAZ,Kazakhstan,X,Export,0,W00,World,0,W00,World,H1,HS,TRUE,2709,Petroleum oils and oils obtained from bituminous minerals; crude,4,FALSE,C00,TOTAL CPC,0,0,TOTAL MOT,8,kg,32378025644,TRUE,-1,N/A,,FALSE,32378025644,TRUE,,FALSE,,4254746000,4254746000,6,FALSE,FALSE,HS_2709
C,A,20010101,2001,52,2001,484,MEX,Mexico,X,Export,0,W00,World,0,W00,World,H1,HS,TRUE,2709,Petroleum oils and oils obtained from bituminous minerals; crude,4,FALSE,C00,TOTAL CPC,0,0,TOTAL MOT,8,kg,85345966477,TRUE,-1,N/A,,FALSE,85345966477,TRUE,,FALSE,,11590840727,11590840727,6,FALSE,FALSE,HS_2709
C,A,20010101,2001,52,2001,566,NGA,Nigeria,X,Export,0,W00,World,0,W00,World,H1,HS,TRUE,2709,Petroleum oils and oils obtained from bituminous minerals; crude,4,FALSE,C00,TOTAL CPC,0,0,TOTAL MOT,8,kg,99325712,FALSE,-1,N/A,,FALSE,99325712,FALSE,,FALSE,,17732469241,17732469241,0,FALSE,FALSE,HS_2709
C,A,20010101,2001,52,2001,604,PER,Peru,X,Export,0,W00,World,0,W00,World,H1,HS,TRUE,2709,Petroleum oils and oils obtained from bituminous minerals; crude,4,FALSE,C00,TOTAL CPC,0,0,TOTAL MOT,8,kg,908813957,FALSE,-1,N/A,,FALSE,908813957,FALSE,,FALSE,,117666799,117666799,0,FALSE,FALSE,HS_2709
C,A,20010101,2001,52,2001,608,PHL,Philippines,X,Export,0,W00,World,0,W00,World,H1,HS,TRUE,2709,Petroleum oils and oils obtained from bituminous minerals; crude,4,FALSE,C00,TOTAL CPC,0,0,TOTAL MOT,8,kg,40,FALSE,-1,N/A,,FALSE,40,FALSE,,FALSE,,400,400,0,FALSE,FALSE,HS_2709
C,A,20010101,2001,52,2001,616,POL,Poland,X,Export,0,W00,World,0,W00,World,H1,HS,TRUE,2709,Petroleum oils and oils obtained from bituminous minerals; crude,4,FALSE,C00,TOTAL CPC,0,0,TOTAL MOT,8,kg,439624883,FALSE,-1,N/A,,FALSE,439624883,FALSE,,FALSE,,70327000,70327000,0,FALSE,FALSE,HS_2709
C,A,20010101,2001,52,2001,634,QAT,Qatar,X,Export,0,W00,World,0,W00,World,H1,HS,TRUE,2709,Petroleum oils and oils obtained from bituminous minerals; crude,4,FALSE,C00,TOTAL CPC,0,0,TOTAL MOT,-1,N/A,0,FALSE,-1,N/A,,FALSE,,FALSE,,FALSE,,5610466816,5610466816,0,FALSE,FALSE,HS_2709
C,A,20010101,2001,52,2001,682,SAU,Saudi Arabia,X,Export,0,W00,World,0,W00,World,H1,HS,TRUE,2709,Petroleum oils and oils obtained from bituminous minerals; crude,4,FALSE,C00,TOTAL CPC,0,0,TOTAL MOT,8,kg,317113705000,FALSE,-1,N/A,,FALSE,317113705000,FALSE,,FALSE,,50815175786,50815175786,0,FALSE,FALSE,HS_2709
C,A,20010101,2001,52,2001,686,SEN,Senegal,X,Export,0,W00,World,0,W00,World,H1,HS,TRUE,2709,Petroleum oils and oils obtained from bituminous minerals; crude,4,FALSE,C00,TOTAL CPC,0,0,TOTAL MOT,8,kg,76047595,FALSE,-1,N/A,,FALSE,76047595,FALSE,,FALSE,,16447338,16447338,0,FALSE,FALSE,HS_2709
C,A,20010101,2001,52,2001,704,VNM,Viet Nam,X,Export,0,W00,World,0,W00,World,H1,HS,TRUE,2709,Petroleum oils and oils obtained from bituminous minerals; crude,4,FALSE,C00,TOTAL CPC,0,0,TOTAL MOT,-1,N/A,,FALSE,-1,N/A,,FALSE,,FALSE,,FALSE,,3125602449,3125602449,0,FALSE,FALSE,HS_2709
C,A,20010101,2001,52,2001,710,ZAF,South Africa,X,Export,0,W00,World,0,W00,World,H1,HS,TRUE,2709,Petroleum oils and oils obtained from bituminous minerals; crude,4,FALSE,C00,TOTAL CPC,0,0,TOTAL MOT,8,kg,254143377,FALSE,-1,N/A,,FALSE,254143377,FALSE,,FALSE,,47727773,47727773,0,FALSE,FALSE,HS_2709
C,A,20010101,2001,52,2001,784,ARE,United Arab Emirates,X,Export,0,W00,World,0,W00,World,H1,HS,TRUE,2709,Petroleum oils and oils obtained from bituminous minerals; crude,4,FALSE,C00,TOTAL CPC,0,0,TOTAL MOT,-1,N/A,,FALSE,-1,N/A,,FALSE,,FALSE,,FALSE,,16607162575,16607162575,0,FALSE,FALSE,HS_2709
C,A,20010101,2001,52,2001,792,TUR,Türkiye,X,Export,0,W00,World,0,W00,World,H1,HS,TRUE,2709,Petroleum oils and oils obtained from bituminous minerals; crude,4,FALSE,C00,TOTAL CPC,0,0,TOTAL MOT,8,kg,22580825,FALSE,8,kg,22580825,FALSE,22580825,FALSE,0,FALSE,0,2928444,2928444,0,FALSE,TRUE,HS_2709
C,A,20010101,2001,52,2001,818,EGY,Egypt,X,Export,0,W00,World,0,W00,World,H0,HS,TRUE,2709,Petroleum oils and oils obtained from bituminous minerals; crude,4,FALSE,C00,TOTAL CPC,0,0,TOTAL MOT,8,kg,1767165491.118,TRUE,-1,N/A,0,FALSE,1767165491.118,TRUE,0,FALSE,0,297269915.712,297269915.712,6,FALSE,TRUE,HS_2709
C,A,20010101,2001,52,2001,894,ZMB,Zambia,X,Export,0,W00,World,0,W00,World,H1,HS,TRUE,2709,Petroleum oils and oils obtained from bituminous minerals; crude,4,FALSE,C00,TOTAL CPC,0,0,TOTAL MOT,8,kg,344000,FALSE,8,kg,344000,FALSE,344000,FALSE,0,FALSE,0,116228,116228,0,FALSE,TRUE,HS_2709
C,A,20010101,2001,52,2001,32,ARG,Argentina,X,Export,0,W00,World,0,W00,World,H1,HS,TRUE,2710,"Petroleum oils, oils from bituminous minerals, not crude; preparations n.e.s. containing less than 70% petroleum oils, oils from bituminous minerals; these being the basic constituents of the preparations",4,FALSE,C00,TOTAL CPC,0,0,TOTAL MOT,8,kg,5905108128,TRUE,-1,N/A,,FALSE,5905108128,TRUE,,FALSE,,1273464257,1273464257,6,FALSE,FALSE,HS_2710
C,A,20010101,2001,52,2001,48,BHR,Bahrain,X,Export,0,W00,World,0,W00,World,H0,HS,TRUE,2710,"Petroleum oils, oils from bituminous minerals, not crude; preparations n.e.s. containing less than 70% petroleum oils, oils from bituminous minerals; these being the basic constituents of the preparations",4,FALSE,C00,TOTAL CPC,0,0,TOTAL MOT,8,kg,15072363284,TRUE,-1,N/A,,FALSE,15072363284,TRUE,,FALSE,,3681260121,3681260121,6,TRUE,FALSE,HS_2710
C,A,20010101,2001,52,2001,76,BRA,Brazil,X,Export,0,W00,World,0,W00,World,H1,HS,TRUE,2710,"Petroleum oils, oils from bituminous minerals, not crude; preparations n.e.s. containing less than 70% petroleum oils, oils from bituminous minerals; these being the basic constituents of the preparations",4,FALSE,C00,TOTAL CPC,0,0,TOTAL MOT,8,kg,8498663589.369,TRUE,-1,N/A,0,FALSE,8493751106.369,TRUE,0,FALSE,,1332498971,1332498971,6,FALSE,TRUE,HS_2710
C,A,20010101,2001,52,2001,144,LKA,Sri Lanka,X,Export,0,W00,World,0,W00,World,H1,HS,TRUE,2710,"Petroleum oils, oils from bituminous minerals, not crude; preparations n.e.s. containing less than 70% petroleum oils, oils from bituminous minerals; these being the basic constituents of the preparations",4,FALSE,C00,TOTAL CPC,0,0,TOTAL MOT,8,kg,390582,FALSE,-1,N/A,,FALSE,390582,FALSE,,FALSE,,519537,519537,0,FALSE,FALSE,HS_2710
C,A,20010101,2001,52,2001,152,CHL,Chile,X,Export,0,W00,World,0,W00,World,H1,HS,TRUE,2710,"Petroleum oils, oils from bituminous minerals, not crude; preparations n.e.s. containing less than 70% petroleum oils, oils from bituminous minerals; these being the basic constituents of the preparations",4,FALSE,C00,TOTAL CPC,0,0,TOTAL MOT,8,kg,1006390699,TRUE,-1,N/A,,FALSE,1006390699,TRUE,,FALSE,,245803891,245803891,6,FALSE,FALSE,HS_2710
C,A,20010101,2001,52,2001,170,COL,Colombia,X,Export,0,W00,World,0,W00,World,H1,HS,TRUE,2710,"Petroleum oils, oils from bituminous minerals, not crude; preparations n.e.s. containing less than 70% petroleum oils, oils from bituminous minerals; these being the basic constituents of the preparations",4,FALSE,C00,TOTAL CPC,0,0,TOTAL MOT,8,kg,4299347688,FALSE,-1,N/A,,FALSE,4299347688,FALSE,,FALSE,,672869002,672869002,0,FALSE,FALSE,HS_2710
C,A,20010101,2001,52,2001,218,ECU,Ecuador,X,Export,0,W00,World,0,W00,World,H1,HS,TRUE,2710,"Petroleum oils, oils from bituminous minerals, not crude; preparations n.e.s. containing less than 70% petroleum oils, oils from bituminous minerals; these being the basic constituents of the preparations",4,FALSE,C00,TOTAL CPC,0,0,TOTAL MOT,8,kg,1850649470,FALSE,-1,N/A,,FALSE,1850649470,FALSE,,FALSE,,134593667,134593667,0,FALSE,FALSE,HS_2710
C,A,20010101,2001,52,2001,348,HUN,Hungary,X,Export,0,W00,World,0,W00,World,H1,HS,TRUE,2710,"Petroleum oils, oils from bituminous minerals, not crude; preparations n.e.s. containing less than 70% petroleum oils, oils from bituminous minerals; these being the basic constituents of the preparations",4,FALSE,C00,TOTAL CPC,0,0,TOTAL MOT,8,kg,1830487400,FALSE,-1,N/A,,FALSE,1830487400,FALSE,,FALSE,,432734000,432734000,0,FALSE,FALSE,HS_2710
C,A,20010101,2001,52,2001,360,IDN,Indonesia,X,Export,0,W00,World,0,W00,World,H1,HS,TRUE,2710,"Petroleum oils, oils from bituminous minerals, not crude; preparations n.e.s. containing less than 70% petroleum oils, oils from bituminous minerals; these being the basic constituents of the preparations",4,FALSE,C00,TOTAL CPC,0,0,TOTAL MOT,8,kg,6591711552,FALSE,-1,N/A,,FALSE,6591711552,FALSE,,FALSE,,1162967320,1162967320,0,FALSE,FALSE,HS_2710
C,A,20010101,2001,52,2001,384,CIV,Côte d'Ivoire,X,Export,0,W00,World,0,W00,World,H1,HS,TRUE,2710,"Petroleum oils, oils from bituminous minerals, not crude; preparations n.e.s. containing less than 70% petroleum oils, oils from bituminous minerals; these being the basic constituents of the preparations",4,FALSE,C00,TOTAL CPC,0,0,TOTAL MOT,8,kg,2030499949,FALSE,-1,N/A,,FALSE,2030499949,FALSE,,FALSE,,463375810,463375810,0,FALSE,FALSE,HS_2710
C,A,20010101,2001,52,2001,398,KAZ,Kazakhstan,X,Export,0,W00,World,0,W00,World,H1,HS,TRUE,2710,"Petroleum oils, oils from bituminous minerals, not crude; preparations n.e.s. containing less than 70% petroleum oils, oils from bituminous minerals; these being the basic constituents of the preparations",4,FALSE,C00,TOTAL CPC,0,0,TOTAL MOT,8,kg,1466667202,TRUE,-1,N/A,,FALSE,1466667202,TRUE,,FALSE,,129920100,129920100,6,FALSE,FALSE,HS_2710
C,A,20010101,2001,52,2001,484,MEX,Mexico,X,Export,0,W00,World,0,W00,World,H1,HS,TRUE,2710,"Petroleum oils, oils from bituminous minerals, not crude; preparations n.e.s. containing less than 70% petroleum oils, oils from bituminous minerals; these being the basic constituents of the preparations",4,FALSE,C00,TOTAL CPC,0,0,TOTAL MOT,8,kg,4084031502,TRUE,-1,N/A,,FALSE,4084031502,TRUE,,FALSE,,856540657,856540657,6,FALSE,FALSE,HS_2710
C,A,20010101,2001,52,2001,504,MAR,Morocco,X,Export,0,W00,World,0,W00,World,H1,HS,TRUE,2710,"Petroleum oils, oils from bituminous minerals, not crude; preparations n.e.s. containing less than 70% petroleum oils, oils from bituminous minerals; these being the basic constituents of the preparations",4,FALSE,C00,TOTAL CPC,0,0,TOTAL MOT,8,kg,1898876045.042,TRUE,-1,N/A,0,FALSE,1898876045.042,TRUE,0,FALSE,0,301523921.813,301523921.813,6,FALSE,TRUE,HS_2710
C,A,20010101,2001,52,2001,566,NGA,Nigeria,X,Export,0,W00,World,0,W00,World,H1,HS,TRUE,2710,"Petroleum oils, oils from bituminous minerals, not crude; preparations n.e.s. containing less than 70% petroleum oils, oils from bituminous minerals; these being the basic constituents of the preparations",4,FALSE,C00,TOTAL CPC,0,0,TOTAL MOT,8,kg,10377531,FALSE,-1,N/A,,FALSE,10377531,FALSE,,FALSE,,2079886,2079886,0,FALSE,FALSE,HS_2710
C,A,20010101,2001,52,2001,591,PAN,Panama,X,Export,0,W00,World,0,W00,World,H1,HS,TRUE,2710,"Petroleum oils, oils from bituminous minerals, not crude; preparations n.e.s. containing less than 70% petroleum oils, oils from bituminous minerals; these being the basic constituents of the preparations",4,FALSE,C00,TOTAL CPC,0,0,TOTAL MOT,8,kg,432799853,FALSE,-1,N/A,,FALSE,432799853,FALSE,,FALSE,,56337971,56337971,0,FALSE,FALSE,HS_2710
C,A,20010101,2001,52,2001,604,PER,Peru,X,Export,0,W00,World,0,W00,World,H1,HS,TRUE,2710,"Petroleum oils, oils from bituminous minerals, not crude; preparations n.e.s. containing less than 70% petroleum oils, oils from bituminous minerals; these being the basic constituents of the preparations",4,FALSE,C00,TOTAL CPC,0,0,TOTAL MOT,8,kg,2088572753,TRUE,-1,N/A,,FALSE,2088572753,TRUE,,FALSE,,294026508,294026508,6,FALSE,FALSE,HS_2710
C,A,20010101,2001,52,2001,608,PHL,Philippines,X,Export,0,W00,World,0,W00,World,H1,HS,TRUE,2710,"Petroleum oils, oils from bituminous minerals, not crude; preparations n.e.s. containing less than 70% petroleum oils, oils from bituminous minerals; these being the basic constituents of the preparations",4,FALSE,C00,TOTAL CPC,0,0,TOTAL MOT,8,kg,1183272429,FALSE,-1,N/A,,FALSE,1183272429,FALSE,,FALSE,,242084096,242084096,0,FALSE,FALSE,HS_2710
C,A,20010101,2001,52,2001,616,POL,Poland,X,Export,0,W00,World,0,W00,World,H1,HS,TRUE,2710,"Petroleum oils, oils from bituminous minerals, not crude; preparations n.e.s. containing less than 70% petroleum oils, oils from bituminous minerals; these being the basic constituents of the preparations",4,FALSE,C00,TOTAL CPC,0,0,TOTAL MOT,8,kg,2519969276,FALSE,-1,N/A,,FALSE,2519969276,FALSE,,FALSE,,447217000,447217000,0,FALSE,FALSE,HS_2710
C,A,20010101,2001,52,2001,634,QAT,Qatar,X,Export,0,W00,World,0,W00,World,H1,HS,TRUE,2710,"Petroleum oils, oils from bituminous minerals, not crude; preparations n.e.s. containing less than 70% petroleum oils, oils from bituminous minerals; these being the basic constituents of the preparations",4,FALSE,C00,TOTAL CPC,0,0,TOTAL MOT,8,kg,1013911296,FALSE,-1,N/A,,FALSE,1013911296,FALSE,,FALSE,,186196000,186196000,0,FALSE,FALSE,HS_2710
C,A,20010101,2001,52,2001,642,ROU,Romania,X,Export,0,W00,World,0,W00,World,H1,HS,TRUE,2710,"Petroleum oils, oils from bituminous minerals, not crude; preparations n.e.s. containing less than 70% petroleum oils, oils from bituminous minerals; these being the basic constituents of the preparations",4,FALSE,C00,TOTAL CPC,0,0,TOTAL MOT,8,kg,2603846591.57,FALSE,-1,N/A,0,FALSE,2852020881.57,FALSE,0,FALSE,0,608337052.15,608337052.15,0,FALSE,TRUE,HS_2710
C,A,20010101,2001,52,2001,682,SAU,Saudi Arabia,X,Export,0,W00,World,0,W00,World,H1,HS,TRUE,2710,"Petroleum oils, oils from bituminous minerals, not crude; preparations n.e.s. containing less than 70% petroleum oils, oils from bituminous minerals; these being the basic constituents of the preparations",4,FALSE,C00,TOTAL CPC,0,0,TOTAL MOT,8,kg,37889444000,FALSE,-1,N/A,,FALSE,37889444000,FALSE,,FALSE,,6363109021,6363109021,0,FALSE,FALSE,HS_2710
C,A,20010101,2001,52,2001,686,SEN,Senegal,X,Export,0,W00,World,0,W00,World,H1,HS,TRUE,2710,"Petroleum oils, oils from bituminous minerals, not crude; preparations n.e.s. containing less than 70% petroleum oils, oils from bituminous minerals; these being the basic constituents of the preparations",4,FALSE,C00,TOTAL CPC,0,0,TOTAL MOT,8,kg,463988803,FALSE,-1,N/A,,FALSE,463988803,FALSE,,FALSE,,121123304,121123304,0,FALSE,FALSE,HS_2710
C,A,20010101,2001,52,2001,704,VNM,Viet Nam,X,Export,0,W00,World,0,W00,World,H1,HS,TRUE,2710,"Petroleum oils, oils from bituminous minerals, not crude; preparations n.e.s. containing less than 70% petroleum oils, oils from bituminous minerals; these being the basic constituents of the preparations",4,FALSE,C00,TOTAL CPC,0,0,TOTAL MOT,-1,N/A,,FALSE,-1,N/A,,FALSE,735468827,TRUE,,FALSE,,200949530,200949530,4,FALSE,FALSE,HS_2710
C,A,20010101,2001,52,2001,710,ZAF,South Africa,X,Export,0,W00,World,0,W00,World,H1,HS,TRUE,2710,"Petroleum oils, oils from bituminous minerals, not crude; preparations n.e.s. containing less than 70% petroleum oils, oils from bituminous minerals; these being the basic constituents of the preparations",4,FALSE,C00,TOTAL CPC,0,0,TOTAL MOT,8,kg,6766935597,FALSE,-1,N/A,,FALSE,6766935597,FALSE,,FALSE,,1089786720,1089786720,0,FALSE,FALSE,HS_2710
C,A,20010101,2001,52,2001,784,ARE,United Arab Emirates,X,Export,0,W00,World,0,W00,World,H1,HS,TRUE,2710,"Petroleum oils, oils from bituminous minerals, not crude; preparations n.e.s. containing less than 70% petroleum oils, oils from bituminous minerals; these being the basic constituents of the preparations",4,FALSE,C00,TOTAL CPC,0,0,TOTAL MOT,-1,N/A,,FALSE,-1,N/A,,FALSE,144696899,FALSE,,FALSE,,3785998382,3785998382,0,FALSE,FALSE,HS_2710
C,A,20010101,2001,52,2001,792,TUR,Türkiye,X,Export,0,W00,World,0,W00,World,H1,HS,TRUE,2710,"Petroleum oils, oils from bituminous minerals, not crude; preparations n.e.s. containing less than 70% petroleum oils, oils from bituminous minerals; these being the basic constituents of the preparations",4,FALSE,C00,TOTAL CPC,0,0,TOTAL MOT,8,kg,2263034137,FALSE,-1,N/A,0,FALSE,2263034137,FALSE,0,FALSE,0,382959435,382959435,0,FALSE,TRUE,HS_2710
C,A,20010101,2001,52,2001,818,EGY,Egypt,X,Export,0,W00,World,0,W00,World,H0,HS,TRUE,2710,"Petroleum oils, oils from bituminous minerals, not crude; preparations n.e.s. containing less than 70% petroleum oils, oils from bituminous minerals; these being the basic constituents of the preparations",4,FALSE,C00,TOTAL CPC,0,0,TOTAL MOT,8,kg,3134624939.887,TRUE,-1,N/A,0,FALSE,3134624939.887,TRUE,0,FALSE,0,1254190377.6,1254190377.6,6,FALSE,TRUE,HS_2710
C,A,20010101,2001,52,2001,858,URY,Uruguay,X,Export,0,W00,World,0,W00,World,H1,HS,TRUE,2710,"Petroleum oils, oils from bituminous minerals, not crude; preparations n.e.s. containing less than 70% petroleum oils, oils from bituminous minerals; these being the basic constituents of the preparations",4,FALSE,C00,TOTAL CPC,0,0,TOTAL MOT,8,kg,148544793,TRUE,-1,N/A,,FALSE,148544793,TRUE,,FALSE,,30577861,30577861,6,FALSE,FALSE,HS_2710
C,A,20010101,2001,52,2001,894,ZMB,Zambia,X,Export,0,W00,World,0,W00,World,H1,HS,TRUE,2710,"Petroleum oils, oils from bituminous minerals, not crude; preparations n.e.s. containing less than 70% petroleum oils, oils from bituminous minerals; these being the basic constituents of the preparations",4,FALSE,C00,TOTAL CPC,0,0,TOTAL MOT,8,kg,4249664,FALSE,8,kg,4249664,FALSE,4249664,FALSE,0,FALSE,0,2575295,2575295,0,FALSE,TRUE,HS_2710
C,A,20010101,2001,52,2001,32,ARG,Argentina,X,Export,0,W00,World,0,W00,World,H1,HS,TRUE,2711,Petroleum gases and other gaseous hydrocarbons,4,FALSE,C00,TOTAL CPC,0,0,TOTAL MOT,8,kg,4942998832,FALSE,-1,N/A,,FALSE,4942998832,FALSE,,FALSE,,621742002,621742002,0,FALSE,FALSE,HS_2711
C,A,20010101,2001,52,2001,76,BRA,Brazil,X,Export,0,W00,World,0,W00,World,H1,HS,TRUE,2711,Petroleum gases and other gaseous hydrocarbons,4,FALSE,C00,TOTAL CPC,0,0,TOTAL MOT,8,kg,4436224,FALSE,8,kg,4436224,FALSE,4435813,FALSE,0,FALSE,,653607,653607,0,FALSE,TRUE,HS_2711
C,A,20010101,2001,52,2001,144,LKA,Sri Lanka,X,Export,0,W00,World,0,W00,World,H1,HS,TRUE,2711,Petroleum gases and other gaseous hydrocarbons,4,FALSE,C00,TOTAL CPC,0,0,TOTAL MOT,8,kg,1200,FALSE,-1,N/A,,FALSE,1200,FALSE,,FALSE,,425,425,0,FALSE,FALSE,HS_2711
C,A,20010101,2001,52,2001,152,CHL,Chile,X,Export,0,W00,World,0,W00,World,H1,HS,TRUE,2711,Petroleum gases and other gaseous hydrocarbons,4,FALSE,C00,TOTAL CPC,0,0,TOTAL MOT,-1,N/A,,FALSE,-1,N/A,,FALSE,,FALSE,,FALSE,,22368763,22368763,0,FALSE,FALSE,HS_2711
C,A,20010101,2001,52,2001,170,COL,Colombia,X,Export,0,W00,World,0,W00,World,H1,HS,TRUE,2711,Petroleum gases and other gaseous hydrocarbons,4,FALSE,C00,TOTAL CPC,0,0,TOTAL MOT,8,kg,118730509,FALSE,-1,N/A,,FALSE,118730509,FALSE,,FALSE,,19728532,19728532,0,FALSE,FALSE,HS_2711
C,A,20010101,2001,52,2001,222,SLV,El Salvador,X,Export,0,W00,World,0,W00,World,H1,HS,TRUE,2711,Petroleum gases and other gaseous hydrocarbons,4,FALSE,C00,TOTAL CPC,0,0,TOTAL MOT,8,kg,2009317.8,FALSE,8,kg,2009317.8,FALSE,2009317.8,FALSE,0,FALSE,0,781202.22,781202.22,0,FALSE,TRUE,HS_2711
C,A,20010101,2001,52,2001,348,HUN,Hungary,X,Export,0,W00,World,0,W00,World,H1,HS,TRUE,2711,Petroleum gases and other gaseous hydrocarbons,4,FALSE,C00,TOTAL CPC,0,0,TOTAL MOT,8,kg,18857800,FALSE,-1,N/A,,FALSE,18857800,FALSE,,FALSE,,5336000,5336000,0,FALSE,FALSE,HS_2711
C,A,20010101,2001,52,2001,360,IDN,Indonesia,X,Export,0,W00,World,0,W00,World,H1,HS,TRUE,2711,Petroleum gases and other gaseous hydrocarbons,4,FALSE,C00,TOTAL CPC,0,0,TOTAL MOT,8,kg,25235604766,FALSE,-1,N/A,,FALSE,25235604766,FALSE,,FALSE,,5732174299,5732174299,0,FALSE,FALSE,HS_2711
C,A,20010101,2001,52,2001,384,CIV,Côte d'Ivoire,X,Export,0,W00,World,0,W00,World,H1,HS,TRUE,2711,Petroleum gases and other gaseous hydrocarbons,4,FALSE,C00,TOTAL CPC,0,0,TOTAL MOT,8,kg,4594935,FALSE,-1,N/A,,FALSE,4594935,FALSE,,FALSE,,1627962,1627962,0,FALSE,FALSE,HS_2711
C,A,20010101,2001,52,2001,398,KAZ,Kazakhstan,X,Export,0,W00,World,0,W00,World,H1,HS,TRUE,2711,Petroleum gases and other gaseous hydrocarbons,4,FALSE,C00,TOTAL CPC,0,0,TOTAL MOT,-1,N/A,,FALSE,-1,N/A,,FALSE,,FALSE,,FALSE,,115478800,115478800,0,FALSE,FALSE,HS_2711
C,A,20010101,2001,52,2001,484,MEX,Mexico,X,Export,0,W00,World,0,W00,World,H1,HS,TRUE,2711,Petroleum gases and other gaseous hydrocarbons,4,FALSE,C00,TOTAL CPC,0,0,TOTAL MOT,8,kg,389413950,TRUE,-1,N/A,,FALSE,389413950,TRUE,,FALSE,,120244577,120244577,6,FALSE,FALSE,HS_2711
C,A,20010101,2001,52,2001,504,MAR,Morocco,X,Export,0,W00,World,0,W00,World,H1,HS,TRUE,2711,Petroleum gases and other gaseous hydrocarbons,4,FALSE,C00,TOTAL CPC,0,0,TOTAL MOT,8,kg,72,FALSE,8,kg,72,FALSE,72,FALSE,0,FALSE,0,43.233,43.233,0,FALSE,TRUE,HS_2711
C,A,20010101,2001,52,2001,566,NGA,Nigeria,X,Export,0,W00,World,0,W00,World,H1,HS,TRUE,2711,Petroleum gases and other gaseous hydrocarbons,4,FALSE,C00,TOTAL CPC,0,0,TOTAL MOT,8,kg,201220376,FALSE,-1,N/A,,FALSE,201220376,FALSE,,FALSE,,249858421,249858421,0,FALSE,FALSE,HS_2711
C,A,20010101,2001,52,2001,591,PAN,Panama,X,Export,0,W00,World,0,W00,World,H1,HS,TRUE,2711,Petroleum gases and other gaseous hydrocarbons,4,FALSE,C00,TOTAL CPC,0,0,TOTAL MOT,8,kg,86220,FALSE,-1,N/A,,FALSE,86220,FALSE,,FALSE,,33280,33280,0,FALSE,FALSE,HS_2711
C,A,20010101,2001,52,2001,604,PER,Peru,X,Export,0,W00,World,0,W00,World,H1,HS,TRUE,2711,Petroleum gases and other gaseous hydrocarbons,4,FALSE,C00,TOTAL CPC,0,0,TOTAL MOT,8,kg,45152,FALSE,-1,N/A,,FALSE,45152,FALSE,,FALSE,,28121,28121,0,FALSE,FALSE,HS_2711
C,A,20010101,2001,52,2001,608,PHL,Philippines,X,Export,0,W00,World,0,W00,World,H1,HS,TRUE,2711,Petroleum gases and other gaseous hydrocarbons,4,FALSE,C00,TOTAL CPC,0,0,TOTAL MOT,8,kg,95423477,FALSE,-1,N/A,,FALSE,95423477,FALSE,,FALSE,,29222426,29222426,0,FALSE,FALSE,HS_2711
C,A,20010101,2001,52,2001,616,POL,Poland,X,Export,0,W00,World,0,W00,World,H1,HS,TRUE,2711,Petroleum gases and other gaseous hydrocarbons,4,FALSE,C00,TOTAL CPC,0,0,TOTAL MOT,8,kg,77600296,FALSE,-1,N/A,,FALSE,77600296,FALSE,,FALSE,,12311000,12311000,0,FALSE,FALSE,HS_2711
C,A,20010101,2001,52,2001,634,QAT,Qatar,X,Export,0,W00,World,0,W00,World,H1,HS,TRUE,2711,Petroleum gases and other gaseous hydrocarbons,4,FALSE,C00,TOTAL CPC,0,0,TOTAL MOT,8,kg,18740854784,FALSE,-1,N/A,,FALSE,18740854784,FALSE,,FALSE,,4098798080,4098798080,0,FALSE,FALSE,HS_2711
C,A,20010101,2001,52,2001,642,ROU,Romania,X,Export,0,W00,World,0,W00,World,H1,HS,TRUE,2711,Petroleum gases and other gaseous hydrocarbons,4,FALSE,C00,TOTAL CPC,0,0,TOTAL MOT,8,kg,121291779.889,TRUE,-1,N/A,0,FALSE,121291779.889,TRUE,0,FALSE,0,28985961.25,28985961.25,6,FALSE,TRUE,HS_2711
C,A,20010101,2001,52,2001,682,SAU,Saudi Arabia,X,Export,0,W00,World,0,W00,World,H1,HS,TRUE,2711,Petroleum gases and other gaseous hydrocarbons,4,FALSE,C00,TOTAL CPC,0,0,TOTAL MOT,8,kg,9499412000,FALSE,-1,N/A,,FALSE,9499412000,FALSE,,FALSE,,2457182805,2457182805,0,FALSE,FALSE,HS_2711
C,A,20010101,2001,52,2001,686,SEN,Senegal,X,Export,0,W00,World,0,W00,World,H1,HS,TRUE,2711,Petroleum gases and other gaseous hydrocarbons,4,FALSE,C00,TOTAL CPC,0,0,TOTAL MOT,8,kg,2105481,FALSE,-1,N/A,,FALSE,2105481,FALSE,,FALSE,,821044,821044,0,FALSE,FALSE,HS_2711
C,A,20010101,2001,52,2001,704,VNM,Viet Nam,X,Export,0,W00,World,0,W00,World,H1,HS,TRUE,2711,Petroleum gases and other gaseous hydrocarbons,4,FALSE,C00,TOTAL CPC,0,0,TOTAL MOT,-1,N/A,,FALSE,-1,N/A,,FALSE,163640,TRUE,,FALSE,,33958,33958,4,FALSE,FALSE,HS_2711
C,A,20010101,2001,52,2001,710,ZAF,South Africa,X,Export,0,W00,World,0,W00,World,H1,HS,TRUE,2711,Petroleum gases and other gaseous hydrocarbons,4,FALSE,C00,TOTAL CPC,0,0,TOTAL MOT,8,kg,60691348,FALSE,-1,N/A,,FALSE,60691348,FALSE,,FALSE,,14834730,14834730,0,FALSE,FALSE,HS_2711
C,A,20010101,2001,52,2001,784,ARE,United Arab Emirates,X,Export,0,W00,World,0,W00,World,H1,HS,TRUE,2711,Petroleum gases and other gaseous hydrocarbons,4,FALSE,C00,TOTAL CPC,0,0,TOTAL MOT,-1,N/A,,FALSE,-1,N/A,,FALSE,,FALSE,,FALSE,,1755298488,1755298488,0,FALSE,FALSE,HS_2711
C,A,20010101,2001,52,2001,792,TUR,Türkiye,X,Export,0,W00,World,0,W00,World,H1,HS,TRUE,2711,Petroleum gases and other gaseous hydrocarbons,4,FALSE,C00,TOTAL CPC,0,0,TOTAL MOT,8,kg,98834789,FALSE,8,kg,98834789,FALSE,98834789,FALSE,0,FALSE,0,21174506,21174506,0,FALSE,TRUE,HS_2711
C,A,20010101,2001,52,2001,818,EGY,Egypt,X,Export,0,W00,World,0,W00,World,H0,HS,TRUE,2711,Petroleum gases and other gaseous hydrocarbons,4,FALSE,C00,TOTAL CPC,0,0,TOTAL MOT,8,kg,235504639.195,TRUE,-1,N/A,0,FALSE,235504639.195,TRUE,0,FALSE,0,59698516.764,59698516.764,6,FALSE,TRUE,HS_2711
C,A,20010101,2001,52,2001,894,ZMB,Zambia,X,Export,0,W00,World,0,W00,World,H1,HS,TRUE,2711,Petroleum gases and other gaseous hydrocarbons,4,FALSE,C00,TOTAL CPC,0,0,TOTAL MOT,8,kg,251207,FALSE,8,kg,251207,FALSE,251207,FALSE,0,FALSE,0,45281,45281,0,FALSE,TRUE,HS_2711
C,A,20010101,2001,52,2001,32,ARG,Argentina,X,Export,0,W00,World,0,W00,World,H1,HS,TRUE,0901,"Coffee, whether or not roasted or decaffeinated; husks and skins; coffee substitutes containing coffee in any proportion",4,FALSE,C00,TOTAL CPC,0,0,TOTAL MOT,8,kg,90606,FALSE,-1,N/A,,FALSE,90606,FALSE,,FALSE,,375499,375499,0,FALSE,FALSE,HS_0901
C,A,20010101,2001,52,2001,48,BHR,Bahrain,X,Export,0,W00,World,0,W00,World,H0,HS,TRUE,0901,"Coffee, whether or not roasted or decaffeinated; husks and skins; coffee substitutes containing coffee in any proportion",4,FALSE,C00,TOTAL CPC,0,0,TOTAL MOT,8,kg,8279,FALSE,-1,N/A,,FALSE,8279,FALSE,,FALSE,,55936,55936,0,TRUE,FALSE,HS_0901
C,A,20010101,2001,52,2001,76,BRA,Brazil,X,Export,0,W00,World,0,W00,World,H1,HS,TRUE,0901,"Coffee, whether or not roasted or decaffeinated; husks and skins; coffee substitutes containing coffee in any proportion",4,FALSE,C00,TOTAL CPC,0,0,TOTAL MOT,8,kg,1253046494,FALSE,-1,N/A,0,FALSE,1255740790,FALSE,0,FALSE,,1212319967,1212319967,0,FALSE,TRUE,HS_0901
C,A,20010101,2001,52,2001,144,LKA,Sri Lanka,X,Export,0,W00,World,0,W00,World,H1,HS,TRUE,0901,"Coffee, whether or not roasted or decaffeinated; husks and skins; coffee substitutes containing coffee in any proportion",4,FALSE,C00,TOTAL CPC,0,0,TOTAL MOT,8,kg,6778,TRUE,-1,N/A,,FALSE,6778,TRUE,,FALSE,,26975,26975,6,FALSE,FALSE,HS_0901
C,A,20010101,2001,52,2001,152,CHL,Chile,X,Export,0,W00,World,0,W00,World,H1,HS,TRUE,0901,"Coffee, whether or not roasted or decaffeinated; husks and skins; coffee substitutes containing coffee in any proportion",4,FALSE,C00,TOTAL CPC,0,0,TOTAL MOT,8,kg,1792,TRUE,-1,N/A,,FALSE,1792,TRUE,,FALSE,,7349,7349,6,FALSE,FALSE,HS_0901
C,A,20010101,2001,52,2001,170,COL,Colombia,X,Export,0,W00,World,0,W00,World,H1,HS,TRUE,0901,"Coffee, whether or not roasted or decaffeinated; husks and skins; coffee substitutes containing coffee in any proportion",4,FALSE,C00,TOTAL CPC,0,0,TOTAL MOT,8,kg,560246478,FALSE,-1,N/A,,FALSE,560246478,FALSE,,FALSE,,769384392,769384392,0,FALSE,FALSE,HS_0901
C,A,20010101,2001,52,2001,218,ECU,Ecuador,X,Export,0,W00,World,0,W00,World,H1,HS,TRUE,0901,"Coffee, whether or not roasted or decaffeinated; husks and skins; coffee substitutes containing coffee in any proportion",4,FALSE,C00,TOTAL CPC,0,0,TOTAL MOT,8,kg,23070133,FALSE,-1,N/A,,FALSE,23070133,FALSE,,FALSE,,15437161,15437161,0,FALSE,FALSE,HS_0901
C,A,20010101,2001,52,2001,222,SLV,El Salvador,X,Export,0,W00,World,0,W00,World,H1,HS,TRUE,0901,"Coffee, whether or not roasted or decaffeinated; husks and skins; coffee substitutes containing coffee in any proportion",4,FALSE,C00,TOTAL CPC,0,0,TOTAL MOT,8,kg,92129866.48,FALSE,8,kg,92129866.48,FALSE,92129866.48,FALSE,0,FALSE,0,115094790.71,115094790.71,0,FALSE,TRUE,HS_0901
C,A,20010101,2001,52,2001,348,HUN,Hungary,X,Export,0,W00,World,0,W00,World,H1,HS,TRUE,0901,"Coffee, whether or not roasted or decaffeinated; husks and skins; coffee substitutes containing coffee in any proportion",4,FALSE,C00,TOTAL CPC,0,0,TOTAL MOT,8,kg,6331200,FALSE,-1,N/A,,FALSE,6331200,FALSE,,FALSE,,11923000,11923000,0,FALSE,FALSE,HS_0901
C,A,20010101,2001,52,2001,360,IDN,Indonesia,X,Export,0,W00,World,0,W00,World,H1,HS,TRUE,0901,"Coffee, whether or not roasted or decaffeinated; husks and skins; coffee substitutes containing coffee in any proportion",4,FALSE,C00,TOTAL CPC,0,0,TOTAL MOT,8,kg,250817493,FALSE,-1,N/A,,FALSE,250817493,FALSE,,FALSE,,188491729,188491729,0,FALSE,FALSE,HS_0901
C,A,20010101,2001,52,2001,384,CIV,Côte d'Ivoire,X,Export,0,W00,World,0,W00,World,H1,HS,TRUE,0901,"Coffee, whether or not roasted or decaffeinated; husks and skins; coffee substitutes containing coffee in any proportion",4,FALSE,C00,TOTAL CPC,0,0,TOTAL MOT,8,kg,226762404,FALSE,-1,N/A,,FALSE,226762404,FALSE,,FALSE,,104555226,104555226,0,FALSE,FALSE,HS_0901
C,A,20010101,2001,52,2001,484,MEX,Mexico,X,Export,0,W00,World,0,W00,World,H1,HS,TRUE,0901,"Coffee, whether or not roasted or decaffeinated; husks and skins; coffee substitutes containing coffee in any proportion",4,FALSE,C00,TOTAL CPC,0,0,TOTAL MOT,8,kg,163515813,FALSE,-1,N/A,,FALSE,163515813,FALSE,,FALSE,,243860894,243860894,0,FALSE,FALSE,HS_0901
C,A,20010101,2001,52,2001,504,MAR,Morocco,X,Export,0,W00,World,0,W00,World,H1,HS,TRUE,0901,"Coffee, whether or not roasted or decaffeinated; husks and skins; coffee substitutes containing coffee in any proportion",4,FALSE,C00,TOTAL CPC,0,0,TOTAL MOT,8,kg,1645.093,TRUE,-1,N/A,0,FALSE,1645.093,TRUE,0,FALSE,0,9521.46,9521.46,6,FALSE,TRUE,HS_0901
C,A,20010101,2001,52,2001,591,PAN,Panama,X,Export,0,W00,World,0,W00,World,H1,HS,TRUE,0901,"Coffee, whether or not roasted or decaffeinated; husks and skins; coffee substitutes containing coffee in any proportion",4,FALSE,C00,TOTAL CPC,0,0,TOTAL MOT,8,kg,7035305,FALSE,-1,N/A,,FALSE,7035305,FALSE,,FALSE,,11192059,11192059,0,FALSE,FALSE,HS_0901
C,A,20010101,2001,52,2001,604,PER,Peru,X,Export,0,W00,World,0,W00,World,H1,HS,TRUE,0901,"Coffee, whether or not roasted or decaffeinated; husks and skins; coffee substitutes containing coffee in any proportion",4,FALSE,C00,TOTAL CPC,0,0,TOTAL MOT,8,kg,160218254,FALSE,-1,N/A,,FALSE,160218254,FALSE,,FALSE,,180396469,180396469,0,FALSE,FALSE,HS_0901
C,A,20010101,2001,52,2001,608,PHL,Philippines,X,Export,0,W00,World,0,W00,World,H1,HS,TRUE,0901,"Coffee, whether or not roasted or decaffeinated; husks and skins; coffee substitutes containing coffee in any proportion",4,FALSE,C00,TOTAL CPC,0,0,TOTAL MOT,8,kg,162814,FALSE,-1,N/A,,FALSE,162814,FALSE,,FALSE,,143912,143912,0,FALSE,FALSE,HS_0901
C,A,20010101,2001,52,2001,616,POL,Poland,X,Export,0,W00,World,0,W00,World,H1,HS,TRUE,0901,"Coffee, whether or not roasted or decaffeinated; husks and skins; coffee substitutes containing coffee in any proportion",4,FALSE,C00,TOTAL CPC,0,0,TOTAL MOT,8,kg,15526999,FALSE,-1,N/A,,FALSE,15526999,FALSE,,FALSE,,32808000,32808000,0,FALSE,FALSE,HS_0901
C,A,20010101,2001,52,2001,642,ROU,Romania,X,Export,0,W00,World,0,W00,World,H1,HS,TRUE,0901,"Coffee, whether or not roasted or decaffeinated; husks and skins; coffee substitutes containing coffee in any proportion",4,FALSE,C00,TOTAL CPC,0,0,TOTAL MOT,8,kg,12682.6,FALSE,8,kg,12682.6,FALSE,12682.6,FALSE,0,FALSE,0,37261.49,37261.49,0,FALSE,TRUE,HS_0901
C,A,20010101,2001,52,2001,682,SAU,Saudi Arabia,X,Export,0,W00,World,0,W00,World,H1,HS,TRUE,0901,"Coffee, whether or not roasted or decaffeinated; husks and skins; coffee substitutes containing coffee in any proportion",4,FALSE,C00,TOTAL CPC,0,0,TOTAL MOT,8,kg,564000,FALSE,-1,N/A,,FALSE,564000,FALSE,,FALSE,,712001,712001,0,FALSE,FALSE,HS_0901
C,A,20010101,2001,52,2001,686,SEN,Senegal,X,Export,0,W00,World,0,W00,World,H1,HS,TRUE,0901,"Coffee, whether or not roasted or decaffeinated; husks and skins; coffee substitutes containing coffee in any proportion",4,FALSE,C00,TOTAL CPC,0,0,TOTAL MOT,8,kg,16629,FALSE,-1,N/A,,FALSE,16629,FALSE,,FALSE,,73085,73085,0,FALSE,FALSE,HS_0901
C,A,20010101,2001,52,2001,704,VNM,Viet Nam,X,Export,0,W00,World,0,W00,World,H1,HS,TRUE,0901,"Coffee, whether or not roasted or decaffeinated; husks and skins; coffee substitutes containing coffee in any proportion",4,FALSE,C00,TOTAL CPC,0,0,TOTAL MOT,8,kg,328507216,TRUE,-1,N/A,,FALSE,328507216,TRUE,,FALSE,,391234380,391234380,6,FALSE,FALSE,HS_0901
C,A,20010101,2001,52,2001,710,ZAF,South Africa,X,Export,0,W00,World,0,W00,World,H1,HS,TRUE,0901,"Coffee, whether or not roasted or decaffeinated; husks and skins; coffee substitutes containing coffee in any proportion",4,FALSE,C00,TOTAL CPC,0,0,TOTAL MOT,8,kg,2916590,TRUE,-1,N/A,,FALSE,2916590,TRUE,,FALSE,,2912814,2912814,6,FALSE,FALSE,HS_0901
C,A,20010101,2001,52,2001,784,ARE,United Arab Emirates,X,Export,0,W00,World,0,W00,World,H1,HS,TRUE,0901,"Coffee, whether or not roasted or decaffeinated; husks and skins; coffee substitutes containing coffee in any proportion",4,FALSE,C00,TOTAL CPC,0,0,TOTAL MOT,-1,N/A,,FALSE,-1,N/A,,FALSE,1517565,FALSE,,FALSE,,2044490,2044490,0,FALSE,FALSE,HS_0901
C,A,20010101,2001,52,2001,792,TUR,Türkiye,X,Export,0,W00,World,0,W00,World,H1,HS,TRUE,0901,"Coffee, whether or not roasted or decaffeinated; husks and skins; coffee substitutes containing coffee in any proportion",4,FALSE,C00,TOTAL CPC,0,0,TOTAL MOT,8,kg,151446,FALSE,8,kg,151446,FALSE,151446,FALSE,0,FALSE,0,545063,545063,0,FALSE,TRUE,HS_0901
C,A,20010101,2001,52,2001,818,EGY,Egypt,X,Export,0,W00,World,0,W00,World,H0,HS,TRUE,0901,"Coffee, whether or not roasted or decaffeinated; husks and skins; coffee substitutes containing coffee in any proportion",4,FALSE,C00,TOTAL CPC,0,0,TOTAL MOT,-1,N/A,0,FALSE,-1,N/A,0,FALSE,0,FALSE,0,FALSE,0,65140.871,65140.871,0,FALSE,TRUE,HS_0901
C,A,20010101,2001,52,2001,894,ZMB,Zambia,X,Export,0,W00,World,0,W00,World,H1,HS,TRUE,0901,"Coffee, whether or not roasted or decaffeinated; husks and skins; coffee substitutes containing coffee in any proportion",4,FALSE,C00,TOTAL CPC,0,0,TOTAL MOT,8,kg,4864015,FALSE,8,kg,4864015,FALSE,4864015,FALSE,0,FALSE,0,6391344,6391344,0,FALSE,TRUE,HS_0901
C,A,20010101,2001,52,2001,32,ARG,Argentina,X,Export,0,W00,World,0,W00,World,H1,HS,TRUE,1001,Wheat and meslin,4,FALSE,C00,TOTAL CPC,0,0,TOTAL MOT,8,kg,10789975557,FALSE,-1,N/A,,FALSE,10789975557,FALSE,,FALSE,,1301503366,1301503366,0,FALSE,FALSE,HS_1001
C,A,20010101,2001,52,2001,48,BHR,Bahrain,X,Export,0,W00,World,0,W00,World,H0,HS,TRUE,1001,Wheat and meslin,4,FALSE,C00,TOTAL CPC,0,0,TOTAL MOT,8,kg,227550,FALSE,-1,N/A,,FALSE,227550,FALSE,,FALSE,,62409,62409,0,TRUE,FALSE,HS_1001
C,A,20010101,2001,52,2001,76,BRA,Brazil,X,Export,0,W00,World,0,W00,World,H1,HS,TRUE,1001,Wheat and meslin,4,FALSE,C00,TOTAL CPC,0,0,TOTAL MOT,8,kg,797582,FALSE,8,kg,797582,FALSE,803473,FALSE,0,FALSE,,151254,151254,0,FALSE,TRUE,HS_1001
C,A,20010101,2001,52,2001,144,LKA,Sri Lanka,X,Export,0,W00,World,0,W00,World,H1,HS,TRUE,1001,Wheat and meslin,4,FALSE,C00,TOTAL CPC,0,0,TOTAL MOT,8,kg,669,FALSE,-1,N/A,,FALSE,669,FALSE,,FALSE,,2645,2645,0,FALSE,FALSE,HS_1001
C,A,20010101,2001,52,2001,152,CHL,Chile,X,Export,0,W00,World,0,W00,World,H1,HS,TRUE,1001,Wheat and meslin,4,FALSE,C00,TOTAL CPC,0,0,TOTAL MOT,8,kg,109580,TRUE,-1,N/A,,FALSE,109580,TRUE,,FALSE,,15308,15308,6,FALSE,FALSE,HS_1001
C,A,20010101,2001,52,2001,218,ECU,Ecuador,X,Export,0,W00,World,0,W00,World,H1,HS,TRUE,1001,Wheat and meslin,4,FALSE,C00,TOTAL CPC,0,0,TOTAL MOT,8,kg,5238,FALSE,-1,N/A,,FALSE,5238,FALSE,,FALSE,,4174,4174,0,FALSE,FALSE,HS_1001
C,A,20010101,2001,52,2001,222,SLV,El Salvador,X,Export,0,W00,World,0,W00,World,H1,HS,TRUE,1001,Wheat and meslin,4,FALSE,C00,TOTAL CPC,0,0,TOTAL MOT,-1,N/A,0,FALSE,-1,N/A,0,FALSE,0,FALSE,0,FALSE,0,3515770.39,3515770.39,0,FALSE,TRUE,HS_1001
C,A,20010101,2001,52,2001,348,HUN,Hungary,X,Export,0,W00,World,0,W00,World,H1,HS,TRUE,1001,Wheat and meslin,4,FALSE,C00,TOTAL CPC,0,0,TOTAL MOT,8,kg,1515117400,FALSE,-1,N/A,,FALSE,1515117400,FALSE,,FALSE,,150655000,150655000,0,FALSE,FALSE,HS_1001
C,A,20010101,2001,52,2001,360,IDN,Indonesia,X,Export,0,W00,World,0,W00,World,H1,HS,TRUE,1001,Wheat and meslin,4,FALSE,C00,TOTAL CPC,0,0,TOTAL MOT,8,kg,61853,FALSE,-1,N/A,,FALSE,61853,FALSE,,FALSE,,35684,35684,0,FALSE,FALSE,HS_1001
C,A,20010101,2001,52,2001,398,KAZ,Kazakhstan,X,Export,0,W00,World,0,W00,World,H1,HS,TRUE,1001,Wheat and meslin,4,FALSE,C00,TOTAL CPC,0,0,TOTAL MOT,8,kg,3046178900,FALSE,-1,N/A,,FALSE,3046178900,FALSE,,FALSE,,321070500,321070500,0,FALSE,FALSE,HS_1001
C,A,20010101,2001,52,2001,484,MEX,Mexico,X,Export,0,W00,World,0,W00,World,H1,HS,TRUE,1001,Wheat and meslin,4,FALSE,C00,TOTAL CPC,0,0,TOTAL MOT,8,kg,512996582,FALSE,-1,N/A,,FALSE,512996582,FALSE,,FALSE,,77841032,77841032,0,FALSE,FALSE,HS_1001
C,A,20010101,2001,52,2001,566,NGA,Nigeria,X,Export,0,W00,World,0,W00,World,H1,HS,TRUE,1001,Wheat and meslin,4,FALSE,C00,TOTAL CPC,0,0,TOTAL MOT,8,kg,2e+06,FALSE,-1,N/A,,FALSE,2e+06,FALSE,,FALSE,,187016,187016,0,FALSE,FALSE,HS_1001
C,A,20010101,2001,52,2001,604,PER,Peru,X,Export,0,W00,World,0,W00,World,H1,HS,TRUE,1001,Wheat and meslin,4,FALSE,C00,TOTAL CPC,0,0,TOTAL MOT,8,kg,31308,TRUE,-1,N/A,,FALSE,31308,TRUE,,FALSE,,33127,33127,6,FALSE,FALSE,HS_1001
C,A,20010101,2001,52,2001,608,PHL,Philippines,X,Export,0,W00,World,0,W00,World,H1,HS,TRUE,1001,Wheat and meslin,4,FALSE,C00,TOTAL CPC,0,0,TOTAL MOT,8,kg,650004,FALSE,-1,N/A,,FALSE,650004,FALSE,,FALSE,,107708,107708,0,FALSE,FALSE,HS_1001
C,A,20010101,2001,52,2001,616,POL,Poland,X,Export,0,W00,World,0,W00,World,H1,HS,TRUE,1001,Wheat and meslin,4,FALSE,C00,TOTAL CPC,0,0,TOTAL MOT,8,kg,31362,FALSE,-1,N/A,,FALSE,31362,FALSE,,FALSE,,72000,72000,0,FALSE,FALSE,HS_1001
C,A,20010101,2001,52,2001,634,QAT,Qatar,X,Export,0,W00,World,0,W00,World,H1,HS,TRUE,1001,Wheat and meslin,4,FALSE,C00,TOTAL CPC,0,0,TOTAL MOT,8,kg,97999,FALSE,-1,N/A,,FALSE,97999,FALSE,,FALSE,,33928,33928,0,FALSE,FALSE,HS_1001
C,A,20010101,2001,52,2001,642,ROU,Romania,X,Export,0,W00,World,0,W00,World,H1,HS,TRUE,1001,Wheat and meslin,4,FALSE,C00,TOTAL CPC,0,0,TOTAL MOT,8,kg,405002783,FALSE,8,kg,405002783,FALSE,405002783,FALSE,0,FALSE,0,40187169.04,40187169.04,0,FALSE,TRUE,HS_1001
C,A,20010101,2001,52,2001,686,SEN,Senegal,X,Export,0,W00,World,0,W00,World,H1,HS,TRUE,1001,Wheat and meslin,4,FALSE,C00,TOTAL CPC,0,0,TOTAL MOT,8,kg,623,FALSE,-1,N/A,,FALSE,623,FALSE,,FALSE,,2773,2773,0,FALSE,FALSE,HS_1001
C,A,20010101,2001,52,2001,704,VNM,Viet Nam,X,Export,0,W00,World,0,W00,World,H1,HS,TRUE,1001,Wheat and meslin,4,FALSE,C00,TOTAL CPC,0,0,TOTAL MOT,8,kg,2406184,TRUE,-1,N/A,,FALSE,2406184,TRUE,,FALSE,,292051,292051,6,FALSE,FALSE,HS_1001
C,A,20010101,2001,52,2001,710,ZAF,South Africa,X,Export,0,W00,World,0,W00,World,H1,HS,TRUE,1001,Wheat and meslin,4,FALSE,C00,TOTAL CPC,0,0,TOTAL MOT,8,kg,304446682,FALSE,-1,N/A,,FALSE,304446682,FALSE,,FALSE,,40774968,40774968,0,FALSE,FALSE,HS_1001
C,A,20010101,2001,52,2001,784,ARE,United Arab Emirates,X,Export,0,W00,World,0,W00,World,H1,HS,TRUE,1001,Wheat and meslin,4,FALSE,C00,TOTAL CPC,0,0,TOTAL MOT,-1,N/A,,FALSE,-1,N/A,,FALSE,774505,FALSE,,FALSE,,233261,233261,0,FALSE,FALSE,HS_1001
C,A,20010101,2001,52,2001,792,TUR,Türkiye,X,Export,0,W00,World,0,W00,World,H1,HS,TRUE,1001,Wheat and meslin,4,FALSE,C00,TOTAL CPC,0,0,TOTAL MOT,8,kg,1117968654,FALSE,8,kg,1117968654,FALSE,1117968654,FALSE,0,FALSE,0,136224522,136224522,0,FALSE,TRUE,HS_1001
C,A,20010101,2001,52,2001,818,EGY,Egypt,X,Export,0,W00,World,0,W00,World,H0,HS,TRUE,1001,Wheat and meslin,4,FALSE,C00,TOTAL CPC,0,0,TOTAL MOT,-1,N/A,0,FALSE,-1,N/A,0,FALSE,0,FALSE,0,FALSE,0,10890.994,10890.994,0,FALSE,TRUE,HS_1001
C,A,20010101,2001,52,2001,858,URY,Uruguay,X,Export,0,W00,World,0,W00,World,H1,HS,TRUE,1001,Wheat and meslin,4,FALSE,C00,TOTAL CPC,0,0,TOTAL MOT,8,kg,65000,FALSE,-1,N/A,,FALSE,65000,FALSE,,FALSE,,19500,19500,0,FALSE,FALSE,HS_1001
C,A,20010101,2001,52,2001,32,ARG,Argentina,X,Export,0,W00,World,0,W00,World,H1,HS,TRUE,1005,Maize (corn),4,FALSE,C00,TOTAL CPC,0,0,TOTAL MOT,8,kg,10909612182,FALSE,-1,N/A,,FALSE,10909612182,FALSE,,FALSE,,988869398,988869398,0,FALSE,FALSE,HS_1005
C,A,20010101,2001,52,2001,76,BRA,Brazil,X,Export,0,W00,World,0,W00,World,H1,HS,TRUE,1005,Maize (corn),4,FALSE,C00,TOTAL CPC,0,0,TOTAL MOT,8,kg,742278837,FALSE,8,kg,742278837,FALSE,5628976469,FALSE,0,FALSE,,497328063,497328063,0,FALSE,TRUE,HS_1005
C,A,20010101,2001,52,2001,144,LKA,Sri Lanka,X,Export,0,W00,World,0,W00,World,H1,HS,TRUE,1005,Maize (corn),4,FALSE,C00,TOTAL CPC,0,0,TOTAL MOT,8,kg,456,FALSE,-1,N/A,,FALSE,456,FALSE,,FALSE,,593,593,0,FALSE,FALSE,HS_1005
C,A,20010101,2001,52,2001,152,CHL,Chile,X,Export,0,W00,World,0,W00,World,H1,HS,TRUE,1005,Maize (corn),4,FALSE,C00,TOTAL CPC,0,0,TOTAL MOT,-1,N/A,,FALSE,-1,N/A,,FALSE,49914518,TRUE,,FALSE,,65291684,65291684,4,FALSE,FALSE,HS_1005
C,A,20010101,2001,52,2001,170,COL,Colombia,X,Export,0,W00,World,0,W00,World,H1,HS,TRUE,1005,Maize (corn),4,FALSE,C00,TOTAL CPC,0,0,TOTAL MOT,8,kg,120784,FALSE,-1,N/A,,FALSE,120784,FALSE,,FALSE,,199431,199431,0,FALSE,FALSE,HS_1005
C,A,20010101,2001,52,2001,218,ECU,Ecuador,X,Export,0,W00,World,0,W00,World,H1,HS,TRUE,1005,Maize (corn),4,FALSE,C00,TOTAL CPC,0,0,TOTAL MOT,8,kg,85265400,FALSE,-1,N/A,,FALSE,85265400,FALSE,,FALSE,,12381868,12381868,0,FALSE,FALSE,HS_1005
C,A,20010101,2001,52,2001,222,SLV,El Salvador,X,Export,0,W00,World,0,W00,World,H1,HS,TRUE,1005,Maize (corn),4,FALSE,C00,TOTAL CPC,0,0,TOTAL MOT,8,kg,210542,FALSE,8,kg,210542,FALSE,210542,FALSE,0,FALSE,0,53921.82,53921.82,0,FALSE,TRUE,HS_1005
C,A,20010101,2001,52,2001,348,HUN,Hungary,X,Export,0,W00,World,0,W00,World,H1,HS,TRUE,1005,Maize (corn),4,FALSE,C00,TOTAL CPC,0,0,TOTAL MOT,8,kg,1568551800,FALSE,-1,N/A,,FALSE,1568551800,FALSE,,FALSE,,163909000,163909000,0,FALSE,FALSE,HS_1005
C,A,20010101,2001,52,2001,360,IDN,Indonesia,X,Export,0,W00,World,0,W00,World,H1,HS,TRUE,1005,Maize (corn),4,FALSE,C00,TOTAL CPC,0,0,TOTAL MOT,8,kg,90473855,FALSE,-1,N/A,,FALSE,90473855,FALSE,,FALSE,,10499592,10499592,0,FALSE,FALSE,HS_1005
C,A,20010101,2001,52,2001,384,CIV,Côte d'Ivoire,X,Export,0,W00,World,0,W00,World,H1,HS,TRUE,1005,Maize (corn),4,FALSE,C00,TOTAL CPC,0,0,TOTAL MOT,8,kg,23983397,FALSE,-1,N/A,,FALSE,23983397,FALSE,,FALSE,,1066677,1066677,0,FALSE,FALSE,HS_1005
C,A,20010101,2001,52,2001,398,KAZ,Kazakhstan,X,Export,0,W00,World,0,W00,World,H1,HS,TRUE,1005,Maize (corn),4,FALSE,C00,TOTAL CPC,0,0,TOTAL MOT,8,kg,12660500,FALSE,-1,N/A,,FALSE,12660500,FALSE,,FALSE,,1462000,1462000,0,FALSE,FALSE,HS_1005
C,A,20010101,2001,52,2001,484,MEX,Mexico,X,Export,0,W00,World,0,W00,World,H1,HS,TRUE,1005,Maize (corn),4,FALSE,C00,TOTAL CPC,0,0,TOTAL MOT,8,kg,11223436,FALSE,-1,N/A,,FALSE,11223436,FALSE,,FALSE,,3784692,3784692,0,FALSE,FALSE,HS_1005
C,A,20010101,2001,52,2001,566,NGA,Nigeria,X,Export,0,W00,World,0,W00,World,H1,HS,TRUE,1005,Maize (corn),4,FALSE,C00,TOTAL CPC,0,0,TOTAL MOT,8,kg,1692500,FALSE,-1,N/A,,FALSE,1692500,FALSE,,FALSE,,335,335,0,FALSE,FALSE,HS_1005
C,A,20010101,2001,52,2001,604,PER,Peru,X,Export,0,W00,World,0,W00,World,H1,HS,TRUE,1005,Maize (corn),4,FALSE,C00,TOTAL CPC,0,0,TOTAL MOT,8,kg,5842171,FALSE,-1,N/A,,FALSE,5842171,FALSE,,FALSE,,5168197,5168197,0,FALSE,FALSE,HS_1005
C,A,20010101,2001,52,2001,608,PHL,Philippines,X,Export,0,W00,World,0,W00,World,H1,HS,TRUE,1005,Maize (corn),4,FALSE,C00,TOTAL CPC,0,0,TOTAL MOT,8,kg,167899,FALSE,-1,N/A,,FALSE,167899,FALSE,,FALSE,,520828,520828,0,FALSE,FALSE,HS_1005
C,A,20010101,2001,52,2001,642,ROU,Romania,X,Export,0,W00,World,0,W00,World,H1,HS,TRUE,1005,Maize (corn),4,FALSE,C00,TOTAL CPC,0,0,TOTAL MOT,8,kg,32304435.6,FALSE,8,kg,32304435.6,FALSE,32304435.6,FALSE,0,FALSE,0,5045754.26,5045754.26,0,FALSE,TRUE,HS_1005
C,A,20010101,2001,52,2001,682,SAU,Saudi Arabia,X,Export,0,W00,World,0,W00,World,H1,HS,TRUE,1005,Maize (corn),4,FALSE,C00,TOTAL CPC,0,0,TOTAL MOT,8,kg,196000,FALSE,-1,N/A,,FALSE,196000,FALSE,,FALSE,,58133,58133,0,FALSE,FALSE,HS_1005
C,A,20010101,2001,52,2001,686,SEN,Senegal,X,Export,0,W00,World,0,W00,World,H1,HS,TRUE,1005,Maize (corn),4,FALSE,C00,TOTAL CPC,0,0,TOTAL MOT,8,kg,5700,FALSE,-1,N/A,,FALSE,5700,FALSE,,FALSE,,5775,5775,0,FALSE,FALSE,HS_1005
C,A,20010101,2001,52,2001,704,VNM,Viet Nam,X,Export,0,W00,World,0,W00,World,H1,HS,TRUE,1005,Maize (corn),4,FALSE,C00,TOTAL CPC,0,0,TOTAL MOT,-1,N/A,,FALSE,-1,N/A,,FALSE,3167449,TRUE,,FALSE,,3930651,3930651,4,FALSE,FALSE,HS_1005
C,A,20010101,2001,52,2001,710,ZAF,South Africa,X,Export,0,W00,World,0,W00,World,H1,HS,TRUE,1005,Maize (corn),4,FALSE,C00,TOTAL CPC,0,0,TOTAL MOT,8,kg,620266982,FALSE,-1,N/A,,FALSE,620266982,FALSE,,FALSE,,81274755,81274755,0,FALSE,FALSE,HS_1005
C,A,20010101,2001,52,2001,784,ARE,United Arab Emirates,X,Export,0,W00,World,0,W00,World,H1,HS,TRUE,1005,Maize (corn),4,FALSE,C00,TOTAL CPC,0,0,TOTAL MOT,-1,N/A,,FALSE,-1,N/A,,FALSE,1819809,FALSE,,FALSE,,583102,583102,0,FALSE,FALSE,HS_1005
C,A,20010101,2001,52,2001,792,TUR,Türkiye,X,Export,0,W00,World,0,W00,World,H1,HS,TRUE,1005,Maize (corn),4,FALSE,C00,TOTAL CPC,0,0,TOTAL MOT,8,kg,9382451,FALSE,8,kg,9382451,FALSE,9382451,FALSE,0,FALSE,0,8332621,8332621,0,FALSE,TRUE,HS_1005
C,A,20010101,2001,52,2001,818,EGY,Egypt,X,Export,0,W00,World,0,W00,World,H0,HS,TRUE,1005,Maize (corn),4,FALSE,C00,TOTAL CPC,0,0,TOTAL MOT,-1,N/A,0,FALSE,-1,N/A,0,FALSE,0,FALSE,0,FALSE,0,1052259.489,1052259.489,0,FALSE,TRUE,HS_1005
C,A,20010101,2001,52,2001,858,URY,Uruguay,X,Export,0,W00,World,0,W00,World,H1,HS,TRUE,1005,Maize (corn),4,FALSE,C00,TOTAL CPC,0,0,TOTAL MOT,8,kg,6843,FALSE,-1,N/A,,FALSE,6843,FALSE,,FALSE,,37385,37385,0,FALSE,FALSE,HS_1005
C,A,20010101,2001,52,2001,894,ZMB,Zambia,X,Export,0,W00,World,0,W00,World,H1,HS,TRUE,1005,Maize (corn),4,FALSE,C00,TOTAL CPC,0,0,TOTAL MOT,8,kg,12380455,FALSE,8,kg,12380455,FALSE,12380455,FALSE,0,FALSE,0,1885482,1885482,0,FALSE,TRUE,HS_1005
C,A,20010101,2001,52,2001,32,ARG,Argentina,X,Export,0,W00,World,0,W00,World,H1,HS,TRUE,1201,Soya beans; whether or not broken,4,FALSE,C00,TOTAL CPC,0,0,TOTAL MOT,8,kg,7364557347,FALSE,-1,N/A,,FALSE,7364557347,FALSE,,FALSE,,1244389236,1244389236,0,FALSE,FALSE,HS_1201
C,A,20010101,2001,52,2001,76,BRA,Brazil,X,Export,0,W00,World,0,W00,World,H1,HS,TRUE,1201,Soya beans; whether or not broken,4,FALSE,C00,TOTAL CPC,0,0,TOTAL MOT,8,kg,15664446456,FALSE,-1,N/A,0,FALSE,15675543101,FALSE,0,FALSE,,2725507890,2725507890,0,FALSE,TRUE,HS_1201
C,A,20010101,2001,52,2001,144,LKA,Sri Lanka,X,Export,0,W00,World,0,W00,World,H1,HS,TRUE,1201,Soya beans; whether or not broken,4,FALSE,C00,TOTAL CPC,0,0,TOTAL MOT,8,kg,248,FALSE,-1,N/A,,FALSE,248,FALSE,,FALSE,,554,554,0,FALSE,FALSE,HS_1201
C,A,20010101,2001,52,2001,152,CHL,Chile,X,Export,0,W00,World,0,W00,World,H1,HS,TRUE,1201,Soya beans; whether or not broken,4,FALSE,C00,TOTAL CPC,0,0,TOTAL MOT,8,kg,2999331,TRUE,-1,N/A,,FALSE,2999331,TRUE,,FALSE,,706378,706378,6,FALSE,FALSE,HS_1201
C,A,20010101,2001,52,2001,170,COL,Colombia,X,Export,0,W00,World,0,W00,World,H1,HS,TRUE,1201,Soya beans; whether or not broken,4,FALSE,C00,TOTAL CPC,0,0,TOTAL MOT,8,kg,250,FALSE,-1,N/A,,FALSE,250,FALSE,,FALSE,,211,211,0,FALSE,FALSE,HS_1201
C,A,20010101,2001,52,2001,218,ECU,Ecuador,X,Export,0,W00,World,0,W00,World,H1,HS,TRUE,1201,Soya beans; whether or not broken,4,FALSE,C00,TOTAL CPC,0,0,TOTAL MOT,8,kg,51023398,FALSE,-1,N/A,,FALSE,51023398,FALSE,,FALSE,,10726687,10726687,0,FALSE,FALSE,HS_1201
C,A,20010101,2001,52,2001,222,SLV,El Salvador,X,Export,0,W00,World,0,W00,World,H1,HS,TRUE,1201,Soya beans; whether or not broken,4,FALSE,C00,TOTAL CPC,0,0,TOTAL MOT,8,kg,27326.4,FALSE,8,kg,27326.4,FALSE,27326.4,FALSE,0,FALSE,0,33238.55,33238.55,0,FALSE,TRUE,HS_1201
C,A,20010101,2001,52,2001,348,HUN,Hungary,X,Export,0,W00,World,0,W00,World,H1,HS,TRUE,1201,Soya beans; whether or not broken,4,FALSE,C00,TOTAL CPC,0,0,TOTAL MOT,8,kg,6252500,FALSE,-1,N/A,,FALSE,6252500,FALSE,,FALSE,,1567000,1567000,0,FALSE,FALSE,HS_1201
C,A,20010101,2001,52,2001,360,IDN,Indonesia,X,Export,0,W00,World,0,W00,World,H1,HS,TRUE,1201,Soya beans; whether or not broken,4,FALSE,C00,TOTAL CPC,0,0,TOTAL MOT,8,kg,1188048,FALSE,-1,N/A,,FALSE,1188048,FALSE,,FALSE,,344868,344868,0,FALSE,FALSE,HS_1201
C,A,20010101,2001,52,2001,384,CIV,Côte d'Ivoire,X,Export,0,W00,World,0,W00,World,H1,HS,TRUE,1201,Soya beans; whether or not broken,4,FALSE,C00,TOTAL CPC,0,0,TOTAL MOT,8,kg,105000,FALSE,-1,N/A,,FALSE,105000,FALSE,,FALSE,,21774,21774,0,FALSE,FALSE,HS_1201
C,A,20010101,2001,52,2001,398,KAZ,Kazakhstan,X,Export,0,W00,World,0,W00,World,H1,HS,TRUE,1201,Soya beans; whether or not broken,4,FALSE,C00,TOTAL CPC,0,0,TOTAL MOT,8,kg,19500,FALSE,-1,N/A,,FALSE,19500,FALSE,,FALSE,,4700,4700,0,FALSE,FALSE,HS_1201
C,A,20010101,2001,52,2001,484,MEX,Mexico,X,Export,0,W00,World,0,W00,World,H1,HS,TRUE,1201,Soya beans; whether or not broken,4,FALSE,C00,TOTAL CPC,0,0,TOTAL MOT,8,kg,156622,FALSE,-1,N/A,,FALSE,156622,FALSE,,FALSE,,165557,165557,0,FALSE,FALSE,HS_1201
C,A,20010101,2001,52,2001,604,PER,Peru,X,Export,0,W00,World,0,W00,World,H1,HS,TRUE,1201,Soya beans; whether or not broken,4,FALSE,C00,TOTAL CPC,0,0,TOTAL MOT,8,kg,587,FALSE,-1,N/A,,FALSE,587,FALSE,,FALSE,,841,841,0,FALSE,FALSE,HS_1201
C,A,20010101,2001,52,2001,608,PHL,Philippines,X,Export,0,W00,World,0,W00,World,H1,HS,TRUE,1201,Soya beans; whether or not broken,4,FALSE,C00,TOTAL CPC,0,0,TOTAL MOT,8,kg,3,FALSE,-1,N/A,,FALSE,3,FALSE,,FALSE,,93,93,0,FALSE,FALSE,HS_1201
C,A,20010101,2001,52,2001,642,ROU,Romania,X,Export,0,W00,World,0,W00,World,H1,HS,TRUE,1201,Soya beans; whether or not broken,4,FALSE,C00,TOTAL CPC,0,0,TOTAL MOT,8,kg,8791820,FALSE,8,kg,8791820,FALSE,8791820,FALSE,0,FALSE,0,1900997.72,1900997.72,0,FALSE,TRUE,HS_1201
C,A,20010101,2001,52,2001,682,SAU,Saudi Arabia,X,Export,0,W00,World,0,W00,World,H1,HS,TRUE,1201,Soya beans; whether or not broken,4,FALSE,C00,TOTAL CPC,0,0,TOTAL MOT,8,kg,18000,FALSE,-1,N/A,,FALSE,18000,FALSE,,FALSE,,48000,48000,0,FALSE,FALSE,HS_1201
C,A,20010101,2001,52,2001,704,VNM,Viet Nam,X,Export,0,W00,World,0,W00,World,H1,HS,TRUE,1201,Soya beans; whether or not broken,4,FALSE,C00,TOTAL CPC,0,0,TOTAL MOT,8,kg,1297141,TRUE,-1,N/A,,FALSE,1297141,TRUE,,FALSE,,305492,305492,6,FALSE,FALSE,HS_1201
C,A,20010101,2001,52,2001,710,ZAF,South Africa,X,Export,0,W00,World,0,W00,World,H1,HS,TRUE,1201,Soya beans; whether or not broken,4,FALSE,C00,TOTAL CPC,0,0,TOTAL MOT,8,kg,920818,FALSE,-1,N/A,,FALSE,920818,FALSE,,FALSE,,236134,236134,0,FALSE,FALSE,HS_1201
C,A,20010101,2001,52,2001,784,ARE,United Arab Emirates,X,Export,0,W00,World,0,W00,World,H1,HS,TRUE,1201,Soya beans; whether or not broken,4,FALSE,C00,TOTAL CPC,0,0,TOTAL MOT,-1,N/A,,FALSE,-1,N/A,,FALSE,1584485,FALSE,,FALSE,,355602,355602,0,FALSE,FALSE,HS_1201
C,A,20010101,2001,52,2001,818,EGY,Egypt,X,Export,0,W00,World,0,W00,World,H0,HS,TRUE,1201,Soya beans; whether or not broken,4,FALSE,C00,TOTAL CPC,0,0,TOTAL MOT,-1,N/A,0,FALSE,-1,N/A,0,FALSE,0,FALSE,0,FALSE,0,6483.942,6483.942,0,FALSE,TRUE,HS_1201
C,A,20010101,2001,52,2001,858,URY,Uruguay,X,Export,0,W00,World,0,W00,World,H1,HS,TRUE,1201,Soya beans; whether or not broken,4,FALSE,C00,TOTAL CPC,0,0,TOTAL MOT,8,kg,10847564,FALSE,-1,N/A,,FALSE,10847564,FALSE,,FALSE,,1591601,1591601,0,FALSE,FALSE,HS_1201
C,A,20010101,2001,52,2001,894,ZMB,Zambia,X,Export,0,W00,World,0,W00,World,H1,HS,TRUE,1201,Soya beans; whether or not broken,4,FALSE,C00,TOTAL CPC,0,0,TOTAL MOT,8,kg,3600,FALSE,8,kg,3600,FALSE,3600,FALSE,0,FALSE,0,438,438,0,FALSE,TRUE,HS_1201
C,A,20010101,2001,52,2001,32,ARG,Argentina,X,Export,0,W00,World,0,W00,World,H1,HS,TRUE,1507,"Soya-bean oil and its fractions; whether or not refined, but not chemically modified",4,FALSE,C00,TOTAL CPC,0,0,TOTAL MOT,8,kg,3338140301,FALSE,-1,N/A,,FALSE,3338140301,FALSE,,FALSE,,1055504812,1055504812,0,FALSE,FALSE,HS_1507
C,A,20010101,2001,52,2001,76,BRA,Brazil,X,Export,0,W00,World,0,W00,World,H1,HS,TRUE,1507,"Soya-bean oil and its fractions; whether or not refined, but not chemically modified",4,FALSE,C00,TOTAL CPC,0,0,TOTAL MOT,8,kg,1651188848,FALSE,-1,N/A,0,FALSE,1651525491,FALSE,0,FALSE,,505881688,505881688,0,FALSE,TRUE,HS_1507
C,A,20010101,2001,52,2001,144,LKA,Sri Lanka,X,Export,0,W00,World,0,W00,World,H1,HS,TRUE,1507,"Soya-bean oil and its fractions; whether or not refined, but not chemically modified",4,FALSE,C00,TOTAL CPC,0,0,TOTAL MOT,8,kg,23,FALSE,-1,N/A,,FALSE,23,FALSE,,FALSE,,51,51,0,FALSE,FALSE,HS_1507
C,A,20010101,2001,52,2001,152,CHL,Chile,X,Export,0,W00,World,0,W00,World,H1,HS,TRUE,1507,"Soya-bean oil and its fractions; whether or not refined, but not chemically modified",4,FALSE,C00,TOTAL CPC,0,0,TOTAL MOT,8,kg,454309,TRUE,-1,N/A,,FALSE,454309,TRUE,,FALSE,,237389,237389,6,FALSE,FALSE,HS_1507
C,A,20010101,2001,52,2001,170,COL,Colombia,X,Export,0,W00,World,0,W00,World,H1,HS,TRUE,1507,"Soya-bean oil and its fractions; whether or not refined, but not chemically modified",4,FALSE,C00,TOTAL CPC,0,0,TOTAL MOT,8,kg,8132960,FALSE,-1,N/A,,FALSE,8132960,FALSE,,FALSE,,3069141,3069141,0,FALSE,FALSE,HS_1507
C,A,20010101,2001,52,2001,218,ECU,Ecuador,X,Export,0,W00,World,0,W00,World,H1,HS,TRUE,1507,"Soya-bean oil and its fractions; whether or not refined, but not chemically modified",4,FALSE,C00,TOTAL CPC,0,0,TOTAL MOT,8,kg,2823960,FALSE,-1,N/A,,FALSE,2823960,FALSE,,FALSE,,2082602,2082602,0,FALSE,FALSE,HS_1507
C,A,20010101,2001,52,2001,222,SLV,El Salvador,X,Export,0,W00,World,0,W00,World,H1,HS,TRUE,1507,"Soya-bean oil and its fractions; whether or not refined, but not chemically modified",4,FALSE,C00,TOTAL CPC,0,0,TOTAL MOT,8,kg,345097.5,FALSE,8,kg,345097.5,FALSE,345097.5,FALSE,0,FALSE,0,184682.13,184682.13,0,FALSE,TRUE,HS_1507
C,A,20010101,2001,52,2001,360,IDN,Indonesia,X,Export,0,W00,World,0,W00,World,H1,HS,TRUE,1507,"Soya-bean oil and its fractions; whether or not refined, but not chemically modified",4,FALSE,C00,TOTAL CPC,0,0,TOTAL MOT,8,kg,131220,FALSE,-1,N/A,,FALSE,131220,FALSE,,FALSE,,50334,50334,0,FALSE,FALSE,HS_1507
C,A,20010101,2001,52,2001,384,CIV,Côte d'Ivoire,X,Export,0,W00,World,0,W00,World,H1,HS,TRUE,1507,"Soya-bean oil and its fractions; whether or not refined, but not chemically modified",4,FALSE,C00,TOTAL CPC,0,0,TOTAL MOT,8,kg,25388,FALSE,-1,N/A,,FALSE,25388,FALSE,,FALSE,,10622,10622,0,FALSE,FALSE,HS_1507
C,A,20010101,2001,52,2001,398,KAZ,Kazakhstan,X,Export,0,W00,World,0,W00,World,H1,HS,TRUE,1507,"Soya-bean oil and its fractions; whether or not refined, but not chemically modified",4,FALSE,C00,TOTAL CPC,0,0,TOTAL MOT,8,kg,14000,FALSE,-1,N/A,,FALSE,14000,FALSE,,FALSE,,10500,10500,0,FALSE,FALSE,HS_1507
C,A,20010101,2001,52,2001,484,MEX,Mexico,X,Export,0,W00,World,0,W00,World,H1,HS,TRUE,1507,"Soya-bean oil and its fractions; whether or not refined, but not chemically modified",4,FALSE,C00,TOTAL CPC,0,0,TOTAL MOT,8,kg,3827852,FALSE,-1,N/A,,FALSE,3827852,FALSE,,FALSE,,2090659,2090659,0,FALSE,FALSE,HS_1507
C,A,20010101,2001,52,2001,504,MAR,Morocco,X,Export,0,W00,World,0,W00,World,H1,HS,TRUE,1507,"Soya-bean oil and its fractions; whether or not refined, but not chemically modified",4,FALSE,C00,TOTAL CPC,0,0,TOTAL MOT,8,kg,195607,FALSE,8,kg,195607,FALSE,195607,FALSE,0,FALSE,0,111938.638,111938.638,0,FALSE,TRUE,HS_1507
C,A,20010101,2001,52,2001,608,PHL,Philippines,X,Export,0,W00,World,0,W00,World,H1,HS,TRUE,1507,"Soya-bean oil and its fractions; whether or not refined, but not chemically modified",4,FALSE,C00,TOTAL CPC,0,0,TOTAL MOT,8,kg,1e+06,FALSE,-1,N/A,,FALSE,1e+06,FALSE,,FALSE,,5e+05,5e+05,0,FALSE,FALSE,HS_1507
C,A,20010101,2001,52,2001,642,ROU,Romania,X,Export,0,W00,World,0,W00,World,H1,HS,TRUE,1507,"Soya-bean oil and its fractions; whether or not refined, but not chemically modified",4,FALSE,C00,TOTAL CPC,0,0,TOTAL MOT,8,kg,11432850,FALSE,8,kg,11432850,FALSE,11432850,FALSE,0,FALSE,0,4191001.18,4191001.18,0,FALSE,TRUE,HS_1507
C,A,20010101,2001,52,2001,704,VNM,Viet Nam,X,Export,0,W00,World,0,W00,World,H1,HS,TRUE,1507,"Soya-bean oil and its fractions; whether or not refined, but not chemically modified",4,FALSE,C00,TOTAL CPC,0,0,TOTAL MOT,8,kg,7646,TRUE,-1,N/A,,FALSE,7646,TRUE,,FALSE,,3995,3995,6,FALSE,FALSE,HS_1507
C,A,20010101,2001,52,2001,710,ZAF,South Africa,X,Export,0,W00,World,0,W00,World,H1,HS,TRUE,1507,"Soya-bean oil and its fractions; whether or not refined, but not chemically modified",4,FALSE,C00,TOTAL CPC,0,0,TOTAL MOT,8,kg,10160957,FALSE,-1,N/A,,FALSE,10160957,FALSE,,FALSE,,4386735,4386735,0,FALSE,FALSE,HS_1507
C,A,20010101,2001,52,2001,784,ARE,United Arab Emirates,X,Export,0,W00,World,0,W00,World,H1,HS,TRUE,1507,"Soya-bean oil and its fractions; whether or not refined, but not chemically modified",4,FALSE,C00,TOTAL CPC,0,0,TOTAL MOT,-1,N/A,,FALSE,-1,N/A,,FALSE,861047,FALSE,,FALSE,,600375,600375,0,FALSE,FALSE,HS_1507
C,A,20010101,2001,52,2001,792,TUR,Türkiye,X,Export,0,W00,World,0,W00,World,H1,HS,TRUE,1507,"Soya-bean oil and its fractions; whether or not refined, but not chemically modified",4,FALSE,C00,TOTAL CPC,0,0,TOTAL MOT,8,kg,1219996,FALSE,8,kg,1219996,FALSE,1219996,FALSE,0,FALSE,0,606998,606998,0,FALSE,TRUE,HS_1507
C,A,20010101,2001,52,2001,818,EGY,Egypt,X,Export,0,W00,World,0,W00,World,H0,HS,TRUE,1507,"Soya-bean oil and its fractions; whether or not refined, but not chemically modified",4,FALSE,C00,TOTAL CPC,0,0,TOTAL MOT,8,kg,79933.887,TRUE,-1,N/A,0,FALSE,79933.887,TRUE,0,FALSE,0,41138.709,41138.709,6,FALSE,TRUE,HS_1507
C,A,20010101,2001,52,2001,894,ZMB,Zambia,X,Export,0,W00,World,0,W00,World,H1,HS,TRUE,1507,"Soya-bean oil and its fractions; whether or not refined, but not chemically modified",4,FALSE,C00,TOTAL CPC,0,0,TOTAL MOT,8,kg,90000,FALSE,8,kg,90000,FALSE,90000,FALSE,0,FALSE,0,44217,44217,0,FALSE,TRUE,HS_1507
C,A,20010101,2001,52,2001,32,ARG,Argentina,X,Export,0,W00,World,0,W00,World,H1,HS,TRUE,1701,"Cane or beet sugar and chemically pure sucrose, in solid form",4,FALSE,C00,TOTAL CPC,0,0,TOTAL MOT,8,kg,119255094,FALSE,-1,N/A,,FALSE,119255094,FALSE,,FALSE,,36654525,36654525,0,FALSE,FALSE,HS_1701
C,A,20010101,2001,52,2001,48,BHR,Bahrain,X,Export,0,W00,World,0,W00,World,H0,HS,TRUE,1701,"Cane or beet sugar and chemically pure sucrose, in solid form",4,FALSE,C00,TOTAL CPC,0,0,TOTAL MOT,8,kg,19412,FALSE,-1,N/A,,FALSE,19412,FALSE,,FALSE,,44987,44987,0,TRUE,FALSE,HS_1701
C,A,20010101,2001,52,2001,76,BRA,Brazil,X,Export,0,W00,World,0,W00,World,H1,HS,TRUE,1701,"Cane or beet sugar and chemically pure sucrose, in solid form",4,FALSE,C00,TOTAL CPC,0,0,TOTAL MOT,8,kg,11161305200,FALSE,-1,N/A,0,FALSE,11159962399,FALSE,0,FALSE,,2276172241,2276172241,0,FALSE,TRUE,HS_1701
C,A,20010101,2001,52,2001,144,LKA,Sri Lanka,X,Export,0,W00,World,0,W00,World,H1,HS,TRUE,1701,"Cane or beet sugar and chemically pure sucrose, in solid form",4,FALSE,C00,TOTAL CPC,0,0,TOTAL MOT,8,kg,40615,TRUE,-1,N/A,,FALSE,40615,TRUE,,FALSE,,80018,80018,6,FALSE,FALSE,HS_1701
C,A,20010101,2001,52,2001,152,CHL,Chile,X,Export,0,W00,World,0,W00,World,H1,HS,TRUE,1701,"Cane or beet sugar and chemically pure sucrose, in solid form",4,FALSE,C00,TOTAL CPC,0,0,TOTAL MOT,8,kg,95600,TRUE,-1,N/A,,FALSE,95600,TRUE,,FALSE,,51199,51199,6,FALSE,FALSE,HS_1701
C,A,20010101,2001,52,2001,170,COL,Colombia,X,Export,0,W00,World,0,W00,World,H1,HS,TRUE,1701,"Cane or beet sugar and chemically pure sucrose, in solid form",4,FALSE,C00,TOTAL CPC,0,0,TOTAL MOT,8,kg,905107843,FALSE,-1,N/A,,FALSE,905107843,FALSE,,FALSE,,216989609,216989609,0,FALSE,FALSE,HS_1701
C,A,20010101,2001,52,2001,218,ECU,Ecuador,X,Export,0,W00,World,0,W00,World,H1,HS,TRUE,1701,"Cane or beet sugar and chemically pure sucrose, in solid form",4,FALSE,C00,TOTAL CPC,0,0,TOTAL MOT,8,kg,62295488,FALSE,-1,N/A,,FALSE,62295488,FALSE,,FALSE,,21591455,21591455,0,FALSE,FALSE,HS_1701
C,A,20010101,2001,52,2001,222,SLV,El Salvador,X,Export,0,W00,World,0,W00,World,H1,HS,TRUE,1701,"Cane or beet sugar and chemically pure sucrose, in solid form",4,FALSE,C00,TOTAL CPC,0,0,TOTAL MOT,-1,N/A,0,TRUE,-1,N/A,0,FALSE,0,TRUE,0,FALSE,0,70476432.06,70476432.06,6,FALSE,TRUE,HS_1701
C,A,20010101,2001,52,2001,348,HUN,Hungary,X,Export,0,W00,World,0,W00,World,H1,HS,TRUE,1701,"Cane or beet sugar and chemically pure sucrose, in solid form",4,FALSE,C00,TOTAL CPC,0,0,TOTAL MOT,8,kg,8093900,FALSE,-1,N/A,,FALSE,8093900,FALSE,,FALSE,,2446000,2446000,0,FALSE,FALSE,HS_1701
C,A,20010101,2001,52,2001,360,IDN,Indonesia,X,Export,0,W00,World,0,W00,World,H1,HS,TRUE,1701,"Cane or beet sugar and chemically pure sucrose, in solid form",4,FALSE,C00,TOTAL CPC,0,0,TOTAL MOT,8,kg,5883791,FALSE,-1,N/A,,FALSE,5883791,FALSE,,FALSE,,1331565,1331565,0,FALSE,FALSE,HS_1701
C,A,20010101,2001,52,2001,384,CIV,Côte d'Ivoire,X,Export,0,W00,World,0,W00,World,H1,HS,TRUE,1701,"Cane or beet sugar and chemically pure sucrose, in solid form",4,FALSE,C00,TOTAL CPC,0,0,TOTAL MOT,8,kg,51451238,FALSE,-1,N/A,,FALSE,51451238,FALSE,,FALSE,,20060223,20060223,0,FALSE,FALSE,HS_1701
C,A,20010101,2001,52,2001,398,KAZ,Kazakhstan,X,Export,0,W00,World,0,W00,World,H1,HS,TRUE,1701,"Cane or beet sugar and chemically pure sucrose, in solid form",4,FALSE,C00,TOTAL CPC,0,0,TOTAL MOT,8,kg,2820900,FALSE,-1,N/A,,FALSE,2820900,FALSE,,FALSE,,1112200,1112200,0,FALSE,FALSE,HS_1701
C,A,20010101,2001,52,2001,484,MEX,Mexico,X,Export,0,W00,World,0,W00,World,H1,HS,TRUE,1701,"Cane or beet sugar and chemically pure sucrose, in solid form",4,FALSE,C00,TOTAL CPC,0,0,TOTAL MOT,8,kg,121192145,FALSE,-1,N/A,,FALSE,121192145,FALSE,,FALSE,,42421671,42421671,0,FALSE,FALSE,HS_1701
C,A,20010101,2001,52,2001,504,MAR,Morocco,X,Export,0,W00,World,0,W00,World,H1,HS,TRUE,1701,"Cane or beet sugar and chemically pure sucrose, in solid form",4,FALSE,C00,TOTAL CPC,0,0,TOTAL MOT,8,kg,14601,FALSE,8,kg,14601,FALSE,14601,FALSE,0,FALSE,0,8021.34,8021.34,0,FALSE,TRUE,HS_1701
C,A,20010101,2001,52,2001,566,NGA,Nigeria,X,Export,0,W00,World,0,W00,World,H1,HS,TRUE,1701,"Cane or beet sugar and chemically pure sucrose, in solid form",4,FALSE,C00,TOTAL CPC,0,0,TOTAL MOT,8,kg,11285600,FALSE,-1,N/A,,FALSE,11285600,FALSE,,FALSE,,885482,885482,0,FALSE,FALSE,HS_1701
C,A,20010101,2001,52,2001,591,PAN,Panama,X,Export,0,W00,World,0,W00,World,H1,HS,TRUE,1701,"Cane or beet sugar and chemically pure sucrose, in solid form",4,FALSE,C00,TOTAL CPC,0,0,TOTAL MOT,8,kg,41188571,FALSE,-1,N/A,,FALSE,41188571,FALSE,,FALSE,,13936067,13936067,0,FALSE,FALSE,HS_1701
C,A,20010101,2001,52,2001,604,PER,Peru,X,Export,0,W00,World,0,W00,World,H1,HS,TRUE,1701,"Cane or beet sugar and chemically pure sucrose, in solid form",4,FALSE,C00,TOTAL CPC,0,0,TOTAL MOT,8,kg,41917732,FALSE,-1,N/A,,FALSE,41917732,FALSE,,FALSE,,16958194,16958194,0,FALSE,FALSE,HS_1701
C,A,20010101,2001,52,2001,608,PHL,Philippines,X,Export,0,W00,World,0,W00,World,H1,HS,TRUE,1701,"Cane or beet sugar and chemically pure sucrose, in solid form",4,FALSE,C00,TOTAL CPC,0,0,TOTAL MOT,8,kg,57075471,FALSE,-1,N/A,,FALSE,57075471,FALSE,,FALSE,,23128527,23128527,0,FALSE,FALSE,HS_1701
C,A,20010101,2001,52,2001,616,POL,Poland,X,Export,0,W00,World,0,W00,World,H1,HS,TRUE,1701,"Cane or beet sugar and chemically pure sucrose, in solid form",4,FALSE,C00,TOTAL CPC,0,0,TOTAL MOT,8,kg,293311199,FALSE,-1,N/A,,FALSE,293311199,FALSE,,FALSE,,80945000,80945000,0,FALSE,FALSE,HS_1701
C,A,20010101,2001,52,2001,642,ROU,Romania,X,Export,0,W00,World,0,W00,World,H1,HS,TRUE,1701,"Cane or beet sugar and chemically pure sucrose, in solid form",4,FALSE,C00,TOTAL CPC,0,0,TOTAL MOT,8,kg,4609909.14,FALSE,8,kg,4609909.14,FALSE,4609909.14,FALSE,0,FALSE,0,1440820.42,1440820.42,0,FALSE,TRUE,HS_1701
C,A,20010101,2001,52,2001,686,SEN,Senegal,X,Export,0,W00,World,0,W00,World,H1,HS,TRUE,1701,"Cane or beet sugar and chemically pure sucrose, in solid form",4,FALSE,C00,TOTAL CPC,0,0,TOTAL MOT,8,kg,252825,FALSE,-1,N/A,,FALSE,252825,FALSE,,FALSE,,300185,300185,0,FALSE,FALSE,HS_1701
C,A,20010101,2001,52,2001,704,VNM,Viet Nam,X,Export,0,W00,World,0,W00,World,H1,HS,TRUE,1701,"Cane or beet sugar and chemically pure sucrose, in solid form",4,FALSE,C00,TOTAL CPC,0,0,TOTAL MOT,8,kg,114471873,TRUE,-1,N/A,,FALSE,114471873,TRUE,,FALSE,,30128679,30128679,6,FALSE,FALSE,HS_1701
C,A,20010101,2001,52,2001,710,ZAF,South Africa,X,Export,0,W00,World,0,W00,World,H1,HS,TRUE,1701,"Cane or beet sugar and chemically pure sucrose, in solid form",4,FALSE,C00,TOTAL CPC,0,0,TOTAL MOT,8,kg,1513909244,TRUE,-1,N/A,,FALSE,1513909244,TRUE,,FALSE,,306901580,306901580,6,FALSE,FALSE,HS_1701
C,A,20010101,2001,52,2001,784,ARE,United Arab Emirates,X,Export,0,W00,World,0,W00,World,H1,HS,TRUE,1701,"Cane or beet sugar and chemically pure sucrose, in solid form",4,FALSE,C00,TOTAL CPC,0,0,TOTAL MOT,-1,N/A,,FALSE,-1,N/A,,FALSE,136351778,FALSE,,FALSE,,37718631,37718631,0,FALSE,FALSE,HS_1701
C,A,20010101,2001,52,2001,792,TUR,Türkiye,X,Export,0,W00,World,0,W00,World,H1,HS,TRUE,1701,"Cane or beet sugar and chemically pure sucrose, in solid form",4,FALSE,C00,TOTAL CPC,0,0,TOTAL MOT,8,kg,858718620,FALSE,8,kg,858718620,FALSE,858718620,FALSE,0,FALSE,0,221719351,221719351,0,FALSE,TRUE,HS_1701
C,A,20010101,2001,52,2001,818,EGY,Egypt,X,Export,0,W00,World,0,W00,World,H0,HS,TRUE,1701,"Cane or beet sugar and chemically pure sucrose, in solid form",4,FALSE,C00,TOTAL CPC,0,0,TOTAL MOT,8,kg,38704409.584,TRUE,-1,N/A,0,FALSE,38704409.584,TRUE,0,FALSE,0,9694011.839,9694011.839,6,FALSE,TRUE,HS_1701
C,A,20010101,2001,52,2001,858,URY,Uruguay,X,Export,0,W00,World,0,W00,World,H1,HS,TRUE,1701,"Cane or beet sugar and chemically pure sucrose, in solid form",4,FALSE,C00,TOTAL CPC,0,0,TOTAL MOT,8,kg,13960628,FALSE,-1,N/A,,FALSE,13960628,FALSE,,FALSE,,5444584,5444584,0,FALSE,FALSE,HS_1701
C,A,20010101,2001,52,2001,894,ZMB,Zambia,X,Export,0,W00,World,0,W00,World,H1,HS,TRUE,1701,"Cane or beet sugar and chemically pure sucrose, in solid form",4,FALSE,C00,TOTAL CPC,0,0,TOTAL MOT,8,kg,130048862,FALSE,8,kg,130048862,FALSE,130048862,FALSE,0,FALSE,0,36904498,36904498,0,FALSE,TRUE,HS_1701
C,A,20010101,2001,52,2001,32,ARG,Argentina,X,Export,0,W00,World,0,W00,World,H1,HS,TRUE,2304,"Oil-cake and other solid residues; whether or not ground or in the form of pellets, resulting from the extraction of soya-bean oil",4,FALSE,C00,TOTAL CPC,0,0,TOTAL MOT,8,kg,14623672687,FALSE,-1,N/A,,FALSE,14623672687,FALSE,,FALSE,,2400950601,2400950601,0,FALSE,FALSE,HS_2304
C,A,20010101,2001,52,2001,76,BRA,Brazil,X,Export,0,W00,World,0,W00,World,H1,HS,TRUE,2304,"Oil-cake and other solid residues; whether or not ground or in the form of pellets, resulting from the extraction of soya-bean oil",4,FALSE,C00,TOTAL CPC,0,0,TOTAL MOT,-1,N/A,0,FALSE,-1,N/A,0,FALSE,11270732307,FALSE,0,FALSE,,2065192008,2065192008,0,FALSE,TRUE,HS_2304
C,A,20010101,2001,52,2001,170,COL,Colombia,X,Export,0,W00,World,0,W00,World,H1,HS,TRUE,2304,"Oil-cake and other solid residues; whether or not ground or in the form of pellets, resulting from the extraction of soya-bean oil",4,FALSE,C00,TOTAL CPC,0,0,TOTAL MOT,8,kg,41088464,FALSE,-1,N/A,,FALSE,41088464,FALSE,,FALSE,,11241920,11241920,0,FALSE,FALSE,HS_2304
C,A,20010101,2001,52,2001,218,ECU,Ecuador,X,Export,0,W00,World,0,W00,World,H1,HS,TRUE,2304,"Oil-cake and other solid residues; whether or not ground or in the form of pellets, resulting from the extraction of soya-bean oil",4,FALSE,C00,TOTAL CPC,0,0,TOTAL MOT,8,kg,1410060,FALSE,-1,N/A,,FALSE,1410060,FALSE,,FALSE,,379093,379093,0,FALSE,FALSE,HS_2304
C,A,20010101,2001,52,2001,222,SLV,El Salvador,X,Export,0,W00,World,0,W00,World,H1,HS,TRUE,2304,"Oil-cake and other solid residues; whether or not ground or in the form of pellets, resulting from the extraction of soya-bean oil",4,FALSE,C00,TOTAL CPC,0,0,TOTAL MOT,8,kg,545363.8,FALSE,8,kg,545363.8,FALSE,545363.8,FALSE,0,FALSE,0,96012,96012,0,FALSE,TRUE,HS_2304
C,A,20010101,2001,52,2001,348,HUN,Hungary,X,Export,0,W00,World,0,W00,World,H1,HS,TRUE,2304,"Oil-cake and other solid residues; whether or not ground or in the form of pellets, resulting from the extraction of soya-bean oil",4,FALSE,C00,TOTAL CPC,0,0,TOTAL MOT,8,kg,5375900,FALSE,-1,N/A,,FALSE,5375900,FALSE,,FALSE,,1386000,1386000,0,FALSE,FALSE,HS_2304
C,A,20010101,2001,52,2001,360,IDN,Indonesia,X,Export,0,W00,World,0,W00,World,H1,HS,TRUE,2304,"Oil-cake and other solid residues; whether or not ground or in the form of pellets, resulting from the extraction of soya-bean oil",4,FALSE,C00,TOTAL CPC,0,0,TOTAL MOT,8,kg,1953,FALSE,-1,N/A,,FALSE,1953,FALSE,,FALSE,,13294,13294,0,FALSE,FALSE,HS_2304
C,A,20010101,2001,52,2001,398,KAZ,Kazakhstan,X,Export,0,W00,World,0,W00,World,H1,HS,TRUE,2304,"Oil-cake and other solid residues; whether or not ground or in the form of pellets, resulting from the extraction of soya-bean oil",4,FALSE,C00,TOTAL CPC,0,0,TOTAL MOT,8,kg,17000,FALSE,-1,N/A,,FALSE,17000,FALSE,,FALSE,,900,900,0,FALSE,FALSE,HS_2304
C,A,20010101,2001,52,2001,484,MEX,Mexico,X,Export,0,W00,World,0,W00,World,H1,HS,TRUE,2304,"Oil-cake and other solid residues; whether or not ground or in the form of pellets, resulting from the extraction of soya-bean oil",4,FALSE,C00,TOTAL CPC,0,0,TOTAL MOT,8,kg,8202639,FALSE,-1,N/A,,FALSE,8202639,FALSE,,FALSE,,2236471,2236471,0,FALSE,FALSE,HS_2304
C,A,20010101,2001,52,2001,642,ROU,Romania,X,Export,0,W00,World,0,W00,World,H1,HS,TRUE,2304,"Oil-cake and other solid residues; whether or not ground or in the form of pellets, resulting from the extraction of soya-bean oil",4,FALSE,C00,TOTAL CPC,0,0,TOTAL MOT,8,kg,4377392,FALSE,8,kg,4377392,FALSE,4377392,FALSE,0,FALSE,0,1144995.47,1144995.47,0,FALSE,TRUE,HS_2304
C,A,20010101,2001,52,2001,704,VNM,Viet Nam,X,Export,0,W00,World,0,W00,World,H1,HS,TRUE,2304,"Oil-cake and other solid residues; whether or not ground or in the form of pellets, resulting from the extraction of soya-bean oil",4,FALSE,C00,TOTAL CPC,0,0,TOTAL MOT,8,kg,393366,TRUE,-1,N/A,,FALSE,393366,TRUE,,FALSE,,80818,80818,6,FALSE,FALSE,HS_2304
C,A,20010101,2001,52,2001,710,ZAF,South Africa,X,Export,0,W00,World,0,W00,World,H1,HS,TRUE,2304,"Oil-cake and other solid residues; whether or not ground or in the form of pellets, resulting from the extraction of soya-bean oil",4,FALSE,C00,TOTAL CPC,0,0,TOTAL MOT,8,kg,7520466,FALSE,-1,N/A,,FALSE,7520466,FALSE,,FALSE,,1944524,1944524,0,FALSE,FALSE,HS_2304
C,A,20010101,2001,52,2001,784,ARE,United Arab Emirates,X,Export,0,W00,World,0,W00,World,H1,HS,TRUE,2304,"Oil-cake and other solid residues; whether or not ground or in the form of pellets, resulting from the extraction of soya-bean oil",4,FALSE,C00,TOTAL CPC,0,0,TOTAL MOT,-1,N/A,,FALSE,-1,N/A,,FALSE,183600,FALSE,,FALSE,,34653,34653,0,FALSE,FALSE,HS_2304
C,A,20010101,2001,52,2001,792,TUR,Türkiye,X,Export,0,W00,World,0,W00,World,H1,HS,TRUE,2304,"Oil-cake and other solid residues; whether or not ground or in the form of pellets, resulting from the extraction of soya-bean oil",4,FALSE,C00,TOTAL CPC,0,0,TOTAL MOT,8,kg,8296514,FALSE,8,kg,8296514,FALSE,8296514,FALSE,0,FALSE,0,2228373,2228373,0,FALSE,TRUE,HS_2304
C,A,20010101,2001,52,2001,818,EGY,Egypt,X,Export,0,W00,World,0,W00,World,H0,HS,TRUE,2304,"Oil-cake and other solid residues; whether or not ground or in the form of pellets, resulting from the extraction of soya-bean oil",4,FALSE,C00,TOTAL CPC,0,0,TOTAL MOT,8,kg,227503.733,TRUE,-1,N/A,0,FALSE,227503.733,TRUE,0,FALSE,0,42115.475,42115.475,6,FALSE,TRUE,HS_2304
C,A,20010101,2001,52,2001,894,ZMB,Zambia,X,Export,0,W00,World,0,W00,World,H1,HS,TRUE,2304,"Oil-cake and other solid residues; whether or not ground or in the form of pellets, resulting from the extraction of soya-bean oil",4,FALSE,C00,TOTAL CPC,0,0,TOTAL MOT,8,kg,75000,FALSE,8,kg,75000,FALSE,75000,FALSE,0,FALSE,0,21926,21926,0,FALSE,TRUE,HS_2304
C,A,20010101,2001,52,2001,32,ARG,Argentina,X,Export,0,W00,World,0,W00,World,H1,HS,TRUE,5201,Cotton; not carded or combed,4,FALSE,C00,TOTAL CPC,0,0,TOTAL MOT,8,kg,89262025,FALSE,-1,N/A,,FALSE,89262025,FALSE,,FALSE,,72845175,72845175,0,FALSE,FALSE,HS_5201
C,A,20010101,2001,52,2001,48,BHR,Bahrain,X,Export,0,W00,World,0,W00,World,H0,HS,TRUE,5201,Cotton; not carded or combed,4,FALSE,C00,TOTAL CPC,0,0,TOTAL MOT,8,kg,201739,FALSE,-1,N/A,,FALSE,201739,FALSE,,FALSE,,114548,114548,0,TRUE,FALSE,HS_5201
C,A,20010101,2001,52,2001,76,BRA,Brazil,X,Export,0,W00,World,0,W00,World,H1,HS,TRUE,5201,Cotton; not carded or combed,4,FALSE,C00,TOTAL CPC,0,0,TOTAL MOT,-1,N/A,0,FALSE,21,1000 KG,4432630,FALSE,147186169,FALSE,0,FALSE,,154154558,154154558,0,FALSE,TRUE,HS_5201
C,A,20010101,2001,52,2001,144,LKA,Sri Lanka,X,Export,0,W00,World,0,W00,World,H1,HS,TRUE,5201,Cotton; not carded or combed,4,FALSE,C00,TOTAL CPC,0,0,TOTAL MOT,8,kg,16987,FALSE,-1,N/A,,FALSE,16987,FALSE,,FALSE,,19821,19821,0,FALSE,FALSE,HS_5201
C,A,20010101,2001,52,2001,170,COL,Colombia,X,Export,0,W00,World,0,W00,World,H1,HS,TRUE,5201,Cotton; not carded or combed,4,FALSE,C00,TOTAL CPC,0,0,TOTAL MOT,8,kg,106000,FALSE,-1,N/A,,FALSE,106000,FALSE,,FALSE,,165100,165100,0,FALSE,FALSE,HS_5201
C,A,20010101,2001,52,2001,218,ECU,Ecuador,X,Export,0,W00,World,0,W00,World,H1,HS,TRUE,5201,Cotton; not carded or combed,4,FALSE,C00,TOTAL CPC,0,0,TOTAL MOT,8,kg,431379,FALSE,-1,N/A,,FALSE,431379,FALSE,,FALSE,,529558,529558,0,FALSE,FALSE,HS_5201
C,A,20010101,2001,52,2001,222,SLV,El Salvador,X,Export,0,W00,World,0,W00,World,H1,HS,TRUE,5201,Cotton; not carded or combed,4,FALSE,C00,TOTAL CPC,0,0,TOTAL MOT,8,kg,71271.13,FALSE,8,kg,71271.13,FALSE,71271.13,FALSE,0,FALSE,0,57490.28,57490.28,0,FALSE,TRUE,HS_5201
C,A,20010101,2001,52,2001,360,IDN,Indonesia,X,Export,0,W00,World,0,W00,World,H1,HS,TRUE,5201,Cotton; not carded or combed,4,FALSE,C00,TOTAL CPC,0,0,TOTAL MOT,8,kg,3454771,FALSE,-1,N/A,,FALSE,3454771,FALSE,,FALSE,,8272911,8272911,0,FALSE,FALSE,HS_5201
C,A,20010101,2001,52,2001,384,CIV,Côte d'Ivoire,X,Export,0,W00,World,0,W00,World,H1,HS,TRUE,5201,Cotton; not carded or combed,4,FALSE,C00,TOTAL CPC,0,0,TOTAL MOT,8,kg,112625978,FALSE,-1,N/A,,FALSE,112625978,FALSE,,FALSE,,124373504,124373504,0,FALSE,FALSE,HS_5201
C,A,20010101,2001,52,2001,398,KAZ,Kazakhstan,X,Export,0,W00,World,0,W00,World,H1,HS,TRUE,5201,Cotton; not carded or combed,4,FALSE,C00,TOTAL CPC,0,0,TOTAL MOT,8,kg,96444800,FALSE,-1,N/A,,FALSE,96444800,FALSE,,FALSE,,83307000,83307000,0,FALSE,FALSE,HS_5201
C,A,20010101,2001,52,2001,484,MEX,Mexico,X,Export,0,W00,World,0,W00,World,H1,HS,TRUE,5201,Cotton; not carded or combed,4,FALSE,C00,TOTAL CPC,0,0,TOTAL MOT,8,kg,18328082,FALSE,-1,N/A,,FALSE,18328082,FALSE,,FALSE,,22274883,22274883,0,FALSE,FALSE,HS_5201
C,A,20010101,2001,52,2001,504,MAR,Morocco,X,Export,0,W00,World,0,W00,World,H1,HS,TRUE,5201,Cotton; not carded or combed,4,FALSE,C00,TOTAL CPC,0,0,TOTAL MOT,8,kg,30457,FALSE,8,kg,30457,FALSE,30457,FALSE,0,FALSE,0,68947.221,68947.221,0,FALSE,TRUE,HS_5201
C,A,20010101,2001,52,2001,566,NGA,Nigeria,X,Export,0,W00,World,0,W00,World,H1,HS,TRUE,5201,Cotton; not carded or combed,4,FALSE,C00,TOTAL CPC,0,0,TOTAL MOT,8,kg,754972,FALSE,-1,N/A,,FALSE,754972,FALSE,,FALSE,,988388,988388,0,FALSE,FALSE,HS_5201
C,A,20010101,2001,52,2001,604,PER,Peru,X,Export,0,W00,World,0,W00,World,H1,HS,TRUE,5201,Cotton; not carded or combed,4,FALSE,C00,TOTAL CPC,0,0,TOTAL MOT,8,kg,2208798,FALSE,-1,N/A,,FALSE,2208798,FALSE,,FALSE,,4340540,4340540,0,FALSE,FALSE,HS_5201
C,A,20010101,2001,52,2001,616,POL,Poland,X,Export,0,W00,World,0,W00,World,H1,HS,TRUE,5201,Cotton; not carded or combed,4,FALSE,C00,TOTAL CPC,0,0,TOTAL MOT,8,kg,214708,FALSE,-1,N/A,,FALSE,214708,FALSE,,FALSE,,277000,277000,0,FALSE,FALSE,HS_5201
C,A,20010101,2001,52,2001,642,ROU,Romania,X,Export,0,W00,World,0,W00,World,H1,HS,TRUE,5201,Cotton; not carded or combed,4,FALSE,C00,TOTAL CPC,0,0,TOTAL MOT,8,kg,44147.7,FALSE,8,kg,44147.7,FALSE,44147.7,FALSE,0,FALSE,0,62516.24,62516.24,0,FALSE,TRUE,HS_5201
C,A,20010101,2001,52,2001,686,SEN,Senegal,X,Export,0,W00,World,0,W00,World,H1,HS,TRUE,5201,Cotton; not carded or combed,4,FALSE,C00,TOTAL CPC,0,0,TOTAL MOT,8,kg,457,FALSE,-1,N/A,,FALSE,457,FALSE,,FALSE,,68,68,0,FALSE,FALSE,HS_5201
C,A,20010101,2001,52,2001,704,VNM,Viet Nam,X,Export,0,W00,World,0,W00,World,H1,HS,TRUE,5201,Cotton; not carded or combed,4,FALSE,C00,TOTAL CPC,0,0,TOTAL MOT,8,kg,66935,TRUE,-1,N/A,,FALSE,66935,TRUE,,FALSE,,75813,75813,6,FALSE,FALSE,HS_5201
C,A,20010101,2001,52,2001,710,ZAF,South Africa,X,Export,0,W00,World,0,W00,World,H1,HS,TRUE,5201,Cotton; not carded or combed,4,FALSE,C00,TOTAL CPC,0,0,TOTAL MOT,8,kg,4531147,TRUE,-1,N/A,,FALSE,4531147,TRUE,,FALSE,,4462261,4462261,6,FALSE,FALSE,HS_5201
C,A,20010101,2001,52,2001,784,ARE,United Arab Emirates,X,Export,0,W00,World,0,W00,World,H1,HS,TRUE,5201,Cotton; not carded or combed,4,FALSE,C00,TOTAL CPC,0,0,TOTAL MOT,-1,N/A,,FALSE,-1,N/A,,FALSE,157852,FALSE,,FALSE,,361015,361015,0,FALSE,FALSE,HS_5201
C,A,20010101,2001,52,2001,792,TUR,Türkiye,X,Export,0,W00,World,0,W00,World,H1,HS,TRUE,5201,Cotton; not carded or combed,4,FALSE,C00,TOTAL CPC,0,0,TOTAL MOT,8,kg,30042980,FALSE,8,kg,30042980,FALSE,30042980,FALSE,0,FALSE,0,37399386,37399386,0,FALSE,TRUE,HS_5201
C,A,20010101,2001,52,2001,818,EGY,Egypt,X,Export,0,W00,World,0,W00,World,H0,HS,TRUE,5201,Cotton; not carded or combed,4,FALSE,C00,TOTAL CPC,0,0,TOTAL MOT,-1,N/A,0,FALSE,-1,N/A,0,FALSE,0,FALSE,0,FALSE,0,186866109.928,186866109.928,0,FALSE,TRUE,HS_5201
C,A,20010101,2001,52,2001,894,ZMB,Zambia,X,Export,0,W00,World,0,W00,World,H1,HS,TRUE,5201,Cotton; not carded or combed,4,FALSE,C00,TOTAL CPC,0,0,TOTAL MOT,8,kg,4828580,FALSE,8,kg,4828580,FALSE,4828580,FALSE,0,FALSE,0,5313617,5313617,0,FALSE,TRUE,HS_5201
C,A,20010101,2001,52,2001,32,ARG,Argentina,X,Export,0,W00,World,0,W00,World,H1,HS,TRUE,2603,Copper ores and concentrates,4,FALSE,C00,TOTAL CPC,0,0,TOTAL MOT,8,kg,692563856,FALSE,-1,N/A,,FALSE,692563856,FALSE,,FALSE,,399970735,399970735,0,FALSE,FALSE,HS_2603
C,A,20010101,2001,52,2001,152,CHL,Chile,X,Export,0,W00,World,0,W00,World,H1,HS,TRUE,2603,Copper ores and concentrates,4,FALSE,C00,TOTAL CPC,0,0,TOTAL MOT,8,kg,4764683153,TRUE,-1,N/A,,FALSE,4764683153,TRUE,,FALSE,,2160093115,2160093115,6,FALSE,FALSE,HS_2603
C,A,20010101,2001,52,2001,170,COL,Colombia,X,Export,0,W00,World,0,W00,World,H1,HS,TRUE,2603,Copper ores and concentrates,4,FALSE,C00,TOTAL CPC,0,0,TOTAL MOT,8,kg,9299089,FALSE,-1,N/A,,FALSE,9299089,FALSE,,FALSE,,2072333,2072333,0,FALSE,FALSE,HS_2603
C,A,20010101,2001,52,2001,218,ECU,Ecuador,X,Export,0,W00,World,0,W00,World,H1,HS,TRUE,2603,Copper ores and concentrates,4,FALSE,C00,TOTAL CPC,0,0,TOTAL MOT,8,kg,62765,FALSE,-1,N/A,,FALSE,62765,FALSE,,FALSE,,113290,113290,0,FALSE,FALSE,HS_2603
C,A,20010101,2001,52,2001,360,IDN,Indonesia,X,Export,0,W00,World,0,W00,World,H1,HS,TRUE,2603,Copper ores and concentrates,4,FALSE,C00,TOTAL CPC,0,0,TOTAL MOT,8,kg,2510981128,FALSE,-1,N/A,,FALSE,2510981128,FALSE,,FALSE,,1704279791,1704279791,0,FALSE,FALSE,HS_2603
C,A,20010101,2001,52,2001,384,CIV,Côte d'Ivoire,X,Export,0,W00,World,0,W00,World,H1,HS,TRUE,2603,Copper ores and concentrates,4,FALSE,C00,TOTAL CPC,0,0,TOTAL MOT,8,kg,130,FALSE,-1,N/A,,FALSE,130,FALSE,,FALSE,,1719,1719,0,FALSE,FALSE,HS_2603
C,A,20010101,2001,52,2001,398,KAZ,Kazakhstan,X,Export,0,W00,World,0,W00,World,H1,HS,TRUE,2603,Copper ores and concentrates,4,FALSE,C00,TOTAL CPC,0,0,TOTAL MOT,8,kg,164376426,TRUE,-1,N/A,,FALSE,164376426,TRUE,,FALSE,,38552200,38552200,6,FALSE,FALSE,HS_2603
C,A,20010101,2001,52,2001,484,MEX,Mexico,X,Export,0,W00,World,0,W00,World,H1,HS,TRUE,2603,Copper ores and concentrates,4,FALSE,C00,TOTAL CPC,0,0,TOTAL MOT,8,kg,100142909,FALSE,-1,N/A,,FALSE,100142909,FALSE,,FALSE,,39768255,39768255,0,FALSE,FALSE,HS_2603
C,A,20010101,2001,52,2001,504,MAR,Morocco,X,Export,0,W00,World,0,W00,World,H1,HS,TRUE,2603,Copper ores and concentrates,4,FALSE,C00,TOTAL CPC,0,0,TOTAL MOT,8,kg,20869000,FALSE,8,kg,20869000,FALSE,20869000,FALSE,0,FALSE,0,6456987.668,6456987.668,0,FALSE,TRUE,HS_2603
C,A,20010101,2001,52,2001,604,PER,Peru,X,Export,0,W00,World,0,W00,World,H1,HS,TRUE,2603,Copper ores and concentrates,4,FALSE,C00,TOTAL CPC,0,0,TOTAL MOT,8,kg,682010586,FALSE,-1,N/A,,FALSE,682010586,FALSE,,FALSE,,218858719,218858719,0,FALSE,FALSE,HS_2603
C,A,20010101,2001,52,2001,608,PHL,Philippines,X,Export,0,W00,World,0,W00,World,H1,HS,TRUE,2603,Copper ores and concentrates,4,FALSE,C00,TOTAL CPC,0,0,TOTAL MOT,8,kg,63603129,FALSE,-1,N/A,,FALSE,63603129,FALSE,,FALSE,,10338068,10338068,0,FALSE,FALSE,HS_2603
C,A,20010101,2001,52,2001,642,ROU,Romania,X,Export,0,W00,World,0,W00,World,H1,HS,TRUE,2603,Copper ores and concentrates,4,FALSE,C00,TOTAL CPC,0,0,TOTAL MOT,8,kg,64001717,FALSE,8,kg,64001717,FALSE,64001717,FALSE,0,FALSE,0,12926433.41,12926433.41,0,FALSE,TRUE,HS_2603
C,A,20010101,2001,52,2001,704,VNM,Viet Nam,X,Export,0,W00,World,0,W00,World,H1,HS,TRUE,2603,Copper ores and concentrates,4,FALSE,C00,TOTAL CPC,0,0,TOTAL MOT,8,kg,2381848,TRUE,-1,N/A,,FALSE,2381848,TRUE,,FALSE,,1079823,1079823,6,FALSE,FALSE,HS_2603
C,A,20010101,2001,52,2001,710,ZAF,South Africa,X,Export,0,W00,World,0,W00,World,H1,HS,TRUE,2603,Copper ores and concentrates,4,FALSE,C00,TOTAL CPC,0,0,TOTAL MOT,8,kg,23147004,FALSE,-1,N/A,,FALSE,23147004,FALSE,,FALSE,,6265360,6265360,0,FALSE,FALSE,HS_2603
C,A,20010101,2001,52,2001,784,ARE,United Arab Emirates,X,Export,0,W00,World,0,W00,World,H1,HS,TRUE,2603,Copper ores and concentrates,4,FALSE,C00,TOTAL CPC,0,0,TOTAL MOT,-1,N/A,,FALSE,-1,N/A,,FALSE,296107,FALSE,,FALSE,,76213,76213,0,FALSE,FALSE,HS_2603
C,A,20010101,2001,52,2001,792,TUR,Türkiye,X,Export,0,W00,World,0,W00,World,H1,HS,TRUE,2603,Copper ores and concentrates,4,FALSE,C00,TOTAL CPC,0,0,TOTAL MOT,8,kg,156349459,FALSE,8,kg,156349459,FALSE,156349459,FALSE,0,FALSE,0,33982932,33982932,0,FALSE,TRUE,HS_2603
C,A,20010101,2001,52,2001,894,ZMB,Zambia,X,Export,0,W00,World,0,W00,World,H1,HS,TRUE,2603,Copper ores and concentrates,4,FALSE,C00,TOTAL CPC,0,0,TOTAL MOT,8,kg,3911892,FALSE,8,kg,3911892,FALSE,3911892,FALSE,0,FALSE,0,1093888,1093888,0,FALSE,TRUE,HS_2603
C,A,20010101,2001,52,2001,76,BRA,Brazil,X,Export,0,W00,World,0,W00,World,H1,HS,TRUE,7402,"Copper; unrefined, copper anodes for electrolytic refining",4,FALSE,C00,TOTAL CPC,0,0,TOTAL MOT,8,kg,2,FALSE,8,kg,2,FALSE,2,FALSE,0,FALSE,,5,5,0,FALSE,TRUE,HS_7402
C,A,20010101,2001,52,2001,152,CHL,Chile,X,Export,0,W00,World,0,W00,World,H1,HS,TRUE,7402,"Copper; unrefined, copper anodes for electrolytic refining",4,FALSE,C00,TOTAL CPC,0,0,TOTAL MOT,8,kg,167165892,TRUE,-1,N/A,,FALSE,167165892,TRUE,,FALSE,,293003924,293003924,6,FALSE,FALSE,HS_7402
C,A,20010101,2001,52,2001,348,HUN,Hungary,X,Export,0,W00,World,0,W00,World,H1,HS,TRUE,7402,"Copper; unrefined, copper anodes for electrolytic refining",4,FALSE,C00,TOTAL CPC,0,0,TOTAL MOT,8,kg,100,FALSE,-1,N/A,,FALSE,100,FALSE,,FALSE,,10000,10000,0,FALSE,FALSE,HS_7402
C,A,20010101,2001,52,2001,360,IDN,Indonesia,X,Export,0,W00,World,0,W00,World,H1,HS,TRUE,7402,"Copper; unrefined, copper anodes for electrolytic refining",4,FALSE,C00,TOTAL CPC,0,0,TOTAL MOT,8,kg,5435881,FALSE,-1,N/A,,FALSE,5435881,FALSE,,FALSE,,12623467,12623467,0,FALSE,FALSE,HS_7402
C,A,20010101,2001,52,2001,398,KAZ,Kazakhstan,X,Export,0,W00,World,0,W00,World,H1,HS,TRUE,7402,"Copper; unrefined, copper anodes for electrolytic refining",4,FALSE,C00,TOTAL CPC,0,0,TOTAL MOT,8,kg,9137100,FALSE,-1,N/A,,FALSE,9137100,FALSE,,FALSE,,19858100,19858100,0,FALSE,FALSE,HS_7402
C,A,20010101,2001,52,2001,484,MEX,Mexico,X,Export,0,W00,World,0,W00,World,H1,HS,TRUE,7402,"Copper; unrefined, copper anodes for electrolytic refining",4,FALSE,C00,TOTAL CPC,0,0,TOTAL MOT,8,kg,23796632,FALSE,-1,N/A,,FALSE,23796632,FALSE,,FALSE,,74180239,74180239,0,FALSE,FALSE,HS_7402
C,A,20010101,2001,52,2001,604,PER,Peru,X,Export,0,W00,World,0,W00,World,H1,HS,TRUE,7402,"Copper; unrefined, copper anodes for electrolytic refining",4,FALSE,C00,TOTAL CPC,0,0,TOTAL MOT,8,kg,32597350,FALSE,-1,N/A,,FALSE,32597350,FALSE,,FALSE,,44194616,44194616,0,FALSE,FALSE,HS_7402
C,A,20010101,2001,52,2001,642,ROU,Romania,X,Export,0,W00,World,0,W00,World,H1,HS,TRUE,7402,"Copper; unrefined, copper anodes for electrolytic refining",4,FALSE,C00,TOTAL CPC,0,0,TOTAL MOT,8,kg,6735787,FALSE,8,kg,6735787,FALSE,6735787,FALSE,0,FALSE,0,11146950.19,11146950.19,0,FALSE,TRUE,HS_7402
C,A,20010101,2001,52,2001,682,SAU,Saudi Arabia,X,Export,0,W00,World,0,W00,World,H1,HS,TRUE,7402,"Copper; unrefined, copper anodes for electrolytic refining",4,FALSE,C00,TOTAL CPC,0,0,TOTAL MOT,8,kg,197000,FALSE,-1,N/A,,FALSE,197000,FALSE,,FALSE,,199200,199200,0,FALSE,FALSE,HS_7402
C,A,20010101,2001,52,2001,704,VNM,Viet Nam,X,Export,0,W00,World,0,W00,World,H1,HS,TRUE,7402,"Copper; unrefined, copper anodes for electrolytic refining",4,FALSE,C00,TOTAL CPC,0,0,TOTAL MOT,8,kg,4297,TRUE,-1,N/A,,FALSE,4297,TRUE,,FALSE,,7531,7531,6,FALSE,FALSE,HS_7402
C,A,20010101,2001,52,2001,710,ZAF,South Africa,X,Export,0,W00,World,0,W00,World,H1,HS,TRUE,7402,"Copper; unrefined, copper anodes for electrolytic refining",4,FALSE,C00,TOTAL CPC,0,0,TOTAL MOT,8,kg,32563283,FALSE,-1,N/A,,FALSE,32563283,FALSE,,FALSE,,17240508,17240508,0,FALSE,FALSE,HS_7402
C,A,20010101,2001,52,2001,784,ARE,United Arab Emirates,X,Export,0,W00,World,0,W00,World,H1,HS,TRUE,7402,"Copper; unrefined, copper anodes for electrolytic refining",4,FALSE,C00,TOTAL CPC,0,0,TOTAL MOT,-1,N/A,,FALSE,-1,N/A,,FALSE,182695,FALSE,,FALSE,,434276,434276,0,FALSE,FALSE,HS_7402
C,A,20010101,2001,52,2001,792,TUR,Türkiye,X,Export,0,W00,World,0,W00,World,H1,HS,TRUE,7402,"Copper; unrefined, copper anodes for electrolytic refining",4,FALSE,C00,TOTAL CPC,0,0,TOTAL MOT,8,kg,17472466,FALSE,8,kg,17472466,FALSE,17472466,FALSE,0,FALSE,0,18525448,18525448,0,FALSE,TRUE,HS_7402
C,A,20010101,2001,52,2001,818,EGY,Egypt,X,Export,0,W00,World,0,W00,World,H0,HS,TRUE,7402,"Copper; unrefined, copper anodes for electrolytic refining",4,FALSE,C00,TOTAL CPC,0,0,TOTAL MOT,-1,N/A,0,FALSE,-1,N/A,0,FALSE,0,FALSE,0,FALSE,0,2653.565,2653.565,0,FALSE,TRUE,HS_7402
C,A,20010101,2001,52,2001,32,ARG,Argentina,X,Export,0,W00,World,0,W00,World,H1,HS,TRUE,7403,"Copper; refined and copper alloys, unwrought",4,FALSE,C00,TOTAL CPC,0,0,TOTAL MOT,8,kg,51202,FALSE,-1,N/A,,FALSE,51202,FALSE,,FALSE,,81354,81354,0,FALSE,FALSE,HS_7403
C,A,20010101,2001,52,2001,76,BRA,Brazil,X,Export,0,W00,World,0,W00,World,H1,HS,TRUE,7403,"Copper; refined and copper alloys, unwrought",4,FALSE,C00,TOTAL CPC,0,0,TOTAL MOT,-1,N/A,0,FALSE,-1,N/A,0,FALSE,14992991,FALSE,0,FALSE,,21178708,21178708,0,FALSE,TRUE,HS_7403
C,A,20010101,2001,52,2001,144,LKA,Sri Lanka,X,Export,0,W00,World,0,W00,World,H1,HS,TRUE,7403,"Copper; refined and copper alloys, unwrought",4,FALSE,C00,TOTAL CPC,0,0,TOTAL MOT,8,kg,1384803,FALSE,-1,N/A,,FALSE,1384803,FALSE,,FALSE,,1624889,1624889,0,FALSE,FALSE,HS_7403
C,A,20010101,2001,52,2001,152,CHL,Chile,X,Export,0,W00,World,0,W00,World,H1,HS,TRUE,7403,"Copper; refined and copper alloys, unwrought",4,FALSE,C00,TOTAL CPC,0,0,TOTAL MOT,8,kg,2682236050,TRUE,-1,N/A,,FALSE,2682236050,TRUE,,FALSE,,4396366669,4396366669,6,FALSE,FALSE,HS_7403
C,A,20010101,2001,52,2001,170,COL,Colombia,X,Export,0,W00,World,0,W00,World,H1,HS,TRUE,7403,"Copper; refined and copper alloys, unwrought",4,FALSE,C00,TOTAL CPC,0,0,TOTAL MOT,8,kg,377349,FALSE,-1,N/A,,FALSE,377349,FALSE,,FALSE,,596325,596325,0,FALSE,FALSE,HS_7403
C,A,20010101,2001,52,2001,218,ECU,Ecuador,X,Export,0,W00,World,0,W00,World,H1,HS,TRUE,7403,"Copper; refined and copper alloys, unwrought",4,FALSE,C00,TOTAL CPC,0,0,TOTAL MOT,8,kg,68740,FALSE,-1,N/A,,FALSE,68740,FALSE,,FALSE,,7560,7560,0,FALSE,FALSE,HS_7403
C,A,20010101,2001,52,2001,348,HUN,Hungary,X,Export,0,W00,World,0,W00,World,H1,HS,TRUE,7403,"Copper; refined and copper alloys, unwrought",4,FALSE,C00,TOTAL CPC,0,0,TOTAL MOT,8,kg,2400,FALSE,-1,N/A,,FALSE,2400,FALSE,,FALSE,,7000,7000,0,FALSE,FALSE,HS_7403
C,A,20010101,2001,52,2001,360,IDN,Indonesia,X,Export,0,W00,World,0,W00,World,H1,HS,TRUE,7403,"Copper; refined and copper alloys, unwrought",4,FALSE,C00,TOTAL CPC,0,0,TOTAL MOT,8,kg,264242055,FALSE,-1,N/A,,FALSE,264242055,FALSE,,FALSE,,335094622,335094622,0,FALSE,FALSE,HS_7403
C,A,20010101,2001,52,2001,384,CIV,Côte d'Ivoire,X,Export,0,W00,World,0,W00,World,H1,HS,TRUE,7403,"Copper; refined and copper alloys, unwrought",4,FALSE,C00,TOTAL CPC,0,0,TOTAL MOT,8,kg,287,FALSE,-1,N/A,,FALSE,287,FALSE,,FALSE,,2472,2472,0,FALSE,FALSE,HS_7403
C,A,20010101,2001,52,2001,398,KAZ,Kazakhstan,X,Export,0,W00,World,0,W00,World,H1,HS,TRUE,7403,"Copper; refined and copper alloys, unwrought",4,FALSE,C00,TOTAL CPC,0,0,TOTAL MOT,8,kg,398056600,FALSE,-1,N/A,,FALSE,398056600,FALSE,,FALSE,,604669400,604669400,0,FALSE,FALSE,HS_7403
C,A,20010101,2001,52,2001,484,MEX,Mexico,X,Export,0,W00,World,0,W00,World,H1,HS,TRUE,7403,"Copper; refined and copper alloys, unwrought",4,FALSE,C00,TOTAL CPC,0,0,TOTAL MOT,8,kg,129908917,FALSE,-1,N/A,,FALSE,129908917,FALSE,,FALSE,,216010058,216010058,0,FALSE,FALSE,HS_7403
C,A,20010101,2001,52,2001,504,MAR,Morocco,X,Export,0,W00,World,0,W00,World,H1,HS,TRUE,7403,"Copper; refined and copper alloys, unwrought",4,FALSE,C00,TOTAL CPC,0,0,TOTAL MOT,8,kg,580915,FALSE,8,kg,580915,FALSE,580915,FALSE,0,FALSE,0,630820.205,630820.205,0,FALSE,TRUE,HS_7403
C,A,20010101,2001,52,2001,604,PER,Peru,X,Export,0,W00,World,0,W00,World,H1,HS,TRUE,7403,"Copper; refined and copper alloys, unwrought",4,FALSE,C00,TOTAL CPC,0,0,TOTAL MOT,8,kg,434090461,FALSE,-1,N/A,,FALSE,434090461,FALSE,,FALSE,,697134907,697134907,0,FALSE,FALSE,HS_7403
C,A,20010101,2001,52,2001,608,PHL,Philippines,X,Export,0,W00,World,0,W00,World,H1,HS,TRUE,7403,"Copper; refined and copper alloys, unwrought",4,FALSE,C00,TOTAL CPC,0,0,TOTAL MOT,8,kg,160031447,FALSE,-1,N/A,,FALSE,160031447,FALSE,,FALSE,,262678167,262678167,0,FALSE,FALSE,HS_7403
C,A,20010101,2001,52,2001,616,POL,Poland,X,Export,0,W00,World,0,W00,World,H1,HS,TRUE,7403,"Copper; refined and copper alloys, unwrought",4,FALSE,C00,TOTAL CPC,0,0,TOTAL MOT,8,kg,231349197,FALSE,-1,N/A,,FALSE,231349197,FALSE,,FALSE,,371748000,371748000,0,FALSE,FALSE,HS_7403
C,A,20010101,2001,52,2001,642,ROU,Romania,X,Export,0,W00,World,0,W00,World,H1,HS,TRUE,7403,"Copper; refined and copper alloys, unwrought",4,FALSE,C00,TOTAL CPC,0,0,TOTAL MOT,8,kg,14739297.49,FALSE,8,kg,14739297.49,FALSE,14739297.49,FALSE,0,FALSE,0,23038303.61,23038303.61,0,FALSE,TRUE,HS_7403
C,A,20010101,2001,52,2001,682,SAU,Saudi Arabia,X,Export,0,W00,World,0,W00,World,H1,HS,TRUE,7403,"Copper; refined and copper alloys, unwrought",4,FALSE,C00,TOTAL CPC,0,0,TOTAL MOT,8,kg,5087000,FALSE,-1,N/A,,FALSE,5087000,FALSE,,FALSE,,8954145,8954145,0,FALSE,FALSE,HS_7403
C,A,20010101,2001,52,2001,710,ZAF,South Africa,X,Export,0,W00,World,0,W00,World,H1,HS,TRUE,7403,"Copper; refined and copper alloys, unwrought",4,FALSE,C00,TOTAL CPC,0,0,TOTAL MOT,8,kg,43129008,FALSE,-1,N/A,,FALSE,43129008,FALSE,,FALSE,,50859805,50859805,0,FALSE,FALSE,HS_7403
C,A,20010101,2001,52,2001,784,ARE,United Arab Emirates,X,Export,0,W00,World,0,W00,World,H1,HS,TRUE,7403,"Copper; refined and copper alloys, unwrought",4,FALSE,C00,TOTAL CPC,0,0,TOTAL MOT,-1,N/A,,FALSE,-1,N/A,,FALSE,,FALSE,,FALSE,,348753,348753,0,FALSE,FALSE,HS_7403
C,A,20010101,2001,52,2001,792,TUR,Türkiye,X,Export,0,W00,World,0,W00,World,H1,HS,TRUE,7403,"Copper; refined and copper alloys, unwrought",4,FALSE,C00,TOTAL CPC,0,0,TOTAL MOT,8,kg,3503101,FALSE,8,kg,3503101,FALSE,3503101,FALSE,0,FALSE,0,6910655,6910655,0,FALSE,TRUE,HS_7403
C,A,20010101,2001,52,2001,818,EGY,Egypt,X,Export,0,W00,World,0,W00,World,H0,HS,TRUE,7403,"Copper; refined and copper alloys, unwrought",4,FALSE,C00,TOTAL CPC,0,0,TOTAL MOT,8,kg,18295.017,TRUE,-1,N/A,0,FALSE,18295.017,TRUE,0,FALSE,0,35328.564,35328.564,6,FALSE,TRUE,HS_7403
C,A,20010101,2001,52,2001,894,ZMB,Zambia,X,Export,0,W00,World,0,W00,World,H1,HS,TRUE,7403,"Copper; refined and copper alloys, unwrought",4,FALSE,C00,TOTAL CPC,0,0,TOTAL MOT,8,kg,289187115,FALSE,8,kg,289187115,FALSE,289187115,FALSE,0,FALSE,0,484366594,484366594,0,FALSE,TRUE,HS_7403
C,A,20010101,2001,52,2001,32,ARG,Argentina,X,Export,0,W00,World,0,W00,World,H1,HS,TRUE,2606,Aluminium ores and concentrates,4,FALSE,C00,TOTAL CPC,0,0,TOTAL MOT,8,kg,15940,FALSE,-1,N/A,,FALSE,15940,FALSE,,FALSE,,4428,4428,0,FALSE,FALSE,HS_2606
C,A,20010101,2001,52,2001,76,BRA,Brazil,X,Export,0,W00,World,0,W00,World,H1,HS,TRUE,2606,Aluminium ores and concentrates,4,FALSE,C00,TOTAL CPC,0,0,TOTAL MOT,8,kg,6714927,FALSE,8,kg,6714927,FALSE,3426657938,FALSE,0,FALSE,,98537669,98537669,0,FALSE,TRUE,HS_2606
C,A,20010101,2001,52,2001,144,LKA,Sri Lanka,X,Export,0,W00,World,0,W00,World,H1,HS,TRUE,2606,Aluminium ores and concentrates,4,FALSE,C00,TOTAL CPC,0,0,TOTAL MOT,8,kg,79,FALSE,-1,N/A,,FALSE,79,FALSE,,FALSE,,1184,1184,0,FALSE,FALSE,HS_2606
C,A,20010101,2001,52,2001,348,HUN,Hungary,X,Export,0,W00,World,0,W00,World,H1,HS,TRUE,2606,Aluminium ores and concentrates,4,FALSE,C00,TOTAL CPC,0,0,TOTAL MOT,8,kg,2370600,FALSE,-1,N/A,,FALSE,2370600,FALSE,,FALSE,,160000,160000,0,FALSE,FALSE,HS_2606
C,A,20010101,2001,52,2001,360,IDN,Indonesia,X,Export,0,W00,World,0,W00,World,H1,HS,TRUE,2606,Aluminium ores and concentrates,4,FALSE,C00,TOTAL CPC,0,0,TOTAL MOT,8,kg,876272527,FALSE,-1,N/A,,FALSE,876272527,FALSE,,FALSE,,12524062,12524062,0,FALSE,FALSE,HS_2606
C,A,20010101,2001,52,2001,398,KAZ,Kazakhstan,X,Export,0,W00,World,0,W00,World,H1,HS,TRUE,2606,Aluminium ores and concentrates,4,FALSE,C00,TOTAL CPC,0,0,TOTAL MOT,8,kg,6869000,FALSE,-1,N/A,,FALSE,6869000,FALSE,,FALSE,,141300,141300,0,FALSE,FALSE,HS_2606
C,A,20010101,2001,52,2001,484,MEX,Mexico,X,Export,0,W00,World,0,W00,World,H1,HS,TRUE,2606,Aluminium ores and concentrates,4,FALSE,C00,TOTAL CPC,0,0,TOTAL MOT,8,kg,261446,FALSE,-1,N/A,,FALSE,261446,FALSE,,FALSE,,49233,49233,0,FALSE,FALSE,HS_2606
C,A,20010101,2001,52,2001,642,ROU,Romania,X,Export,0,W00,World,0,W00,World,H1,HS,TRUE,2606,Aluminium ores and concentrates,4,FALSE,C00,TOTAL CPC,0,0,TOTAL MOT,8,kg,20000,FALSE,8,kg,20000,FALSE,20000,FALSE,0,FALSE,0,3500,3500,0,FALSE,TRUE,HS_2606
C,A,20010101,2001,52,2001,710,ZAF,South Africa,X,Export,0,W00,World,0,W00,World,H1,HS,TRUE,2606,Aluminium ores and concentrates,4,FALSE,C00,TOTAL CPC,0,0,TOTAL MOT,8,kg,846,FALSE,-1,N/A,,FALSE,846,FALSE,,FALSE,,2439,2439,0,FALSE,FALSE,HS_2606
C,A,20010101,2001,52,2001,792,TUR,Türkiye,X,Export,0,W00,World,0,W00,World,H1,HS,TRUE,2606,Aluminium ores and concentrates,4,FALSE,C00,TOTAL CPC,0,0,TOTAL MOT,8,kg,34802,FALSE,8,kg,34802,FALSE,34802,FALSE,0,FALSE,0,9129,9129,0,FALSE,TRUE,HS_2606
C,A,20010101,2001,52,2001,894,ZMB,Zambia,X,Export,0,W00,World,0,W00,World,H1,HS,TRUE,2606,Aluminium ores and concentrates,4,FALSE,C00,TOTAL CPC,0,0,TOTAL MOT,8,kg,30000,FALSE,8,kg,30000,FALSE,30000,FALSE,0,FALSE,0,2702,2702,0,FALSE,TRUE,HS_2606
C,A,20010101,2001,52,2001,32,ARG,Argentina,X,Export,0,W00,World,0,W00,World,H1,HS,TRUE,7601,Aluminium; unwrought,4,FALSE,C00,TOTAL CPC,0,0,TOTAL MOT,8,kg,182532083,FALSE,-1,N/A,,FALSE,182532083,FALSE,,FALSE,,278158079,278158079,0,FALSE,FALSE,HS_7601
C,A,20010101,2001,52,2001,48,BHR,Bahrain,X,Export,0,W00,World,0,W00,World,H0,HS,TRUE,7601,Aluminium; unwrought,4,FALSE,C00,TOTAL CPC,0,0,TOTAL MOT,8,kg,10939516,FALSE,-1,N/A,,FALSE,10939516,FALSE,,FALSE,,16752174,16752174,0,TRUE,FALSE,HS_7601
C,A,20010101,2001,52,2001,76,BRA,Brazil,X,Export,0,W00,World,0,W00,World,H1,HS,TRUE,7601,Aluminium; unwrought,4,FALSE,C00,TOTAL CPC,0,0,TOTAL MOT,8,kg,582491692.824,TRUE,-1,N/A,0,FALSE,587566702.824,TRUE,0,FALSE,,865533933,865533933,6,FALSE,TRUE,HS_7601
C,A,20010101,2001,52,2001,152,CHL,Chile,X,Export,0,W00,World,0,W00,World,H1,HS,TRUE,7601,Aluminium; unwrought,4,FALSE,C00,TOTAL CPC,0,0,TOTAL MOT,8,kg,12056,TRUE,-1,N/A,,FALSE,12056,TRUE,,FALSE,,18410,18410,6,FALSE,FALSE,HS_7601
C,A,20010101,2001,52,2001,170,COL,Colombia,X,Export,0,W00,World,0,W00,World,H1,HS,TRUE,7601,Aluminium; unwrought,4,FALSE,C00,TOTAL CPC,0,0,TOTAL MOT,8,kg,2952,FALSE,-1,N/A,,FALSE,2952,FALSE,,FALSE,,30135,30135,0,FALSE,FALSE,HS_7601
C,A,20010101,2001,52,2001,218,ECU,Ecuador,X,Export,0,W00,World,0,W00,World,H1,HS,TRUE,7601,Aluminium; unwrought,4,FALSE,C00,TOTAL CPC,0,0,TOTAL MOT,8,kg,6044,FALSE,-1,N/A,,FALSE,6044,FALSE,,FALSE,,10302,10302,0,FALSE,FALSE,HS_7601
C,A,20010101,2001,52,2001,222,SLV,El Salvador,X,Export,0,W00,World,0,W00,World,H1,HS,TRUE,7601,Aluminium; unwrought,4,FALSE,C00,TOTAL CPC,0,0,TOTAL MOT,8,kg,3920,FALSE,8,kg,3920,FALSE,3920,FALSE,0,FALSE,0,16632,16632,0,FALSE,TRUE,HS_7601
C,A,20010101,2001,52,2001,348,HUN,Hungary,X,Export,0,W00,World,0,W00,World,H1,HS,TRUE,7601,Aluminium; unwrought,4,FALSE,C00,TOTAL CPC,0,0,TOTAL MOT,8,kg,10894000,FALSE,-1,N/A,,FALSE,10894000,FALSE,,FALSE,,17272000,17272000,0,FALSE,FALSE,HS_7601
C,A,20010101,2001,52,2001,360,IDN,Indonesia,X,Export,0,W00,World,0,W00,World,H1,HS,TRUE,7601,Aluminium; unwrought,4,FALSE,C00,TOTAL CPC,0,0,TOTAL MOT,8,kg,149568635,FALSE,-1,N/A,,FALSE,149568635,FALSE,,FALSE,,202546096,202546096,0,FALSE,FALSE,HS_7601
C,A,20010101,2001,52,2001,398,KAZ,Kazakhstan,X,Export,0,W00,World,0,W00,World,H1,HS,TRUE,7601,Aluminium; unwrought,4,FALSE,C00,TOTAL CPC,0,0,TOTAL MOT,8,kg,48113200,FALSE,-1,N/A,,FALSE,48113200,FALSE,,FALSE,,35929800,35929800,0,FALSE,FALSE,HS_7601
C,A,20010101,2001,52,2001,484,MEX,Mexico,X,Export,0,W00,World,0,W00,World,H1,HS,TRUE,7601,Aluminium; unwrought,4,FALSE,C00,TOTAL CPC,0,0,TOTAL MOT,8,kg,7544268,FALSE,-1,N/A,,FALSE,7544268,FALSE,,FALSE,,12945375,12945375,0,FALSE,FALSE,HS_7601
C,A,20010101,2001,52,2001,504,MAR,Morocco,X,Export,0,W00,World,0,W00,World,H1,HS,TRUE,7601,Aluminium; unwrought,4,FALSE,C00,TOTAL CPC,0,0,TOTAL MOT,8,kg,121621,FALSE,8,kg,121621,FALSE,121621,FALSE,0,FALSE,0,159802.854,159802.854,0,FALSE,TRUE,HS_7601
C,A,20010101,2001,52,2001,566,NGA,Nigeria,X,Export,0,W00,World,0,W00,World,H1,HS,TRUE,7601,Aluminium; unwrought,4,FALSE,C00,TOTAL CPC,0,0,TOTAL MOT,8,kg,60000,FALSE,-1,N/A,,FALSE,60000,FALSE,,FALSE,,29438,29438,0,FALSE,FALSE,HS_7601
C,A,20010101,2001,52,2001,604,PER,Peru,X,Export,0,W00,World,0,W00,World,H1,HS,TRUE,7601,Aluminium; unwrought,4,FALSE,C00,TOTAL CPC,0,0,TOTAL MOT,8,kg,20000,FALSE,-1,N/A,,FALSE,20000,FALSE,,FALSE,,25727,25727,0,FALSE,FALSE,HS_7601
C,A,20010101,2001,52,2001,608,PHL,Philippines,X,Export,0,W00,World,0,W00,World,H1,HS,TRUE,7601,Aluminium; unwrought,4,FALSE,C00,TOTAL CPC,0,0,TOTAL MOT,8,kg,299003,FALSE,-1,N/A,,FALSE,299003,FALSE,,FALSE,,293918,293918,0,FALSE,FALSE,HS_7601
C,A,20010101,2001,52,2001,616,POL,Poland,X,Export,0,W00,World,0,W00,World,H1,HS,TRUE,7601,Aluminium; unwrought,4,FALSE,C00,TOTAL CPC,0,0,TOTAL MOT,8,kg,30103140,FALSE,-1,N/A,,FALSE,30103140,FALSE,,FALSE,,39871000,39871000,0,FALSE,FALSE,HS_7601
C,A,20010101,2001,52,2001,642,ROU,Romania,X,Export,0,W00,World,0,W00,World,H1,HS,TRUE,7601,Aluminium; unwrought,4,FALSE,C00,TOTAL CPC,0,0,TOTAL MOT,8,kg,73322867,FALSE,8,kg,73322867,FALSE,73322867,FALSE,0,FALSE,0,109754566.85,109754566.85,0,FALSE,TRUE,HS_7601
C,A,20010101,2001,52,2001,682,SAU,Saudi Arabia,X,Export,0,W00,World,0,W00,World,H1,HS,TRUE,7601,Aluminium; unwrought,4,FALSE,C00,TOTAL CPC,0,0,TOTAL MOT,8,kg,1469000,FALSE,-1,N/A,,FALSE,1469000,FALSE,,FALSE,,1916002,1916002,0,FALSE,FALSE,HS_7601
C,A,20010101,2001,52,2001,704,VNM,Viet Nam,X,Export,0,W00,World,0,W00,World,H1,HS,TRUE,7601,Aluminium; unwrought,4,FALSE,C00,TOTAL CPC,0,0,TOTAL MOT,8,kg,83483,TRUE,-1,N/A,,FALSE,83483,TRUE,,FALSE,,128153,128153,6,FALSE,FALSE,HS_7601
C,A,20010101,2001,52,2001,710,ZAF,South Africa,X,Export,0,W00,World,0,W00,World,H1,HS,TRUE,7601,Aluminium; unwrought,4,FALSE,C00,TOTAL CPC,0,0,TOTAL MOT,8,kg,459688740,FALSE,-1,N/A,,FALSE,459688740,FALSE,,FALSE,,654687200,654687200,0,FALSE,FALSE,HS_7601
C,A,20010101,2001,52,2001,784,ARE,United Arab Emirates,X,Export,0,W00,World,0,W00,World,H1,HS,TRUE,7601,Aluminium; unwrought,4,FALSE,C00,TOTAL CPC,0,0,TOTAL MOT,-1,N/A,,FALSE,-1,N/A,,FALSE,471159537,FALSE,,FALSE,,779593709,779593709,0,FALSE,FALSE,HS_7601
C,A,20010101,2001,52,2001,792,TUR,Türkiye,X,Export,0,W00,World,0,W00,World,H1,HS,TRUE,7601,Aluminium; unwrought,4,FALSE,C00,TOTAL CPC,0,0,TOTAL MOT,8,kg,6330780,FALSE,8,kg,6330780,FALSE,6330780,FALSE,0,FALSE,0,9484247,9484247,0,FALSE,TRUE,HS_7601
C,A,20010101,2001,52,2001,818,EGY,Egypt,X,Export,0,W00,World,0,W00,World,H0,HS,TRUE,7601,Aluminium; unwrought,4,FALSE,C00,TOTAL CPC,0,0,TOTAL MOT,8,kg,68286285.266,TRUE,-1,N/A,0,FALSE,68286285.266,TRUE,0,FALSE,0,103993128.469,103993128.469,6,FALSE,TRUE,HS_7601
C,A,20010101,2001,52,2001,858,URY,Uruguay,X,Export,0,W00,World,0,W00,World,H1,HS,TRUE,7601,Aluminium; unwrought,4,FALSE,C00,TOTAL CPC,0,0,TOTAL MOT,8,kg,72961,FALSE,-1,N/A,,FALSE,72961,FALSE,,FALSE,,87365,87365,0,FALSE,FALSE,HS_7601
C,A,20010101,2001,52,2001,76,BRA,Brazil,X,Export,0,W00,World,0,W00,World,H1,HS,TRUE,2604,Nickel ores and concentrates,4,FALSE,C00,TOTAL CPC,0,0,TOTAL MOT,8,kg,1,FALSE,8,kg,1,FALSE,1,FALSE,0,FALSE,,7,7,0,FALSE,TRUE,HS_2604
C,A,20010101,2001,52,2001,360,IDN,Indonesia,X,Export,0,W00,World,0,W00,World,H1,HS,TRUE,2604,Nickel ores and concentrates,4,FALSE,C00,TOTAL CPC,0,0,TOTAL MOT,8,kg,2244911847,FALSE,-1,N/A,,FALSE,2244911847,FALSE,,FALSE,,55467029,55467029,0,FALSE,FALSE,HS_2604
C,A,20010101,2001,52,2001,608,PHL,Philippines,X,Export,0,W00,World,0,W00,World,H1,HS,TRUE,2604,Nickel ores and concentrates,4,FALSE,C00,TOTAL CPC,0,0,TOTAL MOT,8,kg,1740369424,FALSE,-1,N/A,,FALSE,1740369424,FALSE,,FALSE,,29861116,29861116,0,FALSE,FALSE,HS_2604
C,A,20010101,2001,52,2001,642,ROU,Romania,X,Export,0,W00,World,0,W00,World,H1,HS,TRUE,2604,Nickel ores and concentrates,4,FALSE,C00,TOTAL CPC,0,0,TOTAL MOT,8,kg,607464,FALSE,8,kg,607464,FALSE,607464,FALSE,0,FALSE,0,116256.48,116256.48,0,FALSE,TRUE,HS_2604
C,A,20010101,2001,52,2001,710,ZAF,South Africa,X,Export,0,W00,World,0,W00,World,H1,HS,TRUE,2604,Nickel ores and concentrates,4,FALSE,C00,TOTAL CPC,0,0,TOTAL MOT,8,kg,3844440,FALSE,-1,N/A,,FALSE,3844440,FALSE,,FALSE,,1532120,1532120,0,FALSE,FALSE,HS_2604
C,A,20010101,2001,52,2001,32,ARG,Argentina,X,Export,0,W00,World,0,W00,World,H1,HS,TRUE,7502,Nickel; unwrought,4,FALSE,C00,TOTAL CPC,0,0,TOTAL MOT,8,kg,2015,FALSE,-1,N/A,,FALSE,2015,FALSE,,FALSE,,21358,21358,0,FALSE,FALSE,HS_7502
C,A,20010101,2001,52,2001,76,BRA,Brazil,X,Export,0,W00,World,0,W00,World,H1,HS,TRUE,7502,Nickel; unwrought,4,FALSE,C00,TOTAL CPC,0,0,TOTAL MOT,8,kg,9615100,FALSE,-1,N/A,0,FALSE,9614200,FALSE,0,FALSE,,56040906,56040906,0,FALSE,TRUE,HS_7502
C,A,20010101,2001,52,2001,152,CHL,Chile,X,Export,0,W00,World,0,W00,World,H1,HS,TRUE,7502,Nickel; unwrought,4,FALSE,C00,TOTAL CPC,0,0,TOTAL MOT,8,kg,677,TRUE,-1,N/A,,FALSE,677,TRUE,,FALSE,,4398,4398,6,FALSE,FALSE,HS_7502
C,A,20010101,2001,52,2001,170,COL,Colombia,X,Export,0,W00,World,0,W00,World,H1,HS,TRUE,7502,Nickel; unwrought,4,FALSE,C00,TOTAL CPC,0,0,TOTAL MOT,8,kg,250,FALSE,-1,N/A,,FALSE,250,FALSE,,FALSE,,2206,2206,0,FALSE,FALSE,HS_7502
C,A,20010101,2001,52,2001,348,HUN,Hungary,X,Export,0,W00,World,0,W00,World,H1,HS,TRUE,7502,Nickel; unwrought,4,FALSE,C00,TOTAL CPC,0,0,TOTAL MOT,8,kg,27000,FALSE,-1,N/A,,FALSE,27000,FALSE,,FALSE,,180000,180000,0,FALSE,FALSE,HS_7502
C,A,20010101,2001,52,2001,360,IDN,Indonesia,X,Export,0,W00,World,0,W00,World,H1,HS,TRUE,7502,Nickel; unwrought,4,FALSE,C00,TOTAL CPC,0,0,TOTAL MOT,8,kg,9265,FALSE,-1,N/A,,FALSE,9265,FALSE,,FALSE,,186472,186472,0,FALSE,FALSE,HS_7502
C,A,20010101,2001,52,2001,484,MEX,Mexico,X,Export,0,W00,World,0,W00,World,H1,HS,TRUE,7502,Nickel; unwrought,4,FALSE,C00,TOTAL CPC,0,0,TOTAL MOT,8,kg,56980,FALSE,-1,N/A,,FALSE,56980,FALSE,,FALSE,,83598,83598,0,FALSE,FALSE,HS_7502
C,A,20010101,2001,52,2001,504,MAR,Morocco,X,Export,0,W00,World,0,W00,World,H1,HS,TRUE,7502,Nickel; unwrought,4,FALSE,C00,TOTAL CPC,0,0,TOTAL MOT,8,kg,2347,FALSE,8,kg,2347,FALSE,2347,FALSE,0,FALSE,0,12720.676,12720.676,0,FALSE,TRUE,HS_7502
C,A,20010101,2001,52,2001,608,PHL,Philippines,X,Export,0,W00,World,0,W00,World,H1,HS,TRUE,7502,Nickel; unwrought,4,FALSE,C00,TOTAL CPC,0,0,TOTAL MOT,8,kg,260,FALSE,-1,N/A,,FALSE,260,FALSE,,FALSE,,2650,2650,0,FALSE,FALSE,HS_7502
C,A,20010101,2001,52,2001,682,SAU,Saudi Arabia,X,Export,0,W00,World,0,W00,World,H1,HS,TRUE,7502,Nickel; unwrought,4,FALSE,C00,TOTAL CPC,0,0,TOTAL MOT,8,kg,80000,FALSE,-1,N/A,,FALSE,80000,FALSE,,FALSE,,29600,29600,0,FALSE,FALSE,HS_7502
C,A,20010101,2001,52,2001,710,ZAF,South Africa,X,Export,0,W00,World,0,W00,World,H1,HS,TRUE,7502,Nickel; unwrought,4,FALSE,C00,TOTAL CPC,0,0,TOTAL MOT,8,kg,3251187,FALSE,-1,N/A,,FALSE,3251187,FALSE,,FALSE,,17822965,17822965,0,FALSE,FALSE,HS_7502
C,A,20010101,2001,52,2001,784,ARE,United Arab Emirates,X,Export,0,W00,World,0,W00,World,H1,HS,TRUE,7502,Nickel; unwrought,4,FALSE,C00,TOTAL CPC,0,0,TOTAL MOT,-1,N/A,,FALSE,-1,N/A,,FALSE,25185,FALSE,,FALSE,,314354,314354,0,FALSE,FALSE,HS_7502
C,A,20010101,2001,52,2001,792,TUR,Türkiye,X,Export,0,W00,World,0,W00,World,H1,HS,TRUE,7502,Nickel; unwrought,4,FALSE,C00,TOTAL CPC,0,0,TOTAL MOT,8,kg,1100,FALSE,8,kg,1100,FALSE,1100,FALSE,0,FALSE,0,10700,10700,0,FALSE,TRUE,HS_7502
C,A,20010101,2001,52,2001,32,ARG,Argentina,X,Export,0,W00,World,0,W00,World,H1,HS,TRUE,2608,Zinc ores and concentrates,4,FALSE,C00,TOTAL CPC,0,0,TOTAL MOT,8,kg,232000,FALSE,-1,N/A,,FALSE,232000,FALSE,,FALSE,,102080,102080,0,FALSE,FALSE,HS_2608
C,A,20010101,2001,52,2001,152,CHL,Chile,X,Export,0,W00,World,0,W00,World,H1,HS,TRUE,2608,Zinc ores and concentrates,4,FALSE,C00,TOTAL CPC,0,0,TOTAL MOT,8,kg,42162167,TRUE,-1,N/A,,FALSE,42162167,TRUE,,FALSE,,9571769,9571769,6,FALSE,FALSE,HS_2608
C,A,20010101,2001,52,2001,360,IDN,Indonesia,X,Export,0,W00,World,0,W00,World,H1,HS,TRUE,2608,Zinc ores and concentrates,4,FALSE,C00,TOTAL CPC,0,0,TOTAL MOT,8,kg,45561,FALSE,-1,N/A,,FALSE,45561,FALSE,,FALSE,,27322,27322,0,FALSE,FALSE,HS_2608
C,A,20010101,2001,52,2001,398,KAZ,Kazakhstan,X,Export,0,W00,World,0,W00,World,H1,HS,TRUE,2608,Zinc ores and concentrates,4,FALSE,C00,TOTAL CPC,0,0,TOTAL MOT,8,kg,237177614,TRUE,-1,N/A,,FALSE,237177614,TRUE,,FALSE,,38637900,38637900,6,FALSE,FALSE,HS_2608
C,A,20010101,2001,52,2001,484,MEX,Mexico,X,Export,0,W00,World,0,W00,World,H1,HS,TRUE,2608,Zinc ores and concentrates,4,FALSE,C00,TOTAL CPC,0,0,TOTAL MOT,8,kg,233695748,FALSE,-1,N/A,,FALSE,233695748,FALSE,,FALSE,,57019713,57019713,0,FALSE,FALSE,HS_2608
C,A,20010101,2001,52,2001,504,MAR,Morocco,X,Export,0,W00,World,0,W00,World,H1,HS,TRUE,2608,Zinc ores and concentrates,4,FALSE,C00,TOTAL CPC,0,0,TOTAL MOT,8,kg,187380750,FALSE,8,kg,187380750,FALSE,187380750,FALSE,0,FALSE,0,36201115.941,36201115.941,0,FALSE,TRUE,HS_2608
C,A,20010101,2001,52,2001,604,PER,Peru,X,Export,0,W00,World,0,W00,World,H1,HS,TRUE,2608,Zinc ores and concentrates,4,FALSE,C00,TOTAL CPC,0,0,TOTAL MOT,8,kg,1891653002,FALSE,-1,N/A,,FALSE,1891653002,FALSE,,FALSE,,355659999,355659999,0,FALSE,FALSE,HS_2608
C,A,20010101,2001,52,2001,616,POL,Poland,X,Export,0,W00,World,0,W00,World,H1,HS,TRUE,2608,Zinc ores and concentrates,4,FALSE,C00,TOTAL CPC,0,0,TOTAL MOT,8,kg,29172184,FALSE,-1,N/A,,FALSE,29172184,FALSE,,FALSE,,7856000,7856000,0,FALSE,FALSE,HS_2608
C,A,20010101,2001,52,2001,642,ROU,Romania,X,Export,0,W00,World,0,W00,World,H1,HS,TRUE,2608,Zinc ores and concentrates,4,FALSE,C00,TOTAL CPC,0,0,TOTAL MOT,8,kg,60679828,FALSE,8,kg,60679828,FALSE,60679828,FALSE,0,FALSE,0,9915487.07,9915487.07,0,FALSE,TRUE,HS_2608
C,A,20010101,2001,52,2001,704,VNM,Viet Nam,X,Export,0,W00,World,0,W00,World,H1,HS,TRUE,2608,Zinc ores and concentrates,4,FALSE,C00,TOTAL CPC,0,0,TOTAL MOT,8,kg,23626853,TRUE,-1,N/A,,FALSE,23626853,TRUE,,FALSE,,5363832,5363832,6,FALSE,FALSE,HS_2608
C,A,20010101,2001,52,2001,710,ZAF,South Africa,X,Export,0,W00,World,0,W00,World,H1,HS,TRUE,2608,Zinc ores and concentrates,4,FALSE,C00,TOTAL CPC,0,0,TOTAL MOT,8,kg,38096,FALSE,-1,N/A,,FALSE,38096,FALSE,,FALSE,,19397,19397,0,FALSE,FALSE,HS_2608
C,A,20010101,2001,52,2001,784,ARE,United Arab Emirates,X,Export,0,W00,World,0,W00,World,H1,HS,TRUE,2608,Zinc ores and concentrates,4,FALSE,C00,TOTAL CPC,0,0,TOTAL MOT,-1,N/A,,FALSE,-1,N/A,,FALSE,5074,FALSE,,FALSE,,6675,6675,0,FALSE,FALSE,HS_2608
C,A,20010101,2001,52,2001,792,TUR,Türkiye,X,Export,0,W00,World,0,W00,World,H1,HS,TRUE,2608,Zinc ores and concentrates,4,FALSE,C00,TOTAL CPC,0,0,TOTAL MOT,8,kg,88540730,FALSE,8,kg,88540730,FALSE,88540730,FALSE,0,FALSE,0,17643190,17643190,0,FALSE,TRUE,HS_2608
C,A,20010101,2001,52,2001,818,EGY,Egypt,X,Export,0,W00,World,0,W00,World,H0,HS,TRUE,2608,Zinc ores and concentrates,4,FALSE,C00,TOTAL CPC,0,0,TOTAL MOT,8,kg,53836.429,TRUE,-1,N/A,0,FALSE,53836.429,TRUE,0,FALSE,0,12390.451,12390.451,6,FALSE,TRUE,HS_2608
C,A,20010101,2001,52,2001,32,ARG,Argentina,X,Export,0,W00,World,0,W00,World,H1,HS,TRUE,7901,Zinc; unwrought,4,FALSE,C00,TOTAL CPC,0,0,TOTAL MOT,8,kg,8029183,FALSE,-1,N/A,,FALSE,8029183,FALSE,,FALSE,,6089672,6089672,0,FALSE,FALSE,HS_7901
C,A,20010101,2001,52,2001,48,BHR,Bahrain,X,Export,0,W00,World,0,W00,World,H0,HS,TRUE,7901,Zinc; unwrought,4,FALSE,C00,TOTAL CPC,0,0,TOTAL MOT,8,kg,45322,FALSE,-1,N/A,,FALSE,45322,FALSE,,FALSE,,68548,68548,0,TRUE,FALSE,HS_7901
C,A,20010101,2001,52,2001,76,BRA,Brazil,X,Export,0,W00,World,0,W00,World,H1,HS,TRUE,7901,Zinc; unwrought,4,FALSE,C00,TOTAL CPC,0,0,TOTAL MOT,-1,N/A,0,FALSE,21,1000 KG,24544,FALSE,24394604,FALSE,0,FALSE,,22256116,22256116,0,FALSE,TRUE,HS_7901
C,A,20010101,2001,52,2001,144,LKA,Sri Lanka,X,Export,0,W00,World,0,W00,World,H1,HS,TRUE,7901,Zinc; unwrought,4,FALSE,C00,TOTAL CPC,0,0,TOTAL MOT,8,kg,50000,FALSE,-1,N/A,,FALSE,50000,FALSE,,FALSE,,35985,35985,0,FALSE,FALSE,HS_7901
C,A,20010101,2001,52,2001,152,CHL,Chile,X,Export,0,W00,World,0,W00,World,H1,HS,TRUE,7901,Zinc; unwrought,4,FALSE,C00,TOTAL CPC,0,0,TOTAL MOT,8,kg,95277,TRUE,-1,N/A,,FALSE,95277,TRUE,,FALSE,,91519,91519,6,FALSE,FALSE,HS_7901
C,A,20010101,2001,52,2001,170,COL,Colombia,X,Export,0,W00,World,0,W00,World,H1,HS,TRUE,7901,Zinc; unwrought,4,FALSE,C00,TOTAL CPC,0,0,TOTAL MOT,8,kg,24721,FALSE,-1,N/A,,FALSE,24721,FALSE,,FALSE,,29007,29007,0,FALSE,FALSE,HS_7901
C,A,20010101,2001,52,2001,218,ECU,Ecuador,X,Export,0,W00,World,0,W00,World,H1,HS,TRUE,7901,Zinc; unwrought,4,FALSE,C00,TOTAL CPC,0,0,TOTAL MOT,8,kg,52,FALSE,-1,N/A,,FALSE,52,FALSE,,FALSE,,1411,1411,0,FALSE,FALSE,HS_7901
C,A,20010101,2001,52,2001,222,SLV,El Salvador,X,Export,0,W00,World,0,W00,World,H1,HS,TRUE,7901,Zinc; unwrought,4,FALSE,C00,TOTAL CPC,0,0,TOTAL MOT,8,kg,24156.12,FALSE,8,kg,24156.12,FALSE,24156.12,FALSE,0,FALSE,0,17821.66,17821.66,0,FALSE,TRUE,HS_7901
C,A,20010101,2001,52,2001,348,HUN,Hungary,X,Export,0,W00,World,0,W00,World,H1,HS,TRUE,7901,Zinc; unwrought,4,FALSE,C00,TOTAL CPC,0,0,TOTAL MOT,8,kg,107600,FALSE,-1,N/A,,FALSE,107600,FALSE,,FALSE,,74000,74000,0,FALSE,FALSE,HS_7901
C,A,20010101,2001,52,2001,360,IDN,Indonesia,X,Export,0,W00,World,0,W00,World,H1,HS,TRUE,7901,Zinc; unwrought,4,FALSE,C00,TOTAL CPC,0,0,TOTAL MOT,8,kg,815256,FALSE,-1,N/A,,FALSE,815256,FALSE,,FALSE,,704070,704070,0,FALSE,FALSE,HS_7901
C,A,20010101,2001,52,2001,398,KAZ,Kazakhstan,X,Export,0,W00,World,0,W00,World,H1,HS,TRUE,7901,Zinc; unwrought,4,FALSE,C00,TOTAL CPC,0,0,TOTAL MOT,8,kg,236907600,FALSE,-1,N/A,,FALSE,236907600,FALSE,,FALSE,,157613300,157613300,0,FALSE,FALSE,HS_7901
C,A,20010101,2001,52,2001,484,MEX,Mexico,X,Export,0,W00,World,0,W00,World,H1,HS,TRUE,7901,Zinc; unwrought,4,FALSE,C00,TOTAL CPC,0,0,TOTAL MOT,8,kg,165254876,FALSE,-1,N/A,,FALSE,165254876,FALSE,,FALSE,,146840871,146840871,0,FALSE,FALSE,HS_7901
C,A,20010101,2001,52,2001,504,MAR,Morocco,X,Export,0,W00,World,0,W00,World,H1,HS,TRUE,7901,Zinc; unwrought,4,FALSE,C00,TOTAL CPC,0,0,TOTAL MOT,8,kg,50,FALSE,8,kg,50,FALSE,50,FALSE,0,FALSE,0,236.539,236.539,0,FALSE,TRUE,HS_7901
C,A,20010101,2001,52,2001,591,PAN,Panama,X,Export,0,W00,World,0,W00,World,H1,HS,TRUE,7901,Zinc; unwrought,4,FALSE,C00,TOTAL CPC,0,0,TOTAL MOT,8,kg,100215,FALSE,-1,N/A,,FALSE,100215,FALSE,,FALSE,,121981,121981,0,FALSE,FALSE,HS_7901
C,A,20010101,2001,52,2001,604,PER,Peru,X,Export,0,W00,World,0,W00,World,H1,HS,TRUE,7901,Zinc; unwrought,4,FALSE,C00,TOTAL CPC,0,0,TOTAL MOT,8,kg,159503377,FALSE,-1,N/A,,FALSE,159503377,FALSE,,FALSE,,153766484,153766484,0,FALSE,FALSE,HS_7901
C,A,20010101,2001,52,2001,608,PHL,Philippines,X,Export,0,W00,World,0,W00,World,H1,HS,TRUE,7901,Zinc; unwrought,4,FALSE,C00,TOTAL CPC,0,0,TOTAL MOT,8,kg,468590,TRUE,-1,N/A,,FALSE,468590,TRUE,,FALSE,,400493,400493,6,FALSE,FALSE,HS_7901
C,A,20010101,2001,52,2001,616,POL,Poland,X,Export,0,W00,World,0,W00,World,H1,HS,TRUE,7901,Zinc; unwrought,4,FALSE,C00,TOTAL CPC,0,0,TOTAL MOT,8,kg,87693676,FALSE,-1,N/A,,FALSE,87693676,FALSE,,FALSE,,82371000,82371000,0,FALSE,FALSE,HS_7901
C,A,20010101,2001,52,2001,642,ROU,Romania,X,Export,0,W00,World,0,W00,World,H1,HS,TRUE,7901,Zinc; unwrought,4,FALSE,C00,TOTAL CPC,0,0,TOTAL MOT,8,kg,44982350,FALSE,8,kg,44982350,FALSE,44982350,FALSE,0,FALSE,0,41547644.84,41547644.84,0,FALSE,TRUE,HS_7901
C,A,20010101,2001,52,2001,682,SAU,Saudi Arabia,X,Export,0,W00,World,0,W00,World,H1,HS,TRUE,7901,Zinc; unwrought,4,FALSE,C00,TOTAL CPC,0,0,TOTAL MOT,8,kg,111000,FALSE,-1,N/A,,FALSE,111000,FALSE,,FALSE,,56000,56000,0,FALSE,FALSE,HS_7901
C,A,20010101,2001,52,2001,710,ZAF,South Africa,X,Export,0,W00,World,0,W00,World,H1,HS,TRUE,7901,Zinc; unwrought,4,FALSE,C00,TOTAL CPC,0,0,TOTAL MOT,8,kg,17828668,FALSE,-1,N/A,,FALSE,17828668,FALSE,,FALSE,,18289575,18289575,0,FALSE,FALSE,HS_7901
C,A,20010101,2001,52,2001,784,ARE,United Arab Emirates,X,Export,0,W00,World,0,W00,World,H1,HS,TRUE,7901,Zinc; unwrought,4,FALSE,C00,TOTAL CPC,0,0,TOTAL MOT,-1,N/A,,FALSE,-1,N/A,,FALSE,301038,FALSE,,FALSE,,290133,290133,0,FALSE,FALSE,HS_7901
C,A,20010101,2001,52,2001,792,TUR,Türkiye,X,Export,0,W00,World,0,W00,World,H1,HS,TRUE,7901,Zinc; unwrought,4,FALSE,C00,TOTAL CPC,0,0,TOTAL MOT,8,kg,2529588,FALSE,8,kg,2529588,FALSE,2529588,FALSE,0,FALSE,0,3163593,3163593,0,FALSE,TRUE,HS_7901
C,A,20010101,2001,52,2001,858,URY,Uruguay,X,Export,0,W00,World,0,W00,World,H1,HS,TRUE,7901,Zinc; unwrought,4,FALSE,C00,TOTAL CPC,0,0,TOTAL MOT,8,kg,161361,FALSE,-1,N/A,,FALSE,161361,FALSE,,FALSE,,95659,95659,0,FALSE,FALSE,HS_7901
C,A,20010101,2001,52,2001,32,ARG,Argentina,X,Export,0,W00,World,0,W00,World,H1,HS,TRUE,2607,Lead ores and concentrates,4,FALSE,C00,TOTAL CPC,0,0,TOTAL MOT,8,kg,2746859,FALSE,-1,N/A,,FALSE,2746859,FALSE,,FALSE,,872684,872684,0,FALSE,FALSE,HS_2607
C,A,20010101,2001,52,2001,76,BRA,Brazil,X,Export,0,W00,World,0,W00,World,H1,HS,TRUE,2607,Lead ores and concentrates,4,FALSE,C00,TOTAL CPC,0,0,TOTAL MOT,8,kg,11224720,FALSE,8,kg,11224720,FALSE,11224720,FALSE,0,FALSE,,1488463,1488463,0,FALSE,TRUE,HS_2607
C,A,20010101,2001,52,2001,398,KAZ,Kazakhstan,X,Export,0,W00,World,0,W00,World,H1,HS,TRUE,2607,Lead ores and concentrates,4,FALSE,C00,TOTAL CPC,0,0,TOTAL MOT,-1,N/A,,FALSE,-1,N/A,,FALSE,,FALSE,,FALSE,,100,100,0,FALSE,FALSE,HS_2607
C,A,20010101,2001,52,2001,484,MEX,Mexico,X,Export,0,W00,World,0,W00,World,H1,HS,TRUE,2607,Lead ores and concentrates,4,FALSE,C00,TOTAL CPC,0,0,TOTAL MOT,8,kg,29764122,FALSE,-1,N/A,,FALSE,29764122,FALSE,,FALSE,,3044231,3044231,0,FALSE,FALSE,HS_2607
C,A,20010101,2001,52,2001,504,MAR,Morocco,X,Export,0,W00,World,0,W00,World,H1,HS,TRUE,2607,Lead ores and concentrates,4,FALSE,C00,TOTAL CPC,0,0,TOTAL MOT,8,kg,33725725,FALSE,8,kg,33725725,FALSE,33725725,FALSE,0,FALSE,0,9060706.914,9060706.914,0,FALSE,TRUE,HS_2607
C,A,20010101,2001,52,2001,604,PER,Peru,X,Export,0,W00,World,0,W00,World,H1,HS,TRUE,2607,Lead ores and concentrates,4,FALSE,C00,TOTAL CPC,0,0,TOTAL MOT,8,kg,228075637,FALSE,-1,N/A,,FALSE,228075637,FALSE,,FALSE,,89111253,89111253,0,FALSE,FALSE,HS_2607
C,A,20010101,2001,52,2001,616,POL,Poland,X,Export,0,W00,World,0,W00,World,H1,HS,TRUE,2607,Lead ores and concentrates,4,FALSE,C00,TOTAL CPC,0,0,TOTAL MOT,8,kg,73644785,FALSE,-1,N/A,,FALSE,73644785,FALSE,,FALSE,,12316000,12316000,0,FALSE,FALSE,HS_2607
C,A,20010101,2001,52,2001,642,ROU,Romania,X,Export,0,W00,World,0,W00,World,H1,HS,TRUE,2607,Lead ores and concentrates,4,FALSE,C00,TOTAL CPC,0,0,TOTAL MOT,8,kg,15583728,FALSE,8,kg,15583728,FALSE,15583728,FALSE,0,FALSE,0,2551510.54,2551510.54,0,FALSE,TRUE,HS_2607
C,A,20010101,2001,52,2001,704,VNM,Viet Nam,X,Export,0,W00,World,0,W00,World,H1,HS,TRUE,2607,Lead ores and concentrates,4,FALSE,C00,TOTAL CPC,0,0,TOTAL MOT,-1,N/A,,FALSE,-1,N/A,,FALSE,,FALSE,,FALSE,,100901,100901,0,FALSE,FALSE,HS_2607
C,A,20010101,2001,52,2001,710,ZAF,South Africa,X,Export,0,W00,World,0,W00,World,H1,HS,TRUE,2607,Lead ores and concentrates,4,FALSE,C00,TOTAL CPC,0,0,TOTAL MOT,8,kg,77165618,FALSE,-1,N/A,,FALSE,77165618,FALSE,,FALSE,,19837392,19837392,0,FALSE,FALSE,HS_2607
C,A,20010101,2001,52,2001,784,ARE,United Arab Emirates,X,Export,0,W00,World,0,W00,World,H1,HS,TRUE,2607,Lead ores and concentrates,4,FALSE,C00,TOTAL CPC,0,0,TOTAL MOT,-1,N/A,,FALSE,-1,N/A,,FALSE,21456,FALSE,,FALSE,,68580,68580,0,FALSE,FALSE,HS_2607
C,A,20010101,2001,52,2001,792,TUR,Türkiye,X,Export,0,W00,World,0,W00,World,H1,HS,TRUE,2607,Lead ores and concentrates,4,FALSE,C00,TOTAL CPC,0,0,TOTAL MOT,8,kg,11632075,FALSE,8,kg,11632075,FALSE,11632075,FALSE,0,FALSE,0,2381684,2381684,0,FALSE,TRUE,HS_2607
C,A,20010101,2001,52,2001,32,ARG,Argentina,X,Export,0,W00,World,0,W00,World,H1,HS,TRUE,7801,Lead; unwrought,4,FALSE,C00,TOTAL CPC,0,0,TOTAL MOT,8,kg,19442225,FALSE,-1,N/A,,FALSE,19442225,FALSE,,FALSE,,9760202,9760202,0,FALSE,FALSE,HS_7801
C,A,20010101,2001,52,2001,76,BRA,Brazil,X,Export,0,W00,World,0,W00,World,H1,HS,TRUE,7801,Lead; unwrought,4,FALSE,C00,TOTAL CPC,0,0,TOTAL MOT,8,kg,2762000,FALSE,21,1000 KG,2762,FALSE,20280,FALSE,0,FALSE,,19339,19339,0,FALSE,TRUE,HS_7801
C,A,20010101,2001,52,2001,144,LKA,Sri Lanka,X,Export,0,W00,World,0,W00,World,H1,HS,TRUE,7801,Lead; unwrought,4,FALSE,C00,TOTAL CPC,0,0,TOTAL MOT,8,kg,829847,FALSE,-1,N/A,,FALSE,829847,FALSE,,FALSE,,325241,325241,0,FALSE,FALSE,HS_7801
C,A,20010101,2001,52,2001,152,CHL,Chile,X,Export,0,W00,World,0,W00,World,H1,HS,TRUE,7801,Lead; unwrought,4,FALSE,C00,TOTAL CPC,0,0,TOTAL MOT,8,kg,1855034,TRUE,-1,N/A,,FALSE,1855034,TRUE,,FALSE,,1079111,1079111,6,FALSE,FALSE,HS_7801
C,A,20010101,2001,52,2001,170,COL,Colombia,X,Export,0,W00,World,0,W00,World,H1,HS,TRUE,7801,Lead; unwrought,4,FALSE,C00,TOTAL CPC,0,0,TOTAL MOT,8,kg,4222005,FALSE,-1,N/A,,FALSE,4222005,FALSE,,FALSE,,1601406,1601406,0,FALSE,FALSE,HS_7801
C,A,20010101,2001,52,2001,218,ECU,Ecuador,X,Export,0,W00,World,0,W00,World,H1,HS,TRUE,7801,Lead; unwrought,4,FALSE,C00,TOTAL CPC,0,0,TOTAL MOT,8,kg,194256,FALSE,-1,N/A,,FALSE,194256,FALSE,,FALSE,,48381,48381,0,FALSE,FALSE,HS_7801
C,A,20010101,2001,52,2001,222,SLV,El Salvador,X,Export,0,W00,World,0,W00,World,H1,HS,TRUE,7801,Lead; unwrought,4,FALSE,C00,TOTAL CPC,0,0,TOTAL MOT,8,kg,64096.76,FALSE,8,kg,64096.76,FALSE,64096.76,FALSE,0,FALSE,0,41910.27,41910.27,0,FALSE,TRUE,HS_7801
C,A,20010101,2001,52,2001,360,IDN,Indonesia,X,Export,0,W00,World,0,W00,World,H1,HS,TRUE,7801,Lead; unwrought,4,FALSE,C00,TOTAL CPC,0,0,TOTAL MOT,8,kg,3316352,FALSE,-1,N/A,,FALSE,3316352,FALSE,,FALSE,,2628111,2628111,0,FALSE,FALSE,HS_7801
C,A,20010101,2001,52,2001,398,KAZ,Kazakhstan,X,Export,0,W00,World,0,W00,World,H1,HS,TRUE,7801,Lead; unwrought,4,FALSE,C00,TOTAL CPC,0,0,TOTAL MOT,8,kg,134324500,FALSE,-1,N/A,,FALSE,134324500,FALSE,,FALSE,,56212600,56212600,0,FALSE,FALSE,HS_7801
C,A,20010101,2001,52,2001,484,MEX,Mexico,X,Export,0,W00,World,0,W00,World,H1,HS,TRUE,7801,Lead; unwrought,4,FALSE,C00,TOTAL CPC,0,0,TOTAL MOT,8,kg,19778273,FALSE,-1,N/A,,FALSE,19778273,FALSE,,FALSE,,9841842,9841842,0,FALSE,FALSE,HS_7801
C,A,20010101,2001,52,2001,504,MAR,Morocco,X,Export,0,W00,World,0,W00,World,H1,HS,TRUE,7801,Lead; unwrought,4,FALSE,C00,TOTAL CPC,0,0,TOTAL MOT,8,kg,52273790,FALSE,8,kg,52273790,FALSE,52273790,FALSE,0,FALSE,0,27211495.91,27211495.91,0,FALSE,TRUE,HS_7801
C,A,20010101,2001,52,2001,591,PAN,Panama,X,Export,0,W00,World,0,W00,World,H1,HS,TRUE,7801,Lead; unwrought,4,FALSE,C00,TOTAL CPC,0,0,TOTAL MOT,8,kg,1449000,FALSE,-1,N/A,,FALSE,1449000,FALSE,,FALSE,,1238366,1238366,0,FALSE,FALSE,HS_7801
C,A,20010101,2001,52,2001,604,PER,Peru,X,Export,0,W00,World,0,W00,World,H1,HS,TRUE,7801,Lead; unwrought,4,FALSE,C00,TOTAL CPC,0,0,TOTAL MOT,8,kg,115132906,FALSE,-1,N/A,,FALSE,115132906,FALSE,,FALSE,,58320140,58320140,0,FALSE,FALSE,HS_7801
C,A,20010101,2001,52,2001,616,POL,Poland,X,Export,0,W00,World,0,W00,World,H1,HS,TRUE,7801,Lead; unwrought,4,FALSE,C00,TOTAL CPC,0,0,TOTAL MOT,8,kg,43990536,FALSE,-1,N/A,,FALSE,43990536,FALSE,,FALSE,,18874000,18874000,0,FALSE,FALSE,HS_7801
C,A,20010101,2001,52,2001,642,ROU,Romania,X,Export,0,W00,World,0,W00,World,H1,HS,TRUE,7801,Lead; unwrought,4,FALSE,C00,TOTAL CPC,0,0,TOTAL MOT,8,kg,16131154,FALSE,8,kg,16131154,FALSE,16131154,FALSE,0,FALSE,0,7721713.58,7721713.58,0,FALSE,TRUE,HS_7801
C,A,20010101,2001,52,2001,682,SAU,Saudi Arabia,X,Export,0,W00,World,0,W00,World,H1,HS,TRUE,7801,Lead; unwrought,4,FALSE,C00,TOTAL CPC,0,0,TOTAL MOT,8,kg,5249000,FALSE,-1,N/A,,FALSE,5249000,FALSE,,FALSE,,2926137,2926137,0,FALSE,FALSE,HS_7801
C,A,20010101,2001,52,2001,710,ZAF,South Africa,X,Export,0,W00,World,0,W00,World,H1,HS,TRUE,7801,Lead; unwrought,4,FALSE,C00,TOTAL CPC,0,0,TOTAL MOT,8,kg,11776537,FALSE,-1,N/A,,FALSE,11776537,FALSE,,FALSE,,2542042,2542042,0,FALSE,FALSE,HS_7801
C,A,20010101,2001,52,2001,784,ARE,United Arab Emirates,X,Export,0,W00,World,0,W00,World,H1,HS,TRUE,7801,Lead; unwrought,4,FALSE,C00,TOTAL CPC,0,0,TOTAL MOT,-1,N/A,,FALSE,-1,N/A,,FALSE,,FALSE,,FALSE,,47430,47430,0,FALSE,FALSE,HS_7801
C,A,20010101,2001,52,2001,792,TUR,Türkiye,X,Export,0,W00,World,0,W00,World,H1,HS,TRUE,7801,Lead; unwrought,4,FALSE,C00,TOTAL CPC,0,0,TOTAL MOT,8,kg,5005367,FALSE,8,kg,5005367,FALSE,5005367,FALSE,0,FALSE,0,2057637,2057637,0,FALSE,TRUE,HS_7801
C,A,20010101,2001,52,2001,858,URY,Uruguay,X,Export,0,W00,World,0,W00,World,H1,HS,TRUE,7801,Lead; unwrought,4,FALSE,C00,TOTAL CPC,0,0,TOTAL MOT,8,kg,125000,FALSE,-1,N/A,,FALSE,125000,FALSE,,FALSE,,42900,42900,0,FALSE,FALSE,HS_7801
C,A,20010101,2001,52,2001,894,ZMB,Zambia,X,Export,0,W00,World,0,W00,World,H1,HS,TRUE,7801,Lead; unwrought,4,FALSE,C00,TOTAL CPC,0,0,TOTAL MOT,8,kg,57000,FALSE,8,kg,57000,FALSE,57000,FALSE,0,FALSE,0,14765,14765,0,FALSE,TRUE,HS_7801
C,A,20010101,2001,52,2001,32,ARG,Argentina,X,Export,0,W00,World,0,W00,World,H1,HS,TRUE,7106,"Silver (including silver plated with gold or platinum); unwrought or in semi-manufactured forms, or in powder form",4,FALSE,C00,TOTAL CPC,0,0,TOTAL MOT,8,kg,17584,FALSE,-1,N/A,,FALSE,17584,FALSE,,FALSE,,2395480,2395480,0,FALSE,FALSE,HS_7106
C,A,20010101,2001,52,2001,76,BRA,Brazil,X,Export,0,W00,World,0,W00,World,H1,HS,TRUE,7106,"Silver (including silver plated with gold or platinum); unwrought or in semi-manufactured forms, or in powder form",4,FALSE,C00,TOTAL CPC,0,0,TOTAL MOT,8,kg,101034,FALSE,8,kg,503830,FALSE,117567,FALSE,0,FALSE,,15321583,15321583,0,FALSE,TRUE,HS_7106
C,A,20010101,2001,52,2001,152,CHL,Chile,X,Export,0,W00,World,0,W00,World,H1,HS,TRUE,7106,"Silver (including silver plated with gold or platinum); unwrought or in semi-manufactured forms, or in powder form",4,FALSE,C00,TOTAL CPC,0,0,TOTAL MOT,-1,N/A,,FALSE,-1,N/A,,FALSE,,FALSE,,FALSE,,95133163,95133163,0,FALSE,FALSE,HS_7106
C,A,20010101,2001,52,2001,170,COL,Colombia,X,Export,0,W00,World,0,W00,World,H1,HS,TRUE,7106,"Silver (including silver plated with gold or platinum); unwrought or in semi-manufactured forms, or in powder form",4,FALSE,C00,TOTAL CPC,0,0,TOTAL MOT,8,kg,5708,FALSE,-1,N/A,,FALSE,5708,FALSE,,FALSE,,755338,755338,0,FALSE,FALSE,HS_7106
C,A,20010101,2001,52,2001,218,ECU,Ecuador,X,Export,0,W00,World,0,W00,World,H1,HS,TRUE,7106,"Silver (including silver plated with gold or platinum); unwrought or in semi-manufactured forms, or in powder form",4,FALSE,C00,TOTAL CPC,0,0,TOTAL MOT,8,kg,10,FALSE,-1,N/A,,FALSE,10,FALSE,,FALSE,,1700,1700,0,FALSE,FALSE,HS_7106
C,A,20010101,2001,52,2001,222,SLV,El Salvador,X,Export,0,W00,World,0,W00,World,H1,HS,TRUE,7106,"Silver (including silver plated with gold or platinum); unwrought or in semi-manufactured forms, or in powder form",4,FALSE,C00,TOTAL CPC,0,0,TOTAL MOT,8,kg,267,FALSE,8,kg,267,FALSE,267,FALSE,0,FALSE,0,9025.25,9025.25,0,FALSE,TRUE,HS_7106
C,A,20010101,2001,52,2001,348,HUN,Hungary,X,Export,0,W00,World,0,W00,World,H1,HS,TRUE,7106,"Silver (including silver plated with gold or platinum); unwrought or in semi-manufactured forms, or in powder form",4,FALSE,C00,TOTAL CPC,0,0,TOTAL MOT,8,kg,1100,FALSE,-1,N/A,,FALSE,1100,FALSE,,FALSE,,244000,244000,0,FALSE,FALSE,HS_7106
C,A,20010101,2001,52,2001,360,IDN,Indonesia,X,Export,0,W00,World,0,W00,World,H1,HS,TRUE,7106,"Silver (including silver plated with gold or platinum); unwrought or in semi-manufactured forms, or in powder form",4,FALSE,C00,TOTAL CPC,0,0,TOTAL MOT,8,kg,134402,FALSE,-1,N/A,,FALSE,134402,FALSE,,FALSE,,16339375,16339375,0,FALSE,FALSE,HS_7106
C,A,20010101,2001,52,2001,398,KAZ,Kazakhstan,X,Export,0,W00,World,0,W00,World,H1,HS,TRUE,7106,"Silver (including silver plated with gold or platinum); unwrought or in semi-manufactured forms, or in powder form",4,FALSE,C00,TOTAL CPC,0,0,TOTAL MOT,-1,N/A,,FALSE,-1,N/A,,FALSE,884400,FALSE,,FALSE,,132781600,132781600,0,FALSE,FALSE,HS_7106
C,A,20010101,2001,52,2001,484,MEX,Mexico,X,Export,0,W00,World,0,W00,World,H1,HS,TRUE,7106,"Silver (including silver plated with gold or platinum); unwrought or in semi-manufactured forms, or in powder form",4,FALSE,C00,TOTAL CPC,0,0,TOTAL MOT,8,kg,5902741,FALSE,-1,N/A,,FALSE,5902741,FALSE,,FALSE,,357431843,357431843,0,FALSE,FALSE,HS_7106
C,A,20010101,2001,52,2001,504,MAR,Morocco,X,Export,0,W00,World,0,W00,World,H1,HS,TRUE,7106,"Silver (including silver plated with gold or platinum); unwrought or in semi-manufactured forms, or in powder form",4,FALSE,C00,TOTAL CPC,0,0,TOTAL MOT,8,kg,278857,FALSE,8,kg,278857,FALSE,278857,FALSE,0,FALSE,0,37847647.439,37847647.439,0,FALSE,TRUE,HS_7106
C,A,20010101,2001,52,2001,591,PAN,Panama,X,Export,0,W00,World,0,W00,World,H1,HS,TRUE,7106,"Silver (including silver plated with gold or platinum); unwrought or in semi-manufactured forms, or in powder form",4,FALSE,C00,TOTAL CPC,0,0,TOTAL MOT,8,kg,441,FALSE,-1,N/A,,FALSE,441,FALSE,,FALSE,,49137,49137,0,FALSE,FALSE,HS_7106
C,A,20010101,2001,52,2001,604,PER,Peru,X,Export,0,W00,World,0,W00,World,H1,HS,TRUE,7106,"Silver (including silver plated with gold or platinum); unwrought or in semi-manufactured forms, or in powder form",4,FALSE,C00,TOTAL CPC,0,0,TOTAL MOT,8,kg,1112936,TRUE,-1,N/A,,FALSE,1112936,TRUE,,FALSE,,155303499,155303499,6,FALSE,FALSE,HS_7106
C,A,20010101,2001,52,2001,608,PHL,Philippines,X,Export,0,W00,World,0,W00,World,H1,HS,TRUE,7106,"Silver (including silver plated with gold or platinum); unwrought or in semi-manufactured forms, or in powder form",4,FALSE,C00,TOTAL CPC,0,0,TOTAL MOT,8,kg,9042,FALSE,-1,N/A,,FALSE,9042,FALSE,,FALSE,,1153576,1153576,0,FALSE,FALSE,HS_7106
C,A,20010101,2001,52,2001,616,POL,Poland,X,Export,0,W00,World,0,W00,World,H1,HS,TRUE,7106,"Silver (including silver plated with gold or platinum); unwrought or in semi-manufactured forms, or in powder form",4,FALSE,C00,TOTAL CPC,0,0,TOTAL MOT,8,kg,1093220,FALSE,-1,N/A,,FALSE,1093220,FALSE,,FALSE,,156868000,156868000,0,FALSE,FALSE,HS_7106
C,A,20010101,2001,52,2001,682,SAU,Saudi Arabia,X,Export,0,W00,World,0,W00,World,H1,HS,TRUE,7106,"Silver (including silver plated with gold or platinum); unwrought or in semi-manufactured forms, or in powder form",4,FALSE,C00,TOTAL CPC,0,0,TOTAL MOT,-1,N/A,,FALSE,-1,N/A,,FALSE,,FALSE,,FALSE,,3653871,3653871,0,FALSE,FALSE,HS_7106
C,A,20010101,2001,52,2001,704,VNM,Viet Nam,X,Export,0,W00,World,0,W00,World,H1,HS,TRUE,7106,"Silver (including silver plated with gold or platinum); unwrought or in semi-manufactured forms, or in powder form",4,FALSE,C00,TOTAL CPC,0,0,TOTAL MOT,-1,N/A,,FALSE,-1,N/A,,FALSE,,FALSE,,FALSE,,6304,6304,0,FALSE,FALSE,HS_7106
C,A,20010101,2001,52,2001,710,ZAF,South Africa,X,Export,0,W00,World,0,W00,World,H1,HS,TRUE,7106,"Silver (including silver plated with gold or platinum); unwrought or in semi-manufactured forms, or in powder form",4,FALSE,C00,TOTAL CPC,0,0,TOTAL MOT,8,kg,105988,FALSE,-1,N/A,,FALSE,105988,FALSE,,FALSE,,12257083,12257083,0,FALSE,FALSE,HS_7106
C,A,20010101,2001,52,2001,784,ARE,United Arab Emirates,X,Export,0,W00,World,0,W00,World,H1,HS,TRUE,7106,"Silver (including silver plated with gold or platinum); unwrought or in semi-manufactured forms, or in powder form",4,FALSE,C00,TOTAL CPC,0,0,TOTAL MOT,-1,N/A,,FALSE,-1,N/A,,FALSE,63641,FALSE,,FALSE,,8481952,8481952,0,FALSE,FALSE,HS_7106
C,A,20010101,2001,52,2001,792,TUR,Türkiye,X,Export,0,W00,World,0,W00,World,H1,HS,TRUE,7106,"Silver (including silver plated with gold or platinum); unwrought or in semi-manufactured forms, or in powder form",4,FALSE,C00,TOTAL CPC,0,0,TOTAL MOT,8,kg,75.3,FALSE,15,g,75300,FALSE,75,FALSE,0,FALSE,0,18979,18979,0,FALSE,TRUE,HS_7106
C,A,20010101,2001,52,2001,818,EGY,Egypt,X,Export,0,W00,World,0,W00,World,H0,HS,TRUE,7106,"Silver (including silver plated with gold or platinum); unwrought or in semi-manufactured forms, or in powder form",4,FALSE,C00,TOTAL CPC,0,0,TOTAL MOT,8,kg,50.987,TRUE,-1,N/A,0,FALSE,50.987,TRUE,0,FALSE,0,7231.4,7231.4,6,FALSE,TRUE,HS_7106
C,A,20010101,2001,52,2001,894,ZMB,Zambia,X,Export,0,W00,World,0,W00,World,H1,HS,TRUE,7106,"Silver (including silver plated with gold or platinum); unwrought or in semi-manufactured forms, or in powder form",4,FALSE,C00,TOTAL CPC,0,0,TOTAL MOT,8,kg,81534,FALSE,8,kg,81534,FALSE,81534,FALSE,0,FALSE,0,1375990,1375990,0,FALSE,TRUE,HS_7106
C,A,20010101,2001,52,2001,32,ARG,Argentina,X,Export,0,W00,World,0,W00,World,H1,HS,TRUE,7108,"Gold (including gold plated with platinum) unwrought or in semi-manufactured forms, or in powder form",4,FALSE,C00,TOTAL CPC,0,0,TOTAL MOT,8,kg,75544,FALSE,-1,N/A,,FALSE,75544,FALSE,,FALSE,,99254250,99254250,0,FALSE,FALSE,HS_7108
C,A,20010101,2001,52,2001,76,BRA,Brazil,X,Export,0,W00,World,0,W00,World,H1,HS,TRUE,7108,"Gold (including gold plated with platinum) unwrought or in semi-manufactured forms, or in powder form",4,FALSE,C00,TOTAL CPC,0,0,TOTAL MOT,8,kg,1627279,FALSE,8,kg,4376450,FALSE,268239,FALSE,0,FALSE,,335670218,335670218,0,FALSE,TRUE,HS_7108
C,A,20010101,2001,52,2001,144,LKA,Sri Lanka,X,Export,0,W00,World,0,W00,World,H1,HS,TRUE,7108,"Gold (including gold plated with platinum) unwrought or in semi-manufactured forms, or in powder form",4,FALSE,C00,TOTAL CPC,0,0,TOTAL MOT,8,kg,55,FALSE,-1,N/A,,FALSE,55,FALSE,,FALSE,,580165,580165,0,FALSE,FALSE,HS_7108
C,A,20010101,2001,52,2001,152,CHL,Chile,X,Export,0,W00,World,0,W00,World,H1,HS,TRUE,7108,"Gold (including gold plated with platinum) unwrought or in semi-manufactured forms, or in powder form",4,FALSE,C00,TOTAL CPC,0,0,TOTAL MOT,8,kg,28091,TRUE,-1,N/A,,FALSE,28091,TRUE,,FALSE,,239555184,239555184,6,FALSE,FALSE,HS_7108
C,A,20010101,2001,52,2001,170,COL,Colombia,X,Export,0,W00,World,0,W00,World,H1,HS,TRUE,7108,"Gold (including gold plated with platinum) unwrought or in semi-manufactured forms, or in powder form",4,FALSE,C00,TOTAL CPC,0,0,TOTAL MOT,8,kg,435,FALSE,-1,N/A,,FALSE,435,FALSE,,FALSE,,3257778,3257778,0,FALSE,FALSE,HS_7108
C,A,20010101,2001,52,2001,218,ECU,Ecuador,X,Export,0,W00,World,0,W00,World,H1,HS,TRUE,7108,"Gold (including gold plated with platinum) unwrought or in semi-manufactured forms, or in powder form",4,FALSE,C00,TOTAL CPC,0,0,TOTAL MOT,8,kg,288176,TRUE,-1,N/A,,FALSE,288176,TRUE,,FALSE,,6838216,6838216,6,FALSE,FALSE,HS_7108
C,A,20010101,2001,52,2001,222,SLV,El Salvador,X,Export,0,W00,World,0,W00,World,H1,HS,TRUE,7108,"Gold (including gold plated with platinum) unwrought or in semi-manufactured forms, or in powder form",4,FALSE,C00,TOTAL CPC,0,0,TOTAL MOT,8,kg,6.2,FALSE,8,kg,6.2,FALSE,6.2,FALSE,0,FALSE,0,32631.1,32631.1,0,FALSE,TRUE,HS_7108
C,A,20010101,2001,52,2001,348,HUN,Hungary,X,Export,0,W00,World,0,W00,World,H1,HS,TRUE,7108,"Gold (including gold plated with platinum) unwrought or in semi-manufactured forms, or in powder form",4,FALSE,C00,TOTAL CPC,0,0,TOTAL MOT,8,kg,1213,TRUE,-1,N/A,,FALSE,1213,TRUE,,FALSE,,9557000,9557000,6,FALSE,FALSE,HS_7108
C,A,20010101,2001,52,2001,360,IDN,Indonesia,X,Export,0,W00,World,0,W00,World,H1,HS,TRUE,7108,"Gold (including gold plated with platinum) unwrought or in semi-manufactured forms, or in powder form",4,FALSE,C00,TOTAL CPC,0,0,TOTAL MOT,8,kg,64673,FALSE,-1,N/A,,FALSE,64673,FALSE,,FALSE,,430504786,430504786,0,FALSE,FALSE,HS_7108
C,A,20010101,2001,52,2001,384,CIV,Côte d'Ivoire,X,Export,0,W00,World,0,W00,World,H1,HS,TRUE,7108,"Gold (including gold plated with platinum) unwrought or in semi-manufactured forms, or in powder form",4,FALSE,C00,TOTAL CPC,0,0,TOTAL MOT,8,kg,3930,FALSE,-1,N/A,,FALSE,3930,FALSE,,FALSE,,30864344,30864344,0,FALSE,FALSE,HS_7108
C,A,20010101,2001,52,2001,398,KAZ,Kazakhstan,X,Export,0,W00,World,0,W00,World,H1,HS,TRUE,7108,"Gold (including gold plated with platinum) unwrought or in semi-manufactured forms, or in powder form",4,FALSE,C00,TOTAL CPC,0,0,TOTAL MOT,8,kg,12620,TRUE,-1,N/A,,FALSE,12620,TRUE,,FALSE,,100999800,100999800,6,FALSE,FALSE,HS_7108
C,A,20010101,2001,52,2001,484,MEX,Mexico,X,Export,0,W00,World,0,W00,World,H1,HS,TRUE,7108,"Gold (including gold plated with platinum) unwrought or in semi-manufactured forms, or in powder form",4,FALSE,C00,TOTAL CPC,0,0,TOTAL MOT,8,kg,44353,FALSE,-1,N/A,,FALSE,44353,FALSE,,FALSE,,54645214,54645214,0,FALSE,FALSE,HS_7108
C,A,20010101,2001,52,2001,504,MAR,Morocco,X,Export,0,W00,World,0,W00,World,H1,HS,TRUE,7108,"Gold (including gold plated with platinum) unwrought or in semi-manufactured forms, or in powder form",4,FALSE,C00,TOTAL CPC,0,0,TOTAL MOT,8,kg,1639.186,TRUE,-1,N/A,0,FALSE,1639.186,TRUE,0,FALSE,0,11632258.32,11632258.32,6,FALSE,TRUE,HS_7108
C,A,20010101,2001,52,2001,591,PAN,Panama,X,Export,0,W00,World,0,W00,World,H1,HS,TRUE,7108,"Gold (including gold plated with platinum) unwrought or in semi-manufactured forms, or in powder form",4,FALSE,C00,TOTAL CPC,0,0,TOTAL MOT,8,kg,349,FALSE,-1,N/A,,FALSE,349,FALSE,,FALSE,,697583,697583,0,FALSE,FALSE,HS_7108
C,A,20010101,2001,52,2001,604,PER,Peru,X,Export,0,W00,World,0,W00,World,H1,HS,TRUE,7108,"Gold (including gold plated with platinum) unwrought or in semi-manufactured forms, or in powder form",4,FALSE,C00,TOTAL CPC,0,0,TOTAL MOT,8,kg,463099,TRUE,-1,N/A,,FALSE,463099,TRUE,,FALSE,,1166064002,1166064002,6,FALSE,FALSE,HS_7108
C,A,20010101,2001,52,2001,608,PHL,Philippines,X,Export,0,W00,World,0,W00,World,H1,HS,TRUE,7108,"Gold (including gold plated with platinum) unwrought or in semi-manufactured forms, or in powder form",4,FALSE,C00,TOTAL CPC,0,0,TOTAL MOT,8,kg,161424,FALSE,-1,N/A,,FALSE,161424,FALSE,,FALSE,,63671628,63671628,0,FALSE,FALSE,HS_7108
C,A,20010101,2001,52,2001,616,POL,Poland,X,Export,0,W00,World,0,W00,World,H1,HS,TRUE,7108,"Gold (including gold plated with platinum) unwrought or in semi-manufactured forms, or in powder form",4,FALSE,C00,TOTAL CPC,0,0,TOTAL MOT,8,kg,21,FALSE,-1,N/A,,FALSE,21,FALSE,,FALSE,,179000,179000,0,FALSE,FALSE,HS_7108
C,A,20010101,2001,52,2001,682,SAU,Saudi Arabia,X,Export,0,W00,World,0,W00,World,H1,HS,TRUE,7108,"Gold (including gold plated with platinum) unwrought or in semi-manufactured forms, or in powder form",4,FALSE,C00,TOTAL CPC,0,0,TOTAL MOT,8,kg,3320518,TRUE,-1,N/A,,FALSE,3320518,TRUE,,FALSE,,30090704,30090704,6,FALSE,FALSE,HS_7108
C,A,20010101,2001,52,2001,704,VNM,Viet Nam,X,Export,0,W00,World,0,W00,World,H1,HS,TRUE,7108,"Gold (including gold plated with platinum) unwrought or in semi-manufactured forms, or in powder form",4,FALSE,C00,TOTAL CPC,0,0,TOTAL MOT,8,kg,42,TRUE,-1,N/A,,FALSE,42,TRUE,,FALSE,,311606,311606,6,FALSE,FALSE,HS_7108
C,A,20010101,2001,52,2001,710,ZAF,South Africa,X,Export,0,W00,World,0,W00,World,H1,HS,TRUE,7108,"Gold (including gold plated with platinum) unwrought or in semi-manufactured forms, or in powder form",4,FALSE,C00,TOTAL CPC,0,0,TOTAL MOT,8,kg,5133,TRUE,-1,N/A,,FALSE,5133,TRUE,,FALSE,,4451799,4451799,6,FALSE,FALSE,HS_7108
C,A,20010101,2001,52,2001,784,ARE,United Arab Emirates,X,Export,0,W00,World,0,W00,World,H1,HS,TRUE,7108,"Gold (including gold plated with platinum) unwrought or in semi-manufactured forms, or in powder form",4,FALSE,C00,TOTAL CPC,0,0,TOTAL MOT,-1,N/A,,FALSE,-1,N/A,,FALSE,58207,FALSE,,FALSE,,506259684,506259684,0,FALSE,FALSE,HS_7108
C,A,20010101,2001,52,2001,792,TUR,Türkiye,X,Export,0,W00,World,0,W00,World,H1,HS,TRUE,7108,"Gold (including gold plated with platinum) unwrought or in semi-manufactured forms, or in powder form",4,FALSE,C00,TOTAL CPC,0,0,TOTAL MOT,8,kg,4672.827,FALSE,15,g,4672827,FALSE,4670,FALSE,0,FALSE,0,26283989,26283989,0,FALSE,TRUE,HS_7108
C,A,20010101,2001,52,2001,858,URY,Uruguay,X,Export,0,W00,World,0,W00,World,H1,HS,TRUE,7108,"Gold (including gold plated with platinum) unwrought or in semi-manufactured forms, or in powder form",4,FALSE,C00,TOTAL CPC,0,0,TOTAL MOT,8,kg,3400,FALSE,-1,N/A,,FALSE,3400,FALSE,,FALSE,,18237596,18237596,0,FALSE,FALSE,HS_7108
C,A,20010101,2001,52,2001,894,ZMB,Zambia,X,Export,0,W00,World,0,W00,World,H1,HS,TRUE,7108,"Gold (including gold plated with platinum) unwrought or in semi-manufactured forms, or in powder form",4,FALSE,C00,TOTAL CPC,0,0,TOTAL MOT,8,kg,3774,FALSE,8,kg,3774,FALSE,3774,FALSE,0,FALSE,0,17599409,17599409,0,FALSE,TRUE,HS_7108
