type_code,freq_code,ref_period_id,ref_year,ref_month,period,reporter_code,reporter_iso,reporter_desc,flow_code,flow_desc,partner_code,partner_iso,partner_desc,partner2code,partner2iso,partner2desc,classification_code,classification_search_code,is_original_classification,cmd_code,cmd_desc,aggr_level,is_leaf,customs_code,customs_desc,mos_code,mot_code,mot_desc,qty_unit_code,qty_unit_abbr,qty,is_qty_estimated,alt_qty_unit_code,alt_qty_unit_abbr,alt_qty,is_alt_qty_estimated,net_wgt,is_net_wgt_estimated,gross_wgt,is_gross_wgt_estimated,cifvalue,fobvalue,primary_value,legacy_estimation_flag,is_reported,is_aggregate,query_type
C,A,20020101,2002,52,2002,32,ARG,Argentina,X,Export,0,W00,World,0,W00,World,H2,HS,TRUE,27,"Mineral fuels, mineral oils and products of their distillation; bituminous substances; mineral waxes",2,FALSE,C00,TOTAL CPC,0,0,TOTAL MOT,-1,N/A,,FALSE,-1,N/A,,FALSE,,FALSE,,FALSE,,4374861634,4374861634,0,TRUE,FALSE,HS_27
C,A,20020101,2002,52,2002,48,BHR,Bahrain,X,Export,0,W00,World,0,W00,World,H2,HS,TRUE,27,"Mineral fuels, mineral oils and products of their distillation; bituminous substances; mineral waxes",2,FALSE,C00,TOTAL CPC,0,0,TOTAL MOT,-1,N/A,,FALSE,-1,N/A,,FALSE,,FALSE,,FALSE,,3956666488,3956666488,0,TRUE,FALSE,HS_27
C,A,20020101,2002,52,2002,76,BRA,Brazil,X,Export,0,W00,World,0,W00,World,H2,HS,TRUE,27,"Mineral fuels, mineral oils and products of their distillation; bituminous substances; mineral waxes",2,FALSE,C00,TOTAL CPC,0,0,TOTAL MOT,-1,N/A,0,FALSE,-1,N/A,0,FALSE,0,TRUE,0,FALSE,,3886624452,3886624452,4,FALSE,TRUE,HS_27
C,A,20020101,2002,52,2002,144,LKA,Sri Lanka,X,Export,0,W00,World,0,W00,World,H2,HS,TRUE,27,"Mineral fuels, mineral oils and products of their distillation; bituminous substances; mineral waxes",2,FALSE,C00,TOTAL CPC,0,0,TOTAL MOT,-1,N/A,,FALSE,-1,N/A,,FALSE,,FALSE,,FALSE,,14276624,14276624,0,TRUE,FALSE,HS_27
C,A,20020101,2002,52,2002,152,CHL,Chile,X,Export,0,W00,World,0,W00,World,H2,HS,TRUE,27,"Mineral fuels, mineral oils and products of their distillation; bituminous substances; mineral waxes",2,FALSE,C00,TOTAL CPC,0,0,TOTAL MOT,-1,N/A,,FALSE,-1,N/A,,FALSE,,FALSE,,FALSE,,207010915,207010915,0,TRUE,FALSE,HS_27
C,A,20020101,2002,52,2002,170,COL,Colombia,X,Export,0,W00,World,0,W00,World,H2,HS,TRUE,27,"Mineral fuels, mineral oils and products of their distillation; bituminous substances; mineral waxes",2,FALSE,C00,TOTAL CPC,0,0,TOTAL MOT,-1,N/A,,FALSE,-1,N/A,,FALSE,,FALSE,,FALSE,,4273429871,4273429871,0,TRUE,FALSE,HS_27
C,A,20020101,2002,52,2002,218,ECU,Ecuador,X,Export,0,W00,World,0,W00,World,H2,HS,TRUE,27,"Mineral fuels, mineral oils and products of their distillation; bituminous substances; mineral waxes",2,FALSE,C00,TOTAL CPC,0,0,TOTAL MOT,-1,N/A,,FALSE,-1,N/A,,FALSE,,FALSE,,FALSE,,2060971526,2060971526,0,TRUE,FALSE,HS_27
C,A,20020101,2002,52,2002,222,SLV,El Salvador,X,Export,0,W00,World,0,W00,World,H2,HS,TRUE,27,"Mineral fuels, mineral oils and products of their distillation; bituminous substances; mineral waxes",2,FALSE,C00,TOTAL CPC,0,0,TOTAL MOT,-1,N/A,0,FALSE,-1,N/A,0,FALSE,0,FALSE,0,FALSE,0,64715249.78,64715249.78,0,FALSE,TRUE,HS_27
C,A,20020101,2002,52,2002,348,HUN,Hungary,X,Export,0,W00,World,0,W00,World,H2,HS,TRUE,27,"Mineral fuels, mineral oils and products of their distillation; bituminous substances; mineral waxes",2,FALSE,C00,TOTAL CPC,0,0,TOTAL MOT,-1,N/A,,FALSE,-1,N/A,,FALSE,25200,FALSE,,FALSE,,562724000,562724000,0,TRUE,FALSE,HS_27
C,A,20020101,2002,52,2002,360,IDN,Indonesia,X,Export,0,W00,World,0,W00,World,H1,HS,TRUE,27,"Mineral fuels, mineral oils and products of their distillation; bituminous substances; mineral waxes",2,FALSE,C00,TOTAL CPC,0,0,TOTAL MOT,-1,N/A,,FALSE,-1,N/A,,FALSE,,FALSE,,FALSE,,13914409482,13914409482,0,FALSE,FALSE,HS_27
C,A,20020101,2002,52,2002,384,CIV,Côte d'Ivoire,X,Export,0,W00,World,0,W00,World,H1,HS,TRUE,27,"Mineral fuels, mineral oils and products of their distillation; bituminous substances; mineral waxes",2,FALSE,C00,TOTAL CPC,0,0,TOTAL MOT,-1,N/A,,FALSE,-1,N/A,,FALSE,,FALSE,,FALSE,,566329842,566329842,0,FALSE,FALSE,HS_27
C,A,20020101,2002,52,2002,398,KAZ,Kazakhstan,X,Export,0,W00,World,0,W00,World,H1,HS,TRUE,27,"Mineral fuels, mineral oils and products of their distillation; bituminous substances; mineral waxes",2,FALSE,C00,TOTAL CPC,0,0,TOTAL MOT,-1,N/A,,FALSE,-1,N/A,,FALSE,,FALSE,,FALSE,,5621379600,5621379600,0,FALSE,FALSE,HS_27
C,A,20020101,2002,52,2002,484,MEX,Mexico,X,Export,0,W00,World,0,W00,World,H2,HS,TRUE,27,"Mineral fuels, mineral oils and products of their distillation; bituminous substances; mineral waxes",2,FALSE,C00,TOTAL CPC,0,0,TOTAL MOT,-1,N/A,,FALSE,-1,N/A,,FALSE,,FALSE,,FALSE,,14305632015,14305632015,0,TRUE,FALSE,HS_27
C,A,20020101,2002,52,2002,504,MAR,Morocco,X,Export,0,W00,World,0,W00,World,H2,HS,TRUE,27,"Mineral fuels, mineral oils and products of their distillation; bituminous substances; mineral waxes",2,FALSE,C00,TOTAL CPC,0,0,TOTAL MOT,-1,N/A,0,FALSE,-1,N/A,0,FALSE,0,TRUE,0,FALSE,0,287169676.612,287169676.612,4,FALSE,TRUE,HS_27
C,A,20020101,2002,52,2002,566,NGA,Nigeria,X,Export,0,W00,World,0,W00,World,H1,HS,TRUE,27,"Mineral fuels, mineral oils and products of their distillation; bituminous substances; mineral waxes",2,FALSE,C00,TOTAL CPC,0,0,TOTAL MOT,-1,N/A,,FALSE,-1,N/A,,FALSE,,FALSE,,FALSE,,17497928898,17497928898,0,FALSE,FALSE,HS_27
C,A,20020101,2002,52,2002,591,PAN,Panama,X,Export,0,W00,World,0,W00,World,H1,HS,TRUE,27,"Mineral fuels, mineral oils and products of their distillation; bituminous substances; mineral waxes",2,FALSE,C00,TOTAL CPC,0,0,TOTAL MOT,-1,N/A,,FALSE,-1,N/A,,FALSE,,FALSE,,FALSE,,46678864,46678864,0,FALSE,FALSE,HS_27
C,A,20020101,2002,52,2002,604,PER,Peru,X,Export,0,W00,World,0,W00,World,H2,HS,TRUE,27,"Mineral fuels, mineral oils and products of their distillation; bituminous substances; mineral waxes",2,FALSE,C00,TOTAL CPC,0,0,TOTAL MOT,-1,N/A,,FALSE,-1,N/A,,FALSE,,FALSE,,FALSE,,479742989,479742989,0,TRUE,FALSE,HS_27
C,A,20020101,2002,52,2002,608,PHL,Philippines,X,Export,0,W00,World,0,W00,World,H1,HS,TRUE,27,"Mineral fuels, mineral oils and products of their distillation; bituminous substances; mineral waxes",2,FALSE,C00,TOTAL CPC,0,0,TOTAL MOT,-1,N/A,,FALSE,-1,N/A,,FALSE,,FALSE,,FALSE,,417067697,417067697,0,FALSE,FALSE,HS_27
C,A,20020101,2002,52,2002,616,POL,Poland,X,Export,0,W00,World,0,W00,World,H2,HS,TRUE,27,"Mineral fuels, mineral oils and products of their distillation; bituminous substances; mineral waxes",2,FALSE,C00,TOTAL CPC,0,0,TOTAL MOT,-1,N/A,,FALSE,-1,N/A,,FALSE,,FALSE,,FALSE,,2047144000,2047144000,0,TRUE,FALSE,HS_27
C,A,20020101,2002,52,2002,634,QAT,Qatar,X,Export,0,W00,World,0,W00,World,H1,HS,TRUE,27,"Mineral fuels, mineral oils and products of their distillation; bituminous substances; mineral waxes",2,FALSE,C00,TOTAL CPC,0,0,TOTAL MOT,-1,N/A,,FALSE,-1,N/A,,FALSE,,FALSE,,FALSE,,7165810176,7165810176,0,FALSE,FALSE,HS_27
C,A,20020101,2002,52,2002,642,ROU,Romania,X,Export,0,W00,World,0,W00,World,H2,HS,TRUE,27,"Mineral fuels, mineral oils and products of their distillation; bituminous substances; mineral waxes",2,FALSE,C00,TOTAL CPC,0,0,TOTAL MOT,-1,N/A,0,FALSE,-1,N/A,0,FALSE,0,TRUE,0,FALSE,0,1101054081.64,1101054081.64,4,FALSE,TRUE,HS_27
C,A,20020101,2002,52,2002,682,SAU,Saudi Arabia,X,Export,0,W00,World,0,W00,World,H2,HS,TRUE,27,"Mineral fuels, mineral oils and products of their distillation; bituminous substances; mineral waxes",2,FALSE,C00,TOTAL CPC,0,0,TOTAL MOT,-1,N/A,,FALSE,-1,N/A,,FALSE,,FALSE,,FALSE,,63813882701,63813882701,0,TRUE,FALSE,HS_27
C,A,20020101,2002,52,2002,686,SEN,Senegal,X,Export,0,W00,World,0,W00,World,H1,HS,TRUE,27,"Mineral fuels, mineral oils and products of their distillation; bituminous substances; mineral waxes",2,FALSE,C00,TOTAL CPC,0,0,TOTAL MOT,-1,N/A,,FALSE,-1,N/A,,FALSE,,FALSE,,FALSE,,158579911,158579911,0,FALSE,FALSE,HS_27
C,A,20020101,2002,52,2002,704,VNM,Viet Nam,X,Export,0,W00,World,0,W00,World,H1,HS,TRUE,27,"Mineral fuels, mineral oils and products of their distillation; bituminous substances; mineral waxes",2,FALSE,C00,TOTAL CPC,0,0,TOTAL MOT,-1,N/A,,FALSE,-1,N/A,,FALSE,,FALSE,,FALSE,,3547740663,3547740663,0,FALSE,FALSE,HS_27
C,A,20020101,2002,52,2002,710,ZAF,South Africa,X,Export,0,W00,World,0,W00,World,H2,HS,TRUE,27,"Mineral fuels, mineral oils and products of their distillation; bituminous substances; mineral waxes",2,FALSE,C00,TOTAL CPC,0,0,TOTAL MOT,-1,N/A,,FALSE,-1,N/A,,FALSE,,FALSE,,FALSE,,2865162537,2865162537,0,TRUE,FALSE,HS_27
C,A,20020101,2002,52,2002,784,ARE,United Arab Emirates,X,Export,0,W00,World,0,W00,World,H1,HS,TRUE,27,"Mineral fuels, mineral oils and products of their distillation; bituminous substances; mineral waxes",2,FALSE,C00,TOTAL CPC,0,0,TOTAL MOT,-1,N/A,,FALSE,-1,N/A,,FALSE,,FALSE,,FALSE,,22851206241,22851206241,0,FALSE,FALSE,HS_27
C,A,20020101,2002,52,2002,792,TUR,Türkiye,X,Export,0,W00,World,0,W00,World,H2,HS,TRUE,27,"Mineral fuels, mineral oils and products of their distillation; bituminous substances; mineral waxes",2,FALSE,C00,TOTAL CPC,0,0,TOTAL MOT,-1,N/A,0,FALSE,-1,N/A,0,FALSE,0,FALSE,0,FALSE,0,691542701,691542701,0,FALSE,TRUE,HS_27
C,A,20020101,2002,52,2002,818,EGY,Egypt,X,Export,0,W00,World,0,W00,World,H0,HS,TRUE,27,"Mineral fuels, mineral oils and products of their distillation; bituminous substances; mineral waxes",2,FALSE,C00,TOTAL CPC,0,0,TOTAL MOT,-1,N/A,0,FALSE,-1,N/A,0,FALSE,0,FALSE,0,FALSE,0,1583663951.761,1583663951.761,0,FALSE,TRUE,HS_27
C,A,20020101,2002,52,2002,858,URY,Uruguay,X,Export,0,W00,World,0,W00,World,H2,HS,TRUE,27,"Mineral fuels, mineral oils and products of their distillation; bituminous substances; mineral waxes",2,FALSE,C00,TOTAL CPC,0,0,TOTAL MOT,-1,N/A,,FALSE,-1,N/A,,FALSE,,FALSE,,FALSE,,14741788,14741788,0,TRUE,FALSE,HS_27
C,A,20020101,2002,52,2002,894,ZMB,Zambia,X,Export,0,W00,World,0,W00,World,H2,HS,TRUE,27,"Mineral fuels, mineral oils and products of their distillation; bituminous substances; mineral waxes",2,FALSE,C00,TOTAL CPC,0,0,TOTAL MOT,-1,N/A,0,FALSE,-1,N/A,0,FALSE,0,TRUE,0,FALSE,0,17999444,17999444,4,FALSE,TRUE,HS_27
C,A,20020101,2002,52,2002,32,ARG,Argentina,X,Export,0,W00,World,0,W00,World,H2,HS,TRUE,2709,Petroleum oils and oils obtained from bituminous minerals; crude,4,FALSE,C00,TOTAL CPC,0,0,TOTAL MOT,8,kg,14196155759,TRUE,-1,N/A,,FALSE,14196155759,TRUE,,FALSE,,2223884389,2223884389,6,TRUE,FALSE,HS_2709
C,A,20020101,2002,52,2002,76,BRA,Brazil,X,Export,0,W00,World,0,W00,World,H2,HS,TRUE,2709,Petroleum oils and oils obtained from bituminous minerals; crude,4,FALSE,C00,TOTAL CPC,0,0,TOTAL MOT,8,kg,12135264313.921,TRUE,-1,N/A,0,FALSE,12135264313.921,TRUE,0,FALSE,,1691370883,1691370883,6,FALSE,TRUE,HS_2709
C,A,20020101,2002,52,2002,170,COL,Colombia,X,Export,0,W00,World,0,W00,World,H2,HS,TRUE,2709,Petroleum oils and oils obtained from bituminous minerals; crude,4,FALSE,C00,TOTAL CPC,0,0,TOTAL MOT,8,kg,15725291039,FALSE,-1,N/A,,FALSE,15725291039,FALSE,,FALSE,,2577725215,2577725215,0,TRUE,FALSE,HS_2709
C,A,20020101,2002,52,2002,218,ECU,Ecuador,X,Export,0,W00,World,0,W00,World,H2,HS,TRUE,2709,Petroleum oils and oils obtained from bituminous minerals; crude,4,FALSE,C00,TOTAL CPC,0,0,TOTAL MOT,8,kg,11785029791,FALSE,-1,N/A,,FALSE,11785029791,FALSE,,FALSE,,1838495525,1838495525,0,TRUE,FALSE,HS_2709
C,A,20020101,2002,52,2002,360,IDN,Indonesia,X,Export,0,W00,World,0,W00,World,H1,HS,TRUE,2709,Petroleum oils and oils obtained from bituminous minerals; crude,4,FALSE,C00,TOTAL CPC,0,0,TOTAL MOT,8,kg,29054355675,FALSE,-1,N/A,,FALSE,29054355675,FALSE,,FALSE,,5227594133,5227594133,0,FALSE,FALSE,HS_2709
C,A,20020101,2002,52,2002,384,CIV,Côte d'Ivoire,X,Export,0,W00,World,0,W00,World,H1,HS,TRUE,2709,Petroleum oils and oils obtained from bituminous minerals; crude,4,FALSE,C00,TOTAL CPC,0,0,TOTAL MOT,8,kg,509389463,FALSE,-1,N/A,,FALSE,509389463,FALSE,,FALSE,,91142201,91142201,0,FALSE,FALSE,HS_2709
C,A,20020101,2002,52,2002,398,KAZ,Kazakhstan,X,Export,0,W00,World,0,W00,World,H1,HS,TRUE,2709,Petroleum oils and oils obtained from bituminous minerals; crude,4,FALSE,C00,TOTAL CPC,0,0,TOTAL MOT,8,kg,39133768692,TRUE,-1,N/A,,FALSE,39133768692,TRUE,,FALSE,,5027885600,5027885600,6,FALSE,FALSE,HS_2709
C,A,20020101,2002,52,2002,484,MEX,Mexico,X,Export,0,W00,World,0,W00,World,H2,HS,TRUE,2709,Petroleum oils and oils obtained from bituminous minerals; crude,4,FALSE,C00,TOTAL CPC,0,0,TOTAL MOT,-1,N/A,,FALSE,-1,N/A,,FALSE,83072288151,TRUE,,FALSE,,13108888126,13108888126,4,TRUE,FALSE,HS_2709
C,A,20020101,2002,52,2002,504,MAR,Morocco,X,Export,0,W00,World,0,W00,World,H2,HS,TRUE,2709,Petroleum oils and oils obtained from bituminous minerals; crude,4,FALSE,C00,TOTAL CPC,0,0,TOTAL MOT,8,kg,9,FALSE,8,kg,9,FALSE,9,FALSE,0,FALSE,0,28.817,28.817,0,FALSE,TRUE,HS_2709
C,A,20020101,2002,52,2002,566,NGA,Nigeria,X,Export,0,W00,World,0,W00,World,H1,HS,TRUE,2709,Petroleum oils and oils obtained from bituminous minerals; crude,4,FALSE,C00,TOTAL CPC,0,0,TOTAL MOT,8,kg,86705624,FALSE,-1,N/A,,FALSE,86705624,FALSE,,FALSE,,16598258162,16598258162,0,FALSE,FALSE,HS_2709
C,A,20020101,2002,52,2002,604,PER,Peru,X,Export,0,W00,World,0,W00,World,H2,HS,TRUE,2709,Petroleum oils and oils obtained from bituminous minerals; crude,4,FALSE,C00,TOTAL CPC,0,0,TOTAL MOT,8,kg,1166067343,FALSE,-1,N/A,,FALSE,1166067343,FALSE,,FALSE,,164725724,164725724,0,TRUE,FALSE,HS_2709
C,A,20020101,2002,52,2002,608,PHL,Philippines,X,Export,0,W00,World,0,W00,World,H1,HS,TRUE,2709,Petroleum oils and oils obtained from bituminous minerals; crude,4,FALSE,C00,TOTAL CPC,0,0,TOTAL MOT,8,kg,325740370,FALSE,-1,N/A,,FALSE,325740370,FALSE,,FALSE,,42925130,42925130,0,FALSE,FALSE,HS_2709
C,A,20020101,2002,52,2002,616,POL,Poland,X,Export,0,W00,World,0,W00,World,H2,HS,TRUE,2709,Petroleum oils and oils obtained from bituminous minerals; crude,4,FALSE,C00,TOTAL CPC,0,0,TOTAL MOT,8,kg,497087993,FALSE,-1,N/A,,FALSE,497087993,FALSE,,FALSE,,90642000,90642000,0,TRUE,FALSE,HS_2709
C,A,20020101,2002,52,2002,634,QAT,Qatar,X,Export,0,W00,World,0,W00,World,H1,HS,TRUE,2709,Petroleum oils and oils obtained from bituminous minerals; crude,4,FALSE,C00,TOTAL CPC,0,0,TOTAL MOT,7,l,36010184704,FALSE,-1,N/A,,FALSE,30963187712,FALSE,,FALSE,,2881435904,2881435904,0,FALSE,FALSE,HS_2709
C,A,20020101,2002,52,2002,642,ROU,Romania,X,Export,0,W00,World,0,W00,World,H2,HS,TRUE,2709,Petroleum oils and oils obtained from bituminous minerals; crude,4,FALSE,C00,TOTAL CPC,0,0,TOTAL MOT,8,kg,1913.15,FALSE,8,kg,1913.15,FALSE,1913.15,FALSE,0,FALSE,0,9926,9926,0,FALSE,TRUE,HS_2709
C,A,20020101,2002,52,2002,682,SAU,Saudi Arabia,X,Export,0,W00,World,0,W00,World,H2,HS,TRUE,2709,Petroleum oils and oils obtained from bituminous minerals; crude,4,FALSE,C00,TOTAL CPC,0,0,TOTAL MOT,8,kg,263216558000,FALSE,-1,N/A,,FALSE,263216558000,FALSE,,FALSE,,55064664031,55064664031,0,TRUE,FALSE,HS_2709
C,A,20020101,2002,52,2002,686,SEN,Senegal,X,Export,0,W00,World,0,W00,World,H1,HS,TRUE,2709,Petroleum oils and oils obtained from bituminous minerals; crude,4,FALSE,C00,TOTAL CPC,0,0,TOTAL MOT,8,kg,102976356,FALSE,-1,N/A,,FALSE,102976356,FALSE,,FALSE,,21348805,21348805,0,FALSE,FALSE,HS_2709
C,A,20020101,2002,52,2002,704,VNM,Viet Nam,X,Export,0,W00,World,0,W00,World,H1,HS,TRUE,2709,Petroleum oils and oils obtained from bituminous minerals; crude,4,FALSE,C00,TOTAL CPC,0,0,TOTAL MOT,-1,N/A,,FALSE,-1,N/A,,FALSE,,FALSE,,FALSE,,3269972007,3269972007,0,FALSE,FALSE,HS_2709
C,A,20020101,2002,52,2002,710,ZAF,South Africa,X,Export,0,W00,World,0,W00,World,H2,HS,TRUE,2709,Petroleum oils and oils obtained from bituminous minerals; crude,4,FALSE,C00,TOTAL CPC,0,0,TOTAL MOT,8,kg,52766340,FALSE,-1,N/A,,FALSE,52766340,FALSE,,FALSE,,11491797,11491797,0,TRUE,FALSE,HS_2709
C,A,20020101,2002,52,2002,784,ARE,United Arab Emirates,X,Export,0,W00,World,0,W00,World,H1,HS,TRUE,2709,Petroleum oils and oils obtained from bituminous minerals; crude,4,FALSE,C00,TOTAL CPC,0,0,TOTAL MOT,-1,N/A,,FALSE,-1,N/A,,FALSE,22285287,FALSE,,FALSE,,14357497236,14357497236,0,FALSE,FALSE,HS_2709
C,A,20020101,2002,52,2002,792,TUR,Türkiye,X,Export,0,W00,World,0,W00,World,H2,HS,TRUE,2709,Petroleum oils and oils obtained from bituminous minerals; crude,4,FALSE,C00,TOTAL CPC,0,0,TOTAL MOT,8,kg,16806410,FALSE,8,kg,16806410,FALSE,16806410,FALSE,0,FALSE,0,3216989,3216989,0,FALSE,TRUE,HS_2709
C,A,20020101,2002,52,2002,818,EGY,Egypt,X,Export,0,W00,World,0,W00,World,H0,HS,TRUE,2709,Petroleum oils and oils obtained from bituminous minerals; crude,4,FALSE,C00,TOTAL CPC,0,0,TOTAL MOT,8,kg,1817940118.748,TRUE,-1,N/A,0,FALSE,1817940118.748,TRUE,0,FALSE,0,316740595.182,316740595.182,6,FALSE,TRUE,HS_2709
C,A,20020101,2002,52,2002,894,ZMB,Zambia,X,Export,0,W00,World,0,W00,World,H2,HS,TRUE,2709,Petroleum oils and oils obtained from bituminous minerals; crude,4,FALSE,C00,TOTAL CPC,0,0,TOTAL MOT,8,kg,34963,FALSE,8,kg,34963,FALSE,34963,FALSE,0,FALSE,0,27311,27311,0,FALSE,TRUE,HS_2709
C,A,20020101,2002,52,2002,32,ARG,Argentina,X,Export,0,W00,World,0,W00,World,H2,HS,TRUE,2710,"Petroleum oils and oils from bituminous minerals, not crude; preparations n.e.c. containing by weight 70% or more of petroleum oils or oils from bituminous minerals; these being the basic constituents of the preparations; waste oils",4,FALSE,C00,TOTAL CPC,0,0,TOTAL MOT,8,kg,6523603704,TRUE,-1,N/A,,FALSE,6523603704,TRUE,,FALSE,,1385850158,1385850158,6,TRUE,FALSE,HS_2710
C,A,20020101,2002,52,2002,48,BHR,Bahrain,X,Export,0,W00,World,0,W00,World,H2,HS,TRUE,2710,"Petroleum oils and oils from bituminous minerals, not crude; preparations n.e.c. containing by weight 70% or more of petroleum oils or oils from bituminous minerals; these being the basic constituents of the preparations; waste oils",4,FALSE,C00,TOTAL CPC,0,0,TOTAL MOT,8,kg,14776859698,TRUE,-1,N/A,,FALSE,14776859698,TRUE,,FALSE,,3956596132,3956596132,6,TRUE,FALSE,HS_2710
C,A,20020101,2002,52,2002,76,BRA,Brazil,X,Export,0,W00,World,0,W00,World,H2,HS,TRUE,2710,"Petroleum oils and oils from bituminous minerals, not crude; preparations n.e.c. containing by weight 70% or more of petroleum oils or oils from bituminous minerals; these being the basic constituents of the preparations; waste oils",4,FALSE,C00,TOTAL CPC,0,0,TOTAL MOT,8,kg,7354282068.24,TRUE,-1,N/A,0,FALSE,7400135058.24,TRUE,0,FALSE,,1186826427,1186826427,6,FALSE,TRUE,HS_2710
C,A,20020101,2002,52,2002,144,LKA,Sri Lanka,X,Export,0,W00,World,0,W00,World,H2,HS,TRUE,2710,"Petroleum oils and oils from bituminous minerals, not crude; preparations n.e.c. containing by weight 70% or more of petroleum oils or oils from bituminous minerals; these being the basic constituents of the preparations; waste oils",4,FALSE,C00,TOTAL CPC,0,0,TOTAL MOT,8,kg,481338,TRUE,-1,N/A,,FALSE,481338,TRUE,,FALSE,,446713,446713,6,TRUE,FALSE,HS_2710
C,A,20020101,2002,52,2002,152,CHL,Chile,X,Export,0,W00,World,0,W00,World,H2,HS,TRUE,2710,"Petroleum oils and oils from bituminous minerals, not crude; preparations n.e.c. containing by weight 70% or more of petroleum oils or oils from bituminous minerals; these being the basic constituents of the preparations; waste oils",4,FALSE,C00,TOTAL CPC,0,0,TOTAL MOT,8,kg,629676157,TRUE,-1,N/A,,FALSE,629676157,TRUE,,FALSE,,185448031,185448031,6,TRUE,FALSE,HS_2710
C,A,20020101,2002,52,2002,170,COL,Colombia,X,Export,0,W00,World,0,W00,World,H2,HS,TRUE,2710,"Petroleum oils and oils from bituminous minerals, not crude; preparations n.e.c. containing by weight 70% or more of petroleum oils or oils from bituminous minerals; these being the basic constituents of the preparations; waste oils",4,FALSE,C00,TOTAL CPC,0,0,TOTAL MOT,8,kg,4253734927,FALSE,-1,N/A,,FALSE,4253734927,FALSE,,FALSE,,683708931,683708931,0,TRUE,FALSE,HS_2710
C,A,20020101,2002,52,2002,218,ECU,Ecuador,X,Export,0,W00,World,0,W00,World,H2,HS,TRUE,2710,"Petroleum oils and oils from bituminous minerals, not crude; preparations n.e.c. containing by weight 70% or more of petroleum oils or oils from bituminous minerals; these being the basic constituents of the preparations; waste oils",4,FALSE,C00,TOTAL CPC,0,0,TOTAL MOT,8,kg,1680305302,FALSE,-1,N/A,,FALSE,1680305302,FALSE,,FALSE,,171099906,171099906,0,TRUE,FALSE,HS_2710
C,A,20020101,2002,52,2002,222,SLV,El Salvador,X,Export,0,W00,World,0,W00,World,H2,HS,TRUE,2710,"Petroleum oils and oils from bituminous minerals, not crude; preparations n.e.c. containing by weight 70% or more of petroleum oils or oils from bituminous minerals; these being the basic constituents of the preparations; waste oils",4,FALSE,C00,TOTAL CPC,0,0,TOTAL MOT,8,kg,273020068.35,FALSE,8,kg,273020068.35,FALSE,273020068.35,FALSE,0,FALSE,0,60560887.19,60560887.19,0,FALSE,TRUE,HS_2710
C,A,20020101,2002,52,2002,348,HUN,Hungary,X,Export,0,W00,World,0,W00,World,H2,HS,TRUE,2710,"Petroleum oils and oils from bituminous minerals, not crude; preparations n.e.c. containing by weight 70% or more of petroleum oils or oils from bituminous minerals; these being the basic constituents of the preparations; waste oils",4,FALSE,C00,TOTAL CPC,0,0,TOTAL MOT,8,kg,1929490600,FALSE,-1,N/A,,FALSE,1929490600,FALSE,,FALSE,,458034000,458034000,0,TRUE,FALSE,HS_2710
C,A,20020101,2002,52,2002,360,IDN,Indonesia,X,Export,0,W00,World,0,W00,World,H1,HS,TRUE,2710,"Petroleum oils, oils from bituminous minerals, not crude; preparations n.e.s. containing less than 70% petroleum oils, oils from bituminous minerals; these being the basic constituents of the preparations",4,FALSE,C00,TOTAL CPC,0,0,TOTAL MOT,8,kg,7183875633,FALSE,-1,N/A,,FALSE,7183875633,FALSE,,FALSE,,1285222901,1285222901,0,FALSE,FALSE,HS_2710
C,A,20020101,2002,52,2002,384,CIV,Côte d'Ivoire,X,Export,0,W00,World,0,W00,World,H1,HS,TRUE,2710,"Petroleum oils, oils from bituminous minerals, not crude; preparations n.e.s. containing less than 70% petroleum oils, oils from bituminous minerals; these being the basic constituents of the preparations",4,FALSE,C00,TOTAL CPC,0,0,TOTAL MOT,8,kg,2103390604,FALSE,-1,N/A,,FALSE,2103390604,FALSE,,FALSE,,458730689,458730689,0,FALSE,FALSE,HS_2710
C,A,20020101,2002,52,2002,398,KAZ,Kazakhstan,X,Export,0,W00,World,0,W00,World,H1,HS,TRUE,2710,"Petroleum oils, oils from bituminous minerals, not crude; preparations n.e.s. containing less than 70% petroleum oils, oils from bituminous minerals; these being the basic constituents of the preparations",4,FALSE,C00,TOTAL CPC,0,0,TOTAL MOT,8,kg,1107110642,TRUE,-1,N/A,,FALSE,1107110642,TRUE,,FALSE,,119311800,119311800,6,FALSE,FALSE,HS_2710
C,A,20020101,2002,52,2002,484,MEX,Mexico,X,Export,0,W00,World,0,W00,World,H2,HS,TRUE,2710,"Petroleum oils and oils from bituminous minerals, not crude; preparations n.e.c. containing by weight 70% or more of petroleum oils or oils from bituminous minerals; these being the basic constituents of the preparations; waste oils",4,FALSE,C00,TOTAL CPC,0,0,TOTAL MOT,8,kg,7018644885,TRUE,-1,N/A,,FALSE,7018644885,TRUE,,FALSE,,1111192996,1111192996,6,TRUE,FALSE,HS_2710
C,A,20020101,2002,52,2002,504,MAR,Morocco,X,Export,0,W00,World,0,W00,World,H2,HS,TRUE,2710,"Petroleum oils and oils from bituminous minerals, not crude; preparations n.e.c. containing by weight 70% or more of petroleum oils or oils from bituminous minerals; these being the basic constituents of the preparations; waste oils",4,FALSE,C00,TOTAL CPC,0,0,TOTAL MOT,8,kg,1190471743.95,TRUE,-1,N/A,0,FALSE,1190471743.95,TRUE,0,FALSE,0,218795546.513,218795546.513,6,FALSE,TRUE,HS_2710
C,A,20020101,2002,52,2002,566,NGA,Nigeria,X,Export,0,W00,World,0,W00,World,H1,HS,TRUE,2710,"Petroleum oils, oils from bituminous minerals, not crude; preparations n.e.s. containing less than 70% petroleum oils, oils from bituminous minerals; these being the basic constituents of the preparations",4,FALSE,C00,TOTAL CPC,0,0,TOTAL MOT,8,kg,20830937,FALSE,-1,N/A,,FALSE,20830937,FALSE,,FALSE,,17624022,17624022,0,FALSE,FALSE,HS_2710
C,A,20020101,2002,52,2002,591,PAN,Panama,X,Export,0,W00,World,0,W00,World,H1,HS,TRUE,2710,"Petroleum oils, oils from bituminous minerals, not crude; preparations n.e.s. containing less than 70% petroleum oils, oils from bituminous minerals; these being the basic constituents of the preparations",4,FALSE,C00,TOTAL CPC,0,0,TOTAL MOT,8,kg,282006117,FALSE,-1,N/A,,FALSE,282006117,FALSE,,FALSE,,45528903,45528903,0,FALSE,FALSE,HS_2710
C,A,20020101,2002,52,2002,604,PER,Peru,X,Export,0,W00,World,0,W00,World,H2,HS,TRUE,2710,"Petroleum oils and oils from bituminous minerals, not crude; preparations n.e.c. containing by weight 70% or more of petroleum oils or oils from bituminous minerals; these being the basic constituents of the preparations; waste oils",4,FALSE,C00,TOTAL CPC,0,0,TOTAL MOT,8,kg,1904119664,FALSE,-1,N/A,,FALSE,1904119664,FALSE,,FALSE,,313896837,313896837,0,TRUE,FALSE,HS_2710
C,A,20020101,2002,52,2002,608,PHL,Philippines,X,Export,0,W00,World,0,W00,World,H1,HS,TRUE,2710,"Petroleum oils, oils from bituminous minerals, not crude; preparations n.e.s. containing less than 70% petroleum oils, oils from bituminous minerals; these being the basic constituents of the preparations",4,FALSE,C00,TOTAL CPC,0,0,TOTAL MOT,8,kg,1709173777,FALSE,-1,N/A,,FALSE,1709173777,FALSE,,FALSE,,353324472,353324472,0,FALSE,FALSE,HS_2710
C,A,20020101,2002,52,2002,616,POL,Poland,X,Export,0,W00,World,0,W00,World,H2,HS,TRUE,2710,"Petroleum oils and oils from bituminous minerals, not crude; preparations n.e.c. containing by weight 70% or more of petroleum oils or oils from bituminous minerals; these being the basic constituents of the preparations; waste oils",4,FALSE,C00,TOTAL CPC,0,0,TOTAL MOT,8,kg,2435318137,FALSE,-1,N/A,,FALSE,2435318137,FALSE,,FALSE,,455570000,455570000,0,TRUE,FALSE,HS_2710
C,A,20020101,2002,52,2002,634,QAT,Qatar,X,Export,0,W00,World,0,W00,World,H1,HS,TRUE,2710,"Petroleum oils, oils from bituminous minerals, not crude; preparations n.e.s. containing less than 70% petroleum oils, oils from bituminous minerals; these being the basic constituents of the preparations",4,FALSE,C00,TOTAL CPC,0,0,TOTAL MOT,8,kg,2733044736,FALSE,-1,N/A,,FALSE,2733044736,FALSE,,FALSE,,547708736,547708736,0,FALSE,FALSE,HS_2710
C,A,20020101,2002,52,2002,642,ROU,Romania,X,Export,0,W00,World,0,W00,World,H2,HS,TRUE,2710,"Petroleum oils and oils from bituminous minerals, not crude; preparations n.e.c. containing by weight 70% or more of petroleum oils or oils from bituminous minerals; these being the basic constituents of the preparations; waste oils",4,FALSE,C00,TOTAL CPC,0,0,TOTAL MOT,8,kg,4417253403.77,FALSE,-1,N/A,0,FALSE,4404925992.77,FALSE,0,FALSE,0,959765046.86,959765046.86,0,FALSE,TRUE,HS_2710
C,A,20020101,2002,52,2002,682,SAU,Saudi Arabia,X,Export,0,W00,World,0,W00,World,H2,HS,TRUE,2710,"Petroleum oils and oils from bituminous minerals, not crude; preparations n.e.c. containing by weight 70% or more of petroleum oils or oils from bituminous minerals; these being the basic constituents of the preparations; waste oils",4,FALSE,C00,TOTAL CPC,0,0,TOTAL MOT,8,kg,29791237000,FALSE,-1,N/A,,FALSE,29791237000,FALSE,,FALSE,,5513263692,5513263692,0,TRUE,FALSE,HS_2710
C,A,20020101,2002,52,2002,686,SEN,Senegal,X,Export,0,W00,World,0,W00,World,H1,HS,TRUE,2710,"Petroleum oils, oils from bituminous minerals, not crude; preparations n.e.s. containing less than 70% petroleum oils, oils from bituminous minerals; these being the basic constituents of the preparations",4,FALSE,C00,TOTAL CPC,0,0,TOTAL MOT,8,kg,531215142,FALSE,-1,N/A,,FALSE,531215142,FALSE,,FALSE,,134589162,134589162,0,FALSE,FALSE,HS_2710
C,A,20020101,2002,52,2002,704,VNM,Viet Nam,X,Export,0,W00,World,0,W00,World,H1,HS,TRUE,2710,"Petroleum oils, oils from bituminous minerals, not crude; preparations n.e.s. containing less than 70% petroleum oils, oils from bituminous minerals; these being the basic constituents of the preparations",4,FALSE,C00,TOTAL CPC,0,0,TOTAL MOT,-1,N/A,,FALSE,-1,N/A,,FALSE,394924588,TRUE,,FALSE,,121052171,121052171,4,FALSE,FALSE,HS_2710
C,A,20020101,2002,52,2002,710,ZAF,South Africa,X,Export,0,W00,World,0,W00,World,H2,HS,TRUE,2710,"Petroleum oils and oils from bituminous minerals, not crude; preparations n.e.c. containing by weight 70% or more of petroleum oils or oils from bituminous minerals; these being the basic constituents of the preparations; waste oils",4,FALSE,C00,TOTAL CPC,0,0,TOTAL MOT,8,kg,8200660417,FALSE,-1,N/A,,FALSE,8200660417,FALSE,,FALSE,,804541136,804541136,0,TRUE,FALSE,HS_2710
C,A,20020101,2002,52,2002,784,ARE,United Arab Emirates,X,Export,0,W00,World,0,W00,World,H1,HS,TRUE,2710,"Petroleum oils, oils from bituminous minerals, not crude; preparations n.e.s. containing less than 70% petroleum oils, oils from bituminous minerals; these being the basic constituents of the preparations",4,FALSE,C00,TOTAL CPC,0,0,TOTAL MOT,-1,N/A,,FALSE,-1,N/A,,FALSE,210880772,FALSE,,FALSE,,7527057768,7527057768,0,FALSE,FALSE,HS_2710
C,A,20020101,2002,52,2002,792,TUR,Türkiye,X,Export,0,W00,World,0,W00,World,H2,HS,TRUE,2710,"Petroleum oils and oils from bituminous minerals, not crude; preparations n.e.c. containing by weight 70% or more of petroleum oils or oils from bituminous minerals; these being the basic constituents of the preparations; waste oils",4,FALSE,C00,TOTAL CPC,0,0,TOTAL MOT,8,kg,3058466929,FALSE,-1,N/A,0,FALSE,3058466929,FALSE,0,FALSE,0,637390178,637390178,0,FALSE,TRUE,HS_2710
C,A,20020101,2002,52,2002,818,EGY,Egypt,X,Export,0,W00,World,0,W00,World,H0,HS,TRUE,2710,"Petroleum oils, oils from bituminous minerals, not crude; preparations n.e.s. containing less than 70% petroleum oils, oils from bituminous minerals; these being the basic constituents of the preparations",4,FALSE,C00,TOTAL CPC,0,0,TOTAL MOT,8,kg,3046078810.907,TRUE,-1,N/A,0,FALSE,3046078810.907,TRUE,0,FALSE,0,1180973217.052,1180973217.052,6,FALSE,TRUE,HS_2710
C,A,20020101,2002,52,2002,858,URY,Uruguay,X,Export,0,W00,World,0,W00,World,H2,HS,TRUE,2710,"Petroleum oils and oils from bituminous minerals, not crude; preparations n.e.c. containing by weight 70% or more of petroleum oils or oils from bituminous minerals; these being the basic constituents of the preparations; waste oils",4,FALSE,C00,TOTAL CPC,0,0,TOTAL MOT,8,kg,56074768,FALSE,-1,N/A,,FALSE,56074768,FALSE,,FALSE,,9158967,9158967,0,TRUE,FALSE,HS_2710
C,A,20020101,2002,52,2002,894,ZMB,Zambia,X,Export,0,W00,World,0,W00,World,H2,HS,TRUE,2710,"Petroleum oils and oils from bituminous minerals, not crude; preparations n.e.c. containing by weight 70% or more of petroleum oils or oils from bituminous minerals; these being the basic constituents of the preparations; waste oils",4,FALSE,C00,TOTAL CPC,0,0,TOTAL MOT,8,kg,19354842,FALSE,8,kg,19354842,FALSE,19354842,FALSE,0,FALSE,0,10701016,10701016,0,FALSE,TRUE,HS_2710
C,A,20020101,2002,52,2002,32,ARG,Argentina,X,Export,0,W00,World,0,W00,World,H2,HS,TRUE,2711,Petroleum gases and other gaseous hydrocarbons,4,FALSE,C00,TOTAL CPC,0,0,TOTAL MOT,8,kg,5209627004,TRUE,-1,N/A,,FALSE,5209627004,TRUE,,FALSE,,624929052,624929052,6,TRUE,FALSE,HS_2711
C,A,20020101,2002,52,2002,76,BRA,Brazil,X,Export,0,W00,World,0,W00,World,H2,HS,TRUE,2711,Petroleum gases and other gaseous hydrocarbons,4,FALSE,C00,TOTAL CPC,0,0,TOTAL MOT,-1,N/A,0,FALSE,-1,N/A,0,FALSE,,FALSE,0,FALSE,,19738067,19738067,0,FALSE,TRUE,HS_2711
C,A,20020101,2002,52,2002,144,LKA,Sri Lanka,X,Export,0,W00,World,0,W00,World,H2,HS,TRUE,2711,Petroleum gases and other gaseous hydrocarbons,4,FALSE,C00,TOTAL CPC,0,0,TOTAL MOT,8,kg,62,FALSE,-1,N/A,,FALSE,62,FALSE,,FALSE,,365,365,0,TRUE,FALSE,HS_2711
C,A,20020101,2002,52,2002,152,CHL,Chile,X,Export,0,W00,World,0,W00,World,H2,HS,TRUE,2711,Petroleum gases and other gaseous hydrocarbons,4,FALSE,C00,TOTAL CPC,0,0,TOTAL MOT,8,kg,78186688,TRUE,-1,N/A,,FALSE,78186688,TRUE,,FALSE,,17381706,17381706,6,TRUE,FALSE,HS_2711
C,A,20020101,2002,52,2002,170,COL,Colombia,X,Export,0,W00,World,0,W00,World,H2,HS,TRUE,2711,Petroleum gases and other gaseous hydrocarbons,4,FALSE,C00,TOTAL CPC,0,0,TOTAL MOT,8,kg,80686629,FALSE,-1,N/A,,FALSE,80686629,FALSE,,FALSE,,12507837,12507837,0,TRUE,FALSE,HS_2711
C,A,20020101,2002,52,2002,222,SLV,El Salvador,X,Export,0,W00,World,0,W00,World,H2,HS,TRUE,2711,Petroleum gases and other gaseous hydrocarbons,4,FALSE,C00,TOTAL CPC,0,0,TOTAL MOT,8,kg,2161084.15,FALSE,8,kg,2161084.15,FALSE,2161084.15,FALSE,0,FALSE,0,667245.8,667245.8,0,FALSE,TRUE,HS_2711
C,A,20020101,2002,52,2002,348,HUN,Hungary,X,Export,0,W00,World,0,W00,World,H2,HS,TRUE,2711,Petroleum gases and other gaseous hydrocarbons,4,FALSE,C00,TOTAL CPC,0,0,TOTAL MOT,8,kg,34833500,FALSE,-1,N/A,,FALSE,34833500,FALSE,,FALSE,,9095000,9095000,0,TRUE,FALSE,HS_2711
C,A,20020101,2002,52,2002,360,IDN,Indonesia,X,Export,0,W00,World,0,W00,World,H1,HS,TRUE,2711,Petroleum gases and other gaseous hydrocarbons,4,FALSE,C00,TOTAL CPC,0,0,TOTAL MOT,8,kg,27617677991,FALSE,-1,N/A,,FALSE,27617677991,FALSE,,FALSE,,5577623963,5577623963,0,FALSE,FALSE,HS_2711
C,A,20020101,2002,52,2002,384,CIV,Côte d'Ivoire,X,Export,0,W00,World,0,W00,World,H1,HS,TRUE,2711,Petroleum gases and other gaseous hydrocarbons,4,FALSE,C00,TOTAL CPC,0,0,TOTAL MOT,8,kg,4052282,FALSE,-1,N/A,,FALSE,4052282,FALSE,,FALSE,,1298255,1298255,0,FALSE,FALSE,HS_2711
C,A,20020101,2002,52,2002,398,KAZ,Kazakhstan,X,Export,0,W00,World,0,W00,World,H1,HS,TRUE,2711,Petroleum gases and other gaseous hydrocarbons,4,FALSE,C00,TOTAL CPC,0,0,TOTAL MOT,8,kg,9661410170,TRUE,-1,N/A,,FALSE,9661410170,TRUE,,FALSE,,278513200,278513200,6,FALSE,FALSE,HS_2711
C,A,20020101,2002,52,2002,484,MEX,Mexico,X,Export,0,W00,World,0,W00,World,H2,HS,TRUE,2711,Petroleum gases and other gaseous hydrocarbons,4,FALSE,C00,TOTAL CPC,0,0,TOTAL MOT,8,kg,118117769,TRUE,-1,N/A,,FALSE,118117769,TRUE,,FALSE,,20799010,20799010,6,TRUE,FALSE,HS_2711
C,A,20020101,2002,52,2002,504,MAR,Morocco,X,Export,0,W00,World,0,W00,World,H2,HS,TRUE,2711,Petroleum gases and other gaseous hydrocarbons,4,FALSE,C00,TOTAL CPC,0,0,TOTAL MOT,8,kg,8,FALSE,8,kg,8,FALSE,8,FALSE,0,FALSE,0,3.636,3.636,0,FALSE,TRUE,HS_2711
C,A,20020101,2002,52,2002,566,NGA,Nigeria,X,Export,0,W00,World,0,W00,World,H1,HS,TRUE,2711,Petroleum gases and other gaseous hydrocarbons,4,FALSE,C00,TOTAL CPC,0,0,TOTAL MOT,8,kg,213394135,FALSE,-1,N/A,,FALSE,213394135,FALSE,,FALSE,,649133179,649133179,0,FALSE,FALSE,HS_2711
C,A,20020101,2002,52,2002,591,PAN,Panama,X,Export,0,W00,World,0,W00,World,H1,HS,TRUE,2711,Petroleum gases and other gaseous hydrocarbons,4,FALSE,C00,TOTAL CPC,0,0,TOTAL MOT,8,kg,77503,FALSE,-1,N/A,,FALSE,77503,FALSE,,FALSE,,55323,55323,0,FALSE,FALSE,HS_2711
C,A,20020101,2002,52,2002,604,PER,Peru,X,Export,0,W00,World,0,W00,World,H2,HS,TRUE,2711,Petroleum gases and other gaseous hydrocarbons,4,FALSE,C00,TOTAL CPC,0,0,TOTAL MOT,8,kg,157906,FALSE,-1,N/A,,FALSE,157906,FALSE,,FALSE,,98846,98846,0,TRUE,FALSE,HS_2711
C,A,20020101,2002,52,2002,608,PHL,Philippines,X,Export,0,W00,World,0,W00,World,H1,HS,TRUE,2711,Petroleum gases and other gaseous hydrocarbons,4,FALSE,C00,TOTAL CPC,0,0,TOTAL MOT,8,kg,74856234,FALSE,-1,N/A,,FALSE,74856234,FALSE,,FALSE,,20400770,20400770,0,FALSE,FALSE,HS_2711
C,A,20020101,2002,52,2002,616,POL,Poland,X,Export,0,W00,World,0,W00,World,H2,HS,TRUE,2711,Petroleum gases and other gaseous hydrocarbons,4,FALSE,C00,TOTAL CPC,0,0,TOTAL MOT,8,kg,46443643,FALSE,-1,N/A,,FALSE,46443643,FALSE,,FALSE,,6844000,6844000,0,TRUE,FALSE,HS_2711
C,A,20020101,2002,52,2002,634,QAT,Qatar,X,Export,0,W00,World,0,W00,World,H1,HS,TRUE,2711,Petroleum gases and other gaseous hydrocarbons,4,FALSE,C00,TOTAL CPC,0,0,TOTAL MOT,8,kg,21230661632,FALSE,-1,N/A,,FALSE,21230661632,FALSE,,FALSE,,3736653056,3736653056,0,FALSE,FALSE,HS_2711
C,A,20020101,2002,52,2002,642,ROU,Romania,X,Export,0,W00,World,0,W00,World,H2,HS,TRUE,2711,Petroleum gases and other gaseous hydrocarbons,4,FALSE,C00,TOTAL CPC,0,0,TOTAL MOT,8,kg,147150078.8,FALSE,8,kg,147150078.8,FALSE,147150078.8,FALSE,0,FALSE,0,33127189.03,33127189.03,0,FALSE,TRUE,HS_2711
C,A,20020101,2002,52,2002,682,SAU,Saudi Arabia,X,Export,0,W00,World,0,W00,World,H2,HS,TRUE,2711,Petroleum gases and other gaseous hydrocarbons,4,FALSE,C00,TOTAL CPC,0,0,TOTAL MOT,8,kg,11893552000,FALSE,-1,N/A,,FALSE,11893552000,FALSE,,FALSE,,3047933143,3047933143,0,TRUE,FALSE,HS_2711
C,A,20020101,2002,52,2002,686,SEN,Senegal,X,Export,0,W00,World,0,W00,World,H1,HS,TRUE,2711,Petroleum gases and other gaseous hydrocarbons,4,FALSE,C00,TOTAL CPC,0,0,TOTAL MOT,8,kg,1954593,FALSE,-1,N/A,,FALSE,1954593,FALSE,,FALSE,,667578,667578,0,FALSE,FALSE,HS_2711
C,A,20020101,2002,52,2002,704,VNM,Viet Nam,X,Export,0,W00,World,0,W00,World,H1,HS,TRUE,2711,Petroleum gases and other gaseous hydrocarbons,4,FALSE,C00,TOTAL CPC,0,0,TOTAL MOT,-1,N/A,,FALSE,-1,N/A,,FALSE,145027,TRUE,,FALSE,,31232,31232,4,FALSE,FALSE,HS_2711
C,A,20020101,2002,52,2002,710,ZAF,South Africa,X,Export,0,W00,World,0,W00,World,H2,HS,TRUE,2711,Petroleum gases and other gaseous hydrocarbons,4,FALSE,C00,TOTAL CPC,0,0,TOTAL MOT,8,kg,36854531,FALSE,-1,N/A,,FALSE,36854531,FALSE,,FALSE,,8481332,8481332,0,TRUE,FALSE,HS_2711
C,A,20020101,2002,52,2002,784,ARE,United Arab Emirates,X,Export,0,W00,World,0,W00,World,H1,HS,TRUE,2711,Petroleum gases and other gaseous hydrocarbons,4,FALSE,C00,TOTAL CPC,0,0,TOTAL MOT,-1,N/A,,FALSE,-1,N/A,,FALSE,579613,FALSE,,FALSE,,962688663,962688663,0,FALSE,FALSE,HS_2711
C,A,20020101,2002,52,2002,792,TUR,Türkiye,X,Export,0,W00,World,0,W00,World,H2,HS,TRUE,2711,Petroleum gases and other gaseous hydrocarbons,4,FALSE,C00,TOTAL CPC,0,0,TOTAL MOT,8,kg,89966441,FALSE,8,kg,89966441,FALSE,89966441,FALSE,0,FALSE,0,23406890,23406890,0,FALSE,TRUE,HS_2711
C,A,20020101,2002,52,2002,818,EGY,Egypt,X,Export,0,W00,World,0,W00,World,H0,HS,TRUE,2711,Petroleum gases and other gaseous hydrocarbons,4,FALSE,C00,TOTAL CPC,0,0,TOTAL MOT,8,kg,83425261.426,TRUE,-1,N/A,0,FALSE,83425261.426,TRUE,0,FALSE,0,19460798.057,19460798.057,6,FALSE,TRUE,HS_2711
C,A,20020101,2002,52,2002,894,ZMB,Zambia,X,Export,0,W00,World,0,W00,World,H2,HS,TRUE,2711,Petroleum gases and other gaseous hydrocarbons,4,FALSE,C00,TOTAL CPC,0,0,TOTAL MOT,8,kg,1111413,FALSE,8,kg,1111413,FALSE,1111413,FALSE,0,FALSE,0,345960,345960,0,FALSE,TRUE,HS_2711
C,A,20020101,2002,52,2002,32,ARG,Argentina,X,Export,0,W00,World,0,W00,World,H2,HS,TRUE,74,Copper and articles thereof,2,FALSE,C00,TOTAL CPC,0,0,TOTAL MOT,-1,N/A,,FALSE,-1,N/A,,FALSE,,FALSE,,FALSE,,19347328,19347328,0,TRUE,FALSE,HS_74
C,A,20020101,2002,52,2002,48,BHR,Bahrain,X,Export,0,W00,World,0,W00,World,H2,HS,TRUE,74,Copper and articles thereof,2,FALSE,C00,TOTAL CPC,0,0,TOTAL MOT,-1,N/A,,FALSE,-1,N/A,,FALSE,,FALSE,,FALSE,,1611580,1611580,0,TRUE,FALSE,HS_74
C,A,20020101,2002,52,2002,76,BRA,Brazil,X,Export,0,W00,World,0,W00,World,H2,HS,TRUE,74,Copper and articles thereof,2,FALSE,C00,TOTAL CPC,0,0,TOTAL MOT,-1,N/A,0,FALSE,-1,N/A,0,FALSE,0,TRUE,0,FALSE,,172514660,172514660,4,FALSE,TRUE,HS_74
C,A,20020101,2002,52,2002,144,LKA,Sri Lanka,X,Export,0,W00,World,0,W00,World,H2,HS,TRUE,74,Copper and articles thereof,2,FALSE,C00,TOTAL CPC,0,0,TOTAL MOT,-1,N/A,,FALSE,-1,N/A,,FALSE,,FALSE,,FALSE,,72661472,72661472,0,TRUE,FALSE,HS_74
C,A,20020101,2002,52,2002,152,CHL,Chile,X,Export,0,W00,World,0,W00,World,H2,HS,TRUE,74,Copper and articles thereof,2,FALSE,C00,TOTAL CPC,0,0,TOTAL MOT,-1,N/A,,FALSE,-1,N/A,,FALSE,,FALSE,,FALSE,,4680823229,4680823229,0,TRUE,FALSE,HS_74
C,A,20020101,2002,52,2002,170,COL,Colombia,X,Export,0,W00,World,0,W00,World,H2,HS,TRUE,74,Copper and articles thereof,2,FALSE,C00,TOTAL CPC,0,0,TOTAL MOT,-1,N/A,,FALSE,-1,N/A,,FALSE,,FALSE,,FALSE,,20109215,20109215,0,TRUE,FALSE,HS_74
C,A,20020101,2002,52,2002,218,ECU,Ecuador,X,Export,0,W00,World,0,W00,World,H2,HS,TRUE,74,Copper and articles thereof,2,FALSE,C00,TOTAL CPC,0,0,TOTAL MOT,-1,N/A,,FALSE,-1,N/A,,FALSE,,FALSE,,FALSE,,767045,767045,0,TRUE,FALSE,HS_74
C,A,20020101,2002,52,2002,222,SLV,El Salvador,X,Export,0,W00,World,0,W00,World,H2,HS,TRUE,74,Copper and articles thereof,2,FALSE,C00,TOTAL CPC,0,0,TOTAL MOT,-1,N/A,0,FALSE,-1,N/A,0,FALSE,0,FALSE,0,FALSE,0,608135.23,608135.23,0,FALSE,TRUE,HS_74
C,A,20020101,2002,52,2002,348,HUN,Hungary,X,Export,0,W00,World,0,W00,World,H2,HS,TRUE,74,Copper and articles thereof,2,FALSE,C00,TOTAL CPC,0,0,TOTAL MOT,-1,N/A,,FALSE,-1,N/A,,FALSE,,FALSE,,FALSE,,78433000,78433000,0,TRUE,FALSE,HS_74
C,A,20020101,2002,52,2002,360,IDN,Indonesia,X,Export,0,W00,World,0,W00,World,H1,HS,TRUE,74,Copper and articles thereof,2,FALSE,C00,TOTAL CPC,0,0,TOTAL MOT,-1,N/A,,FALSE,-1,N/A,,FALSE,,FALSE,,FALSE,,478883496,478883496,0,FALSE,FALSE,HS_74
C,A,20020101,2002,52,2002,384,CIV,Côte d'Ivoire,X,Export,0,W00,World,0,W00,World,H1,HS,TRUE,74,Copper and articles thereof,2,FALSE,C00,TOTAL CPC,0,0,TOTAL MOT,-1,N/A,,FALSE,-1,N/A,,FALSE,,FALSE,,FALSE,,1532636,1532636,0,FALSE,FALSE,HS_74
C,A,20020101,2002,52,2002,398,KAZ,Kazakhstan,X,Export,0,W00,World,0,W00,World,H1,HS,TRUE,74,Copper and articles thereof,2,FALSE,C00,TOTAL CPC,0,0,TOTAL MOT,-1,N/A,,FALSE,-1,N/A,,FALSE,,FALSE,,FALSE,,715362800,715362800,0,FALSE,FALSE,HS_74
C,A,20020101,2002,52,2002,484,MEX,Mexico,X,Export,0,W00,World,0,W00,World,H2,HS,TRUE,74,Copper and articles thereof,2,FALSE,C00,TOTAL CPC,0,0,TOTAL MOT,-1,N/A,,FALSE,-1,N/A,,FALSE,,FALSE,,FALSE,,532060453,532060453,0,TRUE,FALSE,HS_74
C,A,20020101,2002,52,2002,504,MAR,Morocco,X,Export,0,W00,World,0,W00,World,H2,HS,TRUE,74,Copper and articles thereof,2,FALSE,C00,TOTAL CPC,0,0,TOTAL MOT,-1,N/A,0,FALSE,-1,N/A,0,FALSE,0,TRUE,0,FALSE,0,16136015.622,16136015.622,4,FALSE,TRUE,HS_74
C,A,20020101,2002,52,2002,566,NGA,Nigeria,X,Export,0,W00,World,0,W00,World,H1,HS,TRUE,74,Copper and articles thereof,2,FALSE,C00,TOTAL CPC,0,0,TOTAL MOT,-1,N/A,,FALSE,-1,N/A,,FALSE,,FALSE,,FALSE,,411554,411554,0,FALSE,FALSE,HS_74
C,A,20020101,2002,52,2002,591,PAN,Panama,X,Export,0,W00,World,0,W00,World,H1,HS,TRUE,74,Copper and articles thereof,2,FALSE,C00,TOTAL CPC,0,0,TOTAL MOT,-1,N/A,,FALSE,-1,N/A,,FALSE,,FALSE,,FALSE,,528497,528497,0,FALSE,FALSE,HS_74
C,A,20020101,2002,52,2002,604,PER,Peru,X,Export,0,W00,World,0,W00,World,H2,HS,TRUE,74,Copper and articles thereof,2,FALSE,C00,TOTAL CPC,0,0,TOTAL MOT,-1,N/A,,FALSE,-1,N/A,,FALSE,,FALSE,,FALSE,,832141667,832141667,0,TRUE,FALSE,HS_74
C,A,20020101,2002,52,2002,608,PHL,Philippines,X,Export,0,W00,World,0,W00,World,H1,HS,TRUE,74,Copper and articles thereof,2,FALSE,C00,TOTAL CPC,0,0,TOTAL MOT,-1,N/A,,FALSE,-1,N/A,,FALSE,,FALSE,,FALSE,,271180267,271180267,0,FALSE,FALSE,HS_74
C,A,20020101,2002,52,2002,616,POL,Poland,X,Export,0,W00,World,0,W00,World,H2,HS,TRUE,74,Copper and articles thereof,2,FALSE,C00,TOTAL CPC,0,0,TOTAL MOT,-1,N/A,,FALSE,-1,N/A,,FALSE,,FALSE,,FALSE,,727265000,727265000,0,TRUE,FALSE,HS_74
C,A,20020101,2002,52,2002,634,QAT,Qatar,X,Export,0,W00,World,0,W00,World,H1,HS,TRUE,74,Copper and articles thereof,2,FALSE,C00,TOTAL CPC,0,0,TOTAL MOT,-1,N/A,,FALSE,-1,N/A,,FALSE,,FALSE,,FALSE,,581215,581215,0,FALSE,FALSE,HS_74
C,A,20020101,2002,52,2002,642,ROU,Romania,X,Export,0,W00,World,0,W00,World,H2,HS,TRUE,74,Copper and articles thereof,2,FALSE,C00,TOTAL CPC,0,0,TOTAL MOT,-1,N/A,0,FALSE,-1,N/A,0,FALSE,0,FALSE,0,FALSE,0,46740293.68,46740293.68,0,FALSE,TRUE,HS_74
C,A,20020101,2002,52,2002,682,SAU,Saudi Arabia,X,Export,0,W00,World,0,W00,World,H2,HS,TRUE,74,Copper and articles thereof,2,FALSE,C00,TOTAL CPC,0,0,TOTAL MOT,-1,N/A,,FALSE,-1,N/A,,FALSE,,FALSE,,FALSE,,65974482,65974482,0,TRUE,FALSE,HS_74
C,A,20020101,2002,52,2002,686,SEN,Senegal,X,Export,0,W00,World,0,W00,World,H1,HS,TRUE,74,Copper and articles thereof,2,FALSE,C00,TOTAL CPC,0,0,TOTAL MOT,-1,N/A,,FALSE,-1,N/A,,FALSE,,FALSE,,FALSE,,2096544,2096544,0,FALSE,FALSE,HS_74
C,A,20020101,2002,52,2002,704,VNM,Viet Nam,X,Export,0,W00,World,0,W00,World,H1,HS,TRUE,74,Copper and articles thereof,2,FALSE,C00,TOTAL CPC,0,0,TOTAL MOT,-1,N/A,,FALSE,-1,N/A,,FALSE,,FALSE,,FALSE,,8403422,8403422,0,FALSE,FALSE,HS_74
C,A,20020101,2002,52,2002,710,ZAF,South Africa,X,Export,0,W00,World,0,W00,World,H2,HS,TRUE,74,Copper and articles thereof,2,FALSE,C00,TOTAL CPC,0,0,TOTAL MOT,-1,N/A,,FALSE,-1,N/A,,FALSE,,FALSE,,FALSE,,149155930,149155930,0,TRUE,FALSE,HS_74
C,A,20020101,2002,52,2002,784,ARE,United Arab Emirates,X,Export,0,W00,World,0,W00,World,H1,HS,TRUE,74,Copper and articles thereof,2,FALSE,C00,TOTAL CPC,0,0,TOTAL MOT,-1,N/A,,FALSE,-1,N/A,,FALSE,,FALSE,,FALSE,,36428341,36428341,0,FALSE,FALSE,HS_74
C,A,20020101,2002,52,2002,792,TUR,Türkiye,X,Export,0,W00,World,0,W00,World,H2,HS,TRUE,74,Copper and articles thereof,2,FALSE,C00,TOTAL CPC,0,0,TOTAL MOT,-1,N/A,0,FALSE,-1,N/A,0,FALSE,0,FALSE,0,FALSE,0,185226632,185226632,0,FALSE,TRUE,HS_74
C,A,20020101,2002,52,2002,818,EGY,Egypt,X,Export,0,W00,World,0,W00,World,H0,HS,TRUE,74,Copper and articles thereof,2,FALSE,C00,TOTAL CPC,0,0,TOTAL MOT,-1,N/A,0,FALSE,-1,N/A,0,FALSE,0,TRUE,0,FALSE,0,5143865.155,5143865.155,4,FALSE,TRUE,HS_74
C,A,20020101,2002,52,2002,858,URY,Uruguay,X,Export,0,W00,World,0,W00,World,H2,HS,TRUE,74,Copper and articles thereof,2,FALSE,C00,TOTAL CPC,0,0,TOTAL MOT,-1,N/A,,FALSE,-1,N/A,,FALSE,,FALSE,,FALSE,,3947953,3947953,0,TRUE,FALSE,HS_74
C,A,20020101,2002,52,2002,894,ZMB,Zambia,X,Export,0,W00,World,0,W00,World,H2,HS,TRUE,74,Copper and articles thereof,2,FALSE,C00,TOTAL CPC,0,0,TOTAL MOT,-1,N/A,0,FALSE,-1,N/A,0,FALSE,0,TRUE,0,FALSE,0,495110480,495110480,4,FALSE,TRUE,HS_74
C,A,20020101,2002,52,2002,32,ARG,Argentina,X,Export,0,W00,World,0,W00,World,H2,HS,TRUE,2603,Copper ores and concentrates,4,FALSE,C00,TOTAL CPC,0,0,TOTAL MOT,8,kg,764068038,FALSE,-1,N/A,,FALSE,764068038,FALSE,,FALSE,,561655845,561655845,0,TRUE,FALSE,HS_2603
C,A,20020101,2002,52,2002,152,CHL,Chile,X,Export,0,W00,World,0,W00,World,H2,HS,TRUE,2603,Copper ores and concentrates,4,FALSE,C00,TOTAL CPC,0,0,TOTAL MOT,8,kg,5545594517,TRUE,-1,N/A,,FALSE,5545594517,TRUE,,FALSE,,1733988752,1733988752,6,TRUE,FALSE,HS_2603
C,A,20020101,2002,52,2002,170,COL,Colombia,X,Export,0,W00,World,0,W00,World,H2,HS,TRUE,2603,Copper ores and concentrates,4,FALSE,C00,TOTAL CPC,0,0,TOTAL MOT,8,kg,8295857,FALSE,-1,N/A,,FALSE,8295857,FALSE,,FALSE,,2406969,2406969,0,TRUE,FALSE,HS_2603
C,A,20020101,2002,52,2002,218,ECU,Ecuador,X,Export,0,W00,World,0,W00,World,H2,HS,TRUE,2603,Copper ores and concentrates,4,FALSE,C00,TOTAL CPC,0,0,TOTAL MOT,8,kg,421053,FALSE,-1,N/A,,FALSE,421053,FALSE,,FALSE,,140981,140981,0,TRUE,FALSE,HS_2603
C,A,20020101,2002,52,2002,360,IDN,Indonesia,X,Export,0,W00,World,0,W00,World,H1,HS,TRUE,2603,Copper ores and concentrates,4,FALSE,C00,TOTAL CPC,0,0,TOTAL MOT,8,kg,2875696076,FALSE,-1,N/A,,FALSE,2875696076,FALSE,,FALSE,,1755484794,1755484794,0,FALSE,FALSE,HS_2603
C,A,20020101,2002,52,2002,398,KAZ,Kazakhstan,X,Export,0,W00,World,0,W00,World,H1,HS,TRUE,2603,Copper ores and concentrates,4,FALSE,C00,TOTAL CPC,0,0,TOTAL MOT,8,kg,143414861,TRUE,-1,N/A,,FALSE,143414861,TRUE,,FALSE,,39704400,39704400,6,FALSE,FALSE,HS_2603
C,A,20020101,2002,52,2002,484,MEX,Mexico,X,Export,0,W00,World,0,W00,World,H2,HS,TRUE,2603,Copper ores and concentrates,4,FALSE,C00,TOTAL CPC,0,0,TOTAL MOT,8,kg,137586631,FALSE,-1,N/A,,FALSE,137586631,FALSE,,FALSE,,48017012,48017012,0,TRUE,FALSE,HS_2603
C,A,20020101,2002,52,2002,504,MAR,Morocco,X,Export,0,W00,World,0,W00,World,H2,HS,TRUE,2603,Copper ores and concentrates,4,FALSE,C00,TOTAL CPC,0,0,TOTAL MOT,8,kg,19322200,FALSE,8,kg,19322200,FALSE,19322200,FALSE,0,FALSE,0,5756220.714,5756220.714,0,FALSE,TRUE,HS_2603
C,A,20020101,2002,52,2002,604,PER,Peru,X,Export,0,W00,World,0,W00,World,H2,HS,TRUE,2603,Copper ores and concentrates,4,FALSE,C00,TOTAL CPC,0,0,TOTAL MOT,8,kg,1268035391,FALSE,-1,N/A,,FALSE,1268035391,FALSE,,FALSE,,425388241,425388241,0,TRUE,FALSE,HS_2603
C,A,20020101,2002,52,2002,608,PHL,Philippines,X,Export,0,W00,World,0,W00,World,H1,HS,TRUE,2603,Copper ores and concentrates,4,FALSE,C00,TOTAL CPC,0,0,TOTAL MOT,8,kg,50965789,FALSE,-1,N/A,,FALSE,50965789,FALSE,,FALSE,,12791718,12791718,0,FALSE,FALSE,HS_2603
C,A,20020101,2002,52,2002,616,POL,Poland,X,Export,0,W00,World,0,W00,World,H2,HS,TRUE,2603,Copper ores and concentrates,4,FALSE,C00,TOTAL CPC,0,0,TOTAL MOT,8,kg,20421260,FALSE,-1,N/A,,FALSE,20421260,FALSE,,FALSE,,8239000,8239000,0,TRUE,FALSE,HS_2603
C,A,20020101,2002,52,2002,642,ROU,Romania,X,Export,0,W00,World,0,W00,World,H2,HS,TRUE,2603,Copper ores and concentrates,4,FALSE,C00,TOTAL CPC,0,0,TOTAL MOT,8,kg,87297340,FALSE,8,kg,87297340,FALSE,87297340,FALSE,0,FALSE,0,14083806.13,14083806.13,0,FALSE,TRUE,HS_2603
C,A,20020101,2002,52,2002,704,VNM,Viet Nam,X,Export,0,W00,World,0,W00,World,H1,HS,TRUE,2603,Copper ores and concentrates,4,FALSE,C00,TOTAL CPC,0,0,TOTAL MOT,8,kg,3150097,TRUE,-1,N/A,,FALSE,3150097,TRUE,,FALSE,,984968,984968,6,FALSE,FALSE,HS_2603
C,A,20020101,2002,52,2002,710,ZAF,South Africa,X,Export,0,W00,World,0,W00,World,H2,HS,TRUE,2603,Copper ores and concentrates,4,FALSE,C00,TOTAL CPC,0,0,TOTAL MOT,8,kg,21285570,FALSE,-1,N/A,,FALSE,21285570,FALSE,,FALSE,,3235676,3235676,0,TRUE,FALSE,HS_2603
C,A,20020101,2002,52,2002,784,ARE,United Arab Emirates,X,Export,0,W00,World,0,W00,World,H1,HS,TRUE,2603,Copper ores and concentrates,4,FALSE,C00,TOTAL CPC,0,0,TOTAL MOT,-1,N/A,,FALSE,-1,N/A,,FALSE,5858,FALSE,,FALSE,,14952,14952,0,FALSE,FALSE,HS_2603
C,A,20020101,2002,52,2002,792,TUR,Türkiye,X,Export,0,W00,World,0,W00,World,H2,HS,TRUE,2603,Copper ores and concentrates,4,FALSE,C00,TOTAL CPC,0,0,TOTAL MOT,8,kg,227656250,FALSE,8,kg,227656250,FALSE,227656250,FALSE,0,FALSE,0,50418107,50418107,0,FALSE,TRUE,HS_2603
C,A,20020101,2002,52,2002,894,ZMB,Zambia,X,Export,0,W00,World,0,W00,World,H2,HS,TRUE,2603,Copper ores and concentrates,4,FALSE,C00,TOTAL CPC,0,0,TOTAL MOT,8,kg,7458069,FALSE,8,kg,7458069,FALSE,7458069,FALSE,0,FALSE,0,3426338,3426338,0,FALSE,TRUE,HS_2603
C,A,20020101,2002,52,2002,32,ARG,Argentina,X,Export,0,W00,World,0,W00,World,H2,HS,TRUE,76,Aluminium and articles thereof,2,FALSE,C00,TOTAL CPC,0,0,TOTAL MOT,-1,N/A,,FALSE,-1,N/A,,FALSE,,FALSE,,FALSE,,369533691,369533691,0,TRUE,FALSE,HS_76
C,A,20020101,2002,52,2002,48,BHR,Bahrain,X,Export,0,W00,World,0,W00,World,H2,HS,TRUE,76,Aluminium and articles thereof,2,FALSE,C00,TOTAL CPC,0,0,TOTAL MOT,-1,N/A,,FALSE,-1,N/A,,FALSE,,FALSE,,FALSE,,784122294,784122294,0,TRUE,FALSE,HS_76
C,A,20020101,2002,52,2002,76,BRA,Brazil,X,Export,0,W00,World,0,W00,World,H2,HS,TRUE,76,Aluminium and articles thereof,2,FALSE,C00,TOTAL CPC,0,0,TOTAL MOT,-1,N/A,0,FALSE,-1,N/A,0,FALSE,0,TRUE,0,FALSE,,1262895388,1262895388,4,FALSE,TRUE,HS_76
C,A,20020101,2002,52,2002,144,LKA,Sri Lanka,X,Export,0,W00,World,0,W00,World,H2,HS,TRUE,76,Aluminium and articles thereof,2,FALSE,C00,TOTAL CPC,0,0,TOTAL MOT,-1,N/A,,FALSE,-1,N/A,,FALSE,,FALSE,,FALSE,,3642737,3642737,0,TRUE,FALSE,HS_76
C,A,20020101,2002,52,2002,152,CHL,Chile,X,Export,0,W00,World,0,W00,World,H2,HS,TRUE,76,Aluminium and articles thereof,2,FALSE,C00,TOTAL CPC,0,0,TOTAL MOT,-1,N/A,,FALSE,-1,N/A,,FALSE,,FALSE,,FALSE,,26827465,26827465,0,TRUE,FALSE,HS_76
C,A,20020101,2002,52,2002,170,COL,Colombia,X,Export,0,W00,World,0,W00,World,H2,HS,TRUE,76,Aluminium and articles thereof,2,FALSE,C00,TOTAL CPC,0,0,TOTAL MOT,-1,N/A,,FALSE,-1,N/A,,FALSE,,FALSE,,FALSE,,91453244,91453244,0,TRUE,FALSE,HS_76
C,A,20020101,2002,52,2002,218,ECU,Ecuador,X,Export,0,W00,World,0,W00,World,H2,HS,TRUE,76,Aluminium and articles thereof,2,FALSE,C00,TOTAL CPC,0,0,TOTAL MOT,-1,N/A,,FALSE,-1,N/A,,FALSE,,FALSE,,FALSE,,12234287,12234287,0,TRUE,FALSE,HS_76
C,A,20020101,2002,52,2002,222,SLV,El Salvador,X,Export,0,W00,World,0,W00,World,H2,HS,TRUE,76,Aluminium and articles thereof,2,FALSE,C00,TOTAL CPC,0,0,TOTAL MOT,-1,N/A,0,FALSE,-1,N/A,0,FALSE,0,FALSE,0,FALSE,0,38356908.83,38356908.83,0,FALSE,TRUE,HS_76
C,A,20020101,2002,52,2002,348,HUN,Hungary,X,Export,0,W00,World,0,W00,World,H2,HS,TRUE,76,Aluminium and articles thereof,2,FALSE,C00,TOTAL CPC,0,0,TOTAL MOT,-1,N/A,,FALSE,-1,N/A,,FALSE,,FALSE,,FALSE,,631904000,631904000,0,TRUE,FALSE,HS_76
C,A,20020101,2002,52,2002,360,IDN,Indonesia,X,Export,0,W00,World,0,W00,World,H1,HS,TRUE,76,Aluminium and articles thereof,2,FALSE,C00,TOTAL CPC,0,0,TOTAL MOT,-1,N/A,,FALSE,-1,N/A,,FALSE,,FALSE,,FALSE,,369431286,369431286,0,FALSE,FALSE,HS_76
C,A,20020101,2002,52,2002,384,CIV,Côte d'Ivoire,X,Export,0,W00,World,0,W00,World,H1,HS,TRUE,76,Aluminium and articles thereof,2,FALSE,C00,TOTAL CPC,0,0,TOTAL MOT,-1,N/A,,FALSE,-1,N/A,,FALSE,,FALSE,,FALSE,,1994784,1994784,0,FALSE,FALSE,HS_76
C,A,20020101,2002,52,2002,398,KAZ,Kazakhstan,X,Export,0,W00,World,0,W00,World,H1,HS,TRUE,76,Aluminium and articles thereof,2,FALSE,C00,TOTAL CPC,0,0,TOTAL MOT,-1,N/A,,FALSE,-1,N/A,,FALSE,,FALSE,,FALSE,,34608000,34608000,0,FALSE,FALSE,HS_76
C,A,20020101,2002,52,2002,484,MEX,Mexico,X,Export,0,W00,World,0,W00,World,H2,HS,TRUE,76,Aluminium and articles thereof,2,FALSE,C00,TOTAL CPC,0,0,TOTAL MOT,-1,N/A,,FALSE,-1,N/A,,FALSE,,FALSE,,FALSE,,716681395,716681395,0,TRUE,FALSE,HS_76
C,A,20020101,2002,52,2002,504,MAR,Morocco,X,Export,0,W00,World,0,W00,World,H2,HS,TRUE,76,Aluminium and articles thereof,2,FALSE,C00,TOTAL CPC,0,0,TOTAL MOT,-1,N/A,0,FALSE,-1,N/A,0,FALSE,0,TRUE,0,FALSE,0,16968295.726,16968295.726,4,FALSE,TRUE,HS_76
C,A,20020101,2002,52,2002,566,NGA,Nigeria,X,Export,0,W00,World,0,W00,World,H1,HS,TRUE,76,Aluminium and articles thereof,2,FALSE,C00,TOTAL CPC,0,0,TOTAL MOT,-1,N/A,,FALSE,-1,N/A,,FALSE,,FALSE,,FALSE,,980124,980124,0,FALSE,FALSE,HS_76
C,A,20020101,2002,52,2002,591,PAN,Panama,X,Export,0,W00,World,0,W00,World,H1,HS,TRUE,76,Aluminium and articles thereof,2,FALSE,C00,TOTAL CPC,0,0,TOTAL MOT,-1,N/A,,FALSE,-1,N/A,,FALSE,,FALSE,,FALSE,,15857746,15857746,0,FALSE,FALSE,HS_76
C,A,20020101,2002,52,2002,604,PER,Peru,X,Export,0,W00,World,0,W00,World,H2,HS,TRUE,76,Aluminium and articles thereof,2,FALSE,C00,TOTAL CPC,0,0,TOTAL MOT,-1,N/A,,FALSE,-1,N/A,,FALSE,,FALSE,,FALSE,,4966247,4966247,0,TRUE,FALSE,HS_76
C,A,20020101,2002,52,2002,608,PHL,Philippines,X,Export,0,W00,World,0,W00,World,H1,HS,TRUE,76,Aluminium and articles thereof,2,FALSE,C00,TOTAL CPC,0,0,TOTAL MOT,-1,N/A,,FALSE,-1,N/A,,FALSE,,FALSE,,FALSE,,44814453,44814453,0,FALSE,FALSE,HS_76
C,A,20020101,2002,52,2002,616,POL,Poland,X,Export,0,W00,World,0,W00,World,H2,HS,TRUE,76,Aluminium and articles thereof,2,FALSE,C00,TOTAL CPC,0,0,TOTAL MOT,-1,N/A,,FALSE,-1,N/A,,FALSE,,FALSE,,FALSE,,651085000,651085000,0,TRUE,FALSE,HS_76
C,A,20020101,2002,52,2002,634,QAT,Qatar,X,Export,0,W00,World,0,W00,World,H1,HS,TRUE,76,Aluminium and articles thereof,2,FALSE,C00,TOTAL CPC,0,0,TOTAL MOT,-1,N/A,,FALSE,-1,N/A,,FALSE,,FALSE,,FALSE,,2179461,2179461,0,FALSE,FALSE,HS_76
C,A,20020101,2002,52,2002,642,ROU,Romania,X,Export,0,W00,World,0,W00,World,H2,HS,TRUE,76,Aluminium and articles thereof,2,FALSE,C00,TOTAL CPC,0,0,TOTAL MOT,-1,N/A,0,FALSE,-1,N/A,0,FALSE,0,TRUE,0,FALSE,0,287068020.81,287068020.81,4,FALSE,TRUE,HS_76
C,A,20020101,2002,52,2002,682,SAU,Saudi Arabia,X,Export,0,W00,World,0,W00,World,H2,HS,TRUE,76,Aluminium and articles thereof,2,FALSE,C00,TOTAL CPC,0,0,TOTAL MOT,-1,N/A,,FALSE,-1,N/A,,FALSE,,FALSE,,FALSE,,136896171,136896171,0,TRUE,FALSE,HS_76
C,A,20020101,2002,52,2002,686,SEN,Senegal,X,Export,0,W00,World,0,W00,World,H1,HS,TRUE,76,Aluminium and articles thereof,2,FALSE,C00,TOTAL CPC,0,0,TOTAL MOT,-1,N/A,,FALSE,-1,N/A,,FALSE,,FALSE,,FALSE,,1431797,1431797,0,FALSE,FALSE,HS_76
C,A,20020101,2002,52,2002,704,VNM,Viet Nam,X,Export,0,W00,World,0,W00,World,H1,HS,TRUE,76,Aluminium and articles thereof,2,FALSE,C00,TOTAL CPC,0,0,TOTAL MOT,-1,N/A,,FALSE,-1,N/A,,FALSE,,FALSE,,FALSE,,23688203,23688203,0,FALSE,FALSE,HS_76
C,A,20020101,2002,52,2002,710,ZAF,South Africa,X,Export,0,W00,World,0,W00,World,H2,HS,TRUE,76,Aluminium and articles thereof,2,FALSE,C00,TOTAL CPC,0,0,TOTAL MOT,-1,N/A,,FALSE,-1,N/A,,FALSE,,FALSE,,FALSE,,945109105,945109105,0,TRUE,FALSE,HS_76
C,A,20020101,2002,52,2002,784,ARE,United Arab Emirates,X,Export,0,W00,World,0,W00,World,H1,HS,TRUE,76,Aluminium and articles thereof,2,FALSE,C00,TOTAL CPC,0,0,TOTAL MOT,-1,N/A,,FALSE,-1,N/A,,FALSE,,FALSE,,FALSE,,747415222,747415222,0,FALSE,FALSE,HS_76
C,A,20020101,2002,52,2002,792,TUR,Türkiye,X,Export,0,W00,World,0,W00,World,H2,HS,TRUE,76,Aluminium and articles thereof,2,FALSE,C00,TOTAL CPC,0,0,TOTAL MOT,-1,N/A,0,FALSE,-1,N/A,0,FALSE,0,TRUE,0,FALSE,0,346719507,346719507,4,FALSE,TRUE,HS_76
C,A,20020101,2002,52,2002,818,EGY,Egypt,X,Export,0,W00,World,0,W00,World,H0,HS,TRUE,76,Aluminium and articles thereof,2,FALSE,C00,TOTAL CPC,0,0,TOTAL MOT,-1,N/A,0,FALSE,-1,N/A,0,FALSE,0,FALSE,0,FALSE,0,126051775.663,126051775.663,0,FALSE,TRUE,HS_76
C,A,20020101,2002,52,2002,858,URY,Uruguay,X,Export,0,W00,World,0,W00,World,H2,HS,TRUE,76,Aluminium and articles thereof,2,FALSE,C00,TOTAL CPC,0,0,TOTAL MOT,-1,N/A,,FALSE,-1,N/A,,FALSE,,FALSE,,FALSE,,2997327,2997327,0,TRUE,FALSE,HS_76
C,A,20020101,2002,52,2002,894,ZMB,Zambia,X,Export,0,W00,World,0,W00,World,H2,HS,TRUE,76,Aluminium and articles thereof,2,FALSE,C00,TOTAL CPC,0,0,TOTAL MOT,-1,N/A,0,FALSE,-1,N/A,0,FALSE,0,TRUE,0,FALSE,0,3642872,3642872,4,FALSE,TRUE,HS_76
C,A,20020101,2002,52,2002,76,BRA,Brazil,X,Export,0,W00,World,0,W00,World,H2,HS,TRUE,2606,Aluminium ores and concentrates,4,FALSE,C00,TOTAL CPC,0,0,TOTAL MOT,8,kg,100031486409,FALSE,8,kg,100031486409,FALSE,3368054718,FALSE,0,FALSE,,90870700,90870700,0,FALSE,TRUE,HS_2606
C,A,20020101,2002,52,2002,170,COL,Colombia,X,Export,0,W00,World,0,W00,World,H2,HS,TRUE,2606,Aluminium ores and concentrates,4,FALSE,C00,TOTAL CPC,0,0,TOTAL MOT,8,kg,67595,FALSE,-1,N/A,,FALSE,67595,FALSE,,FALSE,,134460,134460,0,TRUE,FALSE,HS_2606
C,A,20020101,2002,52,2002,348,HUN,Hungary,X,Export,0,W00,World,0,W00,World,H2,HS,TRUE,2606,Aluminium ores and concentrates,4,FALSE,C00,TOTAL CPC,0,0,TOTAL MOT,8,kg,2250000,FALSE,-1,N/A,,FALSE,2250000,FALSE,,FALSE,,220000,220000,0,TRUE,FALSE,HS_2606
C,A,20020101,2002,52,2002,360,IDN,Indonesia,X,Export,0,W00,World,0,W00,World,H1,HS,TRUE,2606,Aluminium ores and concentrates,4,FALSE,C00,TOTAL CPC,0,0,TOTAL MOT,8,kg,1048803683,FALSE,-1,N/A,,FALSE,1048803683,FALSE,,FALSE,,20828616,20828616,0,FALSE,FALSE,HS_2606
C,A,20020101,2002,52,2002,398,KAZ,Kazakhstan,X,Export,0,W00,World,0,W00,World,H1,HS,TRUE,2606,Aluminium ores and concentrates,4,FALSE,C00,TOTAL CPC,0,0,TOTAL MOT,8,kg,1518000,FALSE,-1,N/A,,FALSE,1518000,FALSE,,FALSE,,27100,27100,0,FALSE,FALSE,HS_2606
C,A,20020101,2002,52,2002,484,MEX,Mexico,X,Export,0,W00,World,0,W00,World,H2,HS,TRUE,2606,Aluminium ores and concentrates,4,FALSE,C00,TOTAL CPC,0,0,TOTAL MOT,8,kg,618108,FALSE,-1,N/A,,FALSE,618108,FALSE,,FALSE,,88795,88795,0,TRUE,FALSE,HS_2606
C,A,20020101,2002,52,2002,604,PER,Peru,X,Export,0,W00,World,0,W00,World,H2,HS,TRUE,2606,Aluminium ores and concentrates,4,FALSE,C00,TOTAL CPC,0,0,TOTAL MOT,8,kg,20000,FALSE,-1,N/A,,FALSE,20000,FALSE,,FALSE,,4376,4376,0,TRUE,FALSE,HS_2606
C,A,20020101,2002,52,2002,710,ZAF,South Africa,X,Export,0,W00,World,0,W00,World,H2,HS,TRUE,2606,Aluminium ores and concentrates,4,FALSE,C00,TOTAL CPC,0,0,TOTAL MOT,8,kg,1635,FALSE,-1,N/A,,FALSE,1635,FALSE,,FALSE,,5308,5308,0,TRUE,FALSE,HS_2606
C,A,20020101,2002,52,2002,784,ARE,United Arab Emirates,X,Export,0,W00,World,0,W00,World,H1,HS,TRUE,2606,Aluminium ores and concentrates,4,FALSE,C00,TOTAL CPC,0,0,TOTAL MOT,-1,N/A,,FALSE,-1,N/A,,FALSE,20614,FALSE,,FALSE,,15753,15753,0,FALSE,FALSE,HS_2606
C,A,20020101,2002,52,2002,792,TUR,Türkiye,X,Export,0,W00,World,0,W00,World,H2,HS,TRUE,2606,Aluminium ores and concentrates,4,FALSE,C00,TOTAL CPC,0,0,TOTAL MOT,8,kg,3146400,FALSE,8,kg,3146400,FALSE,3146400,FALSE,0,FALSE,0,40020,40020,0,FALSE,TRUE,HS_2606
C,A,20020101,2002,52,2002,32,ARG,Argentina,X,Export,0,W00,World,0,W00,World,H2,HS,TRUE,75,Nickel and articles thereof,2,FALSE,C00,TOTAL CPC,0,0,TOTAL MOT,-1,N/A,,FALSE,-1,N/A,,FALSE,,FALSE,,FALSE,,347042,347042,0,TRUE,FALSE,HS_75
C,A,20020101,2002,52,2002,48,BHR,Bahrain,X,Export,0,W00,World,0,W00,World,H2,HS,TRUE,75,Nickel and articles thereof,2,FALSE,C00,TOTAL CPC,0,0,TOTAL MOT,-1,N/A,,FALSE,-1,N/A,,FALSE,,FALSE,,FALSE,,11266,11266,0,TRUE,FALSE,HS_75
C,A,20020101,2002,52,2002,76,BRA,Brazil,X,Export,0,W00,World,0,W00,World,H2,HS,TRUE,75,Nickel and articles thereof,2,FALSE,C00,TOTAL CPC,0,0,TOTAL MOT,-1,N/A,0,FALSE,-1,N/A,0,FALSE,0,TRUE,0,FALSE,,107369171,107369171,4,FALSE,TRUE,HS_75
C,A,20020101,2002,52,2002,144,LKA,Sri Lanka,X,Export,0,W00,World,0,W00,World,H2,HS,TRUE,75,Nickel and articles thereof,2,FALSE,C00,TOTAL CPC,0,0,TOTAL MOT,-1,N/A,,FALSE,-1,N/A,,FALSE,,FALSE,,FALSE,,83,83,0,TRUE,FALSE,HS_75
C,A,20020101,2002,52,2002,152,CHL,Chile,X,Export,0,W00,World,0,W00,World,H2,HS,TRUE,75,Nickel and articles thereof,2,FALSE,C00,TOTAL CPC,0,0,TOTAL MOT,-1,N/A,,FALSE,-1,N/A,,FALSE,,FALSE,,FALSE,,52601,52601,0,TRUE,FALSE,HS_75
C,A,20020101,2002,52,2002,170,COL,Colombia,X,Export,0,W00,World,0,W00,World,H2,HS,TRUE,75,Nickel and articles thereof,2,FALSE,C00,TOTAL CPC,0,0,TOTAL MOT,-1,N/A,,FALSE,-1,N/A,,FALSE,,FALSE,,FALSE,,4188042,4188042,0,TRUE,FALSE,HS_75
C,A,20020101,2002,52,2002,222,SLV,El Salvador,X,Export,0,W00,World,0,W00,World,H2,HS,TRUE,75,Nickel and articles thereof,2,FALSE,C00,TOTAL CPC,0,0,TOTAL MOT,-1,N/A,0,FALSE,-1,N/A,0,FALSE,0,FALSE,0,FALSE,0,13268.94,13268.94,0,FALSE,TRUE,HS_75
C,A,20020101,2002,52,2002,348,HUN,Hungary,X,Export,0,W00,World,0,W00,World,H2,HS,TRUE,75,Nickel and articles thereof,2,FALSE,C00,TOTAL CPC,0,0,TOTAL MOT,-1,N/A,,FALSE,-1,N/A,,FALSE,10200,FALSE,,FALSE,,1093000,1093000,0,TRUE,FALSE,HS_75
C,A,20020101,2002,52,2002,360,IDN,Indonesia,X,Export,0,W00,World,0,W00,World,H1,HS,TRUE,75,Nickel and articles thereof,2,FALSE,C00,TOTAL CPC,0,0,TOTAL MOT,-1,N/A,,FALSE,-1,N/A,,FALSE,,FALSE,,FALSE,,3454520,3454520,0,FALSE,FALSE,HS_75
C,A,20020101,2002,52,2002,398,KAZ,Kazakhstan,X,Export,0,W00,World,0,W00,World,H1,HS,TRUE,75,Nickel and articles thereof,2,FALSE,C00,TOTAL CPC,0,0,TOTAL MOT,-1,N/A,,FALSE,-1,N/A,,FALSE,,FALSE,,FALSE,,369300,369300,0,FALSE,FALSE,HS_75
C,A,20020101,2002,52,2002,484,MEX,Mexico,X,Export,0,W00,World,0,W00,World,H2,HS,TRUE,75,Nickel and articles thereof,2,FALSE,C00,TOTAL CPC,0,0,TOTAL MOT,-1,N/A,,FALSE,-1,N/A,,FALSE,,FALSE,,FALSE,,14595426,14595426,0,TRUE,FALSE,HS_75
C,A,20020101,2002,52,2002,504,MAR,Morocco,X,Export,0,W00,World,0,W00,World,H2,HS,TRUE,75,Nickel and articles thereof,2,FALSE,C00,TOTAL CPC,0,0,TOTAL MOT,-1,N/A,0,FALSE,-1,N/A,0,FALSE,0,FALSE,0,FALSE,0,25082.654,25082.654,0,FALSE,TRUE,HS_75
C,A,20020101,2002,52,2002,566,NGA,Nigeria,X,Export,0,W00,World,0,W00,World,H1,HS,TRUE,75,Nickel and articles thereof,2,FALSE,C00,TOTAL CPC,0,0,TOTAL MOT,-1,N/A,,FALSE,-1,N/A,,FALSE,,FALSE,,FALSE,,157463,157463,0,FALSE,FALSE,HS_75
C,A,20020101,2002,52,2002,604,PER,Peru,X,Export,0,W00,World,0,W00,World,H2,HS,TRUE,75,Nickel and articles thereof,2,FALSE,C00,TOTAL CPC,0,0,TOTAL MOT,-1,N/A,,FALSE,-1,N/A,,FALSE,,FALSE,,FALSE,,7063,7063,0,TRUE,FALSE,HS_75
C,A,20020101,2002,52,2002,608,PHL,Philippines,X,Export,0,W00,World,0,W00,World,H1,HS,TRUE,75,Nickel and articles thereof,2,FALSE,C00,TOTAL CPC,0,0,TOTAL MOT,-1,N/A,,FALSE,-1,N/A,,FALSE,,FALSE,,FALSE,,155598,155598,0,FALSE,FALSE,HS_75
C,A,20020101,2002,52,2002,616,POL,Poland,X,Export,0,W00,World,0,W00,World,H2,HS,TRUE,75,Nickel and articles thereof,2,FALSE,C00,TOTAL CPC,0,0,TOTAL MOT,-1,N/A,,FALSE,-1,N/A,,FALSE,,FALSE,,FALSE,,374000,374000,0,TRUE,FALSE,HS_75
C,A,20020101,2002,52,2002,634,QAT,Qatar,X,Export,0,W00,World,0,W00,World,H1,HS,TRUE,75,Nickel and articles thereof,2,FALSE,C00,TOTAL CPC,0,0,TOTAL MOT,-1,N/A,,FALSE,-1,N/A,,FALSE,,FALSE,,FALSE,,9547,9547,0,FALSE,FALSE,HS_75
C,A,20020101,2002,52,2002,642,ROU,Romania,X,Export,0,W00,World,0,W00,World,H2,HS,TRUE,75,Nickel and articles thereof,2,FALSE,C00,TOTAL CPC,0,0,TOTAL MOT,-1,N/A,0,FALSE,-1,N/A,0,FALSE,0,FALSE,0,FALSE,0,1150225.52,1150225.52,0,FALSE,TRUE,HS_75
C,A,20020101,2002,52,2002,682,SAU,Saudi Arabia,X,Export,0,W00,World,0,W00,World,H2,HS,TRUE,75,Nickel and articles thereof,2,FALSE,C00,TOTAL CPC,0,0,TOTAL MOT,-1,N/A,,FALSE,-1,N/A,,FALSE,,FALSE,,FALSE,,1060268,1060268,0,TRUE,FALSE,HS_75
C,A,20020101,2002,52,2002,686,SEN,Senegal,X,Export,0,W00,World,0,W00,World,H1,HS,TRUE,75,Nickel and articles thereof,2,FALSE,C00,TOTAL CPC,0,0,TOTAL MOT,-1,N/A,,FALSE,-1,N/A,,FALSE,,FALSE,,FALSE,,76,76,0,FALSE,FALSE,HS_75
C,A,20020101,2002,52,2002,704,VNM,Viet Nam,X,Export,0,W00,World,0,W00,World,H1,HS,TRUE,75,Nickel and articles thereof,2,FALSE,C00,TOTAL CPC,0,0,TOTAL MOT,-1,N/A,,FALSE,-1,N/A,,FALSE,,FALSE,,FALSE,,43651,43651,0,FALSE,FALSE,HS_75
C,A,20020101,2002,52,2002,710,ZAF,South Africa,X,Export,0,W00,World,0,W00,World,H2,HS,TRUE,75,Nickel and articles thereof,2,FALSE,C00,TOTAL CPC,0,0,TOTAL MOT,-1,N/A,,FALSE,-1,N/A,,FALSE,,FALSE,,FALSE,,67632689,67632689,0,TRUE,FALSE,HS_75
C,A,20020101,2002,52,2002,784,ARE,United Arab Emirates,X,Export,0,W00,World,0,W00,World,H1,HS,TRUE,75,Nickel and articles thereof,2,FALSE,C00,TOTAL CPC,0,0,TOTAL MOT,-1,N/A,,FALSE,-1,N/A,,FALSE,,FALSE,,FALSE,,1657071,1657071,0,FALSE,FALSE,HS_75
C,A,20020101,2002,52,2002,792,TUR,Türkiye,X,Export,0,W00,World,0,W00,World,H2,HS,TRUE,75,Nickel and articles thereof,2,FALSE,C00,TOTAL CPC,0,0,TOTAL MOT,-1,N/A,0,FALSE,-1,N/A,0,FALSE,0,FALSE,0,FALSE,0,975578,975578,0,FALSE,TRUE,HS_75
C,A,20020101,2002,52,2002,818,EGY,Egypt,X,Export,0,W00,World,0,W00,World,H0,HS,TRUE,75,Nickel and articles thereof,2,FALSE,C00,TOTAL CPC,0,0,TOTAL MOT,-1,N/A,0,FALSE,-1,N/A,0,FALSE,0,TRUE,0,FALSE,0,71669.432,71669.432,4,FALSE,TRUE,HS_75
C,A,20020101,2002,52,2002,32,ARG,Argentina,X,Export,0,W00,World,0,W00,World,H2,HS,TRUE,2603,Copper ores and concentrates,4,FALSE,C00,TOTAL CPC,0,0,TOTAL MOT,8,kg,764068038,FALSE,-1,N/A,,FALSE,764068038,FALSE,,FALSE,,561655845,561655845,0,TRUE,FALSE,HS_2603
C,A,20020101,2002,52,2002,152,CHL,Chile,X,Export,0,W00,World,0,W00,World,H2,HS,TRUE,2603,Copper ores and concentrates,4,FALSE,C00,TOTAL CPC,0,0,TOTAL MOT,8,kg,5545594517,TRUE,-1,N/A,,FALSE,5545594517,TRUE,,FALSE,,1733988752,1733988752,6,TRUE,FALSE,HS_2603
C,A,20020101,2002,52,2002,170,COL,Colombia,X,Export,0,W00,World,0,W00,World,H2,HS,TRUE,2603,Copper ores and concentrates,4,FALSE,C00,TOTAL CPC,0,0,TOTAL MOT,8,kg,8295857,FALSE,-1,N/A,,FALSE,8295857,FALSE,,FALSE,,2406969,2406969,0,TRUE,FALSE,HS_2603
C,A,20020101,2002,52,2002,218,ECU,Ecuador,X,Export,0,W00,World,0,W00,World,H2,HS,TRUE,2603,Copper ores and concentrates,4,FALSE,C00,TOTAL CPC,0,0,TOTAL MOT,8,kg,421053,FALSE,-1,N/A,,FALSE,421053,FALSE,,FALSE,,140981,140981,0,TRUE,FALSE,HS_2603
C,A,20020101,2002,52,2002,360,IDN,Indonesia,X,Export,0,W00,World,0,W00,World,H1,HS,TRUE,2603,Copper ores and concentrates,4,FALSE,C00,TOTAL CPC,0,0,TOTAL MOT,8,kg,2875696076,FALSE,-1,N/A,,FALSE,2875696076,FALSE,,FALSE,,1755484794,1755484794,0,FALSE,FALSE,HS_2603
C,A,20020101,2002,52,2002,398,KAZ,Kazakhstan,X,Export,0,W00,World,0,W00,World,H1,HS,TRUE,2603,Copper ores and concentrates,4,FALSE,C00,TOTAL CPC,0,0,TOTAL MOT,8,kg,143414861,TRUE,-1,N/A,,FALSE,143414861,TRUE,,FALSE,,39704400,39704400,6,FALSE,FALSE,HS_2603
C,A,20020101,2002,52,2002,484,MEX,Mexico,X,Export,0,W00,World,0,W00,World,H2,HS,TRUE,2603,Copper ores and concentrates,4,FALSE,C00,TOTAL CPC,0,0,TOTAL MOT,8,kg,137586631,FALSE,-1,N/A,,FALSE,137586631,FALSE,,FALSE,,48017012,48017012,0,TRUE,FALSE,HS_2603
C,A,20020101,2002,52,2002,504,MAR,Morocco,X,Export,0,W00,World,0,W00,World,H2,HS,TRUE,2603,Copper ores and concentrates,4,FALSE,C00,TOTAL CPC,0,0,TOTAL MOT,8,kg,19322200,FALSE,8,kg,19322200,FALSE,19322200,FALSE,0,FALSE,0,5756220.714,5756220.714,0,FALSE,TRUE,HS_2603
C,A,20020101,2002,52,2002,604,PER,Peru,X,Export,0,W00,World,0,W00,World,H2,HS,TRUE,2603,Copper ores and concentrates,4,FALSE,C00,TOTAL CPC,0,0,TOTAL MOT,8,kg,1268035391,FALSE,-1,N/A,,FALSE,1268035391,FALSE,,FALSE,,425388241,425388241,0,TRUE,FALSE,HS_2603
C,A,20020101,2002,52,2002,608,PHL,Philippines,X,Export,0,W00,World,0,W00,World,H1,HS,TRUE,2603,Copper ores and concentrates,4,FALSE,C00,TOTAL CPC,0,0,TOTAL MOT,8,kg,50965789,FALSE,-1,N/A,,FALSE,50965789,FALSE,,FALSE,,12791718,12791718,0,FALSE,FALSE,HS_2603
C,A,20020101,2002,52,2002,616,POL,Poland,X,Export,0,W00,World,0,W00,World,H2,HS,TRUE,2603,Copper ores and concentrates,4,FALSE,C00,TOTAL CPC,0,0,TOTAL MOT,8,kg,20421260,FALSE,-1,N/A,,FALSE,20421260,FALSE,,FALSE,,8239000,8239000,0,TRUE,FALSE,HS_2603
C,A,20020101,2002,52,2002,642,ROU,Romania,X,Export,0,W00,World,0,W00,World,H2,HS,TRUE,2603,Copper ores and concentrates,4,FALSE,C00,TOTAL CPC,0,0,TOTAL MOT,8,kg,87297340,FALSE,8,kg,87297340,FALSE,87297340,FALSE,0,FALSE,0,14083806.13,14083806.13,0,FALSE,TRUE,HS_2603
C,A,20020101,2002,52,2002,704,VNM,Viet Nam,X,Export,0,W00,World,0,W00,World,H1,HS,TRUE,2603,Copper ores and concentrates,4,FALSE,C00,TOTAL CPC,0,0,TOTAL MOT,8,kg,3150097,TRUE,-1,N/A,,FALSE,3150097,TRUE,,FALSE,,984968,984968,6,FALSE,FALSE,HS_2603
C,A,20020101,2002,52,2002,710,ZAF,South Africa,X,Export,0,W00,World,0,W00,World,H2,HS,TRUE,2603,Copper ores and concentrates,4,FALSE,C00,TOTAL CPC,0,0,TOTAL MOT,8,kg,21285570,FALSE,-1,N/A,,FALSE,21285570,FALSE,,FALSE,,3235676,3235676,0,TRUE,FALSE,HS_2603
C,A,20020101,2002,52,2002,784,ARE,United Arab Emirates,X,Export,0,W00,World,0,W00,World,H1,HS,TRUE,2603,Copper ores and concentrates,4,FALSE,C00,TOTAL CPC,0,0,TOTAL MOT,-1,N/A,,FALSE,-1,N/A,,FALSE,5858,FALSE,,FALSE,,14952,14952,0,FALSE,FALSE,HS_2603
C,A,20020101,2002,52,2002,792,TUR,Türkiye,X,Export,0,W00,World,0,W00,World,H2,HS,TRUE,2603,Copper ores and concentrates,4,FALSE,C00,TOTAL CPC,0,0,TOTAL MOT,8,kg,227656250,FALSE,8,kg,227656250,FALSE,227656250,FALSE,0,FALSE,0,50418107,50418107,0,FALSE,TRUE,HS_2603
C,A,20020101,2002,52,2002,894,ZMB,Zambia,X,Export,0,W00,World,0,W00,World,H2,HS,TRUE,2603,Copper ores and concentrates,4,FALSE,C00,TOTAL CPC,0,0,TOTAL MOT,8,kg,7458069,FALSE,8,kg,7458069,FALSE,7458069,FALSE,0,FALSE,0,3426338,3426338,0,FALSE,TRUE,HS_2603
C,A,20020101,2002,52,2002,32,ARG,Argentina,X,Export,0,W00,World,0,W00,World,H2,HS,TRUE,72,Iron and steel,2,FALSE,C00,TOTAL CPC,0,0,TOTAL MOT,-1,N/A,,FALSE,-1,N/A,,FALSE,,FALSE,,FALSE,,531865525,531865525,0,TRUE,FALSE,HS_72
C,A,20020101,2002,52,2002,48,BHR,Bahrain,X,Export,0,W00,World,0,W00,World,H2,HS,TRUE,72,Iron and steel,2,FALSE,C00,TOTAL CPC,0,0,TOTAL MOT,-1,N/A,,FALSE,-1,N/A,,FALSE,,FALSE,,FALSE,,20880263,20880263,0,TRUE,FALSE,HS_72
C,A,20020101,2002,52,2002,76,BRA,Brazil,X,Export,0,W00,World,0,W00,World,H2,HS,TRUE,72,Iron and steel,2,FALSE,C00,TOTAL CPC,0,0,TOTAL MOT,-1,N/A,0,FALSE,-1,N/A,0,FALSE,0,TRUE,0,FALSE,,3450811035,3450811035,4,FALSE,TRUE,HS_72
C,A,20020101,2002,52,2002,144,LKA,Sri Lanka,X,Export,0,W00,World,0,W00,World,H2,HS,TRUE,72,Iron and steel,2,FALSE,C00,TOTAL CPC,0,0,TOTAL MOT,-1,N/A,,FALSE,-1,N/A,,FALSE,,FALSE,,FALSE,,4355715,4355715,0,TRUE,FALSE,HS_72
C,A,20020101,2002,52,2002,152,CHL,Chile,X,Export,0,W00,World,0,W00,World,H2,HS,TRUE,72,Iron and steel,2,FALSE,C00,TOTAL CPC,0,0,TOTAL MOT,-1,N/A,,FALSE,-1,N/A,,FALSE,,FALSE,,FALSE,,64630056,64630056,0,TRUE,FALSE,HS_72
C,A,20020101,2002,52,2002,170,COL,Colombia,X,Export,0,W00,World,0,W00,World,H2,HS,TRUE,72,Iron and steel,2,FALSE,C00,TOTAL CPC,0,0,TOTAL MOT,-1,N/A,,FALSE,-1,N/A,,FALSE,,FALSE,,FALSE,,330316584,330316584,0,TRUE,FALSE,HS_72
C,A,20020101,2002,52,2002,218,ECU,Ecuador,X,Export,0,W00,World,0,W00,World,H2,HS,TRUE,72,Iron and steel,2,FALSE,C00,TOTAL CPC,0,0,TOTAL MOT,-1,N/A,,FALSE,-1,N/A,,FALSE,,FALSE,,FALSE,,5948733,5948733,0,TRUE,FALSE,HS_72
C,A,20020101,2002,52,2002,222,SLV,El Salvador,X,Export,0,W00,World,0,W00,World,H2,HS,TRUE,72,Iron and steel,2,FALSE,C00,TOTAL CPC,0,0,TOTAL MOT,-1,N/A,0,FALSE,-1,N/A,0,FALSE,0,TRUE,0,FALSE,0,59958941.02,59958941.02,4,FALSE,TRUE,HS_72
C,A,20020101,2002,52,2002,348,HUN,Hungary,X,Export,0,W00,World,0,W00,World,H2,HS,TRUE,72,Iron and steel,2,FALSE,C00,TOTAL CPC,0,0,TOTAL MOT,-1,N/A,,FALSE,-1,N/A,,FALSE,,FALSE,,FALSE,,379695000,379695000,0,TRUE,FALSE,HS_72
C,A,20020101,2002,52,2002,360,IDN,Indonesia,X,Export,0,W00,World,0,W00,World,H1,HS,TRUE,72,Iron and steel,2,FALSE,C00,TOTAL CPC,0,0,TOTAL MOT,-1,N/A,,FALSE,-1,N/A,,FALSE,,FALSE,,FALSE,,308128730,308128730,0,FALSE,FALSE,HS_72
C,A,20020101,2002,52,2002,384,CIV,Côte d'Ivoire,X,Export,0,W00,World,0,W00,World,H1,HS,TRUE,72,Iron and steel,2,FALSE,C00,TOTAL CPC,0,0,TOTAL MOT,-1,N/A,,FALSE,-1,N/A,,FALSE,,FALSE,,FALSE,,17010567,17010567,0,FALSE,FALSE,HS_72
C,A,20020101,2002,52,2002,398,KAZ,Kazakhstan,X,Export,0,W00,World,0,W00,World,H1,HS,TRUE,72,Iron and steel,2,FALSE,C00,TOTAL CPC,0,0,TOTAL MOT,-1,N/A,,FALSE,-1,N/A,,FALSE,,FALSE,,FALSE,,1136194800,1136194800,0,FALSE,FALSE,HS_72
C,A,20020101,2002,52,2002,484,MEX,Mexico,X,Export,0,W00,World,0,W00,World,H2,HS,TRUE,72,Iron and steel,2,FALSE,C00,TOTAL CPC,0,0,TOTAL MOT,-1,N/A,,FALSE,-1,N/A,,FALSE,,FALSE,,FALSE,,1342572603,1342572603,0,TRUE,FALSE,HS_72
C,A,20020101,2002,52,2002,504,MAR,Morocco,X,Export,0,W00,World,0,W00,World,H2,HS,TRUE,72,Iron and steel,2,FALSE,C00,TOTAL CPC,0,0,TOTAL MOT,-1,N/A,0,FALSE,-1,N/A,0,FALSE,0,TRUE,0,FALSE,0,56130403.334,56130403.334,4,FALSE,TRUE,HS_72
C,A,20020101,2002,52,2002,566,NGA,Nigeria,X,Export,0,W00,World,0,W00,World,H1,HS,TRUE,72,Iron and steel,2,FALSE,C00,TOTAL CPC,0,0,TOTAL MOT,-1,N/A,,FALSE,-1,N/A,,FALSE,,FALSE,,FALSE,,58854,58854,0,FALSE,FALSE,HS_72
C,A,20020101,2002,52,2002,591,PAN,Panama,X,Export,0,W00,World,0,W00,World,H1,HS,TRUE,72,Iron and steel,2,FALSE,C00,TOTAL CPC,0,0,TOTAL MOT,-1,N/A,,FALSE,-1,N/A,,FALSE,,FALSE,,FALSE,,1167353,1167353,0,FALSE,FALSE,HS_72
C,A,20020101,2002,52,2002,604,PER,Peru,X,Export,0,W00,World,0,W00,World,H2,HS,TRUE,72,Iron and steel,2,FALSE,C00,TOTAL CPC,0,0,TOTAL MOT,-1,N/A,,FALSE,-1,N/A,,FALSE,,FALSE,,FALSE,,29815588,29815588,0,TRUE,FALSE,HS_72
C,A,20020101,2002,52,2002,608,PHL,Philippines,X,Export,0,W00,World,0,W00,World,H1,HS,TRUE,72,Iron and steel,2,FALSE,C00,TOTAL CPC,0,0,TOTAL MOT,-1,N/A,,FALSE,-1,N/A,,FALSE,,FALSE,,FALSE,,44682456,44682456,0,FALSE,FALSE,HS_72
C,A,20020101,2002,52,2002,616,POL,Poland,X,Export,0,W00,World,0,W00,World,H2,HS,TRUE,72,Iron and steel,2,FALSE,C00,TOTAL CPC,0,0,TOTAL MOT,-1,N/A,,FALSE,-1,N/A,,FALSE,,FALSE,,FALSE,,1001673000,1001673000,0,TRUE,FALSE,HS_72
C,A,20020101,2002,52,2002,634,QAT,Qatar,X,Export,0,W00,World,0,W00,World,H1,HS,TRUE,72,Iron and steel,2,FALSE,C00,TOTAL CPC,0,0,TOTAL MOT,-1,N/A,,FALSE,-1,N/A,,FALSE,,FALSE,,FALSE,,177509360,177509360,0,FALSE,FALSE,HS_72
C,A,20020101,2002,52,2002,642,ROU,Romania,X,Export,0,W00,World,0,W00,World,H2,HS,TRUE,72,Iron and steel,2,FALSE,C00,TOTAL CPC,0,0,TOTAL MOT,-1,N/A,0,FALSE,-1,N/A,0,FALSE,0,TRUE,0,FALSE,0,970755769.64,970755769.64,4,FALSE,TRUE,HS_72
C,A,20020101,2002,52,2002,682,SAU,Saudi Arabia,X,Export,0,W00,World,0,W00,World,H2,HS,TRUE,72,Iron and steel,2,FALSE,C00,TOTAL CPC,0,0,TOTAL MOT,-1,N/A,,FALSE,-1,N/A,,FALSE,,FALSE,,FALSE,,173697550,173697550,0,TRUE,FALSE,HS_72
C,A,20020101,2002,52,2002,686,SEN,Senegal,X,Export,0,W00,World,0,W00,World,H1,HS,TRUE,72,Iron and steel,2,FALSE,C00,TOTAL CPC,0,0,TOTAL MOT,-1,N/A,,FALSE,-1,N/A,,FALSE,,FALSE,,FALSE,,8082785,8082785,0,FALSE,FALSE,HS_72
C,A,20020101,2002,52,2002,704,VNM,Viet Nam,X,Export,0,W00,World,0,W00,World,H1,HS,TRUE,72,Iron and steel,2,FALSE,C00,TOTAL CPC,0,0,TOTAL MOT,-1,N/A,,FALSE,-1,N/A,,FALSE,,FALSE,,FALSE,,29490159,29490159,0,FALSE,FALSE,HS_72
C,A,20020101,2002,52,2002,710,ZAF,South Africa,X,Export,0,W00,World,0,W00,World,H2,HS,TRUE,72,Iron and steel,2,FALSE,C00,TOTAL CPC,0,0,TOTAL MOT,-1,N/A,,FALSE,-1,N/A,,FALSE,,FALSE,,FALSE,,2356161026,2356161026,0,TRUE,FALSE,HS_72
C,A,20020101,2002,52,2002,784,ARE,United Arab Emirates,X,Export,0,W00,World,0,W00,World,H1,HS,TRUE,72,Iron and steel,2,FALSE,C00,TOTAL CPC,0,0,TOTAL MOT,-1,N/A,,FALSE,-1,N/A,,FALSE,,FALSE,,FALSE,,136308833,136308833,0,FALSE,FALSE,HS_72
C,A,20020101,2002,52,2002,792,TUR,Türkiye,X,Export,0,W00,World,0,W00,World,H2,HS,TRUE,72,Iron and steel,2,FALSE,C00,TOTAL CPC,0,0,TOTAL MOT,-1,N/A,0,FALSE,-1,N/A,0,FALSE,0,TRUE,0,FALSE,0,2269812581,2269812581,4,FALSE,TRUE,HS_72
C,A,20020101,2002,52,2002,818,EGY,Egypt,X,Export,0,W00,World,0,W00,World,H0,HS,TRUE,72,Iron and steel,2,FALSE,C00,TOTAL CPC,0,0,TOTAL MOT,-1,N/A,0,FALSE,-1,N/A,0,FALSE,0,FALSE,0,FALSE,0,234766319.811,234766319.811,0,FALSE,TRUE,HS_72
C,A,20020101,2002,52,2002,858,URY,Uruguay,X,Export,0,W00,World,0,W00,World,H2,HS,TRUE,72,Iron and steel,2,FALSE,C00,TOTAL CPC,0,0,TOTAL MOT,-1,N/A,,FALSE,-1,N/A,,FALSE,,FALSE,,FALSE,,2993681,2993681,0,TRUE,FALSE,HS_72
C,A,20020101,2002,52,2002,894,ZMB,Zambia,X,Export,0,W00,World,0,W00,World,H2,HS,TRUE,72,Iron and steel,2,FALSE,C00,TOTAL CPC,0,0,TOTAL MOT,-1,N/A,0,FALSE,-1,N/A,0,FALSE,0,TRUE,0,FALSE,0,2381176,2381176,4,FALSE,TRUE,HS_72
C,A,20020101,2002,52,2002,32,ARG,Argentina,X,Export,0,W00,World,0,W00,World,H2,HS,TRUE,73,Iron or steel articles,2,FALSE,C00,TOTAL CPC,0,0,TOTAL MOT,-1,N/A,,FALSE,-1,N/A,,FALSE,,FALSE,,FALSE,,588157544,588157544,0,TRUE,FALSE,HS_73
C,A,20020101,2002,52,2002,48,BHR,Bahrain,X,Export,0,W00,World,0,W00,World,H2,HS,TRUE,73,Iron or steel articles,2,FALSE,C00,TOTAL CPC,0,0,TOTAL MOT,-1,N/A,,FALSE,-1,N/A,,FALSE,,FALSE,,FALSE,,7661317,7661317,0,TRUE,FALSE,HS_73
C,A,20020101,2002,52,2002,76,BRA,Brazil,X,Export,0,W00,World,0,W00,World,H2,HS,TRUE,73,Iron or steel articles,2,FALSE,C00,TOTAL CPC,0,0,TOTAL MOT,-1,N/A,0,FALSE,-1,N/A,0,FALSE,0,TRUE,0,FALSE,,729059196,729059196,4,FALSE,TRUE,HS_73
C,A,20020101,2002,52,2002,144,LKA,Sri Lanka,X,Export,0,W00,World,0,W00,World,H2,HS,TRUE,73,Iron or steel articles,2,FALSE,C00,TOTAL CPC,0,0,TOTAL MOT,-1,N/A,,FALSE,-1,N/A,,FALSE,,FALSE,,FALSE,,10326677,10326677,0,TRUE,FALSE,HS_73
C,A,20020101,2002,52,2002,152,CHL,Chile,X,Export,0,W00,World,0,W00,World,H2,HS,TRUE,73,Iron or steel articles,2,FALSE,C00,TOTAL CPC,0,0,TOTAL MOT,-1,N/A,,FALSE,-1,N/A,,FALSE,,FALSE,,FALSE,,71624902,71624902,0,TRUE,FALSE,HS_73
C,A,20020101,2002,52,2002,170,COL,Colombia,X,Export,0,W00,World,0,W00,World,H2,HS,TRUE,73,Iron or steel articles,2,FALSE,C00,TOTAL CPC,0,0,TOTAL MOT,-1,N/A,,FALSE,-1,N/A,,FALSE,,FALSE,,FALSE,,111139058,111139058,0,TRUE,FALSE,HS_73
C,A,20020101,2002,52,2002,218,ECU,Ecuador,X,Export,0,W00,World,0,W00,World,H2,HS,TRUE,73,Iron or steel articles,2,FALSE,C00,TOTAL CPC,0,0,TOTAL MOT,-1,N/A,,FALSE,-1,N/A,,FALSE,,FALSE,,FALSE,,31467401,31467401,0,TRUE,FALSE,HS_73
C,A,20020101,2002,52,2002,222,SLV,El Salvador,X,Export,0,W00,World,0,W00,World,H2,HS,TRUE,73,Iron or steel articles,2,FALSE,C00,TOTAL CPC,0,0,TOTAL MOT,-1,N/A,0,FALSE,-1,N/A,0,FALSE,0,FALSE,0,FALSE,0,14136791.66,14136791.66,0,FALSE,TRUE,HS_73
C,A,20020101,2002,52,2002,348,HUN,Hungary,X,Export,0,W00,World,0,W00,World,H2,HS,TRUE,73,Iron or steel articles,2,FALSE,C00,TOTAL CPC,0,0,TOTAL MOT,-1,N/A,,FALSE,-1,N/A,,FALSE,,FALSE,,FALSE,,487278000,487278000,0,TRUE,FALSE,HS_73
C,A,20020101,2002,52,2002,360,IDN,Indonesia,X,Export,0,W00,World,0,W00,World,H1,HS,TRUE,73,Iron or steel articles,2,FALSE,C00,TOTAL CPC,0,0,TOTAL MOT,-1,N/A,,FALSE,-1,N/A,,FALSE,,FALSE,,FALSE,,404971102,404971102,0,FALSE,FALSE,HS_73
C,A,20020101,2002,52,2002,384,CIV,Côte d'Ivoire,X,Export,0,W00,World,0,W00,World,H1,HS,TRUE,73,Iron or steel articles,2,FALSE,C00,TOTAL CPC,0,0,TOTAL MOT,-1,N/A,,FALSE,-1,N/A,,FALSE,,FALSE,,FALSE,,13756744,13756744,0,FALSE,FALSE,HS_73
C,A,20020101,2002,52,2002,398,KAZ,Kazakhstan,X,Export,0,W00,World,0,W00,World,H1,HS,TRUE,73,Iron or steel articles,2,FALSE,C00,TOTAL CPC,0,0,TOTAL MOT,-1,N/A,,FALSE,-1,N/A,,FALSE,,FALSE,,FALSE,,25891500,25891500,0,FALSE,FALSE,HS_73
C,A,20020101,2002,52,2002,484,MEX,Mexico,X,Export,0,W00,World,0,W00,World,H2,HS,TRUE,73,Iron or steel articles,2,FALSE,C00,TOTAL CPC,0,0,TOTAL MOT,-1,N/A,,FALSE,-1,N/A,,FALSE,,FALSE,,FALSE,,2305580033,2305580033,0,TRUE,FALSE,HS_73
C,A,20020101,2002,52,2002,504,MAR,Morocco,X,Export,0,W00,World,0,W00,World,H2,HS,TRUE,73,Iron or steel articles,2,FALSE,C00,TOTAL CPC,0,0,TOTAL MOT,-1,N/A,0,FALSE,-1,N/A,0,FALSE,0,TRUE,0,FALSE,0,23422465.566,23422465.566,4,FALSE,TRUE,HS_73
C,A,20020101,2002,52,2002,566,NGA,Nigeria,X,Export,0,W00,World,0,W00,World,H1,HS,TRUE,73,Iron or steel articles,2,FALSE,C00,TOTAL CPC,0,0,TOTAL MOT,-1,N/A,,FALSE,-1,N/A,,FALSE,,FALSE,,FALSE,,5556923,5556923,0,FALSE,FALSE,HS_73
C,A,20020101,2002,52,2002,591,PAN,Panama,X,Export,0,W00,World,0,W00,World,H1,HS,TRUE,73,Iron or steel articles,2,FALSE,C00,TOTAL CPC,0,0,TOTAL MOT,-1,N/A,,FALSE,-1,N/A,,FALSE,,FALSE,,FALSE,,1956313,1956313,0,FALSE,FALSE,HS_73
C,A,20020101,2002,52,2002,604,PER,Peru,X,Export,0,W00,World,0,W00,World,H2,HS,TRUE,73,Iron or steel articles,2,FALSE,C00,TOTAL CPC,0,0,TOTAL MOT,-1,N/A,,FALSE,-1,N/A,,FALSE,,FALSE,,FALSE,,19844511,19844511,0,TRUE,FALSE,HS_73
C,A,20020101,2002,52,2002,608,PHL,Philippines,X,Export,0,W00,World,0,W00,World,H1,HS,TRUE,73,Iron or steel articles,2,FALSE,C00,TOTAL CPC,0,0,TOTAL MOT,-1,N/A,,FALSE,-1,N/A,,FALSE,,FALSE,,FALSE,,61432528,61432528,0,FALSE,FALSE,HS_73
C,A,20020101,2002,52,2002,616,POL,Poland,X,Export,0,W00,World,0,W00,World,H2,HS,TRUE,73,Iron or steel articles,2,FALSE,C00,TOTAL CPC,0,0,TOTAL MOT,-1,N/A,,FALSE,-1,N/A,,FALSE,,FALSE,,FALSE,,1671539000,1671539000,0,TRUE,FALSE,HS_73
C,A,20020101,2002,52,2002,634,QAT,Qatar,X,Export,0,W00,World,0,W00,World,H1,HS,TRUE,73,Iron or steel articles,2,FALSE,C00,TOTAL CPC,0,0,TOTAL MOT,-1,N/A,,FALSE,-1,N/A,,FALSE,,FALSE,,FALSE,,58344912,58344912,0,FALSE,FALSE,HS_73
C,A,20020101,2002,52,2002,642,ROU,Romania,X,Export,0,W00,World,0,W00,World,H2,HS,TRUE,73,Iron or steel articles,2,FALSE,C00,TOTAL CPC,0,0,TOTAL MOT,-1,N/A,0,FALSE,-1,N/A,0,FALSE,0,TRUE,0,FALSE,0,396669093.01,396669093.01,4,FALSE,TRUE,HS_73
C,A,20020101,2002,52,2002,682,SAU,Saudi Arabia,X,Export,0,W00,World,0,W00,World,H2,HS,TRUE,73,Iron or steel articles,2,FALSE,C00,TOTAL CPC,0,0,TOTAL MOT,-1,N/A,,FALSE,-1,N/A,,FALSE,,FALSE,,FALSE,,319880667,319880667,0,TRUE,FALSE,HS_73
C,A,20020101,2002,52,2002,686,SEN,Senegal,X,Export,0,W00,World,0,W00,World,H1,HS,TRUE,73,Iron or steel articles,2,FALSE,C00,TOTAL CPC,0,0,TOTAL MOT,-1,N/A,,FALSE,-1,N/A,,FALSE,,FALSE,,FALSE,,3291443,3291443,0,FALSE,FALSE,HS_73
C,A,20020101,2002,52,2002,704,VNM,Viet Nam,X,Export,0,W00,World,0,W00,World,H1,HS,TRUE,73,Iron or steel articles,2,FALSE,C00,TOTAL CPC,0,0,TOTAL MOT,-1,N/A,,FALSE,-1,N/A,,FALSE,,FALSE,,FALSE,,118851256,118851256,0,FALSE,FALSE,HS_73
C,A,20020101,2002,52,2002,710,ZAF,South Africa,X,Export,0,W00,World,0,W00,World,H2,HS,TRUE,73,Iron or steel articles,2,FALSE,C00,TOTAL CPC,0,0,TOTAL MOT,-1,N/A,,FALSE,-1,N/A,,FALSE,,FALSE,,FALSE,,358209273,358209273,0,TRUE,FALSE,HS_73
C,A,20020101,2002,52,2002,784,ARE,United Arab Emirates,X,Export,0,W00,World,0,W00,World,H1,HS,TRUE,73,Iron or steel articles,2,FALSE,C00,TOTAL CPC,0,0,TOTAL MOT,-1,N/A,,FALSE,-1,N/A,,FALSE,,FALSE,,FALSE,,318353312,318353312,0,FALSE,FALSE,HS_73
C,A,20020101,2002,52,2002,792,TUR,Türkiye,X,Export,0,W00,World,0,W00,World,H2,HS,TRUE,73,Iron or steel articles,2,FALSE,C00,TOTAL CPC,0,0,TOTAL MOT,-1,N/A,0,FALSE,-1,N/A,0,FALSE,0,FALSE,0,FALSE,0,1243852048,1243852048,0,FALSE,TRUE,HS_73
C,A,20020101,2002,52,2002,818,EGY,Egypt,X,Export,0,W00,World,0,W00,World,H0,HS,TRUE,73,Iron or steel articles,2,FALSE,C00,TOTAL CPC,0,0,TOTAL MOT,-1,N/A,0,FALSE,-1,N/A,0,FALSE,0,TRUE,0,FALSE,0,27307134.026,27307134.026,4,FALSE,TRUE,HS_73
C,A,20020101,2002,52,2002,858,URY,Uruguay,X,Export,0,W00,World,0,W00,World,H2,HS,TRUE,73,Iron or steel articles,2,FALSE,C00,TOTAL CPC,0,0,TOTAL MOT,-1,N/A,,FALSE,-1,N/A,,FALSE,,FALSE,,FALSE,,10785903,10785903,0,TRUE,FALSE,HS_73
C,A,20020101,2002,52,2002,894,ZMB,Zambia,X,Export,0,W00,World,0,W00,World,H2,HS,TRUE,73,Iron or steel articles,2,FALSE,C00,TOTAL CPC,0,0,TOTAL MOT,-1,N/A,0,FALSE,-1,N/A,0,FALSE,0,TRUE,0,FALSE,0,2766482,2766482,4,FALSE,TRUE,HS_73
C,A,20020101,2002,52,2002,32,ARG,Argentina,X,Export,0,W00,World,0,W00,World,H2,HS,TRUE,2601,Iron ores and concentrates; including roasted iron pyrites,4,FALSE,C00,TOTAL CPC,0,0,TOTAL MOT,8,kg,242,FALSE,-1,N/A,,FALSE,242,FALSE,,FALSE,,836,836,0,TRUE,FALSE,HS_2601
C,A,20020101,2002,52,2002,48,BHR,Bahrain,X,Export,0,W00,World,0,W00,World,H2,HS,TRUE,2601,Iron ores and concentrates; including roasted iron pyrites,4,FALSE,C00,TOTAL CPC,0,0,TOTAL MOT,8,kg,3596350000,FALSE,-1,N/A,,FALSE,3596350000,FALSE,,FALSE,,197867636,197867636,0,TRUE,FALSE,HS_2601
C,A,20020101,2002,52,2002,76,BRA,Brazil,X,Export,0,W00,World,0,W00,World,H2,HS,TRUE,2601,Iron ores and concentrates; including roasted iron pyrites,4,FALSE,C00,TOTAL CPC,0,0,TOTAL MOT,-1,N/A,0,FALSE,8,kg,845434750,FALSE,166527494323,FALSE,0,FALSE,,3048850425,3048850425,0,FALSE,TRUE,HS_2601
C,A,20020101,2002,52,2002,152,CHL,Chile,X,Export,0,W00,World,0,W00,World,H2,HS,TRUE,2601,Iron ores and concentrates; including roasted iron pyrites,4,FALSE,C00,TOTAL CPC,0,0,TOTAL MOT,8,kg,5755595913,TRUE,-1,N/A,,FALSE,5755595913,TRUE,,FALSE,,140028683,140028683,6,TRUE,FALSE,HS_2601
C,A,20020101,2002,52,2002,360,IDN,Indonesia,X,Export,0,W00,World,0,W00,World,H1,HS,TRUE,2601,Iron ores and concentrates; including roasted iron pyrites,4,FALSE,C00,TOTAL CPC,0,0,TOTAL MOT,8,kg,1e+05,FALSE,-1,N/A,,FALSE,1e+05,FALSE,,FALSE,,16315,16315,0,FALSE,FALSE,HS_2601
C,A,20020101,2002,52,2002,398,KAZ,Kazakhstan,X,Export,0,W00,World,0,W00,World,H1,HS,TRUE,2601,Iron ores and concentrates; including roasted iron pyrites,4,FALSE,C00,TOTAL CPC,0,0,TOTAL MOT,8,kg,9022372200,FALSE,-1,N/A,,FALSE,9022372200,FALSE,,FALSE,,110023400,110023400,0,FALSE,FALSE,HS_2601
C,A,20020101,2002,52,2002,484,MEX,Mexico,X,Export,0,W00,World,0,W00,World,H2,HS,TRUE,2601,Iron ores and concentrates; including roasted iron pyrites,4,FALSE,C00,TOTAL CPC,0,0,TOTAL MOT,8,kg,371709980,FALSE,-1,N/A,,FALSE,371709980,FALSE,,FALSE,,8403538,8403538,0,TRUE,FALSE,HS_2601
C,A,20020101,2002,52,2002,604,PER,Peru,X,Export,0,W00,World,0,W00,World,H2,HS,TRUE,2601,Iron ores and concentrates; including roasted iron pyrites,4,FALSE,C00,TOTAL CPC,0,0,TOTAL MOT,8,kg,4383891806,FALSE,-1,N/A,,FALSE,4383891806,FALSE,,FALSE,,82597784,82597784,0,TRUE,FALSE,HS_2601
C,A,20020101,2002,52,2002,608,PHL,Philippines,X,Export,0,W00,World,0,W00,World,H1,HS,TRUE,2601,Iron ores and concentrates; including roasted iron pyrites,4,FALSE,C00,TOTAL CPC,0,0,TOTAL MOT,8,kg,3786416175,FALSE,-1,N/A,,FALSE,3786416175,FALSE,,FALSE,,59122890,59122890,0,FALSE,FALSE,HS_2601
C,A,20020101,2002,52,2002,642,ROU,Romania,X,Export,0,W00,World,0,W00,World,H2,HS,TRUE,2601,Iron ores and concentrates; including roasted iron pyrites,4,FALSE,C00,TOTAL CPC,0,0,TOTAL MOT,8,kg,4005460,FALSE,8,kg,4005460,FALSE,4005460,FALSE,0,FALSE,0,140170.36,140170.36,0,FALSE,TRUE,HS_2601
C,A,20020101,2002,52,2002,682,SAU,Saudi Arabia,X,Export,0,W00,World,0,W00,World,H2,HS,TRUE,2601,Iron ores and concentrates; including roasted iron pyrites,4,FALSE,C00,TOTAL CPC,0,0,TOTAL MOT,8,kg,27173000,FALSE,-1,N/A,,FALSE,27173000,FALSE,,FALSE,,391734,391734,0,TRUE,FALSE,HS_2601
C,A,20020101,2002,52,2002,704,VNM,Viet Nam,X,Export,0,W00,World,0,W00,World,H1,HS,TRUE,2601,Iron ores and concentrates; including roasted iron pyrites,4,FALSE,C00,TOTAL CPC,0,0,TOTAL MOT,8,kg,306156669,TRUE,-1,N/A,,FALSE,306156669,TRUE,,FALSE,,5175229,5175229,6,FALSE,FALSE,HS_2601
C,A,20020101,2002,52,2002,710,ZAF,South Africa,X,Export,0,W00,World,0,W00,World,H2,HS,TRUE,2601,Iron ores and concentrates; including roasted iron pyrites,4,FALSE,C00,TOTAL CPC,0,0,TOTAL MOT,8,kg,22994496574,FALSE,-1,N/A,,FALSE,22994496574,FALSE,,FALSE,,418186217,418186217,0,TRUE,FALSE,HS_2601
C,A,20020101,2002,52,2002,784,ARE,United Arab Emirates,X,Export,0,W00,World,0,W00,World,H1,HS,TRUE,2601,Iron ores and concentrates; including roasted iron pyrites,4,FALSE,C00,TOTAL CPC,0,0,TOTAL MOT,-1,N/A,,FALSE,-1,N/A,,FALSE,41876,FALSE,,FALSE,,9122,9122,0,FALSE,FALSE,HS_2601
C,A,20020101,2002,52,2002,792,TUR,Türkiye,X,Export,0,W00,World,0,W00,World,H2,HS,TRUE,2601,Iron ores and concentrates; including roasted iron pyrites,4,FALSE,C00,TOTAL CPC,0,0,TOTAL MOT,8,kg,474720,FALSE,8,kg,474720,FALSE,474720,FALSE,0,FALSE,0,69958,69958,0,FALSE,TRUE,HS_2601
C,A,20020101,2002,52,2002,32,ARG,Argentina,X,Export,0,W00,World,0,W00,World,H2,HS,TRUE,71,"Natural, cultured pearls; precious, semi-precious stones; precious metals, metals clad with precious metal, and articles thereof; imitation jewellery; coin",2,FALSE,C00,TOTAL CPC,0,0,TOTAL MOT,-1,N/A,,FALSE,-1,N/A,,FALSE,,FALSE,,FALSE,,117428908,117428908,0,TRUE,FALSE,HS_71
C,A,20020101,2002,52,2002,48,BHR,Bahrain,X,Export,0,W00,World,0,W00,World,H2,HS,TRUE,71,"Natural, cultured pearls; precious, semi-precious stones; precious metals, metals clad with precious metal, and articles thereof; imitation jewellery; coin",2,FALSE,C00,TOTAL CPC,0,0,TOTAL MOT,-1,N/A,,FALSE,-1,N/A,,FALSE,,FALSE,,FALSE,,2926274,2926274,0,TRUE,FALSE,HS_71
C,A,20020101,2002,52,2002,76,BRA,Brazil,X,Export,0,W00,World,0,W00,World,H2,HS,TRUE,71,"Natural, cultured pearls; precious, semi-precious stones; precious metals, metals clad with precious metal, and articles thereof; imitation jewellery; coin",2,FALSE,C00,TOTAL CPC,0,0,TOTAL MOT,-1,N/A,0,FALSE,-1,N/A,0,FALSE,0,TRUE,0,FALSE,,641080569,641080569,4,FALSE,TRUE,HS_71
C,A,20020101,2002,52,2002,144,LKA,Sri Lanka,X,Export,0,W00,World,0,W00,World,H2,HS,TRUE,71,"Natural, cultured pearls; precious, semi-precious stones; precious metals, metals clad with precious metal, and articles thereof; imitation jewellery; coin",2,FALSE,C00,TOTAL CPC,0,0,TOTAL MOT,-1,N/A,,FALSE,-1,N/A,,FALSE,,FALSE,,FALSE,,314782188,314782188,0,TRUE,FALSE,HS_71
C,A,20020101,2002,52,2002,152,CHL,Chile,X,Export,0,W00,World,0,W00,World,H2,HS,TRUE,71,"Natural, cultured pearls; precious, semi-precious stones; precious metals, metals clad with precious metal, and articles thereof; imitation jewellery; coin",2,FALSE,C00,TOTAL CPC,0,0,TOTAL MOT,-1,N/A,,FALSE,-1,N/A,,FALSE,,FALSE,,FALSE,,346310433,346310433,0,TRUE,FALSE,HS_71
C,A,20020101,2002,52,2002,170,COL,Colombia,X,Export,0,W00,World,0,W00,World,H2,HS,TRUE,71,"Natural, cultured pearls; precious, semi-precious stones; precious metals, metals clad with precious metal, and articles thereof; imitation jewellery; coin",2,FALSE,C00,TOTAL CPC,0,0,TOTAL MOT,-1,N/A,,FALSE,-1,N/A,,FALSE,,FALSE,,FALSE,,238686545,238686545,0,TRUE,FALSE,HS_71
C,A,20020101,2002,52,2002,218,ECU,Ecuador,X,Export,0,W00,World,0,W00,World,H2,HS,TRUE,71,"Natural, cultured pearls; precious, semi-precious stones; precious metals, metals clad with precious metal, and articles thereof; imitation jewellery; coin",2,FALSE,C00,TOTAL CPC,0,0,TOTAL MOT,-1,N/A,,FALSE,-1,N/A,,FALSE,,FALSE,,FALSE,,21754470,21754470,0,TRUE,FALSE,HS_71
C,A,20020101,2002,52,2002,222,SLV,El Salvador,X,Export,0,W00,World,0,W00,World,H2,HS,TRUE,71,"Natural, cultured pearls; precious, semi-precious stones; precious metals, metals clad with precious metal, and articles thereof; imitation jewellery; coin",2,FALSE,C00,TOTAL CPC,0,0,TOTAL MOT,-1,N/A,0,FALSE,-1,N/A,0,FALSE,0,FALSE,0,FALSE,0,208599.2,208599.2,0,FALSE,TRUE,HS_71
C,A,20020101,2002,52,2002,348,HUN,Hungary,X,Export,0,W00,World,0,W00,World,H2,HS,TRUE,71,"Natural, cultured pearls; precious, semi-precious stones; precious metals, metals clad with precious metal, and articles thereof; imitation jewellery; coin",2,FALSE,C00,TOTAL CPC,0,0,TOTAL MOT,-1,N/A,,FALSE,-1,N/A,,FALSE,8100,FALSE,,FALSE,,14747000,14747000,0,TRUE,FALSE,HS_71
C,A,20020101,2002,52,2002,360,IDN,Indonesia,X,Export,0,W00,World,0,W00,World,H1,HS,TRUE,71,"Natural, cultured pearls; precious, semi-precious stones; precious metals, metals clad with precious metal, and articles thereof; imitation jewellery; coin",2,FALSE,C00,TOTAL CPC,0,0,TOTAL MOT,-1,N/A,,FALSE,-1,N/A,,FALSE,,FALSE,,FALSE,,396876700,396876700,0,FALSE,FALSE,HS_71
C,A,20020101,2002,52,2002,384,CIV,Côte d'Ivoire,X,Export,0,W00,World,0,W00,World,H1,HS,TRUE,71,"Natural, cultured pearls; precious, semi-precious stones; precious metals, metals clad with precious metal, and articles thereof; imitation jewellery; coin",2,FALSE,C00,TOTAL CPC,0,0,TOTAL MOT,-1,N/A,,FALSE,-1,N/A,,FALSE,,FALSE,,FALSE,,31569662,31569662,0,FALSE,FALSE,HS_71
C,A,20020101,2002,52,2002,398,KAZ,Kazakhstan,X,Export,0,W00,World,0,W00,World,H1,HS,TRUE,71,"Natural, cultured pearls; precious, semi-precious stones; precious metals, metals clad with precious metal, and articles thereof; imitation jewellery; coin",2,FALSE,C00,TOTAL CPC,0,0,TOTAL MOT,-1,N/A,,FALSE,-1,N/A,,FALSE,,FALSE,,FALSE,,250690800,250690800,0,FALSE,FALSE,HS_71
C,A,20020101,2002,52,2002,484,MEX,Mexico,X,Export,0,W00,World,0,W00,World,H2,HS,TRUE,71,"Natural, cultured pearls; precious, semi-precious stones; precious metals, metals clad with precious metal, and articles thereof; imitation jewellery; coin",2,FALSE,C00,TOTAL CPC,0,0,TOTAL MOT,-1,N/A,,FALSE,-1,N/A,,FALSE,,FALSE,,FALSE,,991537431,991537431,0,TRUE,FALSE,HS_71
C,A,20020101,2002,52,2002,504,MAR,Morocco,X,Export,0,W00,World,0,W00,World,H2,HS,TRUE,71,"Natural, cultured pearls; precious, semi-precious stones; precious metals, metals clad with precious metal, and articles thereof; imitation jewellery; coin",2,FALSE,C00,TOTAL CPC,0,0,TOTAL MOT,-1,N/A,0,FALSE,-1,N/A,0,FALSE,0,FALSE,0,FALSE,0,84668163.502,84668163.502,0,FALSE,TRUE,HS_71
C,A,20020101,2002,52,2002,591,PAN,Panama,X,Export,0,W00,World,0,W00,World,H1,HS,TRUE,71,"Natural, cultured pearls; precious, semi-precious stones; precious metals, metals clad with precious metal, and articles thereof; imitation jewellery; coin",2,FALSE,C00,TOTAL CPC,0,0,TOTAL MOT,-1,N/A,,FALSE,-1,N/A,,FALSE,,FALSE,,FALSE,,2739345,2739345,0,FALSE,FALSE,HS_71
C,A,20020101,2002,52,2002,604,PER,Peru,X,Export,0,W00,World,0,W00,World,H2,HS,TRUE,71,"Natural, cultured pearls; precious, semi-precious stones; precious metals, metals clad with precious metal, and articles thereof; imitation jewellery; coin",2,FALSE,C00,TOTAL CPC,0,0,TOTAL MOT,-1,N/A,,FALSE,-1,N/A,,FALSE,,FALSE,,FALSE,,1725716368,1725716368,0,TRUE,FALSE,HS_71
C,A,20020101,2002,52,2002,608,PHL,Philippines,X,Export,0,W00,World,0,W00,World,H1,HS,TRUE,71,"Natural, cultured pearls; precious, semi-precious stones; precious metals, metals clad with precious metal, and articles thereof; imitation jewellery; coin",2,FALSE,C00,TOTAL CPC,0,0,TOTAL MOT,-1,N/A,,FALSE,-1,N/A,,FALSE,,FALSE,,FALSE,,148380428,148380428,0,FALSE,FALSE,HS_71
C,A,20020101,2002,52,2002,616,POL,Poland,X,Export,0,W00,World,0,W00,World,H2,HS,TRUE,71,"Natural, cultured pearls; precious, semi-precious stones; precious metals, metals clad with precious metal, and articles thereof; imitation jewellery; coin",2,FALSE,C00,TOTAL CPC,0,0,TOTAL MOT,-1,N/A,,FALSE,-1,N/A,,FALSE,,FALSE,,FALSE,,228979000,228979000,0,TRUE,FALSE,HS_71
C,A,20020101,2002,52,2002,634,QAT,Qatar,X,Export,0,W00,World,0,W00,World,H1,HS,TRUE,71,"Natural, cultured pearls; precious, semi-precious stones; precious metals, metals clad with precious metal, and articles thereof; imitation jewellery; coin",2,FALSE,C00,TOTAL CPC,0,0,TOTAL MOT,-1,N/A,,FALSE,-1,N/A,,FALSE,,FALSE,,FALSE,,5287105,5287105,0,FALSE,FALSE,HS_71
C,A,20020101,2002,52,2002,682,SAU,Saudi Arabia,X,Export,0,W00,World,0,W00,World,H2,HS,TRUE,71,"Natural, cultured pearls; precious, semi-precious stones; precious metals, metals clad with precious metal, and articles thereof; imitation jewellery; coin",2,FALSE,C00,TOTAL CPC,0,0,TOTAL MOT,-1,N/A,,FALSE,-1,N/A,,FALSE,,FALSE,,FALSE,,84553706,84553706,0,TRUE,FALSE,HS_71
C,A,20020101,2002,52,2002,686,SEN,Senegal,X,Export,0,W00,World,0,W00,World,H1,HS,TRUE,71,"Natural, cultured pearls; precious, semi-precious stones; precious metals, metals clad with precious metal, and articles thereof; imitation jewellery; coin",2,FALSE,C00,TOTAL CPC,0,0,TOTAL MOT,-1,N/A,,FALSE,-1,N/A,,FALSE,,FALSE,,FALSE,,113518,113518,0,FALSE,FALSE,HS_71
C,A,20020101,2002,52,2002,704,VNM,Viet Nam,X,Export,0,W00,World,0,W00,World,H1,HS,TRUE,71,"Natural, cultured pearls; precious, semi-precious stones; precious metals, metals clad with precious metal, and articles thereof; imitation jewellery; coin",2,FALSE,C00,TOTAL CPC,0,0,TOTAL MOT,-1,N/A,,FALSE,-1,N/A,,FALSE,,FALSE,,FALSE,,79114998,79114998,0,FALSE,FALSE,HS_71
C,A,20020101,2002,52,2002,710,ZAF,South Africa,X,Export,0,W00,World,0,W00,World,H2,HS,TRUE,71,"Natural, cultured pearls; precious, semi-precious stones; precious metals, metals clad with precious metal, and articles thereof; imitation jewellery; coin",2,FALSE,C00,TOTAL CPC,0,0,TOTAL MOT,-1,N/A,,FALSE,-1,N/A,,FALSE,,FALSE,,FALSE,,1797356295,1797356295,0,TRUE,FALSE,HS_71
C,A,20020101,2002,52,2002,784,ARE,United Arab Emirates,X,Export,0,W00,World,0,W00,World,H1,HS,TRUE,71,"Natural, cultured pearls; precious, semi-precious stones; precious metals, metals clad with precious metal, and articles thereof; imitation jewellery; coin",2,FALSE,C00,TOTAL CPC,0,0,TOTAL MOT,-1,N/A,,FALSE,-1,N/A,,FALSE,,FALSE,,FALSE,,1300202896,1300202896,0,FALSE,FALSE,HS_71
C,A,20020101,2002,52,2002,792,TUR,Türkiye,X,Export,0,W00,World,0,W00,World,H2,HS,TRUE,71,"Natural, cultured pearls; precious, semi-precious stones; precious metals, metals clad with precious metal, and articles thereof; imitation jewellery; coin",2,FALSE,C00,TOTAL CPC,0,0,TOTAL MOT,-1,N/A,0,FALSE,-1,N/A,0,FALSE,0,FALSE,0,FALSE,0,641209085,641209085,0,FALSE,TRUE,HS_71
C,A,20020101,2002,52,2002,818,EGY,Egypt,X,Export,0,W00,World,0,W00,World,H0,HS,TRUE,71,"Natural, cultured pearls; precious, semi-precious stones; precious metals, metals clad with precious metal, and articles thereof; imitation jewellery; coin",2,FALSE,C00,TOTAL CPC,0,0,TOTAL MOT,-1,N/A,0,FALSE,-1,N/A,0,FALSE,0,FALSE,0,FALSE,0,130449231.853,130449231.853,0,FALSE,TRUE,HS_71
C,A,20020101,2002,52,2002,858,URY,Uruguay,X,Export,0,W00,World,0,W00,World,H2,HS,TRUE,71,"Natural, cultured pearls; precious, semi-precious stones; precious metals, metals clad with precious metal, and articles thereof; imitation jewellery; coin",2,FALSE,C00,TOTAL CPC,0,0,TOTAL MOT,-1,N/A,,FALSE,-1,N/A,,FALSE,,FALSE,,FALSE,,21921655,21921655,0,TRUE,FALSE,HS_71
C,A,20020101,2002,52,2002,894,ZMB,Zambia,X,Export,0,W00,World,0,W00,World,H2,HS,TRUE,71,"Natural, cultured pearls; precious, semi-precious stones; precious metals, metals clad with precious metal, and articles thereof; imitation jewellery; coin",2,FALSE,C00,TOTAL CPC,0,0,TOTAL MOT,-1,N/A,0,FALSE,-1,N/A,0,FALSE,0,TRUE,0,FALSE,0,72379281,72379281,4,FALSE,TRUE,HS_71
C,A,20020101,2002,52,2002,32,ARG,Argentina,X,Export,0,W00,World,0,W00,World,H2,HS,TRUE,7108,"Gold (including gold plated with platinum) unwrought or in semi-manufactured forms, or in powder form",4,FALSE,C00,TOTAL CPC,0,0,TOTAL MOT,8,kg,11611,TRUE,-1,N/A,,FALSE,11611,TRUE,,FALSE,,113435054,113435054,6,TRUE,FALSE,HS_7108
C,A,20020101,2002,52,2002,76,BRA,Brazil,X,Export,0,W00,World,0,W00,World,H2,HS,TRUE,7108,"Gold (including gold plated with platinum) unwrought or in semi-manufactured forms, or in powder form",4,FALSE,C00,TOTAL CPC,0,0,TOTAL MOT,8,kg,2587217,FALSE,8,kg,5120705,FALSE,35418,FALSE,0,FALSE,,349176578,349176578,0,FALSE,TRUE,HS_7108
C,A,20020101,2002,52,2002,144,LKA,Sri Lanka,X,Export,0,W00,World,0,W00,World,H2,HS,TRUE,7108,"Gold (including gold plated with platinum) unwrought or in semi-manufactured forms, or in powder form",4,FALSE,C00,TOTAL CPC,0,0,TOTAL MOT,8,kg,2,FALSE,-1,N/A,,FALSE,2,FALSE,,FALSE,,26805,26805,0,TRUE,FALSE,HS_7108
C,A,20020101,2002,52,2002,152,CHL,Chile,X,Export,0,W00,World,0,W00,World,H2,HS,TRUE,7108,"Gold (including gold plated with platinum) unwrought or in semi-manufactured forms, or in powder form",4,FALSE,C00,TOTAL CPC,0,0,TOTAL MOT,8,kg,24625,TRUE,-1,N/A,,FALSE,24625,TRUE,,FALSE,,240580873,240580873,6,TRUE,FALSE,HS_7108
C,A,20020101,2002,52,2002,170,COL,Colombia,X,Export,0,W00,World,0,W00,World,H2,HS,TRUE,7108,"Gold (including gold plated with platinum) unwrought or in semi-manufactured forms, or in powder form",4,FALSE,C00,TOTAL CPC,0,0,TOTAL MOT,8,kg,11197,FALSE,-1,N/A,,FALSE,11197,FALSE,,FALSE,,94425912,94425912,0,TRUE,FALSE,HS_7108
C,A,20020101,2002,52,2002,218,ECU,Ecuador,X,Export,0,W00,World,0,W00,World,H2,HS,TRUE,7108,"Gold (including gold plated with platinum) unwrought or in semi-manufactured forms, or in powder form",4,FALSE,C00,TOTAL CPC,0,0,TOTAL MOT,8,kg,1218376,FALSE,-1,N/A,,FALSE,1218376,FALSE,,FALSE,,12942184,12942184,0,TRUE,FALSE,HS_7108
C,A,20020101,2002,52,2002,348,HUN,Hungary,X,Export,0,W00,World,0,W00,World,H2,HS,TRUE,7108,"Gold (including gold plated with platinum) unwrought or in semi-manufactured forms, or in powder form",4,FALSE,C00,TOTAL CPC,0,0,TOTAL MOT,8,kg,842,TRUE,-1,N/A,,FALSE,842,TRUE,,FALSE,,7658000,7658000,6,TRUE,FALSE,HS_7108
C,A,20020101,2002,52,2002,360,IDN,Indonesia,X,Export,0,W00,World,0,W00,World,H1,HS,TRUE,7108,"Gold (including gold plated with platinum) unwrought or in semi-manufactured forms, or in powder form",4,FALSE,C00,TOTAL CPC,0,0,TOTAL MOT,8,kg,39432,FALSE,-1,N/A,,FALSE,39432,FALSE,,FALSE,,300847558,300847558,0,FALSE,FALSE,HS_7108
C,A,20020101,2002,52,2002,384,CIV,Côte d'Ivoire,X,Export,0,W00,World,0,W00,World,H1,HS,TRUE,7108,"Gold (including gold plated with platinum) unwrought or in semi-manufactured forms, or in powder form",4,FALSE,C00,TOTAL CPC,0,0,TOTAL MOT,8,kg,3516,FALSE,-1,N/A,,FALSE,3516,FALSE,,FALSE,,31541946,31541946,0,FALSE,FALSE,HS_7108
C,A,20020101,2002,52,2002,398,KAZ,Kazakhstan,X,Export,0,W00,World,0,W00,World,H1,HS,TRUE,7108,"Gold (including gold plated with platinum) unwrought or in semi-manufactured forms, or in powder form",4,FALSE,C00,TOTAL CPC,0,0,TOTAL MOT,8,kg,52048,TRUE,-1,N/A,,FALSE,52048,TRUE,,FALSE,,124683000,124683000,6,FALSE,FALSE,HS_7108
C,A,20020101,2002,52,2002,484,MEX,Mexico,X,Export,0,W00,World,0,W00,World,H2,HS,TRUE,7108,"Gold (including gold plated with platinum) unwrought or in semi-manufactured forms, or in powder form",4,FALSE,C00,TOTAL CPC,0,0,TOTAL MOT,8,kg,62143,FALSE,-1,N/A,,FALSE,62143,FALSE,,FALSE,,80204403,80204403,0,TRUE,FALSE,HS_7108
C,A,20020101,2002,52,2002,504,MAR,Morocco,X,Export,0,W00,World,0,W00,World,H2,HS,TRUE,7108,"Gold (including gold plated with platinum) unwrought or in semi-manufactured forms, or in powder form",4,FALSE,C00,TOTAL CPC,0,0,TOTAL MOT,8,kg,3212.797,TRUE,-1,N/A,0,FALSE,3212.797,TRUE,0,FALSE,0,26565789.936,26565789.936,6,FALSE,TRUE,HS_7108
C,A,20020101,2002,52,2002,591,PAN,Panama,X,Export,0,W00,World,0,W00,World,H1,HS,TRUE,7108,"Gold (including gold plated with platinum) unwrought or in semi-manufactured forms, or in powder form",4,FALSE,C00,TOTAL CPC,0,0,TOTAL MOT,8,kg,356,FALSE,-1,N/A,,FALSE,356,FALSE,,FALSE,,1922323,1922323,0,FALSE,FALSE,HS_7108
C,A,20020101,2002,52,2002,604,PER,Peru,X,Export,0,W00,World,0,W00,World,H2,HS,TRUE,7108,"Gold (including gold plated with platinum) unwrought or in semi-manufactured forms, or in powder form",4,FALSE,C00,TOTAL CPC,0,0,TOTAL MOT,8,kg,366869,FALSE,-1,N/A,,FALSE,366869,FALSE,,FALSE,,1489307969,1489307969,0,TRUE,FALSE,HS_7108
C,A,20020101,2002,52,2002,608,PHL,Philippines,X,Export,0,W00,World,0,W00,World,H1,HS,TRUE,7108,"Gold (including gold plated with platinum) unwrought or in semi-manufactured forms, or in powder form",4,FALSE,C00,TOTAL CPC,0,0,TOTAL MOT,8,kg,45633,FALSE,-1,N/A,,FALSE,45633,FALSE,,FALSE,,83818254,83818254,0,FALSE,FALSE,HS_7108
C,A,20020101,2002,52,2002,616,POL,Poland,X,Export,0,W00,World,0,W00,World,H2,HS,TRUE,7108,"Gold (including gold plated with platinum) unwrought or in semi-manufactured forms, or in powder form",4,FALSE,C00,TOTAL CPC,0,0,TOTAL MOT,8,kg,142,FALSE,-1,N/A,,FALSE,142,FALSE,,FALSE,,1463000,1463000,0,TRUE,FALSE,HS_7108
C,A,20020101,2002,52,2002,634,QAT,Qatar,X,Export,0,W00,World,0,W00,World,H1,HS,TRUE,7108,"Gold (including gold plated with platinum) unwrought or in semi-manufactured forms, or in powder form",4,FALSE,C00,TOTAL CPC,0,0,TOTAL MOT,8,kg,0,FALSE,-1,N/A,,FALSE,,FALSE,,FALSE,,4271,4271,0,FALSE,FALSE,HS_7108
C,A,20020101,2002,52,2002,682,SAU,Saudi Arabia,X,Export,0,W00,World,0,W00,World,H2,HS,TRUE,7108,"Gold (including gold plated with platinum) unwrought or in semi-manufactured forms, or in powder form",4,FALSE,C00,TOTAL CPC,0,0,TOTAL MOT,8,kg,976644,TRUE,-1,N/A,,FALSE,976644,TRUE,,FALSE,,14556552,14556552,6,TRUE,FALSE,HS_7108
C,A,20020101,2002,52,2002,686,SEN,Senegal,X,Export,0,W00,World,0,W00,World,H1,HS,TRUE,7108,"Gold (including gold plated with platinum) unwrought or in semi-manufactured forms, or in powder form",4,FALSE,C00,TOTAL CPC,0,0,TOTAL MOT,8,kg,6,FALSE,-1,N/A,,FALSE,6,FALSE,,FALSE,,36525,36525,0,FALSE,FALSE,HS_7108
C,A,20020101,2002,52,2002,704,VNM,Viet Nam,X,Export,0,W00,World,0,W00,World,H1,HS,TRUE,7108,"Gold (including gold plated with platinum) unwrought or in semi-manufactured forms, or in powder form",4,FALSE,C00,TOTAL CPC,0,0,TOTAL MOT,8,kg,97,TRUE,-1,N/A,,FALSE,97,TRUE,,FALSE,,919944,919944,6,FALSE,FALSE,HS_7108
C,A,20020101,2002,52,2002,710,ZAF,South Africa,X,Export,0,W00,World,0,W00,World,H2,HS,TRUE,7108,"Gold (including gold plated with platinum) unwrought or in semi-manufactured forms, or in powder form",4,FALSE,C00,TOTAL CPC,0,0,TOTAL MOT,8,kg,319,FALSE,-1,N/A,,FALSE,319,FALSE,,FALSE,,277255,277255,0,TRUE,FALSE,HS_7108
C,A,20020101,2002,52,2002,784,ARE,United Arab Emirates,X,Export,0,W00,World,0,W00,World,H1,HS,TRUE,7108,"Gold (including gold plated with platinum) unwrought or in semi-manufactured forms, or in powder form",4,FALSE,C00,TOTAL CPC,0,0,TOTAL MOT,-1,N/A,,FALSE,-1,N/A,,FALSE,5313989,FALSE,,FALSE,,522109619,522109619,0,FALSE,FALSE,HS_7108
C,A,20020101,2002,52,2002,792,TUR,Türkiye,X,Export,0,W00,World,0,W00,World,H2,HS,TRUE,7108,"Gold (including gold plated with platinum) unwrought or in semi-manufactured forms, or in powder form",4,FALSE,C00,TOTAL CPC,0,0,TOTAL MOT,8,kg,10343.908,FALSE,15,g,10343908,FALSE,10879,FALSE,0,FALSE,0,52840573,52840573,0,FALSE,TRUE,HS_7108
C,A,20020101,2002,52,2002,818,EGY,Egypt,X,Export,0,W00,World,0,W00,World,H0,HS,TRUE,7108,"Gold (including gold plated with platinum) unwrought or in semi-manufactured forms, or in powder form",4,FALSE,C00,TOTAL CPC,0,0,TOTAL MOT,-1,N/A,0,FALSE,-1,N/A,0,FALSE,0,FALSE,0,FALSE,0,22488561.168,22488561.168,0,FALSE,TRUE,HS_7108
C,A,20020101,2002,52,2002,858,URY,Uruguay,X,Export,0,W00,World,0,W00,World,H2,HS,TRUE,7108,"Gold (including gold plated with platinum) unwrought or in semi-manufactured forms, or in powder form",4,FALSE,C00,TOTAL CPC,0,0,TOTAL MOT,8,kg,3200,FALSE,-1,N/A,,FALSE,3200,FALSE,,FALSE,,20834940,20834940,0,TRUE,FALSE,HS_7108
C,A,20020101,2002,52,2002,894,ZMB,Zambia,X,Export,0,W00,World,0,W00,World,H2,HS,TRUE,7108,"Gold (including gold plated with platinum) unwrought or in semi-manufactured forms, or in powder form",4,FALSE,C00,TOTAL CPC,0,0,TOTAL MOT,8,kg,35295.48,TRUE,-1,N/A,0,FALSE,35295.48,TRUE,0,FALSE,0,23912996,23912996,6,FALSE,TRUE,HS_7108
C,A,20020101,2002,52,2002,32,ARG,Argentina,X,Export,0,W00,World,0,W00,World,H2,HS,TRUE,10,Cereals,2,FALSE,C00,TOTAL CPC,0,0,TOTAL MOT,-1,N/A,,FALSE,-1,N/A,,FALSE,,FALSE,,FALSE,,2126636459,2126636459,0,TRUE,FALSE,HS_10
C,A,20020101,2002,52,2002,48,BHR,Bahrain,X,Export,0,W00,World,0,W00,World,H2,HS,TRUE,10,Cereals,2,FALSE,C00,TOTAL CPC,0,0,TOTAL MOT,-1,N/A,,FALSE,-1,N/A,,FALSE,,FALSE,,FALSE,,784203,784203,0,TRUE,FALSE,HS_10
C,A,20020101,2002,52,2002,76,BRA,Brazil,X,Export,0,W00,World,0,W00,World,H2,HS,TRUE,10,Cereals,2,FALSE,C00,TOTAL CPC,0,0,TOTAL MOT,-1,N/A,0,FALSE,-1,N/A,0,FALSE,0,FALSE,0,FALSE,,274818765,274818765,0,FALSE,TRUE,HS_10
C,A,20020101,2002,52,2002,144,LKA,Sri Lanka,X,Export,0,W00,World,0,W00,World,H2,HS,TRUE,10,Cereals,2,FALSE,C00,TOTAL CPC,0,0,TOTAL MOT,-1,N/A,,FALSE,-1,N/A,,FALSE,,FALSE,,FALSE,,1191189,1191189,0,TRUE,FALSE,HS_10
C,A,20020101,2002,52,2002,152,CHL,Chile,X,Export,0,W00,World,0,W00,World,H2,HS,TRUE,10,Cereals,2,FALSE,C00,TOTAL CPC,0,0,TOTAL MOT,-1,N/A,,FALSE,-1,N/A,,FALSE,,FALSE,,FALSE,,67198446,67198446,0,TRUE,FALSE,HS_10
C,A,20020101,2002,52,2002,170,COL,Colombia,X,Export,0,W00,World,0,W00,World,H2,HS,TRUE,10,Cereals,2,FALSE,C00,TOTAL CPC,0,0,TOTAL MOT,-1,N/A,,FALSE,-1,N/A,,FALSE,,FALSE,,FALSE,,1004651,1004651,0,TRUE,FALSE,HS_10
C,A,20020101,2002,52,2002,218,ECU,Ecuador,X,Export,0,W00,World,0,W00,World,H2,HS,TRUE,10,Cereals,2,FALSE,C00,TOTAL CPC,0,0,TOTAL MOT,-1,N/A,,FALSE,-1,N/A,,FALSE,,FALSE,,FALSE,,16437837,16437837,0,TRUE,FALSE,HS_10
C,A,20020101,2002,52,2002,222,SLV,El Salvador,X,Export,0,W00,World,0,W00,World,H2,HS,TRUE,10,Cereals,2,FALSE,C00,TOTAL CPC,0,0,TOTAL MOT,-1,N/A,0,FALSE,-1,N/A,0,FALSE,0,FALSE,0,FALSE,0,7311747.71,7311747.71,0,FALSE,TRUE,HS_10
C,A,20020101,2002,52,2002,348,HUN,Hungary,X,Export,0,W00,World,0,W00,World,H2,HS,TRUE,10,Cereals,2,FALSE,C00,TOTAL CPC,0,0,TOTAL MOT,-1,N/A,,FALSE,-1,N/A,,FALSE,,FALSE,,FALSE,,353874000,353874000,0,TRUE,FALSE,HS_10
C,A,20020101,2002,52,2002,360,IDN,Indonesia,X,Export,0,W00,World,0,W00,World,H1,HS,TRUE,10,Cereals,2,FALSE,C00,TOTAL CPC,0,0,TOTAL MOT,-1,N/A,,FALSE,-1,N/A,,FALSE,,FALSE,,FALSE,,10582953,10582953,0,FALSE,FALSE,HS_10
C,A,20020101,2002,52,2002,384,CIV,Côte d'Ivoire,X,Export,0,W00,World,0,W00,World,H1,HS,TRUE,10,Cereals,2,FALSE,C00,TOTAL CPC,0,0,TOTAL MOT,-1,N/A,,FALSE,-1,N/A,,FALSE,,FALSE,,FALSE,,1992007,1992007,0,FALSE,FALSE,HS_10
C,A,20020101,2002,52,2002,398,KAZ,Kazakhstan,X,Export,0,W00,World,0,W00,World,H1,HS,TRUE,10,Cereals,2,FALSE,C00,TOTAL CPC,0,0,TOTAL MOT,-1,N/A,,FALSE,-1,N/A,,FALSE,,FALSE,,FALSE,,346185900,346185900,0,FALSE,FALSE,HS_10
C,A,20020101,2002,52,2002,484,MEX,Mexico,X,Export,0,W00,World,0,W00,World,H2,HS,TRUE,10,Cereals,2,FALSE,C00,TOTAL CPC,0,0,TOTAL MOT,-1,N/A,,FALSE,-1,N/A,,FALSE,,FALSE,,FALSE,,92041133,92041133,0,TRUE,FALSE,HS_10
C,A,20020101,2002,52,2002,504,MAR,Morocco,X,Export,0,W00,World,0,W00,World,H2,HS,TRUE,10,Cereals,2,FALSE,C00,TOTAL CPC,0,0,TOTAL MOT,-1,N/A,0,FALSE,-1,N/A,0,FALSE,0,FALSE,0,FALSE,0,33740.101,33740.101,0,FALSE,TRUE,HS_10
C,A,20020101,2002,52,2002,604,PER,Peru,X,Export,0,W00,World,0,W00,World,H2,HS,TRUE,10,Cereals,2,FALSE,C00,TOTAL CPC,0,0,TOTAL MOT,-1,N/A,,FALSE,-1,N/A,,FALSE,,FALSE,,FALSE,,7193105,7193105,0,TRUE,FALSE,HS_10
C,A,20020101,2002,52,2002,608,PHL,Philippines,X,Export,0,W00,World,0,W00,World,H1,HS,TRUE,10,Cereals,2,FALSE,C00,TOTAL CPC,0,0,TOTAL MOT,-1,N/A,,FALSE,-1,N/A,,FALSE,,FALSE,,FALSE,,4972982,4972982,0,FALSE,FALSE,HS_10
C,A,20020101,2002,52,2002,616,POL,Poland,X,Export,0,W00,World,0,W00,World,H2,HS,TRUE,10,Cereals,2,FALSE,C00,TOTAL CPC,0,0,TOTAL MOT,-1,N/A,,FALSE,-1,N/A,,FALSE,,FALSE,,FALSE,,64435000,64435000,0,TRUE,FALSE,HS_10
C,A,20020101,2002,52,2002,634,QAT,Qatar,X,Export,0,W00,World,0,W00,World,H1,HS,TRUE,10,Cereals,2,FALSE,C00,TOTAL CPC,0,0,TOTAL MOT,-1,N/A,,FALSE,-1,N/A,,FALSE,,FALSE,,FALSE,,158525,158525,0,FALSE,FALSE,HS_10
C,A,20020101,2002,52,2002,642,ROU,Romania,X,Export,0,W00,World,0,W00,World,H2,HS,TRUE,10,Cereals,2,FALSE,C00,TOTAL CPC,0,0,TOTAL MOT,-1,N/A,0,FALSE,-1,N/A,0,FALSE,0,FALSE,0,FALSE,0,75983599.81,75983599.81,0,FALSE,TRUE,HS_10
C,A,20020101,2002,52,2002,682,SAU,Saudi Arabia,X,Export,0,W00,World,0,W00,World,H2,HS,TRUE,10,Cereals,2,FALSE,C00,TOTAL CPC,0,0,TOTAL MOT,-1,N/A,,FALSE,-1,N/A,,FALSE,,FALSE,,FALSE,,1886136,1886136,0,TRUE,FALSE,HS_10
C,A,20020101,2002,52,2002,686,SEN,Senegal,X,Export,0,W00,World,0,W00,World,H1,HS,TRUE,10,Cereals,2,FALSE,C00,TOTAL CPC,0,0,TOTAL MOT,-1,N/A,,FALSE,-1,N/A,,FALSE,,FALSE,,FALSE,,712872,712872,0,FALSE,FALSE,HS_10
C,A,20020101,2002,52,2002,704,VNM,Viet Nam,X,Export,0,W00,World,0,W00,World,H1,HS,TRUE,10,Cereals,2,FALSE,C00,TOTAL CPC,0,0,TOTAL MOT,-1,N/A,,FALSE,-1,N/A,,FALSE,,FALSE,,FALSE,,728077457,728077457,0,FALSE,FALSE,HS_10
C,A,20020101,2002,52,2002,710,ZAF,South Africa,X,Export,0,W00,World,0,W00,World,H2,HS,TRUE,10,Cereals,2,FALSE,C00,TOTAL CPC,0,0,TOTAL MOT,-1,N/A,,FALSE,-1,N/A,,FALSE,,FALSE,,FALSE,,163271411,163271411,0,TRUE,FALSE,HS_10
C,A,20020101,2002,52,2002,784,ARE,United Arab Emirates,X,Export,0,W00,World,0,W00,World,H1,HS,TRUE,10,Cereals,2,FALSE,C00,TOTAL CPC,0,0,TOTAL MOT,-1,N/A,,FALSE,-1,N/A,,FALSE,,FALSE,,FALSE,,89277561,89277561,0,FALSE,FALSE,HS_10
C,A,20020101,2002,52,2002,792,TUR,Türkiye,X,Export,0,W00,World,0,W00,World,H2,HS,TRUE,10,Cereals,2,FALSE,C00,TOTAL CPC,0,0,TOTAL MOT,-1,N/A,0,FALSE,-1,N/A,0,FALSE,0,FALSE,0,FALSE,0,80474494,80474494,0,FALSE,TRUE,HS_10
C,A,20020101,2002,52,2002,818,EGY,Egypt,X,Export,0,W00,World,0,W00,World,H0,HS,TRUE,10,Cereals,2,FALSE,C00,TOTAL CPC,0,0,TOTAL MOT,-1,N/A,0,FALSE,-1,N/A,0,FALSE,0,TRUE,0,FALSE,0,106767035.536,106767035.536,4,FALSE,TRUE,HS_10
C,A,20020101,2002,52,2002,858,URY,Uruguay,X,Export,0,W00,World,0,W00,World,H2,HS,TRUE,10,Cereals,2,FALSE,C00,TOTAL CPC,0,0,TOTAL MOT,-1,N/A,,FALSE,-1,N/A,,FALSE,,FALSE,,FALSE,,140955167,140955167,0,TRUE,FALSE,HS_10
C,A,20020101,2002,52,2002,894,ZMB,Zambia,X,Export,0,W00,World,0,W00,World,H2,HS,TRUE,10,Cereals,2,FALSE,C00,TOTAL CPC,0,0,TOTAL MOT,-1,N/A,0,FALSE,-1,N/A,0,FALSE,0,FALSE,0,FALSE,0,2587260,2587260,0,FALSE,TRUE,HS_10
C,A,20020101,2002,52,2002,32,ARG,Argentina,X,Export,0,W00,World,0,W00,World,H2,HS,TRUE,1001,Wheat and meslin,4,FALSE,C00,TOTAL CPC,0,0,TOTAL MOT,8,kg,9051609325,FALSE,-1,N/A,,FALSE,9051609325,FALSE,,FALSE,,1097361637,1097361637,0,TRUE,FALSE,HS_1001
C,A,20020101,2002,52,2002,48,BHR,Bahrain,X,Export,0,W00,World,0,W00,World,H2,HS,TRUE,1001,Wheat and meslin,4,FALSE,C00,TOTAL CPC,0,0,TOTAL MOT,8,kg,4268240,FALSE,-1,N/A,,FALSE,4268240,FALSE,,FALSE,,699696,699696,0,TRUE,FALSE,HS_1001
C,A,20020101,2002,52,2002,76,BRA,Brazil,X,Export,0,W00,World,0,W00,World,H2,HS,TRUE,1001,Wheat and meslin,4,FALSE,C00,TOTAL CPC,0,0,TOTAL MOT,8,kg,459560,FALSE,8,kg,391130,FALSE,1003677,FALSE,0,FALSE,,231189,231189,0,FALSE,TRUE,HS_1001
C,A,20020101,2002,52,2002,144,LKA,Sri Lanka,X,Export,0,W00,World,0,W00,World,H2,HS,TRUE,1001,Wheat and meslin,4,FALSE,C00,TOTAL CPC,0,0,TOTAL MOT,8,kg,100215,FALSE,-1,N/A,,FALSE,100215,FALSE,,FALSE,,12739,12739,0,TRUE,FALSE,HS_1001
C,A,20020101,2002,52,2002,152,CHL,Chile,X,Export,0,W00,World,0,W00,World,H2,HS,TRUE,1001,Wheat and meslin,4,FALSE,C00,TOTAL CPC,0,0,TOTAL MOT,8,kg,417093,TRUE,-1,N/A,,FALSE,417093,TRUE,,FALSE,,64011,64011,6,TRUE,FALSE,HS_1001
C,A,20020101,2002,52,2002,170,COL,Colombia,X,Export,0,W00,World,0,W00,World,H2,HS,TRUE,1001,Wheat and meslin,4,FALSE,C00,TOTAL CPC,0,0,TOTAL MOT,8,kg,58,FALSE,-1,N/A,,FALSE,58,FALSE,,FALSE,,160,160,0,TRUE,FALSE,HS_1001
C,A,20020101,2002,52,2002,218,ECU,Ecuador,X,Export,0,W00,World,0,W00,World,H2,HS,TRUE,1001,Wheat and meslin,4,FALSE,C00,TOTAL CPC,0,0,TOTAL MOT,8,kg,373508,FALSE,-1,N/A,,FALSE,373508,FALSE,,FALSE,,110084,110084,0,TRUE,FALSE,HS_1001
C,A,20020101,2002,52,2002,222,SLV,El Salvador,X,Export,0,W00,World,0,W00,World,H2,HS,TRUE,1001,Wheat and meslin,4,FALSE,C00,TOTAL CPC,0,0,TOTAL MOT,-1,N/A,0,FALSE,-1,N/A,0,FALSE,0,FALSE,0,FALSE,0,5914247.44,5914247.44,0,FALSE,TRUE,HS_1001
C,A,20020101,2002,52,2002,348,HUN,Hungary,X,Export,0,W00,World,0,W00,World,H2,HS,TRUE,1001,Wheat and meslin,4,FALSE,C00,TOTAL CPC,0,0,TOTAL MOT,8,kg,1158770900,FALSE,-1,N/A,,FALSE,1158770900,FALSE,,FALSE,,119074000,119074000,0,TRUE,FALSE,HS_1001
C,A,20020101,2002,52,2002,360,IDN,Indonesia,X,Export,0,W00,World,0,W00,World,H1,HS,TRUE,1001,Wheat and meslin,4,FALSE,C00,TOTAL CPC,0,0,TOTAL MOT,8,kg,3714056,FALSE,-1,N/A,,FALSE,3714056,FALSE,,FALSE,,5767898,5767898,0,FALSE,FALSE,HS_1001
C,A,20020101,2002,52,2002,398,KAZ,Kazakhstan,X,Export,0,W00,World,0,W00,World,H1,HS,TRUE,1001,Wheat and meslin,4,FALSE,C00,TOTAL CPC,0,0,TOTAL MOT,8,kg,3944430200,FALSE,-1,N/A,,FALSE,3944430200,FALSE,,FALSE,,325139100,325139100,0,FALSE,FALSE,HS_1001
C,A,20020101,2002,52,2002,484,MEX,Mexico,X,Export,0,W00,World,0,W00,World,H2,HS,TRUE,1001,Wheat and meslin,4,FALSE,C00,TOTAL CPC,0,0,TOTAL MOT,8,kg,439618763,FALSE,-1,N/A,,FALSE,439618763,FALSE,,FALSE,,65817001,65817001,0,TRUE,FALSE,HS_1001
C,A,20020101,2002,52,2002,604,PER,Peru,X,Export,0,W00,World,0,W00,World,H2,HS,TRUE,1001,Wheat and meslin,4,FALSE,C00,TOTAL CPC,0,0,TOTAL MOT,8,kg,39107,FALSE,-1,N/A,,FALSE,39107,FALSE,,FALSE,,46910,46910,0,TRUE,FALSE,HS_1001
C,A,20020101,2002,52,2002,616,POL,Poland,X,Export,0,W00,World,0,W00,World,H2,HS,TRUE,1001,Wheat and meslin,4,FALSE,C00,TOTAL CPC,0,0,TOTAL MOT,8,kg,548912253,FALSE,-1,N/A,,FALSE,548912253,FALSE,,FALSE,,62027000,62027000,0,TRUE,FALSE,HS_1001
C,A,20020101,2002,52,2002,634,QAT,Qatar,X,Export,0,W00,World,0,W00,World,H1,HS,TRUE,1001,Wheat and meslin,4,FALSE,C00,TOTAL CPC,0,0,TOTAL MOT,8,kg,237011,FALSE,-1,N/A,,FALSE,237011,FALSE,,FALSE,,73997,73997,0,FALSE,FALSE,HS_1001
C,A,20020101,2002,52,2002,642,ROU,Romania,X,Export,0,W00,World,0,W00,World,H2,HS,TRUE,1001,Wheat and meslin,4,FALSE,C00,TOTAL CPC,0,0,TOTAL MOT,8,kg,264747830,FALSE,8,kg,264747830,FALSE,264747830,FALSE,0,FALSE,0,24618467.35,24618467.35,0,FALSE,TRUE,HS_1001
C,A,20020101,2002,52,2002,686,SEN,Senegal,X,Export,0,W00,World,0,W00,World,H1,HS,TRUE,1001,Wheat and meslin,4,FALSE,C00,TOTAL CPC,0,0,TOTAL MOT,8,kg,415,FALSE,-1,N/A,,FALSE,415,FALSE,,FALSE,,1285,1285,0,FALSE,FALSE,HS_1001
C,A,20020101,2002,52,2002,704,VNM,Viet Nam,X,Export,0,W00,World,0,W00,World,H1,HS,TRUE,1001,Wheat and meslin,4,FALSE,C00,TOTAL CPC,0,0,TOTAL MOT,8,kg,3376462,TRUE,-1,N/A,,FALSE,3376462,TRUE,,FALSE,,397655,397655,6,FALSE,FALSE,HS_1001
C,A,20020101,2002,52,2002,710,ZAF,South Africa,X,Export,0,W00,World,0,W00,World,H2,HS,TRUE,1001,Wheat and meslin,4,FALSE,C00,TOTAL CPC,0,0,TOTAL MOT,8,kg,162896710,FALSE,-1,N/A,,FALSE,162896710,FALSE,,FALSE,,22174625,22174625,0,TRUE,FALSE,HS_1001
C,A,20020101,2002,52,2002,784,ARE,United Arab Emirates,X,Export,0,W00,World,0,W00,World,H1,HS,TRUE,1001,Wheat and meslin,4,FALSE,C00,TOTAL CPC,0,0,TOTAL MOT,-1,N/A,,FALSE,-1,N/A,,FALSE,22431646,FALSE,,FALSE,,5394902,5394902,0,FALSE,FALSE,HS_1001
C,A,20020101,2002,52,2002,792,TUR,Türkiye,X,Export,0,W00,World,0,W00,World,H2,HS,TRUE,1001,Wheat and meslin,4,FALSE,C00,TOTAL CPC,0,0,TOTAL MOT,8,kg,55329149,FALSE,8,kg,55329149,FALSE,55329149,FALSE,0,FALSE,0,9780753,9780753,0,FALSE,TRUE,HS_1001
C,A,20020101,2002,52,2002,818,EGY,Egypt,X,Export,0,W00,World,0,W00,World,H0,HS,TRUE,1001,Wheat and meslin,4,FALSE,C00,TOTAL CPC,0,0,TOTAL MOT,-1,N/A,0,FALSE,-1,N/A,0,FALSE,0,FALSE,0,FALSE,0,466253.67,466253.67,0,FALSE,TRUE,HS_1001
C,A,20020101,2002,52,2002,858,URY,Uruguay,X,Export,0,W00,World,0,W00,World,H2,HS,TRUE,1001,Wheat and meslin,4,FALSE,C00,TOTAL CPC,0,0,TOTAL MOT,8,kg,62500,FALSE,-1,N/A,,FALSE,62500,FALSE,,FALSE,,21451,21451,0,TRUE,FALSE,HS_1001
C,A,20020101,2002,52,2002,32,ARG,Argentina,X,Export,0,W00,World,0,W00,World,H2,HS,TRUE,1005,Maize (corn),4,FALSE,C00,TOTAL CPC,0,0,TOTAL MOT,8,kg,9483590048,FALSE,-1,N/A,,FALSE,9483590048,FALSE,,FALSE,,924807823,924807823,0,TRUE,FALSE,HS_1005
C,A,20020101,2002,52,2002,76,BRA,Brazil,X,Export,0,W00,World,0,W00,World,H2,HS,TRUE,1005,Maize (corn),4,FALSE,C00,TOTAL CPC,0,0,TOTAL MOT,-1,N/A,0,FALSE,8,kg,2067415503,FALSE,2746990374,FALSE,0,FALSE,,267596796,267596796,0,FALSE,TRUE,HS_1005
C,A,20020101,2002,52,2002,144,LKA,Sri Lanka,X,Export,0,W00,World,0,W00,World,H2,HS,TRUE,1005,Maize (corn),4,FALSE,C00,TOTAL CPC,0,0,TOTAL MOT,8,kg,120,FALSE,-1,N/A,,FALSE,120,FALSE,,FALSE,,258,258,0,TRUE,FALSE,HS_1005
C,A,20020101,2002,52,2002,152,CHL,Chile,X,Export,0,W00,World,0,W00,World,H2,HS,TRUE,1005,Maize (corn),4,FALSE,C00,TOTAL CPC,0,0,TOTAL MOT,-1,N/A,,FALSE,-1,N/A,,FALSE,44393618,TRUE,,FALSE,,65088222,65088222,4,TRUE,FALSE,HS_1005
C,A,20020101,2002,52,2002,170,COL,Colombia,X,Export,0,W00,World,0,W00,World,H2,HS,TRUE,1005,Maize (corn),4,FALSE,C00,TOTAL CPC,0,0,TOTAL MOT,8,kg,421409,FALSE,-1,N/A,,FALSE,421409,FALSE,,FALSE,,721729,721729,0,TRUE,FALSE,HS_1005
C,A,20020101,2002,52,2002,218,ECU,Ecuador,X,Export,0,W00,World,0,W00,World,H2,HS,TRUE,1005,Maize (corn),4,FALSE,C00,TOTAL CPC,0,0,TOTAL MOT,8,kg,73005009,FALSE,-1,N/A,,FALSE,73005009,FALSE,,FALSE,,8836570,8836570,0,TRUE,FALSE,HS_1005
C,A,20020101,2002,52,2002,222,SLV,El Salvador,X,Export,0,W00,World,0,W00,World,H2,HS,TRUE,1005,Maize (corn),4,FALSE,C00,TOTAL CPC,0,0,TOTAL MOT,8,kg,1862610.91,FALSE,8,kg,1862610.91,FALSE,1862610.91,FALSE,0,FALSE,0,560518.8,560518.8,0,FALSE,TRUE,HS_1005
C,A,20020101,2002,52,2002,348,HUN,Hungary,X,Export,0,W00,World,0,W00,World,H2,HS,TRUE,1005,Maize (corn),4,FALSE,C00,TOTAL CPC,0,0,TOTAL MOT,8,kg,2124864000,FALSE,-1,N/A,,FALSE,2124864000,FALSE,,FALSE,,210364000,210364000,0,TRUE,FALSE,HS_1005
C,A,20020101,2002,52,2002,360,IDN,Indonesia,X,Export,0,W00,World,0,W00,World,H1,HS,TRUE,1005,Maize (corn),4,FALSE,C00,TOTAL CPC,0,0,TOTAL MOT,8,kg,16306028,FALSE,-1,N/A,,FALSE,16306028,FALSE,,FALSE,,3333507,3333507,0,FALSE,FALSE,HS_1005
C,A,20020101,2002,52,2002,384,CIV,Côte d'Ivoire,X,Export,0,W00,World,0,W00,World,H1,HS,TRUE,1005,Maize (corn),4,FALSE,C00,TOTAL CPC,0,0,TOTAL MOT,8,kg,21030430,FALSE,-1,N/A,,FALSE,21030430,FALSE,,FALSE,,807003,807003,0,FALSE,FALSE,HS_1005
C,A,20020101,2002,52,2002,398,KAZ,Kazakhstan,X,Export,0,W00,World,0,W00,World,H1,HS,TRUE,1005,Maize (corn),4,FALSE,C00,TOTAL CPC,0,0,TOTAL MOT,8,kg,9349200,FALSE,-1,N/A,,FALSE,9349200,FALSE,,FALSE,,1126600,1126600,0,FALSE,FALSE,HS_1005
C,A,20020101,2002,52,2002,484,MEX,Mexico,X,Export,0,W00,World,0,W00,World,H2,HS,TRUE,1005,Maize (corn),4,FALSE,C00,TOTAL CPC,0,0,TOTAL MOT,8,kg,164418040,FALSE,-1,N/A,,FALSE,164418040,FALSE,,FALSE,,25649660,25649660,0,TRUE,FALSE,HS_1005
C,A,20020101,2002,52,2002,504,MAR,Morocco,X,Export,0,W00,World,0,W00,World,H2,HS,TRUE,1005,Maize (corn),4,FALSE,C00,TOTAL CPC,0,0,TOTAL MOT,8,kg,18055,FALSE,8,kg,18055,FALSE,18055,FALSE,0,FALSE,0,33631.742,33631.742,0,FALSE,TRUE,HS_1005
C,A,20020101,2002,52,2002,604,PER,Peru,X,Export,0,W00,World,0,W00,World,H2,HS,TRUE,1005,Maize (corn),4,FALSE,C00,TOTAL CPC,0,0,TOTAL MOT,8,kg,6852549,FALSE,-1,N/A,,FALSE,6852549,FALSE,,FALSE,,6086444,6086444,0,TRUE,FALSE,HS_1005
C,A,20020101,2002,52,2002,608,PHL,Philippines,X,Export,0,W00,World,0,W00,World,H1,HS,TRUE,1005,Maize (corn),4,FALSE,C00,TOTAL CPC,0,0,TOTAL MOT,8,kg,374069,FALSE,-1,N/A,,FALSE,374069,FALSE,,FALSE,,322669,322669,0,FALSE,FALSE,HS_1005
C,A,20020101,2002,52,2002,616,POL,Poland,X,Export,0,W00,World,0,W00,World,H2,HS,TRUE,1005,Maize (corn),4,FALSE,C00,TOTAL CPC,0,0,TOTAL MOT,8,kg,6630460,FALSE,-1,N/A,,FALSE,6630460,FALSE,,FALSE,,753000,753000,0,TRUE,FALSE,HS_1005
C,A,20020101,2002,52,2002,634,QAT,Qatar,X,Export,0,W00,World,0,W00,World,H1,HS,TRUE,1005,Maize (corn),4,FALSE,C00,TOTAL CPC,0,0,TOTAL MOT,8,kg,6178,FALSE,-1,N/A,,FALSE,6178,FALSE,,FALSE,,17577,17577,0,FALSE,FALSE,HS_1005
C,A,20020101,2002,52,2002,642,ROU,Romania,X,Export,0,W00,World,0,W00,World,H2,HS,TRUE,1005,Maize (corn),4,FALSE,C00,TOTAL CPC,0,0,TOTAL MOT,8,kg,188692843.5,FALSE,8,kg,188692843.5,FALSE,188692843.5,FALSE,0,FALSE,0,21103721.39,21103721.39,0,FALSE,TRUE,HS_1005
C,A,20020101,2002,52,2002,686,SEN,Senegal,X,Export,0,W00,World,0,W00,World,H1,HS,TRUE,1005,Maize (corn),4,FALSE,C00,TOTAL CPC,0,0,TOTAL MOT,8,kg,20900,FALSE,-1,N/A,,FALSE,20900,FALSE,,FALSE,,4188,4188,0,FALSE,FALSE,HS_1005
C,A,20020101,2002,52,2002,704,VNM,Viet Nam,X,Export,0,W00,World,0,W00,World,H1,HS,TRUE,1005,Maize (corn),4,FALSE,C00,TOTAL CPC,0,0,TOTAL MOT,-1,N/A,,FALSE,-1,N/A,,FALSE,3086480,TRUE,,FALSE,,807939,807939,4,FALSE,FALSE,HS_1005
C,A,20020101,2002,52,2002,710,ZAF,South Africa,X,Export,0,W00,World,0,W00,World,H2,HS,TRUE,1005,Maize (corn),4,FALSE,C00,TOTAL CPC,0,0,TOTAL MOT,8,kg,749869867,FALSE,-1,N/A,,FALSE,749869867,FALSE,,FALSE,,135190141,135190141,0,TRUE,FALSE,HS_1005
C,A,20020101,2002,52,2002,784,ARE,United Arab Emirates,X,Export,0,W00,World,0,W00,World,H1,HS,TRUE,1005,Maize (corn),4,FALSE,C00,TOTAL CPC,0,0,TOTAL MOT,-1,N/A,,FALSE,-1,N/A,,FALSE,2070056,FALSE,,FALSE,,760846,760846,0,FALSE,FALSE,HS_1005
C,A,20020101,2002,52,2002,792,TUR,Türkiye,X,Export,0,W00,World,0,W00,World,H2,HS,TRUE,1005,Maize (corn),4,FALSE,C00,TOTAL CPC,0,0,TOTAL MOT,8,kg,9019007,FALSE,8,kg,9019007,FALSE,9019007,FALSE,0,FALSE,0,10953354,10953354,0,FALSE,TRUE,HS_1005
C,A,20020101,2002,52,2002,818,EGY,Egypt,X,Export,0,W00,World,0,W00,World,H0,HS,TRUE,1005,Maize (corn),4,FALSE,C00,TOTAL CPC,0,0,TOTAL MOT,8,kg,1649174.26,TRUE,-1,N/A,0,FALSE,1649174.26,TRUE,0,FALSE,0,177426.243,177426.243,6,FALSE,TRUE,HS_1005
C,A,20020101,2002,52,2002,858,URY,Uruguay,X,Export,0,W00,World,0,W00,World,H2,HS,TRUE,1005,Maize (corn),4,FALSE,C00,TOTAL CPC,0,0,TOTAL MOT,8,kg,6124838,FALSE,-1,N/A,,FALSE,6124838,FALSE,,FALSE,,672014,672014,0,TRUE,FALSE,HS_1005
C,A,20020101,2002,52,2002,894,ZMB,Zambia,X,Export,0,W00,World,0,W00,World,H2,HS,TRUE,1005,Maize (corn),4,FALSE,C00,TOTAL CPC,0,0,TOTAL MOT,8,kg,3045603,FALSE,8,kg,3045603,FALSE,3045603,FALSE,0,FALSE,0,2239510,2239510,0,FALSE,TRUE,HS_1005
C,A,20020101,2002,52,2002,32,ARG,Argentina,X,Export,0,W00,World,0,W00,World,H2,HS,TRUE,12,"Oil seeds and oleaginous fruits; miscellaneous grains, seeds and fruit, industrial or medicinal plants; straw and fodder",2,FALSE,C00,TOTAL CPC,0,0,TOTAL MOT,-1,N/A,,FALSE,-1,N/A,,FALSE,,FALSE,,FALSE,,1288012664,1288012664,0,TRUE,FALSE,HS_12
C,A,20020101,2002,52,2002,48,BHR,Bahrain,X,Export,0,W00,World,0,W00,World,H2,HS,TRUE,12,"Oil seeds and oleaginous fruits; miscellaneous grains, seeds and fruit, industrial or medicinal plants; straw and fodder",2,FALSE,C00,TOTAL CPC,0,0,TOTAL MOT,-1,N/A,,FALSE,-1,N/A,,FALSE,,FALSE,,FALSE,,39372,39372,0,TRUE,FALSE,HS_12
C,A,20020101,2002,52,2002,76,BRA,Brazil,X,Export,0,W00,World,0,W00,World,H2,HS,TRUE,12,"Oil seeds and oleaginous fruits; miscellaneous grains, seeds and fruit, industrial or medicinal plants; straw and fodder",2,FALSE,C00,TOTAL CPC,0,0,TOTAL MOT,-1,N/A,0,FALSE,-1,N/A,0,FALSE,0,TRUE,0,FALSE,,3067620568,3067620568,4,FALSE,TRUE,HS_12
C,A,20020101,2002,52,2002,144,LKA,Sri Lanka,X,Export,0,W00,World,0,W00,World,H2,HS,TRUE,12,"Oil seeds and oleaginous fruits; miscellaneous grains, seeds and fruit, industrial or medicinal plants; straw and fodder",2,FALSE,C00,TOTAL CPC,0,0,TOTAL MOT,-1,N/A,,FALSE,-1,N/A,,FALSE,,FALSE,,FALSE,,11486157,11486157,0,TRUE,FALSE,HS_12
C,A,20020101,2002,52,2002,152,CHL,Chile,X,Export,0,W00,World,0,W00,World,H2,HS,TRUE,12,"Oil seeds and oleaginous fruits; miscellaneous grains, seeds and fruit, industrial or medicinal plants; straw and fodder",2,FALSE,C00,TOTAL CPC,0,0,TOTAL MOT,-1,N/A,,FALSE,-1,N/A,,FALSE,,FALSE,,FALSE,,100948627,100948627,0,TRUE,FALSE,HS_12
C,A,20020101,2002,52,2002,170,COL,Colombia,X,Export,0,W00,World,0,W00,World,H2,HS,TRUE,12,"Oil seeds and oleaginous fruits; miscellaneous grains, seeds and fruit, industrial or medicinal plants; straw and fodder",2,FALSE,C00,TOTAL CPC,0,0,TOTAL MOT,-1,N/A,,FALSE,-1,N/A,,FALSE,,FALSE,,FALSE,,3788889,3788889,0,TRUE,FALSE,HS_12
C,A,20020101,2002,52,2002,218,ECU,Ecuador,X,Export,0,W00,World,0,W00,World,H2,HS,TRUE,12,"Oil seeds and oleaginous fruits; miscellaneous grains, seeds and fruit, industrial or medicinal plants; straw and fodder",2,FALSE,C00,TOTAL CPC,0,0,TOTAL MOT,-1,N/A,,FALSE,-1,N/A,,FALSE,,FALSE,,FALSE,,19743290,19743290,0,TRUE,FALSE,HS_12
C,A,20020101,2002,52,2002,222,SLV,El Salvador,X,Export,0,W00,World,0,W00,World,H2,HS,TRUE,12,"Oil seeds and oleaginous fruits; miscellaneous grains, seeds and fruit, industrial or medicinal plants; straw and fodder",2,FALSE,C00,TOTAL CPC,0,0,TOTAL MOT,-1,N/A,0,FALSE,-1,N/A,0,FALSE,0,FALSE,0,FALSE,0,1791851.59,1791851.59,0,FALSE,TRUE,HS_12
C,A,20020101,2002,52,2002,348,HUN,Hungary,X,Export,0,W00,World,0,W00,World,H2,HS,TRUE,12,"Oil seeds and oleaginous fruits; miscellaneous grains, seeds and fruit, industrial or medicinal plants; straw and fodder",2,FALSE,C00,TOTAL CPC,0,0,TOTAL MOT,-1,N/A,,FALSE,-1,N/A,,FALSE,119400,FALSE,,FALSE,,170575000,170575000,0,TRUE,FALSE,HS_12
C,A,20020101,2002,52,2002,360,IDN,Indonesia,X,Export,0,W00,World,0,W00,World,H1,HS,TRUE,12,"Oil seeds and oleaginous fruits; miscellaneous grains, seeds and fruit, industrial or medicinal plants; straw and fodder",2,FALSE,C00,TOTAL CPC,0,0,TOTAL MOT,-1,N/A,,FALSE,-1,N/A,,FALSE,,FALSE,,FALSE,,40555979,40555979,0,FALSE,FALSE,HS_12
C,A,20020101,2002,52,2002,384,CIV,Côte d'Ivoire,X,Export,0,W00,World,0,W00,World,H1,HS,TRUE,12,"Oil seeds and oleaginous fruits; miscellaneous grains, seeds and fruit, industrial or medicinal plants; straw and fodder",2,FALSE,C00,TOTAL CPC,0,0,TOTAL MOT,-1,N/A,,FALSE,-1,N/A,,FALSE,,FALSE,,FALSE,,5935225,5935225,0,FALSE,FALSE,HS_12
C,A,20020101,2002,52,2002,398,KAZ,Kazakhstan,X,Export,0,W00,World,0,W00,World,H1,HS,TRUE,12,"Oil seeds and oleaginous fruits; miscellaneous grains, seeds and fruit, industrial or medicinal plants; straw and fodder",2,FALSE,C00,TOTAL CPC,0,0,TOTAL MOT,-1,N/A,,FALSE,-1,N/A,,FALSE,,FALSE,,FALSE,,2575700,2575700,0,FALSE,FALSE,HS_12
C,A,20020101,2002,52,2002,484,MEX,Mexico,X,Export,0,W00,World,0,W00,World,H2,HS,TRUE,12,"Oil seeds and oleaginous fruits; miscellaneous grains, seeds and fruit, industrial or medicinal plants; straw and fodder",2,FALSE,C00,TOTAL CPC,0,0,TOTAL MOT,-1,N/A,,FALSE,-1,N/A,,FALSE,,FALSE,,FALSE,,55607222,55607222,0,TRUE,FALSE,HS_12
C,A,20020101,2002,52,2002,504,MAR,Morocco,X,Export,0,W00,World,0,W00,World,H2,HS,TRUE,12,"Oil seeds and oleaginous fruits; miscellaneous grains, seeds and fruit, industrial or medicinal plants; straw and fodder",2,FALSE,C00,TOTAL CPC,0,0,TOTAL MOT,-1,N/A,0,FALSE,-1,N/A,0,FALSE,0,TRUE,0,FALSE,0,39199004.211,39199004.211,4,FALSE,TRUE,HS_12
C,A,20020101,2002,52,2002,566,NGA,Nigeria,X,Export,0,W00,World,0,W00,World,H1,HS,TRUE,12,"Oil seeds and oleaginous fruits; miscellaneous grains, seeds and fruit, industrial or medicinal plants; straw and fodder",2,FALSE,C00,TOTAL CPC,0,0,TOTAL MOT,-1,N/A,,FALSE,-1,N/A,,FALSE,,FALSE,,FALSE,,6412947,6412947,0,FALSE,FALSE,HS_12
C,A,20020101,2002,52,2002,591,PAN,Panama,X,Export,0,W00,World,0,W00,World,H1,HS,TRUE,12,"Oil seeds and oleaginous fruits; miscellaneous grains, seeds and fruit, industrial or medicinal plants; straw and fodder",2,FALSE,C00,TOTAL CPC,0,0,TOTAL MOT,-1,N/A,,FALSE,-1,N/A,,FALSE,,FALSE,,FALSE,,59474,59474,0,FALSE,FALSE,HS_12
C,A,20020101,2002,52,2002,604,PER,Peru,X,Export,0,W00,World,0,W00,World,H2,HS,TRUE,12,"Oil seeds and oleaginous fruits; miscellaneous grains, seeds and fruit, industrial or medicinal plants; straw and fodder",2,FALSE,C00,TOTAL CPC,0,0,TOTAL MOT,-1,N/A,,FALSE,-1,N/A,,FALSE,,FALSE,,FALSE,,10377606,10377606,0,TRUE,FALSE,HS_12
C,A,20020101,2002,52,2002,608,PHL,Philippines,X,Export,0,W00,World,0,W00,World,H1,HS,TRUE,12,"Oil seeds and oleaginous fruits; miscellaneous grains, seeds and fruit, industrial or medicinal plants; straw and fodder",2,FALSE,C00,TOTAL CPC,0,0,TOTAL MOT,-1,N/A,,FALSE,-1,N/A,,FALSE,,FALSE,,FALSE,,42020923,42020923,0,FALSE,FALSE,HS_12
C,A,20020101,2002,52,2002,616,POL,Poland,X,Export,0,W00,World,0,W00,World,H2,HS,TRUE,12,"Oil seeds and oleaginous fruits; miscellaneous grains, seeds and fruit, industrial or medicinal plants; straw and fodder",2,FALSE,C00,TOTAL CPC,0,0,TOTAL MOT,-1,N/A,,FALSE,-1,N/A,,FALSE,,FALSE,,FALSE,,39727000,39727000,0,TRUE,FALSE,HS_12
C,A,20020101,2002,52,2002,634,QAT,Qatar,X,Export,0,W00,World,0,W00,World,H1,HS,TRUE,12,"Oil seeds and oleaginous fruits; miscellaneous grains, seeds and fruit, industrial or medicinal plants; straw and fodder",2,FALSE,C00,TOTAL CPC,0,0,TOTAL MOT,-1,N/A,,FALSE,-1,N/A,,FALSE,,FALSE,,FALSE,,7165,7165,0,FALSE,FALSE,HS_12
C,A,20020101,2002,52,2002,642,ROU,Romania,X,Export,0,W00,World,0,W00,World,H2,HS,TRUE,12,"Oil seeds and oleaginous fruits; miscellaneous grains, seeds and fruit, industrial or medicinal plants; straw and fodder",2,FALSE,C00,TOTAL CPC,0,0,TOTAL MOT,-1,N/A,0,FALSE,-1,N/A,0,FALSE,0,FALSE,0,FALSE,0,37225515.1,37225515.1,0,FALSE,TRUE,HS_12
C,A,20020101,2002,52,2002,682,SAU,Saudi Arabia,X,Export,0,W00,World,0,W00,World,H2,HS,TRUE,12,"Oil seeds and oleaginous fruits; miscellaneous grains, seeds and fruit, industrial or medicinal plants; straw and fodder",2,FALSE,C00,TOTAL CPC,0,0,TOTAL MOT,-1,N/A,,FALSE,-1,N/A,,FALSE,,FALSE,,FALSE,,195734,195734,0,TRUE,FALSE,HS_12
C,A,20020101,2002,52,2002,686,SEN,Senegal,X,Export,0,W00,World,0,W00,World,H1,HS,TRUE,12,"Oil seeds and oleaginous fruits; miscellaneous grains, seeds and fruit, industrial or medicinal plants; straw and fodder",2,FALSE,C00,TOTAL CPC,0,0,TOTAL MOT,-1,N/A,,FALSE,-1,N/A,,FALSE,,FALSE,,FALSE,,2084571,2084571,0,FALSE,FALSE,HS_12
C,A,20020101,2002,52,2002,704,VNM,Viet Nam,X,Export,0,W00,World,0,W00,World,H1,HS,TRUE,12,"Oil seeds and oleaginous fruits; miscellaneous grains, seeds and fruit, industrial or medicinal plants; straw and fodder",2,FALSE,C00,TOTAL CPC,0,0,TOTAL MOT,-1,N/A,,FALSE,-1,N/A,,FALSE,,FALSE,,FALSE,,75564663,75564663,0,FALSE,FALSE,HS_12
C,A,20020101,2002,52,2002,710,ZAF,South Africa,X,Export,0,W00,World,0,W00,World,H2,HS,TRUE,12,"Oil seeds and oleaginous fruits; miscellaneous grains, seeds and fruit, industrial or medicinal plants; straw and fodder",2,FALSE,C00,TOTAL CPC,0,0,TOTAL MOT,-1,N/A,,FALSE,-1,N/A,,FALSE,,FALSE,,FALSE,,67243484,67243484,0,TRUE,FALSE,HS_12
C,A,20020101,2002,52,2002,784,ARE,United Arab Emirates,X,Export,0,W00,World,0,W00,World,H1,HS,TRUE,12,"Oil seeds and oleaginous fruits; miscellaneous grains, seeds and fruit, industrial or medicinal plants; straw and fodder",2,FALSE,C00,TOTAL CPC,0,0,TOTAL MOT,-1,N/A,,FALSE,-1,N/A,,FALSE,,FALSE,,FALSE,,14853589,14853589,0,FALSE,FALSE,HS_12
C,A,20020101,2002,52,2002,792,TUR,Türkiye,X,Export,0,W00,World,0,W00,World,H2,HS,TRUE,12,"Oil seeds and oleaginous fruits; miscellaneous grains, seeds and fruit, industrial or medicinal plants; straw and fodder",2,FALSE,C00,TOTAL CPC,0,0,TOTAL MOT,-1,N/A,0,FALSE,-1,N/A,0,FALSE,0,FALSE,0,FALSE,0,51010580,51010580,0,FALSE,TRUE,HS_12
C,A,20020101,2002,52,2002,818,EGY,Egypt,X,Export,0,W00,World,0,W00,World,H0,HS,TRUE,12,"Oil seeds and oleaginous fruits; miscellaneous grains, seeds and fruit, industrial or medicinal plants; straw and fodder",2,FALSE,C00,TOTAL CPC,0,0,TOTAL MOT,-1,N/A,0,FALSE,-1,N/A,0,FALSE,0,FALSE,0,FALSE,0,36962064.258,36962064.258,0,FALSE,TRUE,HS_12
C,A,20020101,2002,52,2002,858,URY,Uruguay,X,Export,0,W00,World,0,W00,World,H2,HS,TRUE,12,"Oil seeds and oleaginous fruits; miscellaneous grains, seeds and fruit, industrial or medicinal plants; straw and fodder",2,FALSE,C00,TOTAL CPC,0,0,TOTAL MOT,-1,N/A,,FALSE,-1,N/A,,FALSE,,FALSE,,FALSE,,42447196,42447196,0,TRUE,FALSE,HS_12
C,A,20020101,2002,52,2002,894,ZMB,Zambia,X,Export,0,W00,World,0,W00,World,H2,HS,TRUE,12,"Oil seeds and oleaginous fruits; miscellaneous grains, seeds and fruit, industrial or medicinal plants; straw and fodder",2,FALSE,C00,TOTAL CPC,0,0,TOTAL MOT,-1,N/A,0,FALSE,-1,N/A,0,FALSE,0,FALSE,0,FALSE,0,3743137,3743137,0,FALSE,TRUE,HS_12
C,A,20020101,2002,52,2002,32,ARG,Argentina,X,Export,0,W00,World,0,W00,World,H2,HS,TRUE,1201,Soya beans; whether or not broken,4,FALSE,C00,TOTAL CPC,0,0,TOTAL MOT,8,kg,6163390919,FALSE,-1,N/A,,FALSE,6163390919,FALSE,,FALSE,,1118763363,1118763363,0,TRUE,FALSE,HS_1201
C,A,20020101,2002,52,2002,76,BRA,Brazil,X,Export,0,W00,World,0,W00,World,H2,HS,TRUE,1201,Soya beans; whether or not broken,4,FALSE,C00,TOTAL CPC,0,0,TOTAL MOT,8,kg,15961027580,FALSE,-1,N/A,0,FALSE,15960003251,FALSE,0,FALSE,,3029955564,3029955564,0,FALSE,TRUE,HS_1201
C,A,20020101,2002,52,2002,144,LKA,Sri Lanka,X,Export,0,W00,World,0,W00,World,H2,HS,TRUE,1201,Soya beans; whether or not broken,4,FALSE,C00,TOTAL CPC,0,0,TOTAL MOT,8,kg,647,FALSE,-1,N/A,,FALSE,647,FALSE,,FALSE,,1683,1683,0,TRUE,FALSE,HS_1201
C,A,20020101,2002,52,2002,152,CHL,Chile,X,Export,0,W00,World,0,W00,World,H2,HS,TRUE,1201,Soya beans; whether or not broken,4,FALSE,C00,TOTAL CPC,0,0,TOTAL MOT,8,kg,3650100,TRUE,-1,N/A,,FALSE,3650100,TRUE,,FALSE,,844710,844710,6,TRUE,FALSE,HS_1201
C,A,20020101,2002,52,2002,170,COL,Colombia,X,Export,0,W00,World,0,W00,World,H2,HS,TRUE,1201,Soya beans; whether or not broken,4,FALSE,C00,TOTAL CPC,0,0,TOTAL MOT,8,kg,375,FALSE,-1,N/A,,FALSE,375,FALSE,,FALSE,,424,424,0,TRUE,FALSE,HS_1201
C,A,20020101,2002,52,2002,218,ECU,Ecuador,X,Export,0,W00,World,0,W00,World,H2,HS,TRUE,1201,Soya beans; whether or not broken,4,FALSE,C00,TOTAL CPC,0,0,TOTAL MOT,8,kg,72996165,FALSE,-1,N/A,,FALSE,72996165,FALSE,,FALSE,,18576677,18576677,0,TRUE,FALSE,HS_1201
C,A,20020101,2002,52,2002,222,SLV,El Salvador,X,Export,0,W00,World,0,W00,World,H2,HS,TRUE,1201,Soya beans; whether or not broken,4,FALSE,C00,TOTAL CPC,0,0,TOTAL MOT,8,kg,20412,FALSE,8,kg,20412,FALSE,20412,FALSE,0,FALSE,0,6115.65,6115.65,0,FALSE,TRUE,HS_1201
C,A,20020101,2002,52,2002,348,HUN,Hungary,X,Export,0,W00,World,0,W00,World,H2,HS,TRUE,1201,Soya beans; whether or not broken,4,FALSE,C00,TOTAL CPC,0,0,TOTAL MOT,8,kg,5255200,FALSE,-1,N/A,,FALSE,5255200,FALSE,,FALSE,,1448000,1448000,0,TRUE,FALSE,HS_1201
C,A,20020101,2002,52,2002,360,IDN,Indonesia,X,Export,0,W00,World,0,W00,World,H1,HS,TRUE,1201,Soya beans; whether or not broken,4,FALSE,C00,TOTAL CPC,0,0,TOTAL MOT,8,kg,235444,FALSE,-1,N/A,,FALSE,235444,FALSE,,FALSE,,152231,152231,0,FALSE,FALSE,HS_1201
C,A,20020101,2002,52,2002,484,MEX,Mexico,X,Export,0,W00,World,0,W00,World,H2,HS,TRUE,1201,Soya beans; whether or not broken,4,FALSE,C00,TOTAL CPC,0,0,TOTAL MOT,8,kg,326745,FALSE,-1,N/A,,FALSE,326745,FALSE,,FALSE,,302864,302864,0,TRUE,FALSE,HS_1201
C,A,20020101,2002,52,2002,604,PER,Peru,X,Export,0,W00,World,0,W00,World,H2,HS,TRUE,1201,Soya beans; whether or not broken,4,FALSE,C00,TOTAL CPC,0,0,TOTAL MOT,8,kg,893,FALSE,-1,N/A,,FALSE,893,FALSE,,FALSE,,1310,1310,0,TRUE,FALSE,HS_1201
C,A,20020101,2002,52,2002,634,QAT,Qatar,X,Export,0,W00,World,0,W00,World,H1,HS,TRUE,1201,Soya beans; whether or not broken,4,FALSE,C00,TOTAL CPC,0,0,TOTAL MOT,8,kg,796,FALSE,-1,N/A,,FALSE,796,FALSE,,FALSE,,934,934,0,FALSE,FALSE,HS_1201
C,A,20020101,2002,52,2002,642,ROU,Romania,X,Export,0,W00,World,0,W00,World,H2,HS,TRUE,1201,Soya beans; whether or not broken,4,FALSE,C00,TOTAL CPC,0,0,TOTAL MOT,8,kg,765050,FALSE,8,kg,765050,FALSE,765050,FALSE,0,FALSE,0,176425.5,176425.5,0,FALSE,TRUE,HS_1201
C,A,20020101,2002,52,2002,704,VNM,Viet Nam,X,Export,0,W00,World,0,W00,World,H1,HS,TRUE,1201,Soya beans; whether or not broken,4,FALSE,C00,TOTAL CPC,0,0,TOTAL MOT,8,kg,4162832,TRUE,-1,N/A,,FALSE,4162832,TRUE,,FALSE,,963367,963367,6,FALSE,FALSE,HS_1201
C,A,20020101,2002,52,2002,710,ZAF,South Africa,X,Export,0,W00,World,0,W00,World,H2,HS,TRUE,1201,Soya beans; whether or not broken,4,FALSE,C00,TOTAL CPC,0,0,TOTAL MOT,8,kg,3336600,FALSE,-1,N/A,,FALSE,3336600,FALSE,,FALSE,,1427890,1427890,0,TRUE,FALSE,HS_1201
C,A,20020101,2002,52,2002,784,ARE,United Arab Emirates,X,Export,0,W00,World,0,W00,World,H1,HS,TRUE,1201,Soya beans; whether or not broken,4,FALSE,C00,TOTAL CPC,0,0,TOTAL MOT,-1,N/A,,FALSE,-1,N/A,,FALSE,213750,FALSE,,FALSE,,54726,54726,0,FALSE,FALSE,HS_1201
C,A,20020101,2002,52,2002,792,TUR,Türkiye,X,Export,0,W00,World,0,W00,World,H2,HS,TRUE,1201,Soya beans; whether or not broken,4,FALSE,C00,TOTAL CPC,0,0,TOTAL MOT,8,kg,166000,FALSE,8,kg,166000,FALSE,166000,FALSE,0,FALSE,0,39508,39508,0,FALSE,TRUE,HS_1201
C,A,20020101,2002,52,2002,818,EGY,Egypt,X,Export,0,W00,World,0,W00,World,H0,HS,TRUE,1201,Soya beans; whether or not broken,4,FALSE,C00,TOTAL CPC,0,0,TOTAL MOT,8,kg,79715.835,TRUE,-1,N/A,0,FALSE,79715.835,TRUE,0,FALSE,0,16589.548,16589.548,6,FALSE,TRUE,HS_1201
C,A,20020101,2002,52,2002,858,URY,Uruguay,X,Export,0,W00,World,0,W00,World,H2,HS,TRUE,1201,Soya beans; whether or not broken,4,FALSE,C00,TOTAL CPC,0,0,TOTAL MOT,8,kg,61635766,FALSE,-1,N/A,,FALSE,61635766,FALSE,,FALSE,,10054699,10054699,0,TRUE,FALSE,HS_1201
C,A,20020101,2002,52,2002,894,ZMB,Zambia,X,Export,0,W00,World,0,W00,World,H2,HS,TRUE,1201,Soya beans; whether or not broken,4,FALSE,C00,TOTAL CPC,0,0,TOTAL MOT,8,kg,5385730,FALSE,8,kg,5385730,FALSE,5385730,FALSE,0,FALSE,0,1043013,1043013,0,FALSE,TRUE,HS_1201
C,A,20020101,2002,52,2002,32,ARG,Argentina,X,Export,0,W00,World,0,W00,World,H2,HS,TRUE,01,Animals; live,2,FALSE,C00,TOTAL CPC,0,0,TOTAL MOT,-1,N/A,,FALSE,-1,N/A,,FALSE,,FALSE,,FALSE,,8057242,8057242,0,TRUE,FALSE,HS_01
C,A,20020101,2002,52,2002,48,BHR,Bahrain,X,Export,0,W00,World,0,W00,World,H2,HS,TRUE,01,Animals; live,2,FALSE,C00,TOTAL CPC,0,0,TOTAL MOT,-1,N/A,,FALSE,-1,N/A,,FALSE,,FALSE,,FALSE,,280601,280601,0,TRUE,FALSE,HS_01
C,A,20020101,2002,52,2002,76,BRA,Brazil,X,Export,0,W00,World,0,W00,World,H2,HS,TRUE,01,Animals; live,2,FALSE,C00,TOTAL CPC,0,0,TOTAL MOT,-1,N/A,0,FALSE,-1,N/A,0,FALSE,0,FALSE,0,FALSE,,4997983,4997983,0,FALSE,TRUE,HS_01
C,A,20020101,2002,52,2002,144,LKA,Sri Lanka,X,Export,0,W00,World,0,W00,World,H2,HS,TRUE,01,Animals; live,2,FALSE,C00,TOTAL CPC,0,0,TOTAL MOT,-1,N/A,,FALSE,-1,N/A,,FALSE,,FALSE,,FALSE,,11375,11375,0,TRUE,FALSE,HS_01
C,A,20020101,2002,52,2002,152,CHL,Chile,X,Export,0,W00,World,0,W00,World,H2,HS,TRUE,01,Animals; live,2,FALSE,C00,TOTAL CPC,0,0,TOTAL MOT,-1,N/A,,FALSE,-1,N/A,,FALSE,,FALSE,,FALSE,,9388663,9388663,0,TRUE,FALSE,HS_01
C,A,20020101,2002,52,2002,170,COL,Colombia,X,Export,0,W00,World,0,W00,World,H2,HS,TRUE,01,Animals; live,2,FALSE,C00,TOTAL CPC,0,0,TOTAL MOT,-1,N/A,,FALSE,-1,N/A,,FALSE,,FALSE,,FALSE,,6964324,6964324,0,TRUE,FALSE,HS_01
C,A,20020101,2002,52,2002,218,ECU,Ecuador,X,Export,0,W00,World,0,W00,World,H2,HS,TRUE,01,Animals; live,2,FALSE,C00,TOTAL CPC,0,0,TOTAL MOT,-1,N/A,,FALSE,-1,N/A,,FALSE,,FALSE,,FALSE,,127296,127296,0,TRUE,FALSE,HS_01
C,A,20020101,2002,52,2002,222,SLV,El Salvador,X,Export,0,W00,World,0,W00,World,H2,HS,TRUE,01,Animals; live,2,FALSE,C00,TOTAL CPC,0,0,TOTAL MOT,-1,N/A,0,FALSE,-1,N/A,0,FALSE,0,FALSE,0,FALSE,0,3353798.55,3353798.55,0,FALSE,TRUE,HS_01
C,A,20020101,2002,52,2002,348,HUN,Hungary,X,Export,0,W00,World,0,W00,World,H2,HS,TRUE,01,Animals; live,2,FALSE,C00,TOTAL CPC,0,0,TOTAL MOT,-1,N/A,,FALSE,-1,N/A,,FALSE,,FALSE,,FALSE,,135299000,135299000,0,TRUE,FALSE,HS_01
C,A,20020101,2002,52,2002,360,IDN,Indonesia,X,Export,0,W00,World,0,W00,World,H1,HS,TRUE,01,Animals; live,2,FALSE,C00,TOTAL CPC,0,0,TOTAL MOT,-1,N/A,,FALSE,-1,N/A,,FALSE,,FALSE,,FALSE,,32076600,32076600,0,FALSE,FALSE,HS_01
C,A,20020101,2002,52,2002,384,CIV,Côte d'Ivoire,X,Export,0,W00,World,0,W00,World,H1,HS,TRUE,01,Animals; live,2,FALSE,C00,TOTAL CPC,0,0,TOTAL MOT,-1,N/A,,FALSE,-1,N/A,,FALSE,,FALSE,,FALSE,,181488,181488,0,FALSE,FALSE,HS_01
C,A,20020101,2002,52,2002,398,KAZ,Kazakhstan,X,Export,0,W00,World,0,W00,World,H1,HS,TRUE,01,Animals; live,2,FALSE,C00,TOTAL CPC,0,0,TOTAL MOT,-1,N/A,,FALSE,-1,N/A,,FALSE,,FALSE,,FALSE,,83000,83000,0,FALSE,FALSE,HS_01
C,A,20020101,2002,52,2002,484,MEX,Mexico,X,Export,0,W00,World,0,W00,World,H2,HS,TRUE,01,Animals; live,2,FALSE,C00,TOTAL CPC,0,0,TOTAL MOT,-1,N/A,,FALSE,-1,N/A,,FALSE,,FALSE,,FALSE,,352776549,352776549,0,TRUE,FALSE,HS_01
C,A,20020101,2002,52,2002,504,MAR,Morocco,X,Export,0,W00,World,0,W00,World,H2,HS,TRUE,01,Animals; live,2,FALSE,C00,TOTAL CPC,0,0,TOTAL MOT,-1,N/A,0,FALSE,-1,N/A,0,FALSE,0,FALSE,0,FALSE,0,1563284.725,1563284.725,0,FALSE,TRUE,HS_01
C,A,20020101,2002,52,2002,591,PAN,Panama,X,Export,0,W00,World,0,W00,World,H1,HS,TRUE,01,Animals; live,2,FALSE,C00,TOTAL CPC,0,0,TOTAL MOT,-1,N/A,,FALSE,-1,N/A,,FALSE,,FALSE,,FALSE,,13361546,13361546,0,FALSE,FALSE,HS_01
C,A,20020101,2002,52,2002,604,PER,Peru,X,Export,0,W00,World,0,W00,World,H2,HS,TRUE,01,Animals; live,2,FALSE,C00,TOTAL CPC,0,0,TOTAL MOT,-1,N/A,,FALSE,-1,N/A,,FALSE,,FALSE,,FALSE,,3755216,3755216,0,TRUE,FALSE,HS_01
C,A,20020101,2002,52,2002,608,PHL,Philippines,X,Export,0,W00,World,0,W00,World,H1,HS,TRUE,01,Animals; live,2,FALSE,C00,TOTAL CPC,0,0,TOTAL MOT,-1,N/A,,FALSE,-1,N/A,,FALSE,,FALSE,,FALSE,,6432208,6432208,0,FALSE,FALSE,HS_01
C,A,20020101,2002,52,2002,616,POL,Poland,X,Export,0,W00,World,0,W00,World,H2,HS,TRUE,01,Animals; live,2,FALSE,C00,TOTAL CPC,0,0,TOTAL MOT,-1,N/A,,FALSE,-1,N/A,,FALSE,,FALSE,,FALSE,,136240000,136240000,0,TRUE,FALSE,HS_01
C,A,20020101,2002,52,2002,634,QAT,Qatar,X,Export,0,W00,World,0,W00,World,H1,HS,TRUE,01,Animals; live,2,FALSE,C00,TOTAL CPC,0,0,TOTAL MOT,-1,N/A,,FALSE,-1,N/A,,FALSE,,FALSE,,FALSE,,5694638,5694638,0,FALSE,FALSE,HS_01
C,A,20020101,2002,52,2002,642,ROU,Romania,X,Export,0,W00,World,0,W00,World,H2,HS,TRUE,01,Animals; live,2,FALSE,C00,TOTAL CPC,0,0,TOTAL MOT,-1,N/A,0,FALSE,-1,N/A,0,FALSE,0,FALSE,0,FALSE,0,108547668.85,108547668.85,0,FALSE,TRUE,HS_01
C,A,20020101,2002,52,2002,682,SAU,Saudi Arabia,X,Export,0,W00,World,0,W00,World,H2,HS,TRUE,01,Animals; live,2,FALSE,C00,TOTAL CPC,0,0,TOTAL MOT,-1,N/A,,FALSE,-1,N/A,,FALSE,,FALSE,,FALSE,,9654412,9654412,0,TRUE,FALSE,HS_01
C,A,20020101,2002,52,2002,686,SEN,Senegal,X,Export,0,W00,World,0,W00,World,H1,HS,TRUE,01,Animals; live,2,FALSE,C00,TOTAL CPC,0,0,TOTAL MOT,-1,N/A,,FALSE,-1,N/A,,FALSE,,FALSE,,FALSE,,6517,6517,0,FALSE,FALSE,HS_01
C,A,20020101,2002,52,2002,704,VNM,Viet Nam,X,Export,0,W00,World,0,W00,World,H1,HS,TRUE,01,Animals; live,2,FALSE,C00,TOTAL CPC,0,0,TOTAL MOT,-1,N/A,,FALSE,-1,N/A,,FALSE,,FALSE,,FALSE,,3592012,3592012,0,FALSE,FALSE,HS_01
C,A,20020101,2002,52,2002,710,ZAF,South Africa,X,Export,0,W00,World,0,W00,World,H2,HS,TRUE,01,Animals; live,2,FALSE,C00,TOTAL CPC,0,0,TOTAL MOT,-1,N/A,,FALSE,-1,N/A,,FALSE,,FALSE,,FALSE,,13947575,13947575,0,TRUE,FALSE,HS_01
C,A,20020101,2002,52,2002,784,ARE,United Arab Emirates,X,Export,0,W00,World,0,W00,World,H1,HS,TRUE,01,Animals; live,2,FALSE,C00,TOTAL CPC,0,0,TOTAL MOT,-1,N/A,,FALSE,-1,N/A,,FALSE,,FALSE,,FALSE,,13455656,13455656,0,FALSE,FALSE,HS_01
C,A,20020101,2002,52,2002,792,TUR,Türkiye,X,Export,0,W00,World,0,W00,World,H2,HS,TRUE,01,Animals; live,2,FALSE,C00,TOTAL CPC,0,0,TOTAL MOT,-1,N/A,0,FALSE,-1,N/A,0,FALSE,0,FALSE,0,FALSE,0,31332991,31332991,0,FALSE,TRUE,HS_01
C,A,20020101,2002,52,2002,818,EGY,Egypt,X,Export,0,W00,World,0,W00,World,H0,HS,TRUE,01,Animals; live,2,FALSE,C00,TOTAL CPC,0,0,TOTAL MOT,-1,N/A,0,FALSE,-1,N/A,0,FALSE,0,TRUE,0,FALSE,0,5457502.9,5457502.9,4,FALSE,TRUE,HS_01
C,A,20020101,2002,52,2002,858,URY,Uruguay,X,Export,0,W00,World,0,W00,World,H2,HS,TRUE,01,Animals; live,2,FALSE,C00,TOTAL CPC,0,0,TOTAL MOT,-1,N/A,,FALSE,-1,N/A,,FALSE,,FALSE,,FALSE,,422244,422244,0,TRUE,FALSE,HS_01
C,A,20020101,2002,52,2002,894,ZMB,Zambia,X,Export,0,W00,World,0,W00,World,H2,HS,TRUE,01,Animals; live,2,FALSE,C00,TOTAL CPC,0,0,TOTAL MOT,-1,N/A,0,FALSE,-1,N/A,0,FALSE,0,FALSE,0,FALSE,0,3838467,3838467,0,FALSE,TRUE,HS_01
C,A,20020101,2002,52,2002,48,BHR,Bahrain,X,Export,0,W00,World,0,W00,World,H2,HS,TRUE,0102,Bovine animals; live,4,FALSE,C00,TOTAL CPC,0,0,TOTAL MOT,5,u,185,FALSE,-1,N/A,,FALSE,37600,FALSE,,FALSE,,60425,60425,0,TRUE,FALSE,HS_0102
C,A,20020101,2002,52,2002,76,BRA,Brazil,X,Export,0,W00,World,0,W00,World,H2,HS,TRUE,0102,Bovine animals; live,4,FALSE,C00,TOTAL CPC,0,0,TOTAL MOT,5,u,1014,FALSE,5,u,1014,FALSE,366433,FALSE,0,FALSE,,677054,677054,0,FALSE,TRUE,HS_0102
C,A,20020101,2002,52,2002,144,LKA,Sri Lanka,X,Export,0,W00,World,0,W00,World,H2,HS,TRUE,0102,Bovine animals; live,4,FALSE,C00,TOTAL CPC,0,0,TOTAL MOT,5,u,9,FALSE,-1,N/A,,FALSE,145,TRUE,,FALSE,,245,245,4,TRUE,FALSE,HS_0102
C,A,20020101,2002,52,2002,152,CHL,Chile,X,Export,0,W00,World,0,W00,World,H2,HS,TRUE,0102,Bovine animals; live,4,FALSE,C00,TOTAL CPC,0,0,TOTAL MOT,5,u,706,FALSE,-1,N/A,,FALSE,328146,TRUE,,FALSE,,539755,539755,4,TRUE,FALSE,HS_0102
C,A,20020101,2002,52,2002,170,COL,Colombia,X,Export,0,W00,World,0,W00,World,H2,HS,TRUE,0102,Bovine animals; live,4,FALSE,C00,TOTAL CPC,0,0,TOTAL MOT,5,u,159,FALSE,-1,N/A,,FALSE,64900,FALSE,,FALSE,,147700,147700,0,TRUE,FALSE,HS_0102
C,A,20020101,2002,52,2002,222,SLV,El Salvador,X,Export,0,W00,World,0,W00,World,H2,HS,TRUE,0102,Bovine animals; live,4,FALSE,C00,TOTAL CPC,0,0,TOTAL MOT,5,u,29.303,TRUE,-1,N/A,0,FALSE,4740.91,FALSE,0,FALSE,0,13622,13622,2,FALSE,TRUE,HS_0102
C,A,20020101,2002,52,2002,348,HUN,Hungary,X,Export,0,W00,World,0,W00,World,H2,HS,TRUE,0102,Bovine animals; live,4,FALSE,C00,TOTAL CPC,0,0,TOTAL MOT,-1,N/A,,FALSE,-1,N/A,,FALSE,25773000,FALSE,,FALSE,,38050000,38050000,0,TRUE,FALSE,HS_0102
C,A,20020101,2002,52,2002,360,IDN,Indonesia,X,Export,0,W00,World,0,W00,World,H1,HS,TRUE,0102,Bovine animals; live,4,FALSE,C00,TOTAL CPC,0,0,TOTAL MOT,-1,N/A,,FALSE,-1,N/A,,FALSE,155637,FALSE,,FALSE,,333116,333116,0,FALSE,FALSE,HS_0102
C,A,20020101,2002,52,2002,484,MEX,Mexico,X,Export,0,W00,World,0,W00,World,H2,HS,TRUE,0102,Bovine animals; live,4,FALSE,C00,TOTAL CPC,0,0,TOTAL MOT,5,u,947913,FALSE,-1,N/A,,FALSE,228369318,TRUE,,FALSE,,350580699,350580699,4,TRUE,FALSE,HS_0102
C,A,20020101,2002,52,2002,591,PAN,Panama,X,Export,0,W00,World,0,W00,World,H1,HS,TRUE,0102,Bovine animals; live,4,FALSE,C00,TOTAL CPC,0,0,TOTAL MOT,5,u,11537,TRUE,-1,N/A,,FALSE,2315657,FALSE,,FALSE,,13309623,13309623,2,FALSE,FALSE,HS_0102
C,A,20020101,2002,52,2002,616,POL,Poland,X,Export,0,W00,World,0,W00,World,H2,HS,TRUE,0102,Bovine animals; live,4,FALSE,C00,TOTAL CPC,0,0,TOTAL MOT,5,u,206776,TRUE,-1,N/A,,FALSE,65947717,FALSE,,FALSE,,93232000,93232000,2,TRUE,FALSE,HS_0102
C,A,20020101,2002,52,2002,634,QAT,Qatar,X,Export,0,W00,World,0,W00,World,H1,HS,TRUE,0102,Bovine animals; live,4,FALSE,C00,TOTAL CPC,0,0,TOTAL MOT,8,kg,1000,FALSE,-1,N/A,,FALSE,1000,FALSE,,FALSE,,5494,5494,0,FALSE,FALSE,HS_0102
C,A,20020101,2002,52,2002,642,ROU,Romania,X,Export,0,W00,World,0,W00,World,H2,HS,TRUE,0102,Bovine animals; live,4,FALSE,C00,TOTAL CPC,0,0,TOTAL MOT,5,u,97897,FALSE,5,u,97897,FALSE,27481197,FALSE,0,FALSE,0,34959652.14,34959652.14,0,FALSE,TRUE,HS_0102
C,A,20020101,2002,52,2002,682,SAU,Saudi Arabia,X,Export,0,W00,World,0,W00,World,H2,HS,TRUE,0102,Bovine animals; live,4,FALSE,C00,TOTAL CPC,0,0,TOTAL MOT,-1,N/A,,FALSE,-1,N/A,,FALSE,754000,FALSE,,FALSE,,913601,913601,0,TRUE,FALSE,HS_0102
C,A,20020101,2002,52,2002,686,SEN,Senegal,X,Export,0,W00,World,0,W00,World,H1,HS,TRUE,0102,Bovine animals; live,4,FALSE,C00,TOTAL CPC,0,0,TOTAL MOT,-1,N/A,,FALSE,-1,N/A,,FALSE,1300,FALSE,,FALSE,,2993,2993,0,FALSE,FALSE,HS_0102
C,A,20020101,2002,52,2002,710,ZAF,South Africa,X,Export,0,W00,World,0,W00,World,H2,HS,TRUE,0102,Bovine animals; live,4,FALSE,C00,TOTAL CPC,0,0,TOTAL MOT,5,u,87565,FALSE,-1,N/A,,FALSE,3495389,TRUE,,FALSE,,5704748,5704748,4,TRUE,FALSE,HS_0102
C,A,20020101,2002,52,2002,784,ARE,United Arab Emirates,X,Export,0,W00,World,0,W00,World,H1,HS,TRUE,0102,Bovine animals; live,4,FALSE,C00,TOTAL CPC,0,0,TOTAL MOT,-1,N/A,,FALSE,-1,N/A,,FALSE,3055230,FALSE,,FALSE,,2844383,2844383,0,FALSE,FALSE,HS_0102
C,A,20020101,2002,52,2002,792,TUR,Türkiye,X,Export,0,W00,World,0,W00,World,H2,HS,TRUE,0102,Bovine animals; live,4,FALSE,C00,TOTAL CPC,0,0,TOTAL MOT,5,u,279,FALSE,5,u,279,FALSE,134750,FALSE,0,FALSE,0,161700,161700,0,FALSE,TRUE,HS_0102
C,A,20020101,2002,52,2002,858,URY,Uruguay,X,Export,0,W00,World,0,W00,World,H2,HS,TRUE,0102,Bovine animals; live,4,FALSE,C00,TOTAL CPC,0,0,TOTAL MOT,5,u,4,FALSE,-1,N/A,,FALSE,2500,FALSE,,FALSE,,11800,11800,0,TRUE,FALSE,HS_0102
C,A,20020101,2002,52,2002,894,ZMB,Zambia,X,Export,0,W00,World,0,W00,World,H2,HS,TRUE,0102,Bovine animals; live,4,FALSE,C00,TOTAL CPC,0,0,TOTAL MOT,5,u,19.387,TRUE,-1,N/A,0,FALSE,10900,FALSE,0,FALSE,0,21843,21843,2,FALSE,TRUE,HS_0102
C,A,20020101,2002,52,2002,32,ARG,Argentina,X,Export,0,W00,World,0,W00,World,H2,HS,TRUE,02,Meat and edible meat offal,2,FALSE,C00,TOTAL CPC,0,0,TOTAL MOT,-1,N/A,,FALSE,-1,N/A,,FALSE,,FALSE,,FALSE,,442570863,442570863,0,TRUE,FALSE,HS_02
C,A,20020101,2002,52,2002,48,BHR,Bahrain,X,Export,0,W00,World,0,W00,World,H2,HS,TRUE,02,Meat and edible meat offal,2,FALSE,C00,TOTAL CPC,0,0,TOTAL MOT,-1,N/A,,FALSE,-1,N/A,,FALSE,,FALSE,,FALSE,,1076525,1076525,0,TRUE,FALSE,HS_02
C,A,20020101,2002,52,2002,76,BRA,Brazil,X,Export,0,W00,World,0,W00,World,H2,HS,TRUE,02,Meat and edible meat offal,2,FALSE,C00,TOTAL CPC,0,0,TOTAL MOT,-1,N/A,0,FALSE,-1,N/A,0,FALSE,0,FALSE,0,FALSE,,2747461525,2747461525,0,FALSE,TRUE,HS_02
C,A,20020101,2002,52,2002,144,LKA,Sri Lanka,X,Export,0,W00,World,0,W00,World,H2,HS,TRUE,02,Meat and edible meat offal,2,FALSE,C00,TOTAL CPC,0,0,TOTAL MOT,-1,N/A,,FALSE,-1,N/A,,FALSE,,FALSE,,FALSE,,846577,846577,0,TRUE,FALSE,HS_02
C,A,20020101,2002,52,2002,152,CHL,Chile,X,Export,0,W00,World,0,W00,World,H2,HS,TRUE,02,Meat and edible meat offal,2,FALSE,C00,TOTAL CPC,0,0,TOTAL MOT,-1,N/A,,FALSE,-1,N/A,,FALSE,,FALSE,,FALSE,,161842146,161842146,0,TRUE,FALSE,HS_02
C,A,20020101,2002,52,2002,170,COL,Colombia,X,Export,0,W00,World,0,W00,World,H2,HS,TRUE,02,Meat and edible meat offal,2,FALSE,C00,TOTAL CPC,0,0,TOTAL MOT,-1,N/A,,FALSE,-1,N/A,,FALSE,,FALSE,,FALSE,,5722518,5722518,0,TRUE,FALSE,HS_02
C,A,20020101,2002,52,2002,218,ECU,Ecuador,X,Export,0,W00,World,0,W00,World,H2,HS,TRUE,02,Meat and edible meat offal,2,FALSE,C00,TOTAL CPC,0,0,TOTAL MOT,-1,N/A,,FALSE,-1,N/A,,FALSE,,FALSE,,FALSE,,3724052,3724052,0,TRUE,FALSE,HS_02
C,A,20020101,2002,52,2002,222,SLV,El Salvador,X,Export,0,W00,World,0,W00,World,H2,HS,TRUE,02,Meat and edible meat offal,2,FALSE,C00,TOTAL CPC,0,0,TOTAL MOT,-1,N/A,0,FALSE,-1,N/A,0,FALSE,0,FALSE,0,FALSE,0,409228.28,409228.28,0,FALSE,TRUE,HS_02
C,A,20020101,2002,52,2002,348,HUN,Hungary,X,Export,0,W00,World,0,W00,World,H2,HS,TRUE,02,Meat and edible meat offal,2,FALSE,C00,TOTAL CPC,0,0,TOTAL MOT,-1,N/A,,FALSE,-1,N/A,,FALSE,,FALSE,,FALSE,,544861000,544861000,0,TRUE,FALSE,HS_02
C,A,20020101,2002,52,2002,360,IDN,Indonesia,X,Export,0,W00,World,0,W00,World,H1,HS,TRUE,02,Meat and edible meat offal,2,FALSE,C00,TOTAL CPC,0,0,TOTAL MOT,-1,N/A,,FALSE,-1,N/A,,FALSE,,FALSE,,FALSE,,21792472,21792472,0,FALSE,FALSE,HS_02
C,A,20020101,2002,52,2002,384,CIV,Côte d'Ivoire,X,Export,0,W00,World,0,W00,World,H1,HS,TRUE,02,Meat and edible meat offal,2,FALSE,C00,TOTAL CPC,0,0,TOTAL MOT,-1,N/A,,FALSE,-1,N/A,,FALSE,,FALSE,,FALSE,,28248,28248,0,FALSE,FALSE,HS_02
C,A,20020101,2002,52,2002,398,KAZ,Kazakhstan,X,Export,0,W00,World,0,W00,World,H1,HS,TRUE,02,Meat and edible meat offal,2,FALSE,C00,TOTAL CPC,0,0,TOTAL MOT,-1,N/A,,FALSE,-1,N/A,,FALSE,,FALSE,,FALSE,,1115400,1115400,0,FALSE,FALSE,HS_02
C,A,20020101,2002,52,2002,484,MEX,Mexico,X,Export,0,W00,World,0,W00,World,H2,HS,TRUE,02,Meat and edible meat offal,2,FALSE,C00,TOTAL CPC,0,0,TOTAL MOT,-1,N/A,,FALSE,-1,N/A,,FALSE,,FALSE,,FALSE,,204560860,204560860,0,TRUE,FALSE,HS_02
C,A,20020101,2002,52,2002,504,MAR,Morocco,X,Export,0,W00,World,0,W00,World,H2,HS,TRUE,02,Meat and edible meat offal,2,FALSE,C00,TOTAL CPC,0,0,TOTAL MOT,-1,N/A,0,FALSE,-1,N/A,0,FALSE,0,FALSE,0,FALSE,0,25631.267,25631.267,0,FALSE,TRUE,HS_02
C,A,20020101,2002,52,2002,591,PAN,Panama,X,Export,0,W00,World,0,W00,World,H1,HS,TRUE,02,Meat and edible meat offal,2,FALSE,C00,TOTAL CPC,0,0,TOTAL MOT,-1,N/A,,FALSE,-1,N/A,,FALSE,,FALSE,,FALSE,,20349290,20349290,0,FALSE,FALSE,HS_02
C,A,20020101,2002,52,2002,604,PER,Peru,X,Export,0,W00,World,0,W00,World,H2,HS,TRUE,02,Meat and edible meat offal,2,FALSE,C00,TOTAL CPC,0,0,TOTAL MOT,-1,N/A,,FALSE,-1,N/A,,FALSE,,FALSE,,FALSE,,540657,540657,0,TRUE,FALSE,HS_02
C,A,20020101,2002,52,2002,608,PHL,Philippines,X,Export,0,W00,World,0,W00,World,H1,HS,TRUE,02,Meat and edible meat offal,2,FALSE,C00,TOTAL CPC,0,0,TOTAL MOT,-1,N/A,,FALSE,-1,N/A,,FALSE,,FALSE,,FALSE,,140076,140076,0,FALSE,FALSE,HS_02
C,A,20020101,2002,52,2002,616,POL,Poland,X,Export,0,W00,World,0,W00,World,H2,HS,TRUE,02,Meat and edible meat offal,2,FALSE,C00,TOTAL CPC,0,0,TOTAL MOT,-1,N/A,,FALSE,-1,N/A,,FALSE,,FALSE,,FALSE,,295446000,295446000,0,TRUE,FALSE,HS_02
C,A,20020101,2002,52,2002,634,QAT,Qatar,X,Export,0,W00,World,0,W00,World,H1,HS,TRUE,02,Meat and edible meat offal,2,FALSE,C00,TOTAL CPC,0,0,TOTAL MOT,-1,N/A,,FALSE,-1,N/A,,FALSE,,FALSE,,FALSE,,269939,269939,0,FALSE,FALSE,HS_02
C,A,20020101,2002,52,2002,642,ROU,Romania,X,Export,0,W00,World,0,W00,World,H2,HS,TRUE,02,Meat and edible meat offal,2,FALSE,C00,TOTAL CPC,0,0,TOTAL MOT,-1,N/A,0,FALSE,-1,N/A,0,FALSE,0,FALSE,0,FALSE,0,7048265.19,7048265.19,0,FALSE,TRUE,HS_02
C,A,20020101,2002,52,2002,682,SAU,Saudi Arabia,X,Export,0,W00,World,0,W00,World,H2,HS,TRUE,02,Meat and edible meat offal,2,FALSE,C00,TOTAL CPC,0,0,TOTAL MOT,-1,N/A,,FALSE,-1,N/A,,FALSE,,FALSE,,FALSE,,20277892,20277892,0,TRUE,FALSE,HS_02
C,A,20020101,2002,52,2002,686,SEN,Senegal,X,Export,0,W00,World,0,W00,World,H1,HS,TRUE,02,Meat and edible meat offal,2,FALSE,C00,TOTAL CPC,0,0,TOTAL MOT,-1,N/A,,FALSE,-1,N/A,,FALSE,,FALSE,,FALSE,,167450,167450,0,FALSE,FALSE,HS_02
C,A,20020101,2002,52,2002,704,VNM,Viet Nam,X,Export,0,W00,World,0,W00,World,H1,HS,TRUE,02,Meat and edible meat offal,2,FALSE,C00,TOTAL CPC,0,0,TOTAL MOT,-1,N/A,,FALSE,-1,N/A,,FALSE,,FALSE,,FALSE,,25324533,25324533,0,FALSE,FALSE,HS_02
C,A,20020101,2002,52,2002,710,ZAF,South Africa,X,Export,0,W00,World,0,W00,World,H2,HS,TRUE,02,Meat and edible meat offal,2,FALSE,C00,TOTAL CPC,0,0,TOTAL MOT,-1,N/A,,FALSE,-1,N/A,,FALSE,,FALSE,,FALSE,,61176030,61176030,0,TRUE,FALSE,HS_02
C,A,20020101,2002,52,2002,784,ARE,United Arab Emirates,X,Export,0,W00,World,0,W00,World,H1,HS,TRUE,02,Meat and edible meat offal,2,FALSE,C00,TOTAL CPC,0,0,TOTAL MOT,-1,N/A,,FALSE,-1,N/A,,FALSE,,FALSE,,FALSE,,11821756,11821756,0,FALSE,FALSE,HS_02
C,A,20020101,2002,52,2002,792,TUR,Türkiye,X,Export,0,W00,World,0,W00,World,H2,HS,TRUE,02,Meat and edible meat offal,2,FALSE,C00,TOTAL CPC,0,0,TOTAL MOT,-1,N/A,0,FALSE,-1,N/A,0,FALSE,0,FALSE,0,FALSE,0,13558789,13558789,0,FALSE,TRUE,HS_02
C,A,20020101,2002,52,2002,818,EGY,Egypt,X,Export,0,W00,World,0,W00,World,H0,HS,TRUE,02,Meat and edible meat offal,2,FALSE,C00,TOTAL CPC,0,0,TOTAL MOT,-1,N/A,0,FALSE,-1,N/A,0,FALSE,0,FALSE,0,FALSE,0,1643377.944,1643377.944,0,FALSE,TRUE,HS_02
C,A,20020101,2002,52,2002,858,URY,Uruguay,X,Export,0,W00,World,0,W00,World,H2,HS,TRUE,02,Meat and edible meat offal,2,FALSE,C00,TOTAL CPC,0,0,TOTAL MOT,-1,N/A,,FALSE,-1,N/A,,FALSE,,FALSE,,FALSE,,285109157,285109157,0,TRUE,FALSE,HS_02
C,A,20020101,2002,52,2002,894,ZMB,Zambia,X,Export,0,W00,World,0,W00,World,H2,HS,TRUE,02,Meat and edible meat offal,2,FALSE,C00,TOTAL CPC,0,0,TOTAL MOT,-1,N/A,0,FALSE,-1,N/A,0,FALSE,0,FALSE,0,FALSE,0,330715,330715,0,FALSE,TRUE,HS_02
C,A,20020101,2002,52,2002,32,ARG,Argentina,X,Export,0,W00,World,0,W00,World,H2,HS,TRUE,0201,Meat of bovine animals; fresh or chilled,4,FALSE,C00,TOTAL CPC,0,0,TOTAL MOT,8,kg,60266349,FALSE,-1,N/A,,FALSE,60266349,FALSE,,FALSE,,220953738,220953738,0,TRUE,FALSE,HS_0201
C,A,20020101,2002,52,2002,48,BHR,Bahrain,X,Export,0,W00,World,0,W00,World,H2,HS,TRUE,0201,Meat of bovine animals; fresh or chilled,4,FALSE,C00,TOTAL CPC,0,0,TOTAL MOT,8,kg,2030,FALSE,-1,N/A,,FALSE,2030,FALSE,,FALSE,,8433,8433,0,TRUE,FALSE,HS_0201
C,A,20020101,2002,52,2002,76,BRA,Brazil,X,Export,0,W00,World,0,W00,World,H2,HS,TRUE,0201,Meat of bovine animals; fresh or chilled,4,FALSE,C00,TOTAL CPC,0,0,TOTAL MOT,-1,N/A,0,FALSE,8,kg,91517544,FALSE,108931024,FALSE,0,FALSE,,267882133,267882133,0,FALSE,TRUE,HS_0201
C,A,20020101,2002,52,2002,144,LKA,Sri Lanka,X,Export,0,W00,World,0,W00,World,H2,HS,TRUE,0201,Meat of bovine animals; fresh or chilled,4,FALSE,C00,TOTAL CPC,0,0,TOTAL MOT,8,kg,84,FALSE,-1,N/A,,FALSE,84,FALSE,,FALSE,,468,468,0,TRUE,FALSE,HS_0201
C,A,20020101,2002,52,2002,152,CHL,Chile,X,Export,0,W00,World,0,W00,World,H2,HS,TRUE,0201,Meat of bovine animals; fresh or chilled,4,FALSE,C00,TOTAL CPC,0,0,TOTAL MOT,8,kg,15566,TRUE,-1,N/A,,FALSE,15566,TRUE,,FALSE,,56345,56345,6,TRUE,FALSE,HS_0201
C,A,20020101,2002,52,2002,170,COL,Colombia,X,Export,0,W00,World,0,W00,World,H2,HS,TRUE,0201,Meat of bovine animals; fresh or chilled,4,FALSE,C00,TOTAL CPC,0,0,TOTAL MOT,8,kg,716981,FALSE,-1,N/A,,FALSE,716981,FALSE,,FALSE,,1701569,1701569,0,TRUE,FALSE,HS_0201
C,A,20020101,2002,52,2002,222,SLV,El Salvador,X,Export,0,W00,World,0,W00,World,H2,HS,TRUE,0201,Meat of bovine animals; fresh or chilled,4,FALSE,C00,TOTAL CPC,0,0,TOTAL MOT,8,kg,104,FALSE,8,kg,104,FALSE,104,FALSE,0,FALSE,0,1350,1350,0,FALSE,TRUE,HS_0201
C,A,20020101,2002,52,2002,348,HUN,Hungary,X,Export,0,W00,World,0,W00,World,H2,HS,TRUE,0201,Meat of bovine animals; fresh or chilled,4,FALSE,C00,TOTAL CPC,0,0,TOTAL MOT,8,kg,4467600,FALSE,-1,N/A,,FALSE,4467600,FALSE,,FALSE,,10339000,10339000,0,TRUE,FALSE,HS_0201
C,A,20020101,2002,52,2002,360,IDN,Indonesia,X,Export,0,W00,World,0,W00,World,H1,HS,TRUE,0201,Meat of bovine animals; fresh or chilled,4,FALSE,C00,TOTAL CPC,0,0,TOTAL MOT,8,kg,12180,FALSE,-1,N/A,,FALSE,12180,FALSE,,FALSE,,82429,82429,0,FALSE,FALSE,HS_0201
C,A,20020101,2002,52,2002,384,CIV,Côte d'Ivoire,X,Export,0,W00,World,0,W00,World,H1,HS,TRUE,0201,Meat of bovine animals; fresh or chilled,4,FALSE,C00,TOTAL CPC,0,0,TOTAL MOT,8,kg,8105,FALSE,-1,N/A,,FALSE,8105,FALSE,,FALSE,,17039,17039,0,FALSE,FALSE,HS_0201
C,A,20020101,2002,52,2002,398,KAZ,Kazakhstan,X,Export,0,W00,World,0,W00,World,H1,HS,TRUE,0201,Meat of bovine animals; fresh or chilled,4,FALSE,C00,TOTAL CPC,0,0,TOTAL MOT,8,kg,45900,FALSE,-1,N/A,,FALSE,45900,FALSE,,FALSE,,48000,48000,0,FALSE,FALSE,HS_0201
C,A,20020101,2002,52,2002,484,MEX,Mexico,X,Export,0,W00,World,0,W00,World,H2,HS,TRUE,0201,Meat of bovine animals; fresh or chilled,4,FALSE,C00,TOTAL CPC,0,0,TOTAL MOT,8,kg,2109677,FALSE,-1,N/A,,FALSE,2109677,FALSE,,FALSE,,12384827,12384827,0,TRUE,FALSE,HS_0201
C,A,20020101,2002,52,2002,504,MAR,Morocco,X,Export,0,W00,World,0,W00,World,H2,HS,TRUE,0201,Meat of bovine animals; fresh or chilled,4,FALSE,C00,TOTAL CPC,0,0,TOTAL MOT,8,kg,2692,FALSE,8,kg,2692,FALSE,2692,FALSE,0,FALSE,0,8401.459,8401.459,0,FALSE,TRUE,HS_0201
C,A,20020101,2002,52,2002,591,PAN,Panama,X,Export,0,W00,World,0,W00,World,H1,HS,TRUE,0201,Meat of bovine animals; fresh or chilled,4,FALSE,C00,TOTAL CPC,0,0,TOTAL MOT,8,kg,4037297,FALSE,-1,N/A,,FALSE,4037297,FALSE,,FALSE,,14698379,14698379,0,FALSE,FALSE,HS_0201
C,A,20020101,2002,52,2002,616,POL,Poland,X,Export,0,W00,World,0,W00,World,H2,HS,TRUE,0201,Meat of bovine animals; fresh or chilled,4,FALSE,C00,TOTAL CPC,0,0,TOTAL MOT,8,kg,18013139,FALSE,-1,N/A,,FALSE,18013139,FALSE,,FALSE,,31493000,31493000,0,TRUE,FALSE,HS_0201
C,A,20020101,2002,52,2002,634,QAT,Qatar,X,Export,0,W00,World,0,W00,World,H1,HS,TRUE,0201,Meat of bovine animals; fresh or chilled,4,FALSE,C00,TOTAL CPC,0,0,TOTAL MOT,8,kg,10437,FALSE,-1,N/A,,FALSE,10437,FALSE,,FALSE,,25047,25047,0,FALSE,FALSE,HS_0201
C,A,20020101,2002,52,2002,642,ROU,Romania,X,Export,0,W00,World,0,W00,World,H2,HS,TRUE,0201,Meat of bovine animals; fresh or chilled,4,FALSE,C00,TOTAL CPC,0,0,TOTAL MOT,8,kg,54333.4,FALSE,8,kg,54333.4,FALSE,54333.4,FALSE,0,FALSE,0,113564.92,113564.92,0,FALSE,TRUE,HS_0201
C,A,20020101,2002,52,2002,682,SAU,Saudi Arabia,X,Export,0,W00,World,0,W00,World,H2,HS,TRUE,0201,Meat of bovine animals; fresh or chilled,4,FALSE,C00,TOTAL CPC,0,0,TOTAL MOT,8,kg,234000,FALSE,-1,N/A,,FALSE,234000,FALSE,,FALSE,,558401,558401,0,TRUE,FALSE,HS_0201
C,A,20020101,2002,52,2002,686,SEN,Senegal,X,Export,0,W00,World,0,W00,World,H1,HS,TRUE,0201,Meat of bovine animals; fresh or chilled,4,FALSE,C00,TOTAL CPC,0,0,TOTAL MOT,8,kg,1000,FALSE,-1,N/A,,FALSE,1000,FALSE,,FALSE,,367,367,0,FALSE,FALSE,HS_0201
C,A,20020101,2002,52,2002,704,VNM,Viet Nam,X,Export,0,W00,World,0,W00,World,H1,HS,TRUE,0201,Meat of bovine animals; fresh or chilled,4,FALSE,C00,TOTAL CPC,0,0,TOTAL MOT,8,kg,1333,TRUE,-1,N/A,,FALSE,1333,TRUE,,FALSE,,4603,4603,6,FALSE,FALSE,HS_0201
C,A,20020101,2002,52,2002,710,ZAF,South Africa,X,Export,0,W00,World,0,W00,World,H2,HS,TRUE,0201,Meat of bovine animals; fresh or chilled,4,FALSE,C00,TOTAL CPC,0,0,TOTAL MOT,8,kg,5592578,FALSE,-1,N/A,,FALSE,5592578,FALSE,,FALSE,,4887872,4887872,0,TRUE,FALSE,HS_0201
C,A,20020101,2002,52,2002,784,ARE,United Arab Emirates,X,Export,0,W00,World,0,W00,World,H1,HS,TRUE,0201,Meat of bovine animals; fresh or chilled,4,FALSE,C00,TOTAL CPC,0,0,TOTAL MOT,-1,N/A,,FALSE,-1,N/A,,FALSE,111343,FALSE,,FALSE,,300304,300304,0,FALSE,FALSE,HS_0201
C,A,20020101,2002,52,2002,792,TUR,Türkiye,X,Export,0,W00,World,0,W00,World,H2,HS,TRUE,0201,Meat of bovine animals; fresh or chilled,4,FALSE,C00,TOTAL CPC,0,0,TOTAL MOT,8,kg,17707,FALSE,8,kg,17707,FALSE,17707,FALSE,0,FALSE,0,58024,58024,0,FALSE,TRUE,HS_0201
C,A,20020101,2002,52,2002,818,EGY,Egypt,X,Export,0,W00,World,0,W00,World,H0,HS,TRUE,0201,Meat of bovine animals; fresh or chilled,4,FALSE,C00,TOTAL CPC,0,0,TOTAL MOT,8,kg,140229.396,TRUE,-1,N/A,0,FALSE,140229.396,TRUE,0,FALSE,0,354164.439,354164.439,6,FALSE,TRUE,HS_0201
C,A,20020101,2002,52,2002,858,URY,Uruguay,X,Export,0,W00,World,0,W00,World,H2,HS,TRUE,0201,Meat of bovine animals; fresh or chilled,4,FALSE,C00,TOTAL CPC,0,0,TOTAL MOT,8,kg,30385478,FALSE,-1,N/A,,FALSE,30385478,FALSE,,FALSE,,77764513,77764513,0,TRUE,FALSE,HS_0201
C,A,20020101,2002,52,2002,894,ZMB,Zambia,X,Export,0,W00,World,0,W00,World,H2,HS,TRUE,0201,Meat of bovine animals; fresh or chilled,4,FALSE,C00,TOTAL CPC,0,0,TOTAL MOT,8,kg,18525,FALSE,8,kg,18525,FALSE,18525,FALSE,0,FALSE,0,21257,21257,0,FALSE,TRUE,HS_0201
C,A,20020101,2002,52,2002,32,ARG,Argentina,X,Export,0,W00,World,0,W00,World,H2,HS,TRUE,0202,Meat of bovine animals; frozen,4,FALSE,C00,TOTAL CPC,0,0,TOTAL MOT,8,kg,99765051,FALSE,-1,N/A,,FALSE,99765051,FALSE,,FALSE,,125320497,125320497,0,TRUE,FALSE,HS_0202
C,A,20020101,2002,52,2002,48,BHR,Bahrain,X,Export,0,W00,World,0,W00,World,H2,HS,TRUE,0202,Meat of bovine animals; frozen,4,FALSE,C00,TOTAL CPC,0,0,TOTAL MOT,8,kg,157058,FALSE,-1,N/A,,FALSE,157058,FALSE,,FALSE,,318643,318643,0,TRUE,FALSE,HS_0202
C,A,20020101,2002,52,2002,76,BRA,Brazil,X,Export,0,W00,World,0,W00,World,H2,HS,TRUE,0202,Meat of bovine animals; frozen,4,FALSE,C00,TOTAL CPC,0,0,TOTAL MOT,8,kg,316884251,FALSE,8,kg,285550669,FALSE,320901431,FALSE,0,FALSE,,507686844,507686844,0,FALSE,TRUE,HS_0202
C,A,20020101,2002,52,2002,144,LKA,Sri Lanka,X,Export,0,W00,World,0,W00,World,H2,HS,TRUE,0202,Meat of bovine animals; frozen,4,FALSE,C00,TOTAL CPC,0,0,TOTAL MOT,8,kg,84747,TRUE,-1,N/A,,FALSE,84747,TRUE,,FALSE,,403445,403445,6,TRUE,FALSE,HS_0202
C,A,20020101,2002,52,2002,152,CHL,Chile,X,Export,0,W00,World,0,W00,World,H2,HS,TRUE,0202,Meat of bovine animals; frozen,4,FALSE,C00,TOTAL CPC,0,0,TOTAL MOT,8,kg,3235135,TRUE,-1,N/A,,FALSE,3235135,TRUE,,FALSE,,6642468,6642468,6,TRUE,FALSE,HS_0202
C,A,20020101,2002,52,2002,170,COL,Colombia,X,Export,0,W00,World,0,W00,World,H2,HS,TRUE,0202,Meat of bovine animals; frozen,4,FALSE,C00,TOTAL CPC,0,0,TOTAL MOT,8,kg,1619125,FALSE,-1,N/A,,FALSE,1619125,FALSE,,FALSE,,3184553,3184553,0,TRUE,FALSE,HS_0202
C,A,20020101,2002,52,2002,348,HUN,Hungary,X,Export,0,W00,World,0,W00,World,H2,HS,TRUE,0202,Meat of bovine animals; frozen,4,FALSE,C00,TOTAL CPC,0,0,TOTAL MOT,8,kg,2821600,FALSE,-1,N/A,,FALSE,2821600,FALSE,,FALSE,,5512000,5512000,0,TRUE,FALSE,HS_0202
C,A,20020101,2002,52,2002,360,IDN,Indonesia,X,Export,0,W00,World,0,W00,World,H1,HS,TRUE,0202,Meat of bovine animals; frozen,4,FALSE,C00,TOTAL CPC,0,0,TOTAL MOT,8,kg,64417,FALSE,-1,N/A,,FALSE,64417,FALSE,,FALSE,,50756,50756,0,FALSE,FALSE,HS_0202
C,A,20020101,2002,52,2002,398,KAZ,Kazakhstan,X,Export,0,W00,World,0,W00,World,H1,HS,TRUE,0202,Meat of bovine animals; frozen,4,FALSE,C00,TOTAL CPC,0,0,TOTAL MOT,8,kg,575200,FALSE,-1,N/A,,FALSE,575200,FALSE,,FALSE,,662300,662300,0,FALSE,FALSE,HS_0202
C,A,20020101,2002,52,2002,484,MEX,Mexico,X,Export,0,W00,World,0,W00,World,H2,HS,TRUE,0202,Meat of bovine animals; frozen,4,FALSE,C00,TOTAL CPC,0,0,TOTAL MOT,8,kg,573863,FALSE,-1,N/A,,FALSE,573863,FALSE,,FALSE,,1316896,1316896,0,TRUE,FALSE,HS_0202
C,A,20020101,2002,52,2002,504,MAR,Morocco,X,Export,0,W00,World,0,W00,World,H2,HS,TRUE,0202,Meat of bovine animals; frozen,4,FALSE,C00,TOTAL CPC,0,0,TOTAL MOT,8,kg,1817,FALSE,8,kg,1817,FALSE,1817,FALSE,0,FALSE,0,4864.065,4864.065,0,FALSE,TRUE,HS_0202
C,A,20020101,2002,52,2002,616,POL,Poland,X,Export,0,W00,World,0,W00,World,H2,HS,TRUE,0202,Meat of bovine animals; frozen,4,FALSE,C00,TOTAL CPC,0,0,TOTAL MOT,8,kg,45193638,FALSE,-1,N/A,,FALSE,45193638,FALSE,,FALSE,,50036000,50036000,0,TRUE,FALSE,HS_0202
C,A,20020101,2002,52,2002,634,QAT,Qatar,X,Export,0,W00,World,0,W00,World,H1,HS,TRUE,0202,Meat of bovine animals; frozen,4,FALSE,C00,TOTAL CPC,0,0,TOTAL MOT,8,kg,13500,FALSE,-1,N/A,,FALSE,13500,FALSE,,FALSE,,7046,7046,0,FALSE,FALSE,HS_0202
C,A,20020101,2002,52,2002,642,ROU,Romania,X,Export,0,W00,World,0,W00,World,H2,HS,TRUE,0202,Meat of bovine animals; frozen,4,FALSE,C00,TOTAL CPC,0,0,TOTAL MOT,8,kg,339476.57,FALSE,8,kg,339476.57,FALSE,339476.57,FALSE,0,FALSE,0,923691.08,923691.08,0,FALSE,TRUE,HS_0202
C,A,20020101,2002,52,2002,682,SAU,Saudi Arabia,X,Export,0,W00,World,0,W00,World,H2,HS,TRUE,0202,Meat of bovine animals; frozen,4,FALSE,C00,TOTAL CPC,0,0,TOTAL MOT,8,kg,138000,FALSE,-1,N/A,,FALSE,138000,FALSE,,FALSE,,230934,230934,0,TRUE,FALSE,HS_0202
C,A,20020101,2002,52,2002,686,SEN,Senegal,X,Export,0,W00,World,0,W00,World,H1,HS,TRUE,0202,Meat of bovine animals; frozen,4,FALSE,C00,TOTAL CPC,0,0,TOTAL MOT,8,kg,10658,FALSE,-1,N/A,,FALSE,10658,FALSE,,FALSE,,46256,46256,0,FALSE,FALSE,HS_0202
C,A,20020101,2002,52,2002,710,ZAF,South Africa,X,Export,0,W00,World,0,W00,World,H2,HS,TRUE,0202,Meat of bovine animals; frozen,4,FALSE,C00,TOTAL CPC,0,0,TOTAL MOT,8,kg,5471158,FALSE,-1,N/A,,FALSE,5471158,FALSE,,FALSE,,7798300,7798300,0,TRUE,FALSE,HS_0202
C,A,20020101,2002,52,2002,784,ARE,United Arab Emirates,X,Export,0,W00,World,0,W00,World,H1,HS,TRUE,0202,Meat of bovine animals; frozen,4,FALSE,C00,TOTAL CPC,0,0,TOTAL MOT,-1,N/A,,FALSE,-1,N/A,,FALSE,1074830,FALSE,,FALSE,,2908514,2908514,0,FALSE,FALSE,HS_0202
C,A,20020101,2002,52,2002,792,TUR,Türkiye,X,Export,0,W00,World,0,W00,World,H2,HS,TRUE,0202,Meat of bovine animals; frozen,4,FALSE,C00,TOTAL CPC,0,0,TOTAL MOT,8,kg,14001,FALSE,8,kg,14001,FALSE,14001,FALSE,0,FALSE,0,61449,61449,0,FALSE,TRUE,HS_0202
C,A,20020101,2002,52,2002,818,EGY,Egypt,X,Export,0,W00,World,0,W00,World,H0,HS,TRUE,0202,Meat of bovine animals; frozen,4,FALSE,C00,TOTAL CPC,0,0,TOTAL MOT,8,kg,48.941,TRUE,-1,N/A,0,FALSE,48.941,TRUE,0,FALSE,0,88.895,88.895,6,FALSE,TRUE,HS_0202
C,A,20020101,2002,52,2002,858,URY,Uruguay,X,Export,0,W00,World,0,W00,World,H2,HS,TRUE,0202,Meat of bovine animals; frozen,4,FALSE,C00,TOTAL CPC,0,0,TOTAL MOT,8,kg,117843665,FALSE,-1,N/A,,FALSE,117843665,FALSE,,FALSE,,173442502,173442502,0,TRUE,FALSE,HS_0202
C,A,20020101,2002,52,2002,894,ZMB,Zambia,X,Export,0,W00,World,0,W00,World,H2,HS,TRUE,0202,Meat of bovine animals; frozen,4,FALSE,C00,TOTAL CPC,0,0,TOTAL MOT,8,kg,46358,FALSE,8,kg,46358,FALSE,46358,FALSE,0,FALSE,0,38061,38061,0,FALSE,TRUE,HS_0202
