type_code,freq_code,ref_period_id,ref_year,ref_month,period,reporter_code,reporter_iso,reporter_desc,flow_code,flow_desc,partner_code,partner_iso,partner_desc,partner2code,partner2iso,partner2desc,classification_code,classification_search_code,is_original_classification,cmd_code,cmd_desc,aggr_level,is_leaf,customs_code,customs_desc,mos_code,mot_code,mot_desc,qty_unit_code,qty_unit_abbr,qty,is_qty_estimated,alt_qty_unit_code,alt_qty_unit_abbr,alt_qty,is_alt_qty_estimated,net_wgt,is_net_wgt_estimated,gross_wgt,is_gross_wgt_estimated,cifvalue,fobvalue,primary_value,legacy_estimation_flag,is_reported,is_aggregate,query_type
C,A,20030101,2003,52,2003,32,ARG,Argentina,X,Export,0,W00,World,0,W00,World,H2,HS,TRUE,27,"Mineral fuels, mineral oils and products of their distillation; bituminous substances; mineral waxes",2,FALSE,C00,TOTAL CPC,0,0,TOTAL MOT,-1,N/A,,FALSE,-1,N/A,,FALSE,,FALSE,,FALSE,,5120029108,5120029108,0,TRUE,FALSE,HS_27
C,A,20030101,2003,52,2003,48,BHR,Bahrain,X,Export,0,W00,World,0,W00,World,H2,HS,TRUE,27,"Mineral fuels, mineral oils and products of their distillation; bituminous substances; mineral waxes",2,FALSE,C00,TOTAL CPC,0,0,TOTAL MOT,-1,N/A,,FALSE,-1,N/A,,FALSE,,FALSE,,FALSE,,4680927676,4680927676,0,TRUE,FALSE,HS_27
C,A,20030101,2003,52,2003,76,BRA,Brazil,X,Export,0,W00,World,0,W00,World,H2,HS,TRUE,27,"Mineral fuels, mineral oils and products of their distillation; bituminous substances; mineral waxes",2,FALSE,C00,TOTAL CPC,0,0,TOTAL MOT,-1,N/A,0,FALSE,-1,N/A,0,FALSE,0,TRUE,0,FALSE,,4917349146,4917349146,4,FALSE,TRUE,HS_27
C,A,20030101,2003,52,2003,144,LKA,Sri Lanka,X,Export,0,W00,World,0,W00,World,H2,HS,TRUE,27,"Mineral fuels, mineral oils and products of their distillation; bituminous substances; mineral waxes",2,FALSE,C00,TOTAL CPC,0,0,TOTAL MOT,-1,N/A,,FALSE,-1,N/A,,FALSE,,FALSE,,FALSE,,907936,907936,0,TRUE,FALSE,HS_27
C,A,20030101,2003,52,2003,152,CHL,Chile,X,Export,0,W00,World,0,W00,World,H2,HS,TRUE,27,"Mineral fuels, mineral oils and products of their distillation; bituminous substances; mineral waxes",2,FALSE,C00,TOTAL CPC,0,0,TOTAL MOT,-1,N/A,0,FALSE,-1,N/A,0,FALSE,0,TRUE,0,FALSE,0,611238952.323,611238952.323,4,FALSE,TRUE,HS_27
C,A,20030101,2003,52,2003,170,COL,Colombia,X,Export,0,W00,World,0,W00,World,H2,HS,TRUE,27,"Mineral fuels, mineral oils and products of their distillation; bituminous substances; mineral waxes",2,FALSE,C00,TOTAL CPC,0,0,TOTAL MOT,-1,N/A,,FALSE,-1,N/A,,FALSE,,FALSE,,FALSE,,4869050780,4869050780,0,TRUE,FALSE,HS_27
C,A,20030101,2003,52,2003,218,ECU,Ecuador,X,Export,0,W00,World,0,W00,World,H2,HS,TRUE,27,"Mineral fuels, mineral oils and products of their distillation; bituminous substances; mineral waxes",2,FALSE,C00,TOTAL CPC,0,0,TOTAL MOT,-1,N/A,,FALSE,-1,N/A,,FALSE,,FALSE,,FALSE,,2606378392,2606378392,0,TRUE,FALSE,HS_27
C,A,20030101,2003,52,2003,222,SLV,El Salvador,X,Export,0,W00,World,0,W00,World,H2,HS,TRUE,27,"Mineral fuels, mineral oils and products of their distillation; bituminous substances; mineral waxes",2,FALSE,C00,TOTAL CPC,0,0,TOTAL MOT,-1,N/A,0,FALSE,-1,N/A,0,FALSE,0,FALSE,0,FALSE,0,63170544.96,63170544.96,0,FALSE,TRUE,HS_27
C,A,20030101,2003,52,2003,348,HUN,Hungary,X,Export,0,W00,World,0,W00,World,H2,HS,TRUE,27,"Mineral fuels, mineral oils and products of their distillation; bituminous substances; mineral waxes",2,FALSE,C00,TOTAL CPC,0,0,TOTAL MOT,-1,N/A,,FALSE,-1,N/A,,FALSE,,FALSE,,FALSE,,699699000,699699000,0,TRUE,FALSE,HS_27
C,A,20030101,2003,52,2003,360,IDN,Indonesia,X,Export,0,W00,World,0,W00,World,H1,HS,TRUE,27,"Mineral fuels, mineral oils and products of their distillation; bituminous substances; mineral waxes",2,FALSE,C00,TOTAL CPC,0,0,TOTAL MOT,-1,N/A,,FALSE,-1,N/A,,FALSE,,FALSE,,FALSE,,15712977494,15712977494,0,FALSE,FALSE,HS_27
C,A,20030101,2003,52,2003,384,CIV,Côte d'Ivoire,X,Export,0,W00,World,0,W00,World,H2,HS,TRUE,27,"Mineral fuels, mineral oils and products of their distillation; bituminous substances; mineral waxes",2,FALSE,C00,TOTAL CPC,0,0,TOTAL MOT,-1,N/A,,FALSE,-1,N/A,,FALSE,,FALSE,,FALSE,,694790887,694790887,0,TRUE,FALSE,HS_27
C,A,20030101,2003,52,2003,398,KAZ,Kazakhstan,X,Export,0,W00,World,0,W00,World,H1,HS,TRUE,27,"Mineral fuels, mineral oils and products of their distillation; bituminous substances; mineral waxes",2,FALSE,C00,TOTAL CPC,0,0,TOTAL MOT,-1,N/A,,FALSE,-1,N/A,,FALSE,,FALSE,,FALSE,,7907276200,7907276200,0,FALSE,FALSE,HS_27
C,A,20030101,2003,52,2003,484,MEX,Mexico,X,Export,0,W00,World,0,W00,World,H2,HS,TRUE,27,"Mineral fuels, mineral oils and products of their distillation; bituminous substances; mineral waxes",2,FALSE,C00,TOTAL CPC,0,0,TOTAL MOT,-1,N/A,,FALSE,-1,N/A,,FALSE,,FALSE,,FALSE,,18523423828,18523423828,0,TRUE,FALSE,HS_27
C,A,20030101,2003,52,2003,504,MAR,Morocco,X,Export,0,W00,World,0,W00,World,H2,HS,TRUE,27,"Mineral fuels, mineral oils and products of their distillation; bituminous substances; mineral waxes",2,FALSE,C00,TOTAL CPC,0,0,TOTAL MOT,-1,N/A,0,FALSE,-1,N/A,0,FALSE,0,TRUE,0,FALSE,0,229171925.927,229171925.927,4,FALSE,TRUE,HS_27
C,A,20030101,2003,52,2003,566,NGA,Nigeria,X,Export,0,W00,World,0,W00,World,H1,HS,TRUE,27,"Mineral fuels, mineral oils and products of their distillation; bituminous substances; mineral waxes",2,FALSE,C00,TOTAL CPC,0,0,TOTAL MOT,-1,N/A,,FALSE,-1,N/A,,FALSE,,FALSE,,FALSE,,23570728140,23570728140,0,FALSE,FALSE,HS_27
C,A,20030101,2003,52,2003,586,PAK,Pakistan,X,Export,0,W00,World,0,W00,World,H2,HS,TRUE,27,"Mineral fuels, mineral oils and products of their distillation; bituminous substances; mineral waxes",2,FALSE,C00,TOTAL CPC,0,0,TOTAL MOT,-1,N/A,,FALSE,-1,N/A,,FALSE,,FALSE,,FALSE,,273276217,273276217,0,TRUE,FALSE,HS_27
C,A,20030101,2003,52,2003,591,PAN,Panama,X,Export,0,W00,World,0,W00,World,H2,HS,TRUE,27,"Mineral fuels, mineral oils and products of their distillation; bituminous substances; mineral waxes",2,FALSE,C00,TOTAL CPC,0,0,TOTAL MOT,-1,N/A,,FALSE,-1,N/A,,FALSE,,FALSE,,FALSE,,5369873,5369873,0,TRUE,FALSE,HS_27
C,A,20030101,2003,52,2003,604,PER,Peru,X,Export,0,W00,World,0,W00,World,H2,HS,TRUE,27,"Mineral fuels, mineral oils and products of their distillation; bituminous substances; mineral waxes",2,FALSE,C00,TOTAL CPC,0,0,TOTAL MOT,-1,N/A,,FALSE,-1,N/A,,FALSE,,FALSE,,FALSE,,666152148,666152148,0,TRUE,FALSE,HS_27
C,A,20030101,2003,52,2003,608,PHL,Philippines,X,Export,0,W00,World,0,W00,World,H1,HS,TRUE,27,"Mineral fuels, mineral oils and products of their distillation; bituminous substances; mineral waxes",2,FALSE,C00,TOTAL CPC,0,0,TOTAL MOT,-1,N/A,,FALSE,-1,N/A,,FALSE,,FALSE,,FALSE,,564798766,564798766,0,FALSE,FALSE,HS_27
C,A,20030101,2003,52,2003,616,POL,Poland,X,Export,0,W00,World,0,W00,World,H2,HS,TRUE,27,"Mineral fuels, mineral oils and products of their distillation; bituminous substances; mineral waxes",2,FALSE,C00,TOTAL CPC,0,0,TOTAL MOT,-1,N/A,,FALSE,-1,N/A,,FALSE,,FALSE,,FALSE,,2322952000,2322952000,0,TRUE,FALSE,HS_27
C,A,20030101,2003,52,2003,634,QAT,Qatar,X,Export,0,W00,World,0,W00,World,H0,HS,TRUE,27,"Mineral fuels, mineral oils and products of their distillation; bituminous substances; mineral waxes",2,FALSE,C00,TOTAL CPC,0,0,TOTAL MOT,-1,N/A,0,FALSE,-1,N/A,0,FALSE,,FALSE,0,FALSE,,12180397784.403,12180397784.403,0,FALSE,TRUE,HS_27
C,A,20030101,2003,52,2003,642,ROU,Romania,X,Export,0,W00,World,0,W00,World,H2,HS,TRUE,27,"Mineral fuels, mineral oils and products of their distillation; bituminous substances; mineral waxes",2,FALSE,C00,TOTAL CPC,0,0,TOTAL MOT,-1,N/A,0,FALSE,-1,N/A,0,FALSE,0,TRUE,0,FALSE,0,1144342446.29,1144342446.29,4,FALSE,TRUE,HS_27
C,A,20030101,2003,52,2003,682,SAU,Saudi Arabia,X,Export,0,W00,World,0,W00,World,H2,HS,TRUE,27,"Mineral fuels, mineral oils and products of their distillation; bituminous substances; mineral waxes",2,FALSE,C00,TOTAL CPC,0,0,TOTAL MOT,-1,N/A,,FALSE,-1,N/A,,FALSE,,FALSE,,FALSE,,82270088704,82270088704,0,TRUE,FALSE,HS_27
C,A,20030101,2003,52,2003,686,SEN,Senegal,X,Export,0,W00,World,0,W00,World,H2,HS,TRUE,27,"Mineral fuels, mineral oils and products of their distillation; bituminous substances; mineral waxes",2,FALSE,C00,TOTAL CPC,0,0,TOTAL MOT,-1,N/A,,FALSE,-1,N/A,,FALSE,,FALSE,,FALSE,,232214692,232214692,0,TRUE,FALSE,HS_27
C,A,20030101,2003,52,2003,704,VNM,Viet Nam,X,Export,0,W00,World,0,W00,World,H1,HS,TRUE,27,"Mineral fuels, mineral oils and products of their distillation; bituminous substances; mineral waxes",2,FALSE,C00,TOTAL CPC,0,0,TOTAL MOT,-1,N/A,,FALSE,-1,N/A,,FALSE,,FALSE,,FALSE,,4151175150,4151175150,0,FALSE,FALSE,HS_27
C,A,20030101,2003,52,2003,710,ZAF,South Africa,X,Export,0,W00,World,0,W00,World,H2,HS,TRUE,27,"Mineral fuels, mineral oils and products of their distillation; bituminous substances; mineral waxes",2,FALSE,C00,TOTAL CPC,0,0,TOTAL MOT,-1,N/A,,FALSE,-1,N/A,,FALSE,,FALSE,,FALSE,,3123186602,3123186602,0,TRUE,FALSE,HS_27
C,A,20030101,2003,52,2003,784,ARE,United Arab Emirates,X,Export,0,W00,World,0,W00,World,H2,HS,TRUE,27,"Mineral fuels, mineral oils and products of their distillation; bituminous substances; mineral waxes",2,FALSE,C00,TOTAL CPC,0,0,TOTAL MOT,-1,N/A,,FALSE,-1,N/A,,FALSE,,FALSE,,FALSE,,25813678258,25813678258,0,TRUE,FALSE,HS_27
C,A,20030101,2003,52,2003,792,TUR,Türkiye,X,Export,0,W00,World,0,W00,World,H2,HS,TRUE,27,"Mineral fuels, mineral oils and products of their distillation; bituminous substances; mineral waxes",2,FALSE,C00,TOTAL CPC,0,0,TOTAL MOT,-1,N/A,0,FALSE,-1,N/A,0,FALSE,0,FALSE,0,FALSE,0,980132690,980132690,0,FALSE,TRUE,HS_27
C,A,20030101,2003,52,2003,818,EGY,Egypt,X,Export,0,W00,World,0,W00,World,H0,HS,TRUE,27,"Mineral fuels, mineral oils and products of their distillation; bituminous substances; mineral waxes",2,FALSE,C00,TOTAL CPC,0,0,TOTAL MOT,-1,N/A,0,FALSE,-1,N/A,0,FALSE,0,FALSE,0,FALSE,0,2749042105.049,2749042105.049,0,FALSE,TRUE,HS_27
C,A,20030101,2003,52,2003,858,URY,Uruguay,X,Export,0,W00,World,0,W00,World,H2,HS,TRUE,27,"Mineral fuels, mineral oils and products of their distillation; bituminous substances; mineral waxes",2,FALSE,C00,TOTAL CPC,0,0,TOTAL MOT,-1,N/A,,FALSE,-1,N/A,,FALSE,,FALSE,,FALSE,,34322483,34322483,0,TRUE,FALSE,HS_27
C,A,20030101,2003,52,2003,894,ZMB,Zambia,X,Export,0,W00,World,0,W00,World,H2,HS,TRUE,27,"Mineral fuels, mineral oils and products of their distillation; bituminous substances; mineral waxes",2,FALSE,C00,TOTAL CPC,0,0,TOTAL MOT,-1,N/A,0,FALSE,-1,N/A,0,FALSE,0,FALSE,0,FALSE,0,25718670,25718670,0,FALSE,TRUE,HS_27
C,A,20030101,2003,52,2003,32,ARG,Argentina,X,Export,0,W00,World,0,W00,World,H2,HS,TRUE,2709,Petroleum oils and oils obtained from bituminous minerals; crude,4,FALSE,C00,TOTAL CPC,0,0,TOTAL MOT,8,kg,12123208013,FALSE,-1,N/A,,FALSE,12123208013,FALSE,,FALSE,,2298635334,2298635334,0,TRUE,FALSE,HS_2709
C,A,20030101,2003,52,2003,76,BRA,Brazil,X,Export,0,W00,World,0,W00,World,H2,HS,TRUE,2709,Petroleum oils and oils obtained from bituminous minerals; crude,4,FALSE,C00,TOTAL CPC,0,0,TOTAL MOT,8,kg,12606968540.944,TRUE,-1,N/A,0,FALSE,12606968540.944,TRUE,0,FALSE,,2121931508,2121931508,6,FALSE,TRUE,HS_2709
C,A,20030101,2003,52,2003,170,COL,Colombia,X,Export,0,W00,World,0,W00,World,H2,HS,TRUE,2709,Petroleum oils and oils obtained from bituminous minerals; crude,4,FALSE,C00,TOTAL CPC,0,0,TOTAL MOT,8,kg,12561939116,FALSE,-1,N/A,,FALSE,12561939116,FALSE,,FALSE,,2476533889,2476533889,0,TRUE,FALSE,HS_2709
C,A,20030101,2003,52,2003,218,ECU,Ecuador,X,Export,0,W00,World,0,W00,World,H2,HS,TRUE,2709,Petroleum oils and oils obtained from bituminous minerals; crude,4,FALSE,C00,TOTAL CPC,0,0,TOTAL MOT,8,kg,12928942408,FALSE,-1,N/A,,FALSE,12928942408,FALSE,,FALSE,,2372314139,2372314139,0,TRUE,FALSE,HS_2709
C,A,20030101,2003,52,2003,360,IDN,Indonesia,X,Export,0,W00,World,0,W00,World,H1,HS,TRUE,2709,Petroleum oils and oils obtained from bituminous minerals; crude,4,FALSE,C00,TOTAL CPC,0,0,TOTAL MOT,8,kg,26517548229,FALSE,-1,N/A,,FALSE,26517548229,FALSE,,FALSE,,5621004057,5621004057,0,FALSE,FALSE,HS_2709
C,A,20030101,2003,52,2003,384,CIV,Côte d'Ivoire,X,Export,0,W00,World,0,W00,World,H2,HS,TRUE,2709,Petroleum oils and oils obtained from bituminous minerals; crude,4,FALSE,C00,TOTAL CPC,0,0,TOTAL MOT,8,kg,913355821,FALSE,-1,N/A,,FALSE,913355821,FALSE,,FALSE,,189378407,189378407,0,TRUE,FALSE,HS_2709
C,A,20030101,2003,52,2003,398,KAZ,Kazakhstan,X,Export,0,W00,World,0,W00,World,H1,HS,TRUE,2709,Petroleum oils and oils obtained from bituminous minerals; crude,4,FALSE,C00,TOTAL CPC,0,0,TOTAL MOT,-1,N/A,,FALSE,-1,N/A,,FALSE,,FALSE,,FALSE,,7012512700,7012512700,0,FALSE,FALSE,HS_2709
C,A,20030101,2003,52,2003,484,MEX,Mexico,X,Export,0,W00,World,0,W00,World,H2,HS,TRUE,2709,Petroleum oils and oils obtained from bituminous minerals; crude,4,FALSE,C00,TOTAL CPC,0,0,TOTAL MOT,-1,N/A,,FALSE,-1,N/A,,FALSE,92828448587,TRUE,,FALSE,,16832097643,16832097643,4,TRUE,FALSE,HS_2709
C,A,20030101,2003,52,2003,566,NGA,Nigeria,X,Export,0,W00,World,0,W00,World,H1,HS,TRUE,2709,Petroleum oils and oils obtained from bituminous minerals; crude,4,FALSE,C00,TOTAL CPC,0,0,TOTAL MOT,8,kg,793807803,FALSE,-1,N/A,,FALSE,793807803,FALSE,,FALSE,,23210023057,23210023057,0,FALSE,FALSE,HS_2709
C,A,20030101,2003,52,2003,586,PAK,Pakistan,X,Export,0,W00,World,0,W00,World,H2,HS,TRUE,2709,Petroleum oils and oils obtained from bituminous minerals; crude,4,FALSE,C00,TOTAL CPC,0,0,TOTAL MOT,8,kg,157392000,FALSE,-1,N/A,,FALSE,157392000,FALSE,,FALSE,,33720305,33720305,0,TRUE,FALSE,HS_2709
C,A,20030101,2003,52,2003,604,PER,Peru,X,Export,0,W00,World,0,W00,World,H2,HS,TRUE,2709,Petroleum oils and oils obtained from bituminous minerals; crude,4,FALSE,C00,TOTAL CPC,0,0,TOTAL MOT,8,kg,1563279812,FALSE,-1,N/A,,FALSE,1563279812,FALSE,,FALSE,,262132016,262132016,0,TRUE,FALSE,HS_2709
C,A,20030101,2003,52,2003,608,PHL,Philippines,X,Export,0,W00,World,0,W00,World,H1,HS,TRUE,2709,Petroleum oils and oils obtained from bituminous minerals; crude,4,FALSE,C00,TOTAL CPC,0,0,TOTAL MOT,8,kg,10912315,FALSE,-1,N/A,,FALSE,10912315,FALSE,,FALSE,,2902603,2902603,0,FALSE,FALSE,HS_2709
C,A,20030101,2003,52,2003,616,POL,Poland,X,Export,0,W00,World,0,W00,World,H2,HS,TRUE,2709,Petroleum oils and oils obtained from bituminous minerals; crude,4,FALSE,C00,TOTAL CPC,0,0,TOTAL MOT,8,kg,161074107,FALSE,-1,N/A,,FALSE,161074107,FALSE,,FALSE,,32290000,32290000,0,TRUE,FALSE,HS_2709
C,A,20030101,2003,52,2003,634,QAT,Qatar,X,Export,0,W00,World,0,W00,World,H0,HS,TRUE,2709,Petroleum oils and oils obtained from bituminous minerals; crude,4,FALSE,C00,TOTAL CPC,0,0,TOTAL MOT,-1,N/A,0,FALSE,-1,N/A,0,FALSE,,FALSE,0,FALSE,,6716841273.287,6716841273.287,0,FALSE,TRUE,HS_2709
C,A,20030101,2003,52,2003,682,SAU,Saudi Arabia,X,Export,0,W00,World,0,W00,World,H2,HS,TRUE,2709,Petroleum oils and oils obtained from bituminous minerals; crude,4,FALSE,C00,TOTAL CPC,0,0,TOTAL MOT,8,kg,324891044000,FALSE,-1,N/A,,FALSE,324891044000,FALSE,,FALSE,,70641438168,70641438168,0,TRUE,FALSE,HS_2709
C,A,20030101,2003,52,2003,686,SEN,Senegal,X,Export,0,W00,World,0,W00,World,H2,HS,TRUE,2709,Petroleum oils and oils obtained from bituminous minerals; crude,4,FALSE,C00,TOTAL CPC,0,0,TOTAL MOT,8,kg,176986908,FALSE,-1,N/A,,FALSE,176986908,FALSE,,FALSE,,43618564,43618564,0,TRUE,FALSE,HS_2709
C,A,20030101,2003,52,2003,704,VNM,Viet Nam,X,Export,0,W00,World,0,W00,World,H1,HS,TRUE,2709,Petroleum oils and oils obtained from bituminous minerals; crude,4,FALSE,C00,TOTAL CPC,0,0,TOTAL MOT,-1,N/A,,FALSE,-1,N/A,,FALSE,,FALSE,,FALSE,,3821042000,3821042000,0,FALSE,FALSE,HS_2709
C,A,20030101,2003,52,2003,710,ZAF,South Africa,X,Export,0,W00,World,0,W00,World,H2,HS,TRUE,2709,Petroleum oils and oils obtained from bituminous minerals; crude,4,FALSE,C00,TOTAL CPC,0,0,TOTAL MOT,8,kg,438745,FALSE,-1,N/A,,FALSE,438745,FALSE,,FALSE,,512117,512117,0,TRUE,FALSE,HS_2709
C,A,20030101,2003,52,2003,784,ARE,United Arab Emirates,X,Export,0,W00,World,0,W00,World,H2,HS,TRUE,2709,Petroleum oils and oils obtained from bituminous minerals; crude,4,FALSE,C00,TOTAL CPC,0,0,TOTAL MOT,-1,N/A,,FALSE,-1,N/A,,FALSE,,FALSE,,FALSE,,21010178986,21010178986,0,TRUE,FALSE,HS_2709
C,A,20030101,2003,52,2003,792,TUR,Türkiye,X,Export,0,W00,World,0,W00,World,H2,HS,TRUE,2709,Petroleum oils and oils obtained from bituminous minerals; crude,4,FALSE,C00,TOTAL CPC,0,0,TOTAL MOT,8,kg,8401000,FALSE,8,kg,8401000,FALSE,8401000,FALSE,0,FALSE,0,2772319,2772319,0,FALSE,TRUE,HS_2709
C,A,20030101,2003,52,2003,818,EGY,Egypt,X,Export,0,W00,World,0,W00,World,H0,HS,TRUE,2709,Petroleum oils and oils obtained from bituminous minerals; crude,4,FALSE,C00,TOTAL CPC,0,0,TOTAL MOT,8,kg,1848068435.07,TRUE,-1,N/A,0,FALSE,1848068435.07,TRUE,0,FALSE,0,351491329.939,351491329.939,6,FALSE,TRUE,HS_2709
C,A,20030101,2003,52,2003,894,ZMB,Zambia,X,Export,0,W00,World,0,W00,World,H2,HS,TRUE,2709,Petroleum oils and oils obtained from bituminous minerals; crude,4,FALSE,C00,TOTAL CPC,0,0,TOTAL MOT,8,kg,575,FALSE,8,kg,575,FALSE,575,FALSE,0,FALSE,0,947,947,0,FALSE,TRUE,HS_2709
C,A,20030101,2003,52,2003,32,ARG,Argentina,X,Export,0,W00,World,0,W00,World,H2,HS,TRUE,2710,"Petroleum oils and oils from bituminous minerals, not crude; preparations n.e.c. containing by weight 70% or more of petroleum oils or oils from bituminous minerals; these being the basic constituents of the preparations; waste oils",4,FALSE,C00,TOTAL CPC,0,0,TOTAL MOT,8,kg,6915503524,TRUE,-1,N/A,,FALSE,6915503524,TRUE,,FALSE,,1814799786,1814799786,6,TRUE,FALSE,HS_2710
C,A,20030101,2003,52,2003,48,BHR,Bahrain,X,Export,0,W00,World,0,W00,World,H2,HS,TRUE,2710,"Petroleum oils and oils from bituminous minerals, not crude; preparations n.e.c. containing by weight 70% or more of petroleum oils or oils from bituminous minerals; these being the basic constituents of the preparations; waste oils",4,FALSE,C00,TOTAL CPC,0,0,TOTAL MOT,8,kg,14158670125,TRUE,-1,N/A,,FALSE,14158670125,TRUE,,FALSE,,4680737918,4680737918,6,TRUE,FALSE,HS_2710
C,A,20030101,2003,52,2003,76,BRA,Brazil,X,Export,0,W00,World,0,W00,World,H2,HS,TRUE,2710,"Petroleum oils and oils from bituminous minerals, not crude; preparations n.e.c. containing by weight 70% or more of petroleum oils or oils from bituminous minerals; these being the basic constituents of the preparations; waste oils",4,FALSE,C00,TOTAL CPC,0,0,TOTAL MOT,8,kg,8188481443,FALSE,-1,N/A,0,FALSE,8269037628,FALSE,0,FALSE,,1599764477,1599764477,0,FALSE,TRUE,HS_2710
C,A,20030101,2003,52,2003,144,LKA,Sri Lanka,X,Export,0,W00,World,0,W00,World,H2,HS,TRUE,2710,"Petroleum oils and oils from bituminous minerals, not crude; preparations n.e.c. containing by weight 70% or more of petroleum oils or oils from bituminous minerals; these being the basic constituents of the preparations; waste oils",4,FALSE,C00,TOTAL CPC,0,0,TOTAL MOT,8,kg,3496790,FALSE,-1,N/A,,FALSE,3496790,FALSE,,FALSE,,897909,897909,0,TRUE,FALSE,HS_2710
C,A,20030101,2003,52,2003,152,CHL,Chile,X,Export,0,W00,World,0,W00,World,H2,HS,TRUE,2710,"Petroleum oils and oils from bituminous minerals, not crude; preparations n.e.c. containing by weight 70% or more of petroleum oils or oils from bituminous minerals; these being the basic constituents of the preparations; waste oils",4,FALSE,C00,TOTAL CPC,0,0,TOTAL MOT,8,kg,2420319188.773,TRUE,-1,N/A,0,FALSE,2420319188.773,TRUE,0,FALSE,0,572924207.29,572924207.29,6,FALSE,TRUE,HS_2710
C,A,20030101,2003,52,2003,170,COL,Colombia,X,Export,0,W00,World,0,W00,World,H2,HS,TRUE,2710,"Petroleum oils and oils from bituminous minerals, not crude; preparations n.e.c. containing by weight 70% or more of petroleum oils or oils from bituminous minerals; these being the basic constituents of the preparations; waste oils",4,FALSE,C00,TOTAL CPC,0,0,TOTAL MOT,8,kg,4719187479,FALSE,-1,N/A,,FALSE,4719187479,FALSE,,FALSE,,889077564,889077564,0,TRUE,FALSE,HS_2710
C,A,20030101,2003,52,2003,218,ECU,Ecuador,X,Export,0,W00,World,0,W00,World,H2,HS,TRUE,2710,"Petroleum oils and oils from bituminous minerals, not crude; preparations n.e.c. containing by weight 70% or more of petroleum oils or oils from bituminous minerals; these being the basic constituents of the preparations; waste oils",4,FALSE,C00,TOTAL CPC,0,0,TOTAL MOT,8,kg,1310446879,FALSE,-1,N/A,,FALSE,1310446879,FALSE,,FALSE,,153435811,153435811,0,TRUE,FALSE,HS_2710
C,A,20030101,2003,52,2003,222,SLV,El Salvador,X,Export,0,W00,World,0,W00,World,H2,HS,TRUE,2710,"Petroleum oils and oils from bituminous minerals, not crude; preparations n.e.c. containing by weight 70% or more of petroleum oils or oils from bituminous minerals; these being the basic constituents of the preparations; waste oils",4,FALSE,C00,TOTAL CPC,0,0,TOTAL MOT,-1,N/A,0,FALSE,-1,N/A,0,FALSE,0,FALSE,0,FALSE,0,54634482.57,54634482.57,0,FALSE,TRUE,HS_2710
C,A,20030101,2003,52,2003,348,HUN,Hungary,X,Export,0,W00,World,0,W00,World,H2,HS,TRUE,2710,"Petroleum oils and oils from bituminous minerals, not crude; preparations n.e.c. containing by weight 70% or more of petroleum oils or oils from bituminous minerals; these being the basic constituents of the preparations; waste oils",4,FALSE,C00,TOTAL CPC,0,0,TOTAL MOT,8,kg,1947950300,FALSE,-1,N/A,,FALSE,1947950300,FALSE,,FALSE,,566545000,566545000,0,TRUE,FALSE,HS_2710
C,A,20030101,2003,52,2003,360,IDN,Indonesia,X,Export,0,W00,World,0,W00,World,H1,HS,TRUE,2710,"Petroleum oils, oils from bituminous minerals, not crude; preparations n.e.s. containing less than 70% petroleum oils, oils from bituminous minerals; these being the basic constituents of the preparations",4,FALSE,C00,TOTAL CPC,0,0,TOTAL MOT,8,kg,6988601072,FALSE,-1,N/A,,FALSE,6988601072,FALSE,,FALSE,,1531326501,1531326501,0,FALSE,FALSE,HS_2710
C,A,20030101,2003,52,2003,384,CIV,Côte d'Ivoire,X,Export,0,W00,World,0,W00,World,H2,HS,TRUE,2710,"Petroleum oils and oils from bituminous minerals, not crude; preparations n.e.c. containing by weight 70% or more of petroleum oils or oils from bituminous minerals; these being the basic constituents of the preparations; waste oils",4,FALSE,C00,TOTAL CPC,0,0,TOTAL MOT,8,kg,1124954888,FALSE,-1,N/A,,FALSE,1124954888,FALSE,,FALSE,,288462731,288462731,0,TRUE,FALSE,HS_2710
C,A,20030101,2003,52,2003,398,KAZ,Kazakhstan,X,Export,0,W00,World,0,W00,World,H1,HS,TRUE,2710,"Petroleum oils, oils from bituminous minerals, not crude; preparations n.e.s. containing less than 70% petroleum oils, oils from bituminous minerals; these being the basic constituents of the preparations",4,FALSE,C00,TOTAL CPC,0,0,TOTAL MOT,8,kg,986450284,TRUE,-1,N/A,,FALSE,986450284,TRUE,,FALSE,,252532600,252532600,6,FALSE,FALSE,HS_2710
C,A,20030101,2003,52,2003,484,MEX,Mexico,X,Export,0,W00,World,0,W00,World,H2,HS,TRUE,2710,"Petroleum oils and oils from bituminous minerals, not crude; preparations n.e.c. containing by weight 70% or more of petroleum oils or oils from bituminous minerals; these being the basic constituents of the preparations; waste oils",4,FALSE,C00,TOTAL CPC,0,0,TOTAL MOT,-1,N/A,,FALSE,-1,N/A,,FALSE,,FALSE,,FALSE,,1570487488,1570487488,0,TRUE,FALSE,HS_2710
C,A,20030101,2003,52,2003,504,MAR,Morocco,X,Export,0,W00,World,0,W00,World,H2,HS,TRUE,2710,"Petroleum oils and oils from bituminous minerals, not crude; preparations n.e.c. containing by weight 70% or more of petroleum oils or oils from bituminous minerals; these being the basic constituents of the preparations; waste oils",4,FALSE,C00,TOTAL CPC,0,0,TOTAL MOT,8,kg,430876509.076,TRUE,-1,N/A,0,FALSE,430876509.076,TRUE,0,FALSE,0,90640043.366,90640043.366,6,FALSE,TRUE,HS_2710
C,A,20030101,2003,52,2003,566,NGA,Nigeria,X,Export,0,W00,World,0,W00,World,H1,HS,TRUE,2710,"Petroleum oils, oils from bituminous minerals, not crude; preparations n.e.s. containing less than 70% petroleum oils, oils from bituminous minerals; these being the basic constituents of the preparations",4,FALSE,C00,TOTAL CPC,0,0,TOTAL MOT,8,kg,10010052,FALSE,-1,N/A,,FALSE,10010052,FALSE,,FALSE,,2722533,2722533,0,FALSE,FALSE,HS_2710
C,A,20030101,2003,52,2003,586,PAK,Pakistan,X,Export,0,W00,World,0,W00,World,H2,HS,TRUE,2710,"Petroleum oils and oils from bituminous minerals, not crude; preparations n.e.c. containing by weight 70% or more of petroleum oils or oils from bituminous minerals; these being the basic constituents of the preparations; waste oils",4,FALSE,C00,TOTAL CPC,0,0,TOTAL MOT,8,kg,840164316,TRUE,-1,N/A,,FALSE,840164316,TRUE,,FALSE,,229944313,229944313,6,TRUE,FALSE,HS_2710
C,A,20030101,2003,52,2003,591,PAN,Panama,X,Export,0,W00,World,0,W00,World,H2,HS,TRUE,2710,"Petroleum oils and oils from bituminous minerals, not crude; preparations n.e.c. containing by weight 70% or more of petroleum oils or oils from bituminous minerals; these being the basic constituents of the preparations; waste oils",4,FALSE,C00,TOTAL CPC,0,0,TOTAL MOT,8,kg,3750696,FALSE,-1,N/A,,FALSE,3750696,FALSE,,FALSE,,3870392,3870392,0,TRUE,FALSE,HS_2710
C,A,20030101,2003,52,2003,604,PER,Peru,X,Export,0,W00,World,0,W00,World,H2,HS,TRUE,2710,"Petroleum oils and oils from bituminous minerals, not crude; preparations n.e.c. containing by weight 70% or more of petroleum oils or oils from bituminous minerals; these being the basic constituents of the preparations; waste oils",4,FALSE,C00,TOTAL CPC,0,0,TOTAL MOT,8,kg,2092318244,FALSE,-1,N/A,,FALSE,2092318244,FALSE,,FALSE,,403452515,403452515,0,TRUE,FALSE,HS_2710
C,A,20030101,2003,52,2003,608,PHL,Philippines,X,Export,0,W00,World,0,W00,World,H1,HS,TRUE,2710,"Petroleum oils, oils from bituminous minerals, not crude; preparations n.e.s. containing less than 70% petroleum oils, oils from bituminous minerals; these being the basic constituents of the preparations",4,FALSE,C00,TOTAL CPC,0,0,TOTAL MOT,8,kg,2006989992,FALSE,-1,N/A,,FALSE,2006989992,FALSE,,FALSE,,536160126,536160126,0,FALSE,FALSE,HS_2710
C,A,20030101,2003,52,2003,616,POL,Poland,X,Export,0,W00,World,0,W00,World,H2,HS,TRUE,2710,"Petroleum oils and oils from bituminous minerals, not crude; preparations n.e.c. containing by weight 70% or more of petroleum oils or oils from bituminous minerals; these being the basic constituents of the preparations; waste oils",4,FALSE,C00,TOTAL CPC,0,0,TOTAL MOT,8,kg,1979337758,FALSE,-1,N/A,,FALSE,1979337758,FALSE,,FALSE,,465294000,465294000,0,TRUE,FALSE,HS_2710
C,A,20030101,2003,52,2003,634,QAT,Qatar,X,Export,0,W00,World,0,W00,World,H0,HS,TRUE,2710,"Petroleum oils, oils from bituminous minerals, not crude; preparations n.e.s. containing less than 70% petroleum oils, oils from bituminous minerals; these being the basic constituents of the preparations",4,FALSE,C00,TOTAL CPC,0,0,TOTAL MOT,8,kg,13918638147,FALSE,8,kg,13918638147,FALSE,13918638147,FALSE,0,FALSE,,806271396.476,806271396.476,0,FALSE,TRUE,HS_2710
C,A,20030101,2003,52,2003,642,ROU,Romania,X,Export,0,W00,World,0,W00,World,H2,HS,TRUE,2710,"Petroleum oils and oils from bituminous minerals, not crude; preparations n.e.c. containing by weight 70% or more of petroleum oils or oils from bituminous minerals; these being the basic constituents of the preparations; waste oils",4,FALSE,C00,TOTAL CPC,0,0,TOTAL MOT,8,kg,3589119275.5,FALSE,-1,N/A,0,FALSE,3606022745.5,FALSE,0,FALSE,0,1023381726.84,1023381726.84,0,FALSE,TRUE,HS_2710
C,A,20030101,2003,52,2003,682,SAU,Saudi Arabia,X,Export,0,W00,World,0,W00,World,H2,HS,TRUE,2710,"Petroleum oils and oils from bituminous minerals, not crude; preparations n.e.c. containing by weight 70% or more of petroleum oils or oils from bituminous minerals; these being the basic constituents of the preparations; waste oils",4,FALSE,C00,TOTAL CPC,0,0,TOTAL MOT,8,kg,35030593000,FALSE,-1,N/A,,FALSE,35030593000,FALSE,,FALSE,,7260318409,7260318409,0,TRUE,FALSE,HS_2710
C,A,20030101,2003,52,2003,686,SEN,Senegal,X,Export,0,W00,World,0,W00,World,H2,HS,TRUE,2710,"Petroleum oils and oils from bituminous minerals, not crude; preparations n.e.c. containing by weight 70% or more of petroleum oils or oils from bituminous minerals; these being the basic constituents of the preparations; waste oils",4,FALSE,C00,TOTAL CPC,0,0,TOTAL MOT,8,kg,618446096,FALSE,-1,N/A,,FALSE,618446096,FALSE,,FALSE,,184894593,184894593,0,TRUE,FALSE,HS_2710
C,A,20030101,2003,52,2003,704,VNM,Viet Nam,X,Export,0,W00,World,0,W00,World,H1,HS,TRUE,2710,"Petroleum oils, oils from bituminous minerals, not crude; preparations n.e.s. containing less than 70% petroleum oils, oils from bituminous minerals; these being the basic constituents of the preparations",4,FALSE,C00,TOTAL CPC,0,0,TOTAL MOT,-1,N/A,,FALSE,-1,N/A,,FALSE,425402126,TRUE,,FALSE,,140422449,140422449,4,FALSE,FALSE,HS_2710
C,A,20030101,2003,52,2003,710,ZAF,South Africa,X,Export,0,W00,World,0,W00,World,H2,HS,TRUE,2710,"Petroleum oils and oils from bituminous minerals, not crude; preparations n.e.c. containing by weight 70% or more of petroleum oils or oils from bituminous minerals; these being the basic constituents of the preparations; waste oils",4,FALSE,C00,TOTAL CPC,0,0,TOTAL MOT,8,kg,5041537415,TRUE,-1,N/A,,FALSE,5041537415,TRUE,,FALSE,,1143096381,1143096381,6,TRUE,FALSE,HS_2710
C,A,20030101,2003,52,2003,784,ARE,United Arab Emirates,X,Export,0,W00,World,0,W00,World,H2,HS,TRUE,2710,"Petroleum oils and oils from bituminous minerals, not crude; preparations n.e.c. containing by weight 70% or more of petroleum oils or oils from bituminous minerals; these being the basic constituents of the preparations; waste oils",4,FALSE,C00,TOTAL CPC,0,0,TOTAL MOT,-1,N/A,,FALSE,-1,N/A,,FALSE,6098214324,FALSE,,FALSE,,4316020129,4316020129,0,TRUE,FALSE,HS_2710
C,A,20030101,2003,52,2003,792,TUR,Türkiye,X,Export,0,W00,World,0,W00,World,H2,HS,TRUE,2710,"Petroleum oils and oils from bituminous minerals, not crude; preparations n.e.c. containing by weight 70% or more of petroleum oils or oils from bituminous minerals; these being the basic constituents of the preparations; waste oils",4,FALSE,C00,TOTAL CPC,0,0,TOTAL MOT,8,kg,3117282360,FALSE,-1,N/A,0,FALSE,3117282360,FALSE,0,FALSE,0,800541079,800541079,0,FALSE,TRUE,HS_2710
C,A,20030101,2003,52,2003,818,EGY,Egypt,X,Export,0,W00,World,0,W00,World,H0,HS,TRUE,2710,"Petroleum oils, oils from bituminous minerals, not crude; preparations n.e.s. containing less than 70% petroleum oils, oils from bituminous minerals; these being the basic constituents of the preparations",4,FALSE,C00,TOTAL CPC,0,0,TOTAL MOT,-1,N/A,0,FALSE,-1,N/A,0,FALSE,0,FALSE,0,FALSE,0,2175644120.941,2175644120.941,0,FALSE,TRUE,HS_2710
C,A,20030101,2003,52,2003,858,URY,Uruguay,X,Export,0,W00,World,0,W00,World,H2,HS,TRUE,2710,"Petroleum oils and oils from bituminous minerals, not crude; preparations n.e.c. containing by weight 70% or more of petroleum oils or oils from bituminous minerals; these being the basic constituents of the preparations; waste oils",4,FALSE,C00,TOTAL CPC,0,0,TOTAL MOT,8,kg,126981653,FALSE,-1,N/A,,FALSE,126981653,FALSE,,FALSE,,30513445,30513445,0,TRUE,FALSE,HS_2710
C,A,20030101,2003,52,2003,894,ZMB,Zambia,X,Export,0,W00,World,0,W00,World,H2,HS,TRUE,2710,"Petroleum oils and oils from bituminous minerals, not crude; preparations n.e.c. containing by weight 70% or more of petroleum oils or oils from bituminous minerals; these being the basic constituents of the preparations; waste oils",4,FALSE,C00,TOTAL CPC,0,0,TOTAL MOT,8,kg,32923107,FALSE,8,kg,32923107,FALSE,32923107,FALSE,0,FALSE,0,18045159,18045159,0,FALSE,TRUE,HS_2710
C,A,20030101,2003,52,2003,32,ARG,Argentina,X,Export,0,W00,World,0,W00,World,H2,HS,TRUE,2711,Petroleum gases and other gaseous hydrocarbons,4,FALSE,C00,TOTAL CPC,0,0,TOTAL MOT,8,kg,5929566175,TRUE,-1,N/A,,FALSE,5929566175,TRUE,,FALSE,,872050808,872050808,6,TRUE,FALSE,HS_2711
C,A,20030101,2003,52,2003,76,BRA,Brazil,X,Export,0,W00,World,0,W00,World,H2,HS,TRUE,2711,Petroleum gases and other gaseous hydrocarbons,4,FALSE,C00,TOTAL CPC,0,0,TOTAL MOT,-1,N/A,0,FALSE,-1,N/A,0,FALSE,75851626.304,TRUE,0,FALSE,,26510856,26510856,4,FALSE,TRUE,HS_2711
C,A,20030101,2003,52,2003,144,LKA,Sri Lanka,X,Export,0,W00,World,0,W00,World,H2,HS,TRUE,2711,Petroleum gases and other gaseous hydrocarbons,4,FALSE,C00,TOTAL CPC,0,0,TOTAL MOT,8,kg,5570,FALSE,-1,N/A,,FALSE,5570,FALSE,,FALSE,,2862,2862,0,TRUE,FALSE,HS_2711
C,A,20030101,2003,52,2003,152,CHL,Chile,X,Export,0,W00,World,0,W00,World,H2,HS,TRUE,2711,Petroleum gases and other gaseous hydrocarbons,4,FALSE,C00,TOTAL CPC,0,0,TOTAL MOT,8,kg,151222254.859,TRUE,-1,N/A,0,FALSE,151222254.859,TRUE,0,FALSE,0,35142992.973,35142992.973,6,FALSE,TRUE,HS_2711
C,A,20030101,2003,52,2003,170,COL,Colombia,X,Export,0,W00,World,0,W00,World,H2,HS,TRUE,2711,Petroleum gases and other gaseous hydrocarbons,4,FALSE,C00,TOTAL CPC,0,0,TOTAL MOT,8,kg,70422356,TRUE,-1,N/A,,FALSE,70422356,TRUE,,FALSE,,16481472,16481472,6,TRUE,FALSE,HS_2711
C,A,20030101,2003,52,2003,222,SLV,El Salvador,X,Export,0,W00,World,0,W00,World,H2,HS,TRUE,2711,Petroleum gases and other gaseous hydrocarbons,4,FALSE,C00,TOTAL CPC,0,0,TOTAL MOT,8,kg,1398258,FALSE,8,kg,1398258,FALSE,1398258,FALSE,0,FALSE,0,657887.16,657887.16,0,FALSE,TRUE,HS_2711
C,A,20030101,2003,52,2003,348,HUN,Hungary,X,Export,0,W00,World,0,W00,World,H2,HS,TRUE,2711,Petroleum gases and other gaseous hydrocarbons,4,FALSE,C00,TOTAL CPC,0,0,TOTAL MOT,8,kg,62504809,TRUE,-1,N/A,,FALSE,62504809,TRUE,,FALSE,,20242000,20242000,6,TRUE,FALSE,HS_2711
C,A,20030101,2003,52,2003,360,IDN,Indonesia,X,Export,0,W00,World,0,W00,World,H1,HS,TRUE,2711,Petroleum gases and other gaseous hydrocarbons,4,FALSE,C00,TOTAL CPC,0,0,TOTAL MOT,8,kg,27613673317,FALSE,-1,N/A,,FALSE,27613673317,FALSE,,FALSE,,6476726332,6476726332,0,FALSE,FALSE,HS_2711
C,A,20030101,2003,52,2003,384,CIV,Côte d'Ivoire,X,Export,0,W00,World,0,W00,World,H2,HS,TRUE,2711,Petroleum gases and other gaseous hydrocarbons,4,FALSE,C00,TOTAL CPC,0,0,TOTAL MOT,8,kg,13230,FALSE,-1,N/A,,FALSE,13230,FALSE,,FALSE,,29599,29599,0,TRUE,FALSE,HS_2711
C,A,20030101,2003,52,2003,398,KAZ,Kazakhstan,X,Export,0,W00,World,0,W00,World,H1,HS,TRUE,2711,Petroleum gases and other gaseous hydrocarbons,4,FALSE,C00,TOTAL CPC,0,0,TOTAL MOT,8,kg,1674208311,TRUE,-1,N/A,,FALSE,1674208311,TRUE,,FALSE,,339186600,339186600,6,FALSE,FALSE,HS_2711
C,A,20030101,2003,52,2003,484,MEX,Mexico,X,Export,0,W00,World,0,W00,World,H2,HS,TRUE,2711,Petroleum gases and other gaseous hydrocarbons,4,FALSE,C00,TOTAL CPC,0,0,TOTAL MOT,-1,N/A,,FALSE,-1,N/A,,FALSE,54711365,TRUE,,FALSE,,16607103,16607103,4,TRUE,FALSE,HS_2711
C,A,20030101,2003,52,2003,504,MAR,Morocco,X,Export,0,W00,World,0,W00,World,H2,HS,TRUE,2711,Petroleum gases and other gaseous hydrocarbons,4,FALSE,C00,TOTAL CPC,0,0,TOTAL MOT,8,kg,96860,FALSE,8,kg,96860,FALSE,96860,FALSE,0,FALSE,0,27074.657,27074.657,0,FALSE,TRUE,HS_2711
C,A,20030101,2003,52,2003,566,NGA,Nigeria,X,Export,0,W00,World,0,W00,World,H1,HS,TRUE,2711,Petroleum gases and other gaseous hydrocarbons,4,FALSE,C00,TOTAL CPC,0,0,TOTAL MOT,8,kg,342665738,FALSE,-1,N/A,,FALSE,342665738,FALSE,,FALSE,,357958296,357958296,0,FALSE,FALSE,HS_2711
C,A,20030101,2003,52,2003,586,PAK,Pakistan,X,Export,0,W00,World,0,W00,World,H2,HS,TRUE,2711,Petroleum gases and other gaseous hydrocarbons,4,FALSE,C00,TOTAL CPC,0,0,TOTAL MOT,-1,N/A,,FALSE,-1,N/A,,FALSE,1035002,FALSE,,FALSE,,335251,335251,0,TRUE,FALSE,HS_2711
C,A,20030101,2003,52,2003,591,PAN,Panama,X,Export,0,W00,World,0,W00,World,H2,HS,TRUE,2711,Petroleum gases and other gaseous hydrocarbons,4,FALSE,C00,TOTAL CPC,0,0,TOTAL MOT,8,kg,60709,FALSE,-1,N/A,,FALSE,60709,FALSE,,FALSE,,52974,52974,0,TRUE,FALSE,HS_2711
C,A,20030101,2003,52,2003,604,PER,Peru,X,Export,0,W00,World,0,W00,World,H2,HS,TRUE,2711,Petroleum gases and other gaseous hydrocarbons,4,FALSE,C00,TOTAL CPC,0,0,TOTAL MOT,8,kg,162761,FALSE,-1,N/A,,FALSE,162761,FALSE,,FALSE,,108398,108398,0,TRUE,FALSE,HS_2711
C,A,20030101,2003,52,2003,608,PHL,Philippines,X,Export,0,W00,World,0,W00,World,H1,HS,TRUE,2711,Petroleum gases and other gaseous hydrocarbons,4,FALSE,C00,TOTAL CPC,0,0,TOTAL MOT,8,kg,79813159,FALSE,-1,N/A,,FALSE,79813159,FALSE,,FALSE,,25523909,25523909,0,FALSE,FALSE,HS_2711
C,A,20030101,2003,52,2003,616,POL,Poland,X,Export,0,W00,World,0,W00,World,H2,HS,TRUE,2711,Petroleum gases and other gaseous hydrocarbons,4,FALSE,C00,TOTAL CPC,0,0,TOTAL MOT,8,kg,42490300,FALSE,-1,N/A,,FALSE,42490300,FALSE,,FALSE,,7281000,7281000,0,TRUE,FALSE,HS_2711
C,A,20030101,2003,52,2003,634,QAT,Qatar,X,Export,0,W00,World,0,W00,World,H0,HS,TRUE,2711,Petroleum gases and other gaseous hydrocarbons,4,FALSE,C00,TOTAL CPC,0,0,TOTAL MOT,8,kg,21041289000,FALSE,8,kg,21041289000,FALSE,21041289000,FALSE,0,FALSE,,4656992155.481,4656992155.481,0,FALSE,TRUE,HS_2711
C,A,20030101,2003,52,2003,642,ROU,Romania,X,Export,0,W00,World,0,W00,World,H2,HS,TRUE,2711,Petroleum gases and other gaseous hydrocarbons,4,FALSE,C00,TOTAL CPC,0,0,TOTAL MOT,8,kg,103112060,FALSE,8,kg,103112060,FALSE,103112060,FALSE,0,FALSE,0,29878565.21,29878565.21,0,FALSE,TRUE,HS_2711
C,A,20030101,2003,52,2003,682,SAU,Saudi Arabia,X,Export,0,W00,World,0,W00,World,H2,HS,TRUE,2711,Petroleum gases and other gaseous hydrocarbons,4,FALSE,C00,TOTAL CPC,0,0,TOTAL MOT,8,kg,20265036000,FALSE,-1,N/A,,FALSE,20265036000,FALSE,,FALSE,,4114118743,4114118743,0,TRUE,FALSE,HS_2711
C,A,20030101,2003,52,2003,686,SEN,Senegal,X,Export,0,W00,World,0,W00,World,H2,HS,TRUE,2711,Petroleum gases and other gaseous hydrocarbons,4,FALSE,C00,TOTAL CPC,0,0,TOTAL MOT,8,kg,2395042,FALSE,-1,N/A,,FALSE,2395042,FALSE,,FALSE,,847184,847184,0,TRUE,FALSE,HS_2711
C,A,20030101,2003,52,2003,704,VNM,Viet Nam,X,Export,0,W00,World,0,W00,World,H1,HS,TRUE,2711,Petroleum gases and other gaseous hydrocarbons,4,FALSE,C00,TOTAL CPC,0,0,TOTAL MOT,-1,N/A,,FALSE,-1,N/A,,FALSE,559783,TRUE,,FALSE,,158108,158108,4,FALSE,FALSE,HS_2711
C,A,20030101,2003,52,2003,710,ZAF,South Africa,X,Export,0,W00,World,0,W00,World,H2,HS,TRUE,2711,Petroleum gases and other gaseous hydrocarbons,4,FALSE,C00,TOTAL CPC,0,0,TOTAL MOT,8,kg,34620146,TRUE,-1,N/A,,FALSE,34620146,TRUE,,FALSE,,9930749,9930749,6,TRUE,FALSE,HS_2711
C,A,20030101,2003,52,2003,784,ARE,United Arab Emirates,X,Export,0,W00,World,0,W00,World,H2,HS,TRUE,2711,Petroleum gases and other gaseous hydrocarbons,4,FALSE,C00,TOTAL CPC,0,0,TOTAL MOT,-1,N/A,,FALSE,-1,N/A,,FALSE,,FALSE,,FALSE,,484168823,484168823,0,TRUE,FALSE,HS_2711
C,A,20030101,2003,52,2003,792,TUR,Türkiye,X,Export,0,W00,World,0,W00,World,H2,HS,TRUE,2711,Petroleum gases and other gaseous hydrocarbons,4,FALSE,C00,TOTAL CPC,0,0,TOTAL MOT,8,kg,352705866.709,TRUE,-1,N/A,0,FALSE,352705866.709,TRUE,0,FALSE,0,139091825,139091825,6,FALSE,TRUE,HS_2711
C,A,20030101,2003,52,2003,818,EGY,Egypt,X,Export,0,W00,World,0,W00,World,H0,HS,TRUE,2711,Petroleum gases and other gaseous hydrocarbons,4,FALSE,C00,TOTAL CPC,0,0,TOTAL MOT,8,kg,415876473.016,TRUE,-1,N/A,0,FALSE,415876473.016,TRUE,0,FALSE,0,114251716.655,114251716.655,6,FALSE,TRUE,HS_2711
C,A,20030101,2003,52,2003,894,ZMB,Zambia,X,Export,0,W00,World,0,W00,World,H2,HS,TRUE,2711,Petroleum gases and other gaseous hydrocarbons,4,FALSE,C00,TOTAL CPC,0,0,TOTAL MOT,8,kg,1756981,FALSE,8,kg,1756981,FALSE,1756981,FALSE,0,FALSE,0,617882,617882,0,FALSE,TRUE,HS_2711
C,A,20030101,2003,52,2003,32,ARG,Argentina,X,Export,0,W00,World,0,W00,World,H2,HS,TRUE,74,Copper and articles thereof,2,FALSE,C00,TOTAL CPC,0,0,TOTAL MOT,-1,N/A,,FALSE,-1,N/A,,FALSE,,FALSE,,FALSE,,7997450,7997450,0,TRUE,FALSE,HS_74
C,A,20030101,2003,52,2003,48,BHR,Bahrain,X,Export,0,W00,World,0,W00,World,H2,HS,TRUE,74,Copper and articles thereof,2,FALSE,C00,TOTAL CPC,0,0,TOTAL MOT,-1,N/A,,FALSE,-1,N/A,,FALSE,,FALSE,,FALSE,,1626843,1626843,0,TRUE,FALSE,HS_74
C,A,20030101,2003,52,2003,76,BRA,Brazil,X,Export,0,W00,World,0,W00,World,H2,HS,TRUE,74,Copper and articles thereof,2,FALSE,C00,TOTAL CPC,0,0,TOTAL MOT,-1,N/A,0,FALSE,-1,N/A,0,FALSE,0,TRUE,0,FALSE,,150010881,150010881,4,FALSE,TRUE,HS_74
C,A,20030101,2003,52,2003,144,LKA,Sri Lanka,X,Export,0,W00,World,0,W00,World,H2,HS,TRUE,74,Copper and articles thereof,2,FALSE,C00,TOTAL CPC,0,0,TOTAL MOT,-1,N/A,,FALSE,-1,N/A,,FALSE,,FALSE,,FALSE,,120656298,120656298,0,TRUE,FALSE,HS_74
C,A,20030101,2003,52,2003,152,CHL,Chile,X,Export,0,W00,World,0,W00,World,H2,HS,TRUE,74,Copper and articles thereof,2,FALSE,C00,TOTAL CPC,0,0,TOTAL MOT,-1,N/A,0,FALSE,-1,N/A,0,FALSE,0,TRUE,0,FALSE,0,5324901408.47,5324901408.47,4,FALSE,TRUE,HS_74
C,A,20030101,2003,52,2003,170,COL,Colombia,X,Export,0,W00,World,0,W00,World,H2,HS,TRUE,74,Copper and articles thereof,2,FALSE,C00,TOTAL CPC,0,0,TOTAL MOT,-1,N/A,,FALSE,-1,N/A,,FALSE,,FALSE,,FALSE,,29015065,29015065,0,TRUE,FALSE,HS_74
C,A,20030101,2003,52,2003,218,ECU,Ecuador,X,Export,0,W00,World,0,W00,World,H2,HS,TRUE,74,Copper and articles thereof,2,FALSE,C00,TOTAL CPC,0,0,TOTAL MOT,-1,N/A,,FALSE,-1,N/A,,FALSE,,FALSE,,FALSE,,1412380,1412380,0,TRUE,FALSE,HS_74
C,A,20030101,2003,52,2003,222,SLV,El Salvador,X,Export,0,W00,World,0,W00,World,H2,HS,TRUE,74,Copper and articles thereof,2,FALSE,C00,TOTAL CPC,0,0,TOTAL MOT,-1,N/A,0,FALSE,-1,N/A,0,FALSE,0,FALSE,0,FALSE,0,1241078.93,1241078.93,0,FALSE,TRUE,HS_74
C,A,20030101,2003,52,2003,348,HUN,Hungary,X,Export,0,W00,World,0,W00,World,H2,HS,TRUE,74,Copper and articles thereof,2,FALSE,C00,TOTAL CPC,0,0,TOTAL MOT,-1,N/A,,FALSE,-1,N/A,,FALSE,400,FALSE,,FALSE,,85232000,85232000,0,TRUE,FALSE,HS_74
C,A,20030101,2003,52,2003,360,IDN,Indonesia,X,Export,0,W00,World,0,W00,World,H1,HS,TRUE,74,Copper and articles thereof,2,FALSE,C00,TOTAL CPC,0,0,TOTAL MOT,-1,N/A,,FALSE,-1,N/A,,FALSE,,FALSE,,FALSE,,672125512,672125512,0,FALSE,FALSE,HS_74
C,A,20030101,2003,52,2003,384,CIV,Côte d'Ivoire,X,Export,0,W00,World,0,W00,World,H2,HS,TRUE,74,Copper and articles thereof,2,FALSE,C00,TOTAL CPC,0,0,TOTAL MOT,-1,N/A,,FALSE,-1,N/A,,FALSE,,FALSE,,FALSE,,993900,993900,0,TRUE,FALSE,HS_74
C,A,20030101,2003,52,2003,398,KAZ,Kazakhstan,X,Export,0,W00,World,0,W00,World,H1,HS,TRUE,74,Copper and articles thereof,2,FALSE,C00,TOTAL CPC,0,0,TOTAL MOT,-1,N/A,,FALSE,-1,N/A,,FALSE,,FALSE,,FALSE,,741580300,741580300,0,FALSE,FALSE,HS_74
C,A,20030101,2003,52,2003,484,MEX,Mexico,X,Export,0,W00,World,0,W00,World,H2,HS,TRUE,74,Copper and articles thereof,2,FALSE,C00,TOTAL CPC,0,0,TOTAL MOT,-1,N/A,,FALSE,-1,N/A,,FALSE,,FALSE,,FALSE,,496269577,496269577,0,TRUE,FALSE,HS_74
C,A,20030101,2003,52,2003,504,MAR,Morocco,X,Export,0,W00,World,0,W00,World,H2,HS,TRUE,74,Copper and articles thereof,2,FALSE,C00,TOTAL CPC,0,0,TOTAL MOT,-1,N/A,0,FALSE,-1,N/A,0,FALSE,0,TRUE,0,FALSE,0,20836428.179,20836428.179,4,FALSE,TRUE,HS_74
C,A,20030101,2003,52,2003,566,NGA,Nigeria,X,Export,0,W00,World,0,W00,World,H1,HS,TRUE,74,Copper and articles thereof,2,FALSE,C00,TOTAL CPC,0,0,TOTAL MOT,-1,N/A,,FALSE,-1,N/A,,FALSE,,FALSE,,FALSE,,255737,255737,0,FALSE,FALSE,HS_74
C,A,20030101,2003,52,2003,586,PAK,Pakistan,X,Export,0,W00,World,0,W00,World,H2,HS,TRUE,74,Copper and articles thereof,2,FALSE,C00,TOTAL CPC,0,0,TOTAL MOT,-1,N/A,,FALSE,-1,N/A,,FALSE,,FALSE,,FALSE,,10018757,10018757,0,TRUE,FALSE,HS_74
C,A,20030101,2003,52,2003,591,PAN,Panama,X,Export,0,W00,World,0,W00,World,H2,HS,TRUE,74,Copper and articles thereof,2,FALSE,C00,TOTAL CPC,0,0,TOTAL MOT,-1,N/A,,FALSE,-1,N/A,,FALSE,,FALSE,,FALSE,,1623502,1623502,0,TRUE,FALSE,HS_74
C,A,20030101,2003,52,2003,604,PER,Peru,X,Export,0,W00,World,0,W00,World,H2,HS,TRUE,74,Copper and articles thereof,2,FALSE,C00,TOTAL CPC,0,0,TOTAL MOT,-1,N/A,,FALSE,-1,N/A,,FALSE,,FALSE,,FALSE,,914911936,914911936,0,TRUE,FALSE,HS_74
C,A,20030101,2003,52,2003,608,PHL,Philippines,X,Export,0,W00,World,0,W00,World,H1,HS,TRUE,74,Copper and articles thereof,2,FALSE,C00,TOTAL CPC,0,0,TOTAL MOT,-1,N/A,,FALSE,-1,N/A,,FALSE,,FALSE,,FALSE,,348295672,348295672,0,FALSE,FALSE,HS_74
C,A,20030101,2003,52,2003,616,POL,Poland,X,Export,0,W00,World,0,W00,World,H2,HS,TRUE,74,Copper and articles thereof,2,FALSE,C00,TOTAL CPC,0,0,TOTAL MOT,-1,N/A,,FALSE,-1,N/A,,FALSE,,FALSE,,FALSE,,887421000,887421000,0,TRUE,FALSE,HS_74
C,A,20030101,2003,52,2003,634,QAT,Qatar,X,Export,0,W00,World,0,W00,World,H0,HS,TRUE,74,Copper and articles thereof,2,FALSE,C00,TOTAL CPC,0,0,TOTAL MOT,-1,N/A,0,FALSE,-1,N/A,0,FALSE,0,FALSE,0,FALSE,,731526.593,731526.593,0,FALSE,TRUE,HS_74
C,A,20030101,2003,52,2003,642,ROU,Romania,X,Export,0,W00,World,0,W00,World,H2,HS,TRUE,74,Copper and articles thereof,2,FALSE,C00,TOTAL CPC,0,0,TOTAL MOT,-1,N/A,0,FALSE,-1,N/A,0,FALSE,0,FALSE,0,FALSE,0,29758437.54,29758437.54,0,FALSE,TRUE,HS_74
C,A,20030101,2003,52,2003,682,SAU,Saudi Arabia,X,Export,0,W00,World,0,W00,World,H2,HS,TRUE,74,Copper and articles thereof,2,FALSE,C00,TOTAL CPC,0,0,TOTAL MOT,-1,N/A,,FALSE,-1,N/A,,FALSE,,FALSE,,FALSE,,66964617,66964617,0,TRUE,FALSE,HS_74
C,A,20030101,2003,52,2003,686,SEN,Senegal,X,Export,0,W00,World,0,W00,World,H2,HS,TRUE,74,Copper and articles thereof,2,FALSE,C00,TOTAL CPC,0,0,TOTAL MOT,-1,N/A,,FALSE,-1,N/A,,FALSE,,FALSE,,FALSE,,1960557,1960557,0,TRUE,FALSE,HS_74
C,A,20030101,2003,52,2003,704,VNM,Viet Nam,X,Export,0,W00,World,0,W00,World,H1,HS,TRUE,74,Copper and articles thereof,2,FALSE,C00,TOTAL CPC,0,0,TOTAL MOT,-1,N/A,,FALSE,-1,N/A,,FALSE,,FALSE,,FALSE,,6722459,6722459,0,FALSE,FALSE,HS_74
C,A,20030101,2003,52,2003,710,ZAF,South Africa,X,Export,0,W00,World,0,W00,World,H2,HS,TRUE,74,Copper and articles thereof,2,FALSE,C00,TOTAL CPC,0,0,TOTAL MOT,-1,N/A,,FALSE,-1,N/A,,FALSE,,FALSE,,FALSE,,168921036,168921036,0,TRUE,FALSE,HS_74
C,A,20030101,2003,52,2003,784,ARE,United Arab Emirates,X,Export,0,W00,World,0,W00,World,H2,HS,TRUE,74,Copper and articles thereof,2,FALSE,C00,TOTAL CPC,0,0,TOTAL MOT,-1,N/A,,FALSE,-1,N/A,,FALSE,,FALSE,,FALSE,,45047523,45047523,0,TRUE,FALSE,HS_74
C,A,20030101,2003,52,2003,792,TUR,Türkiye,X,Export,0,W00,World,0,W00,World,H2,HS,TRUE,74,Copper and articles thereof,2,FALSE,C00,TOTAL CPC,0,0,TOTAL MOT,-1,N/A,0,FALSE,-1,N/A,0,FALSE,0,FALSE,0,FALSE,0,240311551,240311551,0,FALSE,TRUE,HS_74
C,A,20030101,2003,52,2003,818,EGY,Egypt,X,Export,0,W00,World,0,W00,World,H0,HS,TRUE,74,Copper and articles thereof,2,FALSE,C00,TOTAL CPC,0,0,TOTAL MOT,-1,N/A,0,FALSE,-1,N/A,0,FALSE,0,FALSE,0,FALSE,0,2721741.286,2721741.286,0,FALSE,TRUE,HS_74
C,A,20030101,2003,52,2003,858,URY,Uruguay,X,Export,0,W00,World,0,W00,World,H2,HS,TRUE,74,Copper and articles thereof,2,FALSE,C00,TOTAL CPC,0,0,TOTAL MOT,-1,N/A,,FALSE,-1,N/A,,FALSE,,FALSE,,FALSE,,3551959,3551959,0,TRUE,FALSE,HS_74
C,A,20030101,2003,52,2003,894,ZMB,Zambia,X,Export,0,W00,World,0,W00,World,H2,HS,TRUE,74,Copper and articles thereof,2,FALSE,C00,TOTAL CPC,0,0,TOTAL MOT,-1,N/A,0,FALSE,-1,N/A,0,FALSE,0,FALSE,0,FALSE,0,501571041,501571041,0,FALSE,TRUE,HS_74
C,A,20030101,2003,52,2003,32,ARG,Argentina,X,Export,0,W00,World,0,W00,World,H2,HS,TRUE,2603,Copper ores and concentrates,4,FALSE,C00,TOTAL CPC,0,0,TOTAL MOT,8,kg,702369584,FALSE,-1,N/A,,FALSE,702369584,FALSE,,FALSE,,467345100,467345100,0,TRUE,FALSE,HS_2603
C,A,20030101,2003,52,2003,152,CHL,Chile,X,Export,0,W00,World,0,W00,World,H2,HS,TRUE,2603,Copper ores and concentrates,4,FALSE,C00,TOTAL CPC,0,0,TOTAL MOT,8,kg,1639428328.56,FALSE,8,kg,1639428328.56,FALSE,1639428328.56,FALSE,0,FALSE,0,2764068444.99,2764068444.99,0,FALSE,TRUE,HS_2603
C,A,20030101,2003,52,2003,170,COL,Colombia,X,Export,0,W00,World,0,W00,World,H2,HS,TRUE,2603,Copper ores and concentrates,4,FALSE,C00,TOTAL CPC,0,0,TOTAL MOT,8,kg,9221300,FALSE,-1,N/A,,FALSE,9221300,FALSE,,FALSE,,2840174,2840174,0,TRUE,FALSE,HS_2603
C,A,20030101,2003,52,2003,218,ECU,Ecuador,X,Export,0,W00,World,0,W00,World,H2,HS,TRUE,2603,Copper ores and concentrates,4,FALSE,C00,TOTAL CPC,0,0,TOTAL MOT,8,kg,492795,FALSE,-1,N/A,,FALSE,492795,FALSE,,FALSE,,197260,197260,0,TRUE,FALSE,HS_2603
C,A,20030101,2003,52,2003,360,IDN,Indonesia,X,Export,0,W00,World,0,W00,World,H1,HS,TRUE,2603,Copper ores and concentrates,4,FALSE,C00,TOTAL CPC,0,0,TOTAL MOT,8,kg,2381436394,FALSE,-1,N/A,,FALSE,2381436394,FALSE,,FALSE,,1854722173,1854722173,0,FALSE,FALSE,HS_2603
C,A,20030101,2003,52,2003,398,KAZ,Kazakhstan,X,Export,0,W00,World,0,W00,World,H1,HS,TRUE,2603,Copper ores and concentrates,4,FALSE,C00,TOTAL CPC,0,0,TOTAL MOT,8,kg,172369111,TRUE,-1,N/A,,FALSE,172369111,TRUE,,FALSE,,70540700,70540700,6,FALSE,FALSE,HS_2603
C,A,20030101,2003,52,2003,484,MEX,Mexico,X,Export,0,W00,World,0,W00,World,H2,HS,TRUE,2603,Copper ores and concentrates,4,FALSE,C00,TOTAL CPC,0,0,TOTAL MOT,8,kg,141089310,FALSE,-1,N/A,,FALSE,141089310,FALSE,,FALSE,,55865611,55865611,0,TRUE,FALSE,HS_2603
C,A,20030101,2003,52,2003,504,MAR,Morocco,X,Export,0,W00,World,0,W00,World,H2,HS,TRUE,2603,Copper ores and concentrates,4,FALSE,C00,TOTAL CPC,0,0,TOTAL MOT,8,kg,19822154,FALSE,8,kg,19822154,FALSE,19822154,FALSE,0,FALSE,0,7166838.728,7166838.728,0,FALSE,TRUE,HS_2603
C,A,20030101,2003,52,2003,604,PER,Peru,X,Export,0,W00,World,0,W00,World,H2,HS,TRUE,2603,Copper ores and concentrates,4,FALSE,C00,TOTAL CPC,0,0,TOTAL MOT,8,kg,1046649927,FALSE,-1,N/A,,FALSE,1046649927,FALSE,,FALSE,,421976286,421976286,0,TRUE,FALSE,HS_2603
C,A,20030101,2003,52,2003,608,PHL,Philippines,X,Export,0,W00,World,0,W00,World,H1,HS,TRUE,2603,Copper ores and concentrates,4,FALSE,C00,TOTAL CPC,0,0,TOTAL MOT,8,kg,40276654,FALSE,-1,N/A,,FALSE,40276654,FALSE,,FALSE,,12319399,12319399,0,FALSE,FALSE,HS_2603
C,A,20030101,2003,52,2003,642,ROU,Romania,X,Export,0,W00,World,0,W00,World,H2,HS,TRUE,2603,Copper ores and concentrates,4,FALSE,C00,TOTAL CPC,0,0,TOTAL MOT,8,kg,94668490,FALSE,8,kg,94668490,FALSE,94668490,FALSE,0,FALSE,0,18599744.32,18599744.32,0,FALSE,TRUE,HS_2603
C,A,20030101,2003,52,2003,704,VNM,Viet Nam,X,Export,0,W00,World,0,W00,World,H1,HS,TRUE,2603,Copper ores and concentrates,4,FALSE,C00,TOTAL CPC,0,0,TOTAL MOT,8,kg,3447382,TRUE,-1,N/A,,FALSE,3447382,TRUE,,FALSE,,1410814,1410814,6,FALSE,FALSE,HS_2603
C,A,20030101,2003,52,2003,710,ZAF,South Africa,X,Export,0,W00,World,0,W00,World,H2,HS,TRUE,2603,Copper ores and concentrates,4,FALSE,C00,TOTAL CPC,0,0,TOTAL MOT,8,kg,25828165,FALSE,-1,N/A,,FALSE,25828165,FALSE,,FALSE,,5783600,5783600,0,TRUE,FALSE,HS_2603
C,A,20030101,2003,52,2003,784,ARE,United Arab Emirates,X,Export,0,W00,World,0,W00,World,H2,HS,TRUE,2603,Copper ores and concentrates,4,FALSE,C00,TOTAL CPC,0,0,TOTAL MOT,-1,N/A,,FALSE,-1,N/A,,FALSE,10954000,FALSE,,FALSE,,703372,703372,0,TRUE,FALSE,HS_2603
C,A,20030101,2003,52,2003,792,TUR,Türkiye,X,Export,0,W00,World,0,W00,World,H2,HS,TRUE,2603,Copper ores and concentrates,4,FALSE,C00,TOTAL CPC,0,0,TOTAL MOT,8,kg,151666860,FALSE,8,kg,151666860,FALSE,151666860,FALSE,0,FALSE,0,44613051,44613051,0,FALSE,TRUE,HS_2603
C,A,20030101,2003,52,2003,894,ZMB,Zambia,X,Export,0,W00,World,0,W00,World,H2,HS,TRUE,2603,Copper ores and concentrates,4,FALSE,C00,TOTAL CPC,0,0,TOTAL MOT,8,kg,31922016,FALSE,8,kg,31922016,FALSE,31922016,FALSE,0,FALSE,0,12042535,12042535,0,FALSE,TRUE,HS_2603
C,A,20030101,2003,52,2003,32,ARG,Argentina,X,Export,0,W00,World,0,W00,World,H2,HS,TRUE,76,Aluminium and articles thereof,2,FALSE,C00,TOTAL CPC,0,0,TOTAL MOT,-1,N/A,,FALSE,-1,N/A,,FALSE,,FALSE,,FALSE,,381913890,381913890,0,TRUE,FALSE,HS_76
C,A,20030101,2003,52,2003,48,BHR,Bahrain,X,Export,0,W00,World,0,W00,World,H2,HS,TRUE,76,Aluminium and articles thereof,2,FALSE,C00,TOTAL CPC,0,0,TOTAL MOT,-1,N/A,,FALSE,-1,N/A,,FALSE,,FALSE,,FALSE,,897006937,897006937,0,TRUE,FALSE,HS_76
C,A,20030101,2003,52,2003,76,BRA,Brazil,X,Export,0,W00,World,0,W00,World,H2,HS,TRUE,76,Aluminium and articles thereof,2,FALSE,C00,TOTAL CPC,0,0,TOTAL MOT,-1,N/A,0,FALSE,-1,N/A,0,FALSE,0,TRUE,0,FALSE,,1500140207,1500140207,4,FALSE,TRUE,HS_76
C,A,20030101,2003,52,2003,144,LKA,Sri Lanka,X,Export,0,W00,World,0,W00,World,H2,HS,TRUE,76,Aluminium and articles thereof,2,FALSE,C00,TOTAL CPC,0,0,TOTAL MOT,-1,N/A,,FALSE,-1,N/A,,FALSE,,FALSE,,FALSE,,2972574,2972574,0,TRUE,FALSE,HS_76
C,A,20030101,2003,52,2003,152,CHL,Chile,X,Export,0,W00,World,0,W00,World,H2,HS,TRUE,76,Aluminium and articles thereof,2,FALSE,C00,TOTAL CPC,0,0,TOTAL MOT,-1,N/A,0,FALSE,-1,N/A,0,FALSE,0,TRUE,0,FALSE,0,28995639.565,28995639.565,4,FALSE,TRUE,HS_76
C,A,20030101,2003,52,2003,170,COL,Colombia,X,Export,0,W00,World,0,W00,World,H2,HS,TRUE,76,Aluminium and articles thereof,2,FALSE,C00,TOTAL CPC,0,0,TOTAL MOT,-1,N/A,,FALSE,-1,N/A,,FALSE,,FALSE,,FALSE,,97754232,97754232,0,TRUE,FALSE,HS_76
C,A,20030101,2003,52,2003,218,ECU,Ecuador,X,Export,0,W00,World,0,W00,World,H2,HS,TRUE,76,Aluminium and articles thereof,2,FALSE,C00,TOTAL CPC,0,0,TOTAL MOT,-1,N/A,,FALSE,-1,N/A,,FALSE,,FALSE,,FALSE,,8280023,8280023,0,TRUE,FALSE,HS_76
C,A,20030101,2003,52,2003,222,SLV,El Salvador,X,Export,0,W00,World,0,W00,World,H2,HS,TRUE,76,Aluminium and articles thereof,2,FALSE,C00,TOTAL CPC,0,0,TOTAL MOT,-1,N/A,0,FALSE,-1,N/A,0,FALSE,0,FALSE,0,FALSE,0,41196764.42,41196764.42,0,FALSE,TRUE,HS_76
C,A,20030101,2003,52,2003,348,HUN,Hungary,X,Export,0,W00,World,0,W00,World,H2,HS,TRUE,76,Aluminium and articles thereof,2,FALSE,C00,TOTAL CPC,0,0,TOTAL MOT,-1,N/A,,FALSE,-1,N/A,,FALSE,,FALSE,,FALSE,,738530000,738530000,0,TRUE,FALSE,HS_76
C,A,20030101,2003,52,2003,360,IDN,Indonesia,X,Export,0,W00,World,0,W00,World,H1,HS,TRUE,76,Aluminium and articles thereof,2,FALSE,C00,TOTAL CPC,0,0,TOTAL MOT,-1,N/A,,FALSE,-1,N/A,,FALSE,,FALSE,,FALSE,,372632903,372632903,0,FALSE,FALSE,HS_76
C,A,20030101,2003,52,2003,384,CIV,Côte d'Ivoire,X,Export,0,W00,World,0,W00,World,H2,HS,TRUE,76,Aluminium and articles thereof,2,FALSE,C00,TOTAL CPC,0,0,TOTAL MOT,-1,N/A,,FALSE,-1,N/A,,FALSE,,FALSE,,FALSE,,1613265,1613265,0,TRUE,FALSE,HS_76
C,A,20030101,2003,52,2003,398,KAZ,Kazakhstan,X,Export,0,W00,World,0,W00,World,H1,HS,TRUE,76,Aluminium and articles thereof,2,FALSE,C00,TOTAL CPC,0,0,TOTAL MOT,-1,N/A,,FALSE,-1,N/A,,FALSE,,FALSE,,FALSE,,27020500,27020500,0,FALSE,FALSE,HS_76
C,A,20030101,2003,52,2003,484,MEX,Mexico,X,Export,0,W00,World,0,W00,World,H2,HS,TRUE,76,Aluminium and articles thereof,2,FALSE,C00,TOTAL CPC,0,0,TOTAL MOT,-1,N/A,,FALSE,-1,N/A,,FALSE,,FALSE,,FALSE,,613623796,613623796,0,TRUE,FALSE,HS_76
C,A,20030101,2003,52,2003,504,MAR,Morocco,X,Export,0,W00,World,0,W00,World,H2,HS,TRUE,76,Aluminium and articles thereof,2,FALSE,C00,TOTAL CPC,0,0,TOTAL MOT,-1,N/A,0,FALSE,-1,N/A,0,FALSE,0,TRUE,0,FALSE,0,19659321.986,19659321.986,4,FALSE,TRUE,HS_76
C,A,20030101,2003,52,2003,586,PAK,Pakistan,X,Export,0,W00,World,0,W00,World,H2,HS,TRUE,76,Aluminium and articles thereof,2,FALSE,C00,TOTAL CPC,0,0,TOTAL MOT,-1,N/A,,FALSE,-1,N/A,,FALSE,,FALSE,,FALSE,,7493661,7493661,0,TRUE,FALSE,HS_76
C,A,20030101,2003,52,2003,591,PAN,Panama,X,Export,0,W00,World,0,W00,World,H2,HS,TRUE,76,Aluminium and articles thereof,2,FALSE,C00,TOTAL CPC,0,0,TOTAL MOT,-1,N/A,,FALSE,-1,N/A,,FALSE,,FALSE,,FALSE,,14725939,14725939,0,TRUE,FALSE,HS_76
C,A,20030101,2003,52,2003,604,PER,Peru,X,Export,0,W00,World,0,W00,World,H2,HS,TRUE,76,Aluminium and articles thereof,2,FALSE,C00,TOTAL CPC,0,0,TOTAL MOT,-1,N/A,,FALSE,-1,N/A,,FALSE,,FALSE,,FALSE,,5050793,5050793,0,TRUE,FALSE,HS_76
C,A,20030101,2003,52,2003,608,PHL,Philippines,X,Export,0,W00,World,0,W00,World,H1,HS,TRUE,76,Aluminium and articles thereof,2,FALSE,C00,TOTAL CPC,0,0,TOTAL MOT,-1,N/A,,FALSE,-1,N/A,,FALSE,,FALSE,,FALSE,,36831467,36831467,0,FALSE,FALSE,HS_76
C,A,20030101,2003,52,2003,616,POL,Poland,X,Export,0,W00,World,0,W00,World,H2,HS,TRUE,76,Aluminium and articles thereof,2,FALSE,C00,TOTAL CPC,0,0,TOTAL MOT,-1,N/A,,FALSE,-1,N/A,,FALSE,,FALSE,,FALSE,,840997000,840997000,0,TRUE,FALSE,HS_76
C,A,20030101,2003,52,2003,634,QAT,Qatar,X,Export,0,W00,World,0,W00,World,H0,HS,TRUE,76,Aluminium and articles thereof,2,FALSE,C00,TOTAL CPC,0,0,TOTAL MOT,-1,N/A,0,FALSE,-1,N/A,0,FALSE,0,FALSE,0,FALSE,,3348830.126,3348830.126,0,FALSE,TRUE,HS_76
C,A,20030101,2003,52,2003,642,ROU,Romania,X,Export,0,W00,World,0,W00,World,H2,HS,TRUE,76,Aluminium and articles thereof,2,FALSE,C00,TOTAL CPC,0,0,TOTAL MOT,-1,N/A,0,FALSE,-1,N/A,0,FALSE,0,FALSE,0,FALSE,0,300827371.68,300827371.68,0,FALSE,TRUE,HS_76
C,A,20030101,2003,52,2003,682,SAU,Saudi Arabia,X,Export,0,W00,World,0,W00,World,H2,HS,TRUE,76,Aluminium and articles thereof,2,FALSE,C00,TOTAL CPC,0,0,TOTAL MOT,-1,N/A,,FALSE,-1,N/A,,FALSE,,FALSE,,FALSE,,170811947,170811947,0,TRUE,FALSE,HS_76
C,A,20030101,2003,52,2003,686,SEN,Senegal,X,Export,0,W00,World,0,W00,World,H2,HS,TRUE,76,Aluminium and articles thereof,2,FALSE,C00,TOTAL CPC,0,0,TOTAL MOT,-1,N/A,,FALSE,-1,N/A,,FALSE,,FALSE,,FALSE,,1925689,1925689,0,TRUE,FALSE,HS_76
C,A,20030101,2003,52,2003,704,VNM,Viet Nam,X,Export,0,W00,World,0,W00,World,H1,HS,TRUE,76,Aluminium and articles thereof,2,FALSE,C00,TOTAL CPC,0,0,TOTAL MOT,-1,N/A,,FALSE,-1,N/A,,FALSE,,FALSE,,FALSE,,41443650,41443650,0,FALSE,FALSE,HS_76
C,A,20030101,2003,52,2003,710,ZAF,South Africa,X,Export,0,W00,World,0,W00,World,H2,HS,TRUE,76,Aluminium and articles thereof,2,FALSE,C00,TOTAL CPC,0,0,TOTAL MOT,-1,N/A,,FALSE,-1,N/A,,FALSE,,FALSE,,FALSE,,1034718127,1034718127,0,TRUE,FALSE,HS_76
C,A,20030101,2003,52,2003,784,ARE,United Arab Emirates,X,Export,0,W00,World,0,W00,World,H2,HS,TRUE,76,Aluminium and articles thereof,2,FALSE,C00,TOTAL CPC,0,0,TOTAL MOT,-1,N/A,,FALSE,-1,N/A,,FALSE,,FALSE,,FALSE,,704788140,704788140,0,TRUE,FALSE,HS_76
C,A,20030101,2003,52,2003,792,TUR,Türkiye,X,Export,0,W00,World,0,W00,World,H2,HS,TRUE,76,Aluminium and articles thereof,2,FALSE,C00,TOTAL CPC,0,0,TOTAL MOT,-1,N/A,0,FALSE,-1,N/A,0,FALSE,0,TRUE,0,FALSE,0,497337931,497337931,4,FALSE,TRUE,HS_76
C,A,20030101,2003,52,2003,818,EGY,Egypt,X,Export,0,W00,World,0,W00,World,H0,HS,TRUE,76,Aluminium and articles thereof,2,FALSE,C00,TOTAL CPC,0,0,TOTAL MOT,-1,N/A,0,FALSE,-1,N/A,0,FALSE,0,FALSE,0,FALSE,0,103901731.645,103901731.645,0,FALSE,TRUE,HS_76
C,A,20030101,2003,52,2003,858,URY,Uruguay,X,Export,0,W00,World,0,W00,World,H2,HS,TRUE,76,Aluminium and articles thereof,2,FALSE,C00,TOTAL CPC,0,0,TOTAL MOT,-1,N/A,,FALSE,-1,N/A,,FALSE,,FALSE,,FALSE,,7117304,7117304,0,TRUE,FALSE,HS_76
C,A,20030101,2003,52,2003,894,ZMB,Zambia,X,Export,0,W00,World,0,W00,World,H2,HS,TRUE,76,Aluminium and articles thereof,2,FALSE,C00,TOTAL CPC,0,0,TOTAL MOT,-1,N/A,0,FALSE,-1,N/A,0,FALSE,0,TRUE,0,FALSE,0,2590653,2590653,4,FALSE,TRUE,HS_76
C,A,20030101,2003,52,2003,32,ARG,Argentina,X,Export,0,W00,World,0,W00,World,H2,HS,TRUE,2606,Aluminium ores and concentrates,4,FALSE,C00,TOTAL CPC,0,0,TOTAL MOT,8,kg,22930,FALSE,-1,N/A,,FALSE,22930,FALSE,,FALSE,,4357,4357,0,TRUE,FALSE,HS_2606
C,A,20030101,2003,52,2003,76,BRA,Brazil,X,Export,0,W00,World,0,W00,World,H2,HS,TRUE,2606,Aluminium ores and concentrates,4,FALSE,C00,TOTAL CPC,0,0,TOTAL MOT,8,kg,10251161,FALSE,8,kg,10251161,FALSE,4705688027,FALSE,0,FALSE,,120956905,120956905,0,FALSE,TRUE,HS_2606
C,A,20030101,2003,52,2003,360,IDN,Indonesia,X,Export,0,W00,World,0,W00,World,H1,HS,TRUE,2606,Aluminium ores and concentrates,4,FALSE,C00,TOTAL CPC,0,0,TOTAL MOT,8,kg,1007588715,FALSE,-1,N/A,,FALSE,1007588715,FALSE,,FALSE,,18919875,18919875,0,FALSE,FALSE,HS_2606
C,A,20030101,2003,52,2003,398,KAZ,Kazakhstan,X,Export,0,W00,World,0,W00,World,H1,HS,TRUE,2606,Aluminium ores and concentrates,4,FALSE,C00,TOTAL CPC,0,0,TOTAL MOT,8,kg,130893,TRUE,-1,N/A,,FALSE,130893,TRUE,,FALSE,,21600,21600,6,FALSE,FALSE,HS_2606
C,A,20030101,2003,52,2003,484,MEX,Mexico,X,Export,0,W00,World,0,W00,World,H2,HS,TRUE,2606,Aluminium ores and concentrates,4,FALSE,C00,TOTAL CPC,0,0,TOTAL MOT,8,kg,1491198,FALSE,-1,N/A,,FALSE,1491198,FALSE,,FALSE,,1048940,1048940,0,TRUE,FALSE,HS_2606
C,A,20030101,2003,52,2003,682,SAU,Saudi Arabia,X,Export,0,W00,World,0,W00,World,H2,HS,TRUE,2606,Aluminium ores and concentrates,4,FALSE,C00,TOTAL CPC,0,0,TOTAL MOT,8,kg,136000,FALSE,-1,N/A,,FALSE,136000,FALSE,,FALSE,,527201,527201,0,TRUE,FALSE,HS_2606
C,A,20030101,2003,52,2003,704,VNM,Viet Nam,X,Export,0,W00,World,0,W00,World,H1,HS,TRUE,2606,Aluminium ores and concentrates,4,FALSE,C00,TOTAL CPC,0,0,TOTAL MOT,8,kg,6290,TRUE,-1,N/A,,FALSE,6290,TRUE,,FALSE,,1038,1038,6,FALSE,FALSE,HS_2606
C,A,20030101,2003,52,2003,710,ZAF,South Africa,X,Export,0,W00,World,0,W00,World,H2,HS,TRUE,2606,Aluminium ores and concentrates,4,FALSE,C00,TOTAL CPC,0,0,TOTAL MOT,8,kg,526565,FALSE,-1,N/A,,FALSE,526565,FALSE,,FALSE,,5227,5227,0,TRUE,FALSE,HS_2606
C,A,20030101,2003,52,2003,784,ARE,United Arab Emirates,X,Export,0,W00,World,0,W00,World,H2,HS,TRUE,2606,Aluminium ores and concentrates,4,FALSE,C00,TOTAL CPC,0,0,TOTAL MOT,-1,N/A,,FALSE,-1,N/A,,FALSE,21400,FALSE,,FALSE,,50776,50776,0,TRUE,FALSE,HS_2606
C,A,20030101,2003,52,2003,792,TUR,Türkiye,X,Export,0,W00,World,0,W00,World,H2,HS,TRUE,2606,Aluminium ores and concentrates,4,FALSE,C00,TOTAL CPC,0,0,TOTAL MOT,8,kg,12559980,FALSE,8,kg,12559980,FALSE,12559980,FALSE,0,FALSE,0,544186,544186,0,FALSE,TRUE,HS_2606
C,A,20030101,2003,52,2003,818,EGY,Egypt,X,Export,0,W00,World,0,W00,World,H0,HS,TRUE,2606,Aluminium ores and concentrates,4,FALSE,C00,TOTAL CPC,0,0,TOTAL MOT,-1,N/A,0,FALSE,-1,N/A,0,FALSE,0,FALSE,0,FALSE,0,44666.293,44666.293,0,FALSE,TRUE,HS_2606
C,A,20030101,2003,52,2003,32,ARG,Argentina,X,Export,0,W00,World,0,W00,World,H2,HS,TRUE,75,Nickel and articles thereof,2,FALSE,C00,TOTAL CPC,0,0,TOTAL MOT,-1,N/A,,FALSE,-1,N/A,,FALSE,,FALSE,,FALSE,,135288,135288,0,TRUE,FALSE,HS_75
C,A,20030101,2003,52,2003,48,BHR,Bahrain,X,Export,0,W00,World,0,W00,World,H2,HS,TRUE,75,Nickel and articles thereof,2,FALSE,C00,TOTAL CPC,0,0,TOTAL MOT,-1,N/A,,FALSE,-1,N/A,,FALSE,,FALSE,,FALSE,,6253,6253,0,TRUE,FALSE,HS_75
C,A,20030101,2003,52,2003,76,BRA,Brazil,X,Export,0,W00,World,0,W00,World,H2,HS,TRUE,75,Nickel and articles thereof,2,FALSE,C00,TOTAL CPC,0,0,TOTAL MOT,-1,N/A,0,FALSE,-1,N/A,0,FALSE,0,TRUE,0,FALSE,,137878834,137878834,4,FALSE,TRUE,HS_75
C,A,20030101,2003,52,2003,144,LKA,Sri Lanka,X,Export,0,W00,World,0,W00,World,H2,HS,TRUE,75,Nickel and articles thereof,2,FALSE,C00,TOTAL CPC,0,0,TOTAL MOT,-1,N/A,,FALSE,-1,N/A,,FALSE,,FALSE,,FALSE,,2072989,2072989,0,TRUE,FALSE,HS_75
C,A,20030101,2003,52,2003,152,CHL,Chile,X,Export,0,W00,World,0,W00,World,H2,HS,TRUE,75,Nickel and articles thereof,2,FALSE,C00,TOTAL CPC,0,0,TOTAL MOT,-1,N/A,0,FALSE,-1,N/A,0,FALSE,0,FALSE,0,FALSE,0,35597.1,35597.1,0,FALSE,TRUE,HS_75
C,A,20030101,2003,52,2003,170,COL,Colombia,X,Export,0,W00,World,0,W00,World,H2,HS,TRUE,75,Nickel and articles thereof,2,FALSE,C00,TOTAL CPC,0,0,TOTAL MOT,-1,N/A,,FALSE,-1,N/A,,FALSE,,FALSE,,FALSE,,5263905,5263905,0,TRUE,FALSE,HS_75
C,A,20030101,2003,52,2003,222,SLV,El Salvador,X,Export,0,W00,World,0,W00,World,H2,HS,TRUE,75,Nickel and articles thereof,2,FALSE,C00,TOTAL CPC,0,0,TOTAL MOT,-1,N/A,0,FALSE,-1,N/A,0,FALSE,0,FALSE,0,FALSE,0,1465.13,1465.13,0,FALSE,TRUE,HS_75
C,A,20030101,2003,52,2003,348,HUN,Hungary,X,Export,0,W00,World,0,W00,World,H2,HS,TRUE,75,Nickel and articles thereof,2,FALSE,C00,TOTAL CPC,0,0,TOTAL MOT,-1,N/A,,FALSE,-1,N/A,,FALSE,2800,FALSE,,FALSE,,737000,737000,0,TRUE,FALSE,HS_75
C,A,20030101,2003,52,2003,360,IDN,Indonesia,X,Export,0,W00,World,0,W00,World,H1,HS,TRUE,75,Nickel and articles thereof,2,FALSE,C00,TOTAL CPC,0,0,TOTAL MOT,-1,N/A,,FALSE,-1,N/A,,FALSE,,FALSE,,FALSE,,195282261,195282261,0,FALSE,FALSE,HS_75
C,A,20030101,2003,52,2003,384,CIV,Côte d'Ivoire,X,Export,0,W00,World,0,W00,World,H2,HS,TRUE,75,Nickel and articles thereof,2,FALSE,C00,TOTAL CPC,0,0,TOTAL MOT,-1,N/A,,FALSE,-1,N/A,,FALSE,,FALSE,,FALSE,,4868,4868,0,TRUE,FALSE,HS_75
C,A,20030101,2003,52,2003,398,KAZ,Kazakhstan,X,Export,0,W00,World,0,W00,World,H1,HS,TRUE,75,Nickel and articles thereof,2,FALSE,C00,TOTAL CPC,0,0,TOTAL MOT,-1,N/A,,FALSE,-1,N/A,,FALSE,,FALSE,,FALSE,,659900,659900,0,FALSE,FALSE,HS_75
C,A,20030101,2003,52,2003,484,MEX,Mexico,X,Export,0,W00,World,0,W00,World,H2,HS,TRUE,75,Nickel and articles thereof,2,FALSE,C00,TOTAL CPC,0,0,TOTAL MOT,-1,N/A,,FALSE,-1,N/A,,FALSE,,FALSE,,FALSE,,39864762,39864762,0,TRUE,FALSE,HS_75
C,A,20030101,2003,52,2003,504,MAR,Morocco,X,Export,0,W00,World,0,W00,World,H2,HS,TRUE,75,Nickel and articles thereof,2,FALSE,C00,TOTAL CPC,0,0,TOTAL MOT,-1,N/A,0,FALSE,-1,N/A,0,FALSE,0,FALSE,0,FALSE,0,304252.73,304252.73,0,FALSE,TRUE,HS_75
C,A,20030101,2003,52,2003,566,NGA,Nigeria,X,Export,0,W00,World,0,W00,World,H1,HS,TRUE,75,Nickel and articles thereof,2,FALSE,C00,TOTAL CPC,0,0,TOTAL MOT,-1,N/A,,FALSE,-1,N/A,,FALSE,,FALSE,,FALSE,,398631,398631,0,FALSE,FALSE,HS_75
C,A,20030101,2003,52,2003,586,PAK,Pakistan,X,Export,0,W00,World,0,W00,World,H2,HS,TRUE,75,Nickel and articles thereof,2,FALSE,C00,TOTAL CPC,0,0,TOTAL MOT,-1,N/A,,FALSE,-1,N/A,,FALSE,,FALSE,,FALSE,,11348,11348,0,TRUE,FALSE,HS_75
C,A,20030101,2003,52,2003,604,PER,Peru,X,Export,0,W00,World,0,W00,World,H2,HS,TRUE,75,Nickel and articles thereof,2,FALSE,C00,TOTAL CPC,0,0,TOTAL MOT,-1,N/A,,FALSE,-1,N/A,,FALSE,,FALSE,,FALSE,,9231,9231,0,TRUE,FALSE,HS_75
C,A,20030101,2003,52,2003,608,PHL,Philippines,X,Export,0,W00,World,0,W00,World,H1,HS,TRUE,75,Nickel and articles thereof,2,FALSE,C00,TOTAL CPC,0,0,TOTAL MOT,-1,N/A,,FALSE,-1,N/A,,FALSE,,FALSE,,FALSE,,53286,53286,0,FALSE,FALSE,HS_75
C,A,20030101,2003,52,2003,616,POL,Poland,X,Export,0,W00,World,0,W00,World,H2,HS,TRUE,75,Nickel and articles thereof,2,FALSE,C00,TOTAL CPC,0,0,TOTAL MOT,-1,N/A,,FALSE,-1,N/A,,FALSE,,FALSE,,FALSE,,1017000,1017000,0,TRUE,FALSE,HS_75
C,A,20030101,2003,52,2003,634,QAT,Qatar,X,Export,0,W00,World,0,W00,World,H0,HS,TRUE,75,Nickel and articles thereof,2,FALSE,C00,TOTAL CPC,0,0,TOTAL MOT,-1,N/A,0,FALSE,-1,N/A,0,FALSE,0,FALSE,0,FALSE,,6868.25,6868.25,0,FALSE,TRUE,HS_75
C,A,20030101,2003,52,2003,642,ROU,Romania,X,Export,0,W00,World,0,W00,World,H2,HS,TRUE,75,Nickel and articles thereof,2,FALSE,C00,TOTAL CPC,0,0,TOTAL MOT,-1,N/A,0,FALSE,-1,N/A,0,FALSE,0,FALSE,0,FALSE,0,966954.01,966954.01,0,FALSE,TRUE,HS_75
C,A,20030101,2003,52,2003,682,SAU,Saudi Arabia,X,Export,0,W00,World,0,W00,World,H2,HS,TRUE,75,Nickel and articles thereof,2,FALSE,C00,TOTAL CPC,0,0,TOTAL MOT,-1,N/A,,FALSE,-1,N/A,,FALSE,,FALSE,,FALSE,,1672002,1672002,0,TRUE,FALSE,HS_75
C,A,20030101,2003,52,2003,704,VNM,Viet Nam,X,Export,0,W00,World,0,W00,World,H1,HS,TRUE,75,Nickel and articles thereof,2,FALSE,C00,TOTAL CPC,0,0,TOTAL MOT,-1,N/A,,FALSE,-1,N/A,,FALSE,,FALSE,,FALSE,,252,252,0,FALSE,FALSE,HS_75
C,A,20030101,2003,52,2003,710,ZAF,South Africa,X,Export,0,W00,World,0,W00,World,H2,HS,TRUE,75,Nickel and articles thereof,2,FALSE,C00,TOTAL CPC,0,0,TOTAL MOT,-1,N/A,,FALSE,-1,N/A,,FALSE,,FALSE,,FALSE,,100595060,100595060,0,TRUE,FALSE,HS_75
C,A,20030101,2003,52,2003,784,ARE,United Arab Emirates,X,Export,0,W00,World,0,W00,World,H2,HS,TRUE,75,Nickel and articles thereof,2,FALSE,C00,TOTAL CPC,0,0,TOTAL MOT,-1,N/A,,FALSE,-1,N/A,,FALSE,,FALSE,,FALSE,,2710551,2710551,0,TRUE,FALSE,HS_75
C,A,20030101,2003,52,2003,792,TUR,Türkiye,X,Export,0,W00,World,0,W00,World,H2,HS,TRUE,75,Nickel and articles thereof,2,FALSE,C00,TOTAL CPC,0,0,TOTAL MOT,-1,N/A,0,FALSE,-1,N/A,0,FALSE,0,FALSE,0,FALSE,0,976780,976780,0,FALSE,TRUE,HS_75
C,A,20030101,2003,52,2003,818,EGY,Egypt,X,Export,0,W00,World,0,W00,World,H0,HS,TRUE,75,Nickel and articles thereof,2,FALSE,C00,TOTAL CPC,0,0,TOTAL MOT,-1,N/A,0,FALSE,-1,N/A,0,FALSE,0,TRUE,0,FALSE,0,1533.178,1533.178,4,FALSE,TRUE,HS_75
C,A,20030101,2003,52,2003,894,ZMB,Zambia,X,Export,0,W00,World,0,W00,World,H2,HS,TRUE,75,Nickel and articles thereof,2,FALSE,C00,TOTAL CPC,0,0,TOTAL MOT,-1,N/A,0,FALSE,-1,N/A,0,FALSE,0,FALSE,0,FALSE,0,24957,24957,0,FALSE,TRUE,HS_75
C,A,20030101,2003,52,2003,32,ARG,Argentina,X,Export,0,W00,World,0,W00,World,H2,HS,TRUE,2603,Copper ores and concentrates,4,FALSE,C00,TOTAL CPC,0,0,TOTAL MOT,8,kg,702369584,FALSE,-1,N/A,,FALSE,702369584,FALSE,,FALSE,,467345100,467345100,0,TRUE,FALSE,HS_2603
C,A,20030101,2003,52,2003,152,CHL,Chile,X,Export,0,W00,World,0,W00,World,H2,HS,TRUE,2603,Copper ores and concentrates,4,FALSE,C00,TOTAL CPC,0,0,TOTAL MOT,8,kg,1639428328.56,FALSE,8,kg,1639428328.56,FALSE,1639428328.56,FALSE,0,FALSE,0,2764068444.99,2764068444.99,0,FALSE,TRUE,HS_2603
C,A,20030101,2003,52,2003,170,COL,Colombia,X,Export,0,W00,World,0,W00,World,H2,HS,TRUE,2603,Copper ores and concentrates,4,FALSE,C00,TOTAL CPC,0,0,TOTAL MOT,8,kg,9221300,FALSE,-1,N/A,,FALSE,9221300,FALSE,,FALSE,,2840174,2840174,0,TRUE,FALSE,HS_2603
C,A,20030101,2003,52,2003,218,ECU,Ecuador,X,Export,0,W00,World,0,W00,World,H2,HS,TRUE,2603,Copper ores and concentrates,4,FALSE,C00,TOTAL CPC,0,0,TOTAL MOT,8,kg,492795,FALSE,-1,N/A,,FALSE,492795,FALSE,,FALSE,,197260,197260,0,TRUE,FALSE,HS_2603
C,A,20030101,2003,52,2003,360,IDN,Indonesia,X,Export,0,W00,World,0,W00,World,H1,HS,TRUE,2603,Copper ores and concentrates,4,FALSE,C00,TOTAL CPC,0,0,TOTAL MOT,8,kg,2381436394,FALSE,-1,N/A,,FALSE,2381436394,FALSE,,FALSE,,1854722173,1854722173,0,FALSE,FALSE,HS_2603
C,A,20030101,2003,52,2003,398,KAZ,Kazakhstan,X,Export,0,W00,World,0,W00,World,H1,HS,TRUE,2603,Copper ores and concentrates,4,FALSE,C00,TOTAL CPC,0,0,TOTAL MOT,8,kg,172369111,TRUE,-1,N/A,,FALSE,172369111,TRUE,,FALSE,,70540700,70540700,6,FALSE,FALSE,HS_2603
C,A,20030101,2003,52,2003,484,MEX,Mexico,X,Export,0,W00,World,0,W00,World,H2,HS,TRUE,2603,Copper ores and concentrates,4,FALSE,C00,TOTAL CPC,0,0,TOTAL MOT,8,kg,141089310,FALSE,-1,N/A,,FALSE,141089310,FALSE,,FALSE,,55865611,55865611,0,TRUE,FALSE,HS_2603
C,A,20030101,2003,52,2003,504,MAR,Morocco,X,Export,0,W00,World,0,W00,World,H2,HS,TRUE,2603,Copper ores and concentrates,4,FALSE,C00,TOTAL CPC,0,0,TOTAL MOT,8,kg,19822154,FALSE,8,kg,19822154,FALSE,19822154,FALSE,0,FALSE,0,7166838.728,7166838.728,0,FALSE,TRUE,HS_2603
C,A,20030101,2003,52,2003,604,PER,Peru,X,Export,0,W00,World,0,W00,World,H2,HS,TRUE,2603,Copper ores and concentrates,4,FALSE,C00,TOTAL CPC,0,0,TOTAL MOT,8,kg,1046649927,FALSE,-1,N/A,,FALSE,1046649927,FALSE,,FALSE,,421976286,421976286,0,TRUE,FALSE,HS_2603
C,A,20030101,2003,52,2003,608,PHL,Philippines,X,Export,0,W00,World,0,W00,World,H1,HS,TRUE,2603,Copper ores and concentrates,4,FALSE,C00,TOTAL CPC,0,0,TOTAL MOT,8,kg,40276654,FALSE,-1,N/A,,FALSE,40276654,FALSE,,FALSE,,12319399,12319399,0,FALSE,FALSE,HS_2603
C,A,20030101,2003,52,2003,642,ROU,Romania,X,Export,0,W00,World,0,W00,World,H2,HS,TRUE,2603,Copper ores and concentrates,4,FALSE,C00,TOTAL CPC,0,0,TOTAL MOT,8,kg,94668490,FALSE,8,kg,94668490,FALSE,94668490,FALSE,0,FALSE,0,18599744.32,18599744.32,0,FALSE,TRUE,HS_2603
C,A,20030101,2003,52,2003,704,VNM,Viet Nam,X,Export,0,W00,World,0,W00,World,H1,HS,TRUE,2603,Copper ores and concentrates,4,FALSE,C00,TOTAL CPC,0,0,TOTAL MOT,8,kg,3447382,TRUE,-1,N/A,,FALSE,3447382,TRUE,,FALSE,,1410814,1410814,6,FALSE,FALSE,HS_2603
C,A,20030101,2003,52,2003,710,ZAF,South Africa,X,Export,0,W00,World,0,W00,World,H2,HS,TRUE,2603,Copper ores and concentrates,4,FALSE,C00,TOTAL CPC,0,0,TOTAL MOT,8,kg,25828165,FALSE,-1,N/A,,FALSE,25828165,FALSE,,FALSE,,5783600,5783600,0,TRUE,FALSE,HS_2603
C,A,20030101,2003,52,2003,784,ARE,United Arab Emirates,X,Export,0,W00,World,0,W00,World,H2,HS,TRUE,2603,Copper ores and concentrates,4,FALSE,C00,TOTAL CPC,0,0,TOTAL MOT,-1,N/A,,FALSE,-1,N/A,,FALSE,10954000,FALSE,,FALSE,,703372,703372,0,TRUE,FALSE,HS_2603
C,A,20030101,2003,52,2003,792,TUR,Türkiye,X,Export,0,W00,World,0,W00,World,H2,HS,TRUE,2603,Copper ores and concentrates,4,FALSE,C00,TOTAL CPC,0,0,TOTAL MOT,8,kg,151666860,FALSE,8,kg,151666860,FALSE,151666860,FALSE,0,FALSE,0,44613051,44613051,0,FALSE,TRUE,HS_2603
C,A,20030101,2003,52,2003,894,ZMB,Zambia,X,Export,0,W00,World,0,W00,World,H2,HS,TRUE,2603,Copper ores and concentrates,4,FALSE,C00,TOTAL CPC,0,0,TOTAL MOT,8,kg,31922016,FALSE,8,kg,31922016,FALSE,31922016,FALSE,0,FALSE,0,12042535,12042535,0,FALSE,TRUE,HS_2603
C,A,20030101,2003,52,2003,32,ARG,Argentina,X,Export,0,W00,World,0,W00,World,H2,HS,TRUE,72,Iron and steel,2,FALSE,C00,TOTAL CPC,0,0,TOTAL MOT,-1,N/A,,FALSE,-1,N/A,,FALSE,,FALSE,,FALSE,,580250376,580250376,0,TRUE,FALSE,HS_72
C,A,20030101,2003,52,2003,48,BHR,Bahrain,X,Export,0,W00,World,0,W00,World,H2,HS,TRUE,72,Iron and steel,2,FALSE,C00,TOTAL CPC,0,0,TOTAL MOT,-1,N/A,,FALSE,-1,N/A,,FALSE,,FALSE,,FALSE,,8874466,8874466,0,TRUE,FALSE,HS_72
C,A,20030101,2003,52,2003,76,BRA,Brazil,X,Export,0,W00,World,0,W00,World,H2,HS,TRUE,72,Iron and steel,2,FALSE,C00,TOTAL CPC,0,0,TOTAL MOT,-1,N/A,0,FALSE,-1,N/A,0,FALSE,0,TRUE,0,FALSE,,4701312235,4701312235,4,FALSE,TRUE,HS_72
C,A,20030101,2003,52,2003,144,LKA,Sri Lanka,X,Export,0,W00,World,0,W00,World,H2,HS,TRUE,72,Iron and steel,2,FALSE,C00,TOTAL CPC,0,0,TOTAL MOT,-1,N/A,,FALSE,-1,N/A,,FALSE,,FALSE,,FALSE,,7954675,7954675,0,TRUE,FALSE,HS_72
C,A,20030101,2003,52,2003,152,CHL,Chile,X,Export,0,W00,World,0,W00,World,H2,HS,TRUE,72,Iron and steel,2,FALSE,C00,TOTAL CPC,0,0,TOTAL MOT,-1,N/A,0,FALSE,-1,N/A,0,FALSE,0,TRUE,0,FALSE,0,101268463.738,101268463.738,4,FALSE,TRUE,HS_72
C,A,20030101,2003,52,2003,170,COL,Colombia,X,Export,0,W00,World,0,W00,World,H2,HS,TRUE,72,Iron and steel,2,FALSE,C00,TOTAL CPC,0,0,TOTAL MOT,-1,N/A,,FALSE,-1,N/A,,FALSE,,FALSE,,FALSE,,473217553,473217553,0,TRUE,FALSE,HS_72
C,A,20030101,2003,52,2003,218,ECU,Ecuador,X,Export,0,W00,World,0,W00,World,H2,HS,TRUE,72,Iron and steel,2,FALSE,C00,TOTAL CPC,0,0,TOTAL MOT,-1,N/A,,FALSE,-1,N/A,,FALSE,,FALSE,,FALSE,,6638871,6638871,0,TRUE,FALSE,HS_72
C,A,20030101,2003,52,2003,222,SLV,El Salvador,X,Export,0,W00,World,0,W00,World,H2,HS,TRUE,72,Iron and steel,2,FALSE,C00,TOTAL CPC,0,0,TOTAL MOT,-1,N/A,0,FALSE,-1,N/A,0,FALSE,0,FALSE,0,FALSE,0,64738519.82,64738519.82,0,FALSE,TRUE,HS_72
C,A,20030101,2003,52,2003,348,HUN,Hungary,X,Export,0,W00,World,0,W00,World,H2,HS,TRUE,72,Iron and steel,2,FALSE,C00,TOTAL CPC,0,0,TOTAL MOT,-1,N/A,,FALSE,-1,N/A,,FALSE,115300,FALSE,,FALSE,,470262000,470262000,0,TRUE,FALSE,HS_72
C,A,20030101,2003,52,2003,360,IDN,Indonesia,X,Export,0,W00,World,0,W00,World,H1,HS,TRUE,72,Iron and steel,2,FALSE,C00,TOTAL CPC,0,0,TOTAL MOT,-1,N/A,,FALSE,-1,N/A,,FALSE,,FALSE,,FALSE,,403886707,403886707,0,FALSE,FALSE,HS_72
C,A,20030101,2003,52,2003,384,CIV,Côte d'Ivoire,X,Export,0,W00,World,0,W00,World,H2,HS,TRUE,72,Iron and steel,2,FALSE,C00,TOTAL CPC,0,0,TOTAL MOT,-1,N/A,,FALSE,-1,N/A,,FALSE,,FALSE,,FALSE,,19254528,19254528,0,TRUE,FALSE,HS_72
C,A,20030101,2003,52,2003,398,KAZ,Kazakhstan,X,Export,0,W00,World,0,W00,World,H1,HS,TRUE,72,Iron and steel,2,FALSE,C00,TOTAL CPC,0,0,TOTAL MOT,-1,N/A,,FALSE,-1,N/A,,FALSE,,FALSE,,FALSE,,1528979300,1528979300,0,FALSE,FALSE,HS_72
C,A,20030101,2003,52,2003,484,MEX,Mexico,X,Export,0,W00,World,0,W00,World,H2,HS,TRUE,72,Iron and steel,2,FALSE,C00,TOTAL CPC,0,0,TOTAL MOT,-1,N/A,,FALSE,-1,N/A,,FALSE,,FALSE,,FALSE,,1613583697,1613583697,0,TRUE,FALSE,HS_72
C,A,20030101,2003,52,2003,504,MAR,Morocco,X,Export,0,W00,World,0,W00,World,H2,HS,TRUE,72,Iron and steel,2,FALSE,C00,TOTAL CPC,0,0,TOTAL MOT,-1,N/A,0,FALSE,-1,N/A,0,FALSE,0,TRUE,0,FALSE,0,68996690.262,68996690.262,4,FALSE,TRUE,HS_72
C,A,20030101,2003,52,2003,566,NGA,Nigeria,X,Export,0,W00,World,0,W00,World,H1,HS,TRUE,72,Iron and steel,2,FALSE,C00,TOTAL CPC,0,0,TOTAL MOT,-1,N/A,,FALSE,-1,N/A,,FALSE,,FALSE,,FALSE,,252680,252680,0,FALSE,FALSE,HS_72
C,A,20030101,2003,52,2003,586,PAK,Pakistan,X,Export,0,W00,World,0,W00,World,H2,HS,TRUE,72,Iron and steel,2,FALSE,C00,TOTAL CPC,0,0,TOTAL MOT,-1,N/A,,FALSE,-1,N/A,,FALSE,,FALSE,,FALSE,,4570332,4570332,0,TRUE,FALSE,HS_72
C,A,20030101,2003,52,2003,591,PAN,Panama,X,Export,0,W00,World,0,W00,World,H2,HS,TRUE,72,Iron and steel,2,FALSE,C00,TOTAL CPC,0,0,TOTAL MOT,-1,N/A,,FALSE,-1,N/A,,FALSE,,FALSE,,FALSE,,4963067,4963067,0,TRUE,FALSE,HS_72
C,A,20030101,2003,52,2003,604,PER,Peru,X,Export,0,W00,World,0,W00,World,H2,HS,TRUE,72,Iron and steel,2,FALSE,C00,TOTAL CPC,0,0,TOTAL MOT,-1,N/A,,FALSE,-1,N/A,,FALSE,,FALSE,,FALSE,,34065807,34065807,0,TRUE,FALSE,HS_72
C,A,20030101,2003,52,2003,608,PHL,Philippines,X,Export,0,W00,World,0,W00,World,H1,HS,TRUE,72,Iron and steel,2,FALSE,C00,TOTAL CPC,0,0,TOTAL MOT,-1,N/A,,FALSE,-1,N/A,,FALSE,,FALSE,,FALSE,,74494098,74494098,0,FALSE,FALSE,HS_72
C,A,20030101,2003,52,2003,616,POL,Poland,X,Export,0,W00,World,0,W00,World,H2,HS,TRUE,72,Iron and steel,2,FALSE,C00,TOTAL CPC,0,0,TOTAL MOT,-1,N/A,,FALSE,-1,N/A,,FALSE,,FALSE,,FALSE,,1344635000,1344635000,0,TRUE,FALSE,HS_72
C,A,20030101,2003,52,2003,634,QAT,Qatar,X,Export,0,W00,World,0,W00,World,H0,HS,TRUE,72,Iron and steel,2,FALSE,C00,TOTAL CPC,0,0,TOTAL MOT,-1,N/A,0,FALSE,-1,N/A,0,FALSE,0,FALSE,0,FALSE,,197131901.599,197131901.599,0,FALSE,TRUE,HS_72
C,A,20030101,2003,52,2003,642,ROU,Romania,X,Export,0,W00,World,0,W00,World,H2,HS,TRUE,72,Iron and steel,2,FALSE,C00,TOTAL CPC,0,0,TOTAL MOT,-1,N/A,0,FALSE,-1,N/A,0,FALSE,0,TRUE,0,FALSE,0,1399319328.77,1399319328.77,4,FALSE,TRUE,HS_72
C,A,20030101,2003,52,2003,682,SAU,Saudi Arabia,X,Export,0,W00,World,0,W00,World,H2,HS,TRUE,72,Iron and steel,2,FALSE,C00,TOTAL CPC,0,0,TOTAL MOT,-1,N/A,,FALSE,-1,N/A,,FALSE,,FALSE,,FALSE,,383192746,383192746,0,TRUE,FALSE,HS_72
C,A,20030101,2003,52,2003,686,SEN,Senegal,X,Export,0,W00,World,0,W00,World,H2,HS,TRUE,72,Iron and steel,2,FALSE,C00,TOTAL CPC,0,0,TOTAL MOT,-1,N/A,,FALSE,-1,N/A,,FALSE,,FALSE,,FALSE,,16843032,16843032,0,TRUE,FALSE,HS_72
C,A,20030101,2003,52,2003,704,VNM,Viet Nam,X,Export,0,W00,World,0,W00,World,H1,HS,TRUE,72,Iron and steel,2,FALSE,C00,TOTAL CPC,0,0,TOTAL MOT,-1,N/A,,FALSE,-1,N/A,,FALSE,,FALSE,,FALSE,,52365093,52365093,0,FALSE,FALSE,HS_72
C,A,20030101,2003,52,2003,710,ZAF,South Africa,X,Export,0,W00,World,0,W00,World,H2,HS,TRUE,72,Iron and steel,2,FALSE,C00,TOTAL CPC,0,0,TOTAL MOT,-1,N/A,,FALSE,-1,N/A,,FALSE,,FALSE,,FALSE,,3817539146,3817539146,0,TRUE,FALSE,HS_72
C,A,20030101,2003,52,2003,784,ARE,United Arab Emirates,X,Export,0,W00,World,0,W00,World,H2,HS,TRUE,72,Iron and steel,2,FALSE,C00,TOTAL CPC,0,0,TOTAL MOT,-1,N/A,,FALSE,-1,N/A,,FALSE,,FALSE,,FALSE,,208039165,208039165,0,TRUE,FALSE,HS_72
C,A,20030101,2003,52,2003,792,TUR,Türkiye,X,Export,0,W00,World,0,W00,World,H2,HS,TRUE,72,Iron and steel,2,FALSE,C00,TOTAL CPC,0,0,TOTAL MOT,-1,N/A,0,FALSE,-1,N/A,0,FALSE,0,TRUE,0,FALSE,0,2969011551,2969011551,4,FALSE,TRUE,HS_72
C,A,20030101,2003,52,2003,818,EGY,Egypt,X,Export,0,W00,World,0,W00,World,H0,HS,TRUE,72,Iron and steel,2,FALSE,C00,TOTAL CPC,0,0,TOTAL MOT,-1,N/A,0,FALSE,-1,N/A,0,FALSE,0,FALSE,0,FALSE,0,387302555.692,387302555.692,0,FALSE,TRUE,HS_72
C,A,20030101,2003,52,2003,858,URY,Uruguay,X,Export,0,W00,World,0,W00,World,H2,HS,TRUE,72,Iron and steel,2,FALSE,C00,TOTAL CPC,0,0,TOTAL MOT,-1,N/A,,FALSE,-1,N/A,,FALSE,,FALSE,,FALSE,,6231515,6231515,0,TRUE,FALSE,HS_72
C,A,20030101,2003,52,2003,894,ZMB,Zambia,X,Export,0,W00,World,0,W00,World,H2,HS,TRUE,72,Iron and steel,2,FALSE,C00,TOTAL CPC,0,0,TOTAL MOT,-1,N/A,0,FALSE,-1,N/A,0,FALSE,0,TRUE,0,FALSE,0,3163612,3163612,4,FALSE,TRUE,HS_72
C,A,20030101,2003,52,2003,32,ARG,Argentina,X,Export,0,W00,World,0,W00,World,H2,HS,TRUE,73,Iron or steel articles,2,FALSE,C00,TOTAL CPC,0,0,TOTAL MOT,-1,N/A,,FALSE,-1,N/A,,FALSE,,FALSE,,FALSE,,511356364,511356364,0,TRUE,FALSE,HS_73
C,A,20030101,2003,52,2003,48,BHR,Bahrain,X,Export,0,W00,World,0,W00,World,H2,HS,TRUE,73,Iron or steel articles,2,FALSE,C00,TOTAL CPC,0,0,TOTAL MOT,-1,N/A,,FALSE,-1,N/A,,FALSE,,FALSE,,FALSE,,11467595,11467595,0,TRUE,FALSE,HS_73
C,A,20030101,2003,52,2003,76,BRA,Brazil,X,Export,0,W00,World,0,W00,World,H2,HS,TRUE,73,Iron or steel articles,2,FALSE,C00,TOTAL CPC,0,0,TOTAL MOT,-1,N/A,0,FALSE,-1,N/A,0,FALSE,0,TRUE,0,FALSE,,700316503,700316503,4,FALSE,TRUE,HS_73
C,A,20030101,2003,52,2003,144,LKA,Sri Lanka,X,Export,0,W00,World,0,W00,World,H2,HS,TRUE,73,Iron or steel articles,2,FALSE,C00,TOTAL CPC,0,0,TOTAL MOT,-1,N/A,,FALSE,-1,N/A,,FALSE,,FALSE,,FALSE,,10181433,10181433,0,TRUE,FALSE,HS_73
C,A,20030101,2003,52,2003,152,CHL,Chile,X,Export,0,W00,World,0,W00,World,H2,HS,TRUE,73,Iron or steel articles,2,FALSE,C00,TOTAL CPC,0,0,TOTAL MOT,-1,N/A,0,FALSE,-1,N/A,0,FALSE,0,TRUE,0,FALSE,0,81028369.363,81028369.363,4,FALSE,TRUE,HS_73
C,A,20030101,2003,52,2003,170,COL,Colombia,X,Export,0,W00,World,0,W00,World,H2,HS,TRUE,73,Iron or steel articles,2,FALSE,C00,TOTAL CPC,0,0,TOTAL MOT,-1,N/A,,FALSE,-1,N/A,,FALSE,,FALSE,,FALSE,,105863756,105863756,0,TRUE,FALSE,HS_73
C,A,20030101,2003,52,2003,218,ECU,Ecuador,X,Export,0,W00,World,0,W00,World,H2,HS,TRUE,73,Iron or steel articles,2,FALSE,C00,TOTAL CPC,0,0,TOTAL MOT,-1,N/A,,FALSE,-1,N/A,,FALSE,,FALSE,,FALSE,,29600092,29600092,0,TRUE,FALSE,HS_73
C,A,20030101,2003,52,2003,222,SLV,El Salvador,X,Export,0,W00,World,0,W00,World,H2,HS,TRUE,73,Iron or steel articles,2,FALSE,C00,TOTAL CPC,0,0,TOTAL MOT,-1,N/A,0,FALSE,-1,N/A,0,FALSE,0,TRUE,0,FALSE,0,10482517.9,10482517.9,4,FALSE,TRUE,HS_73
C,A,20030101,2003,52,2003,348,HUN,Hungary,X,Export,0,W00,World,0,W00,World,H2,HS,TRUE,73,Iron or steel articles,2,FALSE,C00,TOTAL CPC,0,0,TOTAL MOT,-1,N/A,,FALSE,-1,N/A,,FALSE,18100,FALSE,,FALSE,,626963000,626963000,0,TRUE,FALSE,HS_73
C,A,20030101,2003,52,2003,360,IDN,Indonesia,X,Export,0,W00,World,0,W00,World,H1,HS,TRUE,73,Iron or steel articles,2,FALSE,C00,TOTAL CPC,0,0,TOTAL MOT,-1,N/A,,FALSE,-1,N/A,,FALSE,,FALSE,,FALSE,,416113200,416113200,0,FALSE,FALSE,HS_73
C,A,20030101,2003,52,2003,384,CIV,Côte d'Ivoire,X,Export,0,W00,World,0,W00,World,H2,HS,TRUE,73,Iron or steel articles,2,FALSE,C00,TOTAL CPC,0,0,TOTAL MOT,-1,N/A,,FALSE,-1,N/A,,FALSE,,FALSE,,FALSE,,15623861,15623861,0,TRUE,FALSE,HS_73
C,A,20030101,2003,52,2003,398,KAZ,Kazakhstan,X,Export,0,W00,World,0,W00,World,H1,HS,TRUE,73,Iron or steel articles,2,FALSE,C00,TOTAL CPC,0,0,TOTAL MOT,-1,N/A,,FALSE,-1,N/A,,FALSE,,FALSE,,FALSE,,44985200,44985200,0,FALSE,FALSE,HS_73
C,A,20030101,2003,52,2003,484,MEX,Mexico,X,Export,0,W00,World,0,W00,World,H2,HS,TRUE,73,Iron or steel articles,2,FALSE,C00,TOTAL CPC,0,0,TOTAL MOT,-1,N/A,,FALSE,-1,N/A,,FALSE,,FALSE,,FALSE,,2221437989,2221437989,0,TRUE,FALSE,HS_73
C,A,20030101,2003,52,2003,504,MAR,Morocco,X,Export,0,W00,World,0,W00,World,H2,HS,TRUE,73,Iron or steel articles,2,FALSE,C00,TOTAL CPC,0,0,TOTAL MOT,-1,N/A,0,FALSE,-1,N/A,0,FALSE,0,TRUE,0,FALSE,0,27748936.049,27748936.049,4,FALSE,TRUE,HS_73
C,A,20030101,2003,52,2003,566,NGA,Nigeria,X,Export,0,W00,World,0,W00,World,H1,HS,TRUE,73,Iron or steel articles,2,FALSE,C00,TOTAL CPC,0,0,TOTAL MOT,-1,N/A,,FALSE,-1,N/A,,FALSE,,FALSE,,FALSE,,6145530,6145530,0,FALSE,FALSE,HS_73
C,A,20030101,2003,52,2003,586,PAK,Pakistan,X,Export,0,W00,World,0,W00,World,H2,HS,TRUE,73,Iron or steel articles,2,FALSE,C00,TOTAL CPC,0,0,TOTAL MOT,-1,N/A,,FALSE,-1,N/A,,FALSE,,FALSE,,FALSE,,37909835,37909835,0,TRUE,FALSE,HS_73
C,A,20030101,2003,52,2003,591,PAN,Panama,X,Export,0,W00,World,0,W00,World,H2,HS,TRUE,73,Iron or steel articles,2,FALSE,C00,TOTAL CPC,0,0,TOTAL MOT,-1,N/A,,FALSE,-1,N/A,,FALSE,,FALSE,,FALSE,,2131346,2131346,0,TRUE,FALSE,HS_73
C,A,20030101,2003,52,2003,604,PER,Peru,X,Export,0,W00,World,0,W00,World,H2,HS,TRUE,73,Iron or steel articles,2,FALSE,C00,TOTAL CPC,0,0,TOTAL MOT,-1,N/A,,FALSE,-1,N/A,,FALSE,,FALSE,,FALSE,,17982441,17982441,0,TRUE,FALSE,HS_73
C,A,20030101,2003,52,2003,608,PHL,Philippines,X,Export,0,W00,World,0,W00,World,H1,HS,TRUE,73,Iron or steel articles,2,FALSE,C00,TOTAL CPC,0,0,TOTAL MOT,-1,N/A,,FALSE,-1,N/A,,FALSE,,FALSE,,FALSE,,69942048,69942048,0,FALSE,FALSE,HS_73
C,A,20030101,2003,52,2003,616,POL,Poland,X,Export,0,W00,World,0,W00,World,H2,HS,TRUE,73,Iron or steel articles,2,FALSE,C00,TOTAL CPC,0,0,TOTAL MOT,-1,N/A,,FALSE,-1,N/A,,FALSE,,FALSE,,FALSE,,2222374000,2222374000,0,TRUE,FALSE,HS_73
C,A,20030101,2003,52,2003,634,QAT,Qatar,X,Export,0,W00,World,0,W00,World,H0,HS,TRUE,73,Iron or steel articles,2,FALSE,C00,TOTAL CPC,0,0,TOTAL MOT,-1,N/A,0,FALSE,-1,N/A,0,FALSE,0,FALSE,0,FALSE,,81923013.997,81923013.997,0,FALSE,TRUE,HS_73
C,A,20030101,2003,52,2003,642,ROU,Romania,X,Export,0,W00,World,0,W00,World,H2,HS,TRUE,73,Iron or steel articles,2,FALSE,C00,TOTAL CPC,0,0,TOTAL MOT,-1,N/A,0,FALSE,-1,N/A,0,FALSE,0,TRUE,0,FALSE,0,439312097.57,439312097.57,4,FALSE,TRUE,HS_73
C,A,20030101,2003,52,2003,682,SAU,Saudi Arabia,X,Export,0,W00,World,0,W00,World,H2,HS,TRUE,73,Iron or steel articles,2,FALSE,C00,TOTAL CPC,0,0,TOTAL MOT,-1,N/A,,FALSE,-1,N/A,,FALSE,,FALSE,,FALSE,,384248214,384248214,0,TRUE,FALSE,HS_73
C,A,20030101,2003,52,2003,686,SEN,Senegal,X,Export,0,W00,World,0,W00,World,H2,HS,TRUE,73,Iron or steel articles,2,FALSE,C00,TOTAL CPC,0,0,TOTAL MOT,-1,N/A,,FALSE,-1,N/A,,FALSE,,FALSE,,FALSE,,4194022,4194022,0,TRUE,FALSE,HS_73
C,A,20030101,2003,52,2003,704,VNM,Viet Nam,X,Export,0,W00,World,0,W00,World,H1,HS,TRUE,73,Iron or steel articles,2,FALSE,C00,TOTAL CPC,0,0,TOTAL MOT,-1,N/A,,FALSE,-1,N/A,,FALSE,,FALSE,,FALSE,,147765802,147765802,0,FALSE,FALSE,HS_73
C,A,20030101,2003,52,2003,710,ZAF,South Africa,X,Export,0,W00,World,0,W00,World,H2,HS,TRUE,73,Iron or steel articles,2,FALSE,C00,TOTAL CPC,0,0,TOTAL MOT,-1,N/A,,FALSE,-1,N/A,,FALSE,,FALSE,,FALSE,,429598644,429598644,0,TRUE,FALSE,HS_73
C,A,20030101,2003,52,2003,784,ARE,United Arab Emirates,X,Export,0,W00,World,0,W00,World,H2,HS,TRUE,73,Iron or steel articles,2,FALSE,C00,TOTAL CPC,0,0,TOTAL MOT,-1,N/A,,FALSE,-1,N/A,,FALSE,,FALSE,,FALSE,,371812831,371812831,0,TRUE,FALSE,HS_73
C,A,20030101,2003,52,2003,792,TUR,Türkiye,X,Export,0,W00,World,0,W00,World,H2,HS,TRUE,73,Iron or steel articles,2,FALSE,C00,TOTAL CPC,0,0,TOTAL MOT,-1,N/A,0,FALSE,-1,N/A,0,FALSE,0,TRUE,0,FALSE,0,1391046684,1391046684,4,FALSE,TRUE,HS_73
C,A,20030101,2003,52,2003,818,EGY,Egypt,X,Export,0,W00,World,0,W00,World,H0,HS,TRUE,73,Iron or steel articles,2,FALSE,C00,TOTAL CPC,0,0,TOTAL MOT,-1,N/A,0,FALSE,-1,N/A,0,FALSE,0,FALSE,0,FALSE,0,36707139.987,36707139.987,0,FALSE,TRUE,HS_73
C,A,20030101,2003,52,2003,858,URY,Uruguay,X,Export,0,W00,World,0,W00,World,H2,HS,TRUE,73,Iron or steel articles,2,FALSE,C00,TOTAL CPC,0,0,TOTAL MOT,-1,N/A,,FALSE,-1,N/A,,FALSE,,FALSE,,FALSE,,12126706,12126706,0,TRUE,FALSE,HS_73
C,A,20030101,2003,52,2003,894,ZMB,Zambia,X,Export,0,W00,World,0,W00,World,H2,HS,TRUE,73,Iron or steel articles,2,FALSE,C00,TOTAL CPC,0,0,TOTAL MOT,-1,N/A,0,FALSE,-1,N/A,0,FALSE,0,TRUE,0,FALSE,0,5332926,5332926,4,FALSE,TRUE,HS_73
C,A,20030101,2003,52,2003,32,ARG,Argentina,X,Export,0,W00,World,0,W00,World,H2,HS,TRUE,2601,Iron ores and concentrates; including roasted iron pyrites,4,FALSE,C00,TOTAL CPC,0,0,TOTAL MOT,8,kg,80,FALSE,-1,N/A,,FALSE,80,FALSE,,FALSE,,240,240,0,TRUE,FALSE,HS_2601
C,A,20030101,2003,52,2003,48,BHR,Bahrain,X,Export,0,W00,World,0,W00,World,H2,HS,TRUE,2601,Iron ores and concentrates; including roasted iron pyrites,4,FALSE,C00,TOTAL CPC,0,0,TOTAL MOT,8,kg,4346502600,FALSE,-1,N/A,,FALSE,4346502600,FALSE,,FALSE,,241460778,241460778,0,TRUE,FALSE,HS_2601
C,A,20030101,2003,52,2003,76,BRA,Brazil,X,Export,0,W00,World,0,W00,World,H2,HS,TRUE,2601,Iron ores and concentrates; including roasted iron pyrites,4,FALSE,C00,TOTAL CPC,0,0,TOTAL MOT,-1,N/A,0,FALSE,-1,N/A,0,FALSE,174826135935.081,TRUE,0,FALSE,,3455920298,3455920298,4,FALSE,TRUE,HS_2601
C,A,20030101,2003,52,2003,152,CHL,Chile,X,Export,0,W00,World,0,W00,World,H2,HS,TRUE,2601,Iron ores and concentrates; including roasted iron pyrites,4,FALSE,C00,TOTAL CPC,0,0,TOTAL MOT,8,kg,5431606739.528,TRUE,-1,N/A,0,FALSE,5431606739.528,TRUE,0,FALSE,0,137446168.45,137446168.45,6,FALSE,TRUE,HS_2601
C,A,20030101,2003,52,2003,360,IDN,Indonesia,X,Export,0,W00,World,0,W00,World,H1,HS,TRUE,2601,Iron ores and concentrates; including roasted iron pyrites,4,FALSE,C00,TOTAL CPC,0,0,TOTAL MOT,8,kg,639126,FALSE,-1,N/A,,FALSE,639126,FALSE,,FALSE,,101109,101109,0,FALSE,FALSE,HS_2601
C,A,20030101,2003,52,2003,398,KAZ,Kazakhstan,X,Export,0,W00,World,0,W00,World,H1,HS,TRUE,2601,Iron ores and concentrates; including roasted iron pyrites,4,FALSE,C00,TOTAL CPC,0,0,TOTAL MOT,-1,N/A,,FALSE,-1,N/A,,FALSE,,FALSE,,FALSE,,179140300,179140300,0,FALSE,FALSE,HS_2601
C,A,20030101,2003,52,2003,484,MEX,Mexico,X,Export,0,W00,World,0,W00,World,H2,HS,TRUE,2601,Iron ores and concentrates; including roasted iron pyrites,4,FALSE,C00,TOTAL CPC,0,0,TOTAL MOT,8,kg,645081672,FALSE,-1,N/A,,FALSE,645081672,FALSE,,FALSE,,28376652,28376652,0,TRUE,FALSE,HS_2601
C,A,20030101,2003,52,2003,504,MAR,Morocco,X,Export,0,W00,World,0,W00,World,H2,HS,TRUE,2601,Iron ores and concentrates; including roasted iron pyrites,4,FALSE,C00,TOTAL CPC,0,0,TOTAL MOT,8,kg,5,FALSE,8,kg,5,FALSE,5,FALSE,0,FALSE,0,3.346,3.346,0,FALSE,TRUE,HS_2601
C,A,20030101,2003,52,2003,604,PER,Peru,X,Export,0,W00,World,0,W00,World,H2,HS,TRUE,2601,Iron ores and concentrates; including roasted iron pyrites,4,FALSE,C00,TOTAL CPC,0,0,TOTAL MOT,8,kg,5082589588,FALSE,-1,N/A,,FALSE,5082589588,FALSE,,FALSE,,94050728,94050728,0,TRUE,FALSE,HS_2601
C,A,20030101,2003,52,2003,608,PHL,Philippines,X,Export,0,W00,World,0,W00,World,H1,HS,TRUE,2601,Iron ores and concentrates; including roasted iron pyrites,4,FALSE,C00,TOTAL CPC,0,0,TOTAL MOT,8,kg,4187662001,FALSE,-1,N/A,,FALSE,4187662001,FALSE,,FALSE,,63321724,63321724,0,FALSE,FALSE,HS_2601
C,A,20030101,2003,52,2003,642,ROU,Romania,X,Export,0,W00,World,0,W00,World,H2,HS,TRUE,2601,Iron ores and concentrates; including roasted iron pyrites,4,FALSE,C00,TOTAL CPC,0,0,TOTAL MOT,8,kg,1070955,FALSE,8,kg,1070955,FALSE,1070955,FALSE,0,FALSE,0,16089.75,16089.75,0,FALSE,TRUE,HS_2601
C,A,20030101,2003,52,2003,682,SAU,Saudi Arabia,X,Export,0,W00,World,0,W00,World,H2,HS,TRUE,2601,Iron ores and concentrates; including roasted iron pyrites,4,FALSE,C00,TOTAL CPC,0,0,TOTAL MOT,8,kg,29309000,FALSE,-1,N/A,,FALSE,29309000,FALSE,,FALSE,,4815739,4815739,0,TRUE,FALSE,HS_2601
C,A,20030101,2003,52,2003,704,VNM,Viet Nam,X,Export,0,W00,World,0,W00,World,H1,HS,TRUE,2601,Iron ores and concentrates; including roasted iron pyrites,4,FALSE,C00,TOTAL CPC,0,0,TOTAL MOT,-1,N/A,,FALSE,-1,N/A,,FALSE,,FALSE,,FALSE,,10085495,10085495,0,FALSE,FALSE,HS_2601
C,A,20030101,2003,52,2003,710,ZAF,South Africa,X,Export,0,W00,World,0,W00,World,H2,HS,TRUE,2601,Iron ores and concentrates; including roasted iron pyrites,4,FALSE,C00,TOTAL CPC,0,0,TOTAL MOT,8,kg,25532693146,TRUE,-1,N/A,,FALSE,25532693146,TRUE,,FALSE,,474183299,474183299,6,TRUE,FALSE,HS_2601
C,A,20030101,2003,52,2003,784,ARE,United Arab Emirates,X,Export,0,W00,World,0,W00,World,H2,HS,TRUE,2601,Iron ores and concentrates; including roasted iron pyrites,4,FALSE,C00,TOTAL CPC,0,0,TOTAL MOT,-1,N/A,,FALSE,-1,N/A,,FALSE,1418000,FALSE,,FALSE,,163330,163330,0,TRUE,FALSE,HS_2601
C,A,20030101,2003,52,2003,792,TUR,Türkiye,X,Export,0,W00,World,0,W00,World,H2,HS,TRUE,2601,Iron ores and concentrates; including roasted iron pyrites,4,FALSE,C00,TOTAL CPC,0,0,TOTAL MOT,8,kg,1358792,FALSE,8,kg,1358792,FALSE,1358792,FALSE,0,FALSE,0,218459,218459,0,FALSE,TRUE,HS_2601
C,A,20030101,2003,52,2003,818,EGY,Egypt,X,Export,0,W00,World,0,W00,World,H0,HS,TRUE,2601,Iron ores and concentrates; including roasted iron pyrites,4,FALSE,C00,TOTAL CPC,0,0,TOTAL MOT,8,kg,705775.274,TRUE,-1,N/A,0,FALSE,705775.274,TRUE,0,FALSE,0,11795.892,11795.892,6,FALSE,TRUE,HS_2601
C,A,20030101,2003,52,2003,858,URY,Uruguay,X,Export,0,W00,World,0,W00,World,H2,HS,TRUE,2601,Iron ores and concentrates; including roasted iron pyrites,4,FALSE,C00,TOTAL CPC,0,0,TOTAL MOT,8,kg,3200,FALSE,-1,N/A,,FALSE,3200,FALSE,,FALSE,,2500,2500,0,TRUE,FALSE,HS_2601
C,A,20030101,2003,52,2003,32,ARG,Argentina,X,Export,0,W00,World,0,W00,World,H2,HS,TRUE,71,"Natural, cultured pearls; precious, semi-precious stones; precious metals, metals clad with precious metal, and articles thereof; imitation jewellery; coin",2,FALSE,C00,TOTAL CPC,0,0,TOTAL MOT,-1,N/A,,FALSE,-1,N/A,,FALSE,,FALSE,,FALSE,,115817718,115817718,0,TRUE,FALSE,HS_71
C,A,20030101,2003,52,2003,48,BHR,Bahrain,X,Export,0,W00,World,0,W00,World,H2,HS,TRUE,71,"Natural, cultured pearls; precious, semi-precious stones; precious metals, metals clad with precious metal, and articles thereof; imitation jewellery; coin",2,FALSE,C00,TOTAL CPC,0,0,TOTAL MOT,-1,N/A,,FALSE,-1,N/A,,FALSE,,FALSE,,FALSE,,834788,834788,0,TRUE,FALSE,HS_71
C,A,20030101,2003,52,2003,76,BRA,Brazil,X,Export,0,W00,World,0,W00,World,H2,HS,TRUE,71,"Natural, cultured pearls; precious, semi-precious stones; precious metals, metals clad with precious metal, and articles thereof; imitation jewellery; coin",2,FALSE,C00,TOTAL CPC,0,0,TOTAL MOT,-1,N/A,0,FALSE,-1,N/A,0,FALSE,0,TRUE,0,FALSE,,613492100,613492100,4,FALSE,TRUE,HS_71
C,A,20030101,2003,52,2003,144,LKA,Sri Lanka,X,Export,0,W00,World,0,W00,World,H2,HS,TRUE,71,"Natural, cultured pearls; precious, semi-precious stones; precious metals, metals clad with precious metal, and articles thereof; imitation jewellery; coin",2,FALSE,C00,TOTAL CPC,0,0,TOTAL MOT,-1,N/A,,FALSE,-1,N/A,,FALSE,,FALSE,,FALSE,,229702446,229702446,0,TRUE,FALSE,HS_71
C,A,20030101,2003,52,2003,152,CHL,Chile,X,Export,0,W00,World,0,W00,World,H2,HS,TRUE,71,"Natural, cultured pearls; precious, semi-precious stones; precious metals, metals clad with precious metal, and articles thereof; imitation jewellery; coin",2,FALSE,C00,TOTAL CPC,0,0,TOTAL MOT,-1,N/A,0,FALSE,-1,N/A,0,FALSE,0,TRUE,0,FALSE,0,382378070.069,382378070.069,4,FALSE,TRUE,HS_71
C,A,20030101,2003,52,2003,170,COL,Colombia,X,Export,0,W00,World,0,W00,World,H2,HS,TRUE,71,"Natural, cultured pearls; precious, semi-precious stones; precious metals, metals clad with precious metal, and articles thereof; imitation jewellery; coin",2,FALSE,C00,TOTAL CPC,0,0,TOTAL MOT,-1,N/A,,FALSE,-1,N/A,,FALSE,,FALSE,,FALSE,,712846120,712846120,0,TRUE,FALSE,HS_71
C,A,20030101,2003,52,2003,218,ECU,Ecuador,X,Export,0,W00,World,0,W00,World,H2,HS,TRUE,71,"Natural, cultured pearls; precious, semi-precious stones; precious metals, metals clad with precious metal, and articles thereof; imitation jewellery; coin",2,FALSE,C00,TOTAL CPC,0,0,TOTAL MOT,-1,N/A,,FALSE,-1,N/A,,FALSE,,FALSE,,FALSE,,22023515,22023515,0,TRUE,FALSE,HS_71
C,A,20030101,2003,52,2003,222,SLV,El Salvador,X,Export,0,W00,World,0,W00,World,H2,HS,TRUE,71,"Natural, cultured pearls; precious, semi-precious stones; precious metals, metals clad with precious metal, and articles thereof; imitation jewellery; coin",2,FALSE,C00,TOTAL CPC,0,0,TOTAL MOT,-1,N/A,0,FALSE,-1,N/A,0,FALSE,0,FALSE,0,FALSE,0,333499.59,333499.59,0,FALSE,TRUE,HS_71
C,A,20030101,2003,52,2003,348,HUN,Hungary,X,Export,0,W00,World,0,W00,World,H2,HS,TRUE,71,"Natural, cultured pearls; precious, semi-precious stones; precious metals, metals clad with precious metal, and articles thereof; imitation jewellery; coin",2,FALSE,C00,TOTAL CPC,0,0,TOTAL MOT,-1,N/A,,FALSE,-1,N/A,,FALSE,1100,FALSE,,FALSE,,22372000,22372000,0,TRUE,FALSE,HS_71
C,A,20030101,2003,52,2003,360,IDN,Indonesia,X,Export,0,W00,World,0,W00,World,H1,HS,TRUE,71,"Natural, cultured pearls; precious, semi-precious stones; precious metals, metals clad with precious metal, and articles thereof; imitation jewellery; coin",2,FALSE,C00,TOTAL CPC,0,0,TOTAL MOT,-1,N/A,,FALSE,-1,N/A,,FALSE,,FALSE,,FALSE,,379439938,379439938,0,FALSE,FALSE,HS_71
C,A,20030101,2003,52,2003,384,CIV,Côte d'Ivoire,X,Export,0,W00,World,0,W00,World,H2,HS,TRUE,71,"Natural, cultured pearls; precious, semi-precious stones; precious metals, metals clad with precious metal, and articles thereof; imitation jewellery; coin",2,FALSE,C00,TOTAL CPC,0,0,TOTAL MOT,-1,N/A,,FALSE,-1,N/A,,FALSE,,FALSE,,FALSE,,14665087,14665087,0,TRUE,FALSE,HS_71
C,A,20030101,2003,52,2003,398,KAZ,Kazakhstan,X,Export,0,W00,World,0,W00,World,H1,HS,TRUE,71,"Natural, cultured pearls; precious, semi-precious stones; precious metals, metals clad with precious metal, and articles thereof; imitation jewellery; coin",2,FALSE,C00,TOTAL CPC,0,0,TOTAL MOT,-1,N/A,,FALSE,-1,N/A,,FALSE,,FALSE,,FALSE,,249867800,249867800,0,FALSE,FALSE,HS_71
C,A,20030101,2003,52,2003,484,MEX,Mexico,X,Export,0,W00,World,0,W00,World,H2,HS,TRUE,71,"Natural, cultured pearls; precious, semi-precious stones; precious metals, metals clad with precious metal, and articles thereof; imitation jewellery; coin",2,FALSE,C00,TOTAL CPC,0,0,TOTAL MOT,-1,N/A,,FALSE,-1,N/A,,FALSE,,FALSE,,FALSE,,1066495030,1066495030,0,TRUE,FALSE,HS_71
C,A,20030101,2003,52,2003,504,MAR,Morocco,X,Export,0,W00,World,0,W00,World,H2,HS,TRUE,71,"Natural, cultured pearls; precious, semi-precious stones; precious metals, metals clad with precious metal, and articles thereof; imitation jewellery; coin",2,FALSE,C00,TOTAL CPC,0,0,TOTAL MOT,-1,N/A,0,FALSE,-1,N/A,0,FALSE,0,TRUE,0,FALSE,0,57813905.236,57813905.236,4,FALSE,TRUE,HS_71
C,A,20030101,2003,52,2003,586,PAK,Pakistan,X,Export,0,W00,World,0,W00,World,H2,HS,TRUE,71,"Natural, cultured pearls; precious, semi-precious stones; precious metals, metals clad with precious metal, and articles thereof; imitation jewellery; coin",2,FALSE,C00,TOTAL CPC,0,0,TOTAL MOT,-1,N/A,,FALSE,-1,N/A,,FALSE,,FALSE,,FALSE,,25136936,25136936,0,TRUE,FALSE,HS_71
C,A,20030101,2003,52,2003,591,PAN,Panama,X,Export,0,W00,World,0,W00,World,H2,HS,TRUE,71,"Natural, cultured pearls; precious, semi-precious stones; precious metals, metals clad with precious metal, and articles thereof; imitation jewellery; coin",2,FALSE,C00,TOTAL CPC,0,0,TOTAL MOT,-1,N/A,,FALSE,-1,N/A,,FALSE,,FALSE,,FALSE,,2890233,2890233,0,TRUE,FALSE,HS_71
C,A,20030101,2003,52,2003,604,PER,Peru,X,Export,0,W00,World,0,W00,World,H2,HS,TRUE,71,"Natural, cultured pearls; precious, semi-precious stones; precious metals, metals clad with precious metal, and articles thereof; imitation jewellery; coin",2,FALSE,C00,TOTAL CPC,0,0,TOTAL MOT,-1,N/A,,FALSE,-1,N/A,,FALSE,,FALSE,,FALSE,,2339880214,2339880214,0,TRUE,FALSE,HS_71
C,A,20030101,2003,52,2003,608,PHL,Philippines,X,Export,0,W00,World,0,W00,World,H1,HS,TRUE,71,"Natural, cultured pearls; precious, semi-precious stones; precious metals, metals clad with precious metal, and articles thereof; imitation jewellery; coin",2,FALSE,C00,TOTAL CPC,0,0,TOTAL MOT,-1,N/A,,FALSE,-1,N/A,,FALSE,,FALSE,,FALSE,,200594556,200594556,0,FALSE,FALSE,HS_71
C,A,20030101,2003,52,2003,616,POL,Poland,X,Export,0,W00,World,0,W00,World,H2,HS,TRUE,71,"Natural, cultured pearls; precious, semi-precious stones; precious metals, metals clad with precious metal, and articles thereof; imitation jewellery; coin",2,FALSE,C00,TOTAL CPC,0,0,TOTAL MOT,-1,N/A,,FALSE,-1,N/A,,FALSE,,FALSE,,FALSE,,254526000,254526000,0,TRUE,FALSE,HS_71
C,A,20030101,2003,52,2003,634,QAT,Qatar,X,Export,0,W00,World,0,W00,World,H0,HS,TRUE,71,"Natural, cultured pearls; precious, semi-precious stones; precious metals, metals clad with precious metal, and articles thereof; imitation jewellery; coin",2,FALSE,C00,TOTAL CPC,0,0,TOTAL MOT,-1,N/A,0,FALSE,-1,N/A,0,FALSE,0,FALSE,0,FALSE,,1113899.379,1113899.379,0,FALSE,TRUE,HS_71
C,A,20030101,2003,52,2003,682,SAU,Saudi Arabia,X,Export,0,W00,World,0,W00,World,H2,HS,TRUE,71,"Natural, cultured pearls; precious, semi-precious stones; precious metals, metals clad with precious metal, and articles thereof; imitation jewellery; coin",2,FALSE,C00,TOTAL CPC,0,0,TOTAL MOT,-1,N/A,,FALSE,-1,N/A,,FALSE,,FALSE,,FALSE,,334375618,334375618,0,TRUE,FALSE,HS_71
C,A,20030101,2003,52,2003,686,SEN,Senegal,X,Export,0,W00,World,0,W00,World,H2,HS,TRUE,71,"Natural, cultured pearls; precious, semi-precious stones; precious metals, metals clad with precious metal, and articles thereof; imitation jewellery; coin",2,FALSE,C00,TOTAL CPC,0,0,TOTAL MOT,-1,N/A,,FALSE,-1,N/A,,FALSE,,FALSE,,FALSE,,44724,44724,0,TRUE,FALSE,HS_71
C,A,20030101,2003,52,2003,704,VNM,Viet Nam,X,Export,0,W00,World,0,W00,World,H1,HS,TRUE,71,"Natural, cultured pearls; precious, semi-precious stones; precious metals, metals clad with precious metal, and articles thereof; imitation jewellery; coin",2,FALSE,C00,TOTAL CPC,0,0,TOTAL MOT,-1,N/A,,FALSE,-1,N/A,,FALSE,,FALSE,,FALSE,,86081738,86081738,0,FALSE,FALSE,HS_71
C,A,20030101,2003,52,2003,710,ZAF,South Africa,X,Export,0,W00,World,0,W00,World,H2,HS,TRUE,71,"Natural, cultured pearls; precious, semi-precious stones; precious metals, metals clad with precious metal, and articles thereof; imitation jewellery; coin",2,FALSE,C00,TOTAL CPC,0,0,TOTAL MOT,-1,N/A,,FALSE,-1,N/A,,FALSE,,FALSE,,FALSE,,5294875941,5294875941,0,TRUE,FALSE,HS_71
C,A,20030101,2003,52,2003,784,ARE,United Arab Emirates,X,Export,0,W00,World,0,W00,World,H2,HS,TRUE,71,"Natural, cultured pearls; precious, semi-precious stones; precious metals, metals clad with precious metal, and articles thereof; imitation jewellery; coin",2,FALSE,C00,TOTAL CPC,0,0,TOTAL MOT,-1,N/A,,FALSE,-1,N/A,,FALSE,,FALSE,,FALSE,,2238715070,2238715070,0,TRUE,FALSE,HS_71
C,A,20030101,2003,52,2003,792,TUR,Türkiye,X,Export,0,W00,World,0,W00,World,H2,HS,TRUE,71,"Natural, cultured pearls; precious, semi-precious stones; precious metals, metals clad with precious metal, and articles thereof; imitation jewellery; coin",2,FALSE,C00,TOTAL CPC,0,0,TOTAL MOT,-1,N/A,0,FALSE,-1,N/A,0,FALSE,0,TRUE,0,FALSE,0,810364368,810364368,4,FALSE,TRUE,HS_71
C,A,20030101,2003,52,2003,818,EGY,Egypt,X,Export,0,W00,World,0,W00,World,H0,HS,TRUE,71,"Natural, cultured pearls; precious, semi-precious stones; precious metals, metals clad with precious metal, and articles thereof; imitation jewellery; coin",2,FALSE,C00,TOTAL CPC,0,0,TOTAL MOT,-1,N/A,0,FALSE,-1,N/A,0,FALSE,0,FALSE,0,FALSE,0,116075066.638,116075066.638,0,FALSE,TRUE,HS_71
C,A,20030101,2003,52,2003,858,URY,Uruguay,X,Export,0,W00,World,0,W00,World,H2,HS,TRUE,71,"Natural, cultured pearls; precious, semi-precious stones; precious metals, metals clad with precious metal, and articles thereof; imitation jewellery; coin",2,FALSE,C00,TOTAL CPC,0,0,TOTAL MOT,-1,N/A,,FALSE,-1,N/A,,FALSE,,FALSE,,FALSE,,22491239,22491239,0,TRUE,FALSE,HS_71
C,A,20030101,2003,52,2003,894,ZMB,Zambia,X,Export,0,W00,World,0,W00,World,H2,HS,TRUE,71,"Natural, cultured pearls; precious, semi-precious stones; precious metals, metals clad with precious metal, and articles thereof; imitation jewellery; coin",2,FALSE,C00,TOTAL CPC,0,0,TOTAL MOT,-1,N/A,0,FALSE,-1,N/A,0,FALSE,0,TRUE,0,FALSE,0,89551444,89551444,4,FALSE,TRUE,HS_71
C,A,20030101,2003,52,2003,32,ARG,Argentina,X,Export,0,W00,World,0,W00,World,H2,HS,TRUE,7108,"Gold (including gold plated with platinum) unwrought or in semi-manufactured forms, or in powder form",4,FALSE,C00,TOTAL CPC,0,0,TOTAL MOT,8,kg,9643,TRUE,-1,N/A,,FALSE,9643,TRUE,,FALSE,,110925985,110925985,6,TRUE,FALSE,HS_7108
C,A,20030101,2003,52,2003,76,BRA,Brazil,X,Export,0,W00,World,0,W00,World,H2,HS,TRUE,7108,"Gold (including gold plated with platinum) unwrought or in semi-manufactured forms, or in powder form",4,FALSE,C00,TOTAL CPC,0,0,TOTAL MOT,8,kg,3431935.08,TRUE,-1,N/A,0,FALSE,28243.08,TRUE,0,FALSE,,327128151,327128151,6,FALSE,TRUE,HS_7108
C,A,20030101,2003,52,2003,144,LKA,Sri Lanka,X,Export,0,W00,World,0,W00,World,H2,HS,TRUE,7108,"Gold (including gold plated with platinum) unwrought or in semi-manufactured forms, or in powder form",4,FALSE,C00,TOTAL CPC,0,0,TOTAL MOT,8,kg,831,FALSE,-1,N/A,,FALSE,831,FALSE,,FALSE,,9291997,9291997,0,TRUE,FALSE,HS_7108
C,A,20030101,2003,52,2003,152,CHL,Chile,X,Export,0,W00,World,0,W00,World,H2,HS,TRUE,7108,"Gold (including gold plated with platinum) unwrought or in semi-manufactured forms, or in powder form",4,FALSE,C00,TOTAL CPC,0,0,TOTAL MOT,8,kg,24512.905,FALSE,8,kg,24512.905,FALSE,24512.905,FALSE,0,FALSE,0,282271866.99,282271866.99,0,FALSE,TRUE,HS_7108
C,A,20030101,2003,52,2003,170,COL,Colombia,X,Export,0,W00,World,0,W00,World,H2,HS,TRUE,7108,"Gold (including gold plated with platinum) unwrought or in semi-manufactured forms, or in powder form",4,FALSE,C00,TOTAL CPC,0,0,TOTAL MOT,8,kg,58210,TRUE,-1,N/A,,FALSE,58210,TRUE,,FALSE,,585164615,585164615,6,TRUE,FALSE,HS_7108
C,A,20030101,2003,52,2003,218,ECU,Ecuador,X,Export,0,W00,World,0,W00,World,H2,HS,TRUE,7108,"Gold (including gold plated with platinum) unwrought or in semi-manufactured forms, or in powder form",4,FALSE,C00,TOTAL CPC,0,0,TOTAL MOT,8,kg,1022804,TRUE,-1,N/A,,FALSE,1022804,TRUE,,FALSE,,11962895,11962895,6,TRUE,FALSE,HS_7108
C,A,20030101,2003,52,2003,360,IDN,Indonesia,X,Export,0,W00,World,0,W00,World,H1,HS,TRUE,7108,"Gold (including gold plated with platinum) unwrought or in semi-manufactured forms, or in powder form",4,FALSE,C00,TOTAL CPC,0,0,TOTAL MOT,8,kg,145312,FALSE,-1,N/A,,FALSE,145312,FALSE,,FALSE,,280386985,280386985,0,FALSE,FALSE,HS_7108
C,A,20030101,2003,52,2003,384,CIV,Côte d'Ivoire,X,Export,0,W00,World,0,W00,World,H2,HS,TRUE,7108,"Gold (including gold plated with platinum) unwrought or in semi-manufactured forms, or in powder form",4,FALSE,C00,TOTAL CPC,0,0,TOTAL MOT,8,kg,1308,FALSE,-1,N/A,,FALSE,1308,FALSE,,FALSE,,14653059,14653059,0,TRUE,FALSE,HS_7108
C,A,20030101,2003,52,2003,398,KAZ,Kazakhstan,X,Export,0,W00,World,0,W00,World,H1,HS,TRUE,7108,"Gold (including gold plated with platinum) unwrought or in semi-manufactured forms, or in powder form",4,FALSE,C00,TOTAL CPC,0,0,TOTAL MOT,8,kg,11666,TRUE,-1,N/A,,FALSE,11666,TRUE,,FALSE,,132959700,132959700,6,FALSE,FALSE,HS_7108
C,A,20030101,2003,52,2003,484,MEX,Mexico,X,Export,0,W00,World,0,W00,World,H2,HS,TRUE,7108,"Gold (including gold plated with platinum) unwrought or in semi-manufactured forms, or in powder form",4,FALSE,C00,TOTAL CPC,0,0,TOTAL MOT,8,kg,47741,FALSE,-1,N/A,,FALSE,47741,FALSE,,FALSE,,156753172,156753172,0,TRUE,FALSE,HS_7108
C,A,20030101,2003,52,2003,504,MAR,Morocco,X,Export,0,W00,World,0,W00,World,H2,HS,TRUE,7108,"Gold (including gold plated with platinum) unwrought or in semi-manufactured forms, or in powder form",4,FALSE,C00,TOTAL CPC,0,0,TOTAL MOT,8,kg,2324.987,TRUE,-1,N/A,0,FALSE,2324.987,TRUE,0,FALSE,0,21504252.811,21504252.811,6,FALSE,TRUE,HS_7108
C,A,20030101,2003,52,2003,591,PAN,Panama,X,Export,0,W00,World,0,W00,World,H2,HS,TRUE,7108,"Gold (including gold plated with platinum) unwrought or in semi-manufactured forms, or in powder form",4,FALSE,C00,TOTAL CPC,0,0,TOTAL MOT,8,kg,312,FALSE,-1,N/A,,FALSE,312,FALSE,,FALSE,,1690171,1690171,0,TRUE,FALSE,HS_7108
C,A,20030101,2003,52,2003,604,PER,Peru,X,Export,0,W00,World,0,W00,World,H2,HS,TRUE,7108,"Gold (including gold plated with platinum) unwrought or in semi-manufactured forms, or in powder form",4,FALSE,C00,TOTAL CPC,0,0,TOTAL MOT,8,kg,417997,FALSE,-1,N/A,,FALSE,417997,FALSE,,FALSE,,2078137212,2078137212,0,TRUE,FALSE,HS_7108
C,A,20030101,2003,52,2003,608,PHL,Philippines,X,Export,0,W00,World,0,W00,World,H1,HS,TRUE,7108,"Gold (including gold plated with platinum) unwrought or in semi-manufactured forms, or in powder form",4,FALSE,C00,TOTAL CPC,0,0,TOTAL MOT,8,kg,67631,FALSE,-1,N/A,,FALSE,67631,FALSE,,FALSE,,119490101,119490101,0,FALSE,FALSE,HS_7108
C,A,20030101,2003,52,2003,616,POL,Poland,X,Export,0,W00,World,0,W00,World,H2,HS,TRUE,7108,"Gold (including gold plated with platinum) unwrought or in semi-manufactured forms, or in powder form",4,FALSE,C00,TOTAL CPC,0,0,TOTAL MOT,8,kg,249,FALSE,-1,N/A,,FALSE,249,FALSE,,FALSE,,2869000,2869000,0,TRUE,FALSE,HS_7108
C,A,20030101,2003,52,2003,682,SAU,Saudi Arabia,X,Export,0,W00,World,0,W00,World,H2,HS,TRUE,7108,"Gold (including gold plated with platinum) unwrought or in semi-manufactured forms, or in powder form",4,FALSE,C00,TOTAL CPC,0,0,TOTAL MOT,8,kg,3021522,TRUE,-1,N/A,,FALSE,3021522,TRUE,,FALSE,,203257854,203257854,6,TRUE,FALSE,HS_7108
C,A,20030101,2003,52,2003,686,SEN,Senegal,X,Export,0,W00,World,0,W00,World,H2,HS,TRUE,7108,"Gold (including gold plated with platinum) unwrought or in semi-manufactured forms, or in powder form",4,FALSE,C00,TOTAL CPC,0,0,TOTAL MOT,8,kg,6,FALSE,-1,N/A,,FALSE,6,FALSE,,FALSE,,43178,43178,0,TRUE,FALSE,HS_7108
C,A,20030101,2003,52,2003,704,VNM,Viet Nam,X,Export,0,W00,World,0,W00,World,H1,HS,TRUE,7108,"Gold (including gold plated with platinum) unwrought or in semi-manufactured forms, or in powder form",4,FALSE,C00,TOTAL CPC,0,0,TOTAL MOT,8,kg,389,TRUE,-1,N/A,,FALSE,389,TRUE,,FALSE,,4254816,4254816,6,FALSE,FALSE,HS_7108
C,A,20030101,2003,52,2003,710,ZAF,South Africa,X,Export,0,W00,World,0,W00,World,H2,HS,TRUE,7108,"Gold (including gold plated with platinum) unwrought or in semi-manufactured forms, or in powder form",4,FALSE,C00,TOTAL CPC,0,0,TOTAL MOT,8,kg,398,FALSE,-1,N/A,,FALSE,398,FALSE,,FALSE,,2769905,2769905,0,TRUE,FALSE,HS_7108
C,A,20030101,2003,52,2003,784,ARE,United Arab Emirates,X,Export,0,W00,World,0,W00,World,H2,HS,TRUE,7108,"Gold (including gold plated with platinum) unwrought or in semi-manufactured forms, or in powder form",4,FALSE,C00,TOTAL CPC,0,0,TOTAL MOT,-1,N/A,,FALSE,-1,N/A,,FALSE,70788,FALSE,,FALSE,,838070809,838070809,0,TRUE,FALSE,HS_7108
C,A,20030101,2003,52,2003,792,TUR,Türkiye,X,Export,0,W00,World,0,W00,World,H2,HS,TRUE,7108,"Gold (including gold plated with platinum) unwrought or in semi-manufactured forms, or in powder form",4,FALSE,C00,TOTAL CPC,0,0,TOTAL MOT,8,kg,10795.963,FALSE,15,g,10795963,FALSE,11455,FALSE,0,FALSE,0,75782172,75782172,0,FALSE,TRUE,HS_7108
C,A,20030101,2003,52,2003,818,EGY,Egypt,X,Export,0,W00,World,0,W00,World,H0,HS,TRUE,7108,"Gold (including gold plated with platinum) unwrought or in semi-manufactured forms, or in powder form",4,FALSE,C00,TOTAL CPC,0,0,TOTAL MOT,8,kg,9697.238,TRUE,-1,N/A,0,FALSE,9697.238,TRUE,0,FALSE,0,111290837.591,111290837.591,6,FALSE,TRUE,HS_7108
C,A,20030101,2003,52,2003,858,URY,Uruguay,X,Export,0,W00,World,0,W00,World,H2,HS,TRUE,7108,"Gold (including gold plated with platinum) unwrought or in semi-manufactured forms, or in powder form",4,FALSE,C00,TOTAL CPC,0,0,TOTAL MOT,8,kg,2673,FALSE,-1,N/A,,FALSE,2673,FALSE,,FALSE,,20250853,20250853,0,TRUE,FALSE,HS_7108
C,A,20030101,2003,52,2003,894,ZMB,Zambia,X,Export,0,W00,World,0,W00,World,H2,HS,TRUE,7108,"Gold (including gold plated with platinum) unwrought or in semi-manufactured forms, or in powder form",4,FALSE,C00,TOTAL CPC,0,0,TOTAL MOT,8,kg,539,FALSE,8,kg,539,FALSE,539,FALSE,0,FALSE,0,3497000,3497000,0,FALSE,TRUE,HS_7108
C,A,20030101,2003,52,2003,32,ARG,Argentina,X,Export,0,W00,World,0,W00,World,H2,HS,TRUE,10,Cereals,2,FALSE,C00,TOTAL CPC,0,0,TOTAL MOT,-1,N/A,,FALSE,-1,N/A,,FALSE,,FALSE,,FALSE,,2306720564,2306720564,0,TRUE,FALSE,HS_10
C,A,20030101,2003,52,2003,48,BHR,Bahrain,X,Export,0,W00,World,0,W00,World,H2,HS,TRUE,10,Cereals,2,FALSE,C00,TOTAL CPC,0,0,TOTAL MOT,-1,N/A,,FALSE,-1,N/A,,FALSE,,FALSE,,FALSE,,178433,178433,0,TRUE,FALSE,HS_10
C,A,20030101,2003,52,2003,76,BRA,Brazil,X,Export,0,W00,World,0,W00,World,H2,HS,TRUE,10,Cereals,2,FALSE,C00,TOTAL CPC,0,0,TOTAL MOT,-1,N/A,0,FALSE,-1,N/A,0,FALSE,0,FALSE,0,FALSE,,417573749,417573749,0,FALSE,TRUE,HS_10
C,A,20030101,2003,52,2003,144,LKA,Sri Lanka,X,Export,0,W00,World,0,W00,World,H2,HS,TRUE,10,Cereals,2,FALSE,C00,TOTAL CPC,0,0,TOTAL MOT,-1,N/A,,FALSE,-1,N/A,,FALSE,,FALSE,,FALSE,,2058717,2058717,0,TRUE,FALSE,HS_10
C,A,20030101,2003,52,2003,152,CHL,Chile,X,Export,0,W00,World,0,W00,World,H2,HS,TRUE,10,Cereals,2,FALSE,C00,TOTAL CPC,0,0,TOTAL MOT,-1,N/A,0,FALSE,-1,N/A,0,FALSE,0,FALSE,0,FALSE,0,73252320.72,73252320.72,0,FALSE,TRUE,HS_10
C,A,20030101,2003,52,2003,170,COL,Colombia,X,Export,0,W00,World,0,W00,World,H2,HS,TRUE,10,Cereals,2,FALSE,C00,TOTAL CPC,0,0,TOTAL MOT,-1,N/A,,FALSE,-1,N/A,,FALSE,,FALSE,,FALSE,,1412031,1412031,0,TRUE,FALSE,HS_10
C,A,20030101,2003,52,2003,218,ECU,Ecuador,X,Export,0,W00,World,0,W00,World,H2,HS,TRUE,10,Cereals,2,FALSE,C00,TOTAL CPC,0,0,TOTAL MOT,-1,N/A,,FALSE,-1,N/A,,FALSE,,FALSE,,FALSE,,20537337,20537337,0,TRUE,FALSE,HS_10
C,A,20030101,2003,52,2003,222,SLV,El Salvador,X,Export,0,W00,World,0,W00,World,H2,HS,TRUE,10,Cereals,2,FALSE,C00,TOTAL CPC,0,0,TOTAL MOT,-1,N/A,0,FALSE,-1,N/A,0,FALSE,0,FALSE,0,FALSE,0,5892181.36,5892181.36,0,FALSE,TRUE,HS_10
C,A,20030101,2003,52,2003,348,HUN,Hungary,X,Export,0,W00,World,0,W00,World,H2,HS,TRUE,10,Cereals,2,FALSE,C00,TOTAL CPC,0,0,TOTAL MOT,-1,N/A,,FALSE,-1,N/A,,FALSE,,FALSE,,FALSE,,398416000,398416000,0,TRUE,FALSE,HS_10
C,A,20030101,2003,52,2003,360,IDN,Indonesia,X,Export,0,W00,World,0,W00,World,H1,HS,TRUE,10,Cereals,2,FALSE,C00,TOTAL CPC,0,0,TOTAL MOT,-1,N/A,,FALSE,-1,N/A,,FALSE,,FALSE,,FALSE,,8160573,8160573,0,FALSE,FALSE,HS_10
C,A,20030101,2003,52,2003,384,CIV,Côte d'Ivoire,X,Export,0,W00,World,0,W00,World,H2,HS,TRUE,10,Cereals,2,FALSE,C00,TOTAL CPC,0,0,TOTAL MOT,-1,N/A,,FALSE,-1,N/A,,FALSE,,FALSE,,FALSE,,613388,613388,0,TRUE,FALSE,HS_10
C,A,20030101,2003,52,2003,398,KAZ,Kazakhstan,X,Export,0,W00,World,0,W00,World,H1,HS,TRUE,10,Cereals,2,FALSE,C00,TOTAL CPC,0,0,TOTAL MOT,-1,N/A,,FALSE,-1,N/A,,FALSE,,FALSE,,FALSE,,564599300,564599300,0,FALSE,FALSE,HS_10
C,A,20030101,2003,52,2003,484,MEX,Mexico,X,Export,0,W00,World,0,W00,World,H2,HS,TRUE,10,Cereals,2,FALSE,C00,TOTAL CPC,0,0,TOTAL MOT,-1,N/A,,FALSE,-1,N/A,,FALSE,,FALSE,,FALSE,,108464695,108464695,0,TRUE,FALSE,HS_10
C,A,20030101,2003,52,2003,504,MAR,Morocco,X,Export,0,W00,World,0,W00,World,H2,HS,TRUE,10,Cereals,2,FALSE,C00,TOTAL CPC,0,0,TOTAL MOT,-1,N/A,0,FALSE,-1,N/A,0,FALSE,0,TRUE,0,FALSE,0,1841881.902,1841881.902,4,FALSE,TRUE,HS_10
C,A,20030101,2003,52,2003,566,NGA,Nigeria,X,Export,0,W00,World,0,W00,World,H1,HS,TRUE,10,Cereals,2,FALSE,C00,TOTAL CPC,0,0,TOTAL MOT,-1,N/A,,FALSE,-1,N/A,,FALSE,,FALSE,,FALSE,,465206,465206,0,FALSE,FALSE,HS_10
C,A,20030101,2003,52,2003,586,PAK,Pakistan,X,Export,0,W00,World,0,W00,World,H2,HS,TRUE,10,Cereals,2,FALSE,C00,TOTAL CPC,0,0,TOTAL MOT,-1,N/A,,FALSE,-1,N/A,,FALSE,,FALSE,,FALSE,,666989885,666989885,0,TRUE,FALSE,HS_10
C,A,20030101,2003,52,2003,604,PER,Peru,X,Export,0,W00,World,0,W00,World,H2,HS,TRUE,10,Cereals,2,FALSE,C00,TOTAL CPC,0,0,TOTAL MOT,-1,N/A,,FALSE,-1,N/A,,FALSE,,FALSE,,FALSE,,5371656,5371656,0,TRUE,FALSE,HS_10
C,A,20030101,2003,52,2003,608,PHL,Philippines,X,Export,0,W00,World,0,W00,World,H1,HS,TRUE,10,Cereals,2,FALSE,C00,TOTAL CPC,0,0,TOTAL MOT,-1,N/A,,FALSE,-1,N/A,,FALSE,,FALSE,,FALSE,,9914914,9914914,0,FALSE,FALSE,HS_10
C,A,20030101,2003,52,2003,616,POL,Poland,X,Export,0,W00,World,0,W00,World,H2,HS,TRUE,10,Cereals,2,FALSE,C00,TOTAL CPC,0,0,TOTAL MOT,-1,N/A,,FALSE,-1,N/A,,FALSE,,FALSE,,FALSE,,69673000,69673000,0,TRUE,FALSE,HS_10
C,A,20030101,2003,52,2003,634,QAT,Qatar,X,Export,0,W00,World,0,W00,World,H0,HS,TRUE,10,Cereals,2,FALSE,C00,TOTAL CPC,0,0,TOTAL MOT,-1,N/A,0,FALSE,-1,N/A,0,FALSE,0,FALSE,0,FALSE,,259511.057,259511.057,0,FALSE,TRUE,HS_10
C,A,20030101,2003,52,2003,642,ROU,Romania,X,Export,0,W00,World,0,W00,World,H2,HS,TRUE,10,Cereals,2,FALSE,C00,TOTAL CPC,0,0,TOTAL MOT,-1,N/A,0,FALSE,-1,N/A,0,FALSE,0,FALSE,0,FALSE,0,19651851.11,19651851.11,0,FALSE,TRUE,HS_10
C,A,20030101,2003,52,2003,682,SAU,Saudi Arabia,X,Export,0,W00,World,0,W00,World,H2,HS,TRUE,10,Cereals,2,FALSE,C00,TOTAL CPC,0,0,TOTAL MOT,-1,N/A,,FALSE,-1,N/A,,FALSE,,FALSE,,FALSE,,2199469,2199469,0,TRUE,FALSE,HS_10
C,A,20030101,2003,52,2003,686,SEN,Senegal,X,Export,0,W00,World,0,W00,World,H2,HS,TRUE,10,Cereals,2,FALSE,C00,TOTAL CPC,0,0,TOTAL MOT,-1,N/A,,FALSE,-1,N/A,,FALSE,,FALSE,,FALSE,,8916134,8916134,0,TRUE,FALSE,HS_10
C,A,20030101,2003,52,2003,704,VNM,Viet Nam,X,Export,0,W00,World,0,W00,World,H1,HS,TRUE,10,Cereals,2,FALSE,C00,TOTAL CPC,0,0,TOTAL MOT,-1,N/A,,FALSE,-1,N/A,,FALSE,,FALSE,,FALSE,,722500432,722500432,0,FALSE,FALSE,HS_10
C,A,20030101,2003,52,2003,710,ZAF,South Africa,X,Export,0,W00,World,0,W00,World,H2,HS,TRUE,10,Cereals,2,FALSE,C00,TOTAL CPC,0,0,TOTAL MOT,-1,N/A,,FALSE,-1,N/A,,FALSE,,FALSE,,FALSE,,156487787,156487787,0,TRUE,FALSE,HS_10
C,A,20030101,2003,52,2003,784,ARE,United Arab Emirates,X,Export,0,W00,World,0,W00,World,H2,HS,TRUE,10,Cereals,2,FALSE,C00,TOTAL CPC,0,0,TOTAL MOT,-1,N/A,,FALSE,-1,N/A,,FALSE,,FALSE,,FALSE,,101571042,101571042,0,TRUE,FALSE,HS_10
C,A,20030101,2003,52,2003,792,TUR,Türkiye,X,Export,0,W00,World,0,W00,World,H2,HS,TRUE,10,Cereals,2,FALSE,C00,TOTAL CPC,0,0,TOTAL MOT,-1,N/A,0,FALSE,-1,N/A,0,FALSE,0,FALSE,0,FALSE,0,56164408,56164408,0,FALSE,TRUE,HS_10
C,A,20030101,2003,52,2003,818,EGY,Egypt,X,Export,0,W00,World,0,W00,World,H0,HS,TRUE,10,Cereals,2,FALSE,C00,TOTAL CPC,0,0,TOTAL MOT,-1,N/A,0,FALSE,-1,N/A,0,FALSE,0,TRUE,0,FALSE,0,155295571.357,155295571.357,4,FALSE,TRUE,HS_10
C,A,20030101,2003,52,2003,858,URY,Uruguay,X,Export,0,W00,World,0,W00,World,H2,HS,TRUE,10,Cereals,2,FALSE,C00,TOTAL CPC,0,0,TOTAL MOT,-1,N/A,,FALSE,-1,N/A,,FALSE,,FALSE,,FALSE,,187324298,187324298,0,TRUE,FALSE,HS_10
C,A,20030101,2003,52,2003,894,ZMB,Zambia,X,Export,0,W00,World,0,W00,World,H2,HS,TRUE,10,Cereals,2,FALSE,C00,TOTAL CPC,0,0,TOTAL MOT,-1,N/A,0,FALSE,-1,N/A,0,FALSE,0,FALSE,0,FALSE,0,6804846,6804846,0,FALSE,TRUE,HS_10
C,A,20030101,2003,52,2003,32,ARG,Argentina,X,Export,0,W00,World,0,W00,World,H2,HS,TRUE,1001,Wheat and meslin,4,FALSE,C00,TOTAL CPC,0,0,TOTAL MOT,8,kg,6169212473,FALSE,-1,N/A,,FALSE,6169212473,FALSE,,FALSE,,940518150,940518150,0,TRUE,FALSE,HS_1001
C,A,20030101,2003,52,2003,48,BHR,Bahrain,X,Export,0,W00,World,0,W00,World,H2,HS,TRUE,1001,Wheat and meslin,4,FALSE,C00,TOTAL CPC,0,0,TOTAL MOT,8,kg,319500,FALSE,-1,N/A,,FALSE,319500,FALSE,,FALSE,,64045,64045,0,TRUE,FALSE,HS_1001
C,A,20030101,2003,52,2003,76,BRA,Brazil,X,Export,0,W00,World,0,W00,World,H2,HS,TRUE,1001,Wheat and meslin,4,FALSE,C00,TOTAL CPC,0,0,TOTAL MOT,-1,N/A,0,FALSE,8,kg,263141,FALSE,50189076,FALSE,0,FALSE,,7412392,7412392,0,FALSE,TRUE,HS_1001
C,A,20030101,2003,52,2003,144,LKA,Sri Lanka,X,Export,0,W00,World,0,W00,World,H2,HS,TRUE,1001,Wheat and meslin,4,FALSE,C00,TOTAL CPC,0,0,TOTAL MOT,8,kg,5900050,FALSE,-1,N/A,,FALSE,5900050,FALSE,,FALSE,,857426,857426,0,TRUE,FALSE,HS_1001
C,A,20030101,2003,52,2003,152,CHL,Chile,X,Export,0,W00,World,0,W00,World,H2,HS,TRUE,1001,Wheat and meslin,4,FALSE,C00,TOTAL CPC,0,0,TOTAL MOT,-1,N/A,0,FALSE,-1,N/A,0,FALSE,0,FALSE,0,FALSE,0,62004.51,62004.51,0,FALSE,TRUE,HS_1001
C,A,20030101,2003,52,2003,218,ECU,Ecuador,X,Export,0,W00,World,0,W00,World,H2,HS,TRUE,1001,Wheat and meslin,4,FALSE,C00,TOTAL CPC,0,0,TOTAL MOT,8,kg,617916,FALSE,-1,N/A,,FALSE,617916,FALSE,,FALSE,,141364,141364,0,TRUE,FALSE,HS_1001
C,A,20030101,2003,52,2003,222,SLV,El Salvador,X,Export,0,W00,World,0,W00,World,H2,HS,TRUE,1001,Wheat and meslin,4,FALSE,C00,TOTAL CPC,0,0,TOTAL MOT,-1,N/A,0,FALSE,-1,N/A,0,FALSE,0,FALSE,0,FALSE,0,5085852.3,5085852.3,0,FALSE,TRUE,HS_1001
C,A,20030101,2003,52,2003,348,HUN,Hungary,X,Export,0,W00,World,0,W00,World,H2,HS,TRUE,1001,Wheat and meslin,4,FALSE,C00,TOTAL CPC,0,0,TOTAL MOT,8,kg,1228254400,FALSE,-1,N/A,,FALSE,1228254400,FALSE,,FALSE,,169035000,169035000,0,TRUE,FALSE,HS_1001
C,A,20030101,2003,52,2003,360,IDN,Indonesia,X,Export,0,W00,World,0,W00,World,H1,HS,TRUE,1001,Wheat and meslin,4,FALSE,C00,TOTAL CPC,0,0,TOTAL MOT,8,kg,7532743,FALSE,-1,N/A,,FALSE,7532743,FALSE,,FALSE,,1665558,1665558,0,FALSE,FALSE,HS_1001
C,A,20030101,2003,52,2003,398,KAZ,Kazakhstan,X,Export,0,W00,World,0,W00,World,H1,HS,TRUE,1001,Wheat and meslin,4,FALSE,C00,TOTAL CPC,0,0,TOTAL MOT,8,kg,3588376963,TRUE,-1,N/A,,FALSE,3588376963,TRUE,,FALSE,,522568300,522568300,6,FALSE,FALSE,HS_1001
C,A,20030101,2003,52,2003,484,MEX,Mexico,X,Export,0,W00,World,0,W00,World,H2,HS,TRUE,1001,Wheat and meslin,4,FALSE,C00,TOTAL CPC,0,0,TOTAL MOT,8,kg,565073412,FALSE,-1,N/A,,FALSE,565073412,FALSE,,FALSE,,102413694,102413694,0,TRUE,FALSE,HS_1001
C,A,20030101,2003,52,2003,504,MAR,Morocco,X,Export,0,W00,World,0,W00,World,H2,HS,TRUE,1001,Wheat and meslin,4,FALSE,C00,TOTAL CPC,0,0,TOTAL MOT,8,kg,19000200,FALSE,8,kg,19000200,FALSE,19000200,FALSE,0,FALSE,0,1730811.649,1730811.649,0,FALSE,TRUE,HS_1001
C,A,20030101,2003,52,2003,586,PAK,Pakistan,X,Export,0,W00,World,0,W00,World,H2,HS,TRUE,1001,Wheat and meslin,4,FALSE,C00,TOTAL CPC,0,0,TOTAL MOT,8,kg,305808000,FALSE,-1,N/A,,FALSE,305808000,FALSE,,FALSE,,39847730,39847730,0,TRUE,FALSE,HS_1001
C,A,20030101,2003,52,2003,604,PER,Peru,X,Export,0,W00,World,0,W00,World,H2,HS,TRUE,1001,Wheat and meslin,4,FALSE,C00,TOTAL CPC,0,0,TOTAL MOT,8,kg,23560,FALSE,-1,N/A,,FALSE,23560,FALSE,,FALSE,,24372,24372,0,TRUE,FALSE,HS_1001
C,A,20030101,2003,52,2003,616,POL,Poland,X,Export,0,W00,World,0,W00,World,H2,HS,TRUE,1001,Wheat and meslin,4,FALSE,C00,TOTAL CPC,0,0,TOTAL MOT,8,kg,559174163,FALSE,-1,N/A,,FALSE,559174163,FALSE,,FALSE,,67198000,67198000,0,TRUE,FALSE,HS_1001
C,A,20030101,2003,52,2003,634,QAT,Qatar,X,Export,0,W00,World,0,W00,World,H0,HS,TRUE,1001,Wheat and meslin,4,FALSE,C00,TOTAL CPC,0,0,TOTAL MOT,8,kg,221332,FALSE,8,kg,221332,FALSE,221332,FALSE,0,FALSE,,63419.497,63419.497,0,FALSE,TRUE,HS_1001
C,A,20030101,2003,52,2003,642,ROU,Romania,X,Export,0,W00,World,0,W00,World,H2,HS,TRUE,1001,Wheat and meslin,4,FALSE,C00,TOTAL CPC,0,0,TOTAL MOT,8,kg,12544200,FALSE,8,kg,12544200,FALSE,12544200,FALSE,0,FALSE,0,3008263.9,3008263.9,0,FALSE,TRUE,HS_1001
C,A,20030101,2003,52,2003,686,SEN,Senegal,X,Export,0,W00,World,0,W00,World,H2,HS,TRUE,1001,Wheat and meslin,4,FALSE,C00,TOTAL CPC,0,0,TOTAL MOT,8,kg,700,FALSE,-1,N/A,,FALSE,700,FALSE,,FALSE,,2447,2447,0,TRUE,FALSE,HS_1001
C,A,20030101,2003,52,2003,704,VNM,Viet Nam,X,Export,0,W00,World,0,W00,World,H1,HS,TRUE,1001,Wheat and meslin,4,FALSE,C00,TOTAL CPC,0,0,TOTAL MOT,8,kg,6791842,TRUE,-1,N/A,,FALSE,6791842,TRUE,,FALSE,,983860,983860,6,FALSE,FALSE,HS_1001
C,A,20030101,2003,52,2003,710,ZAF,South Africa,X,Export,0,W00,World,0,W00,World,H2,HS,TRUE,1001,Wheat and meslin,4,FALSE,C00,TOTAL CPC,0,0,TOTAL MOT,8,kg,56837614,FALSE,-1,N/A,,FALSE,56837614,FALSE,,FALSE,,12900874,12900874,0,TRUE,FALSE,HS_1001
C,A,20030101,2003,52,2003,784,ARE,United Arab Emirates,X,Export,0,W00,World,0,W00,World,H2,HS,TRUE,1001,Wheat and meslin,4,FALSE,C00,TOTAL CPC,0,0,TOTAL MOT,-1,N/A,,FALSE,-1,N/A,,FALSE,77673943,FALSE,,FALSE,,17000420,17000420,0,TRUE,FALSE,HS_1001
C,A,20030101,2003,52,2003,792,TUR,Türkiye,X,Export,0,W00,World,0,W00,World,H2,HS,TRUE,1001,Wheat and meslin,4,FALSE,C00,TOTAL CPC,0,0,TOTAL MOT,8,kg,938273,FALSE,8,kg,938273,FALSE,938273,FALSE,0,FALSE,0,401129,401129,0,FALSE,TRUE,HS_1001
C,A,20030101,2003,52,2003,818,EGY,Egypt,X,Export,0,W00,World,0,W00,World,H0,HS,TRUE,1001,Wheat and meslin,4,FALSE,C00,TOTAL CPC,0,0,TOTAL MOT,-1,N/A,0,FALSE,-1,N/A,0,FALSE,0,FALSE,0,FALSE,0,82151.068,82151.068,0,FALSE,TRUE,HS_1001
C,A,20030101,2003,52,2003,858,URY,Uruguay,X,Export,0,W00,World,0,W00,World,H2,HS,TRUE,1001,Wheat and meslin,4,FALSE,C00,TOTAL CPC,0,0,TOTAL MOT,8,kg,22580,FALSE,-1,N/A,,FALSE,22580,FALSE,,FALSE,,4499,4499,0,TRUE,FALSE,HS_1001
C,A,20030101,2003,52,2003,894,ZMB,Zambia,X,Export,0,W00,World,0,W00,World,H2,HS,TRUE,1001,Wheat and meslin,4,FALSE,C00,TOTAL CPC,0,0,TOTAL MOT,8,kg,2348650,FALSE,8,kg,2348650,FALSE,2348650,FALSE,0,FALSE,0,86330,86330,0,FALSE,TRUE,HS_1001
C,A,20030101,2003,52,2003,32,ARG,Argentina,X,Export,0,W00,World,0,W00,World,H2,HS,TRUE,1005,Maize (corn),4,FALSE,C00,TOTAL CPC,0,0,TOTAL MOT,8,kg,11912788439,FALSE,-1,N/A,,FALSE,11912788439,FALSE,,FALSE,,1235310772,1235310772,0,TRUE,FALSE,HS_1005
C,A,20030101,2003,52,2003,76,BRA,Brazil,X,Export,0,W00,World,0,W00,World,H2,HS,TRUE,1005,Maize (corn),4,FALSE,C00,TOTAL CPC,0,0,TOTAL MOT,-1,N/A,0,FALSE,8,kg,2924495790,FALSE,3566233883,FALSE,0,FALSE,,375135989,375135989,0,FALSE,TRUE,HS_1005
C,A,20030101,2003,52,2003,144,LKA,Sri Lanka,X,Export,0,W00,World,0,W00,World,H2,HS,TRUE,1005,Maize (corn),4,FALSE,C00,TOTAL CPC,0,0,TOTAL MOT,8,kg,243,FALSE,-1,N/A,,FALSE,243,FALSE,,FALSE,,577,577,0,TRUE,FALSE,HS_1005
C,A,20030101,2003,52,2003,152,CHL,Chile,X,Export,0,W00,World,0,W00,World,H2,HS,TRUE,1005,Maize (corn),4,FALSE,C00,TOTAL CPC,0,0,TOTAL MOT,8,kg,56255315.29,FALSE,8,kg,56255315.29,FALSE,56255315.29,FALSE,0,FALSE,0,68757201.87,68757201.87,0,FALSE,TRUE,HS_1005
C,A,20030101,2003,52,2003,170,COL,Colombia,X,Export,0,W00,World,0,W00,World,H2,HS,TRUE,1005,Maize (corn),4,FALSE,C00,TOTAL CPC,0,0,TOTAL MOT,8,kg,361081,FALSE,-1,N/A,,FALSE,361081,FALSE,,FALSE,,595935,595935,0,TRUE,FALSE,HS_1005
C,A,20030101,2003,52,2003,218,ECU,Ecuador,X,Export,0,W00,World,0,W00,World,H2,HS,TRUE,1005,Maize (corn),4,FALSE,C00,TOTAL CPC,0,0,TOTAL MOT,8,kg,64405499,FALSE,-1,N/A,,FALSE,64405499,FALSE,,FALSE,,8539173,8539173,0,TRUE,FALSE,HS_1005
C,A,20030101,2003,52,2003,222,SLV,El Salvador,X,Export,0,W00,World,0,W00,World,H2,HS,TRUE,1005,Maize (corn),4,FALSE,C00,TOTAL CPC,0,0,TOTAL MOT,8,kg,163718,FALSE,8,kg,163718,FALSE,163718,FALSE,0,FALSE,0,142923.94,142923.94,0,FALSE,TRUE,HS_1005
C,A,20030101,2003,52,2003,348,HUN,Hungary,X,Export,0,W00,World,0,W00,World,H2,HS,TRUE,1005,Maize (corn),4,FALSE,C00,TOTAL CPC,0,0,TOTAL MOT,8,kg,1310643600,FALSE,-1,N/A,,FALSE,1310643600,FALSE,,FALSE,,207185000,207185000,0,TRUE,FALSE,HS_1005
C,A,20030101,2003,52,2003,360,IDN,Indonesia,X,Export,0,W00,World,0,W00,World,H1,HS,TRUE,1005,Maize (corn),4,FALSE,C00,TOTAL CPC,0,0,TOTAL MOT,8,kg,33691480,FALSE,-1,N/A,,FALSE,33691480,FALSE,,FALSE,,5517463,5517463,0,FALSE,FALSE,HS_1005
C,A,20030101,2003,52,2003,384,CIV,Côte d'Ivoire,X,Export,0,W00,World,0,W00,World,H2,HS,TRUE,1005,Maize (corn),4,FALSE,C00,TOTAL CPC,0,0,TOTAL MOT,8,kg,28782,FALSE,-1,N/A,,FALSE,28782,FALSE,,FALSE,,8876,8876,0,TRUE,FALSE,HS_1005
C,A,20030101,2003,52,2003,398,KAZ,Kazakhstan,X,Export,0,W00,World,0,W00,World,H1,HS,TRUE,1005,Maize (corn),4,FALSE,C00,TOTAL CPC,0,0,TOTAL MOT,8,kg,16552158,TRUE,-1,N/A,,FALSE,16552158,TRUE,,FALSE,,3117800,3117800,6,FALSE,FALSE,HS_1005
C,A,20030101,2003,52,2003,484,MEX,Mexico,X,Export,0,W00,World,0,W00,World,H2,HS,TRUE,1005,Maize (corn),4,FALSE,C00,TOTAL CPC,0,0,TOTAL MOT,8,kg,6625214,FALSE,-1,N/A,,FALSE,6625214,FALSE,,FALSE,,5683776,5683776,0,TRUE,FALSE,HS_1005
C,A,20030101,2003,52,2003,504,MAR,Morocco,X,Export,0,W00,World,0,W00,World,H2,HS,TRUE,1005,Maize (corn),4,FALSE,C00,TOTAL CPC,0,0,TOTAL MOT,8,kg,21760,FALSE,8,kg,21760,FALSE,21760,FALSE,0,FALSE,0,6338.653,6338.653,0,FALSE,TRUE,HS_1005
C,A,20030101,2003,52,2003,586,PAK,Pakistan,X,Export,0,W00,World,0,W00,World,H2,HS,TRUE,1005,Maize (corn),4,FALSE,C00,TOTAL CPC,0,0,TOTAL MOT,8,kg,196000,FALSE,-1,N/A,,FALSE,196000,FALSE,,FALSE,,156734,156734,0,TRUE,FALSE,HS_1005
C,A,20030101,2003,52,2003,604,PER,Peru,X,Export,0,W00,World,0,W00,World,H2,HS,TRUE,1005,Maize (corn),4,FALSE,C00,TOTAL CPC,0,0,TOTAL MOT,8,kg,4687305,FALSE,-1,N/A,,FALSE,4687305,FALSE,,FALSE,,3818682,3818682,0,TRUE,FALSE,HS_1005
C,A,20030101,2003,52,2003,608,PHL,Philippines,X,Export,0,W00,World,0,W00,World,H1,HS,TRUE,1005,Maize (corn),4,FALSE,C00,TOTAL CPC,0,0,TOTAL MOT,8,kg,191472,FALSE,-1,N/A,,FALSE,191472,FALSE,,FALSE,,186167,186167,0,FALSE,FALSE,HS_1005
C,A,20030101,2003,52,2003,616,POL,Poland,X,Export,0,W00,World,0,W00,World,H2,HS,TRUE,1005,Maize (corn),4,FALSE,C00,TOTAL CPC,0,0,TOTAL MOT,8,kg,73820,FALSE,-1,N/A,,FALSE,73820,FALSE,,FALSE,,274000,274000,0,TRUE,FALSE,HS_1005
C,A,20030101,2003,52,2003,634,QAT,Qatar,X,Export,0,W00,World,0,W00,World,H0,HS,TRUE,1005,Maize (corn),4,FALSE,C00,TOTAL CPC,0,0,TOTAL MOT,8,kg,107800,FALSE,8,kg,107800,FALSE,107800,FALSE,0,FALSE,,31319.22,31319.22,0,FALSE,TRUE,HS_1005
C,A,20030101,2003,52,2003,642,ROU,Romania,X,Export,0,W00,World,0,W00,World,H2,HS,TRUE,1005,Maize (corn),4,FALSE,C00,TOTAL CPC,0,0,TOTAL MOT,8,kg,100698650.9,FALSE,8,kg,100698650.9,FALSE,100698650.9,FALSE,0,FALSE,0,15220730.81,15220730.81,0,FALSE,TRUE,HS_1005
C,A,20030101,2003,52,2003,682,SAU,Saudi Arabia,X,Export,0,W00,World,0,W00,World,H2,HS,TRUE,1005,Maize (corn),4,FALSE,C00,TOTAL CPC,0,0,TOTAL MOT,8,kg,426000,FALSE,-1,N/A,,FALSE,426000,FALSE,,FALSE,,152800,152800,0,TRUE,FALSE,HS_1005
C,A,20030101,2003,52,2003,686,SEN,Senegal,X,Export,0,W00,World,0,W00,World,H2,HS,TRUE,1005,Maize (corn),4,FALSE,C00,TOTAL CPC,0,0,TOTAL MOT,8,kg,781981,FALSE,-1,N/A,,FALSE,781981,FALSE,,FALSE,,305391,305391,0,TRUE,FALSE,HS_1005
C,A,20030101,2003,52,2003,704,VNM,Viet Nam,X,Export,0,W00,World,0,W00,World,H1,HS,TRUE,1005,Maize (corn),4,FALSE,C00,TOTAL CPC,0,0,TOTAL MOT,-1,N/A,,FALSE,-1,N/A,,FALSE,3424643,TRUE,,FALSE,,986311,986311,4,FALSE,FALSE,HS_1005
C,A,20030101,2003,52,2003,710,ZAF,South Africa,X,Export,0,W00,World,0,W00,World,H2,HS,TRUE,1005,Maize (corn),4,FALSE,C00,TOTAL CPC,0,0,TOTAL MOT,8,kg,785141168,TRUE,-1,N/A,,FALSE,785141168,TRUE,,FALSE,,137807159,137807159,6,TRUE,FALSE,HS_1005
C,A,20030101,2003,52,2003,784,ARE,United Arab Emirates,X,Export,0,W00,World,0,W00,World,H2,HS,TRUE,1005,Maize (corn),4,FALSE,C00,TOTAL CPC,0,0,TOTAL MOT,-1,N/A,,FALSE,-1,N/A,,FALSE,4825139,FALSE,,FALSE,,1429574,1429574,0,TRUE,FALSE,HS_1005
C,A,20030101,2003,52,2003,792,TUR,Türkiye,X,Export,0,W00,World,0,W00,World,H2,HS,TRUE,1005,Maize (corn),4,FALSE,C00,TOTAL CPC,0,0,TOTAL MOT,8,kg,11038919,FALSE,8,kg,11038919,FALSE,11038919,FALSE,0,FALSE,0,13104885,13104885,0,FALSE,TRUE,HS_1005
C,A,20030101,2003,52,2003,818,EGY,Egypt,X,Export,0,W00,World,0,W00,World,H0,HS,TRUE,1005,Maize (corn),4,FALSE,C00,TOTAL CPC,0,0,TOTAL MOT,8,kg,2200095.76,TRUE,-1,N/A,0,FALSE,2200095.76,TRUE,0,FALSE,0,446752.317,446752.317,6,FALSE,TRUE,HS_1005
C,A,20030101,2003,52,2003,858,URY,Uruguay,X,Export,0,W00,World,0,W00,World,H2,HS,TRUE,1005,Maize (corn),4,FALSE,C00,TOTAL CPC,0,0,TOTAL MOT,8,kg,81166,FALSE,-1,N/A,,FALSE,81166,FALSE,,FALSE,,72801,72801,0,TRUE,FALSE,HS_1005
C,A,20030101,2003,52,2003,894,ZMB,Zambia,X,Export,0,W00,World,0,W00,World,H2,HS,TRUE,1005,Maize (corn),4,FALSE,C00,TOTAL CPC,0,0,TOTAL MOT,8,kg,28092819,FALSE,8,kg,28092819,FALSE,28092819,FALSE,0,FALSE,0,6342027,6342027,0,FALSE,TRUE,HS_1005
C,A,20030101,2003,52,2003,32,ARG,Argentina,X,Export,0,W00,World,0,W00,World,H2,HS,TRUE,12,"Oil seeds and oleaginous fruits; miscellaneous grains, seeds and fruit, industrial or medicinal plants; straw and fodder",2,FALSE,C00,TOTAL CPC,0,0,TOTAL MOT,-1,N/A,,FALSE,-1,N/A,,FALSE,,FALSE,,FALSE,,1992508381,1992508381,0,TRUE,FALSE,HS_12
C,A,20030101,2003,52,2003,48,BHR,Bahrain,X,Export,0,W00,World,0,W00,World,H2,HS,TRUE,12,"Oil seeds and oleaginous fruits; miscellaneous grains, seeds and fruit, industrial or medicinal plants; straw and fodder",2,FALSE,C00,TOTAL CPC,0,0,TOTAL MOT,-1,N/A,,FALSE,-1,N/A,,FALSE,,FALSE,,FALSE,,15433,15433,0,TRUE,FALSE,HS_12
C,A,20030101,2003,52,2003,76,BRA,Brazil,X,Export,0,W00,World,0,W00,World,H2,HS,TRUE,12,"Oil seeds and oleaginous fruits; miscellaneous grains, seeds and fruit, industrial or medicinal plants; straw and fodder",2,FALSE,C00,TOTAL CPC,0,0,TOTAL MOT,-1,N/A,0,FALSE,-1,N/A,0,FALSE,0,TRUE,0,FALSE,,4334623501,4334623501,4,FALSE,TRUE,HS_12
C,A,20030101,2003,52,2003,144,LKA,Sri Lanka,X,Export,0,W00,World,0,W00,World,H2,HS,TRUE,12,"Oil seeds and oleaginous fruits; miscellaneous grains, seeds and fruit, industrial or medicinal plants; straw and fodder",2,FALSE,C00,TOTAL CPC,0,0,TOTAL MOT,-1,N/A,,FALSE,-1,N/A,,FALSE,,FALSE,,FALSE,,13694050,13694050,0,TRUE,FALSE,HS_12
C,A,20030101,2003,52,2003,152,CHL,Chile,X,Export,0,W00,World,0,W00,World,H2,HS,TRUE,12,"Oil seeds and oleaginous fruits; miscellaneous grains, seeds and fruit, industrial or medicinal plants; straw and fodder",2,FALSE,C00,TOTAL CPC,0,0,TOTAL MOT,-1,N/A,0,FALSE,-1,N/A,0,FALSE,0,FALSE,0,FALSE,0,119215272.01,119215272.01,0,FALSE,TRUE,HS_12
C,A,20030101,2003,52,2003,170,COL,Colombia,X,Export,0,W00,World,0,W00,World,H2,HS,TRUE,12,"Oil seeds and oleaginous fruits; miscellaneous grains, seeds and fruit, industrial or medicinal plants; straw and fodder",2,FALSE,C00,TOTAL CPC,0,0,TOTAL MOT,-1,N/A,,FALSE,-1,N/A,,FALSE,,FALSE,,FALSE,,4232457,4232457,0,TRUE,FALSE,HS_12
C,A,20030101,2003,52,2003,218,ECU,Ecuador,X,Export,0,W00,World,0,W00,World,H2,HS,TRUE,12,"Oil seeds and oleaginous fruits; miscellaneous grains, seeds and fruit, industrial or medicinal plants; straw and fodder",2,FALSE,C00,TOTAL CPC,0,0,TOTAL MOT,-1,N/A,,FALSE,-1,N/A,,FALSE,,FALSE,,FALSE,,16742438,16742438,0,TRUE,FALSE,HS_12
C,A,20030101,2003,52,2003,222,SLV,El Salvador,X,Export,0,W00,World,0,W00,World,H2,HS,TRUE,12,"Oil seeds and oleaginous fruits; miscellaneous grains, seeds and fruit, industrial or medicinal plants; straw and fodder",2,FALSE,C00,TOTAL CPC,0,0,TOTAL MOT,-1,N/A,0,FALSE,-1,N/A,0,FALSE,0,FALSE,0,FALSE,0,937660.81,937660.81,0,FALSE,TRUE,HS_12
C,A,20030101,2003,52,2003,348,HUN,Hungary,X,Export,0,W00,World,0,W00,World,H2,HS,TRUE,12,"Oil seeds and oleaginous fruits; miscellaneous grains, seeds and fruit, industrial or medicinal plants; straw and fodder",2,FALSE,C00,TOTAL CPC,0,0,TOTAL MOT,-1,N/A,,FALSE,-1,N/A,,FALSE,400,FALSE,,FALSE,,211417000,211417000,0,TRUE,FALSE,HS_12
C,A,20030101,2003,52,2003,360,IDN,Indonesia,X,Export,0,W00,World,0,W00,World,H1,HS,TRUE,12,"Oil seeds and oleaginous fruits; miscellaneous grains, seeds and fruit, industrial or medicinal plants; straw and fodder",2,FALSE,C00,TOTAL CPC,0,0,TOTAL MOT,-1,N/A,,FALSE,-1,N/A,,FALSE,,FALSE,,FALSE,,44210862,44210862,0,FALSE,FALSE,HS_12
C,A,20030101,2003,52,2003,384,CIV,Côte d'Ivoire,X,Export,0,W00,World,0,W00,World,H2,HS,TRUE,12,"Oil seeds and oleaginous fruits; miscellaneous grains, seeds and fruit, industrial or medicinal plants; straw and fodder",2,FALSE,C00,TOTAL CPC,0,0,TOTAL MOT,-1,N/A,,FALSE,-1,N/A,,FALSE,,FALSE,,FALSE,,10160079,10160079,0,TRUE,FALSE,HS_12
C,A,20030101,2003,52,2003,398,KAZ,Kazakhstan,X,Export,0,W00,World,0,W00,World,H1,HS,TRUE,12,"Oil seeds and oleaginous fruits; miscellaneous grains, seeds and fruit, industrial or medicinal plants; straw and fodder",2,FALSE,C00,TOTAL CPC,0,0,TOTAL MOT,-1,N/A,,FALSE,-1,N/A,,FALSE,,FALSE,,FALSE,,3537500,3537500,0,FALSE,FALSE,HS_12
C,A,20030101,2003,52,2003,484,MEX,Mexico,X,Export,0,W00,World,0,W00,World,H2,HS,TRUE,12,"Oil seeds and oleaginous fruits; miscellaneous grains, seeds and fruit, industrial or medicinal plants; straw and fodder",2,FALSE,C00,TOTAL CPC,0,0,TOTAL MOT,-1,N/A,,FALSE,-1,N/A,,FALSE,,FALSE,,FALSE,,59863577,59863577,0,TRUE,FALSE,HS_12
C,A,20030101,2003,52,2003,504,MAR,Morocco,X,Export,0,W00,World,0,W00,World,H2,HS,TRUE,12,"Oil seeds and oleaginous fruits; miscellaneous grains, seeds and fruit, industrial or medicinal plants; straw and fodder",2,FALSE,C00,TOTAL CPC,0,0,TOTAL MOT,-1,N/A,0,FALSE,-1,N/A,0,FALSE,0,TRUE,0,FALSE,0,53481004.852,53481004.852,4,FALSE,TRUE,HS_12
C,A,20030101,2003,52,2003,566,NGA,Nigeria,X,Export,0,W00,World,0,W00,World,H1,HS,TRUE,12,"Oil seeds and oleaginous fruits; miscellaneous grains, seeds and fruit, industrial or medicinal plants; straw and fodder",2,FALSE,C00,TOTAL CPC,0,0,TOTAL MOT,-1,N/A,,FALSE,-1,N/A,,FALSE,,FALSE,,FALSE,,505695,505695,0,FALSE,FALSE,HS_12
C,A,20030101,2003,52,2003,586,PAK,Pakistan,X,Export,0,W00,World,0,W00,World,H2,HS,TRUE,12,"Oil seeds and oleaginous fruits; miscellaneous grains, seeds and fruit, industrial or medicinal plants; straw and fodder",2,FALSE,C00,TOTAL CPC,0,0,TOTAL MOT,-1,N/A,,FALSE,-1,N/A,,FALSE,,FALSE,,FALSE,,14599393,14599393,0,TRUE,FALSE,HS_12
C,A,20030101,2003,52,2003,591,PAN,Panama,X,Export,0,W00,World,0,W00,World,H2,HS,TRUE,12,"Oil seeds and oleaginous fruits; miscellaneous grains, seeds and fruit, industrial or medicinal plants; straw and fodder",2,FALSE,C00,TOTAL CPC,0,0,TOTAL MOT,-1,N/A,,FALSE,-1,N/A,,FALSE,,FALSE,,FALSE,,45925,45925,0,TRUE,FALSE,HS_12
C,A,20030101,2003,52,2003,604,PER,Peru,X,Export,0,W00,World,0,W00,World,H2,HS,TRUE,12,"Oil seeds and oleaginous fruits; miscellaneous grains, seeds and fruit, industrial or medicinal plants; straw and fodder",2,FALSE,C00,TOTAL CPC,0,0,TOTAL MOT,-1,N/A,,FALSE,-1,N/A,,FALSE,,FALSE,,FALSE,,11366587,11366587,0,TRUE,FALSE,HS_12
C,A,20030101,2003,52,2003,608,PHL,Philippines,X,Export,0,W00,World,0,W00,World,H1,HS,TRUE,12,"Oil seeds and oleaginous fruits; miscellaneous grains, seeds and fruit, industrial or medicinal plants; straw and fodder",2,FALSE,C00,TOTAL CPC,0,0,TOTAL MOT,-1,N/A,,FALSE,-1,N/A,,FALSE,,FALSE,,FALSE,,36813049,36813049,0,FALSE,FALSE,HS_12
C,A,20030101,2003,52,2003,616,POL,Poland,X,Export,0,W00,World,0,W00,World,H2,HS,TRUE,12,"Oil seeds and oleaginous fruits; miscellaneous grains, seeds and fruit, industrial or medicinal plants; straw and fodder",2,FALSE,C00,TOTAL CPC,0,0,TOTAL MOT,-1,N/A,,FALSE,-1,N/A,,FALSE,,FALSE,,FALSE,,43336000,43336000,0,TRUE,FALSE,HS_12
C,A,20030101,2003,52,2003,634,QAT,Qatar,X,Export,0,W00,World,0,W00,World,H0,HS,TRUE,12,"Oil seeds and oleaginous fruits; miscellaneous grains, seeds and fruit, industrial or medicinal plants; straw and fodder",2,FALSE,C00,TOTAL CPC,0,0,TOTAL MOT,-1,N/A,0,FALSE,-1,N/A,0,FALSE,0,FALSE,0,FALSE,,9593.572,9593.572,0,FALSE,TRUE,HS_12
C,A,20030101,2003,52,2003,642,ROU,Romania,X,Export,0,W00,World,0,W00,World,H2,HS,TRUE,12,"Oil seeds and oleaginous fruits; miscellaneous grains, seeds and fruit, industrial or medicinal plants; straw and fodder",2,FALSE,C00,TOTAL CPC,0,0,TOTAL MOT,-1,N/A,0,FALSE,-1,N/A,0,FALSE,0,FALSE,0,FALSE,0,97096296.39,97096296.39,0,FALSE,TRUE,HS_12
C,A,20030101,2003,52,2003,682,SAU,Saudi Arabia,X,Export,0,W00,World,0,W00,World,H2,HS,TRUE,12,"Oil seeds and oleaginous fruits; miscellaneous grains, seeds and fruit, industrial or medicinal plants; straw and fodder",2,FALSE,C00,TOTAL CPC,0,0,TOTAL MOT,-1,N/A,,FALSE,-1,N/A,,FALSE,,FALSE,,FALSE,,1113068,1113068,0,TRUE,FALSE,HS_12
C,A,20030101,2003,52,2003,686,SEN,Senegal,X,Export,0,W00,World,0,W00,World,H2,HS,TRUE,12,"Oil seeds and oleaginous fruits; miscellaneous grains, seeds and fruit, industrial or medicinal plants; straw and fodder",2,FALSE,C00,TOTAL CPC,0,0,TOTAL MOT,-1,N/A,,FALSE,-1,N/A,,FALSE,,FALSE,,FALSE,,1999169,1999169,0,TRUE,FALSE,HS_12
C,A,20030101,2003,52,2003,704,VNM,Viet Nam,X,Export,0,W00,World,0,W00,World,H1,HS,TRUE,12,"Oil seeds and oleaginous fruits; miscellaneous grains, seeds and fruit, industrial or medicinal plants; straw and fodder",2,FALSE,C00,TOTAL CPC,0,0,TOTAL MOT,-1,N/A,,FALSE,-1,N/A,,FALSE,,FALSE,,FALSE,,72616821,72616821,0,FALSE,FALSE,HS_12
C,A,20030101,2003,52,2003,710,ZAF,South Africa,X,Export,0,W00,World,0,W00,World,H2,HS,TRUE,12,"Oil seeds and oleaginous fruits; miscellaneous grains, seeds and fruit, industrial or medicinal plants; straw and fodder",2,FALSE,C00,TOTAL CPC,0,0,TOTAL MOT,-1,N/A,,FALSE,-1,N/A,,FALSE,,FALSE,,FALSE,,75487847,75487847,0,TRUE,FALSE,HS_12
C,A,20030101,2003,52,2003,784,ARE,United Arab Emirates,X,Export,0,W00,World,0,W00,World,H2,HS,TRUE,12,"Oil seeds and oleaginous fruits; miscellaneous grains, seeds and fruit, industrial or medicinal plants; straw and fodder",2,FALSE,C00,TOTAL CPC,0,0,TOTAL MOT,-1,N/A,,FALSE,-1,N/A,,FALSE,,FALSE,,FALSE,,16572927,16572927,0,TRUE,FALSE,HS_12
C,A,20030101,2003,52,2003,792,TUR,Türkiye,X,Export,0,W00,World,0,W00,World,H2,HS,TRUE,12,"Oil seeds and oleaginous fruits; miscellaneous grains, seeds and fruit, industrial or medicinal plants; straw and fodder",2,FALSE,C00,TOTAL CPC,0,0,TOTAL MOT,-1,N/A,0,FALSE,-1,N/A,0,FALSE,0,FALSE,0,FALSE,0,73323079,73323079,0,FALSE,TRUE,HS_12
C,A,20030101,2003,52,2003,818,EGY,Egypt,X,Export,0,W00,World,0,W00,World,H0,HS,TRUE,12,"Oil seeds and oleaginous fruits; miscellaneous grains, seeds and fruit, industrial or medicinal plants; straw and fodder",2,FALSE,C00,TOTAL CPC,0,0,TOTAL MOT,-1,N/A,0,FALSE,-1,N/A,0,FALSE,0,FALSE,0,FALSE,0,36457963.82,36457963.82,0,FALSE,TRUE,HS_12
C,A,20030101,2003,52,2003,858,URY,Uruguay,X,Export,0,W00,World,0,W00,World,H2,HS,TRUE,12,"Oil seeds and oleaginous fruits; miscellaneous grains, seeds and fruit, industrial or medicinal plants; straw and fodder",2,FALSE,C00,TOTAL CPC,0,0,TOTAL MOT,-1,N/A,,FALSE,-1,N/A,,FALSE,,FALSE,,FALSE,,89950381,89950381,0,TRUE,FALSE,HS_12
C,A,20030101,2003,52,2003,894,ZMB,Zambia,X,Export,0,W00,World,0,W00,World,H2,HS,TRUE,12,"Oil seeds and oleaginous fruits; miscellaneous grains, seeds and fruit, industrial or medicinal plants; straw and fodder",2,FALSE,C00,TOTAL CPC,0,0,TOTAL MOT,-1,N/A,0,FALSE,-1,N/A,0,FALSE,0,FALSE,0,FALSE,0,5252752,5252752,0,FALSE,TRUE,HS_12
C,A,20030101,2003,52,2003,32,ARG,Argentina,X,Export,0,W00,World,0,W00,World,H2,HS,TRUE,1201,Soya beans; whether or not broken,4,FALSE,C00,TOTAL CPC,0,0,TOTAL MOT,8,kg,8709580479,FALSE,-1,N/A,,FALSE,8709580479,FALSE,,FALSE,,1840327420,1840327420,0,TRUE,FALSE,HS_1201
C,A,20030101,2003,52,2003,76,BRA,Brazil,X,Export,0,W00,World,0,W00,World,H2,HS,TRUE,1201,Soya beans; whether or not broken,4,FALSE,C00,TOTAL CPC,0,0,TOTAL MOT,-1,N/A,0,FALSE,-1,N/A,0,FALSE,19873460063,FALSE,0,FALSE,,4286800347,4286800347,0,FALSE,TRUE,HS_1201
C,A,20030101,2003,52,2003,144,LKA,Sri Lanka,X,Export,0,W00,World,0,W00,World,H2,HS,TRUE,1201,Soya beans; whether or not broken,4,FALSE,C00,TOTAL CPC,0,0,TOTAL MOT,8,kg,1050,FALSE,-1,N/A,,FALSE,1050,FALSE,,FALSE,,329,329,0,TRUE,FALSE,HS_1201
C,A,20030101,2003,52,2003,152,CHL,Chile,X,Export,0,W00,World,0,W00,World,H2,HS,TRUE,1201,Soya beans; whether or not broken,4,FALSE,C00,TOTAL CPC,0,0,TOTAL MOT,8,kg,983676.2,FALSE,8,kg,983676.2,FALSE,983676.2,FALSE,0,FALSE,0,1329806.58,1329806.58,0,FALSE,TRUE,HS_1201
C,A,20030101,2003,52,2003,170,COL,Colombia,X,Export,0,W00,World,0,W00,World,H2,HS,TRUE,1201,Soya beans; whether or not broken,4,FALSE,C00,TOTAL CPC,0,0,TOTAL MOT,8,kg,1014,FALSE,-1,N/A,,FALSE,1014,FALSE,,FALSE,,3213,3213,0,TRUE,FALSE,HS_1201
C,A,20030101,2003,52,2003,218,ECU,Ecuador,X,Export,0,W00,World,0,W00,World,H2,HS,TRUE,1201,Soya beans; whether or not broken,4,FALSE,C00,TOTAL CPC,0,0,TOTAL MOT,8,kg,66246273,FALSE,-1,N/A,,FALSE,66246273,FALSE,,FALSE,,15111188,15111188,0,TRUE,FALSE,HS_1201
C,A,20030101,2003,52,2003,222,SLV,El Salvador,X,Export,0,W00,World,0,W00,World,H2,HS,TRUE,1201,Soya beans; whether or not broken,4,FALSE,C00,TOTAL CPC,0,0,TOTAL MOT,8,kg,4554.07,FALSE,8,kg,4554.07,FALSE,4554.07,FALSE,0,FALSE,0,1381,1381,0,FALSE,TRUE,HS_1201
C,A,20030101,2003,52,2003,348,HUN,Hungary,X,Export,0,W00,World,0,W00,World,H2,HS,TRUE,1201,Soya beans; whether or not broken,4,FALSE,C00,TOTAL CPC,0,0,TOTAL MOT,8,kg,3287100,FALSE,-1,N/A,,FALSE,3287100,FALSE,,FALSE,,1007000,1007000,0,TRUE,FALSE,HS_1201
C,A,20030101,2003,52,2003,360,IDN,Indonesia,X,Export,0,W00,World,0,W00,World,H1,HS,TRUE,1201,Soya beans; whether or not broken,4,FALSE,C00,TOTAL CPC,0,0,TOTAL MOT,8,kg,169000,FALSE,-1,N/A,,FALSE,169000,FALSE,,FALSE,,299986,299986,0,FALSE,FALSE,HS_1201
C,A,20030101,2003,52,2003,398,KAZ,Kazakhstan,X,Export,0,W00,World,0,W00,World,H1,HS,TRUE,1201,Soya beans; whether or not broken,4,FALSE,C00,TOTAL CPC,0,0,TOTAL MOT,8,kg,1200410,TRUE,-1,N/A,,FALSE,1200410,TRUE,,FALSE,,318900,318900,6,FALSE,FALSE,HS_1201
C,A,20030101,2003,52,2003,484,MEX,Mexico,X,Export,0,W00,World,0,W00,World,H2,HS,TRUE,1201,Soya beans; whether or not broken,4,FALSE,C00,TOTAL CPC,0,0,TOTAL MOT,8,kg,2058836,FALSE,-1,N/A,,FALSE,2058836,FALSE,,FALSE,,972710,972710,0,TRUE,FALSE,HS_1201
C,A,20030101,2003,52,2003,604,PER,Peru,X,Export,0,W00,World,0,W00,World,H2,HS,TRUE,1201,Soya beans; whether or not broken,4,FALSE,C00,TOTAL CPC,0,0,TOTAL MOT,8,kg,3511,FALSE,-1,N/A,,FALSE,3511,FALSE,,FALSE,,10007,10007,0,TRUE,FALSE,HS_1201
C,A,20030101,2003,52,2003,608,PHL,Philippines,X,Export,0,W00,World,0,W00,World,H1,HS,TRUE,1201,Soya beans; whether or not broken,4,FALSE,C00,TOTAL CPC,0,0,TOTAL MOT,8,kg,251,FALSE,-1,N/A,,FALSE,251,FALSE,,FALSE,,459,459,0,FALSE,FALSE,HS_1201
C,A,20030101,2003,52,2003,642,ROU,Romania,X,Export,0,W00,World,0,W00,World,H2,HS,TRUE,1201,Soya beans; whether or not broken,4,FALSE,C00,TOTAL CPC,0,0,TOTAL MOT,8,kg,24786315.25,FALSE,8,kg,24786315.25,FALSE,24786315.25,FALSE,0,FALSE,0,6873647.6,6873647.6,0,FALSE,TRUE,HS_1201
C,A,20030101,2003,52,2003,704,VNM,Viet Nam,X,Export,0,W00,World,0,W00,World,H1,HS,TRUE,1201,Soya beans; whether or not broken,4,FALSE,C00,TOTAL CPC,0,0,TOTAL MOT,8,kg,7020548,TRUE,-1,N/A,,FALSE,7020548,TRUE,,FALSE,,1865073,1865073,6,FALSE,FALSE,HS_1201
C,A,20030101,2003,52,2003,710,ZAF,South Africa,X,Export,0,W00,World,0,W00,World,H2,HS,TRUE,1201,Soya beans; whether or not broken,4,FALSE,C00,TOTAL CPC,0,0,TOTAL MOT,8,kg,5406040,FALSE,-1,N/A,,FALSE,5406040,FALSE,,FALSE,,2050950,2050950,0,TRUE,FALSE,HS_1201
C,A,20030101,2003,52,2003,784,ARE,United Arab Emirates,X,Export,0,W00,World,0,W00,World,H2,HS,TRUE,1201,Soya beans; whether or not broken,4,FALSE,C00,TOTAL CPC,0,0,TOTAL MOT,-1,N/A,,FALSE,-1,N/A,,FALSE,116483,FALSE,,FALSE,,46188,46188,0,TRUE,FALSE,HS_1201
C,A,20030101,2003,52,2003,818,EGY,Egypt,X,Export,0,W00,World,0,W00,World,H0,HS,TRUE,1201,Soya beans; whether or not broken,4,FALSE,C00,TOTAL CPC,0,0,TOTAL MOT,8,kg,12664.589,TRUE,-1,N/A,0,FALSE,12664.589,TRUE,0,FALSE,0,2970.586,2970.586,6,FALSE,TRUE,HS_1201
C,A,20030101,2003,52,2003,858,URY,Uruguay,X,Export,0,W00,World,0,W00,World,H2,HS,TRUE,1201,Soya beans; whether or not broken,4,FALSE,C00,TOTAL CPC,0,0,TOTAL MOT,8,kg,179459048,FALSE,-1,N/A,,FALSE,179459048,FALSE,,FALSE,,36355256,36355256,0,TRUE,FALSE,HS_1201
C,A,20030101,2003,52,2003,894,ZMB,Zambia,X,Export,0,W00,World,0,W00,World,H2,HS,TRUE,1201,Soya beans; whether or not broken,4,FALSE,C00,TOTAL CPC,0,0,TOTAL MOT,8,kg,3240740,FALSE,8,kg,3240740,FALSE,3240740,FALSE,0,FALSE,0,742487,742487,0,FALSE,TRUE,HS_1201
C,A,20030101,2003,52,2003,32,ARG,Argentina,X,Export,0,W00,World,0,W00,World,H2,HS,TRUE,01,Animals; live,2,FALSE,C00,TOTAL CPC,0,0,TOTAL MOT,-1,N/A,,FALSE,-1,N/A,,FALSE,,FALSE,,FALSE,,8793580,8793580,0,TRUE,FALSE,HS_01
C,A,20030101,2003,52,2003,48,BHR,Bahrain,X,Export,0,W00,World,0,W00,World,H2,HS,TRUE,01,Animals; live,2,FALSE,C00,TOTAL CPC,0,0,TOTAL MOT,-1,N/A,,FALSE,-1,N/A,,FALSE,,FALSE,,FALSE,,166792,166792,0,TRUE,FALSE,HS_01
C,A,20030101,2003,52,2003,76,BRA,Brazil,X,Export,0,W00,World,0,W00,World,H2,HS,TRUE,01,Animals; live,2,FALSE,C00,TOTAL CPC,0,0,TOTAL MOT,-1,N/A,0,FALSE,-1,N/A,0,FALSE,0,FALSE,0,FALSE,,11306426,11306426,0,FALSE,TRUE,HS_01
C,A,20030101,2003,52,2003,144,LKA,Sri Lanka,X,Export,0,W00,World,0,W00,World,H2,HS,TRUE,01,Animals; live,2,FALSE,C00,TOTAL CPC,0,0,TOTAL MOT,-1,N/A,,FALSE,-1,N/A,,FALSE,,FALSE,,FALSE,,5534,5534,0,TRUE,FALSE,HS_01
C,A,20030101,2003,52,2003,152,CHL,Chile,X,Export,0,W00,World,0,W00,World,H2,HS,TRUE,01,Animals; live,2,FALSE,C00,TOTAL CPC,0,0,TOTAL MOT,-1,N/A,0,FALSE,-1,N/A,0,FALSE,0,FALSE,0,FALSE,0,7839290.85,7839290.85,0,FALSE,TRUE,HS_01
C,A,20030101,2003,52,2003,170,COL,Colombia,X,Export,0,W00,World,0,W00,World,H2,HS,TRUE,01,Animals; live,2,FALSE,C00,TOTAL CPC,0,0,TOTAL MOT,-1,N/A,,FALSE,-1,N/A,,FALSE,,FALSE,,FALSE,,4598947,4598947,0,TRUE,FALSE,HS_01
C,A,20030101,2003,52,2003,218,ECU,Ecuador,X,Export,0,W00,World,0,W00,World,H2,HS,TRUE,01,Animals; live,2,FALSE,C00,TOTAL CPC,0,0,TOTAL MOT,-1,N/A,,FALSE,-1,N/A,,FALSE,,FALSE,,FALSE,,178106,178106,0,TRUE,FALSE,HS_01
C,A,20030101,2003,52,2003,222,SLV,El Salvador,X,Export,0,W00,World,0,W00,World,H2,HS,TRUE,01,Animals; live,2,FALSE,C00,TOTAL CPC,0,0,TOTAL MOT,-1,N/A,0,FALSE,-1,N/A,0,FALSE,0,FALSE,0,FALSE,0,4598050.44,4598050.44,0,FALSE,TRUE,HS_01
C,A,20030101,2003,52,2003,348,HUN,Hungary,X,Export,0,W00,World,0,W00,World,H2,HS,TRUE,01,Animals; live,2,FALSE,C00,TOTAL CPC,0,0,TOTAL MOT,-1,N/A,,FALSE,-1,N/A,,FALSE,100,FALSE,,FALSE,,126774000,126774000,0,TRUE,FALSE,HS_01
C,A,20030101,2003,52,2003,360,IDN,Indonesia,X,Export,0,W00,World,0,W00,World,H1,HS,TRUE,01,Animals; live,2,FALSE,C00,TOTAL CPC,0,0,TOTAL MOT,-1,N/A,,FALSE,-1,N/A,,FALSE,,FALSE,,FALSE,,25118370,25118370,0,FALSE,FALSE,HS_01
C,A,20030101,2003,52,2003,384,CIV,Côte d'Ivoire,X,Export,0,W00,World,0,W00,World,H2,HS,TRUE,01,Animals; live,2,FALSE,C00,TOTAL CPC,0,0,TOTAL MOT,-1,N/A,,FALSE,-1,N/A,,FALSE,,FALSE,,FALSE,,102803,102803,0,TRUE,FALSE,HS_01
C,A,20030101,2003,52,2003,398,KAZ,Kazakhstan,X,Export,0,W00,World,0,W00,World,H1,HS,TRUE,01,Animals; live,2,FALSE,C00,TOTAL CPC,0,0,TOTAL MOT,-1,N/A,,FALSE,-1,N/A,,FALSE,,FALSE,,FALSE,,274000,274000,0,FALSE,FALSE,HS_01
C,A,20030101,2003,52,2003,484,MEX,Mexico,X,Export,0,W00,World,0,W00,World,H2,HS,TRUE,01,Animals; live,2,FALSE,C00,TOTAL CPC,0,0,TOTAL MOT,-1,N/A,,FALSE,-1,N/A,,FALSE,,FALSE,,FALSE,,476315232,476315232,0,TRUE,FALSE,HS_01
C,A,20030101,2003,52,2003,504,MAR,Morocco,X,Export,0,W00,World,0,W00,World,H2,HS,TRUE,01,Animals; live,2,FALSE,C00,TOTAL CPC,0,0,TOTAL MOT,-1,N/A,0,FALSE,-1,N/A,0,FALSE,0,FALSE,0,FALSE,0,2313869.751,2313869.751,0,FALSE,TRUE,HS_01
C,A,20030101,2003,52,2003,586,PAK,Pakistan,X,Export,0,W00,World,0,W00,World,H2,HS,TRUE,01,Animals; live,2,FALSE,C00,TOTAL CPC,0,0,TOTAL MOT,-1,N/A,,FALSE,-1,N/A,,FALSE,,FALSE,,FALSE,,16529131,16529131,0,TRUE,FALSE,HS_01
C,A,20030101,2003,52,2003,591,PAN,Panama,X,Export,0,W00,World,0,W00,World,H2,HS,TRUE,01,Animals; live,2,FALSE,C00,TOTAL CPC,0,0,TOTAL MOT,-1,N/A,,FALSE,-1,N/A,,FALSE,,FALSE,,FALSE,,18167332,18167332,0,TRUE,FALSE,HS_01
C,A,20030101,2003,52,2003,604,PER,Peru,X,Export,0,W00,World,0,W00,World,H2,HS,TRUE,01,Animals; live,2,FALSE,C00,TOTAL CPC,0,0,TOTAL MOT,-1,N/A,,FALSE,-1,N/A,,FALSE,,FALSE,,FALSE,,2414480,2414480,0,TRUE,FALSE,HS_01
C,A,20030101,2003,52,2003,608,PHL,Philippines,X,Export,0,W00,World,0,W00,World,H1,HS,TRUE,01,Animals; live,2,FALSE,C00,TOTAL CPC,0,0,TOTAL MOT,-1,N/A,,FALSE,-1,N/A,,FALSE,,FALSE,,FALSE,,1950154,1950154,0,FALSE,FALSE,HS_01
C,A,20030101,2003,52,2003,616,POL,Poland,X,Export,0,W00,World,0,W00,World,H2,HS,TRUE,01,Animals; live,2,FALSE,C00,TOTAL CPC,0,0,TOTAL MOT,-1,N/A,,FALSE,-1,N/A,,FALSE,,FALSE,,FALSE,,167515000,167515000,0,TRUE,FALSE,HS_01
C,A,20030101,2003,52,2003,634,QAT,Qatar,X,Export,0,W00,World,0,W00,World,H0,HS,TRUE,01,Animals; live,2,FALSE,C00,TOTAL CPC,0,0,TOTAL MOT,-1,N/A,0,FALSE,-1,N/A,0,FALSE,0,FALSE,0,FALSE,,6172261.381,6172261.381,0,FALSE,TRUE,HS_01
C,A,20030101,2003,52,2003,642,ROU,Romania,X,Export,0,W00,World,0,W00,World,H2,HS,TRUE,01,Animals; live,2,FALSE,C00,TOTAL CPC,0,0,TOTAL MOT,-1,N/A,0,FALSE,-1,N/A,0,FALSE,0,FALSE,0,FALSE,0,153874047.52,153874047.52,0,FALSE,TRUE,HS_01
C,A,20030101,2003,52,2003,682,SAU,Saudi Arabia,X,Export,0,W00,World,0,W00,World,H2,HS,TRUE,01,Animals; live,2,FALSE,C00,TOTAL CPC,0,0,TOTAL MOT,-1,N/A,,FALSE,-1,N/A,,FALSE,,FALSE,,FALSE,,21123760,21123760,0,TRUE,FALSE,HS_01
C,A,20030101,2003,52,2003,686,SEN,Senegal,X,Export,0,W00,World,0,W00,World,H2,HS,TRUE,01,Animals; live,2,FALSE,C00,TOTAL CPC,0,0,TOTAL MOT,-1,N/A,,FALSE,-1,N/A,,FALSE,,FALSE,,FALSE,,57228,57228,0,TRUE,FALSE,HS_01
C,A,20030101,2003,52,2003,704,VNM,Viet Nam,X,Export,0,W00,World,0,W00,World,H1,HS,TRUE,01,Animals; live,2,FALSE,C00,TOTAL CPC,0,0,TOTAL MOT,-1,N/A,,FALSE,-1,N/A,,FALSE,,FALSE,,FALSE,,4101911,4101911,0,FALSE,FALSE,HS_01
C,A,20030101,2003,52,2003,710,ZAF,South Africa,X,Export,0,W00,World,0,W00,World,H2,HS,TRUE,01,Animals; live,2,FALSE,C00,TOTAL CPC,0,0,TOTAL MOT,-1,N/A,,FALSE,-1,N/A,,FALSE,,FALSE,,FALSE,,21888444,21888444,0,TRUE,FALSE,HS_01
C,A,20030101,2003,52,2003,784,ARE,United Arab Emirates,X,Export,0,W00,World,0,W00,World,H2,HS,TRUE,01,Animals; live,2,FALSE,C00,TOTAL CPC,0,0,TOTAL MOT,-1,N/A,,FALSE,-1,N/A,,FALSE,,FALSE,,FALSE,,9857883,9857883,0,TRUE,FALSE,HS_01
C,A,20030101,2003,52,2003,792,TUR,Türkiye,X,Export,0,W00,World,0,W00,World,H2,HS,TRUE,01,Animals; live,2,FALSE,C00,TOTAL CPC,0,0,TOTAL MOT,-1,N/A,0,FALSE,-1,N/A,0,FALSE,0,FALSE,0,FALSE,0,8216816,8216816,0,FALSE,TRUE,HS_01
C,A,20030101,2003,52,2003,818,EGY,Egypt,X,Export,0,W00,World,0,W00,World,H0,HS,TRUE,01,Animals; live,2,FALSE,C00,TOTAL CPC,0,0,TOTAL MOT,-1,N/A,0,FALSE,-1,N/A,0,FALSE,0,FALSE,0,FALSE,0,9172467.509,9172467.509,0,FALSE,TRUE,HS_01
C,A,20030101,2003,52,2003,858,URY,Uruguay,X,Export,0,W00,World,0,W00,World,H2,HS,TRUE,01,Animals; live,2,FALSE,C00,TOTAL CPC,0,0,TOTAL MOT,-1,N/A,,FALSE,-1,N/A,,FALSE,,FALSE,,FALSE,,8455745,8455745,0,TRUE,FALSE,HS_01
C,A,20030101,2003,52,2003,894,ZMB,Zambia,X,Export,0,W00,World,0,W00,World,H2,HS,TRUE,01,Animals; live,2,FALSE,C00,TOTAL CPC,0,0,TOTAL MOT,-1,N/A,0,FALSE,-1,N/A,0,FALSE,0,FALSE,0,FALSE,0,1310226,1310226,0,FALSE,TRUE,HS_01
C,A,20030101,2003,52,2003,32,ARG,Argentina,X,Export,0,W00,World,0,W00,World,H2,HS,TRUE,0102,Bovine animals; live,4,FALSE,C00,TOTAL CPC,0,0,TOTAL MOT,5,u,1479,TRUE,-1,N/A,,FALSE,542031,FALSE,,FALSE,,751086,751086,2,TRUE,FALSE,HS_0102
C,A,20030101,2003,52,2003,48,BHR,Bahrain,X,Export,0,W00,World,0,W00,World,H2,HS,TRUE,0102,Bovine animals; live,4,FALSE,C00,TOTAL CPC,0,0,TOTAL MOT,5,u,60,FALSE,-1,N/A,,FALSE,7700,FALSE,,FALSE,,40160,40160,0,TRUE,FALSE,HS_0102
C,A,20030101,2003,52,2003,76,BRA,Brazil,X,Export,0,W00,World,0,W00,World,H2,HS,TRUE,0102,Bovine animals; live,4,FALSE,C00,TOTAL CPC,0,0,TOTAL MOT,5,u,3682,FALSE,5,u,3682,FALSE,1391910,FALSE,0,FALSE,,1352702,1352702,0,FALSE,TRUE,HS_0102
C,A,20030101,2003,52,2003,144,LKA,Sri Lanka,X,Export,0,W00,World,0,W00,World,H2,HS,TRUE,0102,Bovine animals; live,4,FALSE,C00,TOTAL CPC,0,0,TOTAL MOT,5,u,0,TRUE,-1,N/A,,FALSE,6,TRUE,,FALSE,,10,10,6,TRUE,FALSE,HS_0102
C,A,20030101,2003,52,2003,152,CHL,Chile,X,Export,0,W00,World,0,W00,World,H2,HS,TRUE,0102,Bovine animals; live,4,FALSE,C00,TOTAL CPC,0,0,TOTAL MOT,5,u,87,FALSE,5,u,87,FALSE,33341.77,TRUE,0,FALSE,0,83205,83205,4,FALSE,TRUE,HS_0102
C,A,20030101,2003,52,2003,170,COL,Colombia,X,Export,0,W00,World,0,W00,World,H2,HS,TRUE,0102,Bovine animals; live,4,FALSE,C00,TOTAL CPC,0,0,TOTAL MOT,5,u,164,FALSE,-1,N/A,,FALSE,71470,FALSE,,FALSE,,152100,152100,0,TRUE,FALSE,HS_0102
C,A,20030101,2003,52,2003,222,SLV,El Salvador,X,Export,0,W00,World,0,W00,World,H2,HS,TRUE,0102,Bovine animals; live,4,FALSE,C00,TOTAL CPC,0,0,TOTAL MOT,5,u,4.705,TRUE,-1,N/A,0,FALSE,5400,FALSE,0,FALSE,0,2400,2400,2,FALSE,TRUE,HS_0102
C,A,20030101,2003,52,2003,348,HUN,Hungary,X,Export,0,W00,World,0,W00,World,H2,HS,TRUE,0102,Bovine animals; live,4,FALSE,C00,TOTAL CPC,0,0,TOTAL MOT,5,u,64420,TRUE,-1,N/A,,FALSE,15169600,FALSE,,FALSE,,32691000,32691000,2,TRUE,FALSE,HS_0102
C,A,20030101,2003,52,2003,360,IDN,Indonesia,X,Export,0,W00,World,0,W00,World,H1,HS,TRUE,0102,Bovine animals; live,4,FALSE,C00,TOTAL CPC,0,0,TOTAL MOT,5,u,56,TRUE,-1,N/A,,FALSE,49025,FALSE,,FALSE,,30478,30478,2,FALSE,FALSE,HS_0102
C,A,20030101,2003,52,2003,398,KAZ,Kazakhstan,X,Export,0,W00,World,0,W00,World,H1,HS,TRUE,0102,Bovine animals; live,4,FALSE,C00,TOTAL CPC,0,0,TOTAL MOT,5,u,0,TRUE,-1,N/A,,FALSE,160,TRUE,,FALSE,,400,400,6,FALSE,FALSE,HS_0102
C,A,20030101,2003,52,2003,484,MEX,Mexico,X,Export,0,W00,World,0,W00,World,H2,HS,TRUE,0102,Bovine animals; live,4,FALSE,C00,TOTAL CPC,0,0,TOTAL MOT,5,u,1239897,FALSE,-1,N/A,,FALSE,273033989,TRUE,,FALSE,,471388060,471388060,4,TRUE,FALSE,HS_0102
C,A,20030101,2003,52,2003,586,PAK,Pakistan,X,Export,0,W00,World,0,W00,World,H2,HS,TRUE,0102,Bovine animals; live,4,FALSE,C00,TOTAL CPC,0,0,TOTAL MOT,5,u,41517,FALSE,-1,N/A,,FALSE,5372209,TRUE,,FALSE,,9819092,9819092,4,TRUE,FALSE,HS_0102
C,A,20030101,2003,52,2003,591,PAN,Panama,X,Export,0,W00,World,0,W00,World,H2,HS,TRUE,0102,Bovine animals; live,4,FALSE,C00,TOTAL CPC,0,0,TOTAL MOT,5,u,14461,TRUE,-1,N/A,,FALSE,3969810,FALSE,,FALSE,,18040552,18040552,2,TRUE,FALSE,HS_0102
C,A,20030101,2003,52,2003,616,POL,Poland,X,Export,0,W00,World,0,W00,World,H2,HS,TRUE,0102,Bovine animals; live,4,FALSE,C00,TOTAL CPC,0,0,TOTAL MOT,5,u,218844,TRUE,-1,N/A,,FALSE,65302182,FALSE,,FALSE,,106742000,106742000,2,TRUE,FALSE,HS_0102
C,A,20030101,2003,52,2003,642,ROU,Romania,X,Export,0,W00,World,0,W00,World,H2,HS,TRUE,0102,Bovine animals; live,4,FALSE,C00,TOTAL CPC,0,0,TOTAL MOT,5,u,151516,FALSE,5,u,151516,FALSE,44593033,FALSE,0,FALSE,0,57921329.16,57921329.16,0,FALSE,TRUE,HS_0102
C,A,20030101,2003,52,2003,682,SAU,Saudi Arabia,X,Export,0,W00,World,0,W00,World,H2,HS,TRUE,0102,Bovine animals; live,4,FALSE,C00,TOTAL CPC,0,0,TOTAL MOT,5,u,337,TRUE,-1,N/A,,FALSE,26000,FALSE,,FALSE,,164267,164267,2,TRUE,FALSE,HS_0102
C,A,20030101,2003,52,2003,710,ZAF,South Africa,X,Export,0,W00,World,0,W00,World,H2,HS,TRUE,0102,Bovine animals; live,4,FALSE,C00,TOTAL CPC,0,0,TOTAL MOT,5,u,15444,FALSE,-1,N/A,,FALSE,4426803,TRUE,,FALSE,,7868617,7868617,4,TRUE,FALSE,HS_0102
C,A,20030101,2003,52,2003,784,ARE,United Arab Emirates,X,Export,0,W00,World,0,W00,World,H2,HS,TRUE,0102,Bovine animals; live,4,FALSE,C00,TOTAL CPC,0,0,TOTAL MOT,-1,N/A,,FALSE,-1,N/A,,FALSE,1151690,FALSE,,FALSE,,1199187,1199187,0,TRUE,FALSE,HS_0102
C,A,20030101,2003,52,2003,858,URY,Uruguay,X,Export,0,W00,World,0,W00,World,H2,HS,TRUE,0102,Bovine animals; live,4,FALSE,C00,TOTAL CPC,0,0,TOTAL MOT,5,u,11771,FALSE,-1,N/A,,FALSE,2246063,FALSE,,FALSE,,2485530,2485530,0,TRUE,FALSE,HS_0102
C,A,20030101,2003,52,2003,894,ZMB,Zambia,X,Export,0,W00,World,0,W00,World,H2,HS,TRUE,0102,Bovine animals; live,4,FALSE,C00,TOTAL CPC,0,0,TOTAL MOT,5,u,89.269,TRUE,-1,N/A,0,FALSE,30521,FALSE,0,FALSE,0,103286,103286,2,FALSE,TRUE,HS_0102
C,A,20030101,2003,52,2003,32,ARG,Argentina,X,Export,0,W00,World,0,W00,World,H2,HS,TRUE,02,Meat and edible meat offal,2,FALSE,C00,TOTAL CPC,0,0,TOTAL MOT,-1,N/A,,FALSE,-1,N/A,,FALSE,,FALSE,,FALSE,,595089151,595089151,0,TRUE,FALSE,HS_02
C,A,20030101,2003,52,2003,48,BHR,Bahrain,X,Export,0,W00,World,0,W00,World,H2,HS,TRUE,02,Meat and edible meat offal,2,FALSE,C00,TOTAL CPC,0,0,TOTAL MOT,-1,N/A,,FALSE,-1,N/A,,FALSE,,FALSE,,FALSE,,448068,448068,0,TRUE,FALSE,HS_02
C,A,20030101,2003,52,2003,76,BRA,Brazil,X,Export,0,W00,World,0,W00,World,H2,HS,TRUE,02,Meat and edible meat offal,2,FALSE,C00,TOTAL CPC,0,0,TOTAL MOT,-1,N/A,0,FALSE,-1,N/A,0,FALSE,0,FALSE,0,FALSE,,3637783469,3637783469,0,FALSE,TRUE,HS_02
C,A,20030101,2003,52,2003,144,LKA,Sri Lanka,X,Export,0,W00,World,0,W00,World,H2,HS,TRUE,02,Meat and edible meat offal,2,FALSE,C00,TOTAL CPC,0,0,TOTAL MOT,-1,N/A,,FALSE,-1,N/A,,FALSE,,FALSE,,FALSE,,614053,614053,0,TRUE,FALSE,HS_02
C,A,20030101,2003,52,2003,152,CHL,Chile,X,Export,0,W00,World,0,W00,World,H2,HS,TRUE,02,Meat and edible meat offal,2,FALSE,C00,TOTAL CPC,0,0,TOTAL MOT,-1,N/A,0,FALSE,-1,N/A,0,FALSE,0,FALSE,0,FALSE,0,244440518.33,244440518.33,0,FALSE,TRUE,HS_02
C,A,20030101,2003,52,2003,170,COL,Colombia,X,Export,0,W00,World,0,W00,World,H2,HS,TRUE,02,Meat and edible meat offal,2,FALSE,C00,TOTAL CPC,0,0,TOTAL MOT,-1,N/A,,FALSE,-1,N/A,,FALSE,,FALSE,,FALSE,,6024123,6024123,0,TRUE,FALSE,HS_02
C,A,20030101,2003,52,2003,218,ECU,Ecuador,X,Export,0,W00,World,0,W00,World,H2,HS,TRUE,02,Meat and edible meat offal,2,FALSE,C00,TOTAL CPC,0,0,TOTAL MOT,-1,N/A,,FALSE,-1,N/A,,FALSE,,FALSE,,FALSE,,198360,198360,0,TRUE,FALSE,HS_02
C,A,20030101,2003,52,2003,222,SLV,El Salvador,X,Export,0,W00,World,0,W00,World,H2,HS,TRUE,02,Meat and edible meat offal,2,FALSE,C00,TOTAL CPC,0,0,TOTAL MOT,-1,N/A,0,FALSE,-1,N/A,0,FALSE,0,FALSE,0,FALSE,0,602411.19,602411.19,0,FALSE,TRUE,HS_02
C,A,20030101,2003,52,2003,348,HUN,Hungary,X,Export,0,W00,World,0,W00,World,H2,HS,TRUE,02,Meat and edible meat offal,2,FALSE,C00,TOTAL CPC,0,0,TOTAL MOT,-1,N/A,,FALSE,-1,N/A,,FALSE,56000,FALSE,,FALSE,,610256000,610256000,0,TRUE,FALSE,HS_02
C,A,20030101,2003,52,2003,360,IDN,Indonesia,X,Export,0,W00,World,0,W00,World,H1,HS,TRUE,02,Meat and edible meat offal,2,FALSE,C00,TOTAL CPC,0,0,TOTAL MOT,-1,N/A,,FALSE,-1,N/A,,FALSE,,FALSE,,FALSE,,21774997,21774997,0,FALSE,FALSE,HS_02
C,A,20030101,2003,52,2003,384,CIV,Côte d'Ivoire,X,Export,0,W00,World,0,W00,World,H2,HS,TRUE,02,Meat and edible meat offal,2,FALSE,C00,TOTAL CPC,0,0,TOTAL MOT,-1,N/A,,FALSE,-1,N/A,,FALSE,,FALSE,,FALSE,,36832,36832,0,TRUE,FALSE,HS_02
C,A,20030101,2003,52,2003,398,KAZ,Kazakhstan,X,Export,0,W00,World,0,W00,World,H1,HS,TRUE,02,Meat and edible meat offal,2,FALSE,C00,TOTAL CPC,0,0,TOTAL MOT,-1,N/A,,FALSE,-1,N/A,,FALSE,,FALSE,,FALSE,,668400,668400,0,FALSE,FALSE,HS_02
C,A,20030101,2003,52,2003,484,MEX,Mexico,X,Export,0,W00,World,0,W00,World,H2,HS,TRUE,02,Meat and edible meat offal,2,FALSE,C00,TOTAL CPC,0,0,TOTAL MOT,-1,N/A,,FALSE,-1,N/A,,FALSE,,FALSE,,FALSE,,172780132,172780132,0,TRUE,FALSE,HS_02
C,A,20030101,2003,52,2003,504,MAR,Morocco,X,Export,0,W00,World,0,W00,World,H2,HS,TRUE,02,Meat and edible meat offal,2,FALSE,C00,TOTAL CPC,0,0,TOTAL MOT,-1,N/A,0,FALSE,-1,N/A,0,FALSE,0,FALSE,0,FALSE,0,15254.655,15254.655,0,FALSE,TRUE,HS_02
C,A,20030101,2003,52,2003,566,NGA,Nigeria,X,Export,0,W00,World,0,W00,World,H1,HS,TRUE,02,Meat and edible meat offal,2,FALSE,C00,TOTAL CPC,0,0,TOTAL MOT,-1,N/A,,FALSE,-1,N/A,,FALSE,,FALSE,,FALSE,,17425,17425,0,FALSE,FALSE,HS_02
C,A,20030101,2003,52,2003,586,PAK,Pakistan,X,Export,0,W00,World,0,W00,World,H2,HS,TRUE,02,Meat and edible meat offal,2,FALSE,C00,TOTAL CPC,0,0,TOTAL MOT,-1,N/A,,FALSE,-1,N/A,,FALSE,,FALSE,,FALSE,,13863103,13863103,0,TRUE,FALSE,HS_02
C,A,20030101,2003,52,2003,591,PAN,Panama,X,Export,0,W00,World,0,W00,World,H2,HS,TRUE,02,Meat and edible meat offal,2,FALSE,C00,TOTAL CPC,0,0,TOTAL MOT,-1,N/A,,FALSE,-1,N/A,,FALSE,,FALSE,,FALSE,,13391272,13391272,0,TRUE,FALSE,HS_02
C,A,20030101,2003,52,2003,604,PER,Peru,X,Export,0,W00,World,0,W00,World,H2,HS,TRUE,02,Meat and edible meat offal,2,FALSE,C00,TOTAL CPC,0,0,TOTAL MOT,-1,N/A,,FALSE,-1,N/A,,FALSE,,FALSE,,FALSE,,198020,198020,0,TRUE,FALSE,HS_02
C,A,20030101,2003,52,2003,608,PHL,Philippines,X,Export,0,W00,World,0,W00,World,H1,HS,TRUE,02,Meat and edible meat offal,2,FALSE,C00,TOTAL CPC,0,0,TOTAL MOT,-1,N/A,,FALSE,-1,N/A,,FALSE,,FALSE,,FALSE,,44993,44993,0,FALSE,FALSE,HS_02
C,A,20030101,2003,52,2003,616,POL,Poland,X,Export,0,W00,World,0,W00,World,H2,HS,TRUE,02,Meat and edible meat offal,2,FALSE,C00,TOTAL CPC,0,0,TOTAL MOT,-1,N/A,,FALSE,-1,N/A,,FALSE,,FALSE,,FALSE,,552446000,552446000,0,TRUE,FALSE,HS_02
C,A,20030101,2003,52,2003,634,QAT,Qatar,X,Export,0,W00,World,0,W00,World,H0,HS,TRUE,02,Meat and edible meat offal,2,FALSE,C00,TOTAL CPC,0,0,TOTAL MOT,-1,N/A,0,FALSE,-1,N/A,0,FALSE,0,FALSE,0,FALSE,,1717703.72,1717703.72,0,FALSE,TRUE,HS_02
C,A,20030101,2003,52,2003,642,ROU,Romania,X,Export,0,W00,World,0,W00,World,H2,HS,TRUE,02,Meat and edible meat offal,2,FALSE,C00,TOTAL CPC,0,0,TOTAL MOT,-1,N/A,0,FALSE,-1,N/A,0,FALSE,0,FALSE,0,FALSE,0,14266586.45,14266586.45,0,FALSE,TRUE,HS_02
C,A,20030101,2003,52,2003,682,SAU,Saudi Arabia,X,Export,0,W00,World,0,W00,World,H2,HS,TRUE,02,Meat and edible meat offal,2,FALSE,C00,TOTAL CPC,0,0,TOTAL MOT,-1,N/A,,FALSE,-1,N/A,,FALSE,,FALSE,,FALSE,,41345652,41345652,0,TRUE,FALSE,HS_02
C,A,20030101,2003,52,2003,686,SEN,Senegal,X,Export,0,W00,World,0,W00,World,H2,HS,TRUE,02,Meat and edible meat offal,2,FALSE,C00,TOTAL CPC,0,0,TOTAL MOT,-1,N/A,,FALSE,-1,N/A,,FALSE,,FALSE,,FALSE,,1026311,1026311,0,TRUE,FALSE,HS_02
C,A,20030101,2003,52,2003,704,VNM,Viet Nam,X,Export,0,W00,World,0,W00,World,H1,HS,TRUE,02,Meat and edible meat offal,2,FALSE,C00,TOTAL CPC,0,0,TOTAL MOT,-1,N/A,,FALSE,-1,N/A,,FALSE,,FALSE,,FALSE,,20656376,20656376,0,FALSE,FALSE,HS_02
C,A,20030101,2003,52,2003,710,ZAF,South Africa,X,Export,0,W00,World,0,W00,World,H2,HS,TRUE,02,Meat and edible meat offal,2,FALSE,C00,TOTAL CPC,0,0,TOTAL MOT,-1,N/A,,FALSE,-1,N/A,,FALSE,,FALSE,,FALSE,,63128270,63128270,0,TRUE,FALSE,HS_02
C,A,20030101,2003,52,2003,784,ARE,United Arab Emirates,X,Export,0,W00,World,0,W00,World,H2,HS,TRUE,02,Meat and edible meat offal,2,FALSE,C00,TOTAL CPC,0,0,TOTAL MOT,-1,N/A,,FALSE,-1,N/A,,FALSE,,FALSE,,FALSE,,16737830,16737830,0,TRUE,FALSE,HS_02
C,A,20030101,2003,52,2003,792,TUR,Türkiye,X,Export,0,W00,World,0,W00,World,H2,HS,TRUE,02,Meat and edible meat offal,2,FALSE,C00,TOTAL CPC,0,0,TOTAL MOT,-1,N/A,0,FALSE,-1,N/A,0,FALSE,0,FALSE,0,FALSE,0,18719906,18719906,0,FALSE,TRUE,HS_02
C,A,20030101,2003,52,2003,818,EGY,Egypt,X,Export,0,W00,World,0,W00,World,H0,HS,TRUE,02,Meat and edible meat offal,2,FALSE,C00,TOTAL CPC,0,0,TOTAL MOT,-1,N/A,0,FALSE,-1,N/A,0,FALSE,0,FALSE,0,FALSE,0,1742543.487,1742543.487,0,FALSE,TRUE,HS_02
C,A,20030101,2003,52,2003,858,URY,Uruguay,X,Export,0,W00,World,0,W00,World,H2,HS,TRUE,02,Meat and edible meat offal,2,FALSE,C00,TOTAL CPC,0,0,TOTAL MOT,-1,N/A,,FALSE,-1,N/A,,FALSE,,FALSE,,FALSE,,398220490,398220490,0,TRUE,FALSE,HS_02
C,A,20030101,2003,52,2003,894,ZMB,Zambia,X,Export,0,W00,World,0,W00,World,H2,HS,TRUE,02,Meat and edible meat offal,2,FALSE,C00,TOTAL CPC,0,0,TOTAL MOT,-1,N/A,0,FALSE,-1,N/A,0,FALSE,0,FALSE,0,FALSE,0,231924,231924,0,FALSE,TRUE,HS_02
C,A,20030101,2003,52,2003,32,ARG,Argentina,X,Export,0,W00,World,0,W00,World,H2,HS,TRUE,0201,Meat of bovine animals; fresh or chilled,4,FALSE,C00,TOTAL CPC,0,0,TOTAL MOT,8,kg,67046833,FALSE,-1,N/A,,FALSE,67046833,FALSE,,FALSE,,291062940,291062940,0,TRUE,FALSE,HS_0201
C,A,20030101,2003,52,2003,48,BHR,Bahrain,X,Export,0,W00,World,0,W00,World,H2,HS,TRUE,0201,Meat of bovine animals; fresh or chilled,4,FALSE,C00,TOTAL CPC,0,0,TOTAL MOT,8,kg,8550,FALSE,-1,N/A,,FALSE,8550,FALSE,,FALSE,,43205,43205,0,TRUE,FALSE,HS_0201
C,A,20030101,2003,52,2003,76,BRA,Brazil,X,Export,0,W00,World,0,W00,World,H2,HS,TRUE,0201,Meat of bovine animals; fresh or chilled,4,FALSE,C00,TOTAL CPC,0,0,TOTAL MOT,-1,N/A,0,FALSE,8,kg,132534100,FALSE,154645277,FALSE,0,FALSE,,427682595,427682595,0,FALSE,TRUE,HS_0201
C,A,20030101,2003,52,2003,144,LKA,Sri Lanka,X,Export,0,W00,World,0,W00,World,H2,HS,TRUE,0201,Meat of bovine animals; fresh or chilled,4,FALSE,C00,TOTAL CPC,0,0,TOTAL MOT,8,kg,776,FALSE,-1,N/A,,FALSE,776,FALSE,,FALSE,,4645,4645,0,TRUE,FALSE,HS_0201
C,A,20030101,2003,52,2003,152,CHL,Chile,X,Export,0,W00,World,0,W00,World,H2,HS,TRUE,0201,Meat of bovine animals; fresh or chilled,4,FALSE,C00,TOTAL CPC,0,0,TOTAL MOT,8,kg,509207.91,FALSE,8,kg,509207.91,FALSE,509207.91,FALSE,0,FALSE,0,2420140.77,2420140.77,0,FALSE,TRUE,HS_0201
C,A,20030101,2003,52,2003,170,COL,Colombia,X,Export,0,W00,World,0,W00,World,H2,HS,TRUE,0201,Meat of bovine animals; fresh or chilled,4,FALSE,C00,TOTAL CPC,0,0,TOTAL MOT,8,kg,2098674,FALSE,-1,N/A,,FALSE,2098674,FALSE,,FALSE,,3719216,3719216,0,TRUE,FALSE,HS_0201
C,A,20030101,2003,52,2003,222,SLV,El Salvador,X,Export,0,W00,World,0,W00,World,H2,HS,TRUE,0201,Meat of bovine animals; fresh or chilled,4,FALSE,C00,TOTAL CPC,0,0,TOTAL MOT,8,kg,2727,FALSE,8,kg,2727,FALSE,2727,FALSE,0,FALSE,0,6493.5,6493.5,0,FALSE,TRUE,HS_0201
C,A,20030101,2003,52,2003,348,HUN,Hungary,X,Export,0,W00,World,0,W00,World,H2,HS,TRUE,0201,Meat of bovine animals; fresh or chilled,4,FALSE,C00,TOTAL CPC,0,0,TOTAL MOT,8,kg,7526300,FALSE,-1,N/A,,FALSE,7526300,FALSE,,FALSE,,21154000,21154000,0,TRUE,FALSE,HS_0201
C,A,20030101,2003,52,2003,360,IDN,Indonesia,X,Export,0,W00,World,0,W00,World,H1,HS,TRUE,0201,Meat of bovine animals; fresh or chilled,4,FALSE,C00,TOTAL CPC,0,0,TOTAL MOT,8,kg,13605,FALSE,-1,N/A,,FALSE,13605,FALSE,,FALSE,,278141,278141,0,FALSE,FALSE,HS_0201
C,A,20030101,2003,52,2003,384,CIV,Côte d'Ivoire,X,Export,0,W00,World,0,W00,World,H2,HS,TRUE,0201,Meat of bovine animals; fresh or chilled,4,FALSE,C00,TOTAL CPC,0,0,TOTAL MOT,8,kg,5729,FALSE,-1,N/A,,FALSE,5729,FALSE,,FALSE,,19859,19859,0,TRUE,FALSE,HS_0201
C,A,20030101,2003,52,2003,484,MEX,Mexico,X,Export,0,W00,World,0,W00,World,H2,HS,TRUE,0201,Meat of bovine animals; fresh or chilled,4,FALSE,C00,TOTAL CPC,0,0,TOTAL MOT,8,kg,3107923,FALSE,-1,N/A,,FALSE,3107923,FALSE,,FALSE,,22414923,22414923,0,TRUE,FALSE,HS_0201
C,A,20030101,2003,52,2003,504,MAR,Morocco,X,Export,0,W00,World,0,W00,World,H2,HS,TRUE,0201,Meat of bovine animals; fresh or chilled,4,FALSE,C00,TOTAL CPC,0,0,TOTAL MOT,8,kg,305,FALSE,8,kg,305,FALSE,305,FALSE,0,FALSE,0,1969.53,1969.53,0,FALSE,TRUE,HS_0201
C,A,20030101,2003,52,2003,586,PAK,Pakistan,X,Export,0,W00,World,0,W00,World,H2,HS,TRUE,0201,Meat of bovine animals; fresh or chilled,4,FALSE,C00,TOTAL CPC,0,0,TOTAL MOT,8,kg,1325845,FALSE,-1,N/A,,FALSE,1325845,FALSE,,FALSE,,2138764,2138764,0,TRUE,FALSE,HS_0201
C,A,20030101,2003,52,2003,591,PAN,Panama,X,Export,0,W00,World,0,W00,World,H2,HS,TRUE,0201,Meat of bovine animals; fresh or chilled,4,FALSE,C00,TOTAL CPC,0,0,TOTAL MOT,8,kg,2360384,FALSE,-1,N/A,,FALSE,2360384,FALSE,,FALSE,,9554585,9554585,0,TRUE,FALSE,HS_0201
C,A,20030101,2003,52,2003,604,PER,Peru,X,Export,0,W00,World,0,W00,World,H2,HS,TRUE,0201,Meat of bovine animals; fresh or chilled,4,FALSE,C00,TOTAL CPC,0,0,TOTAL MOT,8,kg,4025,FALSE,-1,N/A,,FALSE,4025,FALSE,,FALSE,,8058,8058,0,TRUE,FALSE,HS_0201
C,A,20030101,2003,52,2003,616,POL,Poland,X,Export,0,W00,World,0,W00,World,H2,HS,TRUE,0201,Meat of bovine animals; fresh or chilled,4,FALSE,C00,TOTAL CPC,0,0,TOTAL MOT,8,kg,22918305,FALSE,-1,N/A,,FALSE,22918305,FALSE,,FALSE,,39870000,39870000,0,TRUE,FALSE,HS_0201
C,A,20030101,2003,52,2003,642,ROU,Romania,X,Export,0,W00,World,0,W00,World,H2,HS,TRUE,0201,Meat of bovine animals; fresh or chilled,4,FALSE,C00,TOTAL CPC,0,0,TOTAL MOT,8,kg,81472.83,FALSE,8,kg,81472.83,FALSE,81472.83,FALSE,0,FALSE,0,208503.56,208503.56,0,FALSE,TRUE,HS_0201
C,A,20030101,2003,52,2003,682,SAU,Saudi Arabia,X,Export,0,W00,World,0,W00,World,H2,HS,TRUE,0201,Meat of bovine animals; fresh or chilled,4,FALSE,C00,TOTAL CPC,0,0,TOTAL MOT,8,kg,64000,FALSE,-1,N/A,,FALSE,64000,FALSE,,FALSE,,206400,206400,0,TRUE,FALSE,HS_0201
C,A,20030101,2003,52,2003,710,ZAF,South Africa,X,Export,0,W00,World,0,W00,World,H2,HS,TRUE,0201,Meat of bovine animals; fresh or chilled,4,FALSE,C00,TOTAL CPC,0,0,TOTAL MOT,8,kg,2580860,FALSE,-1,N/A,,FALSE,2580860,FALSE,,FALSE,,4267445,4267445,0,TRUE,FALSE,HS_0201
C,A,20030101,2003,52,2003,784,ARE,United Arab Emirates,X,Export,0,W00,World,0,W00,World,H2,HS,TRUE,0201,Meat of bovine animals; fresh or chilled,4,FALSE,C00,TOTAL CPC,0,0,TOTAL MOT,-1,N/A,,FALSE,-1,N/A,,FALSE,47554,FALSE,,FALSE,,168470,168470,0,TRUE,FALSE,HS_0201
C,A,20030101,2003,52,2003,792,TUR,Türkiye,X,Export,0,W00,World,0,W00,World,H2,HS,TRUE,0201,Meat of bovine animals; fresh or chilled,4,FALSE,C00,TOTAL CPC,0,0,TOTAL MOT,8,kg,40402,FALSE,8,kg,40402,FALSE,40402,FALSE,0,FALSE,0,237566,237566,0,FALSE,TRUE,HS_0201
C,A,20030101,2003,52,2003,818,EGY,Egypt,X,Export,0,W00,World,0,W00,World,H0,HS,TRUE,0201,Meat of bovine animals; fresh or chilled,4,FALSE,C00,TOTAL CPC,0,0,TOTAL MOT,8,kg,117387.133,TRUE,-1,N/A,0,FALSE,117387.133,TRUE,0,FALSE,0,366140.812,366140.812,6,FALSE,TRUE,HS_0201
C,A,20030101,2003,52,2003,858,URY,Uruguay,X,Export,0,W00,World,0,W00,World,H2,HS,TRUE,0201,Meat of bovine animals; fresh or chilled,4,FALSE,C00,TOTAL CPC,0,0,TOTAL MOT,8,kg,43189144,FALSE,-1,N/A,,FALSE,43189144,FALSE,,FALSE,,116406192,116406192,0,TRUE,FALSE,HS_0201
C,A,20030101,2003,52,2003,894,ZMB,Zambia,X,Export,0,W00,World,0,W00,World,H2,HS,TRUE,0201,Meat of bovine animals; fresh or chilled,4,FALSE,C00,TOTAL CPC,0,0,TOTAL MOT,8,kg,5783,FALSE,8,kg,5783,FALSE,5783,FALSE,0,FALSE,0,13764,13764,0,FALSE,TRUE,HS_0201
C,A,20030101,2003,52,2003,32,ARG,Argentina,X,Export,0,W00,World,0,W00,World,H2,HS,TRUE,0202,Meat of bovine animals; frozen,4,FALSE,C00,TOTAL CPC,0,0,TOTAL MOT,8,kg,116460139,FALSE,-1,N/A,,FALSE,116460139,FALSE,,FALSE,,170481261,170481261,0,TRUE,FALSE,HS_0202
C,A,20030101,2003,52,2003,48,BHR,Bahrain,X,Export,0,W00,World,0,W00,World,H2,HS,TRUE,0202,Meat of bovine animals; frozen,4,FALSE,C00,TOTAL CPC,0,0,TOTAL MOT,8,kg,124446,FALSE,-1,N/A,,FALSE,124446,FALSE,,FALSE,,188210,188210,0,TRUE,FALSE,HS_0202
C,A,20030101,2003,52,2003,76,BRA,Brazil,X,Export,0,W00,World,0,W00,World,H2,HS,TRUE,0202,Meat of bovine animals; frozen,4,FALSE,C00,TOTAL CPC,0,0,TOTAL MOT,-1,N/A,0,FALSE,8,kg,2870050217,FALSE,464977887,FALSE,0,FALSE,,725963963,725963963,0,FALSE,TRUE,HS_0202
C,A,20030101,2003,52,2003,144,LKA,Sri Lanka,X,Export,0,W00,World,0,W00,World,H2,HS,TRUE,0202,Meat of bovine animals; frozen,4,FALSE,C00,TOTAL CPC,0,0,TOTAL MOT,8,kg,88066,TRUE,-1,N/A,,FALSE,88066,TRUE,,FALSE,,384945,384945,6,TRUE,FALSE,HS_0202
C,A,20030101,2003,52,2003,152,CHL,Chile,X,Export,0,W00,World,0,W00,World,H2,HS,TRUE,0202,Meat of bovine animals; frozen,4,FALSE,C00,TOTAL CPC,0,0,TOTAL MOT,8,kg,5933548.56,FALSE,8,kg,5933548.56,FALSE,5933548.56,FALSE,0,FALSE,0,12825187.72,12825187.72,0,FALSE,TRUE,HS_0202
C,A,20030101,2003,52,2003,170,COL,Colombia,X,Export,0,W00,World,0,W00,World,H2,HS,TRUE,0202,Meat of bovine animals; frozen,4,FALSE,C00,TOTAL CPC,0,0,TOTAL MOT,8,kg,1413394,FALSE,-1,N/A,,FALSE,1413394,FALSE,,FALSE,,1755330,1755330,0,TRUE,FALSE,HS_0202
C,A,20030101,2003,52,2003,222,SLV,El Salvador,X,Export,0,W00,World,0,W00,World,H2,HS,TRUE,0202,Meat of bovine animals; frozen,4,FALSE,C00,TOTAL CPC,0,0,TOTAL MOT,8,kg,1180.4,FALSE,8,kg,1180.4,FALSE,1180.4,FALSE,0,FALSE,0,1527.57,1527.57,0,FALSE,TRUE,HS_0202
C,A,20030101,2003,52,2003,360,IDN,Indonesia,X,Export,0,W00,World,0,W00,World,H1,HS,TRUE,0202,Meat of bovine animals; frozen,4,FALSE,C00,TOTAL CPC,0,0,TOTAL MOT,8,kg,97777,FALSE,-1,N/A,,FALSE,97777,FALSE,,FALSE,,171627,171627,0,FALSE,FALSE,HS_0202
C,A,20030101,2003,52,2003,398,KAZ,Kazakhstan,X,Export,0,W00,World,0,W00,World,H1,HS,TRUE,0202,Meat of bovine animals; frozen,4,FALSE,C00,TOTAL CPC,0,0,TOTAL MOT,8,kg,24657,TRUE,-1,N/A,,FALSE,24657,TRUE,,FALSE,,51200,51200,6,FALSE,FALSE,HS_0202
C,A,20030101,2003,52,2003,484,MEX,Mexico,X,Export,0,W00,World,0,W00,World,H2,HS,TRUE,0202,Meat of bovine animals; frozen,4,FALSE,C00,TOTAL CPC,0,0,TOTAL MOT,8,kg,1571775,FALSE,-1,N/A,,FALSE,1571775,FALSE,,FALSE,,4020054,4020054,0,TRUE,FALSE,HS_0202
C,A,20030101,2003,52,2003,504,MAR,Morocco,X,Export,0,W00,World,0,W00,World,H2,HS,TRUE,0202,Meat of bovine animals; frozen,4,FALSE,C00,TOTAL CPC,0,0,TOTAL MOT,8,kg,1141,FALSE,8,kg,1141,FALSE,1141,FALSE,0,FALSE,0,3004.066,3004.066,0,FALSE,TRUE,HS_0202
C,A,20030101,2003,52,2003,586,PAK,Pakistan,X,Export,0,W00,World,0,W00,World,H2,HS,TRUE,0202,Meat of bovine animals; frozen,4,FALSE,C00,TOTAL CPC,0,0,TOTAL MOT,8,kg,72124,FALSE,-1,N/A,,FALSE,72124,FALSE,,FALSE,,90819,90819,0,TRUE,FALSE,HS_0202
C,A,20030101,2003,52,2003,604,PER,Peru,X,Export,0,W00,World,0,W00,World,H2,HS,TRUE,0202,Meat of bovine animals; frozen,4,FALSE,C00,TOTAL CPC,0,0,TOTAL MOT,8,kg,3750,FALSE,-1,N/A,,FALSE,3750,FALSE,,FALSE,,7749,7749,0,TRUE,FALSE,HS_0202
C,A,20030101,2003,52,2003,616,POL,Poland,X,Export,0,W00,World,0,W00,World,H2,HS,TRUE,0202,Meat of bovine animals; frozen,4,FALSE,C00,TOTAL CPC,0,0,TOTAL MOT,8,kg,20209337,FALSE,-1,N/A,,FALSE,20209337,FALSE,,FALSE,,29962000,29962000,0,TRUE,FALSE,HS_0202
C,A,20030101,2003,52,2003,634,QAT,Qatar,X,Export,0,W00,World,0,W00,World,H0,HS,TRUE,0202,Meat of bovine animals; frozen,4,FALSE,C00,TOTAL CPC,0,0,TOTAL MOT,8,kg,330272,FALSE,8,kg,330272,FALSE,330272,FALSE,0,FALSE,,1639421.055,1639421.055,0,FALSE,TRUE,HS_0202
C,A,20030101,2003,52,2003,642,ROU,Romania,X,Export,0,W00,World,0,W00,World,H2,HS,TRUE,0202,Meat of bovine animals; frozen,4,FALSE,C00,TOTAL CPC,0,0,TOTAL MOT,8,kg,303864.79,FALSE,8,kg,303864.79,FALSE,303864.79,FALSE,0,FALSE,0,879700.45,879700.45,0,FALSE,TRUE,HS_0202
C,A,20030101,2003,52,2003,682,SAU,Saudi Arabia,X,Export,0,W00,World,0,W00,World,H2,HS,TRUE,0202,Meat of bovine animals; frozen,4,FALSE,C00,TOTAL CPC,0,0,TOTAL MOT,8,kg,80000,FALSE,-1,N/A,,FALSE,80000,FALSE,,FALSE,,202667,202667,0,TRUE,FALSE,HS_0202
C,A,20030101,2003,52,2003,686,SEN,Senegal,X,Export,0,W00,World,0,W00,World,H2,HS,TRUE,0202,Meat of bovine animals; frozen,4,FALSE,C00,TOTAL CPC,0,0,TOTAL MOT,8,kg,23257,FALSE,-1,N/A,,FALSE,23257,FALSE,,FALSE,,105137,105137,0,TRUE,FALSE,HS_0202
C,A,20030101,2003,52,2003,710,ZAF,South Africa,X,Export,0,W00,World,0,W00,World,H2,HS,TRUE,0202,Meat of bovine animals; frozen,4,FALSE,C00,TOTAL CPC,0,0,TOTAL MOT,8,kg,3783387,FALSE,-1,N/A,,FALSE,3783387,FALSE,,FALSE,,9808278,9808278,0,TRUE,FALSE,HS_0202
C,A,20030101,2003,52,2003,784,ARE,United Arab Emirates,X,Export,0,W00,World,0,W00,World,H2,HS,TRUE,0202,Meat of bovine animals; frozen,4,FALSE,C00,TOTAL CPC,0,0,TOTAL MOT,-1,N/A,,FALSE,-1,N/A,,FALSE,1665745,FALSE,,FALSE,,3961174,3961174,0,TRUE,FALSE,HS_0202
C,A,20030101,2003,52,2003,792,TUR,Türkiye,X,Export,0,W00,World,0,W00,World,H2,HS,TRUE,0202,Meat of bovine animals; frozen,4,FALSE,C00,TOTAL CPC,0,0,TOTAL MOT,8,kg,50945,FALSE,8,kg,50945,FALSE,50945,FALSE,0,FALSE,0,353691,353691,0,FALSE,TRUE,HS_0202
C,A,20030101,2003,52,2003,818,EGY,Egypt,X,Export,0,W00,World,0,W00,World,H0,HS,TRUE,0202,Meat of bovine animals; frozen,4,FALSE,C00,TOTAL CPC,0,0,TOTAL MOT,8,kg,64038.903,TRUE,-1,N/A,0,FALSE,64038.903,TRUE,0,FALSE,0,111714.567,111714.567,6,FALSE,TRUE,HS_0202
C,A,20030101,2003,52,2003,858,URY,Uruguay,X,Export,0,W00,World,0,W00,World,H2,HS,TRUE,0202,Meat of bovine animals; frozen,4,FALSE,C00,TOTAL CPC,0,0,TOTAL MOT,8,kg,145284058,FALSE,-1,N/A,,FALSE,145284058,FALSE,,FALSE,,243789839,243789839,0,TRUE,FALSE,HS_0202
C,A,20030101,2003,52,2003,894,ZMB,Zambia,X,Export,0,W00,World,0,W00,World,H2,HS,TRUE,0202,Meat of bovine animals; frozen,4,FALSE,C00,TOTAL CPC,0,0,TOTAL MOT,8,kg,6780,FALSE,8,kg,6780,FALSE,6780,FALSE,0,FALSE,0,8775,8775,0,FALSE,TRUE,HS_0202
