date,country,DD_market,DD_M0,DD_M1,DD_M2
2015-01-04,Abu Dhabi,1.585756962210164,20.746751069259343,8.432724189273754,3.7216710819556833
2015-01-11,Abu Dhabi,1.5717868522888692,20.750363196648145,6.973769627410611,4.070297678854997
2015-01-18,Abu Dhabi,1.5925180790918283,20.746132013673588,6.961988027948041,3.5817547362289073
2015-01-25,Abu Dhabi,1.5925881899249725,20.74575810606768,6.941026289187434,3.510864015495487
2015-02-01,Abu Dhabi,1.592447906571823,20.73895199057123,6.348407004423961,3.4546891544064184
2015-02-08,Abu Dhabi,1.5821643172063915,20.66960259217015,5.409481728681483,3.341678732404468
2015-02-15,Abu Dhabi,1.5822331306279898,20.673287184728792,5.30938229850329,3.635883697925504
2015-02-22,Abu Dhabi,1.5821643172063915,20.67617310592225,5.317195729216943,3.7432824140489456
2015-03-01,Abu Dhabi,1.5890232144083198,20.68030516397742,5.241294648639537,3.6159173294898177
2015-03-08,Abu Dhabi,1.5890929074633053,20.644468141789034,5.195808047331744,4.263795628828113
2015-03-15,Abu Dhabi,1.606782594895117,20.64861371850567,5.1576164307782095,3.783646689633977
2015-03-22,Abu Dhabi,1.606495286139016,20.65702483770943,5.100481776194693,4.086977308221779
2015-03-29,Abu Dhabi,1.6029872394290805,20.632942152920556,5.01449650449849,3.912405777310771
2015-04-05,Abu Dhabi,1.582095442978566,18.74345221304041,4.650740094302532,3.828223184788833
2015-04-12,Abu Dhabi,1.5958929295448352,18.72964781279237,4.652354441636805,4.857575820977633
2015-04-19,Abu Dhabi,1.6100969123134798,18.73598910849649,4.55235215839185,5.002760154420431
2015-04-26,Abu Dhabi,1.6246577118155965,18.73200027913265,4.535689981325337,5.876347708663657
2015-05-03,Abu Dhabi,1.6100969123134798,18.78358163150844,4.554690239099141,6.1071734242916165
2015-05-10,Abu Dhabi,1.6137210603157564,18.786723441746,4.5539174220862035,6.214494371872531
2015-05-17,Abu Dhabi,1.6246577118155965,18.787183565163815,4.561878760855732,7.3650026923177165
2015-05-24,Abu Dhabi,1.6246577118155965,18.788476528266703,4.567367349506639,7.039173611733102
2015-05-31,Abu Dhabi,1.6283747595058153,18.77141970901181,4.543001148012609,6.486334582773036
2015-06-07,Abu Dhabi,1.6395965579981782,20.323340671637727,4.54999233726186,6.6013968572884805
2015-06-14,Abu Dhabi,1.6395965579981782,20.324878922339423,4.540490845756656,7.0614345194762835
2015-06-21,Abu Dhabi,1.6548580770660164,20.32805448678161,4.48728920585065,7.336095873011953
2015-06-28,Abu Dhabi,1.6548580770660164,20.300768721678544,4.4929395236695004,7.683857400106245
2015-07-05,Abu Dhabi,1.6548580770660164,21.04196090720555,4.521149119045617,7.661277272988106
2015-07-12,Abu Dhabi,1.655092411273177,21.030325186802912,4.543385870511348,5.190079592542881
2015-07-19,Abu Dhabi,1.6723916057529775,21.026479416174663,4.58079268466919,6.338120208351826
2015-07-26,Abu Dhabi,1.6721499119597985,21.00753397421839,4.561156784561879,5.535265577584599
2015-08-02,Abu Dhabi,1.6825556610101522,21.05207918276029,4.552310340187005,5.563996471605185
2015-08-09,Abu Dhabi,1.6869214405089874,18.39585262991856,4.31489803625538,5.077491946587103
2015-08-16,Abu Dhabi,1.6870041418904727,18.38720542201445,4.314617031640822,5.11034567902791
2015-08-23,Abu Dhabi,1.6012766343768265,18.373790549521104,4.304520145779548,4.609688856546466
2015-08-30,Abu Dhabi,1.6210382172588966,18.370444156068498,4.3065409633825755,3.895625555463897
2015-09-06,Abu Dhabi,1.6246577118155965,19.04425516532775,4.28437040010644,4.15372265134255
2015-09-13,Abu Dhabi,1.6356552391705335,19.025324632662073,4.223207365597905,4.11640117254706
2015-09-20,Abu Dhabi,1.6357307028510093,19.00652341251489,4.212807534697982,4.524816032953277
2015-09-27,Abu Dhabi,1.6075734280819818,19.006660939241726,4.195019982718209,4.315908462164017
2015-10-04,Abu Dhabi,1.5349229848307406,19.597314620049143,4.219912683970177,4.95134420787505
2015-10-11,Abu Dhabi,1.5486924840585807,19.580830824766142,4.160903155346517,4.955805981885262
2015-10-18,Abu Dhabi,1.5486924840585807,19.574138419236377,4.096979260305027,5.44536262672382
2015-10-25,Abu Dhabi,1.5488226789657806,19.5699811420183,4.074689849368873,5.145378189425688
2015-11-01,Abu Dhabi,1.5488226789657806,19.4472215430211,4.075425115151242,5.067864240965055
2015-11-08,Abu Dhabi,1.5490180246363812,19.4624511512276,4.081919063583119,5.396115207685028
2015-11-15,Abu Dhabi,1.5487575128619238,19.453957929453807,4.021797918308588,4.514884500732522
2015-11-22,Abu Dhabi,1.5488226789657806,19.45694598735448,4.04387811592069,4.675432960657293
2015-11-29,Abu Dhabi,1.5267728669933904,19.453866008593963,4.076387381480111,4.29312824980545
2015-12-06,Abu Dhabi,1.5081732386447717,8.437684031300831,3.8440538479114297,4.1876862047047005
2015-12-13,Abu Dhabi,1.4904215074049167,8.420391977225094,3.7065323455101353,4.17999705247819
2015-12-20,Abu Dhabi,1.478711897277649,8.42889031116963,3.760436243528848,4.1831629036790705
2015-12-27,Abu Dhabi,1.4643808173756874,8.433634378798194,3.764586245499604,4.185373768511546
2016-01-03,Abu Dhabi,1.4588521722552106,7.959903786124494,3.532652227287697,3.1165747837017492
2016-01-10,Abu Dhabi,1.413418008418409,7.960200501817749,3.659533901086837,3.113976120067189
2016-01-17,Abu Dhabi,1.3379256837313496,7.969137177038043,3.657658078160865,3.113297061464699
2016-01-24,Abu Dhabi,1.2884353331850074,7.972355052211373,3.640041403189408,3.114503582158827
2016-01-31,Abu Dhabi,1.2779823953426006,7.972727307536761,3.774440904492256,3.1144702409486804
2016-02-07,Abu Dhabi,1.267436887912553,7.977238923239041,4.06190954662529,3.0604597529448694
2016-02-14,Abu Dhabi,1.2927664849577873,7.982078420937186,4.040939670570917,2.971896041154095
2016-02-21,Abu Dhabi,1.301425266310194,7.978158478112949,4.054769079725881,3.1221718992443397
2016-02-28,Abu Dhabi,1.3013372435134296,7.961518931069142,3.993642891550252,3.1205009273926354
2016-03-06,Abu Dhabi,1.3440921954720184,8.064576682063917,4.010779490187775,3.16904414706085
2016-03-13,Abu Dhabi,1.3557411882926713,8.057817569080356,4.0315721558933895,3.167865684562667
2016-03-20,Abu Dhabi,1.486473822572601,8.067017322434838,4.063496695661173,3.1718874818581564
2016-03-27,Abu Dhabi,1.4526489579944857,8.067243208933327,4.086283517888054,3.1715069933479816
2016-04-03,Abu Dhabi,1.4314904057804259,8.196748795657214,4.256109564767362,3.2025598559908
2016-04-10,Abu Dhabi,1.4314904057804259,8.209624396935073,4.195105604530302,3.2064280537490015
2016-04-17,Abu Dhabi,1.4584030219882689,8.210996406332573,4.330636038572522,3.2063391957915655
2016-04-24,Abu Dhabi,1.4529270584252139,8.205393333955547,4.349722928296831,3.2056991284932845
2016-05-01,Abu Dhabi,1.440478930583042,8.213372798564157,4.365774002600255,3.2101313123868325
2016-05-08,Abu Dhabi,1.4324588825400242,8.224113049777582,4.313751273368414,3.216672873705949
2016-05-15,Abu Dhabi,1.4420078212843586,8.215391983841153,4.3263706666448805,3.2145250332986293
2016-05-22,Abu Dhabi,1.431329137578007,8.182464207186273,4.306725141010219,3.2073448838216296
2016-05-29,Abu Dhabi,1.4247523788568222,8.182993006792664,4.304696392838917,3.2071682494772893
2016-06-05,Abu Dhabi,1.4092516983830836,8.222060610249214,4.329263153623472,3.2271471472850295
2016-06-12,Abu Dhabi,1.4169284225715937,8.226296644315356,4.3877868341598445,3.2283719308849115
2016-06-19,Abu Dhabi,1.3966081772024195,8.233406118053596,4.326472861244989,3.231071417355512
2016-06-26,Abu Dhabi,1.40542202452535,8.242048244296875,4.337789173945702,3.2327171618287394
2016-07-03,Abu Dhabi,1.4184012313713257,8.160212327922071,4.228537756957427,3.1959952182530564
2016-07-10,Abu Dhabi,1.4723078688655025,8.155667102150806,4.193119720050566,3.1943047878905135
2016-07-17,Abu Dhabi,1.4780162990509915,8.148046235249367,4.2048598412050495,3.192448768650895
2016-07-24,Abu Dhabi,1.4808032409311458,8.144473750377681,4.189831727508058,3.1909706186593865
2016-07-31,Abu Dhabi,1.4750113796731181,8.152106479202693,4.14677115428315,3.1931919560569906
2016-08-07,Abu Dhabi,1.4751843465969583,8.402899400076667,4.305390258467867,3.2594810884047623
2016-08-14,Abu Dhabi,1.492197313094125,8.40626326975576,4.31396783571139,3.2599481833459505
2016-08-21,Abu Dhabi,1.5224583609585043,8.397312183321558,4.3295098646888075,3.2582433199348237
2016-08-28,Abu Dhabi,1.5254564859845958,8.392355015682254,4.33912090817521,3.2566814232905417
2016-09-04,Abu Dhabi,1.5379839728942575,8.447006903679641,4.381933469962798,3.2769499761201124
2016-09-11,Abu Dhabi,1.553922596223053,8.453367647219912,4.456223673659797,3.277782009707124
2016-09-18,Abu Dhabi,1.5669342855630173,8.44478025300522,4.429550424634068,3.276018154077037
2016-09-25,Abu Dhabi,1.563454326606177,8.44680603377173,4.452759346172222,3.276391430147135
2016-10-02,Abu Dhabi,1.5538568698195312,8.48643599749736,4.337266622167365,3.2868369100610053
2016-10-09,Abu Dhabi,1.5602599767440508,8.210051316156566,4.46705463227674,3.1932877783184797
2016-10-16,Abu Dhabi,1.570164963401805,8.209688394005695,4.49150140131851,3.1934826518428308
2016-10-23,Abu Dhabi,1.5904186551018915,8.210112192460798,4.480336292765532,3.19358531473705
2016-10-30,Abu Dhabi,1.5802388852580203,8.222789432799166,4.49222346470889,3.194349221287402
2016-11-06,Abu Dhabi,1.5802388852580203,8.229149999825196,4.396057657838654,3.195968324777762
2016-11-13,Abu Dhabi,1.5506483992225615,8.206674733381838,4.396981726378377,3.1904709327095007
2016-11-20,Abu Dhabi,1.5670686094874935,8.19597111061003,4.408880547090243,3.1878292488079434
2016-11-27,Abu Dhabi,1.5804448799559139,8.188593476130679,4.41710362100425,3.184254041203206
2016-12-04,Abu Dhabi,1.5836815983130528,16.690250940058828,4.7435840629223796,4.666803575675723
2016-12-11,Abu Dhabi,1.5906980732373839,16.70070806158897,4.909466112317631,4.663833175510755
2016-12-18,Abu Dhabi,1.5974462828447655,16.660386763641363,4.941596009442186,4.660039023033875
2016-12-25,Abu Dhabi,1.597516917517398,16.665857726593895,4.929347933168363,4.662518679375106
2017-01-01,Abu Dhabi,1.6046311646903941,17.369094843429924,5.074000025173853,6.8773502367734025
2017-01-08,Abu Dhabi,1.644945464076982,11.447259462454252,4.734723916128531,6.161093778845626
2017-01-15,Abu Dhabi,1.641043457504272,11.481613745926891,4.83950183797396,6.111866089057992
2017-01-22,Abu Dhabi,1.6408909796608844,11.479749008458016,4.8462462889087465,6.442339706961522
2017-01-29,Abu Dhabi,1.6412722505993895,11.47995222403176,4.864935278367748,6.313097487856645
2017-02-05,Abu Dhabi,1.6411958997834608,11.459753758649594,5.051658040998592,6.815038358952743
2017-02-12,Abu Dhabi,1.6604319889595303,11.4604366295341,5.1590921327059345,7.229428558341225
2017-02-19,Abu Dhabi,1.6922391544437896,11.461042417052113,5.1704400453637325,7.447997478973689
2017-02-26,Abu Dhabi,1.742361396703112,11.48688669343051,5.499560450210562,7.415329407334241
2017-03-05,Abu Dhabi,1.7433680200478128,11.400931183458988,5.576088278612237,7.16004355416
2017-03-12,Abu Dhabi,1.7717597420869344,11.385156093126051,5.612940990934136,5.800642658717972
2017-03-19,Abu Dhabi,1.791520600892985,11.393603594711864,5.660678057472309,7.116474433851221
2017-03-26,Abu Dhabi,1.7911202455602029,11.395503127982034,5.6906348266439,6.301450491267103
2017-04-02,Abu Dhabi,1.7910201786401716,11.469561131132943,5.737246163680399,7.075765190760167
2017-04-09,Abu Dhabi,1.8219191372729941,11.134689556808958,6.095015936836096,6.913391280129284
2017-04-16,Abu Dhabi,1.8381845595876158,11.143065185333487,6.069515328724652,6.917086762273083
2017-04-23,Abu Dhabi,1.8431311960577956,11.15706816086364,6.021705579056701,6.408661610206426
2017-04-30,Abu Dhabi,1.8123544480035432,11.12185514794365,6.036912593647083,6.735552895178874
2017-05-07,Abu Dhabi,1.812562808359297,11.006234194580928,6.10511053362584,5.747665094474847
2017-05-14,Abu Dhabi,1.8226620188230438,11.011407045311104,6.131562855402696,5.76671777492952
2017-05-21,Abu Dhabi,1.8133970724592001,11.05856200669042,6.16054249978092,6.586055214812143
2017-05-28,Abu Dhabi,1.8450122474509776,11.030185170241522,6.0640520141768945,6.511442834257101
2017-06-04,Abu Dhabi,1.8339349510171532,11.05984179030557,6.091185460354675,6.006254337438205
2017-06-11,Abu Dhabi,1.706358855582986,11.04273684218767,6.034608750435504,5.976011907404903
2017-06-18,Abu Dhabi,1.7190045234927607,11.03864177069905,6.110773226535627,6.73178662832684
2017-06-25,Abu Dhabi,1.6978609727678893,11.036521863235704,6.12838590800939,6.109277861639682
2017-07-02,Abu Dhabi,1.6979452273713287,11.167503183276748,6.2545301679564185,6.8098639041527305
2017-07-09,Abu Dhabi,1.6694178574203202,11.167189250369264,6.295687667579108,5.908737258866389
2017-07-16,Abu Dhabi,1.685352432401832,11.17680513860031,6.316093128738267,6.509291686777026
2017-07-23,Abu Dhabi,1.6894908883395514,11.183529918408416,6.358530114770903,6.742492009937351
2017-07-30,Abu Dhabi,1.6894908883395514,11.17985851103805,6.449441679282586,6.602978898797889
2017-08-06,Abu Dhabi,1.6952527816422331,11.178236310431863,6.670101602739489,6.83686102953543
2017-08-13,Abu Dhabi,1.6852699747511055,11.183924473993493,6.681151662019143,6.839325433419178
2017-08-20,Abu Dhabi,1.6851874468049561,11.179193024234218,6.566479803499397,6.83652015735382
2017-08-27,Abu Dhabi,1.692991035926139,11.189042477157797,6.546718974057637,6.839668028413569
2017-09-03,Abu Dhabi,1.7018387922725593,11.132975936046916,6.456989960584037,6.797439674935611
2017-09-10,Abu Dhabi,1.675624146134144,11.137151274090192,6.451272693466308,6.716566171082449
2017-09-17,Abu Dhabi,1.6769223821376844,11.106407361428104,6.536811713548595,6.786766624838387
2017-09-24,Abu Dhabi,1.6248800587256276,11.104711899873582,6.586250942274699,6.786348758311431
2017-10-01,Abu Dhabi,1.6328672658365244,11.10109009512837,6.8377489600613846,6.785129060388977
2017-10-08,Abu Dhabi,1.6441781824488972,11.303826821482035,6.562042849628022,6.938923650230986
2017-10-15,Abu Dhabi,1.6455599720144438,11.286822041530066,6.612120987560301,6.932131265786946
2017-10-22,Abu Dhabi,1.6487197671637466,11.270984482227249,6.646750712304794,6.9257524474706464
2017-10-29,Abu Dhabi,1.6275549451577007,11.274570412422523,6.660747395968708,6.9272928048312945
2017-11-05,Abu Dhabi,1.639064335637406,11.27563184417143,6.877968406344938,6.895210719526075
2017-11-12,Abu Dhabi,1.6038443252812202,11.29101177471773,7.026441065849784,6.655780684447973
2017-11-19,Abu Dhabi,1.5968103199618686,11.277586524990571,6.945988280513113,6.89101726317009
2017-11-26,Abu Dhabi,1.6081492572190348,11.285629743669713,7.039316151661945,6.8930798511390075
2017-12-03,Abu Dhabi,1.6257703805824566,12.134602959588864,8.336842048340682,7.779307062797115
2017-12-10,Abu Dhabi,1.6029158666595045,12.137539052334189,8.210154594575053,7.778813562909387
2017-12-17,Abu Dhabi,1.6383809502540623,12.128851109091338,8.230328725332674,7.773091197680141
2017-12-24,Abu Dhabi,1.6465599623077138,12.117098346802209,8.158776549011767,7.769024583922048
2017-12-31,Abu Dhabi,1.6485652234548303,12.100578580476183,8.185473983780122,7.762385223213437
2018-01-07,Abu Dhabi,1.6538433290828816,17.847947350520236,9.342005323900544,7.780813274600204
2018-01-14,Abu Dhabi,1.7138593680733583,17.853567301710978,9.331860398171964,7.782712963469169
2018-01-21,Abu Dhabi,1.7146411293245298,17.846550937321535,9.33649317975487,7.780807876565647
2018-01-28,Abu Dhabi,1.7241097192952481,17.840666217921054,9.427252804002514,7.779192687670677
2018-02-04,Abu Dhabi,1.7265913553294912,18.745524608550543,9.7324457188643,7.939392530498109
2018-02-11,Abu Dhabi,1.696176871365999,18.737508154657903,9.746776343870437,6.419295849073739
2018-02-18,Abu Dhabi,1.6851050958776332,18.575649105797325,9.691651593974218,7.073082305539887
2018-02-25,Abu Dhabi,1.687086772781469,18.561356099564932,9.68320753383483,7.7510353623054895
2018-03-04,Abu Dhabi,1.6857649029569188,19.33256618380966,9.635474788613662,7.282936634304193
2018-03-11,Abu Dhabi,1.6860125312767569,19.3707866509576,9.642929783696276,7.267984591265457
2018-03-18,Abu Dhabi,1.694330221807804,19.32989019038164,9.636826138384144,7.710133698233515
2018-03-25,Abu Dhabi,1.6613794990698374,19.32995469021384,9.61061031389802,6.9345494789752795
2018-04-01,Abu Dhabi,1.6546237614598949,19.299015397901577,9.648532366350944,6.925798076950561
2018-04-08,Abu Dhabi,1.6511205768411972,17.280818587936587,8.9214113012488,7.35302730138039
2018-04-15,Abu Dhabi,1.633920580385857,17.257342486559228,8.926533171279067,6.484757597143527
2018-04-22,Abu Dhabi,1.6388364244489924,17.174465015882998,8.873011426791367,6.363567039002681
2018-04-29,Abu Dhabi,1.636789375173135,17.21056972156325,8.881499295009807,7.164185561941913
2018-05-06,Abu Dhabi,1.6235473374235796,18.038250246676753,8.88005329665188,7.073965761528053
2018-05-13,Abu Dhabi,1.6312159557343597,18.018880717458227,8.892754968186276,7.1749773217169155
2018-05-20,Abu Dhabi,1.6294946510870034,18.001782755104855,8.908745941274438,7.29850316740104
2018-05-27,Abu Dhabi,1.6438716658104955,18.021338376659685,9.01193744476277,6.684866275016005
2018-06-03,Abu Dhabi,1.6414247539520423,17.956512273658188,9.020712322929263,6.520673962517574
2018-06-10,Abu Dhabi,1.644024941869503,17.96068538144302,9.148292943941591,6.762064669774324
2018-06-17,Abu Dhabi,1.6222914117977674,17.930852982296493,9.204305874408984,6.7415981356571635
2018-06-24,Abu Dhabi,1.6125588630985235,17.931344857557384,9.174787143861863,7.267714526133462
2018-07-01,Abu Dhabi,1.6072137529540425,17.937442109772192,9.186335066371674,6.854485485541513
2018-07-08,Abu Dhabi,1.6346740592648366,17.986995845003353,9.31947389420863,6.698139715887984
2018-07-15,Abu Dhabi,1.6483334865183357,17.973673970948735,9.1994092376184,6.832051824506993
2018-07-22,Abu Dhabi,1.6357307028510093,17.953106545857008,9.164709104212234,7.202103150372465
2018-07-29,Abu Dhabi,1.6323412581169536,17.946267909056523,9.38906184895385,7.468960186951943
2018-08-05,Abu Dhabi,1.6338452041242246,18.161144830929835,9.391517897689027,7.277151942459654
2018-08-12,Abu Dhabi,1.625250902061369,18.167579405813616,9.368674071436113,7.320430355194508
2018-08-19,Abu Dhabi,1.6154686724810476,18.16554077629524,9.542522614867822,7.249558379829956
2018-08-26,Abu Dhabi,1.6342972336750747,18.16762485111919,9.751926079119542,7.898244510255472
2018-09-02,Abu Dhabi,1.641043457504272,18.23826779862196,9.950768933495612,7.425483271357866
2018-09-09,Abu Dhabi,1.635881811177001,17.646371534409795,10.167610402327092,7.068498276137271
2018-09-16,Abu Dhabi,1.6372436594086552,17.67370541767467,10.15123796539314,6.981407813699072
2018-09-23,Abu Dhabi,1.6194939040345155,17.66915053090434,10.329299092005009,7.039536232335934
2018-09-30,Abu Dhabi,1.64702208875053,17.667139702113886,10.384124060478774,6.895450922293154
2018-10-07,Abu Dhabi,1.6349003943189215,18.620078446280328,11.057610090495656,6.42859600487175
2018-10-14,Abu Dhabi,1.598932829227298,18.625567158118763,10.902786891853172,6.678119429501312
2018-10-21,Abu Dhabi,1.5869362712214319,18.63438419312365,10.904636510134376,6.749147217134614
2018-10-28,Abu Dhabi,1.5916074028604663,18.629433513299773,10.549281299778071,6.374940865527702
2018-11-04,Abu Dhabi,1.5983661224663697,16.549554636930303,10.237361322365896,5.921979394653116
2018-11-11,Abu Dhabi,1.5997130498548395,16.555580339794428,9.921367149401997,5.382043172916644
2018-11-18,Abu Dhabi,1.5931493796741858,16.582284011084585,9.879504433100198,4.551580584380618
2018-11-25,Abu Dhabi,1.5893716929767752,16.585914410608222,9.612301919281332,2.760064273332908
2018-12-02,Abu Dhabi,1.5888141850217923,19.786416665020713,10.707952773242551,3.116140081454102
2018-12-09,Abu Dhabi,1.5951881545418432,19.177351542304063,9.675732172749548,4.436153395094438
2018-12-16,Abu Dhabi,1.6022738343107563,19.2124723729676,9.419386267177634,4.366847229712301
2018-12-23,Abu Dhabi,1.5807195832251606,19.19668770339057,9.408319481702735,3.448797983592077
2018-12-30,Abu Dhabi,1.588048381898014,19.20222594894036,9.437755359074638,3.3549430684365023
2019-01-06,Abu Dhabi,1.5789359260051294,8.794806394667544,6.445832572798334,3.0397023676338377
2019-01-13,Abu Dhabi,1.5866585037380332,8.791722841661837,6.435761470171395,4.0065783291631725
2019-01-20,Abu Dhabi,1.6091583357613233,8.788413593251125,6.440649913119116,4.727571022994413
2019-01-27,Abu Dhabi,1.6276294999231202,8.789185044540265,6.421407467499427,4.792213328872421
2019-02-03,Abu Dhabi,1.6415773743511362,8.656077282434724,6.3774918960646385,5.228099451044906
2019-02-10,Abu Dhabi,1.6454062060975738,8.660629026000024,6.3848709483755535,5.379010372064217
2019-02-17,Abu Dhabi,1.6441781824488972,8.680168367185702,6.4114465146206845,5.974293686267512
2019-02-24,Abu Dhabi,1.6450221645810932,8.682471440390081,6.4329264195043665,5.894680234085061
2019-03-03,Abu Dhabi,1.668216850785471,8.626192535379115,6.387489687322685,5.7516077357848925
2019-03-10,Abu Dhabi,1.65885624132589,8.628014093453999,6.393721938351565,5.862055819626454
2019-03-17,Abu Dhabi,1.6723916057529775,8.63659357952719,6.404856128478351,6.625002431609434
2019-03-24,Abu Dhabi,1.636411080178814,8.644050597192553,6.4575875872439035,6.294193140233084
2019-03-31,Abu Dhabi,1.6432589729671105,8.65850497135866,6.4078473325621665,6.534353494875025
2019-04-07,Abu Dhabi,1.6467138858048664,9.03975305642777,6.659560719887579,7.342909786693504
2019-04-14,Abu Dhabi,1.6610634861214522,9.04953782059519,6.694598514781482,6.908745855773349
2019-04-21,Abu Dhabi,1.6688571121136957,9.075335008848072,6.7490203024125295,6.908649639869008
2019-04-28,Abu Dhabi,1.6711840921671215,9.086055829366442,6.762536288379177,5.703900075983181
2019-05-05,Abu Dhabi,1.6749760695973492,9.083088641202718,6.744817294426776,6.06828168901724
2019-05-12,Abu Dhabi,1.6716667548325996,9.102357520227354,6.74728698760952,5.505078778738991
2019-05-19,Abu Dhabi,1.6565793537451685,9.118141937978242,6.791493290735801,6.173522231838939
2019-05-26,Abu Dhabi,1.6515087549233498,9.112798385576298,6.694747966303921,5.43850554181095
2019-06-02,Abu Dhabi,1.6425704787951205,9.126274388502042,6.624755993247587,3.6263378203073846
2019-06-09,Abu Dhabi,1.6485652234548303,9.127930291043713,6.434239263277252,4.604754556971831
2019-06-16,Abu Dhabi,1.6483334865183357,9.129190438247525,6.452915852847052,4.072175750448898
2019-06-23,Abu Dhabi,1.6497252478886517,9.138317774301823,6.464951712184673,4.167044589662313
2019-06-30,Abu Dhabi,1.651664022706664,9.146357290323351,6.510434863720521,4.51226463599938
2019-07-07,Abu Dhabi,1.6741672044630833,8.907099203729604,6.0097485233472545,5.145763809350509
2019-07-14,Abu Dhabi,1.6746524325112513,8.917495703208461,6.056228839207815,5.944667395899654
2019-07-21,Abu Dhabi,1.6844460654989197,8.929904652070551,6.026822750543318,5.127862664482047
2019-07-28,Abu Dhabi,1.7482443545202928,8.913285708410646,6.038325145429501,5.568786928007847
2019-08-04,Abu Dhabi,1.7456627380382397,8.943342622397871,6.041890314113186,5.025126014892119
2019-08-11,Abu Dhabi,1.7359084723518468,8.956258592241952,6.002748942980396,5.103145615810175
2019-08-18,Abu Dhabi,1.7411742324290946,8.974595454958683,6.01702460892042,5.132570189825153
2019-08-25,Abu Dhabi,1.7495398637924948,8.96841753273019,6.032455842613797,5.100032528796099
2019-09-01,Abu Dhabi,1.7605829865918055,8.962548212216392,6.025319101607677,5.632242922724398
2019-09-08,Abu Dhabi,1.807894341643543,9.102123869980332,6.006269393045597,5.495752487371304
2019-09-15,Abu Dhabi,1.8223435732152393,9.03732456017574,6.022497422737426,5.082919885241587
2019-09-22,Abu Dhabi,1.7643780220457048,9.051918168466836,5.93301205697484,4.558027120271541
2019-09-29,Abu Dhabi,1.720408132731481,9.073926943366107,5.890062011774346,4.582936373106469
2019-10-06,Abu Dhabi,1.7062732296269028,9.086972900219676,5.699120445610127,4.528535978208499
2019-10-13,Abu Dhabi,1.7118666301386452,9.053775292788425,5.712830804678626,4.471296639032319
2019-10-20,Abu Dhabi,1.756438773516348,9.075327212544076,5.728280175058359,4.952064178554425
2019-10-27,Abu Dhabi,1.76714635963059,9.063285430832824,5.809091153202102,5.242654369375979
2019-11-03,Abu Dhabi,1.7777777454141215,9.221649299378615,5.876069737906167,5.41246842028995
2019-11-10,Abu Dhabi,1.802039653489359,9.208947262422733,5.9584861319435145,5.954885095468603
2019-11-17,Abu Dhabi,1.8008152561608397,9.213182536672976,5.97811670197828,5.770377201389543
2019-11-24,Abu Dhabi,1.8213890733354619,9.204596573964416,6.064883560860578,5.775019312744763
2019-12-01,Abu Dhabi,1.8189576298012105,9.19681176184223,6.091131751059255,5.008065316864924
2019-12-08,Abu Dhabi,1.8172727851414108,9.246242271488605,6.269079991224133,6.293045910454227
2019-12-15,Abu Dhabi,1.8629435129488694,9.25485145881796,6.3947773934898935,7.052429327164543
2019-12-22,Abu Dhabi,1.8899157327234892,9.253297884424152,6.448028412921435,7.366706127772289
2019-12-29,Abu Dhabi,1.890278672011461,9.250119899860907,6.4756509298505405,7.468796778283897
2020-01-05,Abu Dhabi,1.8695260079353684,14.39608539825722,7.58130594175573,5.908225548295985
2020-01-12,Abu Dhabi,1.8490182281980962,14.406063383699747,7.618130180746947,6.227199851745564
2020-01-19,Abu Dhabi,1.8456778841494283,14.395537201548697,7.581119390743311,6.614562893254513
2020-01-26,Abu Dhabi,1.860082717189818,14.39954314739298,7.569384756987561,5.41668951806022
2020-02-02,Abu Dhabi,1.8336094836739358,15.34764708742716,7.573213094344084,4.530264471319702
2020-02-09,Abu Dhabi,1.8385128881662345,15.307845067631234,6.807432219064922,4.983693887486434
2020-02-16,Abu Dhabi,1.8549726923437895,15.310766000124849,6.803575558183877,5.238248978823071
2020-02-23,Abu Dhabi,1.8541822142616557,15.320479470194831,6.801574597847024,5.256706063596924
2020-03-01,Abu Dhabi,1.7647589101534291,14.712595320898943,6.812142101909967,3.4849928707206312
2020-03-08,Abu Dhabi,1.687086772781469,13.740184276310428,6.493578427067256,2.8448889899638883
2020-03-15,Abu Dhabi,1.409667104445829,13.742199934783857,3.902815704406967,2.8075100862725426
2020-03-22,Abu Dhabi,1.2289406030816286,13.676581368231432,3.798331954979363,2.835069190019576
2020-03-29,Abu Dhabi,1.346678741194851,13.68451853103674,2.919472292533286,2.8383393861805186
2020-04-05,Abu Dhabi,1.314761527850727,13.619237983819248,1.9097168844624557,2.8022713413864304
2020-04-12,Abu Dhabi,1.2712565577952062,13.541547808521496,1.7814346990658978,2.7942363933102263
2020-04-19,Abu Dhabi,1.2708778322767063,13.555961181714158,1.6704636812642375,2.7590523269452754
2020-04-26,Abu Dhabi,1.2808366318709354,13.540327857455877,1.4238431376054292,2.801291592458533
2020-05-03,Abu Dhabi,1.287184482427385,13.730631036959243,1.3059817386702717,2.7831575605291987
2020-05-10,Abu Dhabi,1.3341238316886053,13.735048475085222,1.317270298663061,2.764442683470537
2020-05-17,Abu Dhabi,1.3713099420624264,13.731297972656575,1.3152629198115648,2.706268913508153
2020-05-24,Abu Dhabi,1.4258170123227725,13.720866326844185,1.324767870791497,2.719690102703739
2020-05-31,Abu Dhabi,1.4340222367252744,13.745371845020555,1.2986369559647744,2.7493162066732637
2020-06-07,Abu Dhabi,1.5435723054204622,13.957394958487656,1.3016414387964597,2.853379800466966
2020-06-14,Abu Dhabi,1.5250182677288855,13.966622433398271,1.290935196076026,2.7409669376098047
2020-06-21,Abu Dhabi,1.5549083123584682,13.96657224734748,1.3053720150314854,3.0577587318415267
2020-06-28,Abu Dhabi,1.5503888713050897,13.967982984613627,1.3015200710658077,2.868770874542348
2020-07-05,Abu Dhabi,1.5824398260298045,12.538770662184296,1.2867801953430462,2.7558621885103136
2020-07-12,Abu Dhabi,1.626067436159036,12.540687544153815,1.283751144402615,3.515800198446564
2020-07-19,Abu Dhabi,1.6494930383030533,12.542259971344915,1.2841311120478929,4.535237421769907
2020-07-26,Abu Dhabi,1.6944977625985957,12.55112445801532,1.2736973708810564,4.259858345104949
2020-08-02,Abu Dhabi,1.6983440706132935,12.615300691824563,1.2759848288279234,4.025654770317564
2020-08-09,Abu Dhabi,1.7076447488230222,12.503661737428889,1.2846966807027522,5.020409281768613
2020-08-16,Abu Dhabi,1.7239328874994204,12.51217991490355,1.2838594620350716,5.406640191086733
2020-08-23,Abu Dhabi,1.7610558287392128,12.515246654845027,1.2795161439415952,5.662112936867506
2020-08-30,Abu Dhabi,1.7633317014795569,12.523373193631638,1.2822259688706446,5.975924100273178
2020-09-06,Abu Dhabi,1.7805178627601665,12.613022667353167,1.272724291551724,4.136416032576424
2020-09-13,Abu Dhabi,1.7784613659891524,12.689622270745875,1.2645491350399705,3.542250307141133
2020-09-20,Abu Dhabi,1.7794397180470543,12.690058404216405,1.2845956186998737,4.773031370508285
2020-09-27,Abu Dhabi,1.688328864142672,12.711529430740816,1.283861034741456,4.454026735712364
2020-10-04,Abu Dhabi,1.7093640434932869,12.300537539090966,1.268996028348564,3.101306672090967
2020-10-11,Abu Dhabi,1.8148601085060363,12.316099917719583,1.2792618717012303,4.244004828202813
2020-10-18,Abu Dhabi,1.811521827083343,12.338023970843366,1.2836744748621054,4.052657940509293
2020-10-25,Abu Dhabi,1.807481465563703,12.339613420559292,1.2831649035559771,3.8151683666221072
2020-11-01,Abu Dhabi,1.7361794178226606,12.925009040341132,1.25588006915969,2.641447307520614
2020-11-08,Abu Dhabi,1.8299348136314113,12.931567104269082,1.2679937675994506,3.0821367327867124
2020-11-15,Abu Dhabi,1.8551988454872372,12.936676111618764,1.2796371481716613,3.628580437375856
2020-11-22,Abu Dhabi,1.8508087300872513,12.93926291101901,1.2899037996439493,4.061236156879261
2020-11-29,Abu Dhabi,1.8506965377088718,12.943923524715869,1.2997844438457853,3.8214045798797054
2020-12-06,Abu Dhabi,1.857237541846607,12.053504136658294,1.314732226121283,4.958637940317074
2020-12-13,Abu Dhabi,1.8570104974462969,12.056443575476536,1.3167237764176205,4.78710557495299
2020-12-20,Abu Dhabi,1.8573509311057987,12.058508976720525,1.3165738954368744,5.147481556883543
2020-12-27,Abu Dhabi,1.8462330285208173,12.05611491591664,1.3136574710342683,5.146132559879322
2021-01-03,Abu Dhabi,1.8461218189695334,5.256277407225781,1.1154926838433468,4.118372141650751
2021-01-10,Abu Dhabi,1.8355652224199852,5.25554942210398,1.1281466495758816,4.184435869798227
2021-01-17,Abu Dhabi,1.8242576783626683,5.257094643482375,1.1156767477653782,3.725737607553566
2021-01-24,Abu Dhabi,1.8244707993493208,5.2566160891180695,1.1224305918158424,4.238386930805405
2021-01-31,Abu Dhabi,1.8245773922583108,5.254955797037663,1.130944331074396,3.74703188869532
2021-02-07,Abu Dhabi,1.8247906429566165,5.2689432259450655,1.152924955810691,4.490759061566662
2021-02-14,Abu Dhabi,1.825004086917739,5.2689432259450655,1.1601923450987055,4.59347935227914
2021-02-21,Abu Dhabi,1.8253241486290832,5.266134187807579,1.1602688685086855,4.101643431398658
2021-02-28,Abu Dhabi,1.8242576783626683,5.298881996672661,1.169732904987612,3.5541971157404184
2021-03-07,Abu Dhabi,1.8247906429566165,5.373219306416831,1.1811104484134756,4.319074815963003
2021-03-14,Abu Dhabi,1.8252172974157386,5.371721635166402,1.3130199122200488,4.196339267339442
2021-03-21,Abu Dhabi,1.8247906429566165,5.379672232962284,1.3069505056986706,3.424331042426045
2021-03-28,Abu Dhabi,1.7836667723524218,5.379883696713062,1.4518799647996854,3.373947116746447
2021-04-04,Abu Dhabi,1.7282817294402293,5.3819083974597275,2.0173295740847856,3.835306424353786
2021-04-11,Abu Dhabi,1.7642829133814573,5.388995761682177,2.113896486757562,3.950220243764226
2021-04-18,Abu Dhabi,1.7643780220457048,5.38800744927094,2.231913704583756,4.852623591341409
2021-04-25,Abu Dhabi,1.7646637343805434,5.387612351586018,2.6297016047173143,4.008999268518196
2021-05-02,Abu Dhabi,1.7643780220457048,5.38980247092432,3.3417641806395455,4.050267789858643
2021-05-09,Abu Dhabi,1.7640924608045152,5.402148663519487,3.3765167574794543,4.224178728437451
2021-05-16,Abu Dhabi,1.7836667723524218,5.400948216451953,3.677854701051993,4.382239770581257
2021-05-23,Abu Dhabi,1.7838640904265173,5.404064553247806,3.666936359464478,4.0075216355929015
2021-05-30,Abu Dhabi,1.7839629248646123,5.4028600868507715,3.7824120650610977,4.82072792975274
2021-06-06,Abu Dhabi,1.7836667723524218,5.401483490669672,4.215671026623486,5.114464414661117
2021-06-13,Abu Dhabi,1.7844566791630356,5.401483490669672,4.249475915247917,4.980272827212285
2021-06-20,Abu Dhabi,1.7836667723524218,5.396386830105008,4.343334053883749,4.747861666672792
2021-06-27,Abu Dhabi,1.7837653729431677,5.3960549901107795,4.357408889111049,5.188399744753025
2021-07-04,Abu Dhabi,1.783173450030636,5.545502652486782,4.448963488119917,4.872865005070759
2021-07-11,Abu Dhabi,1.7841602533850658,5.54505129407506,4.464518557176202,4.255614170200588
2021-07-18,Abu Dhabi,1.7837653729431677,5.544753173121032,4.411729051425326,4.238201237183906
2021-07-25,Abu Dhabi,1.7838640904265173,5.546929618690078,4.461568800437867,4.686890561297295
2021-08-01,Abu Dhabi,1.7834693296775077,5.545377420686178,4.467244449638218,4.877635927042294
2021-08-08,Abu Dhabi,1.7842591425346042,5.565866759148205,4.3806998412521185,4.0052541254110565
2021-08-15,Abu Dhabi,1.7835679925761827,5.5667019474749395,4.381466604663102,4.458538880245725
2021-08-22,Abu Dhabi,1.7839629248646123,5.569222408443596,4.39167744325402,3.847481301352532
2021-08-29,Abu Dhabi,1.7834693296775077,5.56741325071882,4.411240434784195,4.603957575775965
2021-09-05,Abu Dhabi,1.7839629248646123,5.57644933463252,4.431650841966383,4.344360642400505
2021-09-12,Abu Dhabi,1.7841602533850658,5.57644933463252,4.461928856758468,4.847092051604145
2021-09-19,Abu Dhabi,1.8354564810349454,5.577706507742117,4.5133875777373165,5.0502830477572385
2021-09-26,Abu Dhabi,1.7929245674720318,5.575974664681371,4.395561282247211,4.772296483877561
2021-10-03,Abu Dhabi,1.792422726376139,5.639863870231717,4.474966707894735,4.312230158776685
2021-10-10,Abu Dhabi,1.7932258990498198,5.641761523462979,4.508007695608985,4.2291867086270605
2021-10-17,Abu Dhabi,1.7937284972389242,5.636048318160337,4.505970277877315,4.797201309485956
2021-10-24,Abu Dhabi,1.7929245674720318,5.63466939630057,4.527003696353727,4.377029801134271
2021-10-31,Abu Dhabi,1.7927237743434907,5.632392214674693,4.660815156387355,4.231855483631445
2021-11-07,Abu Dhabi,1.7922222224052466,5.646295641558595,4.647091085915215,4.282544109283462
2021-11-14,Abu Dhabi,1.7930248919709297,5.641943363278081,4.682813437041043,4.521334969452501
2021-11-21,Abu Dhabi,1.7928241614540832,5.640066861232618,4.658702909903634,4.373967555001635
2021-11-28,Abu Dhabi,1.790320135242264,5.63723964216935,4.6371146644578705,2.3438436766649033
2021-12-05,Abu Dhabi,1.7919212569411245,5.732491439341468,4.748574501283108,2.437082449945785
2021-12-12,Abu Dhabi,1.7923224148152865,5.730635572637557,4.756786170170089,3.4412353293931317
2021-12-19,Abu Dhabi,1.7930248919709297,5.73016573414374,4.763824890080364,3.262133273782238
2021-12-26,Abu Dhabi,1.7928241614540832,5.724783449185506,4.7878527847263515,3.681183510484942
2022-01-02,Abu Dhabi,1.7929245674720318,29.360692272415072,9.922549233082831,3.785065977661701
2022-01-09,Abu Dhabi,1.7933262802858372,24.551116866328083,9.968328316229035,4.225127712820107
2022-01-16,Abu Dhabi,1.765044824175337,24.28644963077364,10.30470930455054,3.7056255593341576
2022-01-23,Abu Dhabi,1.7635217908865717,24.081240023190414,10.365249872730477,3.5499180358395774
2022-01-30,Abu Dhabi,1.7639972121243577,23.28568531140541,10.435241157490834,3.0659488465854845
2022-02-06,Abu Dhabi,1.729352022224048,24.142077336042533,10.592399629247256,3.4111005658310103
2022-02-13,Abu Dhabi,1.709536266897803,23.317435900012462,10.583566735997298,3.081107931588798
2022-02-20,Abu Dhabi,1.7102257830544036,23.329334104504436,10.590557415141488,2.7617985495599977
2022-02-27,Abu Dhabi,1.7106569407386376,23.062729582295095,10.200553451163431,2.9201882754791733
2022-03-06,Abu Dhabi,1.6927401290385333,23.80639956146184,9.630603792891767,2.102357642436529
2022-03-13,Abu Dhabi,1.6935764503887736,23.147025559980875,9.614057886446885,2.1411834836099244
2022-03-20,Abu Dhabi,1.7362699135022042,23.03023730078572,9.21803087483172,2.1229861671375216
2022-03-27,Abu Dhabi,1.7559698509789567,20.629069615281825,8.8086051523468,2.0988311133718027
2022-04-03,Abu Dhabi,1.7372653592959357,20.80152442432872,5.574121249158068,2.536850995148804
2022-04-10,Abu Dhabi,1.7751486724366878,20.67768122954564,5.419963146883971,2.59606245685279
2022-04-17,Abu Dhabi,1.7698325035202696,20.661553984191745,5.3241370654439555,2.5936318954160633
2022-04-24,Abu Dhabi,1.7604883543099905,20.012523494620577,5.294756201776228,2.6944471545879107
2022-05-01,Abu Dhabi,1.6964290779911622,20.00259847547728,5.283290079439133,2.5751933702748766
2022-05-08,Abu Dhabi,1.6477930563184788,20.83652296997315,5.283039899945087,2.4587826045978987
2022-05-15,Abu Dhabi,1.6108922090165696,20.801474666917628,5.2818500539655675,2.663852260991741
2022-05-22,Abu Dhabi,1.6031299398606358,20.811019379430164,5.286278152723306,2.69287213092243
2022-05-29,Abu Dhabi,1.6326417319478503,20.744186539442193,5.3228397714747135,2.8914390076799603
2022-06-05,Abu Dhabi,1.6675773152018816,19.873533610901777,5.207757375977984,2.9863539720997396
2022-06-12,Abu Dhabi,1.649338284535036,18.24540606455211,5.069175376474797,3.2378166820282455
2022-06-19,Abu Dhabi,1.6328671906688386,17.611827791667082,4.970932924579375,2.710160226853259
2022-06-26,Abu Dhabi,1.6404337139486884,17.592965896489474,4.930806321177003,2.870628268961467
2022-07-03,Abu Dhabi,1.6095913361169276,17.5192334632007,4.936539035701173,2.71566050966797
2022-07-10,Abu Dhabi,1.5934301066276981,17.324449393788882,4.899115733992526,2.533699506922396
2022-07-17,Abu Dhabi,1.5755888538845055,17.167623022451057,4.853070751464393,2.54068090108838
2022-07-24,Abu Dhabi,1.581888799908269,17.038293926281984,4.873099530225268,2.8069341087719577
2022-07-31,Abu Dhabi,1.632716950155316,17.021756668532138,4.880566517995424,2.9348345481981832
2022-08-07,Abu Dhabi,1.689573887645947,17.11704082175662,4.310325282375512,2.7493142672922724
2022-08-14,Abu Dhabi,1.7579419644541376,17.104542029143833,4.303999746964199,3.1270346149615076
2022-08-21,Abu Dhabi,1.7494471389743447,17.121055200725642,4.292355799734708,2.6464590367080523
2022-08-28,Abu Dhabi,1.7536313023134746,17.076836491509546,4.277555305355258,2.8654694333812873
2022-09-04,Abu Dhabi,1.7568142039016728,16.610947204263592,4.1382504172886385,2.3898164604560925
2022-09-11,Abu Dhabi,1.7680083656807264,16.421335531138386,4.127842000024844,2.674482967341447
2022-09-18,Abu Dhabi,1.7717597420869344,16.003011179818863,4.148016031021689,2.7497906160606735
2022-09-25,Abu Dhabi,1.7220796653755936,15.867305351196444,4.169627216258972,2.5118913203895916
2022-10-02,Abu Dhabi,1.6715058213265208,15.910972224320767,4.179392885992479,2.2631305455181354
2022-10-09,Abu Dhabi,1.6800176880629962,15.83737854625854,4.146577039631112,2.353304425132366
2022-10-16,Abu Dhabi,1.6108922090165696,15.554339193775078,4.105866092839981,2.522712519647056
2022-10-23,Abu Dhabi,1.6098801105709368,15.56105647677845,4.124250384136626,2.7244344188576437
2022-10-30,Abu Dhabi,1.6639932039172827,15.519525253382245,4.124245196043835,2.682630556207
2022-11-06,Abu Dhabi,1.66693842370045,15.56262745336772,4.123229728282093,2.7643999181237584
2022-11-13,Abu Dhabi,1.7580361525211443,15.260562433484845,4.125191850028134,3.233736801569262
2022-11-20,Abu Dhabi,1.758601060023354,15.21124128349367,3.9149860499601448,2.884757970263095
2022-11-27,Abu Dhabi,1.7768024158614215,15.207601054033328,3.856285349291461,2.5846343348739165
2022-12-04,Abu Dhabi,1.7819914652038586,13.806499045697931,3.854759504306372,3.031495317134304
2022-12-11,Abu Dhabi,1.7582244836807466,13.809022855763526,3.791611874495356,2.9355942451370183
2022-12-18,Abu Dhabi,1.7766077766632122,13.71553249219253,3.7820503112446184,3.350878946166297
2022-12-25,Abu Dhabi,1.7774849897091358,13.708662561575606,3.802712937057724,3.454949924127932
2023-01-08,Abu Dhabi,1.7941308167274805,5.971147314011646,3.4451018748300632,2.751768277541879
2023-01-15,Abu Dhabi,1.8082042876194688,5.973475355520869,3.453911069587394,2.7538627790534824
2023-01-22,Abu Dhabi,1.8028573875813918,5.974986005359768,3.459135504246017,2.754882253599048
2023-01-29,Abu Dhabi,1.8073781678395913,5.983793588131957,3.4732455815628347,2.757491695903186
2023-02-05,Abu Dhabi,1.8309048785605593,5.988592438523883,3.456937872581277,2.764136666921942
2023-02-12,Abu Dhabi,1.8127711466682983,5.988867084042631,3.466870683103912,2.7632995640396363
2023-02-19,Abu Dhabi,1.8117297553459064,5.97835028786276,3.43739951538299,2.758398897440786
2023-02-26,Abu Dhabi,1.8196964466919379,5.976984406169095,3.47873043002373,2.7574052057819114
2023-03-05,Abu Dhabi,1.8440156614238856,5.960744803135648,3.5314530300995166,2.764905131193943
2023-03-12,Abu Dhabi,1.8403772165133807,5.9745396525173415,3.5321487824016993,2.7720625024837844
2023-03-19,Abu Dhabi,1.7947352188307875,5.887823632766767,3.5544027641699394,2.7718376908704845
2023-03-26,Abu Dhabi,1.747874893854088,5.9361121866586934,3.617715557385425,2.783006068665557
2023-04-02,Abu Dhabi,1.8162223799358603,5.875666895966578,4.199218533106108,2.7653606356261355
2023-04-09,Abu Dhabi,1.8143370927988243,5.804782101547604,4.102468231312294,2.740380034562792
2023-04-16,Abu Dhabi,1.834803637423419,5.783467097507377,4.167956394981992,2.733099543067623
2023-04-23,Abu Dhabi,1.8228743876283855,5.802131880950753,4.124973823925128,2.7378734253698234
2023-04-30,Abu Dhabi,1.8108980131541004,5.801912261196598,4.131206167815394,2.737684671196656
2023-05-07,Abu Dhabi,1.7981719342914044,5.7724149451798,4.11940312651959,2.743087975940411
2023-05-14,Abu Dhabi,1.7986588236351801,5.769889113079536,4.1139118276117435,2.741717217444255
2023-05-21,Abu Dhabi,1.812667019355794,5.722246144112869,4.115157268295755,2.725448270352147
2023-05-28,Abu Dhabi,1.8175880731840253,5.684871090900766,4.11463029139574,2.711345646512014
2023-06-04,Abu Dhabi,1.858146261342243,5.718437721834016,4.15255800095552,2.730012261817193
2023-06-11,Abu Dhabi,1.8567837792984045,5.783819706641708,4.2024303330159185,2.748356151481007
2023-06-18,Abu Dhabi,1.9112798953836472,5.809380070039686,4.235522998992653,2.754015499716965
2023-06-25,Abu Dhabi,1.902155224457291,5.807521015519008,4.275410432470669,2.752874201906608
2023-07-02,Abu Dhabi,1.875958046204075,5.7850443963783595,4.234127466547601,2.743529722302055
2023-07-09,Abu Dhabi,1.8443475711577326,5.808921677648042,4.230167152803874,2.7563687896888234
2023-07-16,Abu Dhabi,1.8780808752469982,5.828817609697752,4.184925880843563,2.764065851952383
2023-07-23,Abu Dhabi,1.8761935878372111,5.827531416005807,4.178608229048681,2.7624312027213267
2023-07-30,Abu Dhabi,1.886540438505936,5.8245715635470425,4.191619510643449,2.7610290321719293
2023-08-06,Abu Dhabi,1.8825913273125057,5.792720614635651,4.610189182049722,2.7239994889946493
2023-08-13,Abu Dhabi,1.8860602225845011,5.788461532335437,4.617072377357409,2.7220897854695054
2023-08-20,Abu Dhabi,1.8726733860261706,5.789546822893523,4.597265395613764,2.7225630975171407
2023-08-27,Abu Dhabi,1.879619541609103,5.784327220385452,4.682599352686852,2.7200280627243956
2023-09-03,Abu Dhabi,1.8854604362674041,5.833609028822182,4.814725818250587,2.752515073960214
2023-09-10,Abu Dhabi,1.8974693607233057,5.847258148929349,4.831727206904107,2.755351622170696
2023-09-17,Abu Dhabi,1.9097687194871906,5.886834707979235,4.842632360340825,2.765178824043867
2023-09-24,Abu Dhabi,1.8718556055382964,5.904143058190268,4.874023466736158,2.7691140129714262
2023-10-01,Abu Dhabi,1.8440156614238856,5.9026926923458864,4.999547309717716,2.767721804311892
2023-10-08,Abu Dhabi,1.8289664327201343,5.9224308526168645,4.760130198499327,2.7717772702678154
2023-10-15,Abu Dhabi,1.655405111707901,5.961880985709666,4.80936981330531,2.7811645329238224
2023-10-22,Abu Dhabi,1.6912381357400328,5.968614695395024,4.818648708858334,2.7832337868257016
2023-10-29,Abu Dhabi,1.7344647304522518,5.969531564779415,4.77173293622313,2.7832908143378794
2023-11-05,Abu Dhabi,1.7473208499398494,5.968811170335709,4.776051219680096,2.8054628947397102
2023-11-12,Abu Dhabi,1.8332840018005925,5.954381281647516,4.6885740519602725,2.798476648965395
2023-11-19,Abu Dhabi,1.8073781678395913,5.982260429017664,4.957085726978663,2.808966026314678
2023-11-26,Abu Dhabi,1.8287514795653788,5.979720565776797,5.0298031739033675,2.8076057102387755
2023-12-03,Abu Dhabi,1.8259650713908324,5.880456905982726,4.916535047928064,2.824009429147575
2023-12-10,Abu Dhabi,1.814023531892976,5.870183117832704,4.924953793940703,2.8200045572415897
2023-12-17,Abu Dhabi,1.8287514795653788,5.880649845368427,4.969190450959874,2.8262320919447825
2023-12-24,Abu Dhabi,1.8276781400836433,5.896477624648843,4.941931868221306,2.8336403154083913
2023-12-31,Abu Dhabi,1.8277852787568096,5.905990795876668,4.945475114268215,2.836771502476807
2024-01-07,Abu Dhabi,1.7821883636345517,7.688413691117974,5.255286967503365,4.99228417288476
2024-01-14,Abu Dhabi,1.776120903207125,7.701237128204182,5.289868819100749,4.358187531163858
2024-01-21,Abu Dhabi,1.7632367768636499,7.635089811325555,5.29249770698255,5.037182772439641
2024-01-28,Abu Dhabi,1.797563923454216,7.64491156284506,5.2668215269286875,5.21089937891294
2024-02-04,Abu Dhabi,1.8472339833981386,7.653909551375475,5.302105177426901,5.279228012628101
2024-02-18,Abu Dhabi,1.839937925824787,7.646486510500669,5.384565765576239,5.640892970571096
2024-02-25,Abu Dhabi,1.8667440710150836,7.649919480919735,5.4025805736496375,5.6432908505962285
2024-03-03,Abu Dhabi,1.8717387523822038,7.709464730980677,5.454144907445606,5.763311831133343
2024-03-10,Abu Dhabi,1.878553665061037,7.709707324475074,5.386911974370304,5.761409698669452
2024-03-17,Abu Dhabi,1.879619541609103,7.895779453974235,5.3896179966560815,5.853335520977938
2024-03-31,Abu Dhabi,1.8839043943379912,8.019414398739839,5.436459683590211,5.9337215523253315
2024-04-07,Abu Dhabi,1.7981719342914044,8.324506972681224,5.870285472122082,5.809080779340439
2024-04-14,Abu Dhabi,1.72102333801636,8.341918512545504,5.8830781834783865,5.831195625444156
2024-04-21,Abu Dhabi,1.748521684143994,8.33313843955934,5.829577042368101,5.890446327646061
2024-04-28,Abu Dhabi,1.7674333503879642,8.324777872187045,5.8762358449706,6.598662439356797
2024-05-05,Abu Dhabi,1.8161173599616376,8.533487308028638,5.9242837188903685,6.77386289879366
2024-05-19,Abu Dhabi,1.8734927028654942,8.631679241273126,5.901341821461039,6.777161635015655
2024-05-26,Abu Dhabi,1.8614536947853675,8.693014061998865,5.900847033197195,6.885037821301397
2024-06-02,Abu Dhabi,1.8607677516706722,8.694569711099911,5.894560545826713,6.259973108363239
2024-06-09,Abu Dhabi,1.8524927315002817,8.682376537720355,5.88284513065594,7.160028083334171
2024-06-16,Abu Dhabi,1.844126200733939,8.71174003529423,5.899552504790374,7.215985474051235
2024-06-23,Abu Dhabi,1.8175880731840253,8.704692017886456,5.931349201609622,7.210058888012437
2024-06-30,Abu Dhabi,1.807481465563703,8.751997731440103,5.998603839692383,7.14265462699751
2024-07-07,Abu Dhabi,1.8213888614166716,8.744333120351683,6.033723129351565,7.226067662066264
2024-07-14,Abu Dhabi,1.8333925094108143,8.754634365534876,6.332369746745566,7.234688855230732
2024-07-21,Abu Dhabi,1.8738441884036796,8.756112285640512,6.3582145570777735,7.067376644632483
2024-07-28,Abu Dhabi,1.8607677516706722,8.77364466616013,6.121535592767438,6.393961096005111
2024-08-04,Abu Dhabi,1.8039839743701327,8.55918068119471,6.115877425361888,4.880751394373083
2024-08-11,Abu Dhabi,1.8124585137314013,8.492397751756513,6.10272657579504,5.780742695795615
2024-08-18,Abu Dhabi,1.7969563032193852,8.493328496753795,6.144242322544363,6.257727527071303
2024-08-25,Abu Dhabi,1.8165372504007717,8.536767536453423,6.153002801952066,6.374935611775474
2024-09-01,Abu Dhabi,1.8182198474666946,8.523417338150118,6.224721015933925,5.798778085862437
2024-09-08,Abu Dhabi,1.8603108851122898,8.502953348053074,6.078889125803201,5.133490676133823
2024-09-15,Abu Dhabi,1.8607677516706722,8.525243299504513,6.120039227566874,5.54342445518915
2024-09-22,Abu Dhabi,1.8388413137252408,8.5501196655892,6.1342768124129465,6.1266542064237415
2024-09-29,Abu Dhabi,1.8379656790997658,8.555660531220186,6.064525176516542,4.8466645615515525
2024-10-06,Abu Dhabi,1.8101715048931726,8.37881542662528,6.490832660790172,3.9836980725566375
2024-10-13,Abu Dhabi,1.7866355015857325,8.38079175511708,6.484404957785184,3.4359916391004957
2024-10-20,Abu Dhabi,1.7867348494716435,8.377923911176127,6.313065546460697,3.899169321590179
2024-10-27,Abu Dhabi,1.7873307286551094,8.338928279415112,6.382783434552832,3.7260629553917552
2024-11-03,Abu Dhabi,1.818535808036278,8.437326185605569,6.388614854126291,4.233945662683249
2024-11-10,Abu Dhabi,1.8127711466682983,8.446803247844716,6.465211638895629,4.941511285612341
2024-11-17,Abu Dhabi,1.8039839743701327,8.435985705789548,6.483510504175266,5.544544662739271
2024-11-24,Abu Dhabi,1.8391700555782495,8.414213929876492,6.4570591628852165,5.416721928753275
2024-12-01,Abu Dhabi,1.8436838524295307,9.329717504038204,6.9473717690487975,5.561014675870175
2024-12-08,Abu Dhabi,1.8384033129193103,9.118601804857551,7.050483400754934,6.514572446833191
2024-12-15,Abu Dhabi,1.8289664327201343,9.103718504378191,6.999430382252444,5.7131148201800865
2024-12-22,Abu Dhabi,1.8065533346593232,9.08991010255424,7.238512401674069,6.89268053952843
2024-12-29,Abu Dhabi,1.7969563032193852,9.100282782561813,7.251169366530668,6.685319404684271
2015-01-04,Brazil,0.9980741748830689,6.484634174954108,5.680288893576861,2.725713983792293
2015-01-11,Brazil,1.015761180633728,6.474032421077409,5.439158903391074,3.039980819698019
2015-01-18,Brazil,1.0048089555960147,6.486792915878732,5.46526064023048,2.6679455530057203
2015-01-25,Brazil,1.0406151283199927,6.557729837365966,5.480516559069929,2.639815907869978
2015-02-01,Brazil,0.9843224752575682,6.320069959001642,4.801758338384898,2.5306481545944073
2015-02-08,Brazil,0.9382415163640351,6.097187917654781,4.712925997659266,2.371920306690431
2015-02-15,Brazil,0.922666515262366,6.042673103767029,4.713850807455691,2.5626220559815733
2015-02-22,Brazil,0.9212487472752546,6.042030894066391,4.764123930060888,2.6213028764199184
2015-03-01,Brazil,0.9212749796138348,6.05035188817643,4.741802693136682,2.5448211732563695
2015-03-08,Brazil,0.8759713819796051,5.4667981690405405,4.531762393631185,2.822322023662856
2015-03-15,Brazil,0.7632468375663259,5.175193562548844,4.233281859678824,2.3896684839896554
2015-03-22,Brazil,0.787393669051982,5.1877072747223245,4.2288040202432935,2.6054634552798297
2015-03-29,Brazil,0.7994072021308827,5.2386809889697785,4.230173095118322,2.4749204467209336
2015-04-05,Brazil,0.8616041942100212,5.1905282834592015,4.240212893560251,2.533832905824945
2015-04-12,Brazil,0.8972130891656153,5.203280558898131,4.23751103353566,3.281098865620744
2015-04-19,Brazil,0.9058665901333649,5.209664103918587,4.140545265770993,3.408226012948265
2015-04-26,Brazil,0.9637497783582033,5.1922187675487494,4.143703481163026,4.072423056795785
2015-05-03,Brazil,0.915862966082175,5.156368757768645,4.136077260567146,4.069510017526368
2015-05-10,Brazil,0.9578239532728882,5.16256283075135,4.141973919349798,4.060271305665366
2015-05-17,Brazil,0.939716455310028,5.1492324748394935,4.143137479318551,4.0537627830727905
2015-05-24,Brazil,0.9627820804799585,5.052657877458067,4.103366765732296,3.9708340946678735
2015-05-31,Brazil,0.934152736670409,4.976184447387137,4.016300768080446,3.9072045092448073
2015-06-07,Brazil,0.8903405711388468,4.980602568323431,3.9871374959502655,3.924360773986801
2015-06-14,Brazil,0.904914819897122,4.996195454328886,3.996839541197753,3.937913935366686
2015-06-21,Brazil,0.9100987170196706,5.000686871126963,3.974371526151369,3.9321264801504583
2015-06-28,Brazil,0.869914161506009,4.999893571622943,3.9749374430829056,3.955047153202445
2015-07-05,Brazil,0.8853304234857183,5.002741232800574,3.981688036001008,3.913649336483099
2015-07-12,Brazil,0.8805752143297536,4.988419529372886,3.9786474284008344,3.433287123446976
2015-07-19,Brazil,0.8542951739676363,4.973034999216921,3.996658133375571,3.8971340428507695
2015-07-26,Brazil,0.7830253309891588,4.773962136747302,3.8090008359262617,3.525124796345095
2015-08-02,Brazil,0.7928171828471069,4.756367335965074,3.787245704238897,3.4947770866907297
2015-08-09,Brazil,0.7092089879282385,4.7098724890905945,3.664979054619076,3.248745316772619
2015-08-16,Brazil,0.766905237510954,4.723466124060743,3.6685772107296537,3.2841745367842883
2015-08-23,Brazil,0.6913201637882886,4.720254708645368,3.655561516374069,2.942194406531157
2015-08-30,Brazil,0.7109072325985081,4.70040392392758,3.650265870800731,2.42334802178619
2015-09-06,Brazil,0.6174849031416921,4.48056509323506,3.589155298391533,2.5249675074304356
2015-09-13,Brazil,0.5852060974743889,4.531677945539286,3.607504048620516,2.4870608118073467
2015-09-20,Brazil,0.5897557303757268,4.505184555623777,3.6087371295604944,2.7131261812093386
2015-09-27,Brazil,0.4262272401712711,4.5049852363775,3.5914447270386733,2.565667002874025
2015-10-04,Brazil,0.3788759851691578,4.498362132992634,3.600320823839389,3.066940494589318
2015-10-11,Brazil,0.5536415556596249,4.467652252749518,3.444350663467681,3.162728006426284
2015-10-18,Brazil,0.5121295423272602,4.366794132524899,3.2847258417210514,3.3924554606847193
2015-10-25,Brazil,0.49590970440560217,4.37416742062647,3.28282007482085,3.2237753112743475
2015-11-01,Brazil,0.5216194911926888,4.37465147187654,3.2845242940523036,3.18501817523697
2015-11-08,Brazil,0.5700143718838593,4.409440676258677,3.300016934869356,3.449770617639531
2015-11-15,Brazil,0.5261131786222784,4.377620089356639,3.2264664568074672,2.828641961407418
2015-11-22,Brazil,0.5928487136561026,4.416010064238985,3.286481467367276,3.009611116657758
2015-11-29,Brazil,0.5457550790675282,4.327296669950771,3.2511319691180462,2.683461792939374
2015-12-06,Brazil,0.5125438538926289,4.320955052514645,3.315568742656971,3.0147498579757173
2015-12-13,Brazil,0.43199340702602135,4.252091914970324,3.1262768470343683,2.3763819195964353
2015-12-20,Brazil,0.42505655157291844,4.1957925121313435,3.1394868310915887,2.604201752936566
2015-12-27,Brazil,0.43683940853423364,4.200494125290986,3.1462908646289836,2.6236390229211173
2016-01-03,Brazil,0.42701828636786315,4.901464229276547,3.428615296988222,2.650673033101515
2016-01-10,Brazil,0.43956368577849014,4.928309163988716,3.3861099743394174,2.2634096148784537
2016-01-17,Brazil,0.4228553194742288,4.9354169158632715,3.399985010236094,2.055871679101141
2016-01-24,Brazil,0.4582282483766111,4.947530808904541,3.394976798527492,2.0459092617412225
2016-01-31,Brazil,0.4679604124061242,4.997788869340963,3.621434684086376,2.081633171034378
2016-02-07,Brazil,0.4771798972327512,5.067907543657954,3.6535555701086415,2.037957806188666
2016-02-14,Brazil,0.4376697735950042,5.021285024938066,3.536722788227772,1.9395626159250037
2016-02-21,Brazil,0.47598089819807227,5.016069840469971,3.5431530967782714,2.0819577046555766
2016-02-28,Brazil,0.49418378820971776,5.031247630015003,3.477681018577711,2.161261009467018
2016-03-06,Brazil,0.5800914482884914,5.272376065783543,3.558239253383093,2.577109922629869
2016-03-13,Brazil,0.6154345417660941,5.416760353701149,3.643041430176005,2.762937018408412
2016-03-20,Brazil,0.662917279566463,5.402513830086071,3.6616030419956016,3.146053470265277
2016-03-27,Brazil,0.6041925395675846,5.360246715204434,3.618628649031408,3.1113305367762267
2016-04-03,Brazil,0.6620827843095264,5.450304440242502,3.630086560599997,2.95205258079783
2016-04-10,Brazil,0.6195027037991685,5.451052034313322,3.651006889276168,2.965423186352765
2016-04-17,Brazil,0.6923827142458192,5.46800965087662,3.777516350282184,2.72974475762966
2016-04-24,Brazil,0.6661270444896783,5.5108642344873315,3.791860927881598,3.458810676483822
2016-05-01,Brazil,0.70326081169986,5.4931858915842815,3.7866857208346056,3.4876220863196963
2016-05-08,Brazil,0.7036667759095079,5.47312052299978,3.703177533701056,3.4825654343406347
2016-05-15,Brazil,0.7241307218463113,5.451657468899565,3.708048670319199,3.5496698294124536
2016-05-22,Brazil,0.6873217556556087,5.519858032806373,3.714137362835456,3.695062476556452
2016-05-29,Brazil,0.6817142384409229,5.487019661261596,3.691285374844723,3.7596359131053014
2016-06-05,Brazil,0.7082284568867249,5.476160360032502,3.7071321566983952,3.7557976058082994
2016-06-12,Brazil,0.6890590903788318,5.462707118420889,3.753010140796406,3.738144951212988
2016-06-19,Brazil,0.7036667759095079,5.472039215962271,3.702980501662892,3.658365611565885
2016-06-26,Brazil,0.6949542459669382,5.494586367795227,3.71730629697029,3.486441361732794
2016-07-03,Brazil,0.7240683729885525,5.4348366680962785,3.731559507358393,3.692275370061436
2016-07-10,Brazil,0.7675382299662141,5.373559007782971,3.6591958978261863,3.6462870648208807
2016-07-17,Brazil,0.7882875772277723,5.387573896861756,3.673714210224426,3.65906436457886
2016-07-24,Brazil,0.8145392793374071,5.608063938100232,3.7916277039034103,3.8471969943594377
2016-07-31,Brazil,0.8052271742197962,5.655661940036541,3.792127435646431,3.838207543013529
2016-08-07,Brazil,0.8531596636534537,5.718179754344955,3.86695094565579,3.8643997737323352
2016-08-14,Brazil,0.8792785636612604,5.692226694704849,3.8621720192305866,3.8663280968515448
2016-08-21,Brazil,0.8887007233592521,5.6804787081224575,3.8751584793518457,3.8580571435668034
2016-08-28,Brazil,0.87398846612399,5.6599922644486735,3.8753852961696063,3.847809952875944
2016-09-04,Brazil,0.8799266338323471,6.016514620653261,3.923322493600992,3.874533337095804
2016-09-11,Brazil,0.8799266338323471,6.017354580260234,3.991484094893102,3.8761196335278183
2016-09-18,Brazil,0.839961367773377,6.065380201554254,3.950646127624764,3.910866617421374
2016-09-25,Brazil,0.8404610720464328,6.093800393336534,3.992316899192476,3.616149449537795
2016-10-02,Brazil,0.8461156787061669,6.111620365552172,3.8876276778165857,4.1180475563731695
2016-10-09,Brazil,0.8485131863035916,6.254088189692743,4.133903231942237,4.234982474415642
2016-10-16,Brazil,0.8527978331192746,6.462937127028659,4.318048747027889,4.4006954491422094
2016-10-23,Brazil,0.8713684124221961,6.484417005891948,4.328823829717466,4.413217383333541
2016-10-30,Brazil,0.8366409715870449,6.396883266842114,4.300626115197677,4.347647086834359
2016-11-06,Brazil,0.8167095972909104,6.387702053411548,4.194815415926307,3.6413167811325247
2016-11-13,Brazil,0.7539323695572295,6.0348333228269855,4.0246172691515385,3.371671281761996
2016-11-20,Brazil,0.7555246406167802,6.1380229762286875,4.0926571049952285,3.260539848915602
2016-11-27,Brazil,0.7612720475009509,6.257559353979432,4.143599399112427,2.744181245089331
2016-12-04,Brazil,0.7491300782361763,6.2971898950399785,4.164446610224484,4.5306149338336015
2016-12-11,Brazil,0.7978681855943628,6.466841559741248,4.472813046123805,4.671226177218243
2016-12-18,Brazil,0.799135823079898,6.555487587023565,4.491536787930827,4.763037372032669
2016-12-25,Brazil,0.8218346594485203,6.509898844633242,4.511914696092753,4.702725749719877
2017-01-01,Brazil,0.8260786947294594,7.742607059007095,4.734654399007281,4.748675480086236
2017-01-08,Brazil,0.8751032702332006,6.832136910767629,4.62925156599977,4.406284735541954
2017-01-15,Brazil,0.8946703772710711,6.837489190408695,4.668302220971862,4.409454320124983
2017-01-22,Brazil,0.8875925308444735,6.892133301251362,4.733405488857639,4.439691553273046
2017-01-29,Brazil,0.909219511112832,6.94659534856697,4.764756364938453,4.4802103191925085
2017-02-05,Brazil,0.923928848926962,7.003272557128583,4.926470580667575,4.604159144320319
2017-02-12,Brazil,0.9588405927759578,7.114774799108149,5.151445773273778,4.682428275193546
2017-02-19,Brazil,0.9442926373069279,7.139607180529204,5.142757389496713,4.698068159334668
2017-02-26,Brazil,0.9679383437390321,7.130873434707601,5.371754391923241,4.692998180893137
2017-03-05,Brazil,0.9822237959022767,7.334041604013604,5.30269007039694,4.536942911330586
2017-03-12,Brazil,0.9398775223585875,7.553158103472116,5.546547949011251,4.698541342534818
2017-03-19,Brazil,0.9945271192869239,7.587852334424003,5.56940636358278,4.71140631278591
2017-03-26,Brazil,0.9342860277638506,7.634763838475472,5.644570281067498,4.739410620008104
2017-04-02,Brazil,0.964497098334103,7.7657223720576845,5.630128767143542,4.813737880678997
2017-04-09,Brazil,0.9615120468876336,7.721983075058527,5.768108829692955,4.76745403037265
2017-04-16,Brazil,0.9570280380529078,7.756052190786885,5.766563061429068,4.793552922095086
2017-04-23,Brazil,0.9629202505519503,7.791273338509322,5.7152842575171325,4.81247686572828
2017-04-30,Brazil,0.9822804430816848,7.916234235740403,5.851115676115403,4.9132311659862795
2017-05-07,Brazil,0.9954771824227656,7.936913083486915,5.984467383120524,4.579507233622965
2017-05-14,Brazil,1.0258219356031306,7.979002714324836,5.994057851632347,4.646420509515559
2017-05-21,Brazil,0.907231880302106,7.552259491624733,5.886287401853176,4.526057752912773
2017-05-28,Brazil,0.9309338246525204,7.670912706442452,5.900614640982838,4.589010816381299
2017-06-04,Brazil,0.9321560230151963,7.800407899849441,6.020302756621889,4.519300695774902
2017-06-11,Brazil,0.9275426748808341,7.852072047487592,6.0062839935829855,4.561202038730786
2017-06-18,Brazil,0.9231133657995709,7.853834966715065,6.05031421313466,4.5632644203894035
2017-06-25,Brazil,0.9229030523527318,7.797071938123518,6.055360865348294,4.5409380017977155
2017-07-02,Brazil,0.9182899682118794,8.198242672925454,6.095034334978555,4.895847190549626
2017-07-09,Brazil,0.9164103626560298,8.312148102177025,6.241596677888031,4.661839052388333
2017-07-16,Brazil,0.9645524834903162,8.197962522137813,6.253246885323268,4.86503897859545
2017-07-23,Brazil,0.9998103349984492,8.209083226652218,6.240294866217966,4.868444760623196
2017-07-30,Brazil,0.9886795726612622,8.218234469481533,6.2899304415870105,4.874337396739971
2017-08-06,Brazil,1.0416544359993778,8.332608674027355,6.634335062678162,4.974140054414635
2017-08-13,Brazil,1.0154359595950297,8.222448016181676,6.577350353817478,4.915038346621419
2017-08-20,Brazil,1.0254025917129626,8.233052234979926,6.566861691369125,4.913112531806509
2017-08-27,Brazil,1.038479833241795,8.323487848523566,6.597484524000556,4.958779063300949
2017-09-03,Brazil,1.0562625637385135,8.349223551075761,6.584914239126681,5.06213874198302
2017-09-10,Brazil,1.0868762434104802,8.344868334226465,6.501680420889894,5.047397498655471
2017-09-17,Brazil,1.091470514287503,8.282146831873963,6.509116440703701,5.016400482818564
2017-09-24,Brazil,1.0287637834989745,8.26126651900501,6.576701252509092,5.00928872664269
2017-10-01,Brazil,1.0461027907081495,8.199652166956497,6.758946097021955,4.976501548912101
2017-10-08,Brazil,1.0715723150869703,8.153860434031836,6.784282089915367,4.532049473317155
2017-10-15,Brazil,1.0889254953390188,8.159952260312043,6.8094373816832565,4.536999590113165
2017-10-22,Brazil,1.1242846834624536,8.10817575005213,6.738979405900793,4.529064766210774
2017-10-29,Brazil,1.111950172777457,8.10510980119358,6.748314881417068,4.524356742929191
2017-11-05,Brazil,1.1118157737349983,7.916705054248912,6.797478653949947,4.4748853826365425
2017-11-12,Brazil,1.089251293242281,8.538451309180536,7.560429825310022,4.747205632007151
2017-11-19,Brazil,1.106293090966018,8.547015513743629,7.539340903506334,4.749593144691859
2017-11-26,Brazil,1.1265093099951182,8.612879318891807,7.569798873275397,4.769196971017348
2017-12-03,Brazil,1.120807320399642,8.623662777823732,7.739648428842648,4.784298682409566
2017-12-10,Brazil,1.134228110744989,8.693662126751033,7.599859670588481,4.839493431634656
2017-12-17,Brazil,1.1324635009530026,8.695161695213109,7.615384932022325,4.837850868934428
2017-12-24,Brazil,1.1425200973626635,8.975227127836853,7.580496542169261,5.004020771955694
2017-12-31,Brazil,1.1502348754159684,8.991238437562028,7.615807768925611,5.012315866967376
2018-01-07,Brazil,1.207466190733155,10.904339752864702,8.658210226332725,2.398242174673066
2018-01-14,Brazil,1.2083495183255573,10.899200593372708,8.672811400558047,2.4002721438827637
2018-01-21,Brazil,1.1924665532978937,11.040707514044184,8.697852935580848,2.411163042420327
2018-01-28,Brazil,1.2216565744786334,11.027516020992914,8.783950955936591,2.4158810969838886
2018-02-04,Brazil,1.1899162018362466,10.64705046315291,8.567117935470062,2.372443817103132
2018-02-11,Brazil,1.0982012547145854,10.353816141885549,8.435881392854984,2.352391591753373
2018-02-18,Brazil,1.1857355428613823,10.3073801764759,8.441599832691919,2.354733774131579
2018-02-25,Brazil,1.1778153267635485,10.29733306566872,8.42354423812257,2.353961619693296
2018-03-04,Brazil,1.168818276967678,10.369091442061826,8.482296260201704,2.374549160366102
2018-03-11,Brazil,1.2125122611294015,10.404278324027638,8.500906108482672,2.37426106366882
2018-03-18,Brazil,1.2047846197148537,10.481308384241776,8.47536431934091,2.37944744042927
2018-03-25,Brazil,1.1136996000012074,10.447036358875437,8.523457067515714,2.374029165773124
2018-04-01,Brazil,1.145786187341933,10.456053064114672,8.557337811820915,2.373191938308924
2018-04-08,Brazil,1.1313929815836639,10.280262134365293,8.332062957699627,2.338204397730451
2018-04-15,Brazil,1.1237722684972549,10.105054229994463,8.337013988309288,2.3251353821726326
2018-04-22,Brazil,1.1203993030859682,10.10577359261324,8.33073718629049,2.3251325055988197
2018-04-29,Brazil,1.1254474892026192,10.058666855572053,8.330817038446227,2.3180613101476233
2018-05-06,Brazil,1.0795709934980715,9.79109168623373,7.856022976640086,2.264106385212284
2018-05-13,Brazil,1.0748254609744015,9.74860664839607,7.882641262169108,2.2614248657172205
2018-05-20,Brazil,1.0150813294349799,9.665413469170854,7.502436731269638,2.2416279093114597
2018-05-27,Brazil,1.0523746079721843,9.44573562142252,7.573378843682692,2.2325630665187277
2018-06-03,Brazil,0.9242184123103097,9.19038363024838,7.350216447333666,2.270741874356711
2018-06-10,Brazil,0.8920343174219324,9.200245438162929,7.461393409944597,2.269767452201439
2018-06-17,Brazil,0.8438446258858902,9.174799196810344,7.432885237185886,2.2672853902688024
2018-06-24,Brazil,0.8677486209740001,9.144425690524129,7.352570883632618,2.260684152662087
2018-07-01,Brazil,0.8411266967305487,8.995091684995234,7.345775250819732,2.24970430292206
2018-07-08,Brazil,0.8898608916220303,9.02135806868842,7.382318610753113,2.2475449157653427
2018-07-15,Brazil,0.9114452300677699,9.43376252571316,7.544112855740883,2.279615558482111
2018-07-22,Brazil,0.9584282844506573,9.377645176406078,7.75928253742243,2.2828551352653226
2018-07-29,Brazil,0.999433837619694,9.32070193325766,7.911203192344319,2.28285397675346
2018-08-05,Brazil,0.9946422167293268,9.330516211595285,7.910548015198023,2.2915724290278594
2018-08-12,Brazil,0.9229556255727879,8.888457201541724,7.471554478268789,2.2541941621239077
2018-08-19,Brazil,0.9194669448004145,8.919958804902036,7.434011734952994,2.2577153832130237
2018-08-26,Brazil,0.8154620090219662,8.28498138218953,7.323378369269343,2.2080404364567223
2018-09-02,Brazil,0.770402925511616,8.294485461490648,7.282125240858603,2.227911614051774
2018-09-09,Brazil,0.824000423090114,8.442818433167089,7.706115296744874,2.2405930427310157
2018-09-16,Brazil,0.8103980721706648,8.237027267169907,7.638381057381491,2.2195865294177084
2018-09-23,Brazil,0.8674295091767846,8.012748005341184,7.552530152899055,2.2029981852634988
2018-09-30,Brazil,0.8723314290753978,8.015607241136369,7.548169187281605,2.200255676405477
2018-10-07,Brazil,0.9055577858556588,7.458127348891523,7.097885562724046,2.159569308036705
2018-10-14,Brazil,0.9590330767654114,7.433922081468669,7.122381358948005,2.1597773616760136
2018-10-21,Brazil,0.9865122275159957,7.4234553533809535,7.108972207879592,2.1584423367891197
2018-10-28,Brazil,1.0020150573715425,7.38233212166622,7.103964470810745,2.1545391819302155
2018-11-04,Brazil,1.0362593794594899,7.380473867568317,7.07563593589841,2.1292777962271336
2018-11-11,Brazil,1.0281023848040125,7.365224845420201,6.952275820060994,2.1265833483388588
2018-11-18,Brazil,1.0096933188466237,7.369601406701776,6.93465798875995,2.1247707111606293
2018-11-25,Brazil,0.9814877550236749,7.280774586702966,6.673757470529906,1.507381190229491
2018-12-02,Brazil,0.9995496635322829,7.24720238880518,6.662542847171512,1.7260686053266765
2018-12-09,Brazil,1.0033525440790398,7.251320718757385,6.627115678397525,2.122377135612782
2018-12-16,Brazil,1.031686784051933,7.245817990883644,6.543636646126879,2.120521648613414
2018-12-23,Brazil,0.9993759311387661,7.260954472186726,6.578866331478161,1.9613893871636725
2018-12-30,Brazil,1.0016374895539644,7.269713918655039,6.62488991261923,1.9125330045984543
2019-01-06,Brazil,1.0553587754402811,6.2338141293701375,5.725851885315048,1.9468711820030196
2019-01-13,Brazil,1.076105071397349,6.245294737817739,5.7263898395241,2.6146965979074315
2019-01-20,Brazil,1.1136322372773946,6.217011202715718,5.727446591357029,3.079764621680329
2019-01-27,Brazil,1.1174818101323236,6.235573683271742,5.753715925278852,3.1113571771894786
2019-02-03,Brazil,1.1344359935479946,6.231873564491075,5.7543732964479135,3.4014334143518825
2019-02-10,Brazil,1.1124880147464737,6.22292372324623,5.7584917778466735,3.455084951804497
2019-02-17,Brazil,1.1445552835671664,6.253257001208687,5.773094799316578,3.796804667455246
2019-02-24,Brazil,1.14617347577781,6.217256032990604,5.762468873066359,3.7780223836939353
2019-03-03,Brazil,1.1639646763402614,6.202428183622203,5.741095814970619,3.704772861124104
2019-03-10,Brazil,1.138885050258843,6.11663482415917,5.6769724088112605,3.7133435344952535
2019-03-17,Brazil,1.1707471069549338,6.121050878245363,5.676571385560765,3.735002117778157
2019-03-24,Brazil,1.0925171521105492,6.052976080742981,5.639315460159842,3.697296397044752
2019-03-31,Brazil,1.1014074876270472,6.048615072038509,5.632837304997606,3.695984027331217
2019-04-07,Brazil,1.1170756396714745,6.083868998826073,5.687176274482457,3.749841851282505
2019-04-14,Brazil,1.1183965170897858,6.111262158426385,5.692789569967136,3.768512755261753
2019-04-21,Brazil,1.1155207327983019,6.079460985606702,5.672107797552048,3.751907717817213
2019-04-28,Brazil,1.1029992347673931,6.095928366303458,5.678014430698428,3.5202060718890653
2019-05-05,Brazil,1.1184982216813717,6.15248078771571,5.832366916563274,3.696609063478764
2019-05-12,Brazil,1.1136659178672716,6.193351161276647,5.848373662922925,3.333536189442076
2019-05-19,Brazil,1.070840709066256,6.176319597422805,5.928616908173928,3.6553831797200806
2019-05-26,Brazil,1.089349060457259,6.2442946576178056,5.942604563106403,3.252609287166639
2019-06-02,Brazil,1.0894142457437619,6.295805811699295,5.861443534525906,2.1644132537121674
2019-06-09,Brazil,1.1234308579407233,6.299273198878904,5.8368554042692455,2.81375013038081
2019-06-16,Brazil,1.1366571163069978,6.291707624422131,5.843256634308203,2.4636060117388694
2019-06-23,Brazil,1.191415294956725,6.310144728865734,5.884965431397845,2.563493450554362
2019-06-30,Brazil,1.190627875145142,6.362031995835237,5.899284302527503,2.770241769867507
2019-07-07,Brazil,1.2076581239206705,6.363236744324356,5.764157007576768,3.1717067070038483
2019-07-14,Brazil,1.2759449281539046,6.357135739873208,5.755074849529664,3.740101767827982
2019-07-21,Brazil,1.2761568792215705,6.38551591032615,5.686229511325077,3.2057263619718745
2019-07-28,Brazil,1.2956840114919572,6.369059718739877,5.688379789479018,3.4708437751938677
2019-08-04,Brazil,1.257258152877308,6.27401789832661,5.664889776876507,3.0716798836921986
2019-08-11,Brazil,1.2662241144613793,6.428746980005034,5.754448061488145,3.0910242481887424
2019-08-18,Brazil,1.2359418891846392,6.409292813677499,5.753333801522769,3.0737014844149635
2019-08-25,Brazil,1.2387061345161672,6.534136938443983,5.7324901659275485,2.988221696473446
2019-09-01,Brazil,1.2512636303445053,6.521704667685578,5.758250098376733,3.298608814568192
2019-09-08,Brazil,1.294245440456951,6.51459312369932,5.759159667482486,3.2532441351151187
2019-09-15,Brazil,1.2960768834987546,6.5839551419444895,5.798563829545605,2.9837144483787266
2019-09-22,Brazil,1.2646382189431984,6.618450239905505,5.847804842044611,2.6312420310593834
2019-09-29,Brazil,1.237062280834606,6.622059357006169,5.805441384233916,2.6422514252605063
2019-10-06,Brazil,1.237022235600132,6.894823479491707,6.083987515043757,2.702477925665055
2019-10-13,Brazil,1.2525320696351352,6.834138305402406,6.0109455717403195,2.6386828541281084
2019-10-20,Brazil,1.2714670519533007,6.880418328009446,6.050303110343827,2.9368320584079264
2019-10-27,Brazil,1.3153904380472587,6.905028441168387,6.037282063499331,3.1783245783520377
2019-11-03,Brazil,1.32462264292404,6.976108851538677,6.080534146851453,3.2537402534298363
2019-11-10,Brazil,1.3223025403958863,6.6192783600062,6.138003031612906,3.482492827537825
2019-11-17,Brazil,1.3028352045194822,6.602635820455485,6.139587289155119,3.3528895779226917
2019-11-24,Brazil,1.2917678533224581,6.665661701921374,6.35803055472622,3.354615584700659
2019-12-01,Brazil,1.291420849801849,6.64342743553603,6.404208485598284,2.8716486135290453
2019-12-08,Brazil,1.3212135263575302,6.605521253006479,6.495241655202402,3.757443476588294
2019-12-15,Brazil,1.401409959681391,6.617756800952336,6.613672192262797,4.24653319579811
2019-12-22,Brazil,1.3871612826032846,6.625088409985345,6.63938301335794,4.335544367459747
2019-12-29,Brazil,1.4055252288387674,6.638226251173007,6.6343265337533905,4.33642834842312
2020-01-05,Brazil,1.4085772925778786,7.306689070043168,7.606588907975799,3.3329344435451076
2020-01-12,Brazil,1.4115397926967437,7.284989266630701,7.607370223449627,3.452434243859128
2020-01-19,Brazil,1.4164032991986943,7.22034688448962,7.430002643400111,3.4308576567863054
2020-01-26,Brazil,1.3956419624524194,7.212866148131914,7.410355165222923,2.983699822418492
2020-02-02,Brazil,1.3822653544630752,7.276715566187769,7.219200508747747,2.4295359466917024
2020-02-09,Brazil,1.4036185932496983,7.271426446542827,6.349583540909894,2.598316538194944
2020-02-16,Brazil,1.4411337133130777,7.286449387872983,6.35964263138149,2.7498893135771394
2020-02-23,Brazil,1.44277355689614,7.219922004640013,6.350245808148788,2.716927207025172
2020-03-01,Brazil,1.247269048977512,7.231360030988767,6.246653450694391,1.712131436879191
2020-03-08,Brazil,1.2174781465719495,7.208861758436685,5.498535176700111,1.138035684745174
2020-03-15,Brazil,0.8877687340968045,6.792683893036581,3.319764041541761,1.0598200634700017
2020-03-22,Brazil,0.6837581020944647,6.67206528332642,3.11474101363351,1.0302979718461878
2020-03-29,Brazil,0.86079948896399,6.659623336920564,2.5493527053143623,1.024004153301072
2020-04-05,Brazil,0.6707965065098377,6.39449915372103,1.966385400985259,1.0564579803348382
2020-04-12,Brazil,0.872158497322719,6.251760056211453,1.9218221089819147,1.1083387109802698
2020-04-19,Brazil,0.8028353779685415,6.183314294843546,1.7621801206026664,1.0540159222814214
2020-04-26,Brazil,0.6427866579598827,5.656598798769831,1.3592576763683843,1.0065848615989392
2020-05-03,Brazil,0.7392013385013043,5.627221572257119,1.230152365198389,1.1016858709352757
2020-05-10,Brazil,0.7485953076568344,5.419768322184787,1.231156139065821,1.0368344228894848
2020-05-17,Brazil,0.6890191187425161,5.434084635511373,1.2421113109457416,0.9769039922799732
2020-05-24,Brazil,0.7594310720704293,5.295560464882585,1.2552369712779687,1.0509355734649464
2020-05-31,Brazil,0.8020393697092494,5.327045849945096,1.2669507653490866,1.114653761379326
2020-06-07,Brazil,1.0134580247990281,5.076784131365487,1.2279390958916176,1.3093129724610852
2020-06-14,Brazil,0.8579295222532938,5.032183748725878,1.2049065845094225,1.2168365777207748
2020-06-21,Brazil,0.8626045186221467,4.853471025585313,1.2047353856461889,1.3421546198547425
2020-06-28,Brazil,0.8531968452579476,4.761725670473313,1.1784992578074087,1.1960787262924326
2020-07-05,Brazil,0.9525692372102819,4.735377791828988,1.1935722180286208,1.2681180065579138
2020-07-12,Brazil,0.9149514604044615,4.770479891395132,1.1942908053043684,1.699010141756086
2020-07-19,Brazil,0.940979016276974,4.750790130544873,1.188038986370293,1.8058266362563695
2020-07-26,Brazil,0.9497917402202906,4.743707174451472,1.1930600855607796,1.8028912231398997
2020-08-02,Brazil,0.977407638482145,4.766966213423132,1.1940054363195225,1.803994910435029
2020-08-09,Brazil,0.9827621095710845,4.61704093772304,1.1714856648405685,1.742833673322455
2020-08-16,Brazil,0.9510431363763375,4.625840642103268,1.171712257861642,1.745808694203122
2020-08-23,Brazil,0.9566440888116667,4.555435827179574,1.145295631828886,1.7273802557777764
2020-08-30,Brazil,0.9875381153442765,4.519591383699833,1.1611575912672538,1.7185841178366286
2020-09-06,Brazil,1.00688177552137,4.554861550755296,1.1607750039032971,1.7270465999759657
2020-09-13,Brazil,1.0195557013078118,4.556646611257387,1.1506485681952805,1.6528515513290698
2020-09-20,Brazil,1.017478256270348,4.539653467278823,1.161671917700069,1.7249071600039132
2020-09-27,Brazil,0.8888015424152562,4.455314095318531,1.141373376249135,1.7017045086257816
2020-10-04,Brazil,0.9012467832318463,4.486594406151625,1.124443006096289,1.3996974932549129
2020-10-11,Brazil,0.9812048463577179,4.4947257542772086,1.1406001784675657,1.7393478199187968
2020-10-18,Brazil,0.9720933450297231,4.459182214106131,1.1348795935516711,1.7288451374305471
2020-10-25,Brazil,0.993233443698039,4.501807235599659,1.1399694140404282,1.7398208715667975
2020-11-01,Brazil,0.9770859591588205,4.459502062769941,1.0963573316772957,1.1211641066756228
2020-11-08,Brazil,1.0613941006903833,4.407750165556738,1.1116265547064614,1.4542718166624864
2020-11-15,Brazil,1.084573510291648,4.374651252918094,1.118142016709729,1.7192678737097489
2020-11-22,Brazil,1.108129387549205,4.382725956340815,1.1324162489471776,1.7243437175894143
2020-11-29,Brazil,1.137630996417331,4.393621445104782,1.1431045720452042,1.7249606328932754
2020-12-06,Brazil,1.1803963533702346,4.419560253376259,1.1613281748358293,1.7671122975565134
2020-12-13,Brazil,1.1738880293961498,4.432935374501686,1.1709595778020827,1.770351881279238
2020-12-20,Brazil,1.1922035921800815,4.422893638148034,1.1670079172636607,1.7692567672149069
2020-12-27,Brazil,1.2071208431849425,4.383351666494308,1.1524249650135554,1.7598362837469652
2021-01-03,Brazil,1.219622811565107,4.593745214920182,1.198121406035806,1.7988233621835443
2021-01-10,Brazil,1.1691454475769838,4.4638834876695705,1.1924807913248296,1.7628602739489163
2021-01-17,Brazil,1.1241821717297076,4.477233170754853,1.1951065803930776,1.7619151041925298
2021-01-24,Brazil,1.1100708171832276,4.394236275770094,1.1845587490266218,1.741667675325769
2021-01-31,Brazil,1.1109427781056198,4.406799703003781,1.1963672152682556,1.7412445645945993
2021-02-07,Brazil,1.1964983294860787,4.420895646357115,1.2244457390947536,1.7394319906870548
2021-02-14,Brazil,1.1771899157098282,4.422888911899314,1.232883679812612,1.7408918538840468
2021-02-21,Brazil,1.1438879543961946,4.431308872409108,1.231558707155181,1.739632543309168
2021-02-28,Brazil,1.0399433903595507,4.317787554731859,1.2214048432947873,1.7043605147080252
2021-03-07,Brazil,1.0388759357885025,4.298894001894295,1.2348451449564812,2.0063885960663943
2021-03-14,Brazil,1.0256421887174996,4.397711156955141,1.435835537711048,2.043508779729895
2021-03-21,Brazil,1.0515994084898284,4.445279823283516,1.4606271583455612,1.727283206819099
2021-03-28,Brazil,0.9689402319150596,4.293272474774051,1.5588132655252906,1.629991681960368
2021-04-04,Brazil,0.960767540604983,4.376773585977969,1.9589214152900307,1.9525497759365724
2021-04-11,Brazil,0.9676602671495815,4.458505185027854,1.977613780155272,2.0233270050846603
2021-04-18,Brazil,1.0241758301492243,4.488394974867124,2.1083522660809133,2.0616867937073455
2021-04-25,Brazil,1.056106661035165,4.72157601178183,2.684169122455986,2.1186625443694496
2021-05-02,Brazil,1.0532127160095508,4.762705283467574,3.4468271946143405,2.152072736510231
2021-05-09,Brazil,1.0999183316216214,4.86809805659663,3.4671158725948428,2.2336515945189968
2021-05-16,Brazil,1.1017056791375286,4.885356440772418,3.5929333267946224,2.310124890279138
2021-05-23,Brazil,1.0929100220221661,5.002633210011472,3.664830905204691,2.0681685394318383
2021-05-30,Brazil,1.1139017252394032,5.077745309998833,3.6798657716466807,2.4517558460399584
2021-06-06,Brazil,1.1433264697014156,5.425415596261062,4.821264262784197,2.7062918398045546
2021-06-13,Brazil,1.1551389205906708,5.416068832753311,4.880263914328204,2.702582565019931
2021-06-20,Brazil,1.1294975358668733,5.628081076914796,4.900140534277875,2.641464400968336
2021-06-27,Brazil,1.161226425751535,5.713403456573835,5.0285614160046705,2.8114329991412164
2021-07-04,Brazil,1.1361706653952512,5.72589179754079,5.013879154719471,2.8747579359131032
2021-07-11,Brazil,1.1076615323213286,5.526393234028211,4.88784764734836,2.4206140769064435
2021-07-18,Brazil,1.1059263799136447,5.535542493318422,4.917812718405536,2.4642379806534165
2021-07-25,Brazil,1.1113791464009526,5.5335412123907215,4.912790977167067,2.7026293877264997
2021-08-01,Brazil,1.1010431946348962,5.5292362123779135,4.913277103026772,2.8123714011250613
2021-08-08,Brazil,1.079538827798998,5.678864607027535,4.846236796103224,2.2075710998014464
2021-08-15,Brazil,1.091895532988922,5.673183644696821,4.83838443765429,2.4689704726975377
2021-08-22,Brazil,1.0579796204973324,5.699634470580444,4.884551692086188,2.066351753340104
2021-08-29,Brazil,1.0977396446038665,5.817679763546219,4.917918901438027,2.5697641118783685
2021-09-05,Brazil,1.1044946198272632,5.836745967427591,4.903927558515903,2.4048090230980437
2021-09-12,Brazil,1.0952716201776826,5.807998355157469,4.912796000400499,2.6769359080596415
2021-09-19,Brazil,1.0886649597505562,5.805787100291186,4.935594921736536,2.776697088840245
2021-09-26,Brazil,1.0297870700960008,5.880549957415605,4.855153414215086,2.5984290807838626
2021-10-03,Brazil,1.018011921124117,5.901632236849639,4.937704689922139,2.294814505117516
2021-10-10,Brazil,1.0118087071533663,5.826689004110262,5.011583374306478,2.1979674916876752
2021-10-17,Brazil,1.0213110582352718,5.874766892213951,5.041062826706816,2.5322733388190124
2021-10-24,Brazil,0.9212225157891972,5.7004444101079645,4.978488122761481,2.235086859351453
2021-10-31,Brazil,0.8998148367288776,5.753918398420512,5.25698470815795,2.157718771855748
2021-11-07,Brazil,0.9283891225114558,6.182981223464187,5.784678109210642,2.287339949272664
2021-11-14,Brazil,0.9304826128717676,6.228237439203726,5.810903983583687,2.4527651566001833
2021-11-21,Brazil,0.9243763998319564,6.103670142812118,5.68258089938443,2.315377112098093
2021-11-28,Brazil,0.8519774765566913,6.106992246395598,5.6973444895064915,1.1151930648139106
2021-12-05,Brazil,0.9258524457728454,6.212547851324021,5.741311107270754,1.116324471829449
2021-12-12,Brazil,0.969079483770177,6.257841634324961,5.789241022738444,1.7194001898048268
2021-12-19,Brazil,0.9607399797409515,6.21246302070982,5.764100962564866,1.5960632260077074
2021-12-26,Brazil,0.995880590085983,6.270304870268593,5.839271597511642,1.8369355796703672
2022-01-02,Brazil,1.0159386317887378,7.141410737572059,6.733873894955796,1.9223325921537695
2022-01-09,Brazil,0.9909961472627984,6.764662811779339,6.2098910680423245,1.4560614803501302
2022-01-16,Brazil,0.9626991900216394,6.838361593716669,6.196980810566023,1.4630324223117093
2022-01-23,Brazil,0.9710595196072394,7.002988982900461,6.252071827919352,1.4799770557400729
2022-01-30,Brazil,0.9455624583010427,7.013925759615926,6.249068420090745,1.482687975242889
2022-02-06,Brazil,0.9630860865091506,7.030269697696167,6.282501552811912,1.4710676303026886
2022-02-13,Brazil,0.9396359339465925,7.039763906036187,6.305946187378901,1.4729233650437092
2022-02-20,Brazil,0.9521601729043672,7.018814239544121,6.306132691091233,1.480068748299517
2022-02-27,Brazil,0.9670766251008853,7.24272147865346,6.345207412273409,1.4942195680533266
2022-03-06,Brazil,0.9519966060990572,7.288048633537174,6.178436782830632,1.449237838626663
2022-03-13,Brazil,0.960491975129168,7.308337963570531,6.162711966193454,1.4712069469664355
2022-03-20,Brazil,1.015761180633728,7.334158532041594,6.07695167174677,1.4703530798955813
2022-03-27,Brazil,0.9865407062263871,7.627461844832341,5.844739793397149,1.5089974268655506
2022-04-03,Brazil,1.007759285604055,7.58241420063583,5.155256790183694,1.4917425094214047
2022-04-10,Brazil,0.9863413770356217,7.506646375911823,4.993955446255488,1.4822542420655052
2022-04-17,Brazil,0.9750907210146791,7.526771338279313,5.014960089222205,1.4805731407630398
2022-04-24,Brazil,0.9626991900216394,7.308364628430294,4.91010703487114,1.4539101749918106
2022-05-01,Brazil,0.945859942570235,6.987153739156854,4.884381827910083,1.418388305552304
2022-05-08,Brazil,0.9265386733968703,7.057266297495715,4.869079242940668,1.4126532179877616
2022-05-15,Brazil,0.914821329048214,7.074844249368699,4.876224762819135,1.4184451676983565
2022-05-22,Brazil,0.8970348415367692,7.028865481263207,4.857390636754573,1.4336420244648609
2022-05-29,Brazil,0.9628649796264517,7.033079333704908,4.917048634746385,1.4462072574079532
2022-06-05,Brazil,0.939689613954915,7.173650206017606,4.893282247860095,1.4802272551875992
2022-06-12,Brazil,0.8738399392038185,6.5230460864481055,4.528863510886917,1.4151804071422052
2022-06-19,Brazil,0.8150691669474783,6.198047878303997,4.310068945240681,1.3721902797720935
2022-06-26,Brazil,0.8061170352163397,6.256745078480826,4.359134450142779,1.3663240366218987
2022-07-03,Brazil,0.7886452661309459,6.268517684353822,4.352519862529549,1.378087387204347
2022-07-10,Brazil,0.797257781279142,6.4399390883075736,4.40059342613207,1.3965111215160082
2022-07-17,Brazil,0.7211631967058033,6.322263311302,4.2413377534356425,1.3703933666921402
2022-07-24,Brazil,0.784092976001508,6.315638936767099,4.225354852518708,1.3681839243001048
2022-07-31,Brazil,0.8367115172197133,6.010279715892766,4.148941749450898,1.3720131468431147
2022-08-07,Brazil,0.833686684161432,5.998422667488948,3.8625456652948458,1.390558656916832
2022-08-14,Brazil,0.9114970636930733,5.99704707264635,3.873789264201265,1.3994410237202295
2022-08-21,Brazil,0.8557714727672874,5.983581790383108,3.8402068833110823,1.3927577029900546
2022-08-28,Brazil,0.8730977048624061,6.0896320817160285,3.884581079030552,1.4043354493433915
2022-09-04,Brazil,0.8886755205317225,5.993182451361474,3.7554358763230233,1.3949295700319273
2022-09-11,Brazil,0.9300581742966187,5.991803407289373,3.753081248821279,1.3955690110330938
2022-09-18,Brazil,0.8997381962219573,5.828970280750937,3.717395034207784,1.369564020686281
2022-09-25,Brazil,0.8160393684956466,5.8103109042305885,3.7373056410248098,1.36467297488706
2022-10-02,Brazil,0.7549426956256717,5.725194268294304,3.75980793635057,1.3476012648381115
2022-10-09,Brazil,0.7800515648565742,5.749517444643237,3.7830331531112096,1.3681425918446273
2022-10-16,Brazil,0.7574864674789229,5.587109109112937,3.683682665586033,1.339544581912499
2022-10-23,Brazil,0.8068711414053171,5.662787844812256,3.701986697100782,1.3627296934774733
2022-10-30,Brazil,0.8250738278452294,5.574257541705886,3.657661766237045,1.3447730956744832
2022-11-06,Brazil,0.8694211151666982,5.567543155345686,3.6740377710041545,1.38008708370801
2022-11-13,Brazil,0.846282801983965,5.372766022526542,3.577513933256222,1.3429141090321448
2022-11-20,Brazil,0.8431045588304683,5.378761766034845,3.436357280126026,1.3401245772895862
2022-11-27,Brazil,0.8657117585995456,5.367779375569922,3.3802810389415896,1.336215133293184
2022-12-04,Brazil,0.9272519140484875,5.3052987792584565,3.4213678345740832,1.3451333109369747
2022-12-11,Brazil,0.9186298076315538,5.298695717464366,3.364198349965194,1.3413824559620289
2022-12-18,Brazil,0.8752520245646327,5.293241676098821,3.3749977023772177,1.3397397329006997
2022-12-25,Brazil,0.8805003520427847,5.2876922871894045,3.3921059363627615,1.3491183292946354
2023-01-01,Brazil,0.8837005450746522,5.21415422295218,3.375456903621463,1.3294865647231802
2023-01-08,Brazil,0.892540592994565,5.081565144939087,3.461334308571963,2.4228892467190932
2023-01-15,Brazil,0.9125603838464115,5.091730475215651,3.4780476270299725,2.433081073491111
2023-01-22,Brazil,0.9024761713104363,5.040205189607246,3.4629148015558027,2.4066134834583752
2023-01-29,Brazil,0.9388043540736694,5.051014625537499,3.4948002514501475,2.4142975672720777
2023-02-05,Brazil,0.9645524834903162,5.009294711720343,3.4399858207504703,2.3793891037378057
2023-02-12,Brazil,0.9327146022520739,4.971918099950725,3.4423944819003376,2.361438900035888
2023-02-19,Brazil,0.9426475785533672,5.014465906111452,3.445717213392411,2.3727268580659597
2023-02-26,Brazil,0.930111216860701,4.998106936941161,3.4588173257840564,2.365497102864508
2023-03-05,Brazil,0.9741931118518885,5.0413500864271725,3.574252529139168,2.370908104160003
2023-03-12,Brazil,0.9562055171038428,5.047315567562761,3.5710887135257723,2.375563257262087
2023-03-19,Brazil,0.8987170101861461,5.0451791041701926,3.5529222362902715,2.3744654004982886
2023-03-26,Brazil,0.895991600048337,5.14598675773421,3.820803086154807,2.402347131873403
2023-04-02,Brazil,0.9529512205879495,5.217499220650546,4.029378765972746,2.769292999930866
2023-04-09,Brazil,0.9350061827480075,5.229813789958067,4.059618242160168,2.780336385158016
2023-04-16,Brazil,0.9786914460394935,5.2323155878963465,4.138044992959529,2.789043347015431
2023-04-23,Brazil,0.9460493085346053,5.199643473900444,4.035900120117473,2.773579053816616
2023-04-30,Brazil,0.9706966055556053,5.299108640898844,4.037856487305529,2.8300318223785137
2023-05-07,Brazil,0.9581260612721243,5.329819950539252,4.049634169961531,2.8398134681199534
2023-05-14,Brazil,0.9489712400598237,5.338872446232545,4.05299499537259,2.84406206624747
2023-05-21,Brazil,0.9800742315784448,5.325272248306338,4.119250882168205,2.82248012008142
2023-05-28,Brazil,0.9984210967396785,5.391352390137467,4.205033161491651,2.840676763099409
2023-06-04,Brazil,1.007817821673409,5.401391434687979,4.223088011114029,2.8633208861239363
2023-06-11,Brazil,1.0392112603740686,5.702489716258755,4.426634079130255,3.014246545973028
2023-06-18,Brazil,1.072017990162488,5.902553904271127,4.577579232189908,3.114191859430043
2023-06-25,Brazil,1.0941882875951376,5.93758731227951,4.585589584060438,3.1349433808279543
2023-07-02,Brazil,1.0967185308052716,5.928571123396447,4.5514271589568045,3.1438590931433845
2023-07-09,Brazil,1.0828915046705145,5.87538480808665,4.4786214060234615,3.1343370109277155
2023-07-16,Brazil,1.0997861072123467,6.012238784458247,4.474726224521833,3.2090913998604775
2023-07-23,Brazil,1.1033977080635846,6.031603922074339,4.474234604317592,3.2206410020362544
2023-07-30,Brazil,1.1446958523522333,6.405922183968308,4.696703717342873,3.367160908273396
2023-08-06,Brazil,1.108764809561377,6.306378877314585,5.006290509729409,3.3709943875348305
2023-08-13,Brazil,1.114137608327698,6.31659489253828,5.00916313694098,3.3679980605408533
2023-08-20,Brazil,1.0574484768976082,6.3154569783248,4.980848544361125,3.3678388232106533
2023-08-27,Brazil,1.1042618053263695,6.349384336004061,5.1948692129269185,3.3835656248508825
2023-09-03,Brazil,1.1341934693867093,6.405036796790222,5.366676841188848,3.3982930782315717
2023-09-10,Brazil,1.120807320399642,6.373378773116383,5.362856347778643,3.3824456379912524
2023-09-17,Brazil,1.130944521969563,6.516036542306205,5.353110167585994,3.4611855793965134
2023-09-24,Brazil,1.08285919556544,6.470976084933333,5.360054660656557,3.4389438048323617
2023-10-01,Brazil,1.0640360364671007,6.4571398892955205,5.379570336627394,3.431894391321366
2023-10-08,Brazil,1.0515374268019186,6.479342849599886,5.006674631156881,3.459719127557101
2023-10-15,Brazil,1.0735161258570238,6.66946594396125,5.135546363138893,3.203829141273012
2023-10-22,Brazil,1.0437373200724838,6.761846606650251,5.21497394296498,3.2643984650205597
2023-10-29,Brazil,1.064099052811001,6.8625965456845845,5.226834167652633,3.0284053584498345
2023-11-05,Brazil,1.0857077706638667,6.9932778780174365,5.276815395369693,3.728365134551116
2023-11-12,Brazil,1.1379443068560096,7.292651517680977,5.333180644711861,3.796653549250524
2023-11-19,Brazil,1.17999014298131,7.376501540747198,5.680048304431774,3.6781563814442233
2023-11-26,Brazil,1.1980493378885373,7.386954656048676,5.774685939889367,3.373536398165528
2023-12-03,Brazil,1.2138278899832005,7.637427111518368,5.835341781420834,4.053999185226681
2023-12-10,Brazil,1.1976328788264317,7.564897900575678,5.791764019597557,4.017957404138926
2023-12-17,Brazil,1.2362218171277621,7.598998004347981,5.802278358866659,4.040422417083146
2023-12-24,Brazil,1.2563103273791643,7.671500488042835,5.783181281848621,4.072503272684339
2023-12-31,Brazil,1.2603580308867732,7.846528708895599,5.830477605422206,4.157013382303741
2024-01-07,Brazil,1.2206389517601668,9.306084999886638,6.0598730556414555,4.034624843585434
2024-01-14,Brazil,1.272773571147578,9.468548123745958,6.234136877538364,3.5262524324414533
2024-01-21,Brazil,1.2600267076828988,9.33852079997581,6.204000030280101,4.040527329563953
2024-01-28,Brazil,1.235981871961696,9.433463548915688,6.262811834759512,4.086276775503547
2024-02-04,Brazil,1.2433783316589255,9.461686597585878,6.371275592211292,4.145730965118781
2024-02-11,Brazil,1.2439039159312597,9.598059862042104,6.385359710897193,4.208145738232082
2024-02-18,Brazil,1.263888289143327,9.529106197665202,6.41093280911476,4.187980072314638
2024-02-25,Brazil,1.297781986473515,9.541542049396009,6.436865583108458,4.188404224107343
2024-03-03,Brazil,1.2892993413019673,9.553620711829955,6.460022543310443,4.2769258867644835
2024-03-10,Brazil,1.268190730121653,9.52399984192081,6.362127429384095,4.267881282673904
2024-03-17,Brazil,1.288953605303575,9.555396945815728,6.385845553541455,4.275096338173993
2024-03-24,Brazil,1.244187088828697,9.560942552968385,6.414969567717363,4.277520041665539
2024-03-31,Brazil,1.2321540095493688,9.630391668611484,6.445604987590975,4.295587807826852
2024-04-07,Brazil,1.1973679874007417,9.55435105032254,6.6264184274803295,4.305918658768109
2024-04-14,Brazil,1.176050871780109,9.573741500904578,6.588770202561506,4.310276068579883
2024-04-21,Brazil,1.1441337409424088,9.691958446225202,6.609281234860906,4.333492504179032
2024-04-28,Brazil,1.1867783981465825,9.703066962114011,6.603338104452471,4.3422024717444305
2024-05-05,Brazil,1.2363818267886821,9.69327321781882,6.6005338263185935,4.260679697594967
2024-05-12,Brazil,1.227991331249166,9.506377166717456,6.547948274334593,4.207515544695054
2024-05-19,Brazil,1.227991331249166,9.8165022940393,6.639837446097917,4.286895632738117
2024-05-26,Brazil,1.2013518485576993,9.72257184874158,6.564287144077504,4.257936989216254
2024-06-02,Brazil,1.2128215984964488,9.659429804995987,6.517125414420569,4.325210392900007
2024-06-09,Brazil,1.2006672991534173,9.642981890942378,6.473910580099089,4.357408726536381
2024-06-16,Brazil,1.1579256137202474,9.663727677493748,6.484935687644222,4.363012792415499
2024-06-23,Brazil,1.1336394318830605,9.600401830828714,6.496824105321955,4.343303732247425
2024-06-30,Brazil,1.116669694003385,9.2619001413274,6.372680595857307,4.242793904710619
2024-07-07,Brazil,1.165518593973153,9.206348965474756,6.434562963895892,4.244911184801509
2024-07-14,Brazil,1.2053966484107586,9.327401621139524,6.9822664923756514,4.284231204913271
2024-07-21,Brazil,1.1611904656956644,8.972084086123896,6.857555867309833,4.178598775648052
2024-07-28,Brazil,1.1687092533471737,8.968525879637202,6.616583071956286,4.177843598429447
2024-08-04,Brazil,1.1150144093727097,9.084764334585351,6.682226822332522,3.495961305826407
2024-08-11,Brazil,1.137283032174425,8.912236247244653,6.603239672391687,4.08510432166764
2024-08-18,Brazil,1.183283431402657,8.967964714727614,6.681358054682069,4.099634834453292
2024-08-25,Brazil,1.205549738909328,9.03497196710814,6.71344090390347,4.121220048156888
2024-09-01,Brazil,1.1901408634861377,8.82037839640877,6.71239761023781,4.103640556585889
2024-09-08,Brazil,1.1652654009070522,8.830210007148462,6.564689018896705,3.7080136877163055
2024-09-15,Brazil,1.1795103750100937,8.979874820554409,6.78624657337793,4.0276807753469175
2024-09-22,Brazil,1.168927317208847,9.041549684251464,6.782254917301689,4.171112594888011
2024-09-29,Brazil,1.1763446443392516,9.156270198261838,6.760813922947427,3.568818515706872
2024-10-06,Brazil,1.2122803477500241,9.133537328032924,7.436542066857774,2.9339150553055906
2024-10-13,Brazil,1.168927317208847,8.868055568873153,7.28421317595788,2.4669103960872385
2024-10-20,Brazil,1.186964783794172,8.787920595973551,7.030122586517613,2.788223464556893
2024-10-27,Brazil,1.1615861254201039,8.755808936815122,7.055093471825349,2.6531795395371263
2024-11-03,Brazil,1.167728787712538,8.752147089044795,6.926278318869184,2.986342186194241
2024-11-10,Brazil,1.168600246341389,8.69036245483608,7.010194420357445,3.5544347643791765
2024-11-17,Brazil,1.134262753753118,8.644512271218872,7.0183394625218,3.970782151690016
2024-11-24,Brazil,1.168636580164271,8.628714900861004,6.993177535618508,3.873900155699409
2024-12-01,Brazil,1.1460326196224417,8.571905409761095,7.045597115672132,3.9096613243087392
2024-12-08,Brazil,1.1289126666133258,8.530014646414859,7.097328879345392,4.211311010200473
2024-12-15,Brazil,1.108396866851875,8.555628631519255,7.099057497957875,3.87500633814796
2024-12-22,Brazil,1.021043032744011,8.68231843176124,7.600349814050199,4.275163692524326
2024-12-29,Brazil,1.0066479407678468,8.610326998746222,7.583060079057818,4.254123986038529
2015-01-04,Chile,1.4234770527410583,4.474154070023802,4.472939176300188,0.7076608250254071
2015-01-11,Chile,1.4182432667869853,4.475792044101452,3.966318306665467,0.8301612885734657
2015-01-18,Chile,1.3742526256126462,4.424312792169611,3.960742197550613,0.6326732059022364
2015-01-25,Chile,1.3804265136616551,4.475143343701476,3.9741926460948944,0.6127185576606486
2015-02-01,Chile,1.3755319507106691,4.453494922025158,3.6106450546457873,0.5788883726125921
2015-02-08,Chile,1.4288614554932273,4.496797045175686,3.167365331432386,0.548193282366063
2015-02-15,Chile,1.4448571178338336,4.494829558924147,3.081922863991812,0.6791396172895792
2015-02-22,Chile,1.4340762724842742,4.525485260610508,3.0837241898249603,0.7177497624650224
2015-03-01,Chile,1.475472674841544,4.53020115317628,3.049809410209477,0.6716983333113483
2015-03-08,Chile,1.434184303925128,4.53996984231611,3.061382487897338,0.8654747870853418
2015-03-15,Chile,1.40542202452535,4.464548082507539,2.9825231686156357,0.6749543288480422
2015-03-22,Chile,1.4475538903867786,4.4883507216538945,2.9959776429321163,0.7927710825624479
2015-03-29,Chile,1.4913087965026084,4.5392361315500125,2.9385931519944104,0.7456574141511819
2015-04-05,Chile,1.5106734530951258,4.5299263494837,2.9167661126949684,0.7753574596062953
2015-04-12,Chile,1.4811524896255088,4.5038693808254715,2.9278035090689745,1.1101131744523758
2015-04-19,Chile,1.4942757442862946,4.511804593692636,2.817085606378559,1.1815409461550264
2015-04-26,Chile,1.4957050044877156,4.512858087442137,2.804896430430565,1.4495711475079585
2015-05-03,Chile,1.4642108426640976,4.512520378768419,2.8105106430413276,1.576180477629525
2015-05-10,Chile,1.485476211254487,4.540758721272924,2.820244702881354,1.6195139417318412
2015-05-17,Chile,1.5047144712805234,4.544771744918408,2.8244265333926712,1.9954824764786123
2015-05-24,Chile,1.522894598541162,4.485918668086219,2.815586871831497,1.8644223306697816
2015-05-31,Chile,1.516814943191906,4.450286303032052,2.7815970254068616,1.6745266236966745
2015-06-07,Chile,1.4944542192884613,4.236213965448094,2.618337422467,1.5741105749233346
2015-06-14,Chile,1.5062897436214704,4.251593461062453,2.6046231175261174,1.716476428261567
2015-06-21,Chile,1.5245179704386036,4.253218995788879,2.579304533023853,1.7954010095207833
2015-06-28,Chile,1.4812107170069284,4.2389631017710565,2.5787406799778165,1.8812209556507729
2015-07-05,Chile,1.4725948574109995,4.228663341253154,2.577168563167716,1.833291910092724
2015-07-12,Chile,1.4448571178338336,4.181905394168493,2.5745185252072016,1.0988692941105858
2015-07-19,Chile,1.428754439473821,4.227199714790491,2.5781805747725866,1.4425065895428295
2015-07-26,Chile,1.3853084468743355,4.141974901773242,2.514310864845392,1.174972798636305
2015-08-02,Chile,1.3915390855509853,4.08740820178506,2.4755177449632404,1.1557838128770768
2015-08-09,Chile,1.3743017837217721,4.080615353052227,2.428356604493681,1.0536473326223317
2015-08-16,Chile,1.344655664672351,4.06883266041775,2.4254755574730464,1.054411166917271
2015-08-23,Chile,1.2934185649433365,4.035820735871851,2.3994264540147263,0.8785712881965294
2015-08-30,Chile,1.306373083526927,4.037436846858759,2.4017170875649323,0.6655343392196551
2015-09-06,Chile,1.2805805380726825,4.037126985680477,2.4020968238891736,0.7454722073150922
2015-09-13,Chile,1.308638281137242,4.05143165523484,2.396888345007679,0.7401999071986991
2015-09-20,Chile,1.3682831284310706,4.04858799089711,2.3815537848876263,0.8874001367550619
2015-09-27,Chile,1.2398310162548054,3.9658871271566776,2.332369394702974,0.7906409796642766
2015-10-04,Chile,1.1756104398452945,3.9611455653386103,2.334523708169575,0.9968589949114556
2015-10-11,Chile,1.276496138603619,3.9557128018256704,2.280418899528275,1.022882027783796
2015-10-18,Chile,1.2765809799441088,3.9665526415176497,2.257152449031712,1.1707926313022563
2015-10-25,Chile,1.3020417495388337,3.9401514141907112,2.2318113431592166,1.0640611731594998
2015-11-01,Chile,1.308638281137242,3.941202807864991,2.221912978146669,1.029980127241397
2015-11-08,Chile,1.3084158633888308,3.9243601256293177,2.2135295914380313,1.0834892242257603
2015-11-15,Chile,1.2601095234453523,3.9360231136020207,2.1923418520012685,0.8134026741006851
2015-11-22,Chile,1.298833434948341,3.9100747846778328,2.195741937984553,0.8462251387254898
2015-11-29,Chile,1.2891696695426282,3.947879228062851,2.198499112361076,0.729172120445951
2015-12-06,Chile,1.276538557948537,3.883453510589859,2.2325932731367755,0.948963906350762
2015-12-13,Chile,1.1940840353683764,3.845978009244156,2.135586835445292,0.6514187610399368
2015-12-20,Chile,1.2580008449045428,3.851520604563799,2.1408466772329513,0.8055282945975552
2015-12-27,Chile,1.2786629128285212,3.855173130259305,2.1450761582118743,0.8070977656530322
2016-01-03,Chile,1.2849473613077587,3.206677461955304,1.977480897726575,0.6660508481916229
2016-01-10,Chile,1.2459291358314077,3.170410379421893,1.9889492798497568,0.4737171083727208
2016-01-17,Chile,1.1999834144776313,3.1914194022723064,1.9906486377525276,0.3655881333440498
2016-01-24,Chile,1.2419249535595998,3.1932730907752083,1.998154030459813,0.3904820401326832
2016-01-31,Chile,1.248204472081921,3.2015094514383255,2.074139733541067,0.3903523937296865
2016-02-07,Chile,1.2642214896142143,3.2076434919045895,2.214255213637384,0.3644052259907083
2016-02-14,Chile,1.2401125229913634,3.222963719705756,2.236346341056794,0.3121162875599759
2016-02-21,Chile,1.2957276526066825,3.2274082929958743,2.24086386847798,0.4221523717508791
2016-02-28,Chile,1.3129679040117734,3.230370435652594,2.21075359336073,0.4654313640190292
2016-03-06,Chile,1.3853084468743355,3.2382456943192643,2.2125801469719875,0.7014191451793602
2016-03-13,Chile,1.4156687819936795,3.2540944249790473,2.2502683961742043,0.7400498427854953
2016-03-20,Chile,1.4697303756131237,3.264410972836581,2.2528836318649894,0.9404305588094932
2016-03-27,Chile,1.3903284357247445,3.2571181144230015,2.267036469306922,0.9318670124200326
2016-04-03,Chile,1.4234770527410583,3.281056105743241,2.276678143599338,0.8467436226562887
2016-04-10,Chile,1.3731720898194832,3.2631268861565803,2.2791811522327365,0.8399407995465284
2016-04-17,Chile,1.420828349091273,3.2726814597055074,2.370883416811924,0.7477430073365968
2016-04-24,Chile,1.4182432667869853,3.274048125787309,2.38322146803325,1.0839837702592563
2016-05-01,Chile,1.4079552973938951,3.2868434924450107,2.396314559725869,1.0670518002288305
2016-05-08,Chile,1.4169284225715937,3.2904692449450983,2.3699538037112897,1.0752815133472469
2016-05-15,Chile,1.40542202452535,3.180965112513773,2.3432611878685643,1.0626450161232062
2016-05-22,Chile,1.368331836218287,3.1883278734027054,2.33651710558898,1.1181144440428097
2016-05-29,Chile,1.3707230044931187,3.1967022412550556,2.343916659803707,1.3275119837742062
2016-06-05,Chile,1.385358453505509,3.286785712050594,2.451327692690227,1.3588784495477748
2016-06-12,Chile,1.3743509455618441,3.2803507514678625,2.4810299570607333,1.0909313321098264
2016-06-19,Chile,1.357655084450368,3.282923756094093,2.452694826388757,1.0319618676921978
2016-06-26,Chile,1.3449375805858828,3.2937499288689422,2.460004921973349,0.9588440466945004
2016-07-03,Chile,1.4586837029101822,3.255888794802967,2.468261207183536,1.4609687309637454
2016-07-10,Chile,1.4897716440839992,3.2839383280541212,2.476452163458099,1.197819656234414
2016-07-17,Chile,1.5016362391370746,3.288161758063687,2.4860406878211783,1.4476805508782569
2016-07-24,Chile,1.538239831211941,3.3352071169508504,2.5233828767077235,1.335995874505423
2016-07-31,Chile,1.4809778405153036,3.355639711554302,2.5131842511733167,1.21968564795553
2016-08-07,Chile,1.5576112185247233,3.2760546627615756,2.555080488418844,1.0765961505238122
2016-08-14,Chile,1.587561573618531,3.2919984801765603,2.568600859490399,1.26974040322849
2016-08-21,Chile,1.5777042010680682,3.267468475716972,2.579035066794341,1.3956862785560882
2016-08-28,Chile,1.5511056391571825,3.241815396428286,2.572147862945428,1.3109330426049457
2016-09-04,Chile,1.5462889888791294,3.251314066909484,2.5765896021306247,1.237830319453606
2016-09-11,Chile,1.5384317486684622,3.251036595947811,2.6042357976923647,1.186021591056274
2016-09-18,Chile,1.464040857857849,3.243039208831395,2.5906312422662134,1.1687196496626735
2016-09-25,Chile,1.4866500987056355,3.292816345655543,2.637117884442546,1.017687594106351
2016-10-02,Chile,1.4809778405153036,3.30736736916447,2.5935587057783165,1.2308839834188603
2016-10-09,Chile,1.455603150740579,3.298764870654119,2.703471113931177,1.4170204829776114
2016-10-16,Chile,1.4556590808787775,3.298135519017429,2.715189783053203,1.4763082450580722
2016-10-23,Chile,1.48670884907891,3.318223738368337,2.7372408660636705,1.672439776233304
2016-10-30,Chile,1.4667653665016627,3.3387564300342536,2.7566038029592335,1.3913013644914003
2016-11-06,Chile,1.433968367528299,3.3533451418796365,2.6831162465740306,1.071116680185468
2016-11-13,Chile,1.3854084640180029,3.321543446650575,2.6651876222734696,0.9843911054359652
2016-11-20,Chile,1.4118003767170533,3.2839017940586968,2.654476106193506,0.9114384037879886
2016-11-27,Chile,1.4393346473922017,3.2814206649206024,2.6634206643255864,0.6951223108566398
2016-12-04,Chile,1.465344887916247,3.3302272559116743,2.6295896365076565,1.521911626478775
2016-12-11,Chile,1.5273379117172776,3.36065645928535,2.7645347428971134,1.576129781097844
2016-12-18,Chile,1.4867675463150158,3.287080537976803,2.7544033969425374,1.9342281560872812
2016-12-25,Chile,1.492671747805304,3.2795253199020222,2.7362272118634148,1.8729309713176896
2017-01-01,Chile,1.501515902938903,5.946266207192493,3.5226182440177314,1.8195970866499012
2017-01-08,Chile,1.5166914397222246,4.0523739390505815,3.04970596022918,1.7515909386203996
2017-01-15,Chile,1.510551194236215,4.063289454907069,3.085346721769229,1.7581455498350975
2017-01-22,Chile,1.4970778543086385,4.084308738670431,3.0754858473828253,1.8666936948776305
2017-01-29,Chile,1.5059864291595308,4.095479870439778,3.089047911856329,1.846676048289511
2017-02-05,Chile,1.543056315899856,4.106743144113861,3.176891836572893,1.907251457390168
2017-02-12,Chile,1.537728351559685,4.106623160471698,3.229994281364935,2.037278948512044
2017-02-19,Chile,1.5070181094152917,4.090194564173913,3.2237360933363006,2.116455142384029
2017-02-26,Chile,1.551955918290669,4.0906325117637,3.388653726628355,2.0831265714448772
2017-03-05,Chile,1.5768844131440276,4.050757771784388,3.3098277480141687,2.093082388253843
2017-03-12,Chile,1.5506483992225615,4.039493345905992,3.3035234952645434,1.5240045776261797
2017-03-19,Chile,1.578661986351587,4.055583169127438,3.3501112420118204,1.9329154902793244
2017-03-26,Chile,1.5504525186348825,4.069384244417143,3.387588084953501,1.6926135416085797
2017-04-02,Chile,1.5700300013048236,4.074885281277657,3.3783620340216785,1.93147935816996
2017-04-09,Chile,1.5633208871323805,4.106398621937805,3.429073506293876,1.9940883912763232
2017-04-16,Chile,1.551955918290669,4.155849998588492,3.4692658938647405,2.022144619442257
2017-04-23,Chile,1.5299818198930843,4.1479261942274075,3.4281799953873833,1.8202967653252504
2017-04-30,Chile,1.5686146908981153,4.072324290147237,3.3993990421812845,1.8889648268319332
2017-05-07,Chile,1.5522832470622292,3.9828355692688584,3.360294400852074,1.397158978683229
2017-05-14,Chile,1.5637212957777868,4.121832672007478,3.402256950804496,1.4019444532362348
2017-05-21,Chile,1.5705024361485869,4.127519581430957,3.418306500380562,1.6457109351083548
2017-05-28,Chile,1.5772258925148783,4.121724495999443,3.3797250114434103,1.622089518043813
2017-06-04,Chile,1.5890929074633053,4.130048305301294,3.392873503936143,1.5079291399187855
2017-06-11,Chile,1.5943437011677735,4.142374181854919,3.3902608616777727,1.517961684717012
2017-06-18,Chile,1.5873530653076258,4.127018102806487,3.393092750437425,1.8145309887118144
2017-06-25,Chile,1.6048459422961499,4.1357211601466135,3.4103159056272525,1.5584551223256375
2017-07-02,Chile,1.6101691734980428,4.288151539838403,3.3948895878588803,1.7519541032423318
2017-07-09,Chile,1.5908379372414796,4.287133865099588,3.408920505281731,1.45037698869318
2017-07-16,Chile,1.5977290851076318,4.292273970022043,3.4333335359130013,1.651145892502112
2017-07-23,Chile,1.6078611992316345,4.298084369645367,3.4292818476700067,1.742195896865921
2017-07-30,Chile,1.606638850914997,4.28754553304821,3.4834619119645547,1.6898463036494369
2017-08-06,Chile,1.635806327584419,4.359203065517967,3.487379137282882,1.9743868243693743
2017-08-13,Chile,1.613793775198572,4.375138771802383,3.5059393412121467,1.9969499817603953
2017-08-20,Chile,1.6451758269542887,4.421521243091199,3.477060743946817,2.0630205247883096
2017-08-27,Chile,1.6489516614184212,4.452226923877275,3.4577244537075127,1.993541094261463
2017-09-03,Chile,1.6805080791403133,4.437663877316506,3.411133938079237,1.8547767369177903
2017-09-10,Chile,1.6924896690380358,4.446131462371357,3.4148037267812086,1.8297107523156837
2017-09-17,Chile,1.7202325737285475,4.429362782053564,3.4434899974795927,2.0252092197531733
2017-09-24,Chile,1.6546237614598949,4.454232421097906,3.5094911705497744,2.045656900421569
2017-10-01,Chile,1.6643904587414937,4.35378997540979,3.516593573265936,1.9641421377946633
2017-10-08,Chile,1.6865081168973353,4.3723682081685755,3.5138887795317015,1.8759940504304928
2017-10-15,Chile,1.6843637412106287,4.381086203377657,3.535470176183386,2.0382433546849623
2017-10-22,Chile,1.7053322157264899,4.362015460538809,3.5262724617040093,2.1221083413724755
2017-10-29,Chile,1.7244636420462331,4.354850027124712,3.537083325819419,2.0441145336897657
2017-11-05,Chile,1.7333844177204554,4.3753952097566176,3.6518167630639433,2.1701376529833185
2017-11-12,Chile,1.7073016150450866,4.407794017450704,3.743278257715654,1.8111643058309304
2017-11-19,Chile,1.7271246846787998,4.475181012464654,3.7578293705420074,2.010069049820287
2017-11-26,Chile,1.7037105784013256,4.437590404733322,3.763233526013656,1.992508840423563
2017-12-03,Chile,1.6931582584053364,4.4784369595008195,4.012532647514733,2.3582805396865054
2017-12-10,Chile,1.680344595063922,4.502405985523578,3.9628729288028577,2.330847239637243
2017-12-17,Chile,1.6930745572881185,4.588369042395675,3.958083905631926,2.566538924060758
2017-12-24,Chile,1.7348253089813728,4.5832466640639105,3.986484327700247,2.563831146704661
2017-12-31,Chile,1.7521399968686682,4.593839124717167,4.0043618704422785,2.563670604749973
2018-01-07,Chile,1.7634268328668026,5.232940378545229,4.321357204638174,1.8382926732516525
2018-01-14,Chile,1.7951382996315117,5.261625300650984,4.342974513382244,1.7605161944801369
2018-01-21,Chile,1.802755089109538,5.209656448566537,4.300959748441636,1.9122005059429288
2018-01-28,Chile,1.8119378695098927,5.230193082916657,4.356147677510997,1.8497850190076195
2018-02-04,Chile,1.7870327060234734,5.199562290291773,4.331177189314255,1.6898956157452456
2018-02-11,Chile,1.6919887522641555,5.179599311047528,4.328288957782979,1.297969152454029
2018-02-18,Chile,1.7524193222086686,5.180590634335595,4.361287768387535,1.498745948953847
2018-02-25,Chile,1.7711809036485922,5.177792898069458,4.347639271542973,1.669543198130689
2018-03-04,Chile,1.7715666302767583,5.245378339624823,4.3961575265854895,1.5792891676404806
2018-03-11,Chile,1.81120993205029,5.25258203399088,4.404058983524582,1.56662023857175
2018-03-18,Chile,1.7916208619060123,5.186784137970082,4.357287965033455,1.6576425610972936
2018-03-25,Chile,1.6919887522641555,5.19159482405164,4.3640685210954695,1.462352688160341
2018-04-01,Chile,1.729977414580416,5.200628088303045,4.380872349110355,1.4773815592119424
2018-04-08,Chile,1.7524193222086686,5.178215049027609,4.366154291440973,1.6184759456414195
2018-04-15,Chile,1.7663812869997833,5.201462946215815,4.335270844173832,1.4166253043399164
2018-04-22,Chile,1.7523261046778196,5.194152300408575,4.3381023089558965,1.381841058218744
2018-04-29,Chile,1.7476901190815055,5.202419906865822,4.358148678434369,1.565340013010503
2018-05-06,Chile,1.7041368658302598,5.273323051793723,4.288256980047133,1.5617092330497149
2018-05-13,Chile,1.7170804648489195,5.268869417974154,4.291821913334091,1.5872647601907526
2018-05-20,Chile,1.6757051170520127,5.09871029363929,4.142853937486974,1.5783676425498614
2018-05-27,Chile,1.7085897003806052,5.081070171685254,4.197275612826569,1.4492498881721327
2018-06-03,Chile,1.6718277343291508,5.0040649426793316,4.128144170381243,1.3450759241231347
2018-06-10,Chile,1.6793646895708494,5.021208964990819,4.138958297036993,1.416395114572006
2018-06-17,Chile,1.6875005243552226,5.005259116673446,4.147910845853684,1.4006377544161035
2018-06-24,Chile,1.6880803741975465,4.9933283136074875,4.120962623929145,1.5251649254234112
2018-07-01,Chile,1.6447918637542849,4.871542648393286,4.156185642805728,1.382403231648099
2018-07-08,Chile,1.6599588278570374,4.877835231476729,4.131529017698052,1.4093792477547826
2018-07-15,Chile,1.6919887522641555,4.897421980529168,4.138275262208581,1.463175582823096
2018-07-22,Chile,1.6881631642813404,4.819423324206463,4.051928747600541,1.5272472544865596
2018-07-29,Chile,1.7466754846849994,4.788638762143861,4.056422242653043,1.6368886382445835
2018-08-05,Chile,1.7532581615966303,4.88513101715704,4.101589450423756,1.6777995467060876
2018-08-12,Chile,1.7218154154895828,4.850490923842005,4.055582878315864,1.6681480523374532
2018-08-19,Chile,1.729084342494061,4.767303681158332,4.036556211456314,1.616722421306353
2018-08-26,Chile,1.720408132731481,4.816438951832239,4.162697606648432,1.7969734966054487
2018-09-02,Chile,1.692656741276334,4.694064010033951,4.131639116383736,1.6265597113225356
2018-09-09,Chile,1.6768410732575165,4.5822064911138,4.115573957321542,1.4544332290692246
2018-09-16,Chile,1.756532700572129,4.5951815768723385,4.119836111981867,1.442211504560456
2018-09-23,Chile,1.763997402414664,4.550474357306453,4.123372555499692,1.4984442742668018
2018-09-30,Chile,1.7922222224052466,4.624842153037285,4.148516563649854,1.4810930000468638
2018-10-07,Chile,1.7705062815294788,4.38992530427835,3.999734644985827,1.225378276227833
2018-10-14,Chile,1.7654263739866172,4.387351809591219,3.9734924634537303,1.277126323438025
2018-10-21,Chile,1.7530715475373935,4.393046190210129,3.977373346624145,1.294302349366428
2018-10-28,Chile,1.734644990022762,4.380765608753643,3.8533899433766416,1.1841312829577026
2018-11-04,Chile,1.7356374804043608,4.400958692972121,3.870987169975669,1.0512557874374024
2018-11-11,Chile,1.748706649152802,4.399800950308493,3.822973547089416,0.9123965355911108
2018-11-18,Chile,1.7306929206914679,4.381990304879374,3.763577304101657,0.7115127864521907
2018-11-25,Chile,1.6842813467159299,4.3878181222850365,3.692686937696591,0.1307739292306625
2018-12-02,Chile,1.6763539537611907,4.3988586233891755,3.6948786379231935,0.2692571936536326
2018-12-09,Chile,1.6602742246602036,4.409077242032822,3.673424047258821,0.7093580536520409
2018-12-16,Chile,1.6923225633137953,4.42601090611724,3.6464026657006383,0.6742649158560671
2018-12-23,Chile,1.630092705834116,4.464977404956212,3.612413054968369,0.3807516709406434
2018-12-30,Chile,1.6318909173106297,4.480780975949931,3.639262006189206,0.3507932999138785
2019-01-06,Chile,1.6687769596281543,4.101857625653648,3.3971142087897515,0.3777560627131748
2019-01-13,Chile,1.6966815671846436,4.109515185062868,3.3901923974609343,0.7106593527320759
2019-01-20,Chile,1.7541917285535304,4.124621907150426,3.3967833010746196,0.9405797181488798
2019-01-27,Chile,1.7520468272766894,4.136141213433796,3.409090989673846,0.9598082029739442
2019-02-03,Chile,1.7685837070800066,4.066547258101453,3.373449414819508,1.1540467753000214
2019-02-10,Chile,1.7518608151463217,4.06143550040754,3.3757318385902555,1.1903006744817737
2019-02-17,Chile,1.7551269048720495,4.075092886209712,3.385437131521744,1.352739553264091
2019-02-24,Chile,1.7635217908865717,4.067452112422374,3.380178528926957,1.3585964612881285
2019-03-03,Chile,1.7792440222878196,4.039584735783447,3.355331607463887,1.3013851939613157
2019-03-10,Chile,1.7631417739285047,3.9944089364326385,3.325269348159572,1.305282895282283
2019-03-17,Chile,1.790720090436342,4.010714712507254,3.33801131197636,1.5179896965040791
2019-03-24,Chile,1.7480596390157634,3.992545492231851,3.345049245490202,1.4078778447650475
2019-03-31,Chile,1.7871321277687804,4.001249986304598,3.346815404636426,1.4748430997058086
2019-04-07,Chile,1.82982712739812,4.005019674249177,3.351622172470705,1.532489247214743
2019-04-14,Chile,1.8496889017200906,4.025520095888858,3.4020047218900262,1.4336156769586057
2019-04-21,Chile,1.8740786456549257,4.02729776753073,3.411134523360442,1.4336094794702006
2019-04-28,Chile,1.8549726923437895,4.00889375446949,3.4052083387626224,1.0948748899819645
2019-05-05,Chile,1.8454559476711045,4.029453656555103,3.4522319795073257,1.2391778695765985
2019-05-12,Chile,1.7937284972389242,4.008180809421637,3.434214595162032,1.0709954420529164
2019-05-19,Chile,1.7690638039285371,4.015712018661982,3.472155827455992,1.220861127681146
2019-05-26,Chile,1.756438773516348,4.053670774909501,3.456108436896492,1.0355641746822528
2019-06-02,Chile,1.7260586320180522,4.042914678980937,3.481998779122194,0.4863972644516071
2019-06-09,Chile,1.780321773200928,3.907922913082466,3.4903224025423327,0.9223254309550212
2019-06-16,Chile,1.813710261500879,3.899863572066672,3.491554628017925,0.7490520689201562
2019-06-23,Chile,1.8561039930330212,3.8938319882239463,3.4990335975342832,0.8030314878900106
2019-06-30,Chile,1.8548598222099932,3.950519300785171,3.48708475165588,0.927092885316212
2019-07-07,Chile,1.8688291437273528,3.8369667637765823,3.239652105088038,1.0257537081424268
2019-07-14,Chile,1.8837848853530395,3.848704295158896,3.2447097308201287,1.2559785496776823
2019-07-21,Chile,1.8816383605868625,3.858117452516572,3.236036721767785,1.0127221071597226
2019-07-28,Chile,1.904016698874274,3.8774033681546007,3.252961802355408,1.1249834498039135
2019-08-04,Chile,1.8390605615551194,3.8082925002439048,3.2367004896538702,0.9043091725145448
2019-08-11,Chile,1.8434626532353042,3.823067919115024,3.2486607174028257,0.9354354861938252
2019-08-18,Chile,1.8503605538640182,3.857458317945379,3.2704407118764065,0.9446022003263754
2019-08-25,Chile,1.8621408929384362,3.8266353798211417,3.2666199207022317,0.9182984849946152
2019-09-01,Chile,1.8852208383640288,3.88120432600236,3.29071235447509,1.059510104269087
2019-09-08,Chile,1.9354361690860256,3.898482234701357,3.337044841778356,1.1644517691732208
2019-09-15,Chile,1.9470840255887416,3.8853168828643914,3.3512084446625394,1.0440982180184923
2019-09-22,Chile,1.8901576635744617,3.898430076402667,3.36953909784606,0.8737360387361721
2019-09-29,Chile,1.865820237947321,3.903643951618308,3.3439262014817346,0.8743732835667937
2019-10-06,Chile,1.8769006257800678,4.035346683249449,3.3963502564208614,0.8783317809038322
2019-10-13,Chile,1.9022789949564876,4.04667329907776,3.4217359177645497,0.8676915815811626
2019-10-20,Chile,1.9232775688182837,4.051684502397999,3.428616224966871,1.0126018338660847
2019-10-27,Chile,1.8579190455647079,3.9960670118644153,3.4509802587117937,1.0692186714827316
2019-11-03,Chile,1.8253241486290832,4.003501963910432,3.4491025843305168,1.2462658589729574
2019-11-10,Chile,1.8119378695098927,3.983009085548261,3.487315188848663,1.393250344647884
2019-11-17,Chile,1.7493546151856187,3.874609924747747,3.4386935982395253,1.288103493620445
2019-11-24,Chile,1.6854348197247306,3.7708995442198128,3.396921110254424,1.2461268102913672
2019-12-01,Chile,1.6786307999805186,3.755188314232994,3.403620624999173,1.018089648466826
2019-12-08,Chile,1.7366317746225461,3.758973927794969,3.4576204120432315,1.2374979996945954
2019-12-15,Chile,1.8025506535502254,3.7729208836378336,3.54765954364311,1.445410540978263
2019-12-22,Chile,1.8005095973614158,3.787833541182818,3.5908567140716987,1.4521606848670436
2019-12-29,Chile,1.8144417590681172,3.7909175589372737,3.591563336980084,1.4554310211137502
2020-01-05,Chile,1.8170625576800763,4.277363575041726,4.149192129552111,0.9318847874292756
2020-01-12,Chile,1.7937284972389242,4.2419619308036465,4.1368878718614654,0.9869847293720804
2020-01-19,Chile,1.7837653729431677,4.241972085491447,4.136630327862192,1.0732907059077967
2020-01-26,Chile,1.729084342494061,4.242531935582518,4.130337459702771,0.797691779140445
2020-02-02,Chile,1.729084342494061,4.283048278120886,4.009900759504085,0.5446028140971935
2020-02-09,Chile,1.7508382820225457,4.28701513250409,3.77425644852987,0.6794513321004375
2020-02-16,Chile,1.7734999059899066,4.2916924787501145,3.773133467335738,0.7418560816651267
2020-02-23,Chile,1.7837653729431677,4.320924365945736,3.8177651615425376,0.7384041065254526
2020-03-01,Chile,1.5873530653076258,4.338003198074588,3.7516838231037513,0.2537563242312329
2020-03-08,Chile,1.5486924840585807,4.345327677200423,3.6317799361635967,0.0608200560582343
2020-03-15,Chile,1.3526430097881699,4.3011234142346355,2.3499330501627314,-0.0084628976992714
2020-03-22,Chile,1.1903655964597761,4.276410941762935,2.2392679580403683,-0.0176846538431269
2020-03-29,Chile,1.2867106272031976,4.203532454311075,1.9562769053651483,0.0127450945705421
2020-04-05,Chile,1.1594306252218305,4.060318053793723,1.2848833053730444,0.0162429781338678
2020-04-12,Chile,1.3216670652609266,4.027886824432267,1.241784046071262,0.0412225779316056
2020-04-19,Chile,1.354404788456091,4.002092430489149,1.1335812817590103,0.0192198991100439
2020-04-26,Chile,1.301425266310194,4.029270484577789,0.9413677611821342,0.0301588575752284
2020-05-03,Chile,1.3588061204743105,3.9880978564987166,0.7548931190279655,0.0840311124157308
2020-05-10,Chile,1.4019742328803166,4.004792044361807,0.758853299482147,0.0860395034717655
2020-05-17,Chile,1.3343087806073242,4.038324175845725,0.7483069494381288,0.082188541338736
2020-05-24,Chile,1.4188753613237841,4.029878543054995,0.7562888671700235,0.0967354242663036
2020-05-31,Chile,1.438681682992737,4.059635433141886,0.7391361353589385,0.1381785936365778
2020-06-07,Chile,1.5831983324465992,4.109130148281161,0.7021630891113682,0.2751502769933047
2020-06-14,Chile,1.4528714284223794,3.998836332155171,0.6757268827199926,0.1962741162779282
2020-06-21,Chile,1.4919009779264172,3.9155212083939426,0.6817003207042232,0.2982657644049862
2020-06-28,Chile,1.4717755218505109,3.9297362909276616,0.6817867296203811,0.227018972874946
2020-07-05,Chile,1.5404826385111159,4.019304412475115,0.6989438476125354,0.1711118330153107
2020-07-12,Chile,1.5379839728942575,4.027555233332872,0.7005002439974678,0.4411863872725139
2020-07-19,Chile,1.5421542271013162,4.04957712971847,0.7060584841509836,0.7543155800502619
2020-07-26,Chile,1.5737526843391527,4.065384257632033,0.7053830667630892,0.6913978467980495
2020-08-02,Chile,1.578936131507768,4.122704928528227,0.7129659579186685,0.6453408711938704
2020-08-09,Chile,1.6016326522535542,3.97709645438031,0.7231825558640897,0.6105650347972921
2020-08-16,Chile,1.5889534599706308,3.934230418461727,0.71485669486718,0.6036157822341135
2020-08-23,Chile,1.613502897797925,3.9682810611205017,0.7158079125775005,0.6075321505271708
2020-08-30,Chile,1.6508101474795545,3.9793422376564256,0.722635561476557,0.6107805119233536
2020-09-06,Chile,1.6431823560565952,3.973217244543901,0.7319235483316042,0.6300295392506445
2020-09-13,Chile,1.6406621867678832,3.9823338948257927,0.7252681169366068,0.6334974591543757
2020-09-20,Chile,1.6619328675645884,4.0120057515792595,0.7375313812344756,0.6332403183747161
2020-09-27,Chile,1.5601936781991632,3.8972251011067023,0.7218616315992359,0.6205361177937807
2020-10-04,Chile,1.6026304631478445,3.878924822168336,0.7104565624298391,0.6005425165629619
2020-10-11,Chile,1.6951687655078174,3.857275524948331,0.7164817577415631,0.591721017951519
2020-10-18,Chile,1.7148150044002692,3.85835120595948,0.7196010164164545,0.592690955529572
2020-10-25,Chile,1.699465518232814,3.9073312594760794,0.7289178173400246,0.6024892574525104
2020-11-01,Chile,1.6764351110316684,3.9077885097991176,0.7068810882790283,0.6357791233324281
2020-11-08,Chile,1.7069585221426817,3.925035003881324,0.7185373189274257,0.6609591241303121
2020-11-15,Chile,1.6998885596777722,3.9617681246071768,0.7272152326892473,0.6588727647280598
2020-11-22,Chile,1.706701406030137,4.074501436587908,0.7418899151064103,0.6667323358401461
2020-11-29,Chile,1.7458468257500919,4.071337774172499,0.7459061339302308,0.666446809654899
2020-12-06,Chile,1.7585069620184983,3.636565196077421,0.7471084435157771,0.4966257725628049
2020-12-13,Chile,1.7527919796876266,3.6532809969220903,0.7543589170986003,0.5008209656141237
2020-12-20,Chile,1.7721458839318944,3.6663285386341826,0.7600032265154811,0.5041748883424818
2020-12-27,Chile,1.7719526335355242,3.681632741572039,0.7644933941002021,0.5077003145345765
2021-01-03,Chile,1.7857431911061,2.801594296139566,0.6843877965835452,0.4682249154051106
2021-01-10,Chile,1.7759263162433354,2.80354165353954,0.6954794884824838,0.4679375856059923
2021-01-17,Chile,1.7020086092524833,2.7465621826212736,0.6650905575182593,0.4566739414919613
2021-01-24,Chile,1.706016345490311,2.7542522894192674,0.6738136861158832,0.4570062801612008
2021-01-31,Chile,1.7026887370675623,2.7738303585127952,0.6869334777407117,0.4620844346962043
2021-02-07,Chile,1.7793418122936364,2.755015947939038,0.696155034625412,0.4474075822014047
2021-02-14,Chile,1.7911202455602029,2.7718548257564146,0.7098828455489608,0.4535055351419339
2021-02-21,Chile,1.774081246316764,2.7908475114650506,0.7172984731730179,0.4608003037300663
2021-02-28,Chile,1.6820634770315286,2.7510408495101357,0.7214766233017329,0.4539540180733471
2021-03-07,Chile,1.6725527119927288,2.7382601735153114,0.7232185149182222,0.4519375743566142
2021-03-14,Chile,1.7262362378398006,2.76437005371584,0.8638995756527164,0.4588932506658157
2021-03-21,Chile,1.7394434636024,2.7911509944404456,0.8836010810105435,0.4692341254807156
2021-03-28,Chile,1.6658222396910976,2.75355985458854,0.9440454145709942,0.4584590611314787
2021-04-04,Chile,1.6747333445572383,2.796061560044803,1.2748975444064763,0.417381370477967
2021-04-11,Chile,1.688909574225655,2.8119257514504667,1.3095148841114832,0.4195749247376255
2021-04-18,Chile,1.7391707138406336,2.8349973953048004,1.4180589681428424,0.4234370019533239
2021-04-25,Chile,1.725083311954748,2.80771563287409,1.6350415609867233,0.4186418543302274
2021-05-02,Chile,1.7159464417255725,2.823413702114304,2.0717132050707465,0.4276750933415963
2021-05-09,Chile,1.7199691206549483,2.8378826930055627,2.092302023854306,0.4318386485543834
2021-05-16,Chile,1.701923651798463,2.827500151312987,2.1886358891251607,0.4288002465433103
2021-05-23,Chile,1.5793470063727135,2.770912911901041,2.140734653957959,0.4156018936027323
2021-05-30,Chile,1.593079131293601,2.7609603540265697,2.184434566520152,0.4108836786961584
2021-06-06,Chile,1.6084373142191946,2.816302699866683,2.532935804404099,0.446341462955815
2021-06-13,Chile,1.624287324365478,2.8482838706782303,2.6002368201621895,0.451474055010088
2021-06-20,Chile,1.6088697762968038,2.8047014996991684,2.549280257584984,0.4405730758260043
2021-06-27,Chile,1.6521303138998564,2.8201428059342115,2.572862067701212,0.4455240000042949
2021-07-04,Chile,1.67392466647112,2.5102742880396143,2.3109983275686603,-0.0930826394263567
2021-07-11,Chile,1.6612213915386291,2.482685122898729,2.292213700584134,-0.0968196562826247
2021-07-18,Chile,1.6167098200673966,2.4673140408434686,2.24939605809936,-0.1000939167588387
2021-07-25,Chile,1.61473982852011,2.4622808644127088,2.2566861319124665,-0.1029959250101534
2021-08-01,Chile,1.5804448799559139,2.474439428843258,2.2663000931282182,-0.1013879200451012
2021-08-08,Chile,1.5825776634044528,2.5379777448909966,2.295611517264045,0.2240323262543692
2021-08-15,Chile,1.6003521905731803,2.556290570013434,2.3159934383925167,0.2266228516883452
2021-08-22,Chile,1.5928686472682392,2.539793375463669,2.3003908839774234,0.225284205606638
2021-08-29,Chile,1.6519748409997026,2.545202668842561,2.3130211210696427,0.2237945633819176
2021-09-05,Chile,1.6352020619620269,2.5523025298190474,2.278915515747204,0.1609860105155801
2021-09-12,Chile,1.614375750724968,2.5122085928310476,2.2532205683607773,0.1515983664151339
2021-09-19,Chile,1.601063170835749,2.516168967264973,2.2802461364692923,0.1520520689257699
2021-09-26,Chile,1.4985136294829084,2.5281998751789274,2.243090444867701,0.1530925508423193
2021-10-03,Chile,1.4796985335103847,2.5073614205216437,2.263160156790657,0.1467957678806254
2021-10-10,Chile,1.4735718119534056,2.475234605296075,2.245645120019809,0.1411344545547911
2021-10-17,Chile,1.4617231555209513,2.4745339425504587,2.2462268248033515,0.1381075882646562
2021-10-24,Chile,1.466310345513833,2.488552095250794,2.2610030788567412,0.1433566183887866
2021-10-31,Chile,1.4667653096173827,2.490043598560337,2.2953958310679954,0.1444544278837953
2021-11-07,Chile,1.5344778197323854,2.5059419214886476,2.3168695029720294,0.1459182145544556
2021-11-14,Chile,1.5303604709447103,2.526423642370706,2.3248881690760466,0.1478049839992394
2021-11-21,Chile,1.4572254863513803,2.474022301024756,2.259659194473599,0.1391072873377813
2021-11-28,Chile,1.4168759379624554,2.47143640380542,2.245948144614088,0.1500185187238931
2021-12-05,Chile,1.4592453886874235,2.640291158731098,2.3719455978248107,0.3486031302065803
2021-12-12,Chile,1.4740320902794586,2.650317395301086,2.3840438534232216,0.3411063346057384
2021-12-19,Chile,1.4884150014113806,2.6440307492472224,2.379542081464038,0.3441367850461433
2021-12-26,Chile,1.5411892793574573,2.6139150773066286,2.3733574482126674,0.3359598171005389
2022-01-02,Chile,1.5785249274552704,4.268997089902358,3.684098063528316,0.3506877309491295
2022-01-09,Chile,1.542540642389877,2.283544733606403,2.1583860830063086,-0.2342621468071731
2022-01-16,Chile,1.5115294044879455,2.301304198663643,2.204086491991878,-0.2296460157003483
2022-01-23,Chile,1.5379839728942575,2.3083283532989975,2.2173810331716504,-0.2250597115801804
2022-01-30,Chile,1.495287791804668,2.2806998482218495,2.2149490215241263,-0.2298872829129657
2022-02-06,Chile,1.5123254739400371,2.127994045621637,2.0823276470673573,-0.4127417508318892
2022-02-13,Chile,1.4919009779264172,2.143996778961476,2.110437775561482,-0.4072080220781662
2022-02-20,Chile,1.510368004778423,2.1542179668422823,2.1205286190310115,-0.4021209840184175
2022-02-27,Chile,1.5129998361064096,2.1568746201034745,2.1253121793061807,-0.4038822406332614
2022-03-06,Chile,1.483661196764959,2.084276237807072,1.9817687527094856,-0.5443319496624953
2022-03-13,Chile,1.5120191320835665,2.0814815839093663,1.9786620064734275,-0.5510878920781999
2022-03-20,Chile,1.5852719840009761,2.084419024451494,1.9486695027051504,-0.5507345511893124
2022-03-27,Chile,1.5639883185635801,2.1009391999413416,1.9528396341359224,-0.5460239033457334
2022-04-03,Chile,1.5866585037380332,2.059115099919988,1.5735353871742737,-0.6163574114097479
2022-04-10,Chile,1.5133066124062278,2.0113937751057858,1.4999784789023876,-0.6285293781607512
2022-04-17,Chile,1.4667653096173827,2.012996541512888,1.5110077743623662,-0.6285301553952166
2022-04-24,Chile,1.413365708542158,1.978535294901182,1.4848347893347078,-0.6385001517289343
2022-05-01,Chile,1.3770112435776993,1.964770504652748,1.488285437443483,-0.6426287441875593
2022-05-08,Chile,1.371946390979886,1.8935703765048228,1.4374462106988553,-0.780575052251718
2022-05-15,Chile,1.3844089904277734,1.8934721047357947,1.4365426145919251,-0.7815034894568447
2022-05-22,Chile,1.3710653202065175,1.902937268227613,1.4496209341701332,-0.7774154992875882
2022-05-29,Chile,1.4824931149547114,1.9064431892451057,1.4588499969425053,-0.7758719459212191
2022-06-05,Chile,1.4976158372257857,1.9129880849521723,1.4578742213505769,-0.773682150627397
2022-06-12,Chile,1.4273106682047332,1.845790391216682,1.3904856074277108,-0.7897842869900015
2022-06-19,Chile,1.358182390691086,1.8083601079495364,1.3391574603132996,-0.7992180978486086
2022-06-26,Chile,1.3743509455618441,1.7774417442236867,1.3378661322577252,-0.8088953784945461
2022-07-03,Chile,1.3390891586313989,1.8658507098692587,1.3880539430248136,-0.5934596327998309
2022-07-10,Chile,1.3363930346144026,1.8159820122577717,1.3416036173361987,-0.6040035061067358
2022-07-17,Chile,1.2320744867570221,1.8136707582841505,1.3353562105634595,-0.6051188750320732
2022-07-24,Chile,1.2308827374144335,1.8141250839448655,1.341390430518306,-0.6046135644224095
2022-07-31,Chile,1.269239118249784,1.7995265772650726,1.3399059215390496,-0.601103659237754
2022-08-07,Chile,1.244187088828697,1.7972200419560114,1.2461664618651656,-0.5108087602882486
2022-08-14,Chile,1.3037620905983647,1.7940888605897825,1.252979215468482,-0.5088414066256117
2022-08-21,Chile,1.1970275588052108,1.7022898408095948,1.179587585304771,-0.5271014993286325
2022-08-28,Chile,1.1977085803665157,1.6954067959521022,1.1669625428197583,-0.5250738595069654
2022-09-04,Chile,1.2042495314290114,1.6922691472009446,1.147208550252683,-0.5112291810487326
2022-09-11,Chile,1.3244859415364851,1.667083417852166,1.127850634278478,-0.5220928548369367
2022-09-18,Chile,1.244834778177406,1.6458843561289411,1.1224358139257389,-0.529169662187734
2022-09-25,Chile,1.1844341258331414,1.5890562668236805,1.0846482283750758,-0.5408590246667627
2022-10-02,Chile,1.1231919653638474,1.5929376311281525,1.088927038560828,-0.5333135104621187
2022-10-09,Chile,1.1270579512617915,1.6010415751278413,1.0927534646028791,-0.5328006102950249
2022-10-16,Chile,1.097937442267125,1.5752120806716334,1.0661389452667789,-0.5425075450815158
2022-10-23,Chile,1.1122862778975557,1.570078715770635,1.068005175306369,-0.5471188467534758
2022-10-30,Chile,1.189467092295656,1.5710895840873569,1.073250571123772,-0.5442015230020187
2022-11-06,Chile,1.1971410167518295,1.5750645773056269,1.0704020168682489,-0.5428049143911565
2022-11-13,Chile,1.3282784499893119,1.5718439962362414,1.0759509927663171,-0.5444473126187646
2022-11-20,Chile,1.298438948894305,1.5224137754271987,0.9806951304942096,-0.5552563136807164
2022-11-27,Chile,1.3405347272951071,1.5255754019836725,0.9782338105403672,-0.5498325370601517
2022-12-04,Chile,1.3650764584738895,1.5292978942381292,1.0011828541698975,-0.5312879820448726
2022-12-11,Chile,1.3558367500565658,1.5348222742374762,1.0008581909834753,-0.5274726819117125
2022-12-18,Chile,1.3416093008354935,1.5214808836013605,1.0003130471647657,-0.5353029408939554
2022-12-25,Chile,1.3580385376533515,1.529540411489915,1.0054762154886037,-0.5338279761021936
2023-01-01,Chile,1.3633823445436672,1.5354361676427222,1.013861951706746,-0.5299566606306946
2023-01-08,Chile,1.3360220190982746,2.0489299576010747,1.3656509021997054,-0.0949837813232298
2023-01-15,Chile,1.3359292978127963,2.052254177895415,1.3723048576110028,-0.0957165336061543
2023-01-22,Chile,1.3432478964411274,2.0620138990414225,1.380702739941677,-0.0937261366583306
2023-01-29,Chile,1.4007437327120076,2.0732292060488273,1.386622051084705,-0.0909310505916798
2023-02-05,Chile,1.4314365913701135,2.166556592699969,1.416904181946379,0.0777822611842091
2023-02-12,Chile,1.405421921329389,2.16568742913393,1.4229039653477047,0.0744457711832401
2023-02-19,Chile,1.4291292088666758,2.1725369720614167,1.421342887062656,0.0763370827565023
2023-02-26,Chile,1.4488789833631264,2.1110758608914484,1.3948175148576758,0.0628840372094557
2023-03-05,Chile,1.4720782706363709,2.2645994242514,1.5495432681423882,0.582605401897303
2023-03-12,Chile,1.4009998917250677,2.2669203024144204,1.5503279404176502,0.583330733701158
2023-03-19,Chile,1.3288744286885827,2.263075827054664,1.527416039994511,0.5921863364097241
2023-03-26,Chile,1.3152106888467086,2.2717599272223596,1.5805082970566606,0.5923317568888817
2023-04-02,Chile,1.3905804664325276,2.3352382676360106,1.87355217000757,0.7688019131198435
2023-04-09,Chile,1.3522627075473854,2.3425983958827667,1.9309886457210823,0.7741633629286363
2023-04-16,Chile,1.3872615879197614,2.3480784989053,1.961727958865117,0.7737533034263471
2023-04-23,Chile,1.3808236573240844,2.3670633473020524,1.9530437157885243,0.778619138814315
2023-04-30,Chile,1.4071787723503126,2.3696209220677535,1.941061661648913,0.7789143789786442
2023-05-07,Chile,1.4106027079603145,2.453963589434435,1.9849830803335784,1.1256608669715178
2023-05-14,Chile,1.4049990096703775,2.4588612297742283,1.987824982207565,1.13863901399976
2023-05-21,Chile,1.47030226912541,2.435583384044048,1.9959060312408423,1.174793683193689
2023-05-28,Chile,1.4954068471992175,2.4319312360438388,2.003763621139014,1.1585118309288427
2023-06-04,Chile,1.5005535263356649,2.436292887917255,2.00625172795274,1.0168527487864405
2023-06-11,Chile,1.529414226715184,2.515489349369562,2.0740778499244845,1.2277423534542988
2023-06-18,Chile,1.552610690365982,2.565255220396214,2.122352334121502,1.2483825798896329
2023-06-25,Chile,1.565392585862689,2.597113837906308,2.100152148824302,1.1988380627066422
2023-07-02,Chile,1.56218779690177,2.6008484275283967,2.093106628611893,1.2599482022111002
2023-07-09,Chile,1.5388156400215323,2.5764138866375372,2.1105138689041736,0.5585921373754599
2023-07-16,Chile,1.5451878517974837,2.5737972841261567,2.120780676861427,0.556135600964894
2023-07-23,Chile,1.5484971148341495,2.5717368367950177,2.116155138003452,0.5528088769523933
2023-07-30,Chile,1.6205964892644613,2.624878731465331,2.1767135705414415,0.5583183284693034
2023-08-06,Chile,1.6307663470639981,2.351603270285387,2.098762104237673,0.147512780884245
2023-08-13,Chile,1.6393683585919936,2.386983174098108,2.12198230586585,0.1522054389282747
2023-08-20,Chile,1.5883267398729393,2.4943860695507305,2.2043418782377624,0.1673773390734702
2023-08-27,Chile,1.654779883007355,2.5534376820972313,2.3595667168779904,0.1779552630031076
2023-09-03,Chile,1.6950849298645618,2.5167900386311532,2.379705617415353,0.140444743874836
2023-09-10,Chile,1.662645239311508,2.4539456227370824,2.339296602603344,0.1276609480392262
2023-09-17,Chile,1.670541184430442,2.4838591611762197,2.350041442043867,0.132850465114711
2023-09-24,Chile,1.5953290978166978,2.5597629192632665,2.4323868855476576,0.1451900272464653
2023-10-01,Chile,1.555039807681332,2.563459638968949,2.477647103808076,0.1474560819082433
2023-10-08,Chile,1.523393675823696,2.5728436068545095,2.40486853772335,0.1137631054340526
2023-10-15,Chile,1.535559353584039,2.5903249663630485,2.4374005230588116,0.1230563573672441
2023-10-22,Chile,1.5076257378033873,2.5939712747718597,2.4408747349300537,0.1229213182302596
2023-10-29,Chile,1.5170001530319275,2.6078200745229725,2.464436230029108,0.1306518484575682
2023-11-05,Chile,1.5376005498092111,2.5816255790641947,2.408939440305001,-0.082317809884052
2023-11-12,Chile,1.6097356692555551,2.547638354773356,2.3213303131535468,-0.0877182141555501
2023-11-19,Chile,1.654545599664932,2.6421254079209326,2.595939910235134,-0.0743743680623219
2023-11-26,Chile,1.662803666041891,2.6559959826713992,2.604321763738424,-0.0681333006730626
2023-12-03,Chile,1.7020086092524833,2.6956021048141188,2.610475829615337,-0.09234983177578
2023-12-10,Chile,1.6795278067735393,2.6854942442093113,2.553717370086061,-0.094831477713635
2023-12-17,Chile,1.7296199219399158,2.7056857713247315,2.5556355505120676,-0.0927945264539588
2023-12-24,Chile,1.7427271350980038,2.6804559009558515,2.567139616418063,-0.0986784355015145
2023-12-31,Chile,1.738262621041116,2.708597888426354,2.6050617135669647,-0.0924430636084222
2024-01-07,Chile,1.6627245263434174,3.104661279960143,2.7853177637142985,-0.0724053101608267
2024-01-14,Chile,1.719793613723177,3.121197595280083,2.841007323885588,-0.0641136358893163
2024-01-21,Chile,1.6955044861942343,3.110979507556442,2.8450072764385195,-0.0721600267875701
2024-01-28,Chile,1.703795809699594,3.1011216203512673,2.8274464295097315,-0.0743485030332404
2024-02-04,Chile,1.7138593680733583,3.029514288232323,2.7895990789848897,-0.1021350628649267
2024-02-11,Chile,1.687086772781469,2.989308209045608,2.7728888016224738,-0.1094558612662505
2024-02-18,Chile,1.7213751926822352,2.984776635317041,2.775683537591557,-0.1119508326071545
2024-02-25,Chile,1.7661900927303849,3.0575006501215,2.8395196544640235,-0.1077190708106974
2024-03-03,Chile,1.784951186258239,3.0556878005387027,2.838623840733557,-0.1217329531719124
2024-03-10,Chile,1.7475054993326133,3.062097557288237,2.82709557461119,-0.1223633963426331
2024-03-17,Chile,1.7303349615047414,3.0657575956279786,2.8687105195443077,-0.1210761928027109
2024-03-24,Chile,1.6945815099618904,2.9962964086504313,2.8342347831437893,-0.1307659535526849
2024-03-31,Chile,1.6990427138081479,2.998270129270599,2.8383520719518263,-0.130451729047944
2024-04-07,Chile,1.6876661935377777,3.015222959208445,2.8176095790861537,-0.1326609364839551
2024-04-14,Chile,1.6316658418928158,3.002164599178351,2.7959276068716425,-0.1339080099273694
2024-04-21,Chile,1.6245095282394681,3.006167418713993,2.803757655838385,-0.1339953311788065
2024-04-28,Chile,1.654701777817174,3.0089406370386422,2.8164457210880083,-0.1386005299659156
2024-05-05,Chile,1.6777352238558143,2.9899386075132655,2.840777151723018,-0.1989261942653523
2024-05-12,Chile,1.703795809699594,2.997267646646931,2.846355794876573,-0.1973780752092079
2024-05-19,Chile,1.7574719276945858,2.997590813926165,2.8719700159669186,-0.1935565555863072
2024-05-26,Chile,1.712385805279601,2.9758617498806483,2.841852480028082,-0.1972630394117079
2024-06-02,Chile,1.7383533715045947,2.957200427949534,2.819660778315632,-0.1970549609833362
2024-06-09,Chile,1.7404447132351708,2.9497274559707547,2.806298507731362,-0.2231667314009447
2024-06-16,Chile,1.712126156777864,2.9424527137687364,2.8114907128515703,-0.2258444356921681
2024-06-23,Chile,1.6954206000308525,2.938874962977065,2.8348516727105446,-0.2271729682620584
2024-06-30,Chile,1.6790383526752986,2.939459201954874,2.8396577430582703,-0.2259956791826712
2024-07-07,Chile,1.7200568950891246,3.2290089557923163,3.0117614546527767,0.1661850539173677
2024-07-14,Chile,1.7475977090668313,3.188827036582847,3.060870281643109,0.1618809714050382
2024-07-21,Chile,1.6874176667806644,3.0789528550372696,2.9853479724117173,0.1566325083192664
2024-07-28,Chile,1.6867560744173988,3.0787506140807404,2.9169624632101043,0.1605317706670329
2024-08-04,Chile,1.6232515051733745,3.474261020230835,3.266901806111794,0.5102409589319447
2024-08-11,Chile,1.6473303043206833,3.4840477829069223,3.272354834507612,0.5030948556625708
2024-08-18,Chile,1.699296476265102,3.4867913149237513,3.2988072613737964,0.4995936421730867
2024-08-25,Chile,1.738081165317126,3.4792717232662693,3.3095421198392367,0.4981820903806013
2024-09-01,Chile,1.7393526228039136,3.520455234487439,3.321123468129965,0.5625078771401641
2024-09-08,Chile,1.7118664571615052,3.634727786013051,3.1766836932822557,0.569928290451982
2024-09-15,Chile,1.7295306074978347,3.6367740510239535,3.1992596392101804,0.5681787341905565
2024-09-22,Chile,1.6952526977037106,3.6491347394908855,3.201694811390852,0.5655829298140005
2024-09-29,Chile,1.7031142402983876,3.626161020996429,3.240789344346067,0.5698821952883572
2024-10-06,Chile,1.7141198322569395,3.489973054468051,3.3206405858966317,0.4164986385186883
2024-10-13,Chile,1.6787122868565982,3.507334687626664,3.324605040767466,0.2616212872391588
2024-10-20,Chile,1.6787122868565982,3.4337430872886827,3.158413560796917,0.3656437542924708
2024-10-27,Chile,1.6955885529671213,3.510242934165757,3.185569706909713,0.3214372341556155
2024-11-03,Chile,1.6694178574203202,3.5113166207401125,3.22588940658249,0.4206428303926794
2024-11-10,Chile,1.6955885529671213,3.618266852243773,3.392661232569931,0.5845624284138903
2024-11-17,Chile,1.6470220116982182,3.6730903006694273,3.429351156255071,0.71218666999797
2024-11-24,Chile,1.6871694158813177,3.668249710067628,3.411476423696746,0.6748533959252364
2024-12-01,Chile,1.699296476265102,3.8096378020843766,3.540527939511327,0.719436096881946
2024-12-08,Chile,1.7077305869393724,3.834426385785565,3.6160616296524406,0.9339866197769462
2024-12-15,Chile,1.687583311414853,3.812630476933911,3.57393778435077,0.7463437592675332
2024-12-22,Chile,1.654779883007355,3.832678477653455,3.58318088875806,0.9936449105569456
2024-12-29,Chile,1.6322660891574383,3.8467144028845266,3.6011520211502233,0.9473066746601352
2015-01-04,China,1.4667084279504967,15.263714640620025,11.89188647854952,4.873191757685369
2015-01-11,China,1.4182432667869853,15.266847660277488,10.344547550101586,4.873523897679777
2015-01-18,China,1.3953371442884273,15.27225677501566,10.334535941094954,4.878611196339572
2015-01-25,China,1.4665378142602086,15.252074112899388,10.322916344669284,4.87615557533302
2015-02-01,China,1.4528158033789045,15.229637125374852,9.551162348682572,4.872629585880551
2015-02-08,China,1.4514267861206553,16.974369275205586,8.088315185453784,5.627413979188028
2015-02-15,China,1.4446374257220418,16.984781048926212,7.984487838493664,6.095314674998702
2015-02-22,China,1.4582908411703779,16.9945132173318,7.992981841742246,6.2599351735813915
2015-03-01,China,1.501215015890391,17.071684779504565,7.891295038555721,6.051809711138685
2015-03-08,China,1.4983939074524213,15.740541553434053,7.827968497893972,4.750715401467166
2015-03-15,China,1.4611592280426509,15.763380331922257,7.7845145639827695,4.755107715034347
2015-03-22,China,1.4365645075252413,15.914153034109164,7.748935051535023,4.77324652747447
2015-03-29,China,1.432620440151419,15.886073219347526,7.665450096816976,4.768421504796531
2015-04-05,China,1.4487132967007026,15.894447156733635,7.453561207775045,4.742525175941145
2015-04-12,China,1.4723078688655025,15.857714286088854,7.460553475095403,4.735691191449139
2015-04-19,China,1.455603150740579,15.881960360828703,7.307418114794141,4.739325502235056
2015-04-26,China,1.4528158033789045,15.910527349894949,7.290674299402581,4.7409517128886565
2015-05-03,China,1.454152231005545,15.824272307996573,7.283676777185888,4.656559506644271
2015-05-10,China,1.4610464362918716,15.830741771146153,7.282135710777182,4.657672151030442
2015-05-17,China,1.4708173167682004,15.83466541783868,7.292094604537169,4.658374039634024
2015-05-24,China,1.4865912952108231,15.84463775634873,7.302244678226582,4.660342798856125
2015-05-31,China,1.4780162990509915,15.839206901554707,7.267417383230129,4.658034959247412
2015-06-07,China,1.4611592280426509,15.835198328348024,7.154453539735422,4.658288059678911
2015-06-14,China,1.4723652673975647,15.849793716937604,7.165881615507319,4.6598887090484595
2015-06-21,China,1.4694447125818988,15.860473020825529,7.094478945375207,4.661688299394188
2015-06-28,China,1.4652313900629759,15.845904749819708,7.104290590323816,4.658876684066624
2015-07-05,China,1.4460114236848067,15.854315867758316,7.110887403901142,4.661645852117364
2015-07-12,China,1.4339143410295272,15.84329225451533,7.143141614396431,4.659357927862393
2015-07-19,China,1.4487132967007026,15.84034059700777,7.186750502870118,4.658570405716379
2015-07-26,China,1.426030228978651,15.829147471070137,7.1557278571599685,4.656655909120244
2015-08-02,China,1.402847272417049,15.828398157260692,7.129014562895912,4.663714093743264
2015-08-09,China,1.3978307449291143,15.82312484813812,6.997618295399666,4.6630761772238545
2015-08-16,China,1.4003340915507299,15.051294238835755,6.888259656492287,4.578094993772777
2015-08-23,China,1.36367245111748,15.060057798187376,6.8759627784339274,4.581312258164614
2015-08-30,China,1.3507437037237635,15.056374659703522,6.879525036804014,4.580561368336964
2015-09-06,China,1.3156151927600956,15.010610079888137,6.838314034147638,4.570263704486448
2015-09-13,China,1.3178218119970064,14.972808894339762,6.734773455693142,4.562642314141654
2015-09-20,China,1.3601515669840971,14.981849621621588,6.717534270023391,4.567233885013665
2015-09-27,China,1.2928968504587695,14.974885202631793,6.687661558365053,4.56550919278481
2015-10-04,China,1.2329497393846953,15.014428660747734,6.676292129562082,4.565774202379473
2015-10-11,China,1.3543094357692962,15.015631120751832,6.58990499762342,4.56632783767202
2015-10-18,China,1.3708696891125811,15.020261277192148,6.4968370462650755,4.568056809700328
2015-10-25,China,1.3756797279356603,15.019990568300647,6.468011079153525,4.56819975017929
2015-11-01,China,1.380525776683156,15.019584582222702,6.479008617880333,4.568284147110687
2015-11-08,China,1.4041333250589643,14.905194453795858,6.470521080644242,4.567090659713312
2015-11-15,China,1.4041333250589643,14.876546442410744,6.374246169886327,4.559916615129387
2015-11-22,China,1.432620440151419,14.870630317380376,6.403823759993951,4.558439918480179
2015-11-29,China,1.4092516983830836,14.864517627933749,6.438080765463766,4.555619804784449
2015-12-06,China,1.3915895788287882,14.87748963067455,6.569577936358238,4.567204793101184
2015-12-13,China,1.3518826261166592,14.762286016808678,6.292493165905006,4.546201025274208
2015-12-20,China,1.3438106419454046,14.791349471734842,6.394817907155126,4.543300795167074
2015-12-27,China,1.3565539091037722,14.797655112907528,6.403519532939216,4.5461036051337205
2016-01-03,China,1.3589501428122837,6.866100096517814,4.915569338282217,4.278806726237302
2016-01-10,China,1.3266765524871247,6.819802513273296,4.95931006410271,4.251345839900834
2016-01-17,China,1.285462963161778,6.832369495603082,4.973164266134203,4.2717542102597665
2016-01-24,China,1.2939406839430179,6.838182162647886,4.9534849933439675,4.273806662774546
2016-01-31,China,1.2907706992794967,6.841689653751272,5.080343257766068,4.275093776287105
2016-02-07,China,1.2375430045117697,6.8598738589094905,5.640118839312783,4.786026966802978
2016-02-14,China,1.1956297419573458,6.86312742983722,5.612342347564377,4.61150105651042
2016-02-21,China,1.2397908103667847,6.874962062389853,5.623917319446376,4.986190442845214
2016-02-28,China,1.2526549462153986,6.860952361695624,5.605674294110351,5.125321310617141
2016-03-06,China,1.2823752313157444,6.946544883988082,5.523921578020047,5.685194373771023
2016-03-13,China,1.3156601528023635,6.9470184926855385,5.552040873162391,5.888595413479711
2016-03-20,China,1.36367245111748,6.9604872348541,5.576881562836229,6.700453218430676
2016-03-27,China,1.27645372190897,6.943545008070904,5.556633504688572,6.679793878094411
2016-04-03,China,1.3114917864486006,6.952504679317891,5.616858811674462,6.240681227444761
2016-04-10,China,1.2868398274843136,6.965185439139828,5.586424039464156,6.307532471827202
2016-04-17,China,1.3121176194161372,6.962405258571114,5.696068794022556,5.778864231265336
2016-04-24,China,1.3001939967810952,6.9489582248190995,5.7119804363863835,7.245982874015845
2016-05-01,China,1.279471915260958,6.964279890788387,5.731297026316964,7.148299107273823
2016-05-08,China,1.2742939757351053,6.949312963072439,5.638552513824907,7.077319663802921
2016-05-15,China,1.2774724548356708,6.9316264151086955,5.650710666819651,7.235100899870283
2016-05-22,China,1.288910400756032,6.908986532596463,5.624729076077316,7.325941772752741
2016-05-29,China,1.2962952449312406,6.903720976823351,5.615837010370111,7.319724644918667
2016-06-05,China,1.2973881171088562,6.913134109933489,5.673265559014587,7.338013013709747
2016-06-12,China,1.3049556884770932,6.916860953921487,5.7196059207862895,7.340436513145543
2016-06-19,China,1.2753094715487205,6.914176766629218,5.643538460655776,7.261221040502483
2016-06-26,China,1.2757754149168523,6.906956858558337,5.65240319629495,6.865589132078184
2016-07-03,China,1.2901211750645583,6.901273642304389,5.588887052479145,7.33397516196741
2016-07-10,China,1.2990526940236524,6.886329660124479,5.538987147935619,7.229619015553168
2016-07-17,China,1.3745476302446744,6.88197784057465,5.554818887442026,7.310473453660226
2016-07-24,China,1.3590461753672156,6.882526562745182,5.541311517252134,7.310106045308437
2016-07-31,China,1.3520251307958318,6.895669042170468,5.517349439777305,7.310636914258875
2016-08-07,China,1.3673583735995554,6.88405109821935,5.582303869963809,7.222791921326234
2016-08-14,China,1.3855084966897386,6.964250096702636,5.640124260446846,7.47732147200237
2016-08-21,China,1.4041333250589643,6.95320771724718,5.652095410261735,7.467634171171805
2016-08-28,China,1.3953371442884273,6.9432891979545115,5.658861430157064,7.455473821347535
2016-09-04,China,1.4060414492782405,6.957462935981497,5.683371905073262,7.6946655770989905
2016-09-11,China,1.4379209200335101,6.962989522140461,5.757152235400792,7.665011416913141
2016-09-18,China,1.4047515514085995,6.960771684260704,5.73035863028688,7.6315158134616015
2016-09-25,China,1.3966081772024195,6.963821231536661,5.760994032472166,6.825681572432394
2016-10-02,China,1.3733684168954874,6.963501881799603,5.663119064923055,7.727160896404227
2016-10-09,China,1.379434721509066,6.949035579932477,5.771902612929799,7.63505164239437
2016-10-16,China,1.3674070121101902,6.925769731436332,5.762647865589965,7.604815481576744
2016-10-23,China,1.378197118155531,6.912097451839183,5.732597155480506,7.588349348930763
2016-10-30,China,1.3703808692795747,6.908292150036998,5.738577228570204,7.584615697707011
2016-11-06,China,1.3509333866401443,6.931002768871225,5.676563754295556,6.814760537575674
2016-11-13,China,1.3170103671790332,6.895214897265996,5.646512836100319,6.495806352390022
2016-11-20,China,1.3049556884770932,6.855764228524655,5.643683087020503,6.258302690038043
2016-11-27,China,1.314761527850727,6.840779095605328,5.662583799916022,5.356482604516173
2016-12-04,China,1.3224842164574813,6.856169664981223,5.641591454550735,7.253752643844138
2016-12-11,China,1.3485662874009092,6.8576307505361775,5.779807498172222,7.2618612957989965
2016-12-18,China,1.3081935196116405,6.830713510142989,5.787895640799471,7.223554374953208
2016-12-25,China,1.320262101066493,6.837250402050701,5.78020918176031,7.2294056784337135
2017-01-01,China,1.319131224503132,36.293975096286715,9.112765311166044,9.063203488025716
2017-01-08,China,1.3473859348083976,8.050216387739988,6.087854794154688,3.768753373665317
2017-01-15,China,1.3382047304222455,8.063261156384213,6.171177649196582,3.7751812989650606
2017-01-22,China,1.3445147520664305,8.069941224979415,6.180481751794816,3.779134372673521
2017-01-29,China,1.362561077081545,8.067824831911839,6.202281043485167,3.7780818750718224
2017-02-05,China,1.3685267038980204,7.911785337840695,6.155435399827308,2.851367734227083
2017-02-12,China,1.392195807952703,7.909440852363607,6.218688277305806,2.850738508787884
2017-02-19,China,1.4118003767170533,7.91442932437983,6.244637677919,2.8527955762427744
2017-02-26,China,1.4514267861206553,7.921845714596291,6.4247211446872425,2.8538058973939227
2017-03-05,China,1.4646075227710664,7.852743340339487,6.40904977839258,2.8283310440475136
2017-03-12,China,1.4583469571108876,7.841300290606749,6.430409958592291,2.8242688587673603
2017-03-19,China,1.5240804957749783,7.849268372455334,6.466530185047027,2.827364845161979
2017-03-26,China,1.4937406314109363,7.862499276351496,6.504769417018792,2.8305063945420414
2017-04-02,China,1.5025400310174966,7.858938551518371,6.495609025002841,2.828902705148141
2017-04-09,China,1.4965402849259097,7.847591499470973,6.700569767219008,2.8221559512229595
2017-04-16,China,1.4692733437448977,7.856016495379612,6.688681690809496,2.8257828126575366
2017-04-23,China,1.4807449938838786,7.864290238993739,6.6519497490672475,2.8276762865197647
2017-04-30,China,1.510062648986425,7.85108381383547,6.664087372855948,2.8232977111319912
2017-05-07,China,1.510917861306754,7.841793595543533,6.721935090413387,2.8132605972306406
2017-05-14,China,1.5254564859845958,7.848699988483323,6.733725241952844,2.8140595657845227
2017-05-21,China,1.5163829454309714,7.86393516849257,6.763552418004829,2.8174389413178083
2017-05-28,China,1.5317509012001034,7.867883084923856,6.723630334526468,2.818456785037924
2017-06-04,China,1.5469375633181892,7.878345911279027,6.737780139588836,2.8201434245143693
2017-06-11,China,1.5748400939176435,7.87813354810016,6.706096536005849,2.82028068207898
2017-06-18,China,1.6050607993303299,7.872718985057821,6.7414864276311155,2.818196274731214
2017-06-25,China,1.5807195832251606,7.864975311526025,6.740492286032506,2.8147162618674764
2017-07-02,China,1.581682298351649,7.877760097290993,6.773939113438477,2.820235746956953
2017-07-09,China,1.5625208808870452,7.878284039801866,6.829973657472923,2.820461223001111
2017-07-16,China,1.607789297039433,7.888220323683061,6.846579117559541,2.8242129942076137
2017-07-23,China,1.6087256585225347,7.891322420289557,6.878383072540961,2.8254129972491713
2017-07-30,China,1.6250284118777556,7.903686113394647,6.913897887937,2.830297084413915
2017-08-06,China,1.6283002571614127,7.9127732261765775,6.959115705212106,2.8360020619571458
2017-08-13,China,1.580925815278496,7.926678572529696,6.9779771702693125,2.8438222962592397
2017-08-20,China,1.6087256585225347,7.924182178549843,6.90808261683432,2.841954287738723
2017-08-27,China,1.6476388410123388,7.935921225410185,6.9169823906947405,2.845487281452927
2017-09-03,China,1.6843637412106287,7.948067728768454,6.934653984161361,2.8630505267255124
2017-09-10,China,1.6505774947525418,7.963902159895604,6.932703956343097,2.8723455429444353
2017-09-17,China,1.6875005243552226,7.905308075071495,6.926431129973143,2.854812234157489
2017-09-24,China,1.6539993141767604,7.8869418193142975,6.96157618035286,2.8487582217480787
2017-10-01,China,1.6353531818576355,7.8531637116077295,7.058724164112828,2.837959568936951
2017-10-08,China,1.6649467828060658,7.843366290333758,7.018885751214209,2.811503922951075
2017-10-15,China,1.675867256040253,7.86970858663007,7.080349527656656,2.8200686937369683
2017-10-22,China,1.6965974194475448,7.849190764090463,7.092168926672952,2.812207455935086
2017-10-29,China,1.769159759375258,7.838248134693163,7.098464742169469,2.8081160513714547
2017-11-05,China,1.7072158433468498,7.838193208101189,7.158767869916987,2.815715421198909
2017-11-12,China,1.6438716658104955,7.854760759018794,7.263700109979057,2.81627556760377
2017-11-19,China,1.6514310204523062,7.879065008382166,7.231596197316453,2.8192189312823235
2017-11-26,China,1.660353022433363,7.89484122145323,7.265109208404391,2.823077498377231
2017-12-03,China,1.6780608040927096,7.910884035536426,7.47568734522424,2.8883741641903384
2017-12-10,China,1.6842813467159299,7.911730326034385,7.425488493471572,2.8871017203106444
2017-12-17,China,1.712558972045836,7.9269041881732525,7.445348724367531,2.8884186784334975
2017-12-24,China,1.7265026210461283,7.934637018979871,7.428747414622298,2.8920537890832647
2017-12-31,China,1.734194452353004,7.949962959296471,7.450497192565006,2.8994343527797826
2018-01-07,China,1.7593551881243528,12.20324229106764,10.398526882603669,4.254639014063693
2018-01-14,China,1.7706989169447196,12.217261140889129,10.409785773330986,4.260803714889776
2018-01-21,China,1.7366317746225461,12.228647725941642,10.43003254804683,4.267531967607569
2018-01-28,China,1.725969983725828,12.229839415450517,10.447134385814616,4.272837090445374
2018-02-04,China,1.6992119322740935,12.679729136213355,10.620383426640974,7.125133213067412
2018-02-11,China,1.5975877021859661,12.683580577675816,10.643558690417455,7.127200136684037
2018-02-18,China,1.660353022433363,12.534752697190486,10.507404818104892,7.0458212229689465
2018-02-25,China,1.6710233768409417,12.537456201603378,10.484597233375275,7.04763034716093
2018-03-04,China,1.6855998782584225,12.459498439940743,10.39301986111415,5.3831843732342195
2018-03-11,China,1.68932467755174,12.490125300110597,10.416435765434072,5.391956179906489
2018-03-18,China,1.6810805670454283,12.468817984272036,10.404848042770436,5.385570470286422
2018-03-25,China,1.594695437607443,12.482067342418588,10.418613201544876,5.3925320704007005
2018-04-01,China,1.6195672756442119,12.504409144127552,10.464642034623036,5.400373674355542
2018-04-08,China,1.631290837311537,12.48067184004937,10.381307164171456,5.329545651695338
2018-04-15,China,1.648024573383383,12.48756306789243,10.404462518148964,5.333779653060285
2018-04-22,China,1.6664598686746792,12.414377144580838,10.318501290512817,5.311816992787226
2018-04-29,China,1.6664598686746792,12.382333583234775,10.329333363598709,5.298698221632514
2018-05-06,China,1.6511205768411972,12.337294044037757,10.0842696433617,5.205934594830393
2018-05-13,China,1.65885624132589,12.348304902528705,10.101963723328858,5.210155884092188
2018-05-20,China,1.6709429158020992,12.267339986644142,10.012364020352331,5.186449842635534
2018-05-27,China,1.6909881821206765,12.268290750833843,10.007190599030212,5.187053479192168
2018-06-03,China,1.6829659941863921,12.234604658976716,9.9570372978844,5.168656835261498
2018-06-10,China,1.6829659941863921,12.240074576606547,10.031726646289508,5.170711551494037
2018-06-17,China,1.687086772781469,12.189718627468467,10.026763486375142,5.153925723826017
2018-06-24,China,1.671425371810634,12.126129934460238,9.922173735573631,5.132282877782573
2018-07-01,China,1.5848567359599985,11.946252102745744,9.948619613989967,5.080509456587414
2018-07-08,China,1.5533319101940855,11.9282886423507,9.786687820507591,5.071178216880223
2018-07-15,China,1.6022738343107563,11.869374053745467,9.639723984487604,5.053388057890105
2018-07-22,China,1.623917249036939,11.751547052575807,9.462190023143773,5.017463361643536
2018-07-29,China,1.6775726264666677,11.710958480200995,9.54548402866108,5.004827759466384
2018-08-05,China,1.6294946510870034,11.700832208396472,9.5448388927147,5.010760299337027
2018-08-12,China,1.6370921912648009,11.728152741782695,9.54433973346426,5.019797060714905
2018-08-19,China,1.6446384582493387,11.703172903560503,9.613553376247536,5.010218593126738
2018-08-26,China,1.6660612363226133,11.70453824209732,9.687749633123962,5.016653052559279
2018-09-02,China,1.6571281296658127,11.792094641385098,9.692353675935715,5.205873526351131
2018-09-09,China,1.6659816392124014,11.842209832620023,9.95097662214196,5.222418326429038
2018-09-16,China,1.6903222688403494,11.895736470546138,10.00984659116103,5.2297294741975
2018-09-23,China,1.6654241365556774,11.91085826594936,10.033424218994952,5.232197609788091
2018-09-30,China,1.6812443476460586,11.939617512743707,10.031976377114027,5.235632159167854
2018-10-07,China,1.6501124745702591,11.928418312116683,10.118184737696614,5.226850406750808
2018-10-14,China,1.6183199791165988,11.902516957365568,10.021582005747176,5.219118495975985
2018-10-21,China,1.5994292832678711,11.921816689028809,10.031087543863462,5.220999671942448
2018-10-28,China,1.5628540188894477,11.928029591550802,9.84995890398666,5.221103984825102
2018-11-04,China,1.6128491210883482,11.93654453541848,9.856199940432242,5.227463818254768
2018-11-11,China,1.628971798189268,11.862260440108914,9.592490482302278,5.201899067152919
2018-11-18,China,1.591677334518721,11.86855229852624,9.57908192825316,5.2053550237588295
2018-11-25,China,1.5550399392569974,11.868252401955967,9.453629178937948,3.604464591287937
2018-12-02,China,1.5867279853262497,11.855947112745485,9.468517496049438,4.0496114566842545
2018-12-09,China,1.5918873897984442,11.79489225083124,9.158340084451217,5.105433248321953
2018-12-16,China,1.6147399013585984,11.77315586807715,8.993200890582374,5.09720628660688
2018-12-23,China,1.5883962804355085,11.783016470495712,8.964463535656119,4.511536243591431
2018-12-30,China,1.5990746807125928,11.815991115977866,9.026484907020514,4.401813758048465
2019-01-06,China,1.5817511929657635,9.57033832402688,7.721669321142574,3.5218529303153523
2019-01-13,China,1.6312159557343597,9.57271301018481,7.6782067190710706,3.5329234355106993
2019-01-20,China,1.6559527523959736,9.571577323361486,7.69143524177436,3.530480216077316
2019-01-27,China,1.6639139769548872,9.607374395549394,7.730728783861746,3.5395576734265655
2019-02-03,China,1.7026037605860331,9.577078161220172,7.707449433341703,3.4053109576978757
2019-02-10,China,1.675867256040253,9.579150868028211,7.718264692555951,3.4060999124007907
2019-02-17,China,1.700650931058924,9.601376231276785,7.7514137484675345,3.405267865247313
2019-02-24,China,1.7222559024661166,9.609669461889649,7.761070647954416,3.4108155359830588
2019-03-03,China,1.740262622295813,9.674327428061629,7.809868203372489,3.711028052399184
2019-03-10,China,1.724729167287486,9.67139373342671,7.814942644880158,3.710292613892133
2019-03-17,China,1.7723391071281733,9.6781345105392,7.824777171704266,3.7120240775074542
2019-03-24,China,1.7617186357332306,9.686876277919998,7.88003473611087,3.715627052270351
2019-03-31,China,1.7791460543854098,9.695334040200915,7.863531490281749,3.719400897549807
2019-04-07,China,1.8061413991445618,9.688452926830736,7.859838523674542,3.708192791712943
2019-04-14,China,1.807481465563703,9.692847469614293,7.907761062358714,3.710174228360832
2019-04-21,China,1.8302581128697706,9.710335740349668,7.945983533118346,3.7124741410925455
2019-04-28,China,1.8124585137314013,9.714439274287056,7.956171147998428,3.7110463054203473
2019-05-05,China,1.8202248082435002,9.721947138025568,8.052896533787202,3.7145115703892984
2019-05-12,China,1.7712772370669703,9.666837287085704,8.014797181882477,3.698367310739868
2019-05-19,China,1.7459387549048575,9.62217315194621,8.03271163381591,3.682192017269911
2019-05-26,China,1.7138593680733583,9.628085254168791,7.984587603076728,3.6846733870754806
2019-06-02,China,1.659171103367192,9.64429763749091,7.959479618116472,3.6902002171431807
2019-06-09,China,1.6916549739631614,9.64967785727918,7.811836891680594,3.6954097658853704
2019-06-16,China,1.7277474537107305,9.65141146417863,7.827262323316784,3.692940593870965
2019-06-23,China,1.8007132484555517,9.684682473597563,7.869427274902504,3.703354856171272
2019-06-30,China,1.7913204357257075,9.766911003586204,7.875778819953923,3.718455529922926
2019-07-07,China,1.822555919662583,9.742571839314346,7.678095592986065,3.712455211631678
2019-07-14,China,1.811106007914144,9.774064127081113,7.741739586416501,3.718978191288376
2019-07-21,China,1.8119378695098927,9.83048327205855,7.769811031258691,3.7286119915820986
2019-07-28,China,1.8404872068781515,9.840205365941664,7.791894340901733,3.7285043459019898
2019-08-04,China,1.771952826654699,9.840273164783882,7.808036488482696,3.732678001967997
2019-08-11,China,1.7302455305621307,9.75139157963367,7.657517052139278,3.707864289715318
2019-08-18,China,1.7144673958644119,9.777163322163176,7.67629138543655,3.7151685128759464
2019-08-25,China,1.7709879993520572,9.742841565356969,7.705456218936838,3.7055392363085526
2019-09-01,China,1.7720492983470542,9.696989367556895,7.719896508043321,3.691064451308646
2019-09-08,China,1.8257514504117123,9.714475633842984,7.666818523022727,3.7068866436938417
2019-09-15,China,1.8491300587727912,9.717701646734792,7.683807531098222,3.706046085179976
2019-09-22,China,1.7849512851856009,9.717432468583668,7.627516919159683,3.7060402667513577
2019-09-29,China,1.7609612083103081,9.721891385139193,7.571051763154732,3.706696045725745
2019-10-06,China,1.7475055916268376,9.739561749404574,7.399175627547553,3.714062609532112
2019-10-13,China,1.7787548505486248,9.778314877134855,7.458878690661645,3.7227761961418664
2019-10-20,China,1.8196964466919379,9.794264336944616,7.47517947257669,3.72824738146465
2019-10-27,China,1.8389509809180453,9.79918122793796,7.552890013258766,3.729951223413032
2019-11-03,China,1.83122888484812,9.814613242053763,7.53814950330804,3.7424369683542023
2019-11-10,China,1.8720892746818558,9.866968011772018,7.649419841563125,3.7532166204081543
2019-11-17,China,1.849241801655874,9.865681703922643,7.67137111039821,3.7536647992749246
2019-11-24,China,1.8320933056852569,9.839403829543556,7.72859561578209,3.74563172706693
2019-12-01,China,1.8456778841494283,9.84265997905818,7.758104081015704,3.7454150893826226
2019-12-08,China,1.8444584023878448,9.907518600654232,7.955106020068164,3.819601642314922
2019-12-15,China,1.8863003342124862,9.93589194010121,8.096995683714061,3.828807482127833
2019-12-22,China,1.9230193026115443,9.927141854265985,8.13837280799433,3.82665522803789
2019-12-29,China,1.935303719668764,9.934298599707876,8.159404199198248,3.8299711930764793
2020-01-05,China,1.9199305289210882,7.977347736367984,7.290639972705987,3.748746907935767
2020-01-12,China,1.9283404626863212,8.0059828074596,7.361579158407583,3.7632815013476337
2020-01-19,China,1.9559676249986315,8.025730976404583,7.360167902128819,3.771426011081069
2020-01-26,China,1.8758406100233547,7.979144740427635,7.283796045652939,3.753185032131437
2020-02-02,China,1.8314448563839791,8.017128763636306,7.24584539290544,4.199815171689017
2020-02-09,China,1.8933132482198067,7.920476347421933,6.559585623754346,3.8706532095840114
2020-02-16,China,1.9086380721808227,7.932411722556242,6.5764123190566695,3.8752759100006022
2020-02-23,China,1.891490215772632,7.924672319456783,6.597262683738413,3.872720173045967
2020-03-01,China,1.741995903402429,7.925757574139121,6.608169011143758,4.052849128693556
2020-03-08,China,1.712385805279601,7.915196233081253,6.4496386428974235,3.348145075534673
2020-03-15,China,1.5165063859822203,7.869239951123656,4.719113104188532,3.268741227034386
2020-03-22,China,1.5736847878111506,7.864153175853894,4.570293622964969,3.275680444123394
2020-03-29,China,1.7368126592641908,7.867601807359563,3.805236001192121,3.279013475547236
2020-04-05,China,1.658934842078423,7.86093221959566,2.8248891658245814,3.24331176333837
2020-04-12,China,1.7876289175742006,7.867804502066947,2.6870804774838364,3.2486097786691364
2020-04-19,China,1.8073781678395913,7.865265140735012,2.536038130925207,3.204689215514801
2020-04-26,China,1.729352022224048,7.861029433552567,2.2292740054116074,3.2447891556908717
2020-05-03,China,1.7601103684935442,7.866363433214035,2.1184363365359644,3.196544006216365
2020-05-10,China,1.7367222547074659,7.887999626254539,2.1372736624137194,3.174792708014801
2020-05-17,China,1.7052466626658522,7.903918122868166,2.148373069732191,3.1121298423882946
2020-05-24,China,1.712385805279601,7.88359341786653,2.1596300081144806,3.116656629162741
2020-05-31,China,1.6822274630119742,7.878237669457218,2.122224407884384,3.15309998673516
2020-06-07,China,1.7585069620184983,7.896062115162581,2.1350103129526197,3.271677316289349
2020-06-14,China,1.7249061668248513,7.901124398799132,2.1208650927345754,3.146926553566745
2020-06-21,China,1.7431848593398491,7.907387261146539,2.142391874861348,3.500167349991674
2020-06-28,China,1.7347045788660285,7.90478168465346,2.135771176301878,3.2896065610872087
2020-07-05,China,1.7689676735145743,7.922845813803684,2.145684964503026,3.2938007007496655
2020-07-12,China,1.77253249640351,7.93994320855222,2.1479002362866058,3.937546855198161
2020-07-19,China,1.7852480506696498,7.944450469366197,2.149906055985288,3.940313816376226
2020-07-26,China,1.7909200304460042,7.931633674633985,2.1325144832583867,3.933710180800859
2020-08-02,China,1.7948121021743877,7.950549499440128,2.1371137140130396,3.9423452829893866
2020-08-09,China,1.8095494879428855,7.987424056805482,2.146316351728802,3.9587917146587457
2020-08-16,China,1.8323095257711421,7.993384151914603,2.1467449325928163,3.962898834270169
2020-08-23,China,1.8470112712513518,8.024202507988614,2.1447381971536377,3.9752995356965384
2020-08-30,China,1.8827104387588518,8.068259005051242,2.1505037417329307,3.9936185665163895
2020-09-06,China,1.8998068311270695,8.082549435964648,2.144372411714394,4.006615670775522
2020-09-13,China,1.8771363643269352,8.09003580954905,2.1340745581127925,4.009271743416245
2020-09-20,China,1.8771363643269352,8.11169026752095,2.161391201107171,4.020661232463298
2020-09-27,China,1.7314091824912445,8.078485986368497,2.155321721405732,4.0052233207465315
2020-10-04,China,1.749539771152416,8.084193932450395,2.1554305308525037,3.811703553038361
2020-10-11,China,1.8378562185663374,8.105120499151697,2.175633767958743,3.9954949450189687
2020-10-18,China,1.8457886658452007,8.104759867013298,2.1809927400788034,3.996375888288733
2020-10-25,China,1.858373690617906,8.108339330001204,2.1813898109365595,3.9983134086044383
2020-11-01,China,1.8318769586232402,8.100601432101811,2.1425893534974874,3.2981737723580267
2020-11-08,China,1.891490215772632,8.12184443667766,2.1652644684232154,3.864449990612384
2020-11-15,China,1.9375578836810858,8.124148271426959,2.1830908616896627,4.014141644810451
2020-11-22,China,1.9181372500319869,8.153915999432225,2.2014579760115507,4.02725349034711
2020-11-29,China,1.9562436451148646,8.14751659734129,2.2130160289805993,4.0239601654689405
2020-12-06,China,1.9627715007046032,8.167353000239226,2.230761957028202,4.087858756709888
2020-12-13,China,1.9699536599204177,8.157193385546364,2.231844992412463,4.084655437485076
2020-12-20,China,1.9775301968017076,8.165345870272358,2.231681341988833,4.088222731072271
2020-12-27,China,1.9778184018087641,8.158826386120166,2.226423969890831,4.085595392214897
2021-01-03,China,1.9778184018087641,10.991168493753802,2.154464229195198,5.343498892513078
2021-01-10,China,1.9778184018087641,11.013167540117564,2.174600756876343,5.451536788600399
2021-01-17,China,1.9495281467207226,11.003255027920902,2.155742399697226,4.862345248918067
2021-01-24,China,1.9498004735806607,11.068957766464845,2.167118374800472,5.517405998894656
2021-01-31,China,1.9366283351793556,11.089052916940334,2.1834292095132826,4.912147576988885
2021-02-07,China,1.9536288007338682,11.255188343505935,2.2278965691612713,5.840373092731737
2021-02-14,China,1.964031259229289,11.257158175209844,2.238916481618047,5.976426949850759
2021-02-21,China,1.971658918580562,11.266331131380742,2.2385305300538016,5.34590964418626
2021-02-28,China,1.9499366929568787,11.411625012889685,2.249653997978297,4.638189456001433
2021-03-07,China,1.9237944993536,11.535191698104123,2.2476996777435083,5.343664310062571
2021-03-14,China,1.9306945115988765,11.58889467438314,2.46213727037163,5.188559344959037
2021-03-21,China,1.9563815057821043,11.596900851299708,2.463982766910924,4.248696954042015
2021-03-28,China,1.910146121962542,11.559181510329848,2.676753213911886,4.1755488070496005
2021-04-04,China,1.9033954071059898,11.53364917637573,3.628089746975444,4.74374741350475
2021-04-11,China,1.8624846056551543,11.5412301319643,3.7705038268914866,4.889400248634788
2021-04-18,China,1.8453449039761796,11.563621183582889,3.996901574933668,6.0068815340099215
2021-04-25,China,1.8453449039761796,11.587782111191515,4.734568736296696,4.986037975799414
2021-05-02,China,1.8621408929384362,11.605457973023524,6.123998277602194,5.045178140581066
2021-05-09,China,1.8729074269687798,11.626892295767057,6.154500308549508,5.127850229911926
2021-05-16,China,1.8508087300872513,11.636976261508732,6.711874671813247,5.315290388798331
2021-05-23,China,1.834803637423419,11.670160142944347,6.686463876337617,4.867287789920254
2021-05-30,China,1.8629433981997816,11.700789020281066,6.923281398298699,5.876313583691854
2021-06-06,China,1.8683649746549968,11.664062351466264,7.958788860906485,6.2259861199899325
2021-06-13,China,1.8833070088295862,11.661071258966944,8.038126899967596,6.062265733286801
2021-06-20,China,1.8737271170345595,11.554070164365422,8.23540553842622,5.755477393968915
2021-06-27,China,1.879382422853447,11.55214106956418,8.271583426805334,6.282674608586465
2021-07-04,China,1.8792640822406461,11.53675685742226,8.265607767825033,5.969488482591066
2021-07-11,China,1.8513692702789197,11.536398501522466,8.273584844859093,5.219593729895441
2021-07-18,China,1.8683649746549968,11.532351338452594,8.168835714104091,5.1983574828698025
2021-07-25,China,1.8540695160267715,11.553017273903365,8.290428468406867,5.7398655232602325
2021-08-01,China,1.839937925824787,11.56930475968977,8.303102036451874,5.980972811935727
2021-08-08,China,1.846344150704101,11.541853114366756,7.987989622971121,4.872699723443213
2021-08-15,China,1.8568971826773268,11.544338095634258,7.988892762996317,5.418565584297946
2021-08-22,China,1.891611661994876,11.521784217437386,7.982748377663326,4.67603926828839
2021-08-29,China,1.8917328944002598,11.541774624107674,7.997747795135002,5.595604155740947
2021-09-05,China,1.9227611689104769,11.55823967206799,8.012302775985484,5.323316687709284
2021-09-12,China,1.9167328064171778,11.562442933043004,8.069766336744474,5.935492472632376
2021-09-19,China,1.8802122846305296,11.553097201042643,8.23774408546351,6.1696572288632785
2021-09-26,China,1.8025505513010154,11.5880737729524,8.037010399066796,5.833510881080255
2021-10-03,China,1.7681041333860708,11.59169789595874,8.059275183030286,5.22026099769933
2021-10-10,China,1.7271245957622314,11.621924037687153,8.223013661326503,5.122159975118238
2021-10-17,China,1.7318575236580982,11.61856633730594,8.224750214827544,5.805341197125123
2021-10-24,China,1.7635217908865717,11.635405185475213,8.243417174225202,5.32669548049689
2021-10-31,China,1.7783637363300238,11.610196550098932,8.51646991509768,5.143392629278165
2021-11-07,China,1.7361794178226606,11.658964458923569,8.554201658567852,5.20567227402201
2021-11-14,China,1.7097084577434238,11.664507572196378,8.665414059654996,5.501503535050041
2021-11-21,China,1.7486140663025984,11.657933403698866,8.681012190288591,5.321160200779795
2021-11-28,China,1.721199237247311,11.652876302735953,8.64091769924621,2.900043904484304
2021-12-05,China,1.7180416113253656,11.688543875406982,8.574533378853172,2.995559876013033
2021-12-12,China,1.7823852360138936,11.69552903280659,8.588059473461245,4.183475908058885
2021-12-19,China,1.8121460656518047,11.688217893061314,8.594579616539972,3.968700548850995
2021-12-26,China,1.8023461944925743,11.68729836943511,8.622135826972482,4.470175581065681
2022-01-02,China,1.8284292148913517,53.02890707094942,13.837710783584123,4.5975044927129405
2022-01-09,China,1.8075845769905012,12.648044884124936,9.72367468600444,4.932050445530246
2022-01-16,China,1.773306168657709,12.650045513872954,9.863911011072062,4.932573167175231
2022-01-23,China,1.7680083656807264,12.64286443146966,9.881711050678948,4.929897092535481
2022-01-30,China,1.741082920774296,12.536667861652113,9.981499373951236,4.424517940817227
2022-02-06,China,1.7409918067906496,12.33628484827658,9.904738166086002,4.12416973161055
2022-02-13,China,1.7055031049432814,12.27576424269347,9.893576088330214,4.110685106959796
2022-02-20,China,1.709880874523428,12.287785895887929,9.907024253927062,3.816026576809752
2022-02-27,China,1.6309910699148253,12.27493494827715,9.815891441484036,4.027329962644289
2022-03-06,China,1.6602740669179012,12.33669262169673,9.68601639056023,2.9564861358218733
2022-03-13,China,1.6725527119927288,12.236561864163171,9.658509030624874,3.005072231589693
2022-03-20,China,1.7089337192050844,12.18758681796116,9.40636803400286,2.9766648453292732
2022-03-27,China,1.6486424127935015,11.971744140554025,9.332264243757132,2.9475847847948655
2022-04-03,China,1.6418063814415012,11.97887012484522,7.316749198574047,3.514483848606497
2022-04-10,China,1.6361085484520803,11.952242141017091,7.166192733253569,3.5918072649751003
2022-04-17,China,1.5957518500283996,11.945600133876669,7.13179044280051,3.586986930494059
2022-04-24,China,1.5820265079665905,11.493688346860194,6.986881799831018,3.678688590092966
2022-05-01,China,1.548887787079572,11.331730421109777,7.0016767144339624,3.492393278858151
2022-05-08,China,1.5110401940341343,11.295569832397666,7.004958442180421,3.358310210284185
2022-05-15,China,1.4930278152273422,11.167900906120876,6.939660647484586,3.58276218768047
2022-05-22,China,1.4989331112651672,11.15071230591566,6.921949086792635,3.6502506340056495
2022-05-29,China,1.568076441240061,11.187055961395416,6.997526603626276,3.902773954256248
2022-06-05,China,1.5681436283853314,11.18588303199535,6.95043889195643,4.076343706422285
2022-06-12,China,1.575112192104643,10.896678023730152,6.764651492369844,4.00534868346849
2022-06-19,China,1.4960031282834354,10.825817492343084,6.655649921820056,3.708316129519682
2022-06-26,China,1.5141050193849799,10.828280345366167,6.626037603551725,3.9254164978457697
2022-07-03,China,1.4868851339334692,10.829146167594155,6.621999175693602,3.712694097099382
2022-07-10,China,1.5021783172989343,10.798126667458236,6.585652516560417,3.4809946178456084
2022-07-17,China,1.4756457710745838,10.678721225092607,6.488083800174216,3.472828991480854
2022-07-24,China,1.5107345000910264,10.678087464695588,6.507493514127365,3.8170586655774414
2022-07-31,China,1.5615223230027615,10.685843999922756,6.5202300551780485,3.954084321166072
2022-08-07,China,1.5301079473301546,10.57431066280726,5.907635647662181,3.7192037544081455
2022-08-14,China,1.5549740892754798,10.578585997368082,5.905151774088967,3.942887734883116
2022-08-21,China,1.5787304593026825,10.524543932361512,5.861112865341077,3.5699753851934823
2022-08-28,China,1.6099522724899868,10.465330838736651,5.888192128617096,3.8332341546499458
2022-09-04,China,1.5549740892754798,10.449219696349411,5.779181948772524,3.294874190434661
2022-09-11,China,1.6025590628247777,10.383307599326548,5.758042397290927,3.65661033241756
2022-09-18,China,1.5552373355382585,10.22840140595283,5.755542443491156,3.7403713044901834
2022-09-25,China,1.4209340319249995,9.962723085605134,5.695629515376927,3.392656544212616
2022-10-02,China,1.3611143024114158,9.959096688160107,5.7010612182139,3.080192553694437
2022-10-09,China,1.4053703770327857,9.931450141460012,5.660765796996599,3.1848321550504757
2022-10-16,China,1.3611624765224029,9.785725399375137,5.579281379240889,3.380538013735252
2022-10-23,China,1.33773971821436,9.777818629856505,5.6061678205956245,3.62102059543007
2022-10-30,China,1.3264023299431802,9.772887597513638,5.605026510675844,3.565239420994974
2022-11-06,China,1.3470558162827333,9.787568258501029,5.5928769255159585,3.623585759711113
2022-11-13,China,1.5047144107714598,9.712808085522616,5.5978327596874795,3.763373649722812
2022-11-20,China,1.5050170312768003,9.688523759655425,5.376787273708769,3.753805590907663
2022-11-27,China,1.5584045593915077,9.668776728457036,5.289569708876591,3.404829947012628
2022-12-04,China,1.5420254130854585,9.505026940330142,5.310091927430017,3.6227109426746247
2022-12-11,China,1.5484321144142825,9.50217672032317,5.270633392752255,3.6260395182256753
2022-12-18,China,1.5552373355382585,9.49929765508988,5.270729138979525,3.6270180796250657
2022-12-25,China,1.5390078701029808,9.489563537052293,5.295424930991679,3.6226453092360607
2023-01-01,China,1.5390718537533652,9.479184904994792,5.304503626674187,3.625985219946988
2023-01-08,China,1.6244355248249507,9.291996642850195,5.754537432067152,4.629646978007151
2023-01-15,China,1.6870041418904727,9.242341075477364,5.735852072347541,4.6106976073398025
2023-01-22,China,1.7212871199590398,9.201835927271064,5.729655070060124,4.590603083667809
2023-01-29,China,1.7390799183916115,9.215213524758846,5.7448108661288995,4.594601158256817
2023-02-05,China,1.7386257133685143,9.216516385146322,5.687828259808138,4.873525464355855
2023-02-12,China,1.6709429158020992,9.19032506380112,5.6957397589888945,4.858194028376435
2023-02-19,China,1.6247318179100436,9.153201070097332,5.634129436500842,4.8385913059658225
2023-02-26,China,1.5961749793276643,9.09278038360566,5.68281525169553,4.805080369223997
2023-03-05,China,1.5956812878171749,9.09530288073711,5.791830890671918,4.803963575886426
2023-03-12,China,1.5682782274152813,9.10522715751974,5.791087766164165,4.808059447797648
2023-03-19,China,1.5619880762698104,8.947660423816867,5.829175962818516,3.7364424437310424
2023-03-26,China,1.4752996271314744,9.000295188726053,5.923296228039299,4.014636616143022
2023-04-02,China,1.5584045593915077,8.936303201754061,6.677077144954675,4.713376826843702
2023-04-09,China,1.5715161488382356,8.939023143098586,6.687419277940203,4.715634914715744
2023-04-16,China,1.59546993421707,8.917422335505675,6.803785820047653,4.703592934442811
2023-04-23,China,1.5714485769208777,9.05187239244995,6.787850809125896,4.773254880017346
2023-04-30,China,1.5647234366385492,9.09238234920738,6.758896518140534,4.793212183294427
2023-05-07,China,1.5359415372315608,9.102947533365215,6.762412044685999,4.783865377042478
2023-05-14,China,1.5449161992497076,9.117013480756665,6.7567246730862776,4.789243497352792
2023-05-21,China,1.5884658988818403,9.041546413800278,6.818208099012221,4.750520299672207
2023-05-28,China,1.5919574250034785,8.949418478214564,6.80362287909933,4.701419843760988
2023-06-04,China,1.6244355248249507,8.947028792897576,6.812337770441921,4.704700704796062
2023-06-11,China,1.6396725432907429,9.048384906861902,6.894902143737923,4.755948087042855
2023-06-18,China,1.6549361256325532,9.075674657264258,6.9377832037993,4.768801845000724
2023-06-25,China,1.6583057123258258,9.057085293405356,7.028777572760515,4.759517021959507
2023-07-02,China,1.6435651605736776,8.975968905374614,6.928160215902771,4.720857753107571
2023-07-09,China,1.632191080204856,8.986907045841692,6.916926078084126,4.723278609239905
2023-07-16,China,1.6512757386456451,9.021956482084477,6.746125892416416,4.740008179889578
2023-07-23,China,1.6320408665377522,9.00855279811912,6.729065220065208,4.733569289473072
2023-07-30,China,1.6863427903048946,9.016481241269902,6.742339774403361,4.738188097431603
2023-08-06,China,1.6909881821206765,9.060455773360538,7.482514969562849,4.747322826958745
2023-08-13,China,1.6475616333263972,9.022936543282272,7.468147119984247,4.727986469705241
2023-08-20,China,1.5050170312768003,9.023516312725786,7.440853764191865,4.72683712996283
2023-08-27,China,1.5021783172989343,9.034377489272035,7.5358894128416445,4.731010127238854
2023-09-03,China,1.5617218867369478,9.045286388034176,7.605147815228213,4.672884189771736
2023-09-10,China,1.56848008251445,9.01123630768688,7.604210267731922,4.653318472563536
2023-09-17,China,1.5856183758575904,9.103499102365516,7.582129104289398,4.69848164874318
2023-09-24,China,1.5201573633915821,9.261948674657663,7.711942472305803,4.774766008999369
2023-10-01,China,1.5078690444309546,9.267546857608735,7.916404706779223,4.778218007858583
2023-10-08,China,1.4643807607096921,9.289242687245908,7.601854831710772,4.782702458578832
2023-10-15,China,1.5018168783093675,9.403865743377612,7.713388045869951,4.267369867787208
2023-10-22,China,1.4778425365311314,9.430110696221528,7.723478169483659,4.316375765697255
2023-10-29,China,1.5050170312768003,9.431907666235386,7.665689760944672,4.004319252098155
2023-11-05,China,1.5190410872553357,9.440833925926654,7.645339224118538,4.847835248167161
2023-11-12,China,1.5648571925986914,9.4949397065432,7.575626124427126,4.876625613179441
2023-11-19,China,1.6167098200673966,9.504793930991571,7.97830738922262,4.847049611319254
2023-11-26,China,1.6709429158020992,9.534564621314942,8.143707830811925,4.475041109537249
2023-12-03,China,1.6627245263434174,9.68633318679784,8.1708399458714,5.338243489772622
2023-12-10,China,1.6398246202684392,9.658279238559308,8.09259980914692,5.3243212695496425
2023-12-17,China,1.6726333227095003,9.652636661181011,8.172457689424013,5.319551979391003
2023-12-24,China,1.6586202685394795,9.668015063812495,8.106610490659083,5.326912984314012
2023-12-31,China,1.6590136111274392,9.69126945080738,8.147328844408426,5.342009304825384
2024-01-07,China,1.610386011128227,12.180243416020827,8.635997492237964,5.769357252130617
2024-01-14,China,1.6395964058856003,12.340176159997512,8.866352962506351,5.030406397879026
2024-01-21,China,1.617367979051404,12.289682007466723,8.86418048791979,5.797160700521873
2024-01-28,China,1.6210381436216383,12.296802789925408,8.858521993406793,6.002470882292811
2024-02-04,China,1.6212590977125703,12.33364627394726,8.976902189150115,5.961170432484418
2024-02-11,China,1.632191080204856,12.371603802122433,8.993595438332589,6.441930358451303
2024-02-18,China,1.6248800587256276,12.429617780562667,9.144986222724452,6.778237943202228
2024-02-25,China,1.639900788076682,12.540049169136116,9.20037941227663,6.667325515566796
2024-03-03,China,1.617367979051404,12.54320952673996,9.241561177814672,6.612757949899243
2024-03-10,China,1.617367979051404,12.56153424139116,9.164780963929696,6.952640640327469
2024-03-17,China,1.5961045070003228,13.015668304074945,9.157313698762168,6.895173050598348
2024-03-24,China,1.5920975205949448,13.008558480196166,9.185712699902854,7.6018247783454305
2024-03-31,China,1.5684127898198699,13.139038919417432,9.229584473917672,7.597786597943532
2024-04-07,China,1.5521522939600005,13.125558837480488,9.435600834829966,6.3031765801470625
2024-04-14,China,1.5783881058024227,13.1384901317973,9.447943466379204,6.326003975216825
2024-04-21,China,1.5717191140317113,13.136799569028067,9.398929356578195,6.388987194424366
2024-04-28,China,1.5718545306417995,13.13214549699134,9.463537741010663,7.326061735178262
2024-05-05,China,1.6093025611265512,13.13887978578108,9.323825538370135,7.263843614809871
2024-05-12,China,1.620964511068894,13.176139664723072,9.361778575543095,7.316776495465515
2024-05-19,China,1.662803666041891,13.421872492590818,9.364291939406174,7.27652718871673
2024-05-26,China,1.6473303043206833,13.60919672202193,9.398099553049835,7.3817569376565295
2024-06-02,China,1.6473303043206833,13.617101983065613,9.392404778557829,6.713092966642794
2024-06-09,China,1.6248800587256276,13.632672587695676,9.395585112740578,7.710289481857008
2024-06-16,China,1.6062798260636622,13.654991932565586,9.406151658701312,8.203883058335979
2024-06-23,China,1.6029157952911197,13.692415231903697,9.479226998500836,8.186443902117627
2024-06-30,China,1.6102413714189576,13.9086246497844,9.66935177236122,7.679077748530864
2024-07-07,China,1.6509653797733728,13.920849750315298,9.715481253498444,8.531806754621584
2024-07-14,China,1.6748950416906196,14.013514827498817,10.46268944797999,8.460034724210388
2024-07-21,China,1.6140119746970172,14.040818023161249,10.525787491592002,7.675284681218707
2024-07-28,China,1.6101690289666817,14.05355247959126,10.260821535546398,6.954646035446341
2024-08-04,China,1.6100245878897474,13.557436127966511,10.164422483641133,5.294230054601279
2024-08-11,China,1.602987096674799,13.549673907502108,10.162544831321108,6.263723736800541
2024-08-18,China,1.654701777817174,13.589208066135829,10.264212782205291,6.780117242017351
2024-08-25,China,1.6549361256325532,13.63184245707568,10.28892631295839,6.926945698706999
2024-09-01,China,1.6788752960953155,13.67181554457933,10.438750413748496,6.317333855759111
2024-09-08,China,1.655170570232645,13.812059439995904,10.180366038055029,5.617474205687467
2024-09-15,China,1.6550141849314481,13.83689660766592,10.337387004135884,6.061306955598399
2024-09-22,China,1.6474074035516568,13.894385846457912,10.347162512779764,6.717697197485752
2024-09-29,China,1.6666192887780826,13.926958298818205,10.331871956362814,5.335475777317671
2024-10-06,China,1.6474074035516568,13.676859912199047,11.027977441097288,4.403389625982522
2024-10-13,China,1.635957380294235,13.611681442186455,10.972667486632066,3.7890336098714834
2024-10-20,China,1.6320408665377522,13.561589123010888,10.621383464620427,4.282987772669314
2024-10-27,China,1.6283747595058153,13.476324085696508,10.718399469318015,4.08908100668329
2024-11-03,China,1.6134302921316905,13.49360824932743,10.759009314988704,4.6599869884879865
2024-11-10,China,1.6471761371555522,13.390319587445443,10.763565633686053,5.411210159781703
2024-11-17,China,1.6320408665377522,13.398300791469069,10.785285248770242,6.044226816583128
2024-11-24,China,1.6321160059894413,13.351781229331442,10.718773682174197,5.900127836314365
2024-12-01,China,1.620964511068894,13.44693726063736,10.800478739641942,6.065547886040179
2024-12-08,China,1.6361085484520803,13.513292325464944,11.023236872940018,7.034868320650632
2024-12-15,China,1.6437183543086011,13.574432377423667,10.972431463708734,6.169993194039581
2024-12-22,China,1.6135755125754205,13.53959297561755,11.28673326928157,7.428722923128691
2024-12-29,China,1.6138664264927274,13.556016707683732,11.304288692266352,7.2043843892112776
2015-01-04,Colombia,1.193971067576018,3.786913002107011,3.5356063476694235,0.7451063239648922
2015-01-11,Colombia,1.1407352490562879,3.762274142189257,3.1652420374267067,0.8508492052442534
2015-01-18,Colombia,1.1180914879525627,3.7807809928682614,3.1351294699263654,0.698539721401781
2015-01-25,Colombia,1.1355110024090296,3.78238283058159,3.1422042709631564,0.6644309017615238
2015-02-01,Colombia,1.1338817713749556,3.735709972440976,2.8986579575178633,0.619982726243631
2015-02-08,Colombia,1.2182962414111613,3.756177259354267,2.672339497996933,0.5878806144892474
2015-02-15,Colombia,1.2204434252033192,3.765725999643641,2.676967198625398,0.6972506084139275
2015-02-22,Colombia,1.2224795862670959,3.700027795209361,2.663300527926001,0.7051947841740392
2015-03-01,Colombia,1.258083415964117,3.671292415997123,2.604386880597922,0.6428123102176884
2015-03-08,Colombia,1.1680917664900385,3.580146542246207,2.590909056172428,0.7973754998038547
2015-03-15,Colombia,1.1131608710518628,3.508954464570163,2.516457271859054,0.6057026961364326
2015-03-22,Colombia,1.151049903630893,3.5097869048042565,2.5417654108630243,0.7454941651706222
2015-03-29,Colombia,1.159681767176848,3.524620167339513,2.5258387570900815,0.6931542667310882
2015-04-05,Colombia,1.1757572202558726,3.532103595347192,2.48302218983332,0.7348242273376949
2015-04-12,Colombia,1.1829497077642999,3.541308556539974,2.483081687570039,1.1050542521482971
2015-04-19,Colombia,1.207082481719648,3.544183071012087,2.462443127432215,1.1560649647178094
2015-04-26,Colombia,1.238104271330538,3.548927657557546,2.4675790633991035,1.4566756285317235
2015-05-03,Colombia,1.2012377107643957,3.5640186892199663,2.483424625087941,1.524825635623192
2015-05-10,Colombia,1.236141826164859,3.5740252350897315,2.4908106471556786,1.581443615879421
2015-05-17,Colombia,1.2244037361829494,3.5261418482215054,2.472711213407986,1.8845714344926416
2015-05-24,Colombia,1.2185691528026297,3.44717268810088,2.445069155783039,1.731271031735086
2015-05-31,Colombia,1.201389898601064,3.4325768809375967,2.4221320526925307,1.5526505607125818
2015-06-07,Colombia,1.127881687179545,3.3671415557504996,2.334570155490302,1.538717502432436
2015-06-14,Colombia,1.1559238189431809,3.3441056866376515,2.300077034986098,1.7307353330937905
2015-06-21,Colombia,1.1560666197315261,3.3328788554108675,2.263708923275316,1.7911442455647326
2015-06-28,Colombia,1.126852162464219,3.315323890221659,2.2595332742179255,1.867209451068464
2015-07-05,Colombia,1.133916397892901,3.307455577413107,2.246500217246206,1.8322478569347176
2015-07-12,Colombia,1.1201953796509543,3.2894436444474366,2.241188503746489,1.1058028903194062
2015-07-19,Colombia,1.121930541995777,3.231357407236957,2.225790085204265,1.3954419669304985
2015-07-26,Colombia,1.0733247076562442,3.174395494929148,2.1681537517478393,1.124151661722275
2015-08-02,Colombia,1.080150213063452,3.1722242026670395,2.162189831651512,1.1186215737976544
2015-08-09,Colombia,1.0336214967302189,3.1397596794346296,2.0977921692123336,0.9793064612547157
2015-08-16,Colombia,1.0233391672098655,3.118487768291857,2.0848813623475895,0.9667762453333456
2015-08-23,Colombia,0.9419743519074867,3.066205362314623,2.0437375027691576,0.778720432619326
2015-08-30,Colombia,0.9771703766751664,3.0692671769111364,2.047873083689921,0.571817951510781
2015-09-06,Colombia,0.9561233118908409,3.061892886554415,2.0507528302753726,0.6594602494878166
2015-09-13,Colombia,0.9782404514846749,3.075464645376093,2.072786417880799,0.6759486796130322
2015-09-20,Colombia,1.0251331345101073,3.081421333240949,2.06791691732261,0.8250711435709582
2015-09-27,Colombia,0.9021174081386103,3.0474565860636873,2.033604437809837,0.7288383966538361
2015-10-04,Colombia,0.865687738763933,3.019268326944144,2.034734097350249,1.0639610341981722
2015-10-11,Colombia,0.9883655055851904,2.9811868020504773,1.9593109929138204,1.130787742753579
2015-10-18,Colombia,0.9771422364948409,2.9786478184704595,1.9293747971158015,1.275942434740868
2015-10-25,Colombia,1.0034980621558354,2.9658153850221076,1.9104677178389569,1.168145630237765
2015-11-01,Colombia,0.9995207054350544,2.968079015964412,1.9112725109791937,1.1508368993865972
2015-11-08,Colombia,1.0086963946595222,2.9620321813188264,1.9091682758281856,1.2105463928923446
2015-11-15,Colombia,0.967688070398586,2.828627225348111,1.7939533734080548,0.867556044609542
2015-11-22,Colombia,0.9895367618097338,2.832975391037972,1.8058508783447964,0.920901426027461
2015-11-29,Colombia,0.9714505372046156,2.84074546439899,1.8043263872720936,0.786768827425593
2015-12-06,Colombia,0.944643662257159,2.839664773188179,1.85282000185521,0.9227165024938276
2015-12-13,Colombia,0.8547309437253356,2.802761357282661,1.7538138661233238,0.6087563013188445
2015-12-20,Colombia,0.904734880449848,2.8575505080081505,1.7600500737118274,0.7394121869168602
2015-12-27,Colombia,0.9186821033044927,2.8555301476380484,1.76299845458882,0.7887486730915907
2016-01-03,Colombia,0.914743260272239,3.843210698016573,1.975225023740404,0.757922994367283
2016-01-10,Colombia,0.8406510947491128,3.788805022705405,2.0000599711934433,0.5534489138157362
2016-01-17,Colombia,0.7862549947236362,3.8274489952942954,2.026107893630628,0.4392571156089329
2016-01-24,Colombia,0.8164781930441837,3.8255410065153934,2.0178995666922988,0.4414193340143795
2016-01-31,Colombia,0.8163630923273533,3.845060520954149,2.102465330781076,0.4492972064411428
2016-02-07,Colombia,0.8043838147734391,3.835264325945972,2.3318860420830503,0.3597524888237886
2016-02-14,Colombia,0.7492579413437981,3.8191028326425456,2.307180814160594,0.2942816645905625
2016-02-21,Colombia,0.8070999493443188,3.855057979264061,2.300129674544571,0.404399414966523
2016-02-28,Colombia,0.8268273381925594,3.8621421345197433,2.2745553569507355,0.4436945465925507
2016-03-06,Colombia,0.8962713633775096,3.767817141799053,2.2744374432727934,0.6988190442782354
2016-03-13,Colombia,0.9593906711370866,3.814916162193792,2.313616618475778,0.7450655473054517
2016-03-20,Colombia,1.043216064020596,3.872287351260059,2.3019460403558063,0.9578768148337788
2016-03-27,Colombia,0.9608502289544181,3.8739183698726007,2.3239770664505284,0.9569388837698964
2016-04-03,Colombia,0.9740249241332823,3.879915907249168,2.3437016718977293,0.8680136644666007
2016-04-10,Colombia,0.923981489078222,3.888201721559302,2.3706531867858907,0.8631756153539868
2016-04-17,Colombia,0.9798200677579187,3.855330571406325,2.430822816862758,0.7766456958365292
2016-04-24,Colombia,0.9836695803280185,3.880416996188365,2.436684155004061,1.1343276063932346
2016-05-01,Colombia,0.9710036757928612,3.8730626212398738,2.440254037996735,1.1550500463537048
2016-05-08,Colombia,0.9537157386204488,3.793578236029242,2.342630346589675,1.1108628990672949
2016-05-15,Colombia,0.9458058462671467,3.80017762591862,2.348183223172898,1.1329049944293006
2016-05-22,Colombia,0.9327678205526888,3.802164470996906,2.3252346590954285,1.16404842120089
2016-05-29,Colombia,0.9404952467200306,3.800630396973119,2.322883643351374,1.3677554285036937
2016-06-05,Colombia,0.9622020296017294,3.856058924291208,2.384324888103582,1.433086201035359
2016-06-12,Colombia,0.973912818963646,3.9462716583991697,2.481578711389926,1.1890022203036978
2016-06-19,Colombia,0.9367425474369018,3.936289527127504,2.440718326457812,1.1126424379385675
2016-06-26,Colombia,0.939984918413294,3.946398371643071,2.446046626022195,1.044782671460688
2016-07-03,Colombia,0.9758769706020012,3.964670657194862,2.448617958666083,1.4315503333993742
2016-07-10,Colombia,1.0448730556552157,3.9762924366042016,2.4403887449776933,1.1653296603619645
2016-07-17,Colombia,1.0611743569995393,4.042165356760005,2.4585834970084344,1.4052267551593889
2016-07-24,Colombia,1.0974759965526018,4.101760487776201,2.4771270256873237,1.2736776532023262
2016-07-31,Colombia,1.0419603850242392,3.9763026691978545,2.3751349171031,1.1200083783970756
2016-08-07,Colombia,1.0863566957931006,4.018009005534453,2.427351021194879,1.1075107936565778
2016-08-14,Colombia,1.109032519765663,4.008776743506241,2.435876428152964,1.335601179247356
2016-08-21,Colombia,1.1386061843459239,4.101200329745187,2.488429431382556,1.5308643471844277
2016-08-28,Colombia,1.1251737213238426,4.06072270650998,2.4804056487840835,1.4391345051602022
2016-09-04,Colombia,1.1318417174773139,4.0533372833837955,2.457381010508364,1.3036086434111396
2016-09-11,Colombia,1.1488196233257408,4.093199329904131,2.467304442937024,1.257503870988934
2016-09-18,Colombia,1.10197083930582,4.086883889830682,2.4567750110538764,1.2319178635166987
2016-09-25,Colombia,1.1061597203916262,4.160256096863107,2.499143307323804,1.067206201593952
2016-10-02,Colombia,1.1272981115437326,4.284447593515099,2.486217432072126,1.2852204435547416
2016-10-09,Colombia,1.0963894393090297,4.42464033661057,2.701098397094458,1.407807840369274
2016-10-16,Colombia,1.0931065349894105,4.428597164037244,2.719966150367518,1.4702780729984035
2016-10-23,Colombia,1.1390593958834463,4.437382088288231,2.7204054228635863,1.6519263826185546
2016-10-30,Colombia,1.107394319792267,4.37882806320586,2.7026101920376755,1.3162268678672158
2016-11-06,Colombia,1.066402768804856,4.318370369555404,2.5969389350444945,1.0111582542329762
2016-11-13,Colombia,1.0144315975041491,4.597323088524351,2.736722069274636,0.9171991255501049
2016-11-20,Colombia,1.0083741353492508,4.515740055028487,2.726884183350865,0.8450990399689714
2016-11-27,Colombia,1.0300280423339516,4.535168023105567,2.731364488732371,0.6341236138191519
2016-12-04,Colombia,1.0503297965183767,4.456414368758455,2.655365282703954,1.50888336307074
2016-12-11,Colombia,1.1184304170523833,4.6099782531319935,2.8613751554799163,1.5603069104128062
2016-12-18,Colombia,1.1456102156749002,4.605028856944007,2.872904197015152,1.963475181829394
2016-12-25,Colombia,1.138641036726101,4.78381476622814,2.9141621535807234,1.9169991416136944
2017-01-01,Colombia,1.1419946855246264,5.144300589855289,2.9481538181526425,1.8497400037076444
2017-01-08,Colombia,1.1768222831944972,4.903766354672418,3.011689602339436,1.836413913735767
2017-01-15,Colombia,1.1895793429774542,4.898233548910514,3.0280053966826506,1.8114903525647577
2017-01-22,Colombia,1.1843226867655474,4.908815856906604,3.0432974079795088,1.936993220827304
2017-01-29,Colombia,1.1859961129636782,4.9033750401343585,3.053187537738041,1.8876735118920105
2017-02-05,Colombia,1.2119712493256052,4.947080383462673,3.060598286559304,2.0685251697715854
2017-02-12,Colombia,1.222087554690329,4.974798462628782,3.1464885911941503,2.2051186421273754
2017-02-19,Colombia,1.2088492827542177,4.931322088995628,3.130553753681162,2.2798621301809763
2017-02-26,Colombia,1.239469247442147,4.930773047712811,3.260269345966015,2.2420351939534404
2017-03-05,Colombia,1.2611870415528732,5.080222100425959,3.180980906794136,2.2244094984950173
2017-03-12,Colombia,1.2392281733914874,5.067566226028787,3.190917537535241,1.6320928547934224
2017-03-19,Colombia,1.2753941647542038,5.135679583386383,3.287207704231958,2.1062805363113988
2017-03-26,Colombia,1.245402005964531,5.143180349952881,3.303869016444831,1.8471925063879224
2017-04-02,Colombia,1.251386280241345,5.162059957794025,3.3071927232291767,2.1189941064000615
2017-04-09,Colombia,1.2573818789877185,5.168277944451734,3.3610914187472485,2.037542601714033
2017-04-16,Colombia,1.2532696591350332,5.29219570114373,3.394026561433173,2.0387719013481154
2017-04-23,Colombia,1.251304511211294,5.313456947528579,3.390053354932589,1.8405501393060573
2017-04-30,Colombia,1.2849044122302495,5.336379224846516,3.435972501653708,1.9045950597817047
2017-05-07,Colombia,1.2755212243654621,5.520197525596164,3.60470836615801,1.5603654972809446
2017-05-14,Colombia,1.2754788685207934,5.558090056131444,3.61157816613555,1.5784978389282651
2017-05-21,Colombia,1.2858929319913823,5.672895774898274,3.656891527288829,1.865443385318396
2017-05-28,Colombia,1.2922018591342046,5.629294633355151,3.5890252279868315,1.8237615179258957
2017-06-04,Colombia,1.284646775037242,5.671212815280434,3.620688566452551,1.6710179423337943
2017-06-11,Colombia,1.287744922096182,5.685149182094212,3.604040472242983,1.648986126347048
2017-06-18,Colombia,1.2710882093274194,5.592562269805127,3.5969592694445667,1.941394873976533
2017-06-25,Colombia,1.255775179053475,5.555321184396575,3.6011993348375886,1.6344438519369375
2017-07-02,Colombia,1.238866719881023,5.574859451019305,3.5567803647845655,1.838967968535695
2017-07-09,Colombia,1.2204434252033192,5.517832492245448,3.5686322182764454,1.505183496717052
2017-07-16,Colombia,1.2469033595268981,5.480342416405821,3.586674407687958,1.7242130077383349
2017-07-23,Colombia,1.2629728249763779,5.503416368513581,3.615256850735193,1.8030520315235576
2017-07-30,Colombia,1.279471915260958,5.734091475735306,3.819899810602725,1.766872236741341
2017-08-06,Colombia,1.2920282232646203,5.7452184051119035,3.918980174987043,1.8884183742001064
2017-08-13,Colombia,1.2671021142723191,5.986346109900511,4.026581761626748,1.9050843113061064
2017-08-20,Colombia,1.2691132264756257,6.0770721603420075,4.024955888040866,1.9598807912894984
2017-08-27,Colombia,1.2858069163407735,6.066082441720415,3.9558363966862937,1.89841656381049
2017-09-03,Colombia,1.3114024296190165,6.075155972389278,3.949931275737599,1.8919142558580433
2017-09-10,Colombia,1.3358829420561726,6.080845818557277,3.9464079966198176,1.8706450189433623
2017-09-17,Colombia,1.3496540913652104,6.123568588761273,4.026177587798752,2.0883479230305286
2017-09-24,Colombia,1.2837029441218424,6.148315137498473,4.094007731942469,2.1039714198889143
2017-10-01,Colombia,1.3016894040261318,6.133025834253637,4.123774982945353,2.0465998034649613
2017-10-08,Colombia,1.3293332392126982,6.1767236959715905,4.076813069586507,1.943006344196102
2017-10-15,Colombia,1.3171004788848748,6.177247839706326,4.091997774726375,2.0897756432046752
2017-10-22,Colombia,1.3472915982818316,6.175010262263506,4.108156626102705,2.1881992392042102
2017-10-29,Colombia,1.3519776257896186,6.0751521238588975,4.080041019839914,2.0825640044331584
2017-11-05,Colombia,1.3302518156002519,6.173020831069559,4.295570071750617,2.1768114814581816
2017-11-12,Colombia,1.2940277431553695,6.30335325707628,4.4520781353313685,1.831458526346146
2017-11-19,Colombia,1.32466821631402,6.44293966287976,4.4441022281813,2.014236011639868
2017-11-26,Colombia,1.343904479719913,6.449645640518943,4.49856504725904,2.0313267666558255
2017-12-03,Colombia,1.342732469200994,7.0159274282547095,5.222066709594873,2.466099993141637
2017-12-10,Colombia,1.3542617646390163,7.154672135112308,5.177346592806332,2.445040625262178
2017-12-17,Colombia,1.3531662864563956,7.161508792730097,5.182865499205877,2.706871246694815
2017-12-24,Colombia,1.3757289945084348,7.149726834984846,5.188005476596782,2.9524552050524258
2017-12-31,Colombia,1.3805754139157407,7.093743356816745,5.191521331455086,2.704106795772295
2018-01-07,Colombia,1.4233708384507797,6.342087069426148,4.898035006978116,2.285621119030689
2018-01-14,Colombia,1.44733336019887,6.3198830837879845,4.904713757262202,2.2136406080559725
2018-01-21,Colombia,1.4527602389113818,6.335354330806348,4.907036581711301,2.432052004826204
2018-01-28,Colombia,1.4694447125818988,6.339828709198458,4.9174715352107725,2.353718309770642
2018-02-04,Colombia,1.443266435017179,6.410728683235052,4.979392837195099,2.1648029329795504
2018-02-11,Colombia,1.3475274650340556,6.088347027049186,4.834632099487315,1.6494159023425778
2018-02-18,Colombia,1.420775487855346,5.989679755235668,4.848981751645196,1.9065744104220368
2018-02-25,Colombia,1.40542202452535,5.977599053356944,4.826163445741988,2.103436901317176
2018-03-04,Colombia,1.3757782648311974,6.173376167004054,4.956051370872804,1.9631489649499787
2018-03-11,Colombia,1.4130524173534091,6.184059973589351,4.965261896575506,1.9594439284223593
2018-03-18,Colombia,1.4312215946194593,6.302189105636764,4.995479342378806,2.097297656441959
2018-03-25,Colombia,1.3384373596192114,6.312143754124075,4.986987075822884,1.8721893772415796
2018-04-01,Colombia,1.3722403474343996,6.301129989555201,4.981201373568237,1.900541449730644
2018-04-08,Colombia,1.3929543999845204,6.318661776354841,4.962422165019218,2.0749814147782515
2018-04-15,Colombia,1.4079552973938951,6.240034612395582,4.874438754350549,1.8510671476924212
2018-04-22,Colombia,1.394170014890349,6.091627369619883,4.750219162515359,1.7804955666224838
2018-04-29,Colombia,1.377060611632066,6.143545907101208,4.786067984786117,2.0026470671814462
2018-05-06,Colombia,1.3568888529297753,6.1146633969085,4.6746121549917525,1.9232898527190203
2018-05-13,Colombia,1.3698435923846939,6.095821800393975,4.678519307703771,1.9432450988752477
2018-05-20,Colombia,1.3226659422378875,5.8763160016778535,4.540731490541464,1.9258365891174272
2018-05-27,Colombia,1.3498434590676927,5.882151812965663,4.630935653961397,1.7703732927285638
2018-06-03,Colombia,1.294201895364004,5.893626532396866,4.6336961203637115,1.7333158943025304
2018-06-10,Colombia,1.3039387857744462,5.914791330174017,4.6961575691252255,1.8129476752875424
2018-06-17,Colombia,1.2858499227976772,5.926461548029425,4.749318365787635,1.7833477433449922
2018-06-24,Colombia,1.2995792080728306,5.959027424012076,4.736457809685216,1.928705574809132
2018-07-01,Colombia,1.2921150356063653,5.965735775350679,4.805228852460131,1.7968012729454623
2018-07-08,Colombia,1.3721913454366708,5.96810436701222,4.816191543327346,1.8058825824934328
2018-07-15,Colombia,1.3637691820419233,6.042014393615572,4.8217855077760845,1.8550043116428003
2018-07-22,Colombia,1.356649589816218,6.0210194117006735,4.781470152246024,1.9593507708392577
2018-07-29,Colombia,1.3879139537464753,6.000305680453179,4.826815597313046,2.0293547071066356
2018-08-05,Colombia,1.3886675062220155,5.9999812784300754,4.82576043666998,1.976373897591255
2018-08-12,Colombia,1.345784055022695,5.914100117714739,4.736838542920895,1.9577433497723689
2018-08-19,Colombia,1.3526430097881699,5.699480804135312,4.673264104731331,1.8829444661063823
2018-08-26,Colombia,1.3542617646390163,5.7204924336421445,4.771748107496758,2.1197824981990383
2018-09-02,Colombia,1.3496540913652104,5.503920156707471,4.686061433826163,1.9232190786610832
2018-09-09,Colombia,1.3357902403125035,5.500583078145856,4.781295991386709,1.816718597495785
2018-09-16,Colombia,1.3781476632722423,5.498257784734396,4.764127553374578,1.811518057718709
2018-09-23,Colombia,1.3497487683771494,5.502248803347683,4.789775471926052,1.8418857603253864
2018-09-30,Colombia,1.3590941969453703,5.520052644171573,4.791891026417957,1.8199733193326115
2018-10-07,Colombia,1.318047389009461,5.3478742084250275,4.731177160308122,1.5921000102906486
2018-10-14,Colombia,1.302791099043049,5.24991084237764,4.580756307263833,1.6301937848695731
2018-10-21,Colombia,1.2953349844613382,5.253361140397398,4.584910811983962,1.6598354628189542
2018-10-28,Colombia,1.2869690524807016,5.172340546792762,4.297146083850058,1.5027739363126955
2018-11-04,Colombia,1.2995792080728306,5.175678032330191,4.297144024552426,1.368023338093831
2018-11-11,Colombia,1.3115364693491263,5.184361395811161,4.268700583828365,1.211580446950819
2018-11-18,Colombia,1.2733644356567781,5.186888562056652,4.261998015859695,0.962557536509073
2018-11-25,Colombia,1.2120871452492838,5.127302035410717,4.123397039373458,0.3138685751340165
2018-12-02,Colombia,1.2292573154695186,5.143806230719623,4.159102466245508,0.4521613688660646
2018-12-09,Colombia,1.2449157821459684,4.903224115978442,3.818985227194073,1.0742229932976342
2018-12-16,Colombia,1.2649717856243075,4.859906588007114,3.717501096568151,1.0325625571536163
2018-12-23,Colombia,1.1793997052513392,4.76412373150297,3.604858379054487,0.6785275496201916
2018-12-30,Colombia,1.1621620201027556,4.761374044298713,3.6058723649598967,0.6598090610638511
2019-01-06,Colombia,1.2098498811166,5.442719136242642,3.937047205736577,0.6275390431530046
2019-01-13,Colombia,1.2458885730605163,5.473023164195956,3.915583061824302,1.013336482342219
2019-01-20,Colombia,1.291160714346155,5.479528923778539,3.9142359481391846,1.274399906458362
2019-01-27,Colombia,1.2726892038231368,5.481772435555832,3.912112202180028,1.2845546899062097
2019-02-03,Colombia,1.2967758898300779,5.480889742442733,3.9195510202249535,1.3914120264318457
2019-02-10,Colombia,1.3064174255213423,5.642558286879854,3.9673883650883344,1.4290299403055298
2019-02-17,Colombia,1.3161549136384645,5.802294181373249,4.019152527006639,1.610655554367168
2019-02-24,Colombia,1.3424983175794842,5.801902780743048,4.024513721272935,1.5981866669532985
2019-03-03,Colombia,1.3605364905858837,5.812050416511502,4.036460660064213,1.5843838513286352
2019-03-10,Colombia,1.3364858211082284,5.686744238929788,3.985567433337435,1.5818405554986612
2019-03-17,Colombia,1.3718484350999813,5.659255529855571,3.9773755658371104,1.8516602231443844
2019-03-24,Colombia,1.3409082930441052,5.667855107830146,4.014604443540983,1.7431266760998076
2019-03-31,Colombia,1.363914305382903,5.659544475192513,4.051706218425753,1.7893285229577027
2019-04-07,Colombia,1.3789393957601157,5.637165790614055,4.055475936113408,1.9956774751741289
2019-04-14,Colombia,1.4213572042006686,5.7653116815025,4.1915190559590245,1.86882554285824
2019-04-21,Colombia,1.4312753906777025,5.802206618537818,4.23246133096158,1.848286377145344
2019-04-28,Colombia,1.4205640341642563,5.732439133228953,4.2131965771286355,1.4423664404311365
2019-05-05,Colombia,1.408992258977189,5.737240222177211,4.243097220191887,1.607221672959669
2019-05-12,Colombia,1.3718974111903792,5.720329550835367,4.227128382787896,1.4145058920063631
2019-05-19,Colombia,1.360921641561406,5.837158580605901,4.3203906841839315,1.6006431352561066
2019-05-26,Colombia,1.345125591762901,5.869851677077236,4.223014637996927,1.3563487066377364
2019-06-02,Colombia,1.3253065727799078,5.876189416084753,4.202280540761503,0.7489563616406916
2019-06-09,Colombia,1.355454586810895,5.509298079294691,4.209317784663436,1.163617333512175
2019-06-16,Colombia,1.3656098064638371,5.536492143661882,4.235444600884098,0.9766922598917176
2019-06-23,Colombia,1.4443081691321233,5.487234844392912,4.23510041876905,1.0375521006178334
2019-06-30,Colombia,1.4498747463996777,5.488147250289847,4.253719322232183,1.1551842752670536
2019-07-07,Colombia,1.4667084279504967,5.5635800688107,4.118735925478336,1.377913034177965
2019-07-14,Colombia,1.494097321329127,5.568304916168922,4.122338636838367,1.6498462906281983
2019-07-21,Colombia,1.4872966622049686,5.576214616538569,4.129959220604649,1.3895853501518058
2019-07-28,Colombia,1.5038679330355662,5.469946453966964,4.097513413540614,1.505288524174608
2019-08-04,Colombia,1.4339143410295272,5.216119166989268,4.026800575813381,1.254693284219957
2019-08-11,Colombia,1.42923639560555,5.249233348232266,4.0306704675536675,1.276439700939508
2019-08-18,Colombia,1.405009322513363,5.355287765706174,4.07936429602589,1.2708918812021517
2019-08-25,Colombia,1.4092516983830836,5.456364168113652,4.19622788803953,1.2640279538779329
2019-09-01,Colombia,1.4406425622273948,5.596347953734373,4.24366530142233,1.4235225812606045
2019-09-08,Colombia,1.5044120010832336,5.524140648691495,4.2528586657427185,1.4069058291365617
2019-09-15,Colombia,1.515643261316909,5.510920929184064,4.291555003367933,1.268428365094753
2019-09-22,Colombia,1.4637011410503467,5.469173435434268,4.277110206464628,1.0772733923667006
2019-09-29,Colombia,1.4359686118260564,5.475751060453531,4.228347398785933,1.072004358698489
2019-10-06,Colombia,1.4390081619510942,5.563208590785481,4.25279725521162,1.1245078939171402
2019-10-13,Colombia,1.4571695834343892,5.637902034813135,4.336045518816549,1.1049457809470011
2019-10-20,Colombia,1.479408223342737,5.645886236568196,4.343306842841423,1.2693062839403573
2019-10-27,Colombia,1.5222091259119488,5.81891599936368,4.610268500387331,1.3763590716297929
2019-11-03,Colombia,1.5275263777908314,5.712635418984797,4.610039858657506,1.475923834859198
2019-11-10,Colombia,1.5433787329703088,5.6855931931794705,4.653410504041267,1.6441517838838728
2019-11-17,Colombia,1.5036866849685566,5.547487006760944,4.591388904033564,1.5454730430044532
2019-11-24,Colombia,1.4723078688655025,5.604599730314922,4.75802491994654,1.546857970032399
2019-12-01,Colombia,1.4585714714874092,5.428804965278949,4.748901891439141,1.261104946297852
2019-12-08,Colombia,1.5078082846670386,5.508558460139241,5.411112597828889,1.8823064371189888
2019-12-15,Colombia,1.5611234634163302,5.546733453666002,5.678708519029574,2.15805480457795
2019-12-22,Colombia,1.547716927020248,5.6732995663036725,5.952890513857021,2.2947425000415964
2019-12-29,Colombia,1.561655424552241,5.714861963876375,5.954583362595383,2.348962099072775
2020-01-05,Colombia,1.5704349801808881,3.91466893226549,4.217364443338475,1.4859463180376535
2020-01-12,Colombia,1.5799642693117026,3.914826084272263,4.252858513076338,1.5742966054710257
2020-01-19,Colombia,1.558140038734917,3.863209558706489,4.160465221156746,1.6596733980448353
2020-01-26,Colombia,1.5038679330355662,3.852474676458419,4.14017560579446,1.2881146935759509
2020-02-02,Colombia,1.5046539047164296,3.8428905243615015,4.038167988046101,0.9930817203741774
2020-02-09,Colombia,1.5496044459249763,3.843965620057964,3.7180192021965537,1.106608034483798
2020-02-16,Colombia,1.5783196042657772,3.8554548565563977,3.722083178231944,1.1934732576145022
2020-02-23,Colombia,1.5877700866481286,3.8628334973970464,3.735022746967367,1.204278600761662
2020-03-01,Colombia,1.3708696891125811,3.8135339113760303,3.556593637541045,0.5919886944242333
2020-03-08,Colombia,1.3306196035427675,3.85729739536368,3.4414892204251712,0.3866891446932129
2020-03-15,Colombia,0.9537703752116038,3.152047899810724,1.7069695029004104,0.2419242010554443
2020-03-22,Colombia,0.7275664570308671,3.1398142142083456,1.6460144785382558,0.2362936211206316
2020-03-29,Colombia,0.938643502906086,3.1511654742696287,1.4383190899482603,0.2592412876342111
2020-04-05,Colombia,0.841412092085262,3.164563443294547,0.953969899709857,0.3366582848606453
2020-04-12,Colombia,0.9609880620660621,3.1381607158918925,0.9299785081918254,0.3820300954159542
2020-04-19,Colombia,0.8967802695262913,3.102412175991706,0.8278957740984426,0.3427852706378054
2020-04-26,Colombia,0.8314251659980357,3.0697485415467423,0.6336936754196736,0.3340864801912409
2020-05-03,Colombia,0.8994317061808403,3.077326765336097,0.5571261113168826,0.2930087996823179
2020-05-10,Colombia,0.9626991900216394,3.0884314257095395,0.5660489972579832,0.3020574418829548
2020-05-17,Colombia,0.914821329048214,3.090351056897278,0.5710288000372509,0.28704735874851
2020-05-24,Colombia,1.0445966393916546,3.0953260929298105,0.5851055497011319,0.3163037170617637
2020-05-31,Colombia,1.1085975400884953,3.1039714419328996,0.5719330485893999,0.3591543685140042
2020-06-07,Colombia,1.3087272689613494,3.1466317229245155,0.5611370880006741,0.4946116060485474
2020-06-14,Colombia,1.1373874039430858,2.9927022869105784,0.5174950677481949,0.3884440455878957
2020-06-21,Colombia,1.1761977429230024,3.012432558104849,0.5316070989642727,0.5362570172583725
2020-06-28,Colombia,1.1341446278743574,3.01242219932999,0.5278926163898767,0.4570085384025503
2020-07-05,Colombia,1.2443489541357224,3.0225777294363727,0.5379646712195134,0.4362997936760179
2020-07-12,Colombia,1.1881588138473518,3.030807216283907,0.5402508362889664,0.7451818274048703
2020-07-19,Colombia,1.2209910377506188,3.016074169354649,0.5351095734099274,1.0845783817979475
2020-07-26,Colombia,1.2719725037332217,3.0185299654079993,0.5225702457639378,0.9790488515471188
2020-08-02,Colombia,1.2738011611879867,3.058725405166007,0.5200848628774537,0.8873365406269965
2020-08-09,Colombia,1.3000622089354659,3.0575366324524493,0.5226061122800889,1.2057780166798888
2020-08-16,Colombia,1.2603580308867732,3.0427408287588285,0.5158269854322939,1.3082805917222031
2020-08-23,Colombia,1.2857209116357473,3.026570316659115,0.5074045441974335,1.3698068036809428
2020-08-30,Colombia,1.3197642784050472,3.0370011321252055,0.5157663516307345,1.4993262931531406
2020-09-06,Colombia,1.32466821631402,3.0621842844288265,0.5129657436640773,0.9375798080943772
2020-09-13,Colombia,1.3035412871327283,3.0700006143971352,0.5079204000081761,0.7327481629911562
2020-09-20,Colombia,1.292723035396986,3.0702968096666443,0.5173634128057638,1.1429906583346323
2020-09-27,Colombia,1.143712443651828,2.9809623091699615,0.4973446809338344,0.9900887517090924
2020-10-04,Colombia,1.2063156922004499,2.995907150598046,0.4948924432632151,0.5486329901114377
2020-10-11,Colombia,1.3251241225137507,3.0036632034729966,0.5053596892091374,0.9650548166571542
2020-10-18,Colombia,1.3179571490287838,2.9997960420549767,0.5067656677846046,0.8952507123227869
2020-10-25,Colombia,1.3155702357516947,3.008927405054329,0.5118570523354931,0.8306875428035463
2020-11-01,Colombia,1.2858929319913823,2.9992434027925254,0.4793461665455081,0.3527401838649864
2020-11-08,Colombia,1.3915895788287882,2.9857833231509843,0.4937275471581408,0.6209332672664251
2020-11-15,Colombia,1.4095112954226787,3.015960728598966,0.5082769493485397,0.8523782104359702
2020-11-22,Colombia,1.4323511466404228,3.019455189817496,0.517537559504379,1.013188345999502
2020-11-29,Colombia,1.4739169885446943,3.056544575548924,0.5260780267264367,0.9346315858827748
2020-12-06,Colombia,1.486826307927168,3.0805009541353288,0.544692220723904,1.4751383018954285
2020-12-13,Colombia,1.4398792036135721,3.089602994522439,0.5493339903390864,1.4244927976105972
2020-12-20,Colombia,1.4406424531254194,3.0992185239911,0.5522981575862138,1.5626623382392062
2020-12-27,Colombia,1.45593847148755,3.0456031732921507,0.5362622743627135,1.5215982629470468
2021-01-03,Colombia,1.4683030914757584,3.2195786606908956,0.5552452762411564,1.1851765882111305
2021-01-10,Colombia,1.4535950056591023,3.1992887291947087,0.5619311853085223,1.1917489089276323
2021-01-17,Colombia,1.377060611632066,3.2184209886472708,0.5552687830255987,1.0219874996394038
2021-01-24,Colombia,1.37018544439943,3.1898569039734492,0.5539440904493866,1.1894615696359545
2021-01-31,Colombia,1.3425451412349065,3.178664372737704,0.5584526729250001,0.9933272386174974
2021-02-07,Colombia,1.4228933863405788,3.1850768679732417,0.5751840215808985,1.248567934644827
2021-02-14,Colombia,1.4311141237348495,3.1952957924453447,0.5866343407433512,1.3075791732398605
2021-02-21,Colombia,1.3907317323076014,3.155352932568808,0.5765847313637067,1.1035829142752511
2021-02-28,Colombia,1.2880037435229905,3.1329871497406128,0.5834386018881463,0.8771654504096157
2021-03-07,Colombia,1.2830601771772425,3.143119641062298,0.589584069925642,1.118628159554459
2021-03-14,Colombia,1.3343550259325838,3.7125401729690113,0.860956008811963,1.0912716570364658
2021-03-21,Colombia,1.354500155048442,3.729882676166561,0.8688071753728126,0.8146336707587971
2021-03-28,Colombia,1.2617679474592123,3.632496136023083,0.9261763985109096,0.7565335657301051
2021-04-04,Colombia,1.2679812458800868,3.6441656568427785,1.3921597024468668,0.9761416060838216
2021-04-11,Colombia,1.284389235962069,3.732048706813716,1.405153441951919,1.0180972105803543
2021-04-18,Colombia,1.3754826991312543,3.779628443391645,1.5288817797167276,1.3576552759710978
2021-04-25,Colombia,1.3294709444104134,3.817667939404584,1.8536203896066024,1.049420736985181
2021-05-02,Colombia,1.2819047327220656,3.7146813628213633,2.2584130821799677,1.022870589786509
2021-05-09,Colombia,1.2745054122464743,3.726600563482428,2.285449696175221,1.065915967657983
2021-05-16,Colombia,1.2648883786742844,3.739494141572874,2.4318144902560284,1.142595766275341
2021-05-23,Colombia,1.2302876293299347,3.7530968345469806,2.436801420892772,0.990322720012113
2021-05-30,Colombia,1.2222835429136454,3.765555359969096,2.4758755657932134,1.2846426807994489
2021-06-06,Colombia,1.2437017207368546,3.880120650621667,2.9806942456015086,1.462289389047451
2021-06-13,Colombia,1.2858069163407735,4.05211637061362,3.145973730276362,1.3961525831889423
2021-06-20,Colombia,1.2410785606939183,3.938148716164317,3.173213145957834,1.272603752551169
2021-06-27,Colombia,1.244834778177406,3.945002007656019,3.187849938591425,1.430514859068752
2021-07-04,Colombia,1.2365818908939075,3.963130541064451,3.195090582623339,1.3457262898332067
2021-07-11,Colombia,1.2359418891846392,3.904021526709285,3.159364676476453,1.1003363803384711
2021-07-18,Colombia,1.2132858609651718,3.9173709697281542,3.1454255212512487,1.09849909330421
2021-07-25,Colombia,1.2022656177379076,3.8857811462514023,3.1735001225591786,1.2295120110911837
2021-08-01,Colombia,1.1976707285808224,3.8947405188941686,3.1864875837364433,1.2974491132616544
2021-08-08,Colombia,1.209041594683374,3.82986489885325,3.017888541333985,0.9487806736890676
2021-08-15,Colombia,1.2198962422180217,3.8261410890291137,3.036019743412721,1.145682481832745
2021-08-22,Colombia,1.2045934699948606,3.824818127065982,3.0425323739564845,0.92255322167735
2021-08-29,Colombia,1.251836183918571,3.8592491339875377,3.061137165667554,1.1997964799867271
2021-09-05,Colombia,1.263555251132085,3.869083513395709,3.0653518118749448,1.1219548591503965
2021-09-12,Colombia,1.2606066286187114,3.8518532340949654,3.064291891779975,1.2813961555640276
2021-09-19,Colombia,1.2562691472904968,3.858849714300447,3.086561773019203,1.3520083093355202
2021-09-26,Colombia,1.1767120304219414,3.9627474531087095,3.085523682698786,1.2558679798899517
2021-10-03,Colombia,1.1223394140054284,3.971562393711523,3.0903305567459443,1.1217972398341114
2021-10-10,Colombia,1.131427489915481,3.980466158524255,3.131127224311432,1.100180211600564
2021-10-17,Colombia,1.152718265117763,3.981653053136722,3.1321620226092803,1.298225275432893
2021-10-24,Colombia,1.1617300557731718,3.987566650775882,3.1447545218237267,1.15125504116842
2021-10-31,Colombia,1.143116025133784,4.025550459275638,3.293191310668355,1.1022268516241318
2021-11-07,Colombia,1.1425200973626635,4.075942985250728,3.3185583538297845,1.1134765187736322
2021-11-14,Colombia,1.1087313526274827,4.094918688519328,3.4038370431611904,1.1926946230952788
2021-11-21,Colombia,1.0791850964828502,4.079030981176018,3.381515185726715,1.1309254847849417
2021-11-28,Colombia,0.9768890202323307,4.0118357724392375,3.319774991675306,0.3157585984150579
2021-12-05,Colombia,1.0075837039629738,4.251314094046455,3.5466442152489996,0.3853086738687075
2021-12-12,Colombia,1.0233391672098655,4.258400153263313,3.5552460369650287,0.8210416526650145
2021-12-19,Colombia,0.9877947978654626,4.21903281913358,3.5321012504460154,0.7325593222792518
2021-12-26,Colombia,0.9991443483663033,4.265127743247493,3.5909519731080795,0.8869670214114236
2022-01-02,Colombia,1.0177153949843218,6.5802762789456475,5.024680662377175,0.886826108051832
2022-01-09,Colombia,1.0297268388888445,4.103767648820925,3.612563219197421,1.1547865680060037
2022-01-16,Colombia,1.018456924606393,4.109236251262905,3.635846642751933,0.9711412168302348
2022-01-23,Colombia,1.0159977912552476,4.138953789214386,3.645457219242812,0.9242411197345526
2022-01-30,Colombia,0.9887938101923123,4.132693728381242,3.6540559049773855,0.7255631759108973
2022-02-06,Colombia,0.9630308039926552,4.1349775191523515,3.663177663997684,0.8985509125299729
2022-02-13,Colombia,0.9625886829217278,4.148287689895995,3.697567032891458,0.7665069811628668
2022-02-20,Colombia,0.9570280380529078,4.182229253514923,3.722087102572409,0.6287577698579121
2022-02-27,Colombia,0.967354496051606,4.215728046696009,3.7021416681413815,0.7008581183621729
2022-03-06,Colombia,0.9618707628103094,4.2005971737048515,3.590855986572553,0.3483786746046913
2022-03-13,Colombia,0.9876236668156905,4.204667120242344,3.587064828564602,0.383474078645064
2022-03-20,Colombia,1.1114798835501576,4.201205445407576,3.5170392364293876,0.3722082020678385
2022-03-27,Colombia,1.0407678787201768,4.267725320371865,3.571402365821711,0.3618704441680005
2022-04-03,Colombia,1.0520954447168398,4.281239678917908,3.0473232217018875,0.5861412352327535
2022-04-10,Colombia,1.0580421325527014,4.268861851137164,2.985515658513202,0.6104454106123385
2022-04-17,Colombia,1.0015503846023366,4.290423756332029,2.984505226683992,0.6183198596546772
2022-04-24,Colombia,0.9522419689279676,4.092968546024471,2.8900248926787304,0.6275820593106509
2022-05-01,Colombia,0.9152378230344709,4.07854162693821,2.9118266416596343,0.5468476774012238
2022-05-08,Colombia,0.8762940561969165,4.017401384871304,2.8912876948203596,0.4861235280738558
2022-05-15,Colombia,0.8692239295937448,4.016115842029957,2.881826972201829,0.5652411180018584
2022-05-22,Colombia,0.8470496502143849,4.000978768945241,2.876347489697208,0.6132697844328555
2022-05-29,Colombia,0.9510159111727449,4.011572105530524,2.904304020948952,0.711280219493614
2022-06-05,Colombia,1.0206262898646055,4.047233714162924,2.9329362864723256,0.8026334876817272
2022-06-12,Colombia,0.8802009709367066,3.7577112238705417,2.7353779785161065,0.8586456292865071
2022-06-19,Colombia,0.8748058419518735,3.8111268003923886,2.7265517307214,0.639367733236944
2022-06-26,Colombia,0.830884243445634,3.594192575479838,2.6939777243667247,0.6505012162681649
2022-07-03,Colombia,0.7974381444381623,3.573550416060985,2.674686336297674,0.5624782500064154
2022-07-10,Colombia,0.8110174769450772,3.3955280335153986,2.548984439160687,0.4357396187265255
2022-07-17,Colombia,0.7208734486237729,3.4006622387818743,2.5460313719942604,0.4508716690936991
2022-07-24,Colombia,0.8051359354255503,3.382363401092316,2.5278372052493276,0.5401579112514088
2022-07-31,Colombia,0.8675766439979845,3.3426481866788667,2.517942239326747,0.6360479892594144
2022-08-07,Colombia,0.8625068491379949,3.3113738012025364,2.3047555253137175,0.5369400598549745
2022-08-14,Colombia,0.9611259191812513,3.314208619878033,2.32244652822227,0.7381443576271511
2022-08-21,Colombia,0.8710969949684748,3.1815116114363526,2.2349568388101844,0.4894163106500471
2022-08-28,Colombia,0.872207902703973,3.176944370591519,2.2536649629231613,0.5738070955061157
2022-09-04,Colombia,0.860824098811403,3.1424798086387447,2.183715536835411,0.3684908804146159
2022-09-11,Colombia,0.912716108720594,3.143694654652803,2.190753295704296,0.5186115271348649
2022-09-18,Colombia,0.8724796850888993,3.0863801161343565,2.1799052813481032,0.5291201560994007
2022-09-25,Colombia,0.76012382473402,3.077661231372245,2.1829325104526576,0.4269297015890957
2022-10-02,Colombia,0.7049878867841461,3.0316019177459346,2.2134646393309843,0.2844723205305126
2022-10-09,Colombia,0.7075751613373936,3.0365827237253953,2.2122702773465353,0.3936714051794799
2022-10-16,Colombia,0.646193932075254,2.9944104743223843,2.173214900844343,0.4500482985508127
2022-10-23,Colombia,0.5956625385857782,2.89476814047638,2.1324434635685785,0.4901846754918053
2022-10-30,Colombia,0.6965650594653449,2.892393879886754,2.136058894529862,0.4906523439485392
2022-11-06,Colombia,0.641647549302946,2.754756745264221,2.0385474023331045,0.4292243815843804
2022-11-13,Colombia,0.7768676903382942,2.668053725933403,2.013904373045184,0.6715793878636634
2022-11-20,Colombia,0.7691551045574784,2.5996184713647628,1.866383675048209,0.4994593119914086
2022-11-27,Colombia,0.8069625657916409,2.6050352849935483,1.8733669032054865,0.4045652405005434
2022-12-04,Colombia,0.8458521322612969,2.6058882809026205,1.877131397943005,0.6189260814749692
2022-12-11,Colombia,0.8444410209308363,2.6084662971583006,1.8525993943873296,0.5737257881009071
2022-12-18,Colombia,0.8283024748132226,2.6134345116809534,1.8551008058881029,0.7382249630317712
2022-12-25,Colombia,0.8208113486093044,2.616163309609346,1.8627171631503083,0.7898505768962879
2023-01-01,Colombia,0.8340408312125387,2.5932178607370173,1.8515406077424557,0.7580485382334433
2023-01-08,Colombia,0.8440351777691268,3.1593043366342735,2.1265735813842888,0.9100192895003624
2023-01-15,Colombia,0.852098272350185,3.1291744469058944,2.1128356941449713,0.91247376952767
2023-01-22,Colombia,0.8495219515889377,3.129544800302478,2.117270834107535,0.9153500447533832
2023-01-29,Colombia,0.8657117585995456,3.1305010237622084,2.1248987894576805,0.917823295513746
2023-02-05,Colombia,0.8826741275167415,3.0402972177820313,2.0518698809422893,0.8751512124187526
2023-02-12,Colombia,0.8369485275825556,3.005832356542866,2.047355830808332,0.8661578590580805
2023-02-19,Colombia,0.7972803811000087,2.9734965573229553,2.010313437011814,0.8567373403154099
2023-02-26,Colombia,0.800495393690337,2.9738150037872506,2.0417668669126465,0.8582430581882509
2023-03-05,Colombia,0.8454216838916018,3.0085955534277176,2.1249457468764867,0.8685989260646746
2023-03-12,Colombia,0.8048390206060861,2.9989554685213946,2.1249570618862057,0.8703754439243527
2023-03-19,Colombia,0.710988737717203,2.994306115285567,2.103848001828202,0.756526032768601
2023-03-26,Colombia,0.7206454858708253,2.9910410391937203,2.140010095304397,0.8713816844565553
2023-04-02,Colombia,0.8135707869090362,2.998813770365917,2.3025450220014827,0.8743266432522576
2023-04-09,Colombia,0.7900333599888343,2.996432399603766,2.29107656306869,0.8754799231837586
2023-04-16,Colombia,0.8255874434660505,2.9937756257399557,2.35104065996767,0.8784900546035396
2023-04-23,Colombia,0.8152309441942626,3.018565926623862,2.325418871840681,0.8833011902297047
2023-04-30,Colombia,0.7816040761388501,2.962227607397631,2.257005229598193,0.8697341015890876
2023-05-07,Colombia,0.7689798963191814,2.9523521578664615,2.249310365975129,0.8748089710478654
2023-05-14,Colombia,0.7575896503544901,2.947602137556688,2.243194053170245,0.8737492149298506
2023-05-21,Colombia,0.8094803537169228,2.9821452751290933,2.301575434369765,0.8764088673639532
2023-05-28,Colombia,0.8280678826062766,2.9946555584186787,2.3261481907078996,0.8794555890604747
2023-06-04,Colombia,0.8420789481744152,3.0305352081899657,2.3350803306820085,0.8849219933350281
2023-06-11,Colombia,0.8952799070609854,3.116983860507988,2.4091644747139456,0.91177477150785
2023-06-18,Colombia,0.9158108523820655,3.117086359628207,2.4109285637445916,0.9121066044585988
2023-06-25,Colombia,0.9285214604462045,3.220188970382865,2.404658908094768,0.9327874448043246
2023-07-02,Colombia,0.9274104978423692,3.223414836905602,2.3950551158084465,0.9342035929725236
2023-07-09,Colombia,0.90692255713024,3.3592241382784587,2.4568553762845893,0.9599377279580346
2023-07-16,Colombia,0.955329100208707,3.355505951772079,2.3985167977906734,0.9640269117859376
2023-07-23,Colombia,0.9805262818630237,3.3705828031128893,2.408469862346659,0.9721724049476224
2023-07-30,Colombia,1.0239964684512852,3.449032963882926,2.461790559555466,0.9821768982623728
2023-08-06,Colombia,1.005684118244731,3.424480948784198,2.652830602144342,0.9782776715759994
2023-08-13,Colombia,1.010280345981223,3.51780602805011,2.69389627522669,0.990097429799853
2023-08-20,Colombia,0.9527602059512147,3.5460583395650787,2.6863450035813257,0.9918450164001336
2023-08-27,Colombia,0.9764390594406087,3.5453805790133166,2.7104035709417436,0.9916831224500832
2023-09-03,Colombia,1.010280345981223,3.5815914992743063,2.770666859891615,1.001762445335701
2023-09-10,Colombia,0.9931472749922627,3.606507536918847,2.7890527387163275,1.0049547592111543
2023-09-17,Colombia,1.0073204061829173,3.670645910201867,2.795176792783749,1.0202913653920789
2023-09-24,Colombia,0.9563699530849151,3.6393658737237,2.7931075892748947,1.0131627535762695
2023-10-01,Colombia,0.9144570724713059,3.658174395996157,2.797808370347092,1.0142879008402386
2023-10-08,Colombia,0.8698153809488027,3.445990396468914,2.4734788155999254,1.0051074971400586
2023-10-15,Colombia,0.8974677961401367,3.49280431728031,2.5077217373247263,1.0134201463698955
2023-10-22,Colombia,0.8980539238713552,3.6278454535274025,2.550435481168844,1.0349466979945543
2023-10-29,Colombia,0.9251931624992629,3.625494004973641,2.563431940692676,1.031581744768737
2023-11-05,Colombia,0.9740249241332823,3.862709330278027,2.70513966198532,1.093598027855092
2023-11-12,Colombia,0.9855445680193632,4.0659887395351255,2.7310129136260595,1.106062695323405
2023-11-19,Colombia,1.0165896358745778,4.233559506103566,2.9716754961577205,1.124659955825751
2023-11-26,Colombia,1.0277118265631002,4.271394324924911,2.976269241027217,1.125383864489851
2023-12-03,Colombia,1.0774830975471215,4.255418091713529,2.9615772919941783,1.1431247381335756
2023-12-10,Colombia,1.0851890373477804,4.24468210798787,2.961537140659448,1.1405510514758546
2023-12-17,Colombia,1.1279503738303687,4.249945136920815,2.990205501675037,1.145336764279767
2023-12-24,Colombia,1.1624861640805415,4.259336130785575,2.9837785299792845,1.14995835190076
2023-12-31,Colombia,1.16595284753271,4.352011909823188,3.009543097708222,1.1622109199397628
2024-01-07,Colombia,1.1014074876270472,3.7895393517344367,2.777319558652573,1.621225709244119
2024-01-14,Colombia,1.1251395075511643,3.836092061795564,2.8358626953995283,1.3651370367407003
2024-01-21,Colombia,1.098102314029624,3.8303455414486858,2.849956611228714,1.6265615686798849
2024-01-28,Colombia,1.1012749966741715,3.837691122729894,2.8482379514468983,1.6994697122748197
2024-02-04,Colombia,1.0779323056868917,3.9534570454336575,2.9531244819297817,1.66817538928498
2024-02-11,Colombia,1.0694748345494824,4.022061184720423,2.968150274200223,1.8327643439025545
2024-02-18,Colombia,1.1108756674902351,4.088671406326148,3.0422357605761188,1.945260675388513
2024-02-25,Colombia,1.148183663643429,4.036218409133034,3.0340653346198523,1.883046218138455
2024-03-03,Colombia,1.1731197838717853,4.049594750215424,3.05658053039284,1.8912146668074148
2024-03-10,Colombia,1.1480777247726737,4.07542702174375,3.050335603419571,2.0184232152334927
2024-03-17,Colombia,1.154675518896719,4.072899632078596,3.098226005167571,2.009238276438749
2024-03-24,Colombia,1.1020039910180959,4.081107616362861,3.1215654410799267,2.2383152742442745
2024-03-31,Colombia,1.108296550731385,4.0903815224377,3.130797607058024,2.2527402596912043
2024-04-07,Colombia,1.0945492226339426,4.109415597684698,3.1954951635473576,1.8421868344224612
2024-04-14,Colombia,1.0733247076562442,4.038659688971113,3.1401419817786436,1.8103588580088297
2024-04-21,Colombia,1.0366239418523049,4.046211136498277,3.1281530588397395,1.8082482278562364
2024-04-28,Colombia,1.0607036932597196,4.186796633178476,3.2481258450461006,2.113583586269697
2024-05-05,Colombia,1.0829561270799195,4.250523793492528,3.2303796157473124,2.087439403542005
2024-05-12,Colombia,1.1012418776463642,4.263104864183131,3.2460301592920637,2.107149931748847
2024-05-19,Colombia,1.1044946198272632,4.292077317106593,3.254085800384056,2.124697901445854
2024-05-26,Colombia,1.0450573890469919,4.245529505765243,3.21347433980301,2.1380972074901115
2024-06-02,Colombia,1.048290488082739,4.28067720177489,3.2311469491408453,1.9316226974965751
2024-06-09,Colombia,1.0685233685163895,4.349165546035077,3.2456892910696267,2.2701141367852724
2024-06-16,Colombia,1.027231412631531,4.141023687471164,3.1779014143978572,2.3336267427809134
2024-06-23,Colombia,1.012662378088734,4.133136055895136,3.2013814968835272,2.318731164888304
2024-06-30,Colombia,1.0359557104719361,4.136491372568558,3.2124367755829653,2.163561343777811
2024-07-07,Colombia,1.0732609124546109,4.141937464155611,3.228519026170463,2.4055873612601784
2024-07-14,Colombia,1.1014737420106717,4.117829294031074,3.395950991565601,2.4658550922930726
2024-07-21,Colombia,1.0568552875818213,4.053857915320208,3.361210209448243,2.169746100689579
2024-07-28,Colombia,1.069728762596637,4.065205172493198,3.3162688575192703,1.9504393117295695
2024-08-04,Colombia,1.0202097727529102,4.121985434212693,3.341507738885833,1.4017258736698446
2024-08-11,Colombia,1.0155837703281063,4.138203372122774,3.359796245236931,1.7403152040240315
2024-08-18,Colombia,1.0791850964828502,4.25063700120201,3.465847886309908,1.9211696166685936
2024-08-25,Colombia,1.1112448516600653,4.265347182279701,3.472090228342223,1.969280883326868
2024-09-01,Colombia,1.0912090851601435,4.088878685883992,3.4533012329437085,1.7030710059392566
2024-09-08,Colombia,1.0454569315668882,4.096845302878711,3.381101363007125,1.4387650061551625
2024-09-15,Colombia,1.0574172447887096,4.121219320534612,3.45013668594092,1.5795604685849267
2024-09-22,Colombia,1.0338334033996024,4.160222301055539,3.4609859264786555,1.7914872789259606
2024-09-29,Colombia,1.0254025917129626,4.186237864356073,3.394696492539663,1.3413007856250292
2024-10-06,Colombia,1.0626510096847865,4.435923526152788,3.969135527141755,1.042837506357125
2024-10-13,Colombia,1.0550785090145047,4.429748026824222,3.9718290639985714,0.8174969510748206
2024-10-20,Colombia,1.0610488179329516,4.3906348877629,3.83959570592194,0.9819701994357184
2024-10-27,Colombia,1.027922102413362,4.402168433495869,3.840295954850115,0.8978714055873838
2024-11-03,Colombia,0.9707803401145396,4.451132611590623,3.8095621550953247,1.0776748205612643
2024-11-10,Colombia,1.0424195393593951,4.479727232438905,3.8935619771450303,1.3525466692451869
2024-11-17,Colombia,1.0050714005937713,4.434621007069851,3.908570600269227,1.5373794589018002
2024-11-24,Colombia,1.0275316360405047,4.432100485246958,3.897919279560621,1.4947318110655727
2024-12-01,Colombia,1.0425726524092969,4.615970103069815,4.058153775870751,1.5365762356959154
2024-12-08,Colombia,1.050144177972992,4.571076221345467,4.098094294697798,1.9939444425010544
2024-12-15,Colombia,1.0525918061435628,4.6005436872913235,4.116551850655451,1.7482243722299144
2024-12-22,Colombia,1.0133106209083487,4.562516852064881,4.233851082605206,2.128664497085764
2024-12-29,Colombia,1.0129275025221365,4.565969761071864,4.2442433888502284,2.052150005852065
2015-01-04,Egypt,0.7930647556446195,7.549025669573489,6.982172064119183,2.9398519381516355
2015-01-11,Egypt,0.7763385853600152,7.553568560100469,6.1483356750846525,3.222994585256414
2015-01-18,Egypt,0.7873489868069121,7.559960531486203,6.158099842592898,2.826628753716557
2015-01-25,Egypt,0.7874160110433132,7.25345644134922,6.063178886161733,2.709646007494826
2015-02-01,Egypt,0.7929972900476719,7.076245180224334,5.328831000685845,2.621367625125259
2015-02-08,Egypt,0.7547279279924076,7.031131825108735,4.947023631583942,2.508103215361692
2015-02-15,Egypt,0.7440347889170649,7.035116128360977,4.901388600907919,2.7404943905385406
2015-02-22,Egypt,0.7439495537709883,7.034348545349978,4.914178838533265,2.8238721365426316
2015-03-01,Egypt,0.7439708086459356,7.035532601319745,4.851044943641998,2.7241487785869016
2015-03-08,Egypt,0.7438862172869499,7.0635762790302925,4.847675937852621,3.229212987908834
2015-03-15,Egypt,0.7333437729216526,7.067720138842791,4.814709627341991,2.8559357320028123
2015-03-22,Egypt,0.7285898122550234,7.067335897631376,4.761574015905563,3.0919345571769408
2015-03-29,Egypt,0.7285271494894002,7.063459043497289,4.724703680889205,2.955388529621228
2015-04-05,Egypt,0.7233622657162314,7.074036343270893,4.6126908624485665,2.9870942056114225
2015-04-12,Egypt,0.7207082163929797,7.068224841451022,4.620533680953579,3.808779644443644
2015-04-19,Egypt,0.7207289205057178,7.0728434923710095,4.5554939979396085,3.924628065901865
2015-04-26,Egypt,0.7190325731443585,7.073017265902789,4.539646781806865,4.4074720434152646
2015-05-03,Egypt,0.7189705804274733,7.0518601216851495,4.536611126835277,4.335008177665995
2015-05-10,Egypt,0.7189912441872163,7.061664336205469,4.538341329255386,4.34106310039055
2015-05-17,Egypt,0.7189705804274733,7.0810586782726395,4.546064642800198,4.3526766994640385
2015-05-24,Egypt,0.7342897310983424,7.0839585078089495,4.55641628146601,4.35448973410087
2015-05-31,Egypt,0.7395189246143345,7.082150295324892,4.532033192970306,4.353422055795034
2015-06-07,Egypt,0.7394341251238231,7.083246462148925,4.467023225738587,4.413470313067971
2015-06-14,Egypt,0.7393918341599208,7.084561139060671,4.471091170853878,4.414323820123465
2015-06-21,Egypt,0.7396665501562387,7.088639733255018,4.42108486784267,4.416785416242516
2015-06-28,Egypt,0.7781266615092031,7.083962061165491,4.429960022540002,4.414056115382008
2015-07-05,Egypt,0.7397723143012548,7.149587369715129,4.441264996248862,4.644455665061188
2015-07-12,Egypt,0.7394766295852034,7.080144836539128,4.425364773066412,4.0971467108375865
2015-07-19,Egypt,0.7394766295852034,7.078625983274022,4.4541480656361205,4.600238226452216
2015-07-26,Egypt,0.7397723143012548,7.074737204822344,4.434898015386626,4.3726429520424706
2015-08-02,Egypt,0.7399206169894483,7.074653590902797,4.413761522787052,4.395087924484679
2015-08-09,Egypt,0.7240683729885525,7.082393327787372,4.349424565409391,4.151484725633922
2015-08-16,Egypt,0.7239850401780535,7.078085587192714,4.350129642298807,4.178317723800018
2015-08-23,Egypt,0.7141687251404628,7.0843454320768355,4.340467533672756,3.765468136462424
2015-08-30,Egypt,0.6885795473230054,7.080323922031109,4.340993751365342,3.1717151756774467
2015-09-06,Egypt,0.6885395968780941,7.174945976823608,4.346066922657133,3.5053251015688396
2015-09-13,Egypt,0.6857277263024496,7.167626653215806,4.283700503570263,3.472304638976375
2015-09-20,Egypt,0.6856080581910647,7.174557546913061,4.286680341813018,3.8229176912841054
2015-09-27,Egypt,0.6958396356974739,7.173397577630185,4.266224253010362,3.64329806888642
2015-10-04,Egypt,0.6960613708762441,7.190242312099044,4.258921698935755,4.188165558356534
2015-10-11,Egypt,0.6759039614860636,7.185220671430878,4.229287143851009,4.191623109791404
2015-10-18,Egypt,0.6758452618888291,7.139998412498744,4.113947294642699,4.576371887825216
2015-10-25,Egypt,0.6756087290657616,7.077473787966658,4.056031445148152,4.290431652007033
2015-11-01,Egypt,0.6567044885262837,7.060299481594063,4.056635736502767,4.224087099627051
2015-11-08,Egypt,0.655990875682215,7.036674261769994,4.057952259243595,4.463621114989349
2015-11-15,Egypt,0.6486004845896394,7.014969762436226,4.064566934024871,3.783145950414041
2015-11-22,Egypt,0.5951573537050491,7.015982955655284,4.083434013738079,3.919527316690473
2015-11-29,Egypt,0.5301046575561301,7.01435273366181,4.1111908817579925,3.59491741403124
2015-12-06,Egypt,0.5301046575561301,6.95794482080341,4.124043275699524,3.778145629725581
2015-12-13,Egypt,0.5092342279786995,6.946075577808501,3.97823113905733,3.064420416061565
2015-12-20,Egypt,0.49843950511118124,6.95062624182413,4.034106894928466,3.4095766837958417
2015-12-27,Egypt,0.49837397959284774,6.953978924222709,4.038569977786753,3.412588738225666
2016-01-03,Egypt,0.4628538247181292,6.619773352653838,3.8822009505523978,3.091077865723724
2016-01-10,Egypt,0.462901293198702,6.620546030924179,4.011747070909476,2.679148611718526
2016-01-17,Egypt,0.4595002582046887,6.630619094329322,4.012480392638537,2.4517164772550366
2016-01-24,Egypt,0.4586835878136999,6.813729671684537,4.014681547534629,2.4588814151149343
2016-01-31,Egypt,0.4382543556926701,6.9315956324114785,4.322297096186373,2.4579200019185197
2016-02-07,Egypt,0.4338617996258666,6.970062379290695,4.6194571023485,2.3827361922312806
2016-02-14,Egypt,0.4339534542385277,6.974140659662473,4.590835089333461,2.3124068374031115
2016-02-21,Egypt,0.43412237773249995,6.971390430566718,4.606614789927178,2.4829062967661075
2016-02-28,Egypt,0.4336930723917383,6.958698769953252,4.543157039821662,2.56135686648057
2016-03-06,Egypt,0.4000619131538725,6.9318068894314235,4.476306718313683,2.9455352352194466
2016-03-13,Egypt,0.4000024386395486,6.926126540145825,4.502534443345126,3.055306658004693
2016-03-20,Egypt,0.4004772914028647,5.158293313324127,3.9729802479070697,3.243983003085839
2016-03-27,Egypt,0.4006851912006637,5.157749623092178,3.994582993053858,3.2429527635302344
2016-04-03,Egypt,0.4190414269526058,5.156718892011019,4.018715748310959,2.9936517920814323
2016-04-10,Egypt,0.4191018547135386,5.162223062361875,3.980318756796795,3.027596160925806
2016-04-17,Egypt,0.4197066296955429,5.162981837768641,4.091415130356596,2.7577116596881046
2016-04-24,Egypt,0.41941915862677015,5.1604645519860775,4.10521765759612,3.5143443659797393
2016-05-01,Egypt,0.41843749516776707,5.163946954472105,4.116232496444883,3.4583452599130555
2016-05-08,Egypt,0.4186638337255514,5.167872848692229,4.109015727506036,3.6313140834245
2016-05-15,Egypt,0.41846769090066555,5.164265125134394,4.121589696483699,3.6841088413693166
2016-05-22,Egypt,0.41831657012445317,5.152055149167584,4.105791226067948,3.675308994279989
2016-05-29,Egypt,0.4280543556568193,5.151552258477559,4.101938275892792,3.675545162846737
2016-06-05,Egypt,0.42906050540281965,5.16083070741845,4.143435661325676,3.676833256551954
2016-06-12,Egypt,0.4283896800528399,5.163098128156958,4.193198414711665,3.6779736852845
2016-06-19,Egypt,0.428160733069919,5.167425396448615,4.138271701827234,3.6807577152348534
2016-06-26,Egypt,0.4296404924389634,5.170218175831604,4.149436311496691,3.586373342546844
2016-07-03,Egypt,0.4269576960559307,5.163253457284109,4.160923409730206,3.5030743501826773
2016-07-10,Egypt,0.4260445552853555,5.177497396702727,4.145086272600654,3.5138081083865504
2016-07-17,Egypt,0.4258317934670625,5.1738436332207725,4.157895134988335,3.5116542154533685
2016-07-24,Egypt,0.42642486850134875,5.171567613450335,4.142527368032108,3.51004915246473
2016-07-31,Egypt,0.42688158264289955,5.175664825698359,4.102534982832569,3.512869189063127
2016-08-07,Egypt,0.4268053226641089,5.186573642506066,4.118818614873192,3.5150013769813144
2016-08-14,Egypt,0.427094562173122,5.187113780869764,4.1264322478206985,3.51584976292927
2016-08-21,Egypt,0.42619681578612756,5.184148412615791,4.139014700979609,3.5134813212846088
2016-08-28,Egypt,0.42919795753344053,5.181828229827444,4.147856162484538,3.5119172232291667
2016-09-04,Egypt,0.4289994892751856,5.225654684260806,4.235567660869246,3.7164742996256734
2016-09-11,Egypt,0.44398090795967077,5.227490895019983,4.295058097486636,3.7180944054963794
2016-09-18,Egypt,0.4440273457437771,5.22458716433389,4.272242377654597,3.715509859432016
2016-09-25,Egypt,0.4414611206362973,5.225550030496673,4.294393164741955,3.7160371268405217
2016-10-02,Egypt,0.44124466551704034,5.229883455291266,4.200487466653932,3.728076636192369
2016-10-09,Egypt,0.4413065713106507,5.239156983084055,4.287490453893844,3.728246617020216
2016-10-16,Egypt,0.44121379121467214,5.248959314144816,4.342310427067992,3.7369240174844287
2016-10-23,Egypt,0.44115235413493786,5.264605134513659,4.356114790395093,3.7503400414150967
2016-10-30,Egypt,0.44113691826479345,5.267912675166939,4.367168226161573,3.7533082440716874
2016-11-06,Egypt,0.44126010301891866,1.0247391286310976,0.8102838598056996,0.6701414031433552
2016-11-13,Egypt,0.44124466551704034,0.9828926659682822,0.7550304199153826,0.6359837175708803
2016-11-20,Egypt,0.44056580104166254,0.9879237646859096,0.7637146590215844,0.6395732366075826
2016-11-27,Egypt,0.44065852218053003,0.9264261607829553,0.731001540333533,0.5888648207566559
2016-12-04,Egypt,0.49602397019239575,0.9347748488928672,0.7437693298961712,0.5840335372480858
2016-12-11,Egypt,0.49672501208520986,0.9278862043354484,0.7403526109902756,0.5785981628218996
2016-12-18,Egypt,0.4970353310435415,0.9219015606944838,0.7422206278535517,0.5734278655375431
2016-12-25,Egypt,0.4968883171698889,0.9056142872282752,0.7221932273038505,0.5602191728188902
2017-01-01,Egypt,0.49672501208520986,1.008066539462997,0.7889995360781608,0.5710407514328628
2017-01-08,Egypt,0.49626868339699176,0.7607762331775696,0.5895494933718628,0.423132030890711
2017-01-15,Egypt,0.4964968215174643,0.735053070621503,0.5718084642051713,0.4011691844906097
2017-01-22,Egypt,0.4968067428395888,0.7366670673949371,0.5714873919301822,0.4023234809886486
2017-01-29,Egypt,0.519580584720847,0.7389636753662756,0.5789111221741925,0.404173845266539
2017-02-05,Egypt,0.5211510034224176,0.741921397572636,0.5907289432742904,0.4121559977324815
2017-02-12,Egypt,0.5624819298912752,0.7541703306897609,0.6053546136268937,0.420820923960135
2017-02-19,Egypt,0.6774022796488461,0.7646244809520752,0.6233535631110727,0.4236837016297555
2017-02-26,Egypt,0.7268786209010019,0.7696337873170169,0.6427366998768054,0.4278638493843261
2017-03-05,Egypt,0.7257741515081094,0.7639531313656074,0.6353002943754753,0.4350054231118275
2017-03-12,Egypt,0.7257533295906423,0.7088934051455873,0.5867237852150811,0.3862206032350426
2017-03-19,Egypt,0.7673851782116046,0.73262076343015,0.5926339487424381,0.4147237694429127
2017-03-26,Egypt,0.7690461694414751,0.7326062523159047,0.5896460593836477,0.4149183318368765
2017-04-02,Egypt,0.7690680428677007,0.7319622152998995,0.5876128819631248,0.4145303090724153
2017-04-09,Egypt,0.7361625672138132,0.7334581317083495,0.6042358962997734,0.4173657259420052
2017-04-16,Egypt,0.7120748160020872,0.7321209226547074,0.598834060543866,0.4162229436703812
2017-04-23,Egypt,0.7072286040065598,0.7328490603450513,0.5935880093927663,0.4170197056664814
2017-04-30,Egypt,0.7068210250285213,0.732476792156382,0.5956114087040478,0.4166176939509772
2017-05-07,Egypt,0.7066985225047142,0.7397951330278609,0.6006609888087904,0.4413341050970343
2017-05-14,Egypt,0.7118907046170095,0.7402887407957066,0.6041246192978209,0.4418004241766411
2017-05-21,Egypt,0.7114193226570722,0.7403994697147833,0.6098436981931386,0.4418475136409973
2017-05-28,Egypt,0.7114603025304715,0.737881775908692,0.5994113332944728,0.4397182224899832
2017-06-04,Egypt,0.7115422679110581,0.7473016852280407,0.6088388521247874,0.4523142254771817
2017-06-11,Egypt,0.711214246602906,0.7433392782641228,0.5992424641419007,0.4488183811732948
2017-06-18,Egypt,0.7114398123590525,0.7429571403665969,0.5939802938646896,0.44816952611704
2017-06-25,Egypt,0.7112961894354436,0.7430093272499756,0.5957307217092151,0.4483639777591149
2017-07-02,Egypt,0.7111525895710713,0.7465721195242738,0.5908238773152317,0.4784582079044667
2017-07-09,Egypt,0.7111321064478625,0.7583572468527966,0.6053223157323318,0.4892011485412056
2017-07-16,Egypt,0.6375767274859503,0.7561466866857227,0.6038371402631957,0.4871858739329204
2017-07-23,Egypt,0.5839204401028534,0.7583384754731641,0.6123921620224182,0.4890799845302038
2017-07-30,Egypt,0.5839025959779581,0.7580544366494453,0.6210807018168181,0.4887930260604655
2017-08-06,Egypt,0.5836704744028841,0.7678351776950243,0.6352180431608605,0.5043243047649696
2017-08-13,Egypt,0.605871235635893,0.7682280910767083,0.637547056106492,0.5046681552623208
2017-08-20,Egypt,0.6102097299440197,0.7677455684377634,0.6295873159577432,0.5042511015846922
2017-08-27,Egypt,0.610117813906556,0.7695013313615136,0.6392968245642825,0.5058869143818355
2017-09-03,Egypt,0.6098428533437185,0.7731946758871047,0.6361118912224586,0.517959906902246
2017-09-10,Egypt,0.6097694952103748,0.7736025743357973,0.6458099553693581,0.5183257834441006
2017-09-17,Egypt,0.6096959594295313,0.7719413574461373,0.6450364860148525,0.5167959584241072
2017-09-24,Egypt,0.660028225774726,0.7715072730910366,0.6526420869673542,0.5163947017283868
2017-10-01,Egypt,0.6605704407793005,0.7717706762645755,0.6586973898912558,0.5166269275061967
2017-10-08,Egypt,0.672149498812945,0.7744352611447207,0.6594790934029491,0.525007783410493
2017-10-15,Egypt,0.6726793239900375,0.7748385239682958,0.6630188259863448,0.5253013432714954
2017-10-22,Egypt,0.6742511840577348,0.7735827744286397,0.6624731171197902,0.5241560392198003
2017-10-29,Egypt,0.6639276886885435,0.7734809375983409,0.6656546058805362,0.5240860194034439
2017-11-05,Egypt,0.6692898384938837,2.340778344226497,2.255182068428609,1.901443238867586
2017-11-12,Egypt,0.6590607813347706,2.4077074113942074,2.362330849739666,1.970769117577642
2017-11-19,Egypt,0.6573028388127715,2.4057734160952715,2.351833889397724,1.9678727667674183
2017-11-26,Egypt,0.6580750378516105,2.5229334316013,2.4148224599342747,2.0888795106045626
2017-12-03,Egypt,0.6579977693954745,2.5325481108180634,2.474009893015604,2.2196831096127663
2017-12-10,Egypt,0.6631116966749228,2.529721494791188,2.453376505144277,2.2191861915504205
2017-12-17,Egypt,0.6613649775200106,2.528353087273878,2.4619855843858396,2.22009416273189
2017-12-24,Egypt,0.6851703390322859,2.550677863825574,2.480510184634648,2.2475485529463928
2017-12-31,Egypt,0.6857675528081337,2.57275774377102,2.51656799831539,2.267012922658497
2018-01-07,Egypt,0.6960412291883419,3.527402472187594,3.372370379360997,2.0957962340326377
2018-01-14,Egypt,0.7717185793559194,3.62805891361392,3.448979710523676,2.1455074835851033
2018-01-21,Egypt,0.6845733198509626,3.625005560099277,3.4436032500500136,2.1434070674010752
2018-01-28,Egypt,0.8536668283328078,3.6256487767190952,3.459643622304851,2.143078817074674
2018-02-04,Egypt,0.8712943806472078,3.641972277683662,3.4801480525111583,2.1521758000268467
2018-02-11,Egypt,0.8490415612333031,3.693025426942659,3.524339263927525,2.1642922750609848
2018-02-18,Egypt,0.8463074662663636,4.167115641969918,3.8511570400268416,2.31932654629058
2018-02-25,Egypt,0.8635087507120985,4.166240737505919,3.848267648677592,2.315420768621345
2018-03-04,Egypt,0.8613608233870848,4.182728534919663,3.8627222608708456,2.3221315538529272
2018-03-11,Egypt,0.8628978402747434,4.642454664710123,4.209192229050673,2.4833899112151996
2018-03-18,Egypt,0.8664719290286648,4.7058365933656106,4.2775316582646905,2.5068691689849087
2018-03-25,Egypt,0.8740874989094367,4.704940385566427,4.3058221211830485,2.506180607056238
2018-04-01,Egypt,0.8751032702332006,4.6998165883637,4.3170083079503625,2.5036490412003385
2018-04-08,Egypt,0.8812742574635781,4.654639267738637,4.26019332802624,2.453016926853878
2018-04-15,Egypt,0.8733203051648106,4.660258279243841,4.2970279627335755,2.4555083351190894
2018-04-22,Egypt,0.8725043970096888,4.630304121325615,4.254358120061054,2.4417706599220956
2018-04-29,Egypt,0.8727021189762514,4.631005226872952,4.266459761208455,2.442441997063469
2018-05-06,Egypt,0.8401279820645154,4.647030042110568,4.238842106704372,2.476954510533804
2018-05-13,Egypt,0.7493864646692197,4.632393155758545,4.235393632319258,2.469954320689589
2018-05-20,Egypt,0.7277127274363093,4.611567577071552,4.1974780924355,2.460257409857212
2018-05-27,Egypt,0.8349385447563216,4.6091916634419325,4.191520639550075,2.458632339705964
2018-06-03,Egypt,0.8425799150796707,4.644862624386927,4.205559611318776,2.5175341776680824
2018-06-10,Egypt,0.8371145456367379,4.659262596356313,4.254925254884523,2.5240789883409476
2018-06-17,Egypt,0.6824079767504879,4.655053522701909,4.2584560211873885,2.5219901615989677
2018-06-24,Egypt,0.6549317942002433,4.654406092971328,4.244046487117961,2.521842180309409
2018-07-01,Egypt,0.6452224351909231,4.652341074580199,4.278768342527352,2.5206565476108995
2018-07-08,Egypt,0.6374444831349892,4.737856939859064,4.349059609659701,2.6284834950685356
2018-07-15,Egypt,0.658441958618985,4.7392963278769775,4.322619060704846,2.6290416206781857
2018-07-22,Egypt,0.6585387852410778,4.733685859167549,4.297436352437485,2.6257675067571857
2018-07-29,Egypt,0.6593700591009249,4.739361919665506,4.317099736511757,2.6289634565745637
2018-08-05,Egypt,0.6660105108641212,4.7860403896135075,4.344989182206075,2.704112719457309
2018-08-12,Egypt,0.6813570649982374,4.788089415805512,4.333778148735743,2.7052174019028974
2018-08-19,Egypt,0.6773040247748979,4.782186519508668,4.357995695668359,2.7021875302886937
2018-08-26,Egypt,0.6738776683180354,4.7845129419987265,4.402523607592427,2.7032801923257135
2018-09-02,Egypt,0.674270847024913,4.786824974847604,4.418766932920109,2.704270080894305
2018-09-09,Egypt,0.6646280512165674,4.784870855300913,4.4428560249504025,2.709212299631867
2018-09-16,Egypt,0.6614231414067347,4.78265255139798,4.456298299893525,2.7079334018808603
2018-09-23,Egypt,0.6600863049055317,4.780673479859309,4.460030833867328,2.7069160159849326
2018-09-30,Egypt,0.6721887345631967,4.786598361468028,4.469483673651021,2.710264472575943
2018-10-07,Egypt,0.664666576010152,4.650762254500487,4.3785418393264415,2.551648993155134
2018-10-14,Egypt,0.6294504518543509,4.644703344208274,4.342420948394485,2.548819404028903
2018-10-21,Egypt,0.6442511978529212,4.646678687039712,4.344918507176797,2.5497351771470176
2018-10-28,Egypt,0.6444793973119508,4.650065844001046,4.2868904098569605,2.551342580978751
2018-11-04,Egypt,0.6479504423497352,4.665269443946539,4.301131846594918,2.5535007844298905
2018-11-11,Egypt,0.6472630543441801,4.670842897412549,4.256697672397619,2.5560272733198155
2018-11-18,Egypt,0.6440226742244864,4.669068960348604,4.27635858545569,2.55431188269497
2018-11-25,Egypt,0.6392031748456236,4.673720011369752,4.224273109022317,2.4238630709536246
2018-12-02,Egypt,0.6397328921523712,4.668307405862408,4.221784821816015,2.5480212407478597
2018-12-09,Egypt,0.6457178719135733,4.490320851427405,4.232713761838413,2.3052885504225564
2018-12-16,Egypt,0.623960382835341,4.490335908339702,4.159864668855847,2.3046282087973458
2018-12-23,Egypt,0.6215987800866243,4.4974252470593346,4.155080765646335,2.3057956249961684
2018-12-30,Egypt,0.6291697489181176,4.501870324983782,4.160508753866272,2.3072390141393155
2019-01-06,Egypt,0.6148078250369081,11.406689091425749,8.719359991847705,2.5300146803190264
2019-01-13,Egypt,0.6128368977884947,11.403113936792238,8.638067441235878,3.3505910049978183
2019-01-20,Egypt,0.6067298039721949,11.405583419226328,8.583552286101808,3.965903586596004
2019-01-27,Egypt,0.6092009804747699,11.408072242643565,8.59525136070555,4.020610483835971
2019-02-03,Egypt,0.5980686205782556,10.884622316636452,8.34902403014214,4.456971993726142
2019-02-10,Egypt,0.62139469821817,10.889940482793564,8.311584231265993,4.594971128296993
2019-02-17,Egypt,0.620948807238172,10.902813298671797,8.31332530948078,4.669801952512013
2019-02-24,Egypt,0.6305561098092312,10.91204697108054,8.34389667785128,4.6699076479469595
2019-03-03,Egypt,0.6521441072258155,10.918588878889349,8.348276958708658,4.675427501362771
2019-03-10,Egypt,0.6454697392246497,10.9151855475514,8.368073024568607,4.678733921007459
2019-03-17,Egypt,0.7224278838957744,10.919642492576989,8.369265140738921,4.679963507293175
2019-03-24,Egypt,0.6378032870050305,10.854028695211555,8.415093406734023,4.6757753624316045
2019-03-31,Egypt,0.6386355511993584,10.851814758257143,8.298284872950573,4.673480968270291
2019-04-07,Egypt,0.7333437729216526,10.713373107587987,8.250429121798751,4.536718864542399
2019-04-14,Egypt,0.7196736240558014,10.711756961463632,8.359635622451925,4.536713533576455
2019-04-21,Egypt,0.7364788511796108,10.803329460413966,8.513927197197013,4.547914042340353
2019-04-28,Egypt,0.7242764273963573,10.809222522454352,8.509397591639297,4.549647636538988
2019-05-05,Egypt,0.7343317784845631,10.846977575555371,8.507969270044406,4.568337130794018
2019-05-12,Egypt,0.7098634768939522,10.88196558704512,8.515721661095682,4.572876077966517
2019-05-19,Egypt,0.6389948165701064,10.949050496903638,8.605597809657356,4.581497095825133
2019-05-26,Egypt,0.6389758944339542,10.938079810532908,8.66973670568923,4.5717405926429375
2019-06-02,Egypt,0.6984208609820207,10.871988312601534,8.280314949663056,3.0508635115568192
2019-06-09,Egypt,0.7046219929705884,10.653127688218564,8.123877526219285,3.943481389475246
2019-06-16,Egypt,0.7132032750734786,10.654644527448507,8.153463791140753,3.483410609951534
2019-06-23,Egypt,0.7234449171372169,10.664712856307254,8.184465712970388,3.5753844097443883
2019-06-30,Egypt,0.722573310647586,10.673422628930942,8.24309205175682,3.872850176126134
2019-07-07,Egypt,0.730785385161943,10.226466871221266,7.336527417000427,4.179260205598968
2019-07-14,Egypt,0.7382718615433284,10.238485254889932,7.390659060411532,4.181118310305249
2019-07-21,Egypt,0.7418266529683164,10.253523716827075,7.359986261000363,4.182125416660673
2019-07-28,Egypt,0.7558906265798472,10.245288151664145,7.370051570846586,4.182047670178917
2019-08-04,Egypt,0.7497289289724282,10.115580355945166,7.236965070982689,4.134596589476934
2019-08-11,Egypt,0.748681208073204,10.12518318124426,7.1965271499797465,4.138336484481549
2019-08-18,Egypt,0.728902983557154,10.147321810378612,7.209714415493552,4.14064101412562
2019-08-25,Egypt,0.7435672662051434,10.141472795002292,7.256910921991012,4.140240999866907
2019-09-01,Egypt,0.7523859059029675,10.144351020775872,7.1932286351854104,4.141722732729221
2019-09-08,Egypt,0.845780814240621,10.157118017244676,7.09603806565324,4.1451482502512675
2019-09-15,Egypt,0.8633625800347572,10.151285727581277,7.1122115359614435,4.142821085827716
2019-09-22,Egypt,0.8351743473241938,10.163891733477708,6.822279551163668,3.9584271968353386
2019-09-29,Egypt,0.7318749417103597,10.175259518709757,6.770237096965848,3.9809460752613
2019-10-06,Egypt,0.7204388997545679,11.082593482593916,6.784463985992213,3.963214696137225
2019-10-13,Egypt,0.7100066654193846,11.081332114883724,6.833840294774722,3.916960696784816
2019-10-20,Egypt,0.7129163062184,11.104319227880682,6.846593368358653,4.345761871963741
2019-10-27,Egypt,0.7173188236435096,11.121523982468297,6.989136748292628,4.566848944072576
2019-11-03,Egypt,0.7466104003266707,11.299448602299137,7.003620137167246,4.718736367027804
2019-11-10,Egypt,0.7501997413255109,11.254227679291164,7.066531572728216,4.746103662285195
2019-11-17,Egypt,0.7483391520722505,11.284588812861037,7.087812001550187,4.7511198235593675
2019-11-24,Egypt,0.7413391085621587,11.28036124245253,7.2180559997444735,4.751326675899326
2019-12-01,Egypt,0.7438649644543897,11.27122240130041,7.244629916600653,4.367703310598825
2019-12-08,Egypt,0.7476983426258675,13.393683331045892,7.143029419540508,5.412973496472942
2019-12-15,Egypt,0.7605350615477274,13.464971205685336,7.372439148297325,6.0742216495392976
2019-12-22,Egypt,0.7704467412522763,13.486885719893662,7.427099537463288,6.254881277355739
2019-12-29,Egypt,0.7564078777102089,13.476063801016524,7.458509676883433,6.254866908643103
2020-01-05,Egypt,0.7700964961654975,15.05028068304965,7.640409144328299,2.3638462266477043
2020-01-12,Egypt,0.7764263794206379,15.123477496140298,7.66752759483111,2.3661201136212138
2020-01-19,Egypt,0.7881981222990154,15.135364457956287,7.682901543168883,2.3703155247082557
2020-01-26,Egypt,0.789496129043584,15.174652844654943,7.688677253831569,2.3701342991704064
2020-02-02,Egypt,0.7796757185340033,17.983778854108913,7.811158619074238,2.4657481903132332
2020-02-09,Egypt,0.7778833386087136,18.003247012489833,6.809677526471553,2.4710872380712674
2020-02-16,Egypt,0.7863438018895611,18.022972022360424,6.799401621521334,2.474369242135009
2020-02-23,Egypt,0.7925696813407168,17.90471841398151,6.769714335600128,2.4782104086781023
2020-03-01,Egypt,0.7379336134919338,17.34608224350331,6.706618361584124,2.4585319610090575
2020-03-08,Egypt,0.7467598592588872,16.146850449512584,6.339862643360804,1.9788925504171424
2020-03-15,Egypt,0.3879701524192858,16.010323348154753,3.728924833938846,1.9669345862724676
2020-03-22,Egypt,0.3478268054248272,16.145084511840185,3.6179092671289617,1.9870328788546237
2020-03-29,Egypt,0.3290935372833292,16.241102907433834,2.7852123477093422,1.9908456403945956
2020-04-05,Egypt,0.35049782015027653,14.616697698211006,1.924567798413519,1.861714628968469
2020-04-12,Egypt,0.24322168324479587,14.463239369645551,1.7882676132153672,1.8536512209060363
2020-04-19,Egypt,0.2543969882581676,14.492817045639002,1.674446854031907,1.821709848856602
2020-04-26,Egypt,0.19794666616623072,14.382374559788332,1.4134073629250727,1.8571440391105307
2020-05-03,Egypt,0.2172956594533312,13.705050687888477,1.3130699987994872,1.7582340898191855
2020-05-10,Egypt,0.2736573550939002,13.706523532883896,1.324519736882649,1.7411975342101589
2020-05-17,Egypt,0.28997720620336814,13.710320737816511,1.3212709799934357,1.686902464441726
2020-05-24,Egypt,0.323767006437656,13.54898397753186,1.3271467636799752,1.6908166828476234
2020-05-31,Egypt,0.3264890286115708,13.714442478244523,1.3041141959878289,1.7072293073408311
2020-06-07,Egypt,0.35351576494975484,14.183578475318814,1.3067344558931608,1.841099408545996
2020-06-14,Egypt,0.36026300203367795,14.21980354880975,1.2983138373230685,1.7645532113244056
2020-06-21,Egypt,0.4598461044314373,14.24388452770609,1.3126098933082655,1.9926548567093796
2020-06-28,Egypt,0.4676041670657005,14.253442430357955,1.3091810743490555,1.8590806906875983
2020-07-05,Egypt,0.5063964743701184,12.893174568715828,1.297498549097065,1.6855395919539748
2020-07-12,Egypt,0.5116491590981794,12.872386623996988,1.2988063443460287,1.9616465568056576
2020-07-19,Egypt,0.508936740652689,12.883935654428509,1.3006229442860668,1.9667673681633373
2020-07-26,Egypt,0.5273408339696872,12.849124653652678,1.2884196346810846,1.964434817169687
2020-08-02,Egypt,0.4950870855180777,13.26272216297326,1.2941749482134195,1.9885613621960283
2020-08-09,Egypt,0.5029269394959849,13.1005876170737,1.293082548496563,1.9705042670150876
2020-08-16,Egypt,0.5437845983001542,13.10898349986982,1.2930795904545374,1.972404551925309
2020-08-23,Egypt,0.5323853312156556,13.111374576649755,1.28872433787902,1.9728103761472011
2020-08-30,Egypt,0.5296153931837281,13.119113981241316,1.2939032469740612,1.974619376148475
2020-09-06,Egypt,0.5486918426961664,13.173548501696573,1.2857976450254138,1.9731241538306616
2020-09-13,Egypt,0.5456348716397026,13.204888728871,1.2800290453225944,1.9707375080000265
2020-09-20,Egypt,0.5483652483325374,13.270005908169352,1.3030866456701746,1.9783724370520923
2020-09-27,Egypt,0.4878903654101318,13.282096295317588,1.3019126325711,1.9785870441786992
2020-10-04,Egypt,0.49589340507979507,12.842961205340355,1.3099783889441157,1.9147711159312617
2020-10-11,Egypt,0.5257267020118482,12.868402705856331,1.3210474407741597,1.9217177687021292
2020-10-18,Egypt,0.5307121925621604,12.901906027340283,1.325940306371947,1.9232290046131535
2020-10-25,Egypt,0.5435623097220009,12.920965254276576,1.3253439903926223,1.923574395491267
2020-11-01,Egypt,0.5587552914952192,13.02120612655442,1.2968852215246471,1.7067921668526522
2020-11-08,Egypt,0.5603729408164669,12.817835180949862,1.304950937939962,1.8890183629676949
2020-11-15,Egypt,0.610539857883265,12.83068435985368,1.3172619004274524,1.8957110653399092
2020-11-22,Egypt,0.615010290974918,12.838324849028718,1.3283474547733731,1.898352414503888
2020-11-29,Egypt,0.6251525634687858,12.828038124094157,1.3371734900236163,1.8961503231820351
2020-12-06,Egypt,0.6131495458733497,12.849490499536492,1.346759446042813,1.899275106684014
2020-12-13,Egypt,0.6132233526459238,12.832956246908315,1.3474881378813723,1.8987413015613197
2020-12-20,Egypt,0.6128917278824504,12.859256204454654,1.3479132018088729,1.9010337496689105
2020-12-27,Egypt,0.6128184991460799,12.862105522111891,1.345711253792953,1.901455722650716
2021-01-03,Egypt,0.6127817029435177,7.578699564752664,1.3005412445802915,2.970305257578797
2021-01-10,Egypt,0.6125054095608344,7.585119189562389,1.3139343312817198,2.972772572915794
2021-01-17,Egypt,0.6128552967916882,7.601361296955275,1.3019403805609835,2.8539598599682217
2021-01-24,Egypt,0.652873564333158,7.5792551446900225,1.306740632731047,2.974837862289146
2021-01-31,Egypt,0.6526818794344457,7.5837656024686,1.3159103305185789,2.8642058788086953
2021-02-07,Egypt,0.6525280610122941,7.57740312851333,1.3352008349786295,2.96810093837082
2021-02-14,Egypt,0.6521824953982437,7.588503578511684,1.3455751311818278,2.9719215521926174
2021-02-21,Egypt,0.6518752429507562,7.60590893169065,1.34657303796712,2.9763858256940847
2021-02-28,Egypt,0.7267116434902494,7.661825122692099,1.3551744396047058,2.6406699315208253
2021-03-07,Egypt,0.726274024047327,7.844982325677989,1.361728435585479,3.015812552901789
2021-03-14,Egypt,0.725898676764074,7.847852824151819,1.5205031844785768,3.014763662647495
2021-03-21,Egypt,0.7261279905156779,7.868005096238712,1.5173112378261258,2.5030825581074336
2021-03-28,Egypt,0.6812976158082923,7.864797935635298,1.6861491185634208,2.461789973877949
2021-04-04,Egypt,0.6809410024180886,8.16040983340379,2.335255548406847,2.934142573639551
2021-04-11,Egypt,0.6813570649982374,8.179904008898957,2.4607067990030647,3.0251807095144527
2021-04-18,Egypt,0.6811190934806566,8.188310758224151,2.610891297985929,3.2953312253671267
2021-04-25,Egypt,0.680841968002416,8.18899027613227,3.183994499151235,3.0724277979209256
2021-05-02,Egypt,0.6810402457409653,8.301546213500744,4.14937719533108,3.107594927620857
2021-05-09,Egypt,0.6811587180463273,8.24417447689729,4.147421180315338,3.1185788559550085
2021-05-16,Egypt,0.6807229429313032,8.243982066233446,4.7012760648639755,3.239271484954381
2021-05-23,Egypt,0.6804659336982024,8.283548438736425,4.681483191092169,2.956110695828358
2021-05-30,Egypt,0.6802875748335641,8.280310395124605,4.861806286312938,3.417034841975013
2021-06-06,Egypt,0.6805649270991653,8.274186524639713,5.663020079941143,3.51057893694262
2021-06-13,Egypt,0.6797333221273287,8.282061173864486,5.713909417447642,3.5131459080158844
2021-06-20,Egypt,0.6803667531349651,8.2696604851027,5.9257751123613716,3.49733785705461
2021-06-27,Egypt,0.6802082055159697,8.263102458404807,5.944804490417176,3.5102778516987927
2021-07-04,Egypt,0.6806833373830498,8.459643170067784,6.104805516406764,3.673211173635764
2021-07-11,Egypt,0.6797333221273287,8.460189640651944,6.112282787153915,3.449813064574725
2021-07-18,Egypt,0.6799909155494027,8.451261155143582,6.006203182793343,3.4328542615518822
2021-07-25,Egypt,0.6798324335293359,8.47225358516674,6.106610508582887,3.674606844749421
2021-08-01,Egypt,0.6800700679869371,8.45688481423041,6.10686881968076,3.670414835797978
2021-08-08,Egypt,0.6793577465244932,8.517717573070767,5.912137117075789,3.244015915231751
2021-08-15,Egypt,0.6798522175392209,8.518539840859054,5.912427729753216,3.6173368605050857
2021-08-22,Egypt,0.6794566191959588,8.52308679252882,5.93264642888929,3.115514602283701
2021-08-29,Egypt,0.6797730840852905,8.51705892751758,5.9478402582192995,3.7366936115847937
2021-09-05,Egypt,0.6793379732814938,8.531836660479566,6.000598876463686,3.571171849938261
2021-09-12,Egypt,0.6790416239347946,8.52714310824127,6.044789490912658,3.7460498286085535
2021-09-19,Egypt,0.6790020916368078,8.52727845171199,6.140270263497191,3.746294955415802
2021-09-26,Egypt,0.6489253907190762,8.53122092041365,5.935816070203359,3.7472987777521887
2021-10-03,Egypt,0.6492886791562559,8.67606420178047,5.860113798742726,3.6396846804240752
2021-10-10,Egypt,0.6492886791562559,8.680072369557399,5.937892063031833,3.572305006639497
2021-10-17,Egypt,0.6480264894900171,8.660587085680836,5.932033574576945,4.046272439150454
2021-10-24,Egypt,0.648561671795233,8.665627898953439,5.956320431451327,3.698036231377468
2021-10-31,Egypt,0.648561671795233,8.656470520447156,6.210900215718239,3.572687540908712
2021-11-07,Egypt,0.648561671795233,8.662190842401063,6.066044343953642,3.512700132792747
2021-11-14,Egypt,0.6483324610655338,8.642632405962305,6.1696684198809475,3.7073810550345607
2021-11-21,Egypt,0.6485807911942302,8.64284974941665,6.176565119413142,3.588227222496478
2021-11-28,Egypt,0.6485807911942302,8.638616933257717,6.137861334329361,1.8858494377242347
2021-12-05,Egypt,0.42050780053161807,8.402286055682906,6.175145843550665,2.0803807975469946
2021-12-12,Egypt,0.4421866268010279,8.405975924870942,6.186480235983926,2.9576464859402605
2021-12-19,Egypt,0.44132200975015207,8.393359269054454,6.191543176922584,2.798225696309143
2021-12-26,Egypt,0.44142977657094457,8.392033525223974,6.212538256541346,3.165519280059273
2022-01-02,Egypt,0.4412756951331425,17.225325373936837,8.917508361453597,3.2552620035664623
2022-01-09,Egypt,0.4407043458898143,8.267007461681976,6.579975692390887,3.615799698771412
2022-01-16,Egypt,0.35341630089227927,8.25181689283012,6.677102313360956,3.4152001176214526
2022-01-23,Egypt,0.3691681416841668,8.23495079038533,6.6625993428722365,3.2675918022966752
2022-01-30,Egypt,0.2733805878877299,8.158422758536993,6.701197802140518,2.817912530851556
2022-02-06,Egypt,0.3661916574262769,8.160432816469616,6.710832611707617,3.1558367074388864
2022-02-13,Egypt,0.3771330294290799,8.112433369246432,6.7071960003806215,2.8530386191697774
2022-02-20,Egypt,0.37695921193129295,8.117742937828742,6.709216393649432,2.55383113243594
2022-02-27,Egypt,0.3761904360276388,8.09761398338388,6.65901391853137,2.6991870469115096
2022-03-06,Egypt,0.056173791295954005,7.574721508823006,6.673602841284827,1.7634192473235182
2022-03-13,Egypt,0.07105168957637747,7.530430428077702,6.662460250574415,1.7965322623623343
2022-03-20,Egypt,0.3131377993884988,7.505336657702005,6.459443322974613,1.777542645444353
2022-03-27,Egypt,0.2672171839260981,3.9202695030560095,4.722780632850969,1.549067963987148
2022-04-03,Egypt,0.39932057880936317,3.9330789619979063,4.068521506480583,1.9164351132127455
2022-04-10,Egypt,0.39516392881426493,3.9223790747165665,3.976326943083684,1.912951203931367
2022-04-17,Egypt,0.2794854350228325,3.9176829349131967,3.963889743837,1.910815375612666
2022-04-24,Egypt,0.2215021363412404,3.8775731417952017,3.921298732348574,1.8965973928172917
2022-05-01,Egypt,0.09705270751127298,3.8814907957060134,3.922219877981367,1.8969362704016195
2022-05-08,Egypt,-0.013807910790411517,3.8891312762408146,3.950607456393256,1.907131052507033
2022-05-15,Egypt,-0.009596384902731467,3.8952335995701866,3.958113077795061,1.9136798355309907
2022-05-22,Egypt,-0.08082341395548559,3.895912790655861,3.9686330858460535,1.9141983508681155
2022-05-29,Egypt,0.09919112846191656,3.871354188865329,3.9856109254931056,1.9052445405491545
2022-06-05,Egypt,0.08751543627855798,3.863893536286054,3.945493171916696,1.9084447980721593
2022-06-12,Egypt,0.006278753159170857,3.818829944362863,3.8548240470111472,1.8914121791553735
2022-06-19,Egypt,-0.07472125336642672,3.795364547592821,3.793247056553191,1.8787838582895369
2022-06-26,Egypt,-0.09390414517323709,3.794590524852503,3.789688899081859,1.8795375593386443
2022-07-03,Egypt,-0.20504100806065645,3.852096429492517,3.847213679190961,2.047555952044529
2022-07-10,Egypt,-0.21773021113873997,3.836485536238846,3.816612333194956,2.038790349094866
2022-07-17,Egypt,-0.45512651748654787,3.825985302691878,3.783950273692719,2.0339945673259825
2022-07-24,Egypt,-0.4435725439390102,3.828616988462148,3.798453766953647,2.037272886984045
2022-07-31,Egypt,-0.48229634514171144,3.829295965595583,3.8049919012306352,2.038525626345669
2022-08-07,Egypt,-0.42142056366608005,3.7624529559543847,3.3205564524059294,1.9887790962733791
2022-08-14,Egypt,-0.08874018605859478,3.762025149224779,3.3137629134959017,1.9906990931485264
2022-08-21,Egypt,-0.18912806773073718,3.762371420286912,3.306031176393936,1.987791268165548
2022-08-28,Egypt,-0.027064005730164716,3.754549394897269,3.3139449601503292,1.985731101522314
2022-09-04,Egypt,-0.10329443377742943,3.763790619810272,3.2850322544471684,1.9932913497897264
2022-09-11,Egypt,-0.017088544963928684,3.744574193186005,3.2710732573189354,1.987662035958845
2022-09-18,Egypt,-0.025703578904891895,3.716222723022912,3.2771323583875924,1.9756882698920293
2022-09-25,Egypt,-0.19059140063752691,3.702164300189518,3.2759631797257915,1.9673297527453728
2022-10-02,Egypt,-0.42999773007754855,3.7169155132654033,3.319574221482994,1.886637955784682
2022-10-09,Egypt,-0.3506344102899044,3.710817380127319,3.300045601685361,1.9851718029074896
2022-10-16,Egypt,-0.40958258148959814,3.6968117240846414,3.2738751415146634,2.0097221751568477
2022-10-23,Egypt,-0.43629801645085065,3.6969303926436634,3.289064970820558,2.0112667974062215
2022-10-30,Egypt,-0.1886851454119627,2.8103884876250267,2.595691481023457,1.622215175462243
2022-11-06,Egypt,-0.2980255357644671,2.77766842777433,2.5510704312386414,1.6270878233799635
2022-11-13,Egypt,-0.08957780742522069,2.776545450726734,2.5497761037679783,1.6290951291490043
2022-11-20,Egypt,-0.05965251335093847,2.7690085625108822,2.454163144770618,1.6230432758541171
2022-11-27,Egypt,-0.01421062126227689,2.766627792638878,2.424191512691928,1.6197986216332227
2022-12-04,Egypt,0.07605174967584641,2.7875564260458168,2.3963046173397293,1.7083826057218408
2022-12-11,Egypt,0.025680278508095976,2.7862501678491083,2.370208473692467,1.7070658913095849
2022-12-18,Egypt,-0.033203101947687205,2.785241550494527,2.370598629299747,1.709116726480549
2022-12-25,Egypt,-0.03459617605401194,2.783075837074497,2.3838472747379815,1.708697488753648
2023-01-01,Egypt,-0.036515268481622384,2.7804484007101293,2.3862552398483055,1.7073200313367682
2023-01-08,Egypt,0.008579567843893781,2.0285039377756324,1.9375939104312236,1.0570318695667251
2023-01-15,Egypt,0.07265688813317224,1.921601647226076,1.8748248762303117,0.9963807242623716
2023-01-22,Egypt,0.10227552614595878,1.915823334939498,1.8732010555090064,0.993098732648637
2023-01-29,Egypt,0.02292184361407715,1.9142423223727576,1.880279986794274,0.9924037402525272
2023-02-05,Egypt,0.010073968153318333,1.9094998956160676,1.8653553307356765,0.9962373237703076
2023-02-12,Egypt,-0.1779386724192202,1.9019456980563552,1.8669738687763515,0.9918259719081994
2023-02-19,Egypt,-0.09358372418791538,1.8990501868559224,1.854355892063094,0.9900851521259694
2023-02-26,Egypt,-0.12113498481713053,1.8960762135466531,1.86955132372156,0.988477149887342
2023-03-05,Egypt,-0.2818323715797985,1.8994524332486624,1.87126042696345,1.0931285411070752
2023-03-12,Egypt,-0.36414798519459124,1.898920888792152,1.868586541059405,1.0932194576294
2023-03-19,Egypt,-0.5577142270891552,1.899485660354768,1.8690698814110989,1.09376045818979
2023-03-26,Egypt,-0.49754123764786345,2.237481527831098,1.9994891071845315,1.3042041230185215
2023-04-02,Egypt,-0.42546609674593594,2.2366206192511187,2.083113449475036,1.314556262304512
2023-04-09,Egypt,-0.46919605621972615,2.23950503749637,2.072436968375494,1.2653665268726866
2023-04-16,Egypt,-0.5445925269989084,2.234742764661478,2.086687323469243,1.2630578661252452
2023-04-23,Egypt,-0.6494471744603132,2.2382079648957327,2.072681321395834,1.2661017173441775
2023-04-30,Egypt,-0.7126664611071833,2.238119619671024,2.076982188008611,1.2657488066741136
2023-05-07,Egypt,-0.7679881157889603,2.243335496393783,2.0859545858752044,1.2747394014709743
2023-05-14,Egypt,-0.7837450484251234,2.243408019016202,2.083619874280999,1.273850224681208
2023-05-21,Egypt,-0.6845796572576658,2.234933130298612,2.0859608997609422,1.2684649627299356
2023-05-28,Egypt,-0.7215460165270594,2.2292127595408764,2.079724387090453,1.2654675725973887
2023-06-04,Egypt,-0.7215205116874476,2.227404155044832,2.080544942419757,1.2610849131599358
2023-06-11,Egypt,-0.525653014502383,2.232650750861775,2.0885736530642496,1.265789155636188
2023-06-18,Egypt,-0.5719298289554215,2.2336577325971567,2.0925910992001233,1.2671403844826636
2023-06-25,Egypt,-0.5882399390196762,2.2333905709292425,2.1013375375031487,1.2668107996238098
2023-07-02,Egypt,-0.6098570156897886,2.2413345151271233,2.098741007457074,1.3189726842961516
2023-07-09,Egypt,-0.6184716603733771,2.2480678374075778,2.1001182199495636,1.3229868217673773
2023-07-16,Egypt,-0.38392088287439435,2.249764609862079,2.099777792692368,1.3249242002443635
2023-07-23,Egypt,-0.4081718703446837,2.2517662497329094,2.0993932306172463,1.3260447919507317
2023-07-30,Egypt,-0.4306014334571929,2.249348822388619,2.1058151675886245,1.3244246186019624
2023-08-06,Egypt,-0.4598781780452459,2.2673483946521404,2.247745826753803,1.329183185751239
2023-08-13,Egypt,-0.47549302282655576,2.2675724216902804,2.2505521664062673,1.3293565962411464
2023-08-20,Egypt,-0.5870788991789195,2.2678201131052536,2.242331335229828,1.3295118997150268
2023-08-27,Egypt,-0.5287895415082743,2.2655976950805212,2.2604116095701574,1.3284057497121768
2023-09-03,Egypt,-0.5814415443745417,2.2435658376850585,2.26033630052006,1.27513868868553
2023-09-10,Egypt,-0.5767170621895572,2.2438349659681114,2.264753917034133,1.2757868300508033
2023-09-17,Egypt,-0.5359079130906944,2.246409500153568,2.2726254906608494,1.2779242055830586
2023-09-24,Egypt,-0.5434065352979113,2.248119397881511,2.2809161474234,1.2792343023510375
2023-10-01,Egypt,-0.5765013509053244,2.2483253946653967,2.314181284318185,1.2791363425469793
2023-10-08,Egypt,-0.6997408338156118,2.2412874880851135,2.323930534404342,1.1962033906532024
2023-10-15,Egypt,-0.802045526397982,2.2416007395113047,2.3308027375932916,1.1965840549604911
2023-10-22,Egypt,-0.8300672582044948,2.241611849304959,2.335882985164184,1.1966863609176617
2023-10-29,Egypt,-0.7100686508772781,2.6596607276707713,2.754862496665236,1.3929994979515454
2023-11-05,Egypt,-0.6737204055051259,2.668801371896849,2.748318412257632,1.373912178259147
2023-11-12,Egypt,-0.6040794487453001,2.6648265286029083,2.714510892138037,1.371570954993132
2023-11-19,Egypt,-0.44957552263177725,2.6731224597265464,2.79372298030036,1.376073468583544
2023-11-26,Egypt,-0.3990321609901462,2.6734960026969725,2.8134322101676714,1.3760143043462374
2023-12-03,Egypt,-0.4511818848994962,2.694233663434683,2.846655426629102,1.4246015561614156
2023-12-10,Egypt,-0.40453045007581995,2.691293693717524,2.8411887275947505,1.4229619340383135
2023-12-17,Egypt,-0.2893548769989083,2.696341379469734,2.8503826869935556,1.426175140402504
2023-12-24,Egypt,-0.26596569723052477,2.7031459969026628,2.8585164184999634,1.4306284233567106
2023-12-31,Egypt,-0.24939090870468408,2.7044306343499,2.8598319794383635,1.431253788541091
2024-01-07,Egypt,-0.4198362457748279,3.657807818750437,3.5305245208823144,2.39557114216755
2024-01-14,Egypt,-0.3683675410805356,3.947592009232765,3.684189767533581,2.5597193459145915
2024-01-21,Egypt,-0.38504755479287645,3.938088936308338,3.6874279381556256,2.5550583674946643
2024-01-28,Egypt,-0.4122453663524864,3.9429786639494058,3.669791676593957,2.5584642812301963
2024-02-04,Egypt,-0.30043958738010085,3.9592417812751814,3.7138642867343634,2.568346887931727
2024-02-11,Egypt,-0.17570430282229155,3.968820825314091,3.720216779415075,2.574635266007964
2024-02-18,Egypt,-0.21190253134351045,3.964080704572012,3.754168715026291,2.572137868993682
2024-02-25,Egypt,-0.1515485641627457,3.966453738943804,3.769847431943066,2.573688640456199
2024-03-03,Egypt,0.2818067914465921,3.834268051181162,3.690255372407777,2.21899557689904
2024-03-10,Egypt,0.3460499349760521,1.0287386614783818,0.9696228575397674,0.5271173736622652
2024-03-17,Egypt,0.2849851723518381,1.0440226213321724,0.97996887670012,0.5377230050012547
2024-03-24,Egypt,0.36607663773834026,1.052094996814437,0.9896424410675858,0.5426603412163024
2024-03-31,Egypt,0.3386638420366019,1.0445170783409572,0.9836312877665588,0.5374612614163106
2024-04-07,Egypt,0.3344322276874915,1.0611679165689265,1.012605221255881,0.50811831617927
2024-04-14,Egypt,0.28585100918273054,1.0578881087076626,1.0088073906712998,0.5057840261319674
2024-04-21,Egypt,0.15299666555207106,1.0487701390875328,0.986825818472666,0.4990437943377233
2024-04-28,Egypt,0.20319563193115653,1.0519207712459164,0.9936312054877054,0.5010666964500461
2024-05-05,Egypt,0.26834487479270314,1.0383746324527952,0.9613189091720764,0.4659686414690389
2024-05-12,Egypt,0.28372048487328383,1.0423644158051095,0.967314033940872,0.4687990119475275
2024-05-19,Egypt,0.3631228700021524,1.0473816513049226,0.9653823332752172,0.4724767469392341
2024-05-26,Egypt,0.3210654683262721,1.0438458711055754,0.959290913677956,0.470007620469223
2024-06-02,Egypt,0.2856245919948696,1.0430755024917784,0.9571535281062578,0.4698733289157233
2024-06-09,Egypt,0.31764313336293376,1.0538502385176045,0.9677116488583248,0.4734051882707007
2024-06-16,Egypt,0.2624575195842004,1.0538982954762788,0.9726404333787664,0.4733949723916784
2024-06-23,Egypt,0.2525202275171907,1.0533407920364946,0.9813379042963348,0.4729845759241585
2024-06-30,Egypt,0.234203764658585,1.050434946914907,0.9785882319386036,0.471033000049154
2024-07-07,Egypt,0.283893558028553,1.0449973128114238,0.975725112482316,0.3631357046678201
2024-07-14,Egypt,0.2979526751711411,1.0470412448542965,0.984246103077994,0.3647108211164042
2024-07-21,Egypt,0.2993146071526485,1.044399436047945,0.9848062414850054,0.362674238694335
2024-07-28,Egypt,0.26892221038425623,1.0450886841719431,0.9646980296505874,0.3634449183738713
2024-08-04,Egypt,0.18035081649549728,1.0552960343520197,0.9722472409933658,0.3847822091977913
2024-08-11,Egypt,0.15902137911156203,1.0446960760068256,0.9648553273441453,0.3763663415406322
2024-08-18,Egypt,0.15618950879544377,1.04796097748717,0.9703957998607636,0.3788277085289268
2024-08-25,Egypt,0.15589242976226456,1.0514684885678978,0.9720736203852997,0.381700997590098
2024-09-01,Egypt,0.1522978312990618,1.0549998830104197,0.9795519952218,0.3962703986215757
2024-09-08,Egypt,0.23943186541774883,1.0597086626526997,0.9612404467688638,0.3988586477621473
2024-09-15,Egypt,0.22431096303595507,1.061698312834826,0.968965893101305,0.4003706582716081
2024-09-22,Egypt,0.31427277290762873,1.0626074568783737,0.971683014675387,0.4009522154252996
2024-09-29,Egypt,0.23889528498073404,1.0643943452057054,0.9633330541897214,0.402790522795165
2024-10-06,Egypt,0.23039348276938418,1.0775761653825355,0.9749266166438872,0.4612566873628602
2024-10-13,Egypt,0.21688225920509951,1.0755888813555985,0.9720119345705972,0.4601252986945832
2024-10-20,Egypt,0.29158362444030456,1.0746669812562113,0.9578803884501343,0.4590867736928283
2024-10-27,Egypt,0.24276020243950355,1.071015093870858,0.9607283321222566,0.4563458245999663
2024-11-03,Egypt,0.26673255510992794,1.0525114660442365,0.944452574950272,0.4250028227003513
2024-11-10,Egypt,0.3316064982217646,1.0476961967921428,0.9367285439207028,0.4209689086858681
2024-11-17,Egypt,0.28142163802586617,1.0470077271470677,0.9429753386938522,0.4200722237894041
2024-11-24,Egypt,0.30703283793904856,1.0420221673447507,0.9360599828236912,0.4162895594296641
2024-12-01,Egypt,0.34664203717415554,1.0495037180667133,0.9476166479496052,0.4290129491532986
2024-12-08,Egypt,0.3753063354990069,1.0545937130921232,0.9522674391285748,0.4371048679691282
2024-12-15,Egypt,0.360362967098755,1.0447767822169256,0.9387874800952574,0.4296588738644045
2024-12-22,Egypt,0.32225014198868873,1.0435400361250329,0.9457695760561876,0.4282533046247705
2024-12-29,Egypt,0.31920850266326106,1.045260113986051,0.9500715488977988,0.429646503071505
2015-01-04,Indonesia,1.143116025133784,5.561334274410519,4.724644928531568,1.084991089461416
2015-01-11,Indonesia,1.11798983977063,5.535952367007185,4.042823899478993,1.2174184233673413
2015-01-18,Indonesia,1.1033977080635846,5.545619711428728,4.04912543262608,1.0230629846209165
2015-01-25,Indonesia,1.2016943730062135,5.567403053445403,4.0385057667700766,1.0033540693235592
2015-02-01,Indonesia,1.1778521327577147,5.490869849334085,3.64473771782082,0.9611157048598302
2015-02-08,Indonesia,1.1761243035683016,5.508880694044824,3.293240948637993,0.915149252827092
2015-02-15,Indonesia,1.1849172307365823,5.572559688371688,3.32824503845403,1.027135520174997
2015-02-22,Indonesia,1.1977842900328326,5.572147809359532,3.3443053195138672,1.0694786831946914
2015-03-01,Indonesia,1.2532286611481647,5.560467016000048,3.280878508104238,1.0062505594008295
2015-03-08,Indonesia,1.2295345573207834,5.599128927712548,3.3069116882189915,1.2183321966541356
2015-03-15,Indonesia,1.1773738031384904,5.54628227822686,3.245301116451329,1.0109802914450632
2015-03-22,Indonesia,1.1620180031008884,5.558189830365605,3.2257749155678295,1.137571186177451
2015-03-29,Indonesia,1.1603279642127693,5.566627750672697,3.17465847650292,1.0733554616092802
2015-04-05,Indonesia,1.1690727300617256,5.568384015084389,3.126796094268337,1.1040393972808311
2015-04-12,Indonesia,1.1923162778282526,5.58334380625689,3.1218688345257917,1.5172198325651174
2015-04-19,Indonesia,1.1584269341799782,5.588781335374691,3.0510233234517465,1.580427322596962
2015-04-26,Indonesia,1.156709574174605,5.6020124187201565,3.0399561058828137,1.8983994289603965
2015-05-03,Indonesia,1.1514755015104,5.606922712016883,3.0491932660545027,1.9662537026950888
2015-05-10,Indonesia,1.1395128906440537,5.564045993349094,3.0344140544178027,1.9837890305561143
2015-05-17,Indonesia,1.1328091658130703,5.585455146394699,3.0480474259036345,2.398012393448657
2015-05-24,Indonesia,1.1565666457531516,5.628595105196825,3.0628600231083976,2.2731177678344663
2015-05-31,Indonesia,1.1377006092774944,5.6159026425274,3.0404258732701397,2.0668866292496464
2015-06-07,Indonesia,1.111077017705267,5.635844253733565,3.0013666382990736,2.091955526910017
2015-06-14,Indonesia,1.1062264026634567,5.627698297017549,3.0076827770229206,2.245280559636113
2015-06-21,Indonesia,1.1293598773597813,5.667260847448116,2.990733234825569,2.341777108403322
2015-06-28,Indonesia,1.1263722140752939,5.668291146776793,2.9963582521109102,2.4641260140581616
2015-07-05,Indonesia,1.1229190407978544,6.067534605687636,3.0388812766586644,2.5114820282785724
2015-07-12,Indonesia,1.1115470493156936,6.2015801707863245,3.032334741712699,1.6165837332259805
2015-07-19,Indonesia,1.1429757627196513,6.1962777430713984,3.049601762961899,2.03465944355038
2015-07-26,Indonesia,1.1128916546094358,6.165891404235736,3.020492790553462,1.7286720880998794
2015-08-02,Indonesia,1.0795066634848427,6.667018191498894,3.1183703666837155,1.7215494691378432
2015-08-09,Indonesia,1.067319905889443,6.625810707678417,3.035695845488759,1.5497361189872831
2015-08-16,Indonesia,1.0297870700960008,6.51392062613438,3.012035340347727,1.534944716974868
2015-08-23,Indonesia,0.9214586298601063,6.480935695362192,2.990084883537979,1.3331386573847652
2015-08-30,Indonesia,0.955329100208707,6.4719120345598276,2.989180178116809,1.053110561925297
2015-09-06,Indonesia,0.9151857495670289,6.429756751548392,2.993860989888895,1.1201497863609473
2015-09-13,Indonesia,0.9112638384619123,6.3705728596335405,2.92944422634504,1.0908822828137337
2015-09-20,Indonesia,0.9814877550236749,6.403325997063252,2.9222562107398233,1.2411732754219271
2015-09-27,Indonesia,0.86851090863872,6.263746760892615,2.8712339012687766,1.1367177979704626
2015-10-04,Indonesia,0.8097327940624124,6.257998522126784,2.867143523757684,1.3584773700742503
2015-10-11,Indonesia,0.9653282835941172,5.071381421518211,2.4850552426493744,1.4894232222363248
2015-10-18,Indonesia,0.9894510005320812,5.067278038210047,2.4410596372456954,1.658704673910668
2015-10-25,Indonesia,0.9875381153442765,5.04763793676988,2.4204655541645033,1.5372883736643397
2015-11-01,Indonesia,0.9705291631311193,5.025644091452108,2.417654502022957,1.5010737836707266
2015-11-08,Indonesia,0.9953043574096304,5.033715193757598,2.4212270773730853,1.625031577773372
2015-11-15,Indonesia,0.9772548032664385,5.013161095986447,2.3794688766907615,1.2884580573860658
2015-11-22,Indonesia,0.9964860939638139,5.0185148162724,2.39438156748089,1.3497768233922198
2015-11-29,Indonesia,0.9752029942454555,4.995885881362782,2.40275457646468,1.19366634284272
2015-12-06,Indonesia,0.9532787811048514,5.0244538163852654,2.4285746794261653,1.3731771126276595
2015-12-13,Indonesia,0.8921608569669209,5.012186589765899,2.3388704892295022,1.024744140121993
2015-12-20,Indonesia,0.9216423219060182,5.0187648476796145,2.366553890066012,1.19262147265819
2015-12-27,Indonesia,0.9290245432931693,4.990715844830575,2.3713886036282177,1.2203860963368762
2016-01-03,Indonesia,0.9354065485277033,6.213163123889536,2.4127461835608996,0.988818570926576
2016-01-10,Indonesia,0.9196501842372438,6.189638418724204,2.496474948100463,0.7805417408935773
2016-01-17,Indonesia,0.8865612422604658,6.196228637333459,2.492744420467648,0.667547965295866
2016-01-24,Indonesia,0.9008373989748396,6.221552562976313,2.4953593143169837,0.6755816787317801
2016-01-31,Indonesia,0.94213587456985,6.281263950635865,2.625326543070409,0.6810170510391809
2016-02-07,Indonesia,0.9265650784507186,6.283630002391044,2.8548917325226,0.6138923701044646
2016-02-14,Indonesia,0.8744837488347263,6.3037915484,2.8488781957984637,0.5719470693706178
2016-02-21,Indonesia,0.9221673868508785,6.301902276806259,2.8532253737709934,0.6802557148549622
2016-02-28,Indonesia,0.929554444450785,6.323528059780177,2.784351839430095,0.7308353087511321
2016-03-06,Indonesia,1.0034398516477125,6.340544180409356,2.7719541037664737,0.931253541871355
2016-03-13,Indonesia,1.0364112592863823,6.41028579735136,2.8013594174318133,0.988714407170683
2016-03-20,Indonesia,1.07373950891876,6.416888210904471,2.813624002085761,1.1916927424832284
2016-03-27,Indonesia,1.012220706301921,6.364407584546643,2.818981371994954,1.178099418876756
2016-04-03,Indonesia,1.0350151037447433,6.399843718179219,2.8433415784058167,1.0852903073722076
2016-04-10,Indonesia,1.0092826649595983,6.408377943448763,2.808915753507008,1.1050159248742015
2016-04-17,Indonesia,1.0338334033996024,6.409489805422167,2.90695833679564,0.9651666891808188
2016-04-24,Indonesia,1.0588865523964308,6.411173772697157,2.9200257018105087,1.3380006158355895
2016-05-01,Indonesia,1.0573235562115355,6.415639617874547,2.926080585189426,1.312473243256364
2016-05-08,Indonesia,1.0536165807969737,6.459882206365594,2.895475024449441,1.3312172430753353
2016-05-15,Indonesia,1.0710314940279224,6.427921262874093,2.9024809476547264,1.365193419755623
2016-05-22,Indonesia,1.0482596316101536,6.1910895637893795,2.847050132196308,1.3993088593523744
2016-05-29,Indonesia,1.0585424154466916,6.204994184989873,2.8520526323408353,1.6407954119459596
2016-06-05,Indonesia,1.0502679186179689,6.071006095325646,2.8645422394700484,1.868319822700246
2016-06-12,Indonesia,1.0563249338279896,6.009551887988467,2.88237585069012,1.5844609310968238
2016-06-19,Indonesia,1.032713990367073,6.009043569575113,2.8395810409322673,1.507562369712768
2016-06-26,Indonesia,1.0403402548012464,6.00471798394406,2.8454892759904125,1.403920361314839
2016-07-03,Indonesia,1.0588552607335286,6.015585185690287,2.814402862517136,1.7376096108479104
2016-07-10,Indonesia,1.0754010149790703,6.014592012612927,2.795649692428799,1.4353731444330895
2016-07-17,Indonesia,1.1825790875079685,6.0195635616414,2.801623647448489,1.707593724678747
2016-07-24,Indonesia,1.1516174232899838,6.0353740437046435,2.7993490361618507,1.5718454614834512
2016-07-31,Indonesia,1.148042415267423,6.0548638209073,2.782390227274902,1.4542485843699695
2016-08-07,Indonesia,1.178736047875197,6.048879372798181,2.835399220268307,1.4109031764093023
2016-08-14,Indonesia,1.2127829238508934,6.152871584399637,2.854004121526361,1.6166198394735471
2016-08-21,Indonesia,1.2500791416330008,6.163702982055808,2.8714779020021783,1.7925528211751138
2016-08-28,Indonesia,1.2106205449782583,6.150692736000524,2.8752485359860485,1.7082287418581692
2016-09-04,Indonesia,1.1956674844167865,6.198712004685949,2.8627239759154692,1.565336963216145
2016-09-11,Indonesia,1.254049086456397,6.263616560152091,2.9299150303929133,1.5217059567876794
2016-09-18,Indonesia,1.2132858609651718,6.237617699945407,2.8967640199046474,1.5053686630406025
2016-09-25,Indonesia,1.215805983046053,6.394378039109798,2.943483358095286,1.3106731510233425
2016-10-02,Indonesia,1.1817644027834255,6.402711475287448,2.88430614138678,1.5489904477110672
2016-10-09,Indonesia,1.1954033295612003,9.524495309867028,3.562513373974782,1.7100280480276744
2016-10-16,Indonesia,1.1861822930876254,9.525663847811964,3.604312450497621,1.7702809144154
2016-10-23,Indonesia,1.1878601176916268,9.606094456107805,3.613640356714406,1.9820626133623072
2016-10-30,Indonesia,1.1788097570314042,9.700582714087233,3.628191482945419,1.6307706429739044
2016-11-06,Indonesia,1.156924020059672,9.709565076720718,3.556920518567962,1.3321088125492409
2016-11-13,Indonesia,1.0836350006959794,9.305388316367388,3.5230309685325523,1.2306376792862035
2016-11-20,Indonesia,1.0749533236319526,9.109683834528091,3.523598901771879,1.16143545524801
2016-11-27,Indonesia,1.1017056791375286,9.103368288999686,3.5279291669011643,0.9108073990887776
2016-12-04,Indonesia,1.1057597533339512,9.065015124961226,3.4542607118592694,1.7989308918995723
2016-12-11,Indonesia,1.1662424962397124,9.162104692825258,3.6497492923351023,1.839480069502751
2016-12-18,Indonesia,1.1419246593895918,9.074812608457805,3.671502367933333,2.2863440345083266
2016-12-25,Indonesia,1.1574961884864665,9.349904808221924,3.669500532239276,2.2204379043621585
2017-01-01,Indonesia,1.1635316254446773,10.85742157212796,3.6874538482908545,2.137650986888777
2017-01-08,Indonesia,1.1948376159831149,7.3541155337675725,3.514735729259362,1.7757666757890695
2017-01-15,Indonesia,1.1784412875506292,7.382211070780444,3.597320060748085,1.764353408409571
2017-01-22,Indonesia,1.193971067576018,7.34721414119371,3.583680160026197,1.8635177687514952
2017-01-29,Indonesia,1.2002113022707954,7.358131092410268,3.5924449208680493,1.8276513837947137
2017-02-05,Indonesia,1.2066989822979952,7.361890740131024,3.6822926412624746,1.951887839072643
2017-02-12,Indonesia,1.238064165736152,7.408755912145154,3.723294523120153,2.0888854606884766
2017-02-19,Indonesia,1.2420862889569726,7.403977765815644,3.7265925809824223,2.179901809184307
2017-02-26,Indonesia,1.2836172065754188,7.412882404245748,4.022986838501403,2.1458915384491615
2017-03-05,Indonesia,1.2793441138445545,7.372824470236545,3.998266846770173,2.1602478573731094
2017-03-12,Indonesia,1.2497527449236459,7.366025405602198,4.041351288346914,1.5864173215547523
2017-03-19,Indonesia,1.3046902606319248,7.370969378543888,4.069509711767481,2.0130244278146483
2017-03-26,Indonesia,1.2702891221543338,7.431480640371693,4.135239499930631,1.7559614001527797
2017-04-02,Indonesia,1.2848614658806528,7.455017684112988,4.125587547352749,2.001970111341139
2017-04-09,Indonesia,1.2683164515755445,7.467472136298193,4.374340829653056,2.045277825825426
2017-04-16,Indonesia,1.2422880112448378,7.4722311192028465,4.368934044895617,2.0581086975678184
2017-04-23,Indonesia,1.2530237079267725,7.467921362289504,4.316771627452668,1.8559615451721765
2017-04-30,Indonesia,1.2869690524807016,7.444336607261524,4.328200187522114,1.9598686918502817
2017-05-07,Indonesia,1.284818522258564,7.449637225231873,4.38729912808942,1.62099362662451
2017-05-14,Indonesia,1.2774724548356708,7.480887329118793,4.396008851433359,1.627160199728333
2017-05-21,Indonesia,1.2773450295661113,7.8586576840834494,4.508551951070816,1.896828258669508
2017-05-28,Indonesia,1.2931576571821957,7.855676617773776,4.455911972257887,1.8759460802674812
2017-06-04,Indonesia,1.3048672008393614,7.865673830256233,4.554114735474838,1.9058871832268
2017-06-11,Indonesia,1.319131224503132,8.090997503218851,4.608342778280089,1.8953905549219912
2017-06-18,Indonesia,1.3369963802862055,8.087216126495282,4.687951307817402,2.2576008596135044
2017-06-25,Indonesia,1.32017156012358,8.080259925926027,4.693201094387673,1.9382569754694696
2017-07-02,Indonesia,1.32017156012358,8.073894530688632,4.711437846924241,2.1847013467575023
2017-07-09,Indonesia,1.2961642195636305,7.3148680254781695,4.642006156128917,1.642194370351841
2017-07-16,Indonesia,1.3268594305756374,7.317938731990865,4.676714707150696,1.844591182894304
2017-07-23,Indonesia,1.3308035742286788,7.326501301800056,4.694801466415858,1.922867750433399
2017-07-30,Indonesia,1.3508385383162778,7.325353190266711,4.743108789412185,1.8763309742970489
2017-08-06,Indonesia,1.3578467828998106,7.360247371536053,4.814727842031217,1.9853256128757273
2017-08-13,Indonesia,1.3257172695137232,7.351911711397652,4.819401567912252,1.9904307936292336
2017-08-20,Indonesia,1.3490863162884146,7.356338986155293,4.7464792491696635,2.055883655209688
2017-08-27,Indonesia,1.3756797279356603,7.374865145045747,4.720069515670983,1.9547119781338265
2017-09-03,Indonesia,1.4041333250589643,7.376517939439073,4.699110194619203,1.9546821428355856
2017-09-10,Indonesia,1.4003340915507299,7.402042974689893,4.6854838009825945,1.935835454623833
2017-09-17,Indonesia,1.426030228978651,7.385165223202926,4.758130881242048,2.146477828012729
2017-09-24,Indonesia,1.3941193182701825,7.37099457450436,4.829218672259531,2.157500677865996
2017-10-01,Indonesia,1.3793356259813105,7.280395983723267,4.957618213524871,2.097893079618175
2017-10-08,Indonesia,1.4047515514085995,7.271965303603733,5.017403267666379,2.041626528373307
2017-10-15,Indonesia,1.4091998435724642,7.277217334814646,5.0681290136712285,2.190392722120579
2017-10-22,Indonesia,1.41887541402459,7.264702662693649,5.087843339125857,2.219596683383638
2017-10-29,Indonesia,1.436618653669053,7.232522781837877,5.089635197575305,2.2149127791386847
2017-11-05,Indonesia,1.4352650444332926,7.227022949688812,5.221525534162533,2.2176626481746227
2017-11-12,Indonesia,1.3891200617384971,7.394502937615496,5.493852382995319,1.91005029698468
2017-11-19,Indonesia,1.410498782340256,7.464284268824477,5.440721582225857,2.093774581713903
2017-11-26,Indonesia,1.4195081393232025,7.506188191563069,5.486493504384217,2.102915566616113
2017-12-03,Indonesia,1.438627413204412,7.554826044936155,5.929964306483096,2.24904294176564
2017-12-10,Indonesia,1.4319744043074818,7.597256381408791,5.8313409311481665,2.2520356418464913
2017-12-17,Indonesia,1.4500962857881368,7.602000323835319,5.837941769437359,2.2550695639814347
2017-12-24,Indonesia,1.4772637393547208,7.607524730882869,5.820855079730623,2.258374542251125
2017-12-31,Indonesia,1.4780162990509915,7.601011446547588,5.835285205177773,2.2543030309793104
2018-01-07,Indonesia,1.5066537871503387,7.058150588416873,5.540245722529497,2.2340253487221764
2018-01-14,Indonesia,1.526459182067536,7.064466179947711,5.548780674453489,2.1400779765774174
2018-01-21,Indonesia,1.511590660026105,7.086307820507955,5.58049719172426,2.349463189090005
2018-01-28,Indonesia,1.5236433380948893,7.088621931025469,5.639040522596953,2.2514104033447726
2018-02-04,Indonesia,1.5159513789317023,6.960779656782727,5.552519882089976,2.086299290235269
2018-02-11,Indonesia,1.431329137578007,6.869484483425637,5.519593035740786,1.6184215800360455
2018-02-18,Indonesia,1.4685882852468544,6.87102876869874,5.523877505913183,1.8168444036696556
2018-02-25,Indonesia,1.4684742490208662,6.82518563474765,5.470589768466379,1.9981537244432828
2018-03-04,Indonesia,1.4728246476163083,6.8395884496418935,5.474983502286223,1.8752855155628856
2018-03-11,Indonesia,1.4636445962524962,6.840999790936449,5.479929584075817,1.8685606065809253
2018-03-18,Indonesia,1.4573936734833899,6.845365875671723,5.479011460973868,1.9992974573395743
2018-03-25,Indonesia,1.375926098306003,6.8443293919423835,5.482933127012287,1.7708737652342343
2018-04-01,Indonesia,1.390479642290391,6.843125152624016,5.498855229646554,1.7693688333755304
2018-04-08,Indonesia,1.3966590709787,6.846673163876283,5.543669134725299,1.9607323911844776
2018-04-15,Indonesia,1.4168234051622577,6.858913429667652,5.536891288860164,1.7008615120380313
2018-04-22,Indonesia,1.41493511332599,6.7723709821376685,5.459577253762525,1.6472266934596502
2018-04-29,Indonesia,1.3771099834542837,6.77473437221225,5.466838858606443,1.8849771614254511
2018-05-06,Indonesia,1.3207149908638804,6.757411197032164,5.443108312622266,1.945481143305107
2018-05-13,Indonesia,1.3409082930441052,6.750005395154474,5.448344948095904,1.973927616097586
2018-05-20,Indonesia,1.288305827311722,6.638320409744554,5.343667042953888,1.9843101057943295
2018-05-27,Indonesia,1.3239849439642393,6.638770031644303,5.3716686016523685,1.8026278172313177
2018-06-03,Indonesia,1.3031881528445735,6.866459478977174,5.481419632151779,1.784946881347698
2018-06-10,Indonesia,1.2759025458777042,6.857126430765192,5.525717148836423,1.8556954647567456
2018-06-17,Indonesia,1.2810074148652397,6.851664615157523,5.54669656344649,1.8481182317062117
2018-06-24,Indonesia,1.2534746858010761,6.806146639127507,5.475340111835635,1.9915997729605168
2018-07-01,Indonesia,1.2358619305568246,6.6830106918564605,5.519457796903105,1.834160966488891
2018-07-08,Indonesia,1.2417636558580942,6.832696215773819,5.2020565632261135,1.5837999617331444
2018-07-15,Indonesia,1.3106880051895184,6.83894150394558,5.156056023484523,1.61959375416169
2018-07-22,Indonesia,1.3226659422378875,6.804625859940202,5.107433806977905,1.7102301850638562
2018-07-29,Indonesia,1.3721913454366708,6.804373606584218,5.183682784344446,1.7906449891274956
2018-08-05,Indonesia,1.32375734278523,6.797160616245591,5.180319027883068,1.745303984101815
2018-08-12,Indonesia,1.3159749580864242,6.7980222309671055,5.171464148300363,1.7595275166858328
2018-08-19,Indonesia,1.3007653766696627,6.751580791502337,5.203740794427783,1.7236809046334085
2018-08-26,Indonesia,1.3093505156850003,6.750532029299941,5.294001740415726,1.8973089895069304
2018-09-02,Indonesia,1.2900346190815764,6.729039294101947,5.315025971326801,1.7577135212470218
2018-09-09,Indonesia,1.2198181082404926,6.739379251417906,5.51375190338007,1.660958488763402
2018-09-16,Indonesia,1.2489374301729936,6.746339020523057,5.50943700686037,1.6379019713777854
2018-09-23,Indonesia,1.2553226872121692,6.748031301397933,5.535779598935152,1.6520647700655635
2018-09-30,Indonesia,1.270541364163912,6.7708151292047045,5.528146463182106,1.603096809561317
2018-10-14,Indonesia,1.2088877409223602,6.6038545092088965,5.4570494525636475,1.5003546158927688
2018-10-21,Indonesia,1.1987692561130054,6.603965277109344,5.45754119734525,1.521384881274209
2018-11-04,Indonesia,1.1906653514644454,6.597317051947049,5.349991028095853,1.2552109577032389
2018-11-11,Indonesia,1.2195447081963193,6.530306595440764,5.349569665684861,1.1260917365043956
2018-11-18,Indonesia,1.204669923645179,6.52054064775003,5.301014464986405,0.8854315250457845
2018-11-25,Indonesia,1.1823568081199842,6.519335339039272,5.259818185588274,0.2694393747371698
2018-12-02,Indonesia,1.2222051410107324,6.509761753584581,5.333712071879303,0.4273371320148156
2018-12-09,Indonesia,1.2241285319463575,6.507659834420048,5.16557762222805,0.9301263504184994
2018-12-16,Indonesia,1.2454425401034424,6.484550462726102,5.004080967018634,0.8983367247901245
2018-12-23,Indonesia,1.2289406030816286,6.483318136570419,4.998629272284519,0.59052092177564
2018-12-30,Indonesia,1.2355421883506037,6.485012612178333,5.0066775015670775,0.5572114087738578
2019-01-06,Indonesia,1.2183352222227268,6.608613152777522,5.017570514807203,0.5600842350269081
2019-01-13,Indonesia,1.2797702122953183,6.569487937415284,4.907380713464013,0.937019613295415
2019-01-27,Indonesia,1.3214856125441776,6.523510372616544,4.919674327970262,1.2033099796342812
2019-02-03,Indonesia,1.3509333866401443,6.584928946491355,4.951662032397706,1.2976517747762966
2019-02-10,Indonesia,1.328095179794716,6.6402072737332505,4.958650867891188,1.3433447010810962
2019-02-17,Indonesia,1.3416560612512616,6.563437541336354,4.946089389464262,1.5097210873835154
2019-02-24,Indonesia,1.3601996700104257,6.589077732541312,4.97171421513345,1.4943330436480546
2019-03-03,Indonesia,1.4079552973938951,6.588283951981165,4.9724322713418525,1.4661783873110052
2019-03-10,Indonesia,1.3903788339612386,6.515219919504285,4.941118399976398,1.4800533762624877
2019-03-17,Indonesia,1.4162458311085224,6.51739826159764,4.9416392351743035,1.717756517695504
2019-03-24,Indonesia,1.4019229147313261,6.504998544481524,4.9673612431310055,1.6301712085326807
2019-03-31,Indonesia,1.3859087827687095,6.497139090411581,4.937638280129552,1.6953257180530548
2019-04-07,Indonesia,1.4168234051622577,6.4804603963310115,4.944738244275009,1.94704242440654
2019-04-14,Indonesia,1.4151970405834133,6.4843582984892505,4.973161273183331,1.821273722071955
2019-04-21,Indonesia,1.4482161687106097,6.5523913400859914,5.053903687970234,1.82729228637967
2019-04-28,Indonesia,1.4245928223913895,6.511551014080368,5.061366582597853,1.4430822018624785
2019-05-05,Indonesia,1.423264748120999,6.4425197148829385,4.944885314892866,1.7010396912398311
2019-05-12,Indonesia,1.3912866786722304,6.439043431123256,4.938183681742635,1.509527688294835
2019-05-19,Indonesia,1.3808733174595806,6.493625137835474,5.017143167420653,1.7143366190980225
2019-05-26,Indonesia,1.3656583143359378,6.501889448447458,4.973521644020993,1.480792935245014
2019-06-02,Indonesia,1.3412820709364248,6.572774477875732,4.8684154204588115,0.8564645817099388
2019-06-09,Indonesia,1.372779613991509,6.489157399029212,4.4897747443422835,1.0827364316223114
2019-06-16,Indonesia,1.3914381108995877,6.474503339488778,4.4906924176002345,0.899615607723706
2019-06-23,Indonesia,1.4476642673910978,6.481280479102499,4.519903185579001,0.9469594615940892
2019-06-30,Indonesia,1.453873528240351,6.593872909299362,4.508831046886424,1.0659431090334757
2019-07-07,Indonesia,1.4812688916603727,6.892035757991031,4.572721047253998,1.2885235607432362
2019-07-14,Indonesia,1.482201367815008,6.9050583383122,4.59881081817878,1.5504843106212454
2019-07-21,Indonesia,1.4860042152755775,6.957646205679665,4.635842607357727,1.2979725324068538
2019-07-28,Indonesia,1.5285325274254504,6.905505284404059,4.632648770103513,1.4316915178113718
2019-08-04,Indonesia,1.4628527179715134,6.893435940544931,4.6421090509806655,1.2446197810518005
2019-08-11,Indonesia,1.4397158797512284,6.898201048686832,4.609581719189009,1.2702758386548738
2019-08-18,Indonesia,1.4206169306056646,6.954774112773034,4.628880502305446,1.2767163587759038
2019-08-25,Indonesia,1.4540964916344012,6.962372272937128,4.642400305404408,1.267964535233205
2019-09-01,Indonesia,1.4591892478592694,6.996113165730221,4.622805321461752,1.4400623165938555
2019-09-08,Indonesia,1.5233312763903495,7.070911724053756,4.591042137453485,1.390276665217719
2019-09-15,Indonesia,1.539392194978155,7.079698698114703,4.6004191570808795,1.268036012467652
2019-09-22,Indonesia,1.471791464375571,7.058899022575903,4.550294230243754,1.0872687248984876
2019-09-29,Indonesia,1.4586837029101822,7.071270174528133,4.490113515447936,1.0874033419290614
2019-10-06,Indonesia,1.4420078212843586,7.312819193519344,4.427916645530252,1.0799624256888698
2019-10-13,Indonesia,1.4668222533939947,7.297286506722856,4.4472612113913845,1.0596948063958609
2019-10-20,Indonesia,1.5002531736005533,7.307190211795314,4.455985987688968,1.2193535657806047
2019-10-27,Indonesia,1.5234560193001885,7.323345196848341,4.543022484118556,1.323893679509679
2019-11-03,Indonesia,1.5400334560084206,7.367821169840641,4.518057354397585,1.3448039616060623
2019-11-10,Indonesia,1.570097411016229,7.425576913422592,4.504581607740351,1.5149642292680563
2019-11-17,Indonesia,1.560658388599632,7.415711771490248,4.527705146029745,1.452675579024355
2019-11-24,Indonesia,1.547132292618401,7.402889071006023,4.566907596407692,1.452449744175565
2019-12-01,Indonesia,1.555829852042054,7.440273987520347,4.5766384731523875,1.2077662917611631
2019-12-08,Indonesia,1.5576112185247233,7.305747684145736,4.704784380429137,1.7245825257228025
2019-12-15,Indonesia,1.5974462828447655,7.366105488259374,4.866015885105192,1.9706451889268417
2019-12-22,Indonesia,1.6240652062130523,7.368687323856378,4.896253773238924,2.070139416411449
2019-12-29,Indonesia,1.6307664219569593,7.373673547721254,4.913826594947518,2.105821167611202
2020-01-05,Indonesia,1.624583689351457,4.37865792147281,3.8389750310146473,1.32685270216333
2020-01-12,Indonesia,1.6354286812539345,4.398053860186455,3.8869655329020794,1.434729975192476
2020-01-19,Indonesia,1.6558745639077137,4.4270450679570175,3.886239143829619,1.5567396135346372
2020-01-26,Indonesia,1.6288224243686495,4.433523176348076,3.883007018200091,1.2194758787095508
2020-02-02,Indonesia,1.6127040101919239,4.430146230126774,3.817546013574632,0.9447975240766526
2020-02-09,Indonesia,1.6270338531814543,4.4190223085468485,3.4881550456595205,1.0583255470482875
2020-02-16,Indonesia,1.6489515841045954,4.446232931849228,3.504404138144066,1.1339995169684631
2020-02-23,Indonesia,1.6537654305694622,4.4353959983397555,3.5137909430289924,1.132213415946125
2020-03-01,Indonesia,1.4423359260830364,4.369253352718798,3.351738845701772,0.5376794436720328
2020-03-08,Indonesia,1.3966590709787,4.3538332024062845,3.2936277735460084,0.3129901447396535
2020-03-15,Indonesia,1.0816969987783727,4.169608019420065,2.103650157372895,0.2331807592001499
2020-03-22,Indonesia,0.9084445310688619,3.7903160544365626,1.865805277526828,0.1807227386174939
2020-03-29,Indonesia,1.0393027381521238,3.768338231601894,1.4953705969423907,0.1705786538379486
2020-04-05,Indonesia,0.8878442613615495,3.713651157351374,1.0435382350875506,0.1401459307122086
2020-04-12,Indonesia,1.0108090519515422,3.695394840753716,1.0060870020463708,0.1699499365865872
2020-04-19,Indonesia,1.0393942269153809,3.686534780424685,0.9612475286881385,0.1824153996910449
2020-04-26,Indonesia,0.9704733568963241,3.695688025620079,0.7929354129224031,0.1982936998850708
2020-05-03,Indonesia,0.9907384102342968,3.7173083888362215,0.6752236733932424,0.1593777240464802
2020-05-10,Indonesia,1.0067356205228257,3.715312377233852,0.6830819068803734,0.1506997590295902
2020-05-17,Indonesia,1.0187537365956798,3.726491909104832,0.6796676360221146,0.1470633712168857
2020-05-24,Indonesia,1.0966527008102032,3.7343848267624153,0.6885904862206893,0.1512498362988973
2020-05-31,Indonesia,1.14624391414497,3.7466831912645224,0.6753545914260349,0.1904904124952552
2020-06-07,Indonesia,1.2888239999579196,3.7050258716763023,0.6629166204431769,0.2672401142099268
2020-06-14,Indonesia,1.2535567136153207,3.663015421339354,0.6444434601520006,0.1985640002383306
2020-06-21,Indonesia,1.2933750732961102,3.669012377619484,0.6564447167130917,0.3328195478606355
2020-06-28,Indonesia,1.2688967470215387,3.6526504058516496,0.6490380724583079,0.2516890711091549
2020-07-05,Indonesia,1.2972568785986975,3.5802920640593197,0.6397916431581288,0.2025546468987173
2020-07-12,Indonesia,1.293201134790087,3.5858701239155497,0.6397449733046574,0.4790676471141884
2020-07-19,Indonesia,1.282674809848802,3.5472316114863554,0.6316611524500763,0.7754234452288684
2020-07-26,Indonesia,1.32457707266479,3.5584014620769664,0.6266291642002726,0.6999776678784082
2020-08-02,Indonesia,1.3254557631733914,3.5649819071013265,0.6270932574361682,0.6304512123251028
2020-08-09,Indonesia,1.354500155048442,3.561718131997502,0.6292681027507141,0.9067809516080456
2020-08-16,Indonesia,1.3798808395585076,3.540937300431918,0.6232601645166878,0.9991258549553392
2020-08-23,Indonesia,1.3898750293101674,3.542771338705822,0.6207312665147419,1.06959924362391
2020-08-30,Indonesia,1.4166657803253582,3.5511682534034135,0.6259768046528341,1.1656434481190758
2020-09-06,Indonesia,1.4748959800299604,3.546077464867271,0.6180185317160001,0.6753143444305565
2020-09-13,Indonesia,1.4438693562342508,3.5284705194391663,0.6076663096753908,0.4778993275022519
2020-09-20,Indonesia,1.4452965685055428,3.5393368094566813,0.6215342956331595,0.8652500871605853
2020-09-27,Indonesia,1.315929976793781,3.525906347677099,0.6180896803155567,0.7621056294628201
2020-10-04,Indonesia,1.335836589556251,3.531097414801707,0.6169704714457701,0.3669031788968894
2020-10-11,Indonesia,1.429450662954723,3.5414236474644976,0.6269027782506913,0.7536888003676273
2020-10-18,Indonesia,1.4256572402415646,3.5424474961783425,0.6298888180203549,0.6944237444763642
2020-10-25,Indonesia,1.4336445477881468,3.5455619184008813,0.630678319586332,0.6216287160903377
2020-11-01,Indonesia,1.4092516983830836,3.547191546446423,0.6116645889171887,0.1963764850019514
2020-11-08,Indonesia,1.488297179274224,3.542913210282015,0.6252980967921706,0.4136390338961454
2020-11-15,Indonesia,1.5356229702729163,3.547514047008736,0.6351444368586429,0.6078169135098594
2020-11-22,Indonesia,1.5227699092524498,3.5496947737958804,0.6435417488110174,0.7507392942411195
2020-11-29,Indonesia,1.5630540316495276,3.5577595735456256,0.6519161702154663,0.6782387229105226
2020-12-06,Indonesia,1.5802387479523037,3.5806557943117214,0.6639344184625724,1.1645801538461351
2020-12-13,Indonesia,1.5802387479523037,3.5827486919491767,0.6661587434434718,1.1125365072250408
2020-12-20,Indonesia,1.5939921062267028,3.579756524056328,0.6648259472662839,1.2239845085536638
2020-12-27,Indonesia,1.594062394221015,3.5670422194243403,0.6593407607842933,1.2148653503637203
2021-01-03,Indonesia,1.6009919625845073,4.850606555455887,0.748089544997211,1.0326771799472598
2021-01-10,Indonesia,1.597516917517398,4.864242655121991,0.7589776399326575,1.058607107473967
2021-01-17,Indonesia,1.5603263490758315,4.865785421382031,0.7483304423248311,0.8944283612789752
2021-01-24,Indonesia,1.5603927952186767,4.863929463616114,0.7531382501998607,1.076017143435528
2021-01-31,Indonesia,1.5411249405265717,4.8650873619617805,0.7607280460938811,0.9013948399507729
2021-02-07,Indonesia,1.5838888045572201,4.872509790289657,0.7796569306285615,1.136689508654112
2021-02-14,Indonesia,1.5942029955980328,4.8787165811490185,0.7870481694281185,1.1768497980003134
2021-02-21,Indonesia,1.5960339021253207,4.862745453102436,0.7838318852566207,0.9997607416549072
2021-02-28,Indonesia,1.5379839728942575,4.860124636726512,0.7953097677951102,0.7887899225484223
2021-03-07,Indonesia,1.5255816691961035,4.987923166747955,0.7964439988986239,1.036716159680929
2021-03-14,Indonesia,1.5163829454309714,5.155561359588418,0.9591710854650196,0.987270356036936
2021-03-21,Indonesia,1.541060737139531,5.837526866282961,1.009285482459051,0.7123773881491776
2021-03-28,Indonesia,1.4807449938838786,5.876044143654332,1.1674439011072248,0.6930156483317588
2021-04-04,Indonesia,1.4721929730153327,6.005927269113542,1.6532078405587345,0.9205752478129796
2021-04-11,Indonesia,1.486473822572601,6.161257583575346,1.6829006443363324,0.9581657388107228
2021-04-18,Indonesia,1.5070788510150288,6.308988859270751,1.7413391407294376,1.2682100160776248
2021-04-25,Indonesia,1.516074608229131,6.314049221955247,2.0508605096275176,0.9818635980104756
2021-05-02,Indonesia,1.5314345486474452,6.424670745515985,2.794024047363888,1.00311716707416
2021-05-09,Indonesia,1.5344143242910304,6.399665530268262,2.8274557595733225,1.1212988189854127
2021-05-16,Indonesia,1.519103107079812,6.4087432937453865,3.12138572638084,1.185694255172884
2021-05-23,Indonesia,1.5222091259119488,6.358770779173878,3.101163189404663,1.0370814558382022
2021-05-30,Indonesia,1.541060737139531,6.369820436253285,3.175774408880825,1.3312525224592515
2021-06-06,Indonesia,1.5441533991378864,6.931210916257185,4.235159805483679,1.3996622320702063
2021-06-13,Indonesia,1.5603927952186767,7.062309946862491,4.367835554070317,1.3650010772715542
2021-06-20,Indonesia,1.5521522939600005,6.941763179352128,4.50087544318638,1.266992109612828
2021-06-27,Indonesia,1.5536599310683628,6.956208744210628,4.538139315517192,1.4103382663538973
2021-07-04,Indonesia,1.5536599310683628,7.212765939688521,4.62769145225065,1.3649573067833645
2021-07-11,Indonesia,1.525456360751776,7.214963314162948,4.637810869064562,1.1475194369894044
2021-07-18,Indonesia,1.5285324644885363,7.356192184957517,4.632340359759346,1.1436506360939898
2021-07-25,Indonesia,1.5192890187857406,7.357864757305717,4.671958221146894,1.3039963614606558
2021-08-01,Indonesia,1.510123695652974,7.362132245446947,4.68080578414119,1.3735809929241585
2021-08-08,Indonesia,1.5193510020581975,7.377852420387818,4.53855480890814,1.0378158125524106
2021-08-15,Indonesia,1.548952837183741,7.435165699286187,4.56091641342247,1.196995161085429
2021-08-22,Indonesia,1.5521522939600005,7.413310104466378,4.559962719939993,0.972014888856172
2021-08-29,Indonesia,1.5668672357109692,7.437157425227554,4.5684808379240955,1.2452673353639565
2021-09-05,Indonesia,1.6011343166502228,7.430161439413681,4.63651585841314,1.1965906079830595
2021-09-12,Indonesia,1.6012054000042522,7.499823752747062,4.734859298496677,1.3812361034634415
2021-09-19,Indonesia,1.5872835095466966,7.507748603785052,4.8688464688631345,1.44981089077714
2021-09-26,Indonesia,1.5221467865152172,7.54161570715084,4.705396730419851,1.3494159812060955
2021-10-03,Indonesia,1.5040491746095177,7.514839714271289,4.7260534442443705,1.169918197590475
2021-10-10,Indonesia,1.4807449938838786,7.5394105649867775,4.83330107705455,1.1475667299021943
2021-10-17,Indonesia,1.477958314846419,7.547140130752983,4.84655524997543,1.3642994950472245
2021-10-24,Indonesia,1.4952281536463423,7.519637153537128,4.861556325710465,1.2096983173394529
2021-10-31,Indonesia,1.5101848095124835,7.491789852538933,5.048942381475237,1.1526602999104172
2021-11-07,Indonesia,1.4982142187353102,7.747167405310704,5.163550464516485,1.166139220393634
2021-11-14,Indonesia,1.4923159466112557,7.7552900048011235,5.28498329879125,1.2599941284812313
2021-11-21,Indonesia,1.5280291795945735,7.751122547180007,5.2799190368329745,1.2067255714407368
2021-11-28,Indonesia,1.4719635321680733,7.718913278451395,5.263029608479827,0.3848228967376912
2021-12-05,Indonesia,1.4693875272398793,7.879979737954083,5.455962343429798,0.5286255419441156
2021-12-12,Indonesia,1.519103107079812,7.883739051121895,5.46556412471255,0.9769816123831156
2021-12-19,Indonesia,1.5376005498092111,7.887234075096263,5.475716036667597,0.9024770380974008
2021-12-26,Indonesia,1.5314345486474452,7.9239230730016095,5.474142024014768,1.086727574540299
2022-01-02,Indonesia,1.547197216506061,16.33667044546725,7.495595220513932,1.108946824591876
2022-01-09,Indonesia,1.534604957915724,9.568535384706664,6.577880519331398,1.3404764012223973
2022-01-16,Indonesia,1.4923751830407361,9.570300236752594,6.7120300048736645,1.1347569854293595
2022-01-23,Indonesia,1.475011322025554,9.512894069959422,6.711247232029248,1.0656248886481838
2022-01-30,Indonesia,1.461102801424801,9.35975804739236,6.75790940165798,0.8533653210882374
2022-02-06,Indonesia,1.4555473373553853,9.264154783948142,6.74363383996099,0.970054154825257
2022-02-13,Indonesia,1.4312215946194593,9.209496335374704,6.770277995568002,0.8308815846822395
2022-02-20,Indonesia,1.4207754349963169,9.257871546098617,6.794646763845084,0.6933583741092109
2022-02-27,Indonesia,1.3708207905546888,9.34440516931214,6.655627204726943,0.759182097470503
2022-03-06,Indonesia,1.3382512496927423,9.296834342007738,6.23847950216341,0.4277537344155623
2022-03-13,Indonesia,1.3473859348083976,9.321866594146938,6.282536264711204,0.4660846213584708
2022-03-20,Indonesia,1.4580663718982336,9.268270439325937,6.0725418317536075,0.4518928361793745
2022-03-27,Indonesia,1.4259236383044578,8.966446616929643,5.958618735341764,0.4367883687597005
2022-04-03,Indonesia,1.4806286326657565,8.874399585251568,4.59693979276861,0.7950217056273801
2022-04-10,Indonesia,1.4755303681929097,8.855276667002114,4.480319516129333,0.8241437301098352
2022-04-17,Indonesia,1.415668729558499,8.854678720088808,4.415529919670193,0.8240542899173622
2022-04-24,Indonesia,1.3853084468743355,8.727517468452053,4.385268084652404,0.8704306371839261
2022-05-01,Indonesia,1.3285534504220824,8.627229024691392,4.398171594256069,0.8009319152706343
2022-05-08,Indonesia,1.2849473613077587,8.601327240334475,4.367272023945089,0.6515221471732737
2022-05-15,Indonesia,1.2681488281228315,8.583857355127389,4.351205491849825,0.7404256971792894
2022-05-22,Indonesia,1.2808366318709354,8.618515870467348,4.387489403071979,0.7506107379393758
2022-05-29,Indonesia,1.3707718956817487,8.612847149736018,4.423698163905148,0.8475207685411407
2022-06-05,Indonesia,1.3804761432653534,8.624868024782,4.410367940703861,0.93687872726028
2022-06-12,Indonesia,1.3516926681124142,8.20032322604766,4.248032775051639,1.0358895774643049
2022-06-19,Indonesia,1.253925960129201,7.780738812753532,4.056747842039899,0.7739591699829536
2022-06-26,Indonesia,1.259902502827643,7.783142081297119,4.038988222658173,0.845872130022794
2022-07-03,Indonesia,1.2286635981384224,7.773892877300438,4.043619592747822,0.8319301078844854
2022-07-10,Indonesia,1.2086954711619726,7.707596874380433,4.004661686502099,0.7405007549566438
2022-07-17,Indonesia,1.1477952970336653,7.66640099847508,3.9608293599919207,0.7413218839509687
2022-07-24,Indonesia,1.2367019571208688,7.665633067833904,3.9748424437943095,0.8667181974525472
2022-07-31,Indonesia,1.3287827047318583,7.6159097124250525,3.9765913141682865,0.9406836114446664
2022-08-07,Indonesia,1.3284617709202813,7.520494248360992,3.4922105572708864,0.8583074688316525
2022-08-14,Indonesia,1.385358453505509,7.4444621943138145,3.498561056285293,1.0524700816285342
2022-08-21,Indonesia,1.36101796486884,7.381722456697231,3.465596533653008,0.8138445863149206
2022-08-28,Indonesia,1.3804265136616551,7.375318331379272,3.4610114767521964,0.918209872373802
2022-09-11,Indonesia,1.3682831284310706,7.4068752218014975,3.369689253244314,0.8382476112381811
2022-09-18,Indonesia,1.3563625897092981,7.213031589991139,3.368651381851146,0.8623943561076903
2022-09-25,Indonesia,1.2204434252033192,7.130081917606097,3.377577078703367,0.7406353220665554
2022-10-02,Indonesia,1.1587493963242221,7.1049410326646205,3.3915251858034123,0.6057911923234903
2022-10-16,Indonesia,1.145469469156743,6.962336648362329,3.3402566660293505,0.8196572005218857
2022-10-23,Indonesia,1.148395588000315,6.869383237829678,3.336619337995542,0.903428929391481
2022-10-30,Indonesia,1.2285844741501242,6.853674905610524,3.340004118986224,0.8893008243515492
2022-11-06,Indonesia,1.220756294008921,6.434624915871575,3.227067577602518,0.7860801926178428
2022-11-13,Indonesia,1.3707718956817487,6.309984137814773,3.2274684288089626,1.0133835311043815
2022-11-20,Indonesia,1.3447966075071622,6.217642278043903,3.0241784369111224,0.8441277508714693
2022-11-27,Indonesia,1.4313828353075244,6.216003694958564,2.987874527029503,0.7084572418699536
2022-12-04,Indonesia,1.4585152791653573,5.876579352739139,2.97522162048186,1.0298169570583888
2022-12-11,Indonesia,1.3952863553453183,5.849337262338082,2.906607938510113,0.9731238207611992
2022-12-18,Indonesia,1.415668729558499,5.845820387244048,2.903513306637772,1.1634033399369352
2022-12-25,Indonesia,1.3977797579988875,5.8674648532553535,2.931987990716286,1.209866199628216
2023-01-01,Indonesia,1.415668729558499,5.8666766673438255,2.935083678842086,1.2059056925553338
2023-01-08,Indonesia,1.4208811618704456,6.6774778207323875,3.0916227294457697,1.0876052764655693
2023-01-15,Indonesia,1.4585714153486915,6.4058581745600005,3.046164058357889,1.3535542961906677
2023-01-22,Indonesia,1.4755303681929097,6.401602721634368,3.048907511657021,1.380443145226621
2023-01-29,Indonesia,1.4928497556322178,6.413998533921638,3.0560484317811505,1.3474995229211368
2023-02-05,Indonesia,1.5290361704435047,6.407568815245766,3.0269353825605663,1.2530044366527056
2023-02-12,Indonesia,1.4698447006150368,6.29838793057957,3.025309721004806,1.4117806305332137
2023-02-19,Indonesia,1.4341302588929812,6.28058502040766,2.995003675098392,1.3907495321361054
2023-02-26,Indonesia,1.439497981011467,6.27911753036399,3.03217214336463,1.3214859636613547
2023-03-05,Indonesia,1.4530382776706172,6.338750687666331,3.1463991799495052,1.448349358068855
2023-03-12,Indonesia,1.410498782340256,6.330796163305519,3.139386996699165,1.3561852165548736
2023-03-19,Indonesia,1.3977797579988875,6.01612983515088,3.166033803821008,0.8005218720411753
2023-03-26,Indonesia,1.3427793095313647,6.062497907302629,3.2249308759948456,0.909778965108086
2023-04-02,Indonesia,1.4313828353075244,6.129869023976812,3.589072984982674,1.2260506363517054
2023-04-09,Indonesia,1.4502070018611581,6.0633844911845785,3.5257823953952476,1.3227307614237247
2023-04-16,Indonesia,1.4696160717225841,6.0640039722972885,3.6276215696996306,1.7902908381005256
2023-04-23,Indonesia,1.4340222367252744,6.052773499191532,3.5644005065798265,1.60346318000354
2023-04-30,Indonesia,1.4260835310583138,6.062154905347904,3.578107380815966,1.5924963614562064
2023-05-07,Indonesia,1.4053703770327857,6.101267401116911,3.5791187074391635,1.4278753263021702
2023-05-14,Indonesia,1.418022129806566,6.090820354782068,3.569606464463975,1.421110247638541
2023-05-21,Indonesia,1.4474986816118673,5.940112440051748,3.5493677115303264,1.470637709826388
2023-05-28,Indonesia,1.4556590250020087,5.913226145855989,3.569054163618046,1.4487978786523328
2023-06-04,Indonesia,1.4782480586130056,5.9224691612619065,3.569246057431927,1.2633078540968152
2023-06-11,Indonesia,1.4928497556322178,6.039861369911953,3.6284573579912585,1.6066409223894873
2023-06-18,Indonesia,1.4986933464239696,6.21362258393653,3.7028792522825857,1.636436659425235
2023-06-25,Indonesia,1.4724800230398767,6.203415072876403,3.7462463544879774,1.4865442272549756
2023-07-02,Indonesia,1.4698447006150368,6.199053704127037,3.7197700411951504,1.6011619162615998
2023-07-09,Indonesia,1.4669359859437905,6.152246436103986,3.668516948356513,1.4719803725402745
2023-07-16,Indonesia,1.5136749489481593,6.135066581646935,3.537755022728849,1.7839852945970711
2023-07-23,Indonesia,1.4986933464239696,6.1275641980562945,3.529198042169941,1.8001996345097913
2023-07-30,Indonesia,1.5415750717451662,6.161675689599238,3.5605281751203135,1.8077983388703656
2023-08-06,Indonesia,1.5261455349551716,6.194092588773544,3.996787866024742,1.888350451333684
2023-08-13,Indonesia,1.5107345000910264,6.25689604591445,4.007355036993522,1.882467048927615
2023-08-20,Indonesia,1.4530382776706172,6.271174377680468,3.996778264866357,1.8467519063960989
2023-08-27,Indonesia,1.4727097131188245,6.261616578273506,4.107977216029354,1.8122957423067827
2023-09-03,Indonesia,1.5168148197375777,6.271669914916344,4.161712906780234,1.947458817504489
2023-09-10,Indonesia,1.5168148197375777,6.249584418212687,4.1620554445172395,1.9576689639883684
2023-09-17,Indonesia,1.5324471973428884,6.357242019317803,4.164756790153078,1.9534538525554603
2023-09-24,Indonesia,1.461328313088325,6.402695318153481,4.191694196638787,1.7026850253981465
2023-10-01,Indonesia,1.4448021463959004,6.400491717028149,4.257008499291405,1.5889987998516109
2023-10-08,Indonesia,1.400282904844842,6.351562667235025,3.925097894088783,1.3364109919334997
2023-10-15,Indonesia,1.4313828353075244,6.483738502960991,3.98437127242307,0.936942592523112
2023-10-22,Indonesia,1.3855084966897386,6.499944356836949,3.9818880959488663,0.940143766808523
2023-10-29,Indonesia,1.3977797579988875,6.50478966779208,3.9429770525579655,0.8310532763283203
2023-11-05,Indonesia,1.4189807716930924,6.831471131873682,4.097986757154894,1.2157628135518672
2023-11-12,Indonesia,1.475415044566886,6.9949663035991065,4.075747229813127,1.1768205123834927
2023-11-19,Indonesia,1.5289732471278745,7.046362919295125,4.446610213783176,1.1469974800756253
2023-11-26,Indonesia,1.5484321144142825,7.018879678712304,4.494399857515992,1.0111449674003676
2023-12-03,Indonesia,1.5481719884424392,7.335589846334432,4.492958113895411,1.5417786509804423
2023-12-10,Indonesia,1.5452524998788306,7.364960085656289,4.561668721255063,1.5029134209019162
2023-12-17,Indonesia,1.5781828987733508,7.356651795127555,4.626108254732065,1.581406660642278
2023-12-24,Indonesia,1.581407144632986,7.359412228145846,4.5544799667946805,1.7049443820361794
2024-01-07,Indonesia,1.5325739697570364,7.5667761509154206,4.492648738736715,1.3529463116549687
2024-01-14,Indonesia,1.5549740892754798,7.988842515718392,4.736695345262959,1.1310632894985595
2024-01-21,Indonesia,1.5484321144142825,7.884233642836848,4.745623515019609,1.3587606053569026
2024-01-28,Indonesia,1.5388797312063272,7.830478656739074,4.699242577499099,1.3997850691499425
2024-02-04,Indonesia,1.551824971712714,7.855532556942838,4.750522419763801,1.381439332667142
2024-02-11,Indonesia,1.555039807681332,8.060987322644074,4.7573254366072675,1.521430313442224
2024-02-18,Indonesia,1.5717191140317113,8.0930486193027,4.828272517102116,1.616308553457052
2024-02-25,Indonesia,1.5956812878171749,8.105332720987395,4.834513419690935,1.5873339944170295
2024-03-03,Indonesia,1.5817510553061278,8.101482250118886,4.845395986410637,1.6181674110628272
2024-03-10,Indonesia,1.581682298351649,8.103250670518152,4.8306561807341515,1.726666056362844
2024-03-17,Indonesia,1.5956108750963842,8.854330941732057,4.828161481567672,1.708006582234553
2024-03-24,Indonesia,1.5679419553878866,8.846583959851365,4.871094303004148,1.8961585663984672
2024-03-31,Indonesia,1.56138931782538,8.815289067106066,4.864820083853628,1.884239401452853
2024-04-07,Indonesia,1.5389437652102496,9.083606912435794,5.170425692766882,1.554409739756757
2024-04-14,Indonesia,1.5483019396773168,9.101705458506386,5.160196900441408,1.5600628609204048
2024-04-21,Indonesia,1.5108567958714239,8.63948997254077,4.9238313242833005,1.5391239176391636
2024-04-28,Indonesia,1.5232064968743384,8.726041367366276,4.927097584583192,1.8122920360378116
2024-05-05,Indonesia,1.5544480775322453,8.714089190325744,4.862304792510333,1.768048436499892
2024-05-12,Indonesia,1.5681436283853314,8.730700096387693,4.875018703896919,1.7838031299220098
2024-05-19,Indonesia,1.581682298351649,9.103075543393002,4.920468211235742,1.7822737437741687
2024-05-26,Indonesia,1.5682109577013026,9.190518664496867,4.916016599056452,1.809206385052779
2024-06-02,Indonesia,1.5649240819148535,9.014652371502898,4.8587142185523815,1.595002976264203
2024-06-09,Indonesia,1.5649909118903487,9.109428266782174,4.874565374921141,1.9017296555872776
2024-06-16,Indonesia,1.5387516837254083,9.113493599566098,4.891557919185556,2.0188452985548553
2024-06-23,Indonesia,1.532510611884318,9.101948423215225,4.906036199392075,2.0085591553108983
2024-06-30,Indonesia,1.529540298264478,9.12878450079009,4.9550532853189475,1.878693780316497
2024-07-07,Indonesia,1.5549740892754798,9.22595687992666,5.054129140827566,2.11468294391609
2024-07-14,Indonesia,1.5715838637968418,9.283269528007942,5.575560585319242,2.1114692887465023
2024-07-21,Indonesia,1.5390078701029808,9.286104305954415,5.598071963068918,1.8913487056796712
2024-07-28,Indonesia,1.5453172844039058,9.300049686800394,5.325674121974552,1.6774050661753668
2024-08-04,Indonesia,1.5356229702729163,8.746509184997384,5.276164554513813,1.213853023188057
2024-08-11,Indonesia,1.5170618404874139,8.756902254474186,5.2778576141759785,1.528003204570631
2024-08-18,Indonesia,1.5646566368535573,8.699140764909734,5.298612646526772,1.7036596408154303
2024-08-25,Indonesia,1.581682298351649,8.60014789157659,5.299756316985197,1.7649744335705202
2024-09-08,Indonesia,1.5783881058024227,8.60922370425917,5.259922012015279,1.349457406003567
2024-09-15,Indonesia,1.581682298351649,8.626886736576502,5.294182934658937,1.483833277032521
2024-09-22,Indonesia,1.581682298351649,8.525299710585003,5.269295609190268,1.7011633592969693
2024-09-29,Indonesia,1.5918873897984442,8.567843972054911,5.220347601098684,1.277353050594366
2024-10-06,Indonesia,1.5886051606166414,8.03980066891604,5.872173728950406,0.979651420390889
2024-10-13,Indonesia,1.585064357831125,8.0204698034056,5.8460246478680356,0.7667337880859276
2024-10-27,Indonesia,1.5918873897984442,7.945813331802026,5.8290680703383675,0.8713724452888255
2024-11-03,Indonesia,1.5747040579306382,8.136375583553711,5.82397501894741,1.0675189817356587
2024-11-10,Indonesia,1.5918873897984442,8.1498206386,5.90443438735151,1.3196573679023391
2024-11-17,Indonesia,1.5748400939176435,8.166091048196055,5.923194768120841,1.50591504589068
2024-11-24,Indonesia,1.5615223230027615,8.162158748950894,5.908806470524208,1.460114975413719
2024-12-01,Indonesia,1.5483670560221636,8.859361559140245,6.224880448002518,1.5070339687332135
2024-12-08,Indonesia,1.5682782274152813,8.661689151424087,6.342904019794451,1.9220836432695512
2024-12-15,Indonesia,1.5749761613225663,8.574310305217157,6.2283063344634915,1.6358967184751791
2024-12-22,Indonesia,1.5419611130182609,8.435549395678445,6.500259098891281,2.0067790101057255
2024-12-29,Indonesia,1.5357504149793553,8.455910934974131,6.516188588641181,1.936185152372976
2015-01-04,Malaysia,1.36367245111748,9.80394209556158,6.659940439329202,1.1547831218428533
2015-01-11,Malaysia,1.2429743083761347,9.709683276747477,5.37773866886874,1.2878474840381755
2015-01-18,Malaysia,1.1936699083981481,9.74673339649925,5.341725392135693,1.0799821225983388
2015-01-25,Malaysia,1.2879605997279873,9.70052610801131,5.34782542985315,1.034268686600375
2015-02-01,Malaysia,1.2753518168315154,9.639372410481313,4.857466673445472,0.9996258342971348
2015-02-08,Malaysia,1.2879174586897446,9.434861145990808,3.98360950348613,0.9807643265680434
2015-02-15,Malaysia,1.2795145210874925,9.390296651609903,3.9726365021604337,1.1020611674542615
2015-02-22,Malaysia,1.3093059787817434,9.297592516822824,3.988888860007216,1.1351023157855014
2015-03-01,Malaysia,1.326905157984791,9.316196860210102,3.950102549170406,1.0829698485271255
2015-03-08,Malaysia,1.2567222643796305,9.14506280933949,3.955452452022001,1.2873548267831063
2015-03-15,Malaysia,1.2547883087036489,9.108805675711588,3.9046578846166335,1.079413728990232
2015-03-22,Malaysia,1.2218916215609195,9.061823908364326,3.825044668562687,1.1896757554827282
2015-03-29,Malaysia,1.2373426623866453,9.100369865952294,3.7322012776530378,1.1334203542621886
2015-04-05,Malaysia,1.2755635828515561,9.08271781063591,3.6544020050744463,1.149785601151073
2015-04-12,Malaysia,1.313774437746173,9.197964331502185,3.6721157251649625,1.5692338929545286
2015-04-19,Malaysia,1.3006774404002353,9.146662229849976,3.562265603211306,1.6441170121176516
2015-04-26,Malaysia,1.2921150356063653,9.140336354817052,3.567133973285702,2.004264420334159
2015-05-03,Malaysia,1.3028352045194822,9.145016087509545,3.574985697994809,2.0674752036677893
2015-05-10,Malaysia,1.3071716893698764,9.164992867369412,3.568487981998593,2.09171522659949
2015-05-17,Malaysia,1.333754089177081,9.14294613186385,3.574835715717936,2.540781083575504
2015-05-24,Malaysia,1.354404788456091,9.12655230272608,3.57718360053168,2.408126369515192
2015-05-31,Malaysia,1.3473387648497699,8.797987459202105,3.5004837614319797,2.158664452155419
2015-06-07,Malaysia,1.3113130847482923,8.685833011116033,3.413328464351414,2.1595476008983168
2015-06-14,Malaysia,1.2793867116398803,8.622856397681423,3.42240705000993,2.305386974927248
2015-06-21,Malaysia,1.279471915260958,8.61217772039914,3.3979465558592263,2.4142240704654716
2015-06-28,Malaysia,1.2591991007455943,8.571504591695193,3.396044366445606,2.5219809591928204
2015-07-05,Malaysia,1.2672694805492575,8.664799704507884,3.3955427372408793,2.5259217562666336
2015-07-12,Malaysia,1.2511001311910537,8.649783881638477,3.3989458049909533,1.616861629301645
2015-07-19,Malaysia,1.305044187808951,8.641031676912961,3.424443964749672,2.034670202519284
2015-07-26,Malaysia,1.255075999248525,8.64522024259664,3.4065657258807507,1.7385473954268322
2015-08-02,Malaysia,1.1992243203996464,8.720835515346801,3.4131953598946345,1.7444863979893483
2015-08-09,Malaysia,1.1883082091557307,8.378767702064934,3.259282747559471,1.5820722582479203
2015-08-16,Malaysia,1.1140028087168203,7.913680172593599,3.1919157831479894,1.5379573230270145
2015-08-23,Malaysia,1.0558884512746554,7.761254763991686,3.1454177898688,1.3195218436726872
2015-08-30,Malaysia,1.1335702068513944,7.769306441231872,3.1470642719240147,1.0390762797706248
2015-09-06,Malaysia,1.080214598529909,7.709439136564225,3.1518337769523304,1.0919399950156052
2015-09-13,Malaysia,1.0490623081795156,7.629524076764895,3.079714938344614,1.0604618992369417
2015-09-20,Malaysia,1.1219646059381172,7.3821617989494275,3.0213491009547315,1.246870457418106
2015-09-27,Malaysia,0.9727086961696615,6.9146577832814655,2.9189002046609676,1.1184740696288258
2015-10-04,Malaysia,0.9109011768980492,6.91315660170676,2.9064011268242687,1.3376993491023892
2015-10-11,Malaysia,1.0164120347470105,6.108746546883228,2.6760590902941295,1.431561482911366
2015-10-18,Malaysia,1.027952146532382,6.097934608058263,2.6284772046117,1.5965602356688409
2015-10-25,Malaysia,1.0306308051044384,6.058126107253645,2.6002343527962055,1.4708719323952464
2015-11-01,Malaysia,1.0310228557009102,5.9711215195722565,2.5818174593275804,1.4188396784226276
2015-11-08,Malaysia,1.0838290781716455,5.965158194279869,2.5784388282279043,1.516341047613833
2015-11-15,Malaysia,1.0835379809006846,5.913752795341384,2.519350513317075,1.1848384502069476
2015-11-22,Malaysia,1.130461873978408,5.852486088793281,2.5268326107521446,1.270169674597962
2015-11-29,Malaysia,1.1264064856420597,5.852961550731026,2.537158885041364,1.1376929437772516
2015-12-06,Malaysia,1.1050936231730524,5.927428605298983,2.6380091730322563,1.2864095911431006
2015-12-13,Malaysia,1.0474886274089086,5.851929229272626,2.5212743399152653,0.9418027492855312
2015-12-20,Malaysia,1.0574172447887096,5.854707336005677,2.5372062361794225,1.1013468230564247
2015-12-27,Malaysia,1.0657393327887361,5.850673548330382,2.536926910735339,1.0983229938193872
2016-01-03,Malaysia,1.0718587900832406,6.484422522557999,2.587131492194983,1.1643179247600612
2016-01-10,Malaysia,1.035348734762549,6.40876217248591,2.64440201589242,0.9286385414097386
2016-01-17,Malaysia,1.0005638777345474,6.415833349619293,2.6493806578028143,0.8010216765074487
2016-01-24,Malaysia,1.0212812730092835,6.324815136595491,2.653738312215444,0.8325172176223812
2016-01-31,Malaysia,1.0876887632610972,6.156912427757159,2.7422019974512946,0.8705863185268521
2016-02-07,Malaysia,1.0797640167837168,6.173216449602125,3.1121040592306923,0.7192703521984595
2016-02-14,Malaysia,1.0401570608977733,6.178928442436842,3.0865791066281436,0.6644766269593237
2016-02-21,Malaysia,1.0810521151964052,6.164913987110398,3.090855904464429,0.7655697120698058
2016-02-28,Malaysia,1.091960942077718,6.162059106513357,3.0341387229405323,0.8065542211163061
2016-03-06,Malaysia,1.1411897931820953,6.172214519415776,3.026714567167931,1.0091431101275818
2016-03-13,Malaysia,1.1723888894378018,6.179527907803032,3.0395021220296408,1.0705849204760074
2016-03-20,Malaysia,1.2134019747084253,6.180514244359323,3.0612313211501414,1.298443100524402
2016-03-27,Malaysia,1.1573531037044251,6.2093897095020445,3.124605692934867,1.3016178306453987
2016-04-03,Malaysia,1.181838426451064,5.99004483347168,3.156145107875929,1.265589619875238
2016-04-10,Malaysia,1.1658804536549394,5.991423107537539,3.130587300918969,1.2812818461287665
2016-04-17,Malaysia,1.1890930518112999,6.016363637216281,3.26155919942908,1.1328103078151623
2016-04-24,Malaysia,1.1730466607436953,6.041690164166911,3.2684814678192033,1.5398891964486434
2016-05-01,Malaysia,1.141609625490406,6.041601200443833,3.276911198476642,1.5078709119655058
2016-05-08,Malaysia,1.1450473938199075,5.913138799108827,3.1545699536904976,1.458986697261375
2016-05-15,Malaysia,1.1623060660147937,5.914720671783853,3.1685557147911685,1.4953583938927133
2016-05-22,Malaysia,1.1509435433805573,5.841674554846501,3.1347289045761744,1.5441300701105194
2016-05-29,Malaysia,1.1646508756843845,5.915693661992565,3.1608229043537923,1.7979603693625306
2016-06-05,Malaysia,1.149067092280173,5.92847623007654,3.2087095811940496,1.9200153115927727
2016-06-12,Malaysia,1.1586060619564584,5.900641091391499,3.22357324142666,1.626389641902986
2016-06-19,Malaysia,1.1281221187529897,5.897832596530828,3.154489982899622,1.5405602023463532
2016-06-26,Malaysia,1.1448012968620045,5.910376731639533,3.1610073726104706,1.4420213129663362
2016-07-03,Malaysia,1.1553528989233577,5.861016718683992,3.1622919799562257,1.8834734198357517
2016-07-10,Malaysia,1.1734855119295675,5.8337866574114585,3.1238173302520735,1.5499195267477996
2016-07-17,Malaysia,1.2951169344840165,5.811954752066773,3.118293360207021,1.867126555847447
2016-07-24,Malaysia,1.2502015803520512,5.651246414678689,3.0417005377657604,1.68264995249144
2016-07-31,Malaysia,1.2295345573207834,5.650133256362066,3.0091994083847515,1.5533765773565456
2016-08-07,Malaysia,1.2491819231477193,5.757891827179855,3.090983768074716,1.5314803923251117
2016-08-14,Malaysia,1.2891696695426282,6.002959234794172,3.143276773914462,1.746264098970335
2016-08-21,Malaysia,1.3291955626597876,6.085275681503069,3.183145336935511,1.9429633671709736
2016-08-28,Malaysia,1.3039387857744462,6.0861925778174575,3.1901355743265074,1.8585242634169696
2016-09-04,Malaysia,1.3049114431966853,6.0753975936690185,3.1439556777382873,1.690324914306587
2016-09-11,Malaysia,1.3404880464789266,6.13227663127418,3.217921248369122,1.6331430814727654
2016-09-18,Malaysia,1.302791099043049,6.152374271683698,3.2132345534192437,1.5969120400841077
2016-09-25,Malaysia,1.3041597202958388,6.500131122505762,3.3160517535318785,1.3940434377522717
2016-10-02,Malaysia,1.3008973026853283,6.482583017157388,3.2321678926026634,1.630588579621695
2016-10-09,Malaysia,1.3183181823994157,7.363977006294059,3.709665729925299,1.7697158982226917
2016-10-16,Malaysia,1.3095286929873229,7.318610057316313,3.7228716103431614,1.8216643937496648
2016-10-23,Malaysia,1.3062400751695238,7.3767867391686925,3.746282847758889,2.044785877847679
2016-10-30,Malaysia,1.2976069049232497,7.505633741062898,3.776292516412463,1.6803837584406722
2016-11-06,Malaysia,1.2828888757196664,7.549163827269656,3.7073985345105456,1.369787044979483
2016-11-13,Malaysia,1.193030370945388,7.37066044262098,3.676844883116032,1.2618536192267968
2016-11-20,Malaysia,1.1186338497593096,7.109922283195773,3.667821768403591,1.16707808535181
2016-11-27,Malaysia,1.1244555683068238,7.065428159005923,3.685227815184568,0.9130702675151652
2016-12-04,Malaysia,1.1523274514174906,7.073964239072375,3.6344426310645503,1.7967622926754525
2016-12-11,Malaysia,1.231478356215133,7.181809234165557,3.8415250114744546,1.823369548626134
2016-12-18,Malaysia,1.2114306550781926,7.08787412244992,3.8544237725413857,2.252757286899161
2016-12-25,Malaysia,1.2247970738980496,7.09214485289011,3.847734052036076,2.1979040293207706
2017-01-01,Malaysia,1.235422323076866,7.694158921711392,3.8727909640717857,2.1177219223221355
2017-01-08,Malaysia,1.2682745418476413,7.462348796890553,4.309610797425575,2.932690550492337
2017-01-15,Malaysia,1.2580421291901434,7.469512462920736,4.383016226998714,2.9143034494719395
2017-01-22,Malaysia,1.2662241144613793,7.63091823593805,4.383366834773435,3.0878409685718173
2017-01-29,Malaysia,1.2753518168315154,7.962817655818674,4.441906996926473,3.0297193212052336
2017-02-05,Malaysia,1.2878743204078518,8.027669793685778,4.458452043127098,3.075007951014442
2017-02-12,Malaysia,1.3168752224839384,8.017149173099769,4.533514345740724,3.261111436118769
2017-02-19,Malaysia,1.3325538533748988,8.039711869217202,4.522946727661199,3.394111103011653
2017-02-26,Malaysia,1.3673097387287512,8.050289761028992,4.76690527186712,3.350681239772345
2017-03-05,Malaysia,1.3637208147831583,8.040779254188125,4.710664876776799,3.324297244242433
2017-03-12,Malaysia,1.3357902403125035,8.046451960139175,4.768740400760939,2.4991902019330845
2017-03-19,Malaysia,1.4053703770327857,8.11306486267768,4.864637863717037,3.113172926134476
2017-03-26,Malaysia,1.3757289945084348,8.11896388903748,4.87581396493672,2.743790421239134
2017-04-02,Malaysia,1.3818175865177125,8.793964242419545,4.933002581726078,3.095989404678449
2017-04-09,Malaysia,1.3590461753672156,8.793050605209375,5.187373476730605,3.137753050828068
2017-04-16,Malaysia,1.3325538533748988,8.771795169810373,5.187538317032784,3.1591012687530244
2017-04-23,Malaysia,1.3404413689725878,8.77194612202872,5.178005656405645,2.8837041665421546
2017-04-30,Malaysia,1.364931075785,8.750991098324594,5.191831993563108,3.0682952913664407
2017-05-07,Malaysia,1.3685267038980204,8.992819163522585,5.4367698045427595,2.513186881651566
2017-05-14,Malaysia,1.3903788339612386,9.00374059390411,5.449109979184278,2.518149806689703
2017-05-21,Malaysia,1.3829625005742228,9.151033216374069,5.494868713117065,2.9139011667808483
2017-05-28,Malaysia,1.40542202452535,9.138526322358269,5.479678661238812,2.9054195258111446
2017-06-04,Malaysia,1.4247523788568222,9.155504879517734,5.484366865976915,2.742154312320375
2017-06-11,Malaysia,1.4514823430130332,9.364815492300318,5.550923141892625,2.7338933092624744
2017-06-18,Malaysia,1.501335292720818,9.363113859701212,5.654249511112615,3.2223808300701755
2017-06-25,Malaysia,1.480919576950003,9.357889647044969,5.674257324880101,2.78654855965456
2017-07-02,Malaysia,1.4823180850728144,9.64488443052325,5.62434308185126,3.1210203022693648
2017-07-09,Malaysia,1.4611592280426509,9.660604277362967,5.707950982126385,2.600098440336609
2017-07-16,Malaysia,1.492493791712166,9.88873296586487,5.8814331139828715,2.8848643315309173
2017-07-23,Malaysia,1.492493791712166,10.369680463460352,6.094952127596097,2.998186086850141
2017-07-30,Malaysia,1.5163829454309714,10.370585345072548,6.16938061121817,2.933917947976624
2017-08-06,Malaysia,1.5194130536778494,10.39802407244876,6.44497772460321,3.140336866828867
2017-08-13,Malaysia,1.4881205473666594,10.385454105423127,6.451506167290553,3.1468706012519867
2017-08-20,Malaysia,1.5179269914459141,10.390099395027963,6.3855962209312205,3.248679955134675
2017-08-27,Malaysia,1.547716927020248,10.389547405161252,6.325958089520348,3.103967347996339
2017-09-03,Malaysia,1.575725094383492,10.490955904242178,6.364944331078586,3.067279152594653
2017-09-10,Malaysia,1.5773625124340573,10.324027792427849,6.221968591599788,3.0552989378953064
2017-09-17,Malaysia,1.6078611992316345,10.541579594107064,6.468036392921808,3.3795233263966726
2017-09-24,Malaysia,1.5942029955980328,10.56239074191744,6.572340507084526,3.406321778785294
2017-10-01,Malaysia,1.5876310233643836,10.536621994821315,6.878155506391164,3.3370168732473444
2017-10-08,Malaysia,1.6140846533991628,10.547830483289069,6.806227059126242,3.212300999849887
2017-10-15,Malaysia,1.6121961544961603,10.633969348620928,6.9287155005932375,3.4429898469329863
2017-10-22,Malaysia,1.6250284118777556,10.627001574247933,6.942457875435458,3.593862246988529
2017-10-29,Malaysia,1.635202212911061,10.61398263983476,6.950777883857196,3.4966382267951066
2017-11-05,Malaysia,1.6325665987319948,10.622974381155798,7.148916458474952,3.578506175250623
2017-11-12,Malaysia,1.5861729179798556,11.10627536821242,7.629763892567215,3.047069613518808
2017-11-19,Malaysia,1.5929388703412688,12.164381989783273,7.763238587604448,3.3390944856130247
2017-11-26,Malaysia,1.6072137529540425,12.298992584485266,7.797466610822247,3.3754738162109423
2017-12-03,Malaysia,1.6278529987094388,12.316821758759948,8.37811557881432,3.872128769404358
2017-12-10,Malaysia,1.6279275176198107,12.30740535131436,8.226459427467983,3.8520430029194137
2017-12-17,Malaysia,1.6457905833482345,12.62331428723275,8.235944333578425,4.239315634688331
2017-12-24,Malaysia,1.6561876174433678,12.611547262249749,8.160424548338618,4.56417419680268
2017-12-31,Malaysia,1.6631207319614574,12.633906718592923,8.163523031354758,4.2465220994771355
2018-01-07,Malaysia,1.6968499008142746,9.777098787806809,6.980855380330198,3.480597001746349
2018-01-14,Malaysia,1.7159466159847698,9.78530214163576,6.9931759516671,3.345162324130408
2018-01-21,Malaysia,1.689740172598789,9.792692424821093,7.0118810676099725,3.671823376861531
2018-01-28,Malaysia,1.6886606601466538,9.727471858145876,7.018979289991972,3.572041380025768
2018-02-04,Malaysia,1.6779794116859876,9.75547307247325,6.971249732788808,3.379306581358959
2018-02-11,Malaysia,1.6174412273166823,9.57452544441064,6.930686635552939,2.673957133853598
2018-02-18,Malaysia,1.632942363276718,9.60449330003628,6.9710753159110705,2.987144716664119
2018-02-25,Malaysia,1.6245095282394681,9.527409941768807,6.90065354365663,3.2709604062851145
2018-03-04,Malaysia,1.6247318920209135,9.671797272864795,6.987826504061487,3.052190548285236
2018-03-11,Malaysia,1.6402814748484402,9.6752659070076,6.997719283524218,3.0411361736559828
2018-03-18,Malaysia,1.6263645708801753,9.65902995874078,6.986272432533584,3.2351350922142528
2018-03-25,Malaysia,1.5449937554540076,9.653407990001991,7.014852464658016,2.8911607367438337
2018-04-01,Malaysia,1.5531350794978631,9.659306608557047,7.042579885566042,2.9182681841739653
2018-04-08,Malaysia,1.5627874296242683,9.6808387815605,7.043168475460806,3.24434898352783
2018-04-15,Malaysia,1.562654073629882,9.63931382735087,7.0649675875431,2.836341545803081
2018-04-22,Malaysia,1.5677403511793093,9.527658666444191,6.957745201692854,2.7679837523814026
2018-04-29,Malaysia,1.5579416759659792,9.489095561480733,6.97924996097564,3.1215676650596813
2018-05-06,Malaysia,1.5248932014129084,9.500893979905582,6.844447252251118,3.1110355769686846
2018-05-13,Malaysia,1.455379759631145,9.474044506629992,6.843214390992306,3.149978276862734
2018-05-20,Malaysia,1.4862390033950863,9.409520646346811,6.805731598850473,3.1918991803083423
2018-05-27,Malaysia,1.491960292749991,9.432396431765913,6.751566532685536,2.907113315561564
2018-06-03,Malaysia,1.4498747463996777,9.431797102690584,6.735686235540258,2.8055841759377596
2018-06-10,Malaysia,1.4272573693024957,9.406327298484694,6.785101402668149,2.909034864509452
2018-06-17,Malaysia,1.4207225781750477,9.408735807777314,6.8383827601927365,2.9001171689114877
2018-06-24,Malaysia,1.3757782648311974,9.396564488570158,6.790095588727756,3.128144746082508
2018-07-01,Malaysia,1.3662892461293188,9.315670122717949,6.87529528150595,2.9201942374309904
2018-07-08,Malaysia,1.3710164069023953,9.283383611773957,6.669576295114298,2.7404659432304825
2018-07-15,Malaysia,1.4181906733103595,9.252625166257316,6.573257295732883,2.791314185289719
2018-07-22,Malaysia,1.440478930583042,9.222534274948126,6.514196642719307,2.944295171896326
2018-07-29,Malaysia,1.5158280514492821,9.216174038800713,6.593392178161397,3.0578259376408075
2018-08-05,Malaysia,1.4805705184705331,9.196610692752332,6.584821099281962,2.9855982439658866
2018-08-12,Malaysia,1.4805705184705331,9.204100256081464,6.556948995385744,3.003031721659014
2018-08-19,Malaysia,1.4650611822105386,9.159263057915968,6.61456466857086,2.959377242901818
2018-08-26,Malaysia,1.4665378142602086,9.16181455243547,6.744078355150571,3.235927653453995
2018-09-02,Malaysia,1.4445276359990689,9.160727495855545,6.814060578670428,3.0323762545030433
2018-09-09,Malaysia,1.4003340915507299,9.201443098343814,7.1385838664302215,2.8789480437823727
2018-09-16,Malaysia,1.420775487855346,9.207821960063027,7.141663698288452,2.844305530707824
2018-09-23,Malaysia,1.4351028068798373,9.214553743517442,7.191470378888317,2.8735946752457195
2018-09-30,Malaysia,1.439062519061363,9.224859677577465,7.189797223998784,2.8064665012066325
2018-10-07,Malaysia,1.40542202452535,9.211957916179417,7.31033040725002,2.559191549721473
2018-10-14,Malaysia,1.3880143764365054,9.198141662418893,7.2275821626189956,2.6607133764913655
2018-10-21,Malaysia,1.3758768167293218,9.19836477113783,7.227726457224142,2.6886555610636806
2018-10-28,Malaysia,1.3477162195054915,9.197551609312615,6.999887011273961,2.5221354095149846
2018-11-04,Malaysia,1.3568888529297753,9.200672408584698,6.997486450230352,2.260945740580893
2018-11-11,Malaysia,1.380724348508953,9.19558543858895,6.853865364451586,2.025577233087461
2018-11-18,Malaysia,1.3423578666110623,9.200749982469114,6.84052698543688,1.6656692313572516
2018-11-25,Malaysia,1.3147166283956735,9.254966133042233,6.768382374878697,0.8310352666752814
2018-12-02,Malaysia,1.3477634166099546,9.31567459161605,6.874726216604722,1.016600480182851
2018-12-09,Malaysia,1.3559323257966547,9.311759939151184,6.654062439330535,1.6085505596105565
2018-12-16,Malaysia,1.3835107872627073,9.287141105361846,6.4859249256347695,1.5713751942825136
2018-12-23,Malaysia,1.367504300053468,9.288880636045995,6.477689757688843,1.1616131647350123
2018-12-30,Malaysia,1.3601515669840971,9.288116210428818,6.531068399240137,1.1270201803095976
2019-01-06,Malaysia,1.348802613041389,11.065870123812292,7.273405913426135,1.409178636770703
2019-01-13,Malaysia,1.4143592531793394,11.074913222962392,7.166517089599225,1.9640260967201633
2019-01-20,Malaysia,1.4560502851842858,11.093387793406906,7.17620953724218,2.347546016085336
2019-01-27,Malaysia,1.4790599619621452,11.329680490117756,7.2973761536083215,2.376020612970992
2019-02-03,Malaysia,1.5062290807632843,11.353585064237254,7.30800498653831,2.4935342958602726
2019-02-10,Malaysia,1.4976158372257857,11.488508626303371,7.280286012745444,2.5844889998044884
2019-02-17,Malaysia,1.5397127717284043,11.49135087257786,7.284398065114333,2.879772530482984
2019-02-24,Malaysia,1.5736847878111506,11.538225764013552,7.323566413034984,2.8428917927476283
2019-03-03,Malaysia,1.625250902061369,11.540089318712832,7.318358042785968,2.7911389793125885
2019-03-10,Malaysia,1.6044165379993092,11.521676322635573,7.3172741241590895,2.83909407535469
2019-03-17,Malaysia,1.6447151942147527,11.525247933342296,7.321375438959357,3.22734248107179
2019-03-24,Malaysia,1.6257703805824566,11.465910710150748,7.370211547224266,3.076968930409664
2019-03-31,Malaysia,1.6373950918857363,11.57329923746384,7.369775145678521,3.1897053495141505
2019-04-07,Malaysia,1.6754619962012554,11.5698873467235,7.355935604888288,3.5364498288412825
2019-04-14,Malaysia,1.6934091861623255,11.53315611039128,7.398068589501325,3.30335127254963
2019-04-21,Malaysia,1.7114342697749207,11.581389454152792,7.4692294666832035,3.2919752541912346
2019-04-28,Malaysia,1.6979452273713287,11.62129302854731,7.459509752368385,2.692507408501742
2019-05-05,Malaysia,1.6822274630119742,11.615460005475924,7.494319623685222,2.916643752063035
2019-05-12,Malaysia,1.6312159557343597,11.628331031190658,7.487598186574879,2.6237803742623913
2019-05-19,Malaysia,1.6183199791165988,11.66398522114508,7.550292191835043,2.95264870195261
2019-05-26,Malaysia,1.598012166180483,11.644874091153053,7.418997226601792,2.5756306534836746
2019-06-02,Malaysia,1.5623210479906886,11.635815646444025,7.270742333200522,1.6390407650713956
2019-06-09,Malaysia,1.5783197411240308,11.51758312032581,7.080155194895898,2.1158802529686715
2019-06-16,Malaysia,1.6082212040418578,11.498099912439912,7.087148563894557,1.8393305196536984
2019-06-23,Malaysia,1.6690172910615724,11.501736299812732,7.114022032901703,1.8959874865551216
2019-06-30,Malaysia,1.7032846180899484,11.59467723369436,7.082923212858254,2.0809904533502213
2019-07-07,Malaysia,1.733834289002388,11.597104278495282,6.827722703498086,2.422014904137865
2019-07-14,Malaysia,1.7246406446252665,11.622668782816053,6.873113866877554,2.838149339047124
2019-07-21,Malaysia,1.7246406446252665,11.656544090271945,6.856846602740453,2.4241516821307183
2019-07-28,Malaysia,1.7591666518764455,11.616816507612032,6.864765613542014,2.644064900073778
2019-08-04,Malaysia,1.6903222688403494,11.639482878269147,6.8705139015221235,2.3691858328515143
2019-08-11,Malaysia,1.6698187887409248,11.612511757353634,6.773125991443914,2.397830659947115
2019-08-18,Malaysia,1.6645492958358885,11.673480267286244,6.78532974098086,2.4169688378549217
2019-08-25,Malaysia,1.7155981204316442,11.633431712406225,6.8076923820045545,2.3940029503375304
2019-09-01,Malaysia,1.7271246846787998,11.587103357863754,6.785083257782646,2.6554654853577553
2019-09-08,Malaysia,1.7707953568545018,11.785737616449495,6.7309307962186375,2.5607389553938633
2019-09-15,Malaysia,1.798273455375609,11.749180327512857,6.755461027289771,2.3583003751005
2019-09-22,Malaysia,1.7517676934378692,11.750300198772628,6.583806045930991,2.090757198649421
2019-09-29,Malaysia,1.7227849525844832,11.768031063177377,6.511216748630865,2.0976279159963873
2019-10-06,Malaysia,1.706358855582986,11.797280423901388,6.365295824854071,2.1080546990584694
2019-10-13,Malaysia,1.725083311954748,11.764672290187187,6.392130482899871,2.076915354594171
2019-10-20,Malaysia,1.765331080471206,11.786420002963464,6.402800740150127,2.3251508648733497
2019-10-27,Malaysia,1.7879273724683822,11.791944912989775,6.5374042932372225,2.472897996645206
2019-11-03,Malaysia,1.8012230750217384,11.784666664883574,6.471558076535454,2.4164554055837666
2019-11-10,Malaysia,1.8398281608989193,11.856083784988632,6.519877776550743,2.6926720186096302
2019-11-17,Malaysia,1.8175882835792203,11.828490456550105,6.5273802378110295,2.5948400449480458
2019-11-24,Malaysia,1.8023461944925743,11.75193504802904,6.613530277486702,2.5869141865942726
2019-12-01,Malaysia,1.8138146991336375,11.718212045730596,6.620716187971604,2.2143227663365805
2019-12-08,Malaysia,1.81037911028775,11.715080624998048,6.814280254205639,2.8745011964485885
2019-12-15,Malaysia,1.8387318886043675,11.763738485419976,7.038590887767176,3.2551671326714904
2019-12-22,Malaysia,1.8819954707436581,11.7573973238011,7.087031650425404,3.403278944364431
2019-12-29,Malaysia,1.8888284602859187,11.81492826974483,7.098816175893141,3.4605432777194625
2020-01-05,Malaysia,1.879501027777658,9.897912844122402,7.107775868954714,2.828059271473327
2020-01-12,Malaysia,1.8858203436158918,9.929860380806792,7.205732185541883,3.004514043277859
2020-01-19,Malaysia,1.91533238870164,9.973320671206602,7.188058917664843,3.2130003588594422
2020-01-26,Malaysia,1.8566705141041928,9.97222225693739,7.174509608624819,2.596377542005727
2020-02-02,Malaysia,1.829504201330919,9.949563584161496,6.9923515779853975,2.127195425832317
2020-02-09,Malaysia,1.8692934989502312,9.731427365013596,5.902915545363766,2.279340366164055
2020-02-16,Malaysia,1.8809250048730255,9.750915781443378,5.909140653562339,2.406405609439167
2020-02-23,Malaysia,1.8787904009401104,9.668556017927523,5.917801602631404,2.3947599261446233
2020-03-01,Malaysia,1.6870041418904727,9.60835467035592,5.874284746153002,1.494598636645173
2020-03-08,Malaysia,1.6115437785791658,9.597393159432952,5.4912480381530635,0.9864382820132748
2020-03-15,Malaysia,1.1844341258331414,9.18846650317387,3.293256526581706,0.9334708582511362
2020-03-22,Malaysia,1.105526539346084,8.880490473505656,3.0867755134130173,0.9117489219423794
2020-03-29,Malaysia,1.346443179224368,8.738942048638467,2.6214104003439833,0.9423530124321025
2020-04-05,Malaysia,1.2649717856243075,8.70567651072479,1.7677447980682215,0.9572653359366048
2020-04-12,Malaysia,1.38947226964045,8.746955184632359,1.669266785854685,0.9646240838117384
2020-04-19,Malaysia,1.4037729692386627,8.689127507353973,1.5409803856330928,0.9264143507824864
2020-04-26,Malaysia,1.3120281787703845,8.692738353312633,1.3197005740118763,0.9562371363853652
2020-05-03,Malaysia,1.363914305382903,8.705177921313522,1.2068835119707817,0.9024086907423452
2020-05-10,Malaysia,1.3600072791898983,8.656798098938157,1.2180925573577577,0.8812883890485044
2020-05-17,Malaysia,1.3453606814358394,8.641544434315943,1.221496711444457,0.8458471779736848
2020-05-24,Malaysia,1.4229463716430977,8.628441182474258,1.2305289316336163,0.8475551763881939
2020-05-31,Malaysia,1.4612155470280734,8.6411789185748,1.2079359830444332,0.8751791122068973
2020-06-07,Malaysia,1.5664645596213913,8.681470290028459,1.208606468303599,0.9172658872656958
2020-06-14,Malaysia,1.5361964616439137,8.687582739183306,1.19771933268996,0.8526986435675155
2020-06-21,Malaysia,1.5732775727815245,8.696084105701622,1.2128683507071585,1.0227629086765144
2020-06-28,Malaysia,1.5621159562974731,8.67017755999656,1.206157587056879,0.9193624598448468
2020-07-05,Malaysia,1.5947657399578112,8.695653525060775,1.2124580914453325,0.9247036030112092
2020-07-12,Malaysia,1.605419071076127,8.712716535776904,1.2125837040812488,1.312969810383375
2020-07-19,Malaysia,1.61473982852011,8.71682190859314,1.2135622651625957,1.788806470360376
2020-07-26,Malaysia,1.6463289625903739,8.726277219216446,1.2031523914538282,1.6626683573203795
2020-08-02,Malaysia,1.656611716789439,8.736645527556705,1.2065611922738932,1.5632379641295302
2020-08-09,Malaysia,1.6939950399518913,8.7483086939348,1.2156048367386123,2.004587430094754
2020-08-16,Malaysia,1.72102333801636,8.743900303506564,1.2139291865334192,2.1738946241585526
2020-08-23,Malaysia,1.726324929104143,8.767987510086453,1.2114519404508994,2.292728791631268
2020-08-30,Malaysia,1.7488917696218056,8.798224517668997,1.2147324675991014,2.4378688004638116
2020-09-06,Malaysia,1.789521322414328,8.810457334821784,1.2080502875750936,1.6103523882807715
2020-09-13,Malaysia,1.7768024158614215,8.817953867694309,1.1993662206513274,1.3293011411488538
2020-09-20,Malaysia,1.7888233402921148,8.82811207585449,1.220251120311436,1.915582317184737
2020-09-27,Malaysia,1.6753810602819894,8.701428481641104,1.2119538021461178,1.748629407619826
2020-10-04,Malaysia,1.689989568143323,8.737095032343857,1.2099255294865396,1.1565228799073426
2020-10-11,Malaysia,1.7615291793855623,8.765941871595194,1.222635939791043,1.721286644245023
2020-10-18,Malaysia,1.7657126418700704,8.759565328276993,1.2257317359819897,1.627322454547388
2020-10-25,Malaysia,1.7845556231102202,8.74987473520082,1.224022014679721,1.510595688709583
2020-11-01,Malaysia,1.7540982061183126,8.752898019198296,1.197609740817315,0.9092294662622592
2020-11-08,Malaysia,1.8110020003069611,8.766562277517874,1.2137007923520884,1.1643829172050542
2020-11-15,Malaysia,1.8591704808816814,8.780188667506723,1.2265711746182006,1.4398193008446032
2020-11-22,Malaysia,1.8445689249364476,8.817464732960703,1.2398226984121152,1.6604500191545832
2020-11-29,Malaysia,1.8843825898781221,8.84276455107684,1.2514360494203385,1.5525776866891503
2020-12-06,Malaysia,1.8857002663958315,8.869555384161727,1.2618636498929416,2.0380177033353144
2020-12-13,Malaysia,1.8568971826773268,8.884288598020474,1.265008547135165,1.9626860175223235
2020-12-20,Malaysia,1.8628286618657437,8.896760446510397,1.2659680975097645,2.133545271444501
2020-12-27,Malaysia,1.8628286618657437,8.85689605737348,1.259900154665196,2.1237975381453693
2021-01-03,Malaysia,1.8628286618657437,7.647295833762476,1.1655908029046502,1.750520461836504
2021-01-10,Malaysia,1.8743130925713145,7.63935605228566,1.1777042731707557,1.778748941821551
2021-01-17,Malaysia,1.8190629006707353,7.63299029201875,1.1639290286823476,1.5521949309034178
2021-01-24,Malaysia,1.8244707993493208,7.6304519486102595,1.170144752907232,1.8003814925363688
2021-01-31,Malaysia,1.8089283048641525,7.636100740703699,1.1798382094611113,1.560576235659331
2021-02-07,Malaysia,1.840816877299618,7.717682205668237,1.2078762565295509,1.9042741544816852
2021-02-14,Malaysia,1.857578124819653,7.732461050552027,1.2181916472386545,1.9651355891163456
2021-02-21,Malaysia,1.866397396388576,7.766818954558658,1.218193472191047,1.7291700614108807
2021-02-28,Malaysia,1.835129848608923,7.798135988617252,1.2269902756782822,1.4548548074073386
2021-03-07,Malaysia,1.8144417590681172,7.81008872926728,1.235230424332881,1.7769652195206092
2021-03-14,Malaysia,1.819801970964382,7.946548002364644,1.4082772121410134,1.7004646198382778
2021-03-21,Malaysia,1.8405968906856078,8.17668297984736,1.428607180460122,1.329405987601218
2021-03-28,Malaysia,1.793125436261914,8.276478202954225,1.5362808916349513,1.2908234475735882
2021-04-04,Malaysia,1.7930248919709297,8.311087038304647,2.1942674162128792,1.5649674528035522
2021-04-11,Malaysia,1.773790497586941,8.31853536238369,2.280510399776918,1.6230916801175477
2021-04-18,Malaysia,1.773790497586941,8.375068963039324,2.452012718887629,2.05943144589131
2021-04-25,Malaysia,1.7690638039285371,8.384715263487827,2.919926139057984,1.6610914839511706
2021-05-02,Malaysia,1.773790497586941,8.402055129051073,3.958566849620938,1.6841519328337875
2021-05-09,Malaysia,1.7780706608892034,8.413699316244424,3.942652074723235,1.7274127402775272
2021-05-16,Malaysia,1.750188731520844,8.40510469582453,4.3460416258783585,1.7971695062225728
2021-05-23,Malaysia,1.7551269048720495,8.40249611851346,4.31909358001305,1.6126226560435846
2021-05-30,Malaysia,1.7743720553751567,8.40503434963424,4.460058141412216,2.0002213497024353
2021-06-06,Malaysia,1.7789503678932859,8.443164380944971,5.400502818921264,2.118108674794043
2021-06-13,Malaysia,1.7989839352385568,8.458401022659848,5.469338196085968,2.065154566646163
2021-06-20,Malaysia,1.788424902569473,8.382378356585166,5.642375704589006,1.943609993243808
2021-06-27,Malaysia,1.793125436261914,8.376749091032151,5.67605335876438,2.138802816486566
2021-07-04,Malaysia,1.793125436261914,8.372366783774773,5.6756001819740725,2.025383941178684
2021-07-11,Malaysia,1.7645685753821885,8.330852858780073,5.671029295200249,1.7251379415863084
2021-07-18,Malaysia,1.7599214745707925,8.303462884145006,5.560017452402804,1.7096980242651418
2021-07-25,Malaysia,1.7505597683765086,8.286686146431558,5.628009225776856,1.913029921687568
2021-08-01,Malaysia,1.7228730888413009,8.30148234469252,5.6355316385471115,2.003800639967719
2021-08-08,Malaysia,1.7234909682462796,8.331285532532915,5.45575196024078,1.5922744012709755
2021-08-15,Malaysia,1.736360333730464,8.312408749542104,5.445331678425619,1.7989085831214768
2021-08-22,Malaysia,1.7452948411075178,8.31526575083985,5.452718070235176,1.5107163381244262
2021-08-29,Malaysia,1.7591665575775974,8.316584876631708,5.440507601615352,1.8859223835895689
2021-09-05,Malaysia,1.8029597057763116,8.318208910387188,5.4785250854624366,1.7774961666374731
2021-09-12,Malaysia,1.8110020003069611,8.32759342169259,5.531974298278995,2.01781728720423
2021-09-19,Malaysia,1.7932258990498198,8.292695002465587,5.677683855175854,2.0970235496199927
2021-09-26,Malaysia,1.744835525753333,8.345550720765637,5.499754158388484,1.9606532466338256
2021-10-03,Malaysia,1.7268579108351056,8.353825663326516,5.4984802227687215,1.7525860116820688
2021-10-10,Malaysia,1.668616848905275,8.356644929814182,5.59057446520963,1.7137439369925571
2021-10-17,Malaysia,1.652908394843792,8.367467553709877,5.599633256701073,1.9881308299561051
2021-10-24,Malaysia,1.676191674364345,8.377294437911601,5.621391272555018,1.7939716752291863
2021-10-31,Malaysia,1.7096223986950876,8.380667664228554,5.84088928955179,1.728074961972608
2021-11-07,Malaysia,1.6683767679963497,8.368489827663993,5.802470081988264,1.72970398222628
2021-11-14,Malaysia,1.645098952195472,8.353143317866229,5.8936153149291215,1.8389006154098968
2021-11-21,Malaysia,1.6796094239663324,8.340667440735281,5.906878062913193,1.763030543337997
2021-11-28,Malaysia,1.6437949666017153,8.228742680015019,5.833665634073238,0.7256727327534404
2021-12-05,Malaysia,1.6524413095493538,8.235118199954384,5.740800585476623,0.7596228203210538
2021-12-12,Malaysia,1.7220796653755936,8.242906074538437,5.752191495051345,1.2823971494669455
2021-12-19,Malaysia,1.7625720119380692,8.237633276594071,5.754697300864836,1.1925903870179118
2021-12-26,Malaysia,1.7539113963778283,8.25932512387444,5.768054024116236,1.4030190956691508
2022-01-02,Malaysia,1.7728225656494048,26.56266148233348,8.486055404798353,1.4611029402103826
2022-01-09,Malaysia,1.7633317014795569,11.240080789933996,6.9531284548142285,1.6029676592462738
2022-01-16,Malaysia,1.7099671461528647,11.2489248954419,7.065273078268482,1.373160995278174
2022-01-23,Malaysia,1.6886606601466538,11.203645817961988,7.07188135321604,1.2963686976763749
2022-01-30,Malaysia,1.6612213915386291,11.088913793872589,7.113649820195012,1.0603015259769115
2022-02-06,Malaysia,1.6534535536650958,11.025831433917858,7.10596912457251,1.1892186635018922
2022-02-13,Malaysia,1.618979976800965,10.914810146253885,7.129280932966203,1.0274692191817123
2022-02-20,Malaysia,1.6156144786423376,10.917880321137256,7.133842114505874,0.8726997339818496
2022-02-27,Malaysia,1.5674042505789496,10.847410067613646,7.053464314591993,0.9458713800032384
2022-03-06,Malaysia,1.5409322225213802,10.832384728201529,6.727786536184566,0.5193815101802328
2022-03-13,Malaysia,1.5736847878111506,10.7716086990376,6.747067765279755,0.5474922854233923
2022-03-20,Malaysia,1.636864912791046,10.761810756937937,6.551181643280726,0.5357377030651381
2022-03-27,Malaysia,1.593851555614902,10.355213256516532,6.495872025693026,0.5163419157806148
2022-04-03,Malaysia,1.6011343166502228,10.337850643897887,4.952261241284853,0.866627819458596
2022-04-10,Malaysia,1.5957518500283996,10.285472502467824,4.814157118188638,0.8942325314819961
2022-04-17,Malaysia,1.5420254130854585,10.260608050662766,4.775994552060086,0.888904708008417
2022-04-24,Malaysia,1.505077573433483,9.57042948529292,4.655538891503771,0.9162605423194664
2022-05-01,Malaysia,1.4643240973047194,9.531929665647706,4.664422375122551,0.8470599867205459
2022-05-08,Malaysia,1.4261368909430112,9.494800134715224,4.6829169912040784,0.7614935324303342
2022-05-15,Malaysia,1.4003340915507299,9.479942429787249,4.669327533649335,0.8596165791104595
2022-05-22,Malaysia,1.4053703770327857,9.481300357846552,4.6787477608231125,0.8763034749984495
2022-05-29,Malaysia,1.4986334348994972,9.475604152572831,4.712830838528499,0.9782154835276262
2022-06-05,Malaysia,1.5167531574473025,9.391515500988884,4.633051420537641,1.025736229794946
2022-06-12,Malaysia,1.5107956143431687,9.116788266909053,4.511812428110788,1.138631910049227
2022-06-19,Malaysia,1.4079552973938951,9.039617636446312,4.429964470054377,0.8794425909609256
2022-06-26,Malaysia,1.4261368909430112,9.039450502485748,4.406757345185693,0.9590178111063642
2022-07-03,Malaysia,1.3953371442884273,9.037400774072047,4.401256761350255,0.8623210290317729
2022-07-10,Malaysia,1.3902276511043465,8.954859479215607,4.355405899446073,0.7650128815221525
2022-07-17,Malaysia,1.3659009079774116,8.869807121982658,4.306788051198163,0.7618364591198057
2022-07-24,Malaysia,1.420828349091273,8.858689546724506,4.3172995088633215,0.8934676376793023
2022-07-31,Malaysia,1.5166914397222246,8.86201928686433,4.325376166542383,0.9559061703323908
2022-08-07,Malaysia,1.5111012779216288,8.722429884899329,3.813939970355816,0.8433607807155474
2022-08-14,Malaysia,1.5543823587626528,8.715057582516788,3.812392871245946,1.026165862928292
2022-08-21,Malaysia,1.5420254130854585,8.689931465342832,3.788443001591219,0.7884443428028436
2022-08-28,Malaysia,1.5679419553878866,8.76502170208246,3.803046010334243,0.8953629763135073
2022-09-04,Malaysia,1.5046539047164296,8.827241216542053,3.72589632236424,0.6942854866399568
2022-09-11,Malaysia,1.5744320801444074,8.763998279797642,3.7129550784136103,0.832445998797907
2022-09-18,Malaysia,1.5387516837254083,8.551147178702307,3.7063702754088306,0.857686886242945
2022-09-25,Malaysia,1.4003340915507299,8.405947115249134,3.707693515833092,0.728722839425933
2022-10-02,Malaysia,1.3197642784050472,8.401131688689459,3.741838306886813,0.5901268789930261
2022-10-09,Malaysia,1.337693235031485,8.359231494412882,3.7068661974421953,0.6332055180135951
2022-10-23,Malaysia,1.3108665396476296,8.146343147265656,3.6580486006940354,0.792441149691719
2022-10-30,Malaysia,1.3563625897092981,8.133994085657719,3.6598668902222182,0.7764163407763882
2022-11-06,Malaysia,1.3707230044931187,8.078707503848811,3.6271697974324786,0.7909275758689603
2022-11-13,Malaysia,1.4476090488738684,7.61377078954734,3.6100568295446127,1.0407979382227686
2022-11-20,Malaysia,1.498813187111867,7.5826728989640255,3.520396027091667,0.8971425005148205
2022-11-27,Malaysia,1.5483019396773168,7.535274555799839,3.5185127445342834,0.7705003390496973
2022-12-04,Malaysia,1.5548424769502927,6.9466014509587755,3.5194445364960267,1.1697753443019434
2022-12-11,Malaysia,1.5230816807786696,6.9455132397930335,3.4555369195904784,1.1163958413760324
2022-12-18,Malaysia,1.5358141793367355,6.942167186393704,3.454836973764997,1.3178178170884645
2022-12-25,Malaysia,1.5110401940341343,6.948341092768294,3.4815794184470152,1.3677656778745355
2023-01-01,Malaysia,1.5232688210179846,6.956649913829512,3.491387110487034,1.3676234542565502
2023-01-08,Malaysia,1.5453820112255434,6.988997926312209,3.709982967815176,1.4403645494655113
2023-01-15,Malaysia,1.58853559523901,6.948158357362872,3.703806706800873,1.72726893598615
2023-01-22,Malaysia,1.6099522724899868,6.927529316929033,3.705963492065588,1.7701136868395206
2023-01-29,Malaysia,1.6098079576347508,6.928823742242664,3.716460905628625,1.7363893392027283
2023-02-05,Malaysia,1.6465598853178685,6.882211181944323,3.6619264109831486,1.6256651866963894
2023-02-12,Malaysia,1.617075444506019,6.77069216279954,3.660429080944296,1.8131569755659132
2023-02-19,Malaysia,1.5958223502700102,6.590720235343083,3.5627563347349316,1.75978667691613
2023-02-26,Malaysia,1.5683454375062766,6.591106064313374,3.6056731938852495,1.6796146531307403
2023-03-05,Malaysia,1.5955404708717504,6.600639837322892,3.721806590681587,1.8056939160438008
2023-03-12,Malaysia,1.574568121339504,6.609163462954148,3.7124345213682473,1.6984462675576033
2023-03-19,Malaysia,1.5617218867369478,6.345857211715352,3.738356162628792,1.060380849190669
2023-03-26,Malaysia,1.4812688916603727,6.421919192150773,3.794804759295265,1.1844022869153663
2023-04-02,Malaysia,1.5483670560221636,6.402081090210324,4.308458523267364,1.5396537413688112
2023-04-09,Malaysia,1.5813382903629425,6.405741776771041,4.299538274422782,1.5836841180776726
2023-04-16,Malaysia,1.6056341402458019,6.389074119609393,4.383960294239344,2.086975581749456
2023-04-30,Malaysia,1.5676730754473645,6.526591663567399,4.345326074397382,1.8385908134579867
2023-05-07,Malaysia,1.5419611130182609,6.53552828449602,4.347360449492756,1.695306986389112
2023-05-14,Malaysia,1.5607778780086732,6.500889618478644,4.324499035059346,1.6811672021912585
2023-05-21,Malaysia,1.5882570683737944,6.338661793545109,4.307723471924762,1.735427091473326
2023-05-28,Malaysia,1.6054907519508812,6.210646207366166,4.288819789960643,1.6931070369106591
2023-06-04,Malaysia,1.6424939542315813,6.220230337564877,4.31179910826875,1.517374526843683
2023-06-11,Malaysia,1.6624076823806102,6.285164575459514,4.357048103894912,1.873069102942396
2023-06-18,Malaysia,1.6946654376095798,6.3069258558148205,4.386362467237999,1.917904661239036
2023-06-25,Malaysia,1.6941626475784324,6.2555023371819285,4.419698989256523,1.734847183930108
2023-07-02,Malaysia,1.682637720028312,6.2454098887699345,4.388566537354324,1.867302397501876
2023-07-09,Malaysia,1.678549406397273,6.26358859214954,4.37240218822598,1.7611508562480809
2023-07-16,Malaysia,1.7297093402621577,6.136796265813192,4.0830137178387425,2.15175181875345
2023-07-23,Malaysia,1.7249946436818122,6.1168274352410155,4.065935769847795,2.1644484934183357
2023-07-30,Malaysia,1.7852480506696498,6.11904008512388,4.077213003185004,2.1854237157614116
2023-08-06,Malaysia,1.7811068568628108,6.164749946473591,4.604057141799747,2.2421975403254573
2023-08-13,Malaysia,1.7614344761010088,6.142927022120668,4.598193075611198,2.235958705559603
2023-08-20,Malaysia,1.678549406397273,6.103687485776369,4.542538438313986,2.2210474766314787
2023-08-27,Malaysia,1.7166440061501156,6.10028003158561,4.66827988532804,2.185851338087764
2023-09-03,Malaysia,1.7296199219399158,6.107721171791821,4.732417823880615,2.230374293226005
2023-09-10,Malaysia,1.7430933020560033,6.1057604261970155,4.740068025457686,2.2297380769059973
2023-09-17,Malaysia,1.7963496792319025,6.184747668930932,4.746990366203794,2.2434995573766248
2023-09-24,Malaysia,1.7381717949193136,6.2425909817398955,4.792539793502724,2.0269861588185556
2023-10-01,Malaysia,1.7289950259690392,6.249884871416974,4.858828753389685,1.9037832261472096
2023-10-08,Malaysia,1.6518194883153094,6.268240042817021,4.608983239798875,1.6640555256111245
2023-10-15,Malaysia,1.6780606412961236,6.373367104244399,4.686369034067064,1.2107990518970266
2023-10-22,Malaysia,1.6307663470639981,6.371408079916671,4.685653960940464,1.2198899242326435
2023-10-29,Malaysia,1.6101690289666817,6.370363283640455,4.639118456337761,1.0990558444643097
2023-11-05,Malaysia,1.6249541934523337,6.399992975552596,4.675045954197365,1.5006455700607793
2023-11-12,Malaysia,1.6990427138081479,6.616348204023974,4.696929943380656,1.4599855965246569
2023-11-19,Malaysia,1.761150465726228,6.621081466831763,4.836423894031592,1.416124584137519
2023-12-03,Malaysia,1.8159076972994392,7.131525906086749,4.934592603094617,1.7230990679195164
2023-12-10,Malaysia,1.8013249766715265,7.1346594785591195,4.973768011224232,1.6865662650623243
2023-12-17,Malaysia,1.816432167726574,7.13270550348423,5.023199195872313,1.767782137817957
2023-12-24,Malaysia,1.816012570657214,7.111312377198928,4.91327346233928,1.9151862040885457
2023-12-31,Malaysia,1.827142131768728,7.111123716434724,4.925535456669242,1.7337515800306569
2024-01-07,Malaysia,1.771856179169067,8.73492733442243,5.1859957290063825,1.8475101677571024
2024-01-14,Malaysia,1.8014269999112094,8.823813065651702,5.31082067838104,1.5796156959327443
2024-01-21,Malaysia,1.7861397329262148,8.592636000071165,5.308701309642085,1.8440125972993775
2024-02-04,Malaysia,1.7866355015857325,8.703133557688634,5.4139979084834104,1.912778375691705
2024-02-11,Malaysia,1.8065533346593232,8.810942289845247,5.40602697569766,2.0684565396723205
2024-02-18,Malaysia,1.8223435732152393,9.109946872457988,5.605543615078044,2.179595974491961
2024-02-25,Malaysia,1.8495771745118232,9.114274570492825,5.611609718808553,2.141370860180374
2024-03-03,Malaysia,1.838293870086279,9.093818942065791,5.588391730799734,2.2187857268813076
2024-03-10,Malaysia,1.8379656790997658,9.049926931783943,5.589617974098809,2.3687729804276927
2024-03-17,Malaysia,1.8604250639230555,9.790161361612318,5.577041037206003,2.3373488052142033
2024-03-24,Malaysia,1.8261789931474566,9.838022956971892,5.639370969270697,2.5910540987556625
2024-03-31,Malaysia,1.816012570657214,9.927404205724631,5.657341381917795,2.5925341079590933
2024-04-07,Malaysia,1.7814015968280634,9.905320591816563,5.887204467081527,2.072026596863485
2024-04-14,Malaysia,1.7853470420949322,9.871179128136502,5.875279303463644,2.070526351678519
2024-04-21,Malaysia,1.7387166149847844,9.885201830065526,5.8517913713702985,2.088057034439977
2024-05-05,Malaysia,1.765044824175337,9.877891033627252,5.8473317595396175,2.4287004133996404
2024-05-12,Malaysia,1.7812051837446752,9.933453879666423,5.8771391195962925,2.444118679160366
2024-05-19,Malaysia,1.7961476921396273,10.3435050272617,5.964728766528056,2.452225048919541
2024-05-26,Malaysia,1.7765102887498563,10.75070774760476,6.013288493880935,2.481463549569744
2024-06-02,Malaysia,1.7765102887498563,10.816452591788195,6.026649287457131,2.2390054820191736
2024-06-09,Malaysia,1.7767050874435446,10.848079412746802,6.041525860772313,2.620579794077472
2024-06-16,Malaysia,1.7708915249330381,10.85475852718398,6.051864776283132,2.7903555315979824
2024-06-23,Malaysia,1.7663810958672321,11.037636799187252,6.128719938014599,2.7874740702516645
2024-06-30,Malaysia,1.7717597420869344,11.072731424985902,6.1789343628795645,2.6030728205714526
2024-07-07,Malaysia,1.7958445017517828,11.089486542278976,6.24289007808102,2.8559972247297787
2024-07-14,Malaysia,1.821812975718089,12.063226616685515,7.533776947703815,2.848707953549606
2024-07-21,Malaysia,1.801529144808018,12.120015078665974,7.59830366968779,2.56304140235618
2024-08-04,Malaysia,1.7958445017517828,9.581434056700532,6.868907789685123,1.780753914583545
2024-08-11,Malaysia,1.7713736841837653,9.658616135350483,6.885155594751642,2.1848324130776136
2024-08-18,Malaysia,1.826392788131034,9.776369978013845,7.0369896905914615,2.378992945374423
2024-08-25,Malaysia,1.8270349100713128,9.705238378425465,7.040026540812119,2.4566849040341316
2024-09-01,Malaysia,1.8549726923437895,9.70411847668963,7.051668013146901,2.2388879055788737
2024-09-08,Malaysia,1.8381845595876158,9.7999943331315,6.711479869699494,1.9120438389702907
2024-09-15,Malaysia,1.8433520335881828,9.820584433381567,6.721843133220796,2.0993755332160298
2024-09-22,Malaysia,1.8491299470419313,9.654429878072976,6.657440042135998,2.391210438920647
2024-09-29,Malaysia,1.8717387523822038,9.615020405876807,6.718893401223149,1.8727070131695327
2024-10-06,Malaysia,1.8551988454872372,8.77798210015663,7.362412723582715,1.4603192634169435
2024-10-13,Malaysia,1.8490182281980962,8.610925708265711,7.228925877959182,1.1868185195267558
2024-10-20,Malaysia,1.8489064216751476,8.630667105668525,6.959417277567587,1.394941887088186
2024-10-27,Malaysia,1.8326341857444972,8.495337337239244,7.042577758125515,1.3040980500552872
2024-11-03,Malaysia,1.8213888614166716,8.474533656685363,6.9995320368720435,1.5179042202974018
2024-11-10,Malaysia,1.8377469995954578,8.456999014400095,7.043715394162547,1.821669728230162
2024-11-17,Malaysia,1.8219190312068057,8.231857127758884,7.026352462736772,2.0405349354079965
2024-11-24,Malaysia,1.8063474298543474,8.22172051667412,7.005241914933359,1.9872949672034956
2024-12-01,Malaysia,1.7960465758203374,8.295483578262344,7.064501704288935,2.061365320689771
2024-12-08,Malaysia,1.8070687048644967,8.289449357466495,7.198029814776965,2.452977423354442
2024-12-15,Malaysia,1.8065533346593232,8.222693510180989,7.088238824729065,2.11121872534538
2024-12-22,Malaysia,1.7762182231301642,8.141225688317645,7.474152562407693,2.562280453360403
2024-12-29,Malaysia,1.7768024158614215,8.156575826340319,7.468955902695703,2.498041459313657
2015-01-04,Mexico,1.3659009079774116,6.299275447567261,5.320425208369647,0.2474804296117283
2015-01-11,Mexico,1.3755812060374362,6.295879135881689,4.882118911961441,0.3621125011873494
2015-01-18,Mexico,1.346914387735461,6.397295063453274,4.838825411503811,0.2232392687851852
2015-01-25,Mexico,1.3470086700470862,6.434295676493591,4.860681100207381,0.1954790484787917
2015-02-01,Mexico,1.3309415858328228,6.283010326329539,4.2634722230290905,0.1585768694617899
2015-02-08,Mexico,1.3657553409344616,6.290022849869064,3.698107061090284,0.1294203422663255
2015-02-15,Mexico,1.36706661895015,6.290212534716903,3.662506311613508,0.2195281621938389
2015-02-22,Mexico,1.3575592563277388,6.254178047248943,3.6704510084596302,0.2426426219430947
2015-03-01,Mexico,1.402847272417049,6.258499538864392,3.640061162884355,0.2099597838313289
2015-03-08,Mexico,1.3194476761247775,5.972772817905527,3.6206479682468538,0.3684274101322906
2015-03-15,Mexico,1.2436612888098453,5.975434337341576,3.599883980594219,0.2369172610995331
2015-03-22,Mexico,1.2733644356567781,5.884506349674172,3.604528479729042,0.3489990046135082
2015-03-29,Mexico,1.2848614658806528,5.857782216706737,3.5863747583833483,0.2887627841638399
2015-04-05,Mexico,1.3152106888467086,5.775633297872387,3.5728971523966053,0.3014621388534084
2015-04-12,Mexico,1.2922886938514884,5.598634258958108,3.559788341842854,0.5526148470854534
2015-04-19,Mexico,1.3063287444704543,5.583712241049128,3.509110575520138,0.582306617497592
2015-04-26,Mexico,1.3377862046752491,5.580439520220699,3.493399220325749,0.786842655641855
2015-05-03,Mexico,1.2921584459718143,5.559446003873196,3.499103955194244,0.8271611442051481
2015-05-10,Mexico,1.3241670811321469,5.469634576235858,3.484658521595229,0.8882306903496389
2015-05-17,Mexico,1.3196738052276529,5.47516777426128,3.4920474015557335,1.1514520300544275
2015-05-24,Mexico,1.3469615271981836,5.414456752687956,3.4829734533359864,1.0593793748513365
2015-05-31,Mexico,1.3353732435591712,5.390840791089998,3.450167416705126,0.928275933578287
2015-06-07,Mexico,1.265722907132797,5.29379778907003,3.3244712480697665,0.9063644817577317
2015-06-14,Mexico,1.2890400226976935,5.270449974850368,3.2632649513866587,1.029778168176465
2015-06-21,Mexico,1.2859359439222922,5.275262210725578,3.236029669819626,1.0930022450386216
2015-06-28,Mexico,1.2732799950016194,5.225907527991412,3.228370681623428,1.1463214505831796
2015-07-05,Mexico,1.2776848834732193,5.208771736921274,3.2235886518643806,1.1572517315241373
2015-07-12,Mexico,1.2829316970194564,5.208768215937161,3.238878202920857,0.6104653168590262
2015-07-19,Mexico,1.2807939428484363,5.17117974590716,3.260947592932971,0.8596446096887754
2015-07-26,Mexico,1.2205998420637898,5.084898963520307,3.194302278859327,0.6546029698025475
2015-08-02,Mexico,1.2452804178497106,5.121743515747887,3.228322521564573,0.6715304158993449
2015-08-09,Mexico,1.2410785606939183,5.114396497592034,3.1612322273053324,0.5843179391802101
2015-08-16,Mexico,1.2391478340549438,5.099930711589721,3.148067260713323,0.5777974041624624
2015-08-23,Mexico,1.1690000199396011,4.933157509091533,3.059623127125279,0.4192218745737099
2015-08-30,Mexico,1.2132858609651718,4.9304457218266515,3.065056184604937,0.2448070446751706
2015-09-06,Mexico,1.1830238550240466,4.909250245628239,3.066207216495758,0.2853428866895103
2015-09-13,Mexico,1.1951015592569874,4.935320853133957,3.0680424122334475,0.2807339894571238
2015-09-20,Mexico,1.246050838474169,4.930492356194839,3.0425349923916643,0.397746180966238
2015-09-27,Mexico,1.110506668486837,4.8989694763538205,3.004231727515557,0.3264326925235684
2015-10-04,Mexico,1.0683332198827884,4.876145058877565,3.0065775471769185,0.5115994271414952
2015-10-11,Mexico,1.201884736407068,4.8613200157347665,2.9117126452867517,0.5324876463859044
2015-10-18,Mexico,1.1907403100572753,4.864031816540964,2.873749140730326,0.6509801819881801
2015-10-25,Mexico,1.2017324415680428,4.840037501296318,2.8435009251998813,0.5690164674522482
2015-11-01,Mexico,1.1852518807268742,4.846477825091265,2.8442165271242352,0.5544485970402727
2015-11-08,Mexico,1.1976328788264317,4.773134159711791,2.826385661139501,0.6255838022437433
2015-11-15,Mexico,1.154960653876989,4.77542354535886,2.8039368201396004,0.4168240217695758
2015-11-22,Mexico,1.1962338635908405,4.778011856681609,2.8116330292007365,0.4667167866287494
2015-11-29,Mexico,1.1833205214877767,4.813287889563229,2.813833755065983,0.3623373533534106
2015-12-06,Mexico,1.1592154305333453,4.846881230170647,2.9376471002300826,0.5439518716240958
2015-12-13,Mexico,1.0631543610759482,4.644159114822433,2.678339468724493,0.2662950657846534
2015-12-20,Mexico,1.105893051585877,4.646506250502719,2.6827242992353537,0.3964885083611983
2015-12-27,Mexico,1.1257898433953284,4.644823371563836,2.6810768308470654,0.3930926766132959
2016-01-03,Mexico,1.1189391047320272,4.214991592151833,2.594858833622394,0.3388695854651425
2016-01-10,Mexico,1.0661815584219785,4.0713650175278655,2.5010090415471486,0.1530381770161661
2016-01-17,Mexico,1.0075837039629738,4.0566740292429815,2.515632602572559,0.0494919908106556
2016-01-24,Mexico,1.0404318682825446,4.045235858679934,2.493459993120289,0.0454245839018417
2016-01-31,Mexico,1.0410429066984495,4.072749706217831,2.634444236476885,0.0601103675404153
2016-02-07,Mexico,1.0212812730092835,4.017465388536499,2.9004474007363745,-0.0180941298513626
2016-02-14,Mexico,0.9660216066869294,3.963504130378438,2.8196927413579127,-0.0891169921798166
2016-02-21,Mexico,1.0262714872283856,3.924947317784655,2.7581385709663553,0.0384778487588468
2016-02-28,Mexico,1.0331978596352842,3.919338857257595,2.717668186569271,0.0674643168978246
2016-03-06,Mexico,1.1088317279892816,3.9708994076535777,2.724935568710577,0.2618969792327694
2016-03-13,Mexico,1.1482542981884198,3.9733895934720858,2.7329070184046027,0.303240305184707
2016-03-20,Mexico,1.2087339208985257,4.017729392996479,2.722260075164811,0.4709857663381285
2016-03-27,Mexico,1.121692138787405,4.013335002725139,2.702072161169826,0.4621451113824089
2016-04-03,Mexico,1.1432563147172834,4.071090737517285,2.707162948772973,0.4041390401973188
2016-04-10,Mexico,1.1002159229969612,4.07053679293134,2.7121951819823256,0.3929267469116801
2016-04-17,Mexico,1.153927576200785,4.077499109634656,2.7696937838267073,0.3038838465673943
2016-04-24,Mexico,1.1591437132891715,4.082143481059798,2.781471332623882,0.5813563874442726
2016-05-01,Mexico,1.1449067567384614,4.094065993215236,2.7876106551878626,0.5803622879176615
2016-05-08,Mexico,1.141609625490406,4.031907029089852,2.671328748297029,0.5616956404531525
2016-05-15,Mexico,1.1297729308833753,3.9981655715429345,2.674659356410736,0.5750223532096831
2016-05-22,Mexico,1.1050603324490562,3.982592720175229,2.6526035852086465,0.6092186226747509
2016-05-29,Mexico,1.1131608710518628,3.9769888653861503,2.6476265247237496,0.7674488769840656
2016-06-05,Mexico,1.1420297011299168,4.005328213132621,2.7045489677784857,0.8262388313325282
2016-06-12,Mexico,1.1239430335796499,4.031954242483999,2.7749094330004676,0.6173434302546169
2016-06-19,Mexico,1.1019376890808537,4.021097087878704,2.711183582242603,0.5578920800466451
2016-06-26,Mexico,1.0800858331474035,4.030084493043893,2.716225840145011,0.4871899181136681
2016-07-03,Mexico,1.179547268755059,3.998705467096331,2.723193444690008,0.8056234152350708
2016-07-10,Mexico,1.2117009000544745,3.9824745017128342,2.690301567904898,0.590603835526669
2016-07-17,Mexico,1.2172445810724914,3.981152446587075,2.6963809637288136,0.7651946122612998
2016-07-24,Mexico,1.2367019571208688,4.015358270806519,2.7179557643623484,0.6793684480996525
2016-07-31,Mexico,1.1877108168131798,4.006292234938634,2.668125990476711,0.5870620642143787
2016-08-07,Mexico,1.2154565010188014,4.002027640059362,2.6983846288278053,0.5626628580233975
2016-08-14,Mexico,1.2407563979917378,4.0037916759655054,2.706832166708867,0.7320989466823612
2016-08-21,Mexico,1.2604823184616492,4.0834222599177155,2.7637862601239065,0.8553296561048765
2016-08-28,Mexico,1.2385857199639727,4.031942907533989,2.749315619354485,0.7790563932936908
2016-09-04,Mexico,1.2405148745356391,4.0448830501689566,2.741568518911064,0.6822628845341874
2016-09-11,Mexico,1.2286635981384224,4.005997461003196,2.7541719910296365,0.6228611398807569
2016-09-18,Mexico,1.1622340394441513,3.890875320175681,2.6652089990654733,0.5794081073138718
2016-09-25,Mexico,1.1236698285900526,3.8967688426523814,2.6931772581854365,0.4331283839892901
2016-10-02,Mexico,1.1387804629847387,3.917075114604493,2.680509135267863,0.6114692827246846
2016-10-09,Mexico,1.1630267297051105,3.9400102050666583,2.7924987628722935,0.7319457075866006
2016-10-16,Mexico,1.1989588305292136,3.9434495246060814,2.8142089104480466,0.7928765243468733
2016-10-23,Mexico,1.2244037361829494,3.9457302297149104,2.836608854903456,0.957670630193451
2016-10-30,Mexico,1.1698730297405842,3.898597726072231,2.8173205640894445,0.7045078500647584
2016-11-06,Mexico,1.1437475423971681,3.930771550074017,2.782178464206582,0.5210510292546395
2016-11-13,Mexico,1.067478146145939,3.4278875014017633,2.459279631325173,0.3872424763474767
2016-11-20,Mexico,1.031988760317414,3.4344993761935445,2.470882008772189,0.3529977121494054
2016-11-27,Mexico,1.0604214359906698,3.4305112807836493,2.476481810771097,0.1795483973087288
2016-12-04,Mexico,1.080794317683248,3.4360413629188233,2.457921799777946,0.8291724002358777
2016-12-11,Mexico,1.1554955864846632,3.536210775004182,2.641367442851848,0.8513994714258735
2016-12-18,Mexico,1.1733757738321025,3.5411055212446128,2.6699069661013786,1.138016501137298
2016-12-25,Mexico,1.1679102540857125,3.5332053887758184,2.6542564628073015,1.091276193894379
2017-01-01,Mexico,1.1696546773399001,4.839392461619631,2.9813285637466733,1.0379270065914068
2017-01-08,Mexico,1.127916029696692,4.899022848315313,3.103459100532882,1.0274112572734235
2017-01-15,Mexico,1.1231578442226229,4.88647929584051,3.1136634699366232,1.0016625201481506
2017-01-22,Mexico,1.1118493711928177,4.882299773856749,3.1179337014962227,1.0723847095858212
2017-01-29,Mexico,1.1452584007092557,4.83277299746544,3.090814327294051,1.0851722874982184
2017-02-05,Mexico,1.1696546773399001,4.851130959083602,3.094513026541373,1.1921237845235413
2017-02-12,Mexico,1.1938957657474518,4.909552565899483,3.2176495295842287,1.2904863555166888
2017-02-19,Mexico,1.163387333244672,5.063266775922031,3.3347402576190803,1.3503084578691682
2017-02-26,Mexico,1.2355421883506037,5.007560324673457,3.4540180215486096,1.3647102958218351
2017-03-05,Mexico,1.269239118249784,5.103884168837662,3.4584446204428048,1.3914967016097008
2017-03-12,Mexico,1.2372224849517683,5.088979156750058,3.4806885247485337,0.9572166577690444
2017-03-19,Mexico,1.2732799950016194,5.080821905616079,3.5687226756011943,1.3117796402831814
2017-03-26,Mexico,1.2532696591350332,5.075430210533636,3.614487291187371,1.1386582064004775
2017-04-02,Mexico,1.272647024084998,5.100893586016306,3.609506052369869,1.3280308123797842
2017-04-09,Mexico,1.2775999040376322,5.158655700242999,3.6541073436286697,1.383779145723244
2017-04-16,Mexico,1.2766234045907199,5.178844912678448,3.6687171072006257,1.4002532941929366
2017-04-23,Mexico,1.2745477074439706,5.1347352896034035,3.606265279997984,1.2289020146526357
2017-04-30,Mexico,1.3203979356076854,5.168673551400261,3.651076082687308,1.3083615704234617
2017-05-07,Mexico,1.325945544338156,5.298468740381353,3.828523428291932,1.00979935458052
2017-05-14,Mexico,1.3214856125441776,5.341820190240217,3.832780106759406,1.026660502382317
2017-05-21,Mexico,1.3372750338079087,5.381740271485421,3.8566418761151566,1.2411240187715815
2017-05-28,Mexico,1.33135579354096,5.394405284378304,3.850211834641237,1.2348532317462244
2017-06-04,Mexico,1.3190860294175795,5.369141563520451,3.831473678802007,1.0907781966787435
2017-06-11,Mexico,1.362561077081545,5.320929890884855,3.841403883369794,1.1187910862623875
2017-06-18,Mexico,1.3555023449977694,5.332806144816053,3.9500224602308474,1.3983363181131896
2017-06-25,Mexico,1.3543094357692962,5.323029081096835,3.948543506415612,1.1657372427446195
2017-07-02,Mexico,1.3403946947755454,5.449530321433436,3.9018798365740386,1.3319442475194656
2017-07-09,Mexico,1.3392755054254688,5.470323429878401,3.947637410028438,1.1089257573774232
2017-07-16,Mexico,1.3601996700104257,5.413956619825175,3.940050684591558,1.304990668051557
2017-07-23,Mexico,1.3825640391323195,5.398749151479584,3.957215159061616,1.3569173454015055
2017-07-30,Mexico,1.3941193182701825,5.3922373131341965,4.045937746129327,1.3114606349660205
2017-08-06,Mexico,1.40542202452535,5.371719295422636,4.073063002256919,1.3630411233912192
2017-08-13,Mexico,1.3757289945084348,5.471014128429243,4.140556334892769,1.376008338632921
2017-08-20,Mexico,1.3660950480652092,5.476643461269647,4.117541097266897,1.4371849056854025
2017-08-27,Mexico,1.3903788339612386,5.566607788107273,4.121362899478193,1.3639057644518562
2017-09-03,Mexico,1.4092516983830836,5.523136064001861,4.052293564044322,1.3445893546016778
2017-09-10,Mexico,1.410498782340256,5.582897898376569,4.038451083998922,1.3240578945120618
2017-09-17,Mexico,1.4182432667869853,5.8360369631846725,4.2886358831842575,1.494192298215666
2017-09-24,Mexico,1.3450785839235408,5.84196628176695,4.302100666288998,1.5030807509226132
2017-10-01,Mexico,1.3555023449977694,5.696802715057583,4.257262146817709,1.4320517672112596
2017-10-08,Mexico,1.3613552085785383,5.616415607620121,4.208603390584697,1.374805316861656
2017-10-15,Mexico,1.334725105193026,5.53536014043608,4.173619826718081,1.4579194476970847
2017-10-22,Mexico,1.3830123255640367,5.599539818648432,4.1707548632583515,1.5271429535943648
2017-10-29,Mexico,1.3696971394734736,5.648288697715056,4.19329177072925,1.4724179678568892
2017-11-05,Mexico,1.3673097387287512,5.643063461456705,4.257966232482109,1.5275851930619828
2017-11-12,Mexico,1.3566017477082328,7.931859354879832,5.609053024479152,1.2470303095044686
2017-11-19,Mexico,1.3601515669840971,7.93546987495985,5.612840689087402,1.4017759448226
2017-11-26,Mexico,1.3903788339612386,7.890761804689605,5.640209992793303,1.4334624150979538
2017-12-03,Mexico,1.3953371442884273,7.946212543142645,6.063045266536607,1.7916977622077814
2017-12-10,Mexico,1.3879139537464753,7.755310713946778,5.77497177835832,1.752522862202572
2017-12-17,Mexico,1.380525776683156,7.650573161836645,5.782293960355692,1.9256960387707736
2017-12-24,Mexico,1.3708696891125811,7.1960078612049685,5.431884036639924,2.0268557648390577
2017-12-31,Mexico,1.376912518769863,7.211666842091464,5.439842838829448,1.8673850168670632
2018-01-07,Mexico,1.420828349091273,5.943288009870463,4.829778139354986,1.7731583758462877
2018-01-14,Mexico,1.4195081393232025,5.9819951814923105,4.84963347924977,1.699064493081016
2018-01-21,Mexico,1.40542202452535,5.963555535914257,4.878067482491794,1.9118383719114944
2018-01-28,Mexico,1.4156687819936795,6.14894697299651,5.104042209907857,1.838943266687819
2018-02-04,Mexico,1.410498782340256,6.183832606106737,5.152985360968469,1.7059643791165793
2018-02-11,Mexico,1.3428261531983754,6.157042948190139,5.147843457405344,1.3076608827525031
2018-02-18,Mexico,1.4003852823524698,6.175427522310265,5.175628786907634,1.4902094498171772
2018-02-25,Mexico,1.3904292361495494,6.308005005665452,5.308175088246725,1.6603736038289263
2018-03-04,Mexico,1.3637691820419233,6.269473751572214,5.213830054379824,1.560482236709705
2018-03-11,Mexico,1.3854584784125146,6.2841647323424015,5.220378347279509,1.5737348954083514
2018-03-18,Mexico,1.3805754139157407,6.434432685598195,5.252226423023408,1.6787785241175508
2018-03-25,Mexico,1.322620506129922,6.490625808491006,5.218710383181366,1.4935709574863392
2018-04-01,Mexico,1.3626576430498063,6.459772048331244,5.208622423393681,1.5206605031016691
2018-04-08,Mexico,1.3734175079592403,6.438949187094082,5.2106440120344475,1.675629824031335
2018-04-15,Mexico,1.3855084966897386,6.462337313238937,5.173809344800963,1.459459792015758
2018-04-22,Mexico,1.3544524700137797,6.222801091150165,5.012925179511719,1.3848182378598068
2018-04-29,Mexico,1.3440921954720184,6.209186036891699,5.018263700631668,1.5923420389313698
2018-05-06,Mexico,1.3293332392126982,5.955738732972025,4.675323716973698,1.5149161213510434
2018-05-13,Mexico,1.3383442980860056,5.936676388800195,4.6810996810877405,1.5273728622056195
2018-05-20,Mexico,1.2640965203876706,5.750501793907695,4.547329664899116,1.5162540833600786
2018-05-27,Mexico,1.3093505156850003,5.696416287378574,4.5625177029067805,1.3920135010880816
2018-06-03,Mexico,1.2391478340549438,5.626133626795734,4.5058804704278925,1.3317276045461175
2018-06-10,Mexico,1.1900285237490396,5.674249547602252,4.487623152443218,1.3683512023068878
2018-06-17,Mexico,1.2140215735590338,5.636156578507205,4.4047763317635535,1.337581258387741
2018-06-24,Mexico,1.2589510136514943,5.5033063794603,4.381305877904365,1.5172985905726968
2018-07-01,Mexico,1.2533106595702266,5.512795630660538,4.400101866143663,1.419644974545342
2018-07-08,Mexico,1.3382512496927423,5.2780808981506775,4.402440155926722,1.4246324320016317
2018-07-15,Mexico,1.3543571103747931,5.410357793460842,4.45613516742739,1.469701904512197
2018-07-22,Mexico,1.337089251709895,5.390537893697859,4.397344532178302,1.5545973678272424
2018-07-29,Mexico,1.3543094357692962,5.36427196956155,4.4130812619937325,1.6575297164716472
2018-08-05,Mexico,1.3381582144351234,5.375394259740883,4.42922511820825,1.6108753746184024
2018-08-12,Mexico,1.3048229614046711,5.304600634198751,4.352350894712867,1.5916936834774131
2018-08-19,Mexico,1.322347954751871,5.3094622739813335,4.365668755326398,1.5743723836204002
2018-08-26,Mexico,1.333523105179375,5.315028516577623,4.436160389869595,1.7397394275996312
2018-09-02,Mexico,1.3156601528023635,5.303258337138768,4.4791721881792625,1.6030349815347062
2018-09-09,Mexico,1.2959459006631784,5.253374818150472,4.52102253039896,1.4979404132394218
2018-09-16,Mexico,1.3566017477082328,5.216527762071668,4.468749958657996,1.5103053559613508
2018-09-23,Mexico,1.3314018326396955,5.220619178631256,4.483752518575406,1.5298360229822363
2018-09-30,Mexico,1.345125591762901,5.331532063832511,4.519734257954993,1.5005154345849914
2018-10-07,Mexico,1.3114024296190165,5.3564370423942,4.601883441161951,1.3771971293016587
2018-10-14,Mexico,1.3049114431966853,5.418446210866532,4.579415787058152,1.4407010846862454
2018-10-21,Mexico,1.275267128905437,5.319124076761424,4.513778868284746,1.4270327788142003
2018-10-28,Mexico,1.2490596657991744,5.32073972455531,4.417961189643413,1.3221580898406156
2018-11-04,Mexico,1.229217718523048,5.118594437951549,4.273471942898379,1.1321744953360642
2018-11-11,Mexico,1.2293365161351675,5.104714954544636,4.199940717625831,0.9801257541101625
2018-11-18,Mexico,1.189803897741132,5.114905914802526,4.194866342298848,0.7471170000248579
2018-11-25,Mexico,1.1487842775390544,5.126853063905228,4.131458893982764,0.145967829141297
2018-12-02,Mexico,1.1951769897436682,5.14341995990627,4.167325663636567,0.274058608615152
2018-12-09,Mexico,1.1970653760934413,5.155930403961995,4.088584971433233,0.7632013560618705
2018-12-16,Mexico,1.2099654267011277,5.17904366985826,4.032396539132533,0.743633349424066
2018-12-23,Mexico,1.1912652426544905,5.301686334632315,4.150236691072764,0.4641863468007943
2018-12-30,Mexico,1.169581908023245,5.28736477996336,4.161024138325974,0.4473636545430484
2019-01-06,Mexico,1.2076965168569314,6.030030760753843,4.545610337230114,0.4624976588714203
2019-01-13,Mexico,1.2387462773608289,6.028675694831115,4.497634770119198,0.8230223330493629
2019-01-20,Mexico,1.2770902507823765,6.135564428497243,4.533829060995865,1.0633309843760148
2019-01-27,Mexico,1.2646799058672653,6.1476233346464015,4.553188708100788,1.0906005802954009
2019-02-03,Mexico,1.244591823364416,6.150041630098423,4.5532937513960965,1.1569457694129868
2019-02-10,Mexico,1.2289801842342332,6.160809751834368,4.552939776979972,1.204431154040004
2019-02-17,Mexico,1.247269048977512,6.133828451333617,4.54917011294965,1.3671466893624105
2019-02-24,Mexico,1.2564338824890913,6.136906920419059,4.555451799641462,1.3513588796329723
2019-03-03,Mexico,1.284646775037242,6.139120528647342,4.556508229881852,1.2992456555206533
2019-03-10,Mexico,1.274632305737236,6.130225857792846,4.563859766566532,1.3150115876664337
2019-03-17,Mexico,1.2948553677531431,6.112994884796019,4.555000455198761,1.5545039729012633
2019-03-24,Mexico,1.2756059439794607,6.13601031166999,4.6264602074512675,1.4712641733761815
2019-03-31,Mexico,1.3036295997881742,6.132996471003949,4.682565889543058,1.5135686026365938
2019-04-07,Mexico,1.3184536204326927,6.09795949712031,4.692788364120115,1.740812828290012
2019-04-14,Mexico,1.3429198505445183,6.093671043445237,4.732232021755295,1.6482479608619915
2019-04-21,Mexico,1.3570324528782023,6.307251019482934,4.901274810804594,1.646609325881104
2019-04-28,Mexico,1.33773971821436,6.288114223064354,4.905177736584916,1.2887664799375167
2019-05-05,Mexico,1.3525479135107972,6.55934689076673,5.212924834089661,1.3710672731498916
2019-05-12,Mexico,1.3151208324259058,6.561116247875957,5.1959558875779255,1.19608346694912
2019-05-19,Mexico,1.321939337303018,6.79844300175768,5.388427744482172,1.3830528950618275
2019-05-26,Mexico,1.3096177994584925,6.941172490588858,5.3481468800516225,1.1798649266415095
2019-06-02,Mexico,1.268819569429701,6.831535085032486,5.425136595456373,0.5808135328442661
2019-06-09,Mexico,1.273829046813319,6.933275015532788,5.299156963233665,0.8963779605421268
2019-06-16,Mexico,1.2957276526066825,6.9908551788584345,5.373573132334412,0.7547075796089189
2019-06-23,Mexico,1.3522151852990794,7.270806166607947,5.454769058945021,0.7874052039206327
2019-06-30,Mexico,1.349370142355315,7.255849890790764,5.538350847690787,0.8918985498840731
2019-07-07,Mexico,1.35679313716725,7.992633957940845,5.49269680872869,1.111657575554698
2019-07-14,Mexico,1.3391823254390793,8.007011626686044,5.4999874536494,1.3501634593042289
2019-07-21,Mexico,1.33172419612521,8.047637351131106,5.502354668236999,1.1058600201782136
2019-07-28,Mexico,1.335049094820096,8.199514001508968,5.554434002530216,1.2350000459703343
2019-08-04,Mexico,1.2966010701103268,8.17216344227461,5.560958753680935,1.0632168587797022
2019-08-11,Mexico,1.3075713500767003,8.348889835638088,5.593178588787077,1.0807018407707158
2019-08-18,Mexico,1.320850918002567,8.274212113384616,5.585281315177562,1.0742810718731353
2019-08-25,Mexico,1.324303716826701,8.137705873784842,5.566152292230745,1.0477058112926645
2019-09-01,Mexico,1.3498434590676927,8.131340372042494,5.559572365654308,1.1923126881768424
2019-09-08,Mexico,1.4058349419623055,8.022167039509505,5.618986670853507,1.162748794354239
2019-09-15,Mexico,1.4079552973938951,8.213876726797285,5.776380654856505,1.0472349662648337
2019-09-22,Mexico,1.3548817605672612,8.212057164476954,5.60970579148093,0.8853713151767337
2019-09-29,Mexico,1.3291496768386093,8.17611488285895,5.49596238744308,0.8803553770544461
2019-10-06,Mexico,1.3381582144351234,8.102315491901667,5.4246624020746745,0.887707296852203
2019-10-13,Mexico,1.3518351314487558,8.113514101097014,5.467947306299423,0.8799909946532576
2019-10-20,Mexico,1.3819668079829537,8.322784915083513,5.5208215513511485,1.0439344340154393
2019-10-27,Mexico,1.4448571178338336,8.337824118778254,5.6571470423373595,1.1347175272839436
2019-11-03,Mexico,1.4638144159433097,9.09594550855901,5.891452674138095,1.1995784959281524
2019-11-10,Mexico,1.4802796808713206,9.13706278620464,6.016543666286139,1.3590093117653854
2019-11-17,Mexico,1.4534836871239565,9.118103849417087,6.037541647030945,1.3005424089869295
2019-11-24,Mexico,1.4470577378487703,9.105475176514751,6.266095121175795,1.2867629781649528
2019-12-01,Mexico,1.451204885366457,8.956137453931335,6.294634141624933,1.0461298205664376
2019-12-08,Mexico,1.5021783775566306,8.823216995529878,6.80925513485844,1.541162504708676
2019-12-15,Mexico,1.532510611884318,8.747685294596629,7.017291476384308,1.7913223461412875
2019-12-22,Mexico,1.5086603271573065,8.877649676085744,7.019431005676506,1.8894850066230264
2019-12-29,Mexico,1.5222091259119488,9.017372333146938,7.035029414080627,1.9292350997303631
2020-01-05,Mexico,1.528280769459149,8.718400238199163,7.177105870909183,1.3411773616017544
2020-01-12,Mexico,1.5420255418212532,8.792789075733687,7.394538996541362,1.443945475477558
2020-01-19,Mexico,1.5274634863890657,8.802811621826192,7.410846942598819,1.564124335690235
2020-01-26,Mexico,1.4924345438092388,8.746811361202077,7.294427169595112,1.2067037845591542
2020-02-02,Mexico,1.4923751830407361,8.79752914513003,7.148038951216651,0.9334108508919648
2020-02-09,Mexico,1.5241429102559099,8.791532873857964,6.050121600543777,1.0434175701280308
2020-02-16,Mexico,1.5524795997249496,8.852337811010099,5.985340217270832,1.1357990338843724
2020-02-23,Mexico,1.5740922843438172,8.608403073858314,5.978509766097076,1.1172647594917613
2020-03-01,Mexico,1.3670180059051127,8.487666741565294,5.593652553192365,0.5224596312810454
2020-03-08,Mexico,1.3335692955171392,8.555655264900434,5.134775133061259,0.3234575180039262
2020-03-15,Mexico,0.9996944702135453,5.996442292663996,2.2348573653103023,0.2050849051967964
2020-03-22,Mexico,0.8056148196340286,4.6020596311825495,1.872316424766689,0.1282828782236786
2020-03-29,Mexico,0.9216948130283815,4.472952771946636,1.6927912392863578,0.1718683053686576
2020-04-05,Mexico,0.8144694058773461,4.033877370685356,1.316364220504448,0.1105445146384599
2020-04-12,Mexico,0.9604093241848259,3.863312868791197,1.3082699815509702,0.1689795212981333
2020-04-19,Mexico,0.8358599202304146,3.8478167342443816,1.2023958263672054,0.146005038075869
2020-04-26,Mexico,0.7696144008175368,3.646308490358755,0.8980924959986394,0.1149881094828741
2020-05-03,Mexico,0.8707516833206251,3.640671086623876,0.7581617882929241,0.1545373078457025
2020-05-10,Mexico,0.9327678205526888,3.6032012914199583,0.7577776651675958,0.1832641558081
2020-05-17,Mexico,0.9071545384718428,3.5860830699712727,0.7575167753437438,0.1658806336684656
2020-05-24,Mexico,1.028914181076964,3.518643377204143,0.7652727894924429,0.20795615227985
2020-05-31,Mexico,1.0901969153632154,3.542716521651006,0.7568110088638308,0.2629111341027307
2020-06-07,Mexico,1.302658800022039,3.545386960656239,0.7480091499926067,0.3368440321354061
2020-06-14,Mexico,1.1384319475424824,3.496585858800323,0.7241939839760732,0.2575916174114754
2020-06-21,Mexico,1.1842112651891115,3.464197383417245,0.7323441565777246,0.3753610336964858
2020-06-28,Mexico,1.1384737605611868,3.4342091234680447,0.7196511303774575,0.2851763631556545
2020-07-05,Mexico,1.2427723854186892,3.426257371154568,0.7300321731131162,0.317416856479743
2020-07-12,Mexico,1.1839513494957838,3.4246445373762366,0.7269193705216707,0.5983620784414596
2020-07-19,Mexico,1.1854750684342852,3.4198650577804335,0.72540467892008,0.9243331261290142
2020-07-26,Mexico,1.2198962422180217,3.4263508330088808,0.7231422161039648,0.8514505245671087
2020-08-02,Mexico,1.2171379454606994,3.4301249124430275,0.7235557540140727,0.777182777530172
2020-08-09,Mexico,1.251427168405282,3.4235721531085894,0.7244947394458701,1.0570319753368806
2020-08-16,Mexico,1.2389068720508782,3.433001467259051,0.7295371335309241,1.193206433741052
2020-08-23,Mexico,1.2805378651821215,3.443156870494573,0.7269665804530898,1.2681439184171337
2020-08-30,Mexico,1.3129679040117734,3.4543625280976347,0.7313279706125837,1.3719035628206455
2020-09-06,Mexico,1.3279577604249388,3.4873098128743965,0.7273964723747743,0.8169270155256283
2020-09-13,Mexico,1.3107326343294408,3.4946234598578956,0.727796159563321,0.6332231367254169
2020-09-20,Mexico,1.3025265271041562,3.500310165336745,0.7433442910360438,1.042395069444921
2020-09-27,Mexico,1.1516174232899838,3.3207544026882707,0.7110941286719535,0.878807176194054
2020-10-04,Mexico,1.2075045731723817,3.3261349167696928,0.7181792274474924,0.4717972437325917
2020-10-11,Mexico,1.3219847268291485,3.3321556511353947,0.7295090674667267,0.8870500240381651
2020-10-18,Mexico,1.3139986481104902,3.341884952342888,0.7342766666024861,0.825334093410038
2020-10-25,Mexico,1.3065504691367544,3.348940262671305,0.738433138976003,0.7594614901148153
2020-11-01,Mexico,1.2801112840118465,3.326585400293304,0.7068593084983453,0.2996231363703281
2020-11-08,Mexico,1.3887177744483328,3.31895605225508,0.7212507091080151,0.5502284236753182
2020-11-15,Mexico,1.4150398188866207,3.326084354831855,0.7322707697653055,0.7616870227032844
2020-11-22,Mexico,1.435319132915186,3.3408408499318956,0.7440756840921163,0.9304227583416864
2020-11-29,Mexico,1.475472674841544,3.3510598394759334,0.751740498536521,0.8502780943158216
2020-12-06,Mexico,1.492968515630894,3.3788668120017973,0.7643268463382047,1.2757189813709613
2020-12-13,Mexico,1.446231543446078,3.3540986022710664,0.7579094625152549,1.1943491634280072
2020-12-20,Mexico,1.4834273911813856,3.3617055848031647,0.7618540871417587,1.3261066825474774
2020-12-27,Mexico,1.4975560313018925,3.3649279937109484,0.7612940187486936,1.3298122655524345
2021-01-03,Mexico,1.5053803745702763,3.4761351421144284,0.8062161389955913,1.282491103144419
2021-01-10,Mexico,1.5018168783093675,3.469081164032769,0.8154407641675392,1.299942413138213
2021-01-17,Mexico,1.4422264840534142,3.477480045149417,0.8106481726385177,1.1322431023710045
2021-01-24,Mexico,1.437432220000355,3.466433128723208,0.8132813426916816,1.3240523210876547
2021-01-31,Mexico,1.4304159554836178,3.397521974051464,0.8068375915789328,1.091398954112457
2021-02-07,Mexico,1.5050170312768003,3.4013192450554253,0.8309882425786983,1.380759661785745
2021-02-14,Mexico,1.5096354940405758,3.4116045063299376,0.8413114307668672,1.4296736818966176
2021-02-21,Mexico,1.487590721127191,3.3745049507816773,0.8283551827153959,1.2098296996262663
2021-02-28,Mexico,1.3668235900729537,3.344798301120766,0.8348103358149808,0.971909714547701
2021-03-07,Mexico,1.3508859607615045,3.325157580269198,0.8351420027196479,1.265649018938699
2021-03-14,Mexico,1.3934099858088542,3.627703918925067,1.1066041131562292,1.253649353062624
2021-03-21,Mexico,1.428165827852236,4.159626008275274,1.215146735412592,0.9576053641357444
2021-03-28,Mexico,1.3464902848562263,4.270009825725791,1.292730306178806,0.9311122214390588
2021-04-04,Mexico,1.3607290376325187,4.7231636374703365,1.61472762105715,1.1120505688475366
2021-04-11,Mexico,1.3779004455800012,5.062068403048254,1.6250478613410726,1.1653694634511116
2021-04-18,Mexico,1.4587398542904366,5.096050544900996,1.743747339246838,1.5278005413453326
2021-04-25,Mexico,1.4419530991707972,5.517833089348802,2.2966771162690547,1.208050045395184
2021-05-02,Mexico,1.4362393493443564,5.44093671104827,3.066310065942825,1.1968421803781124
2021-05-09,Mexico,1.4429925964181753,5.608399342085808,3.2214670403808987,1.254604155347864
2021-05-16,Mexico,1.4411882547958585,5.648650611081169,3.4665304482722488,1.31872877915787
2021-05-23,Mexico,1.4303087291396628,5.9702219065116315,3.595521659727534,1.1680091129846408
2021-05-30,Mexico,1.4384642514291788,6.048467265374377,3.6405058315958216,1.4786988502992102
2021-06-06,Mexico,1.4402063059398025,6.142726014127196,4.522989588120884,1.5908340782108836
2021-06-13,Mexico,1.4519264763289268,6.349979327139458,4.75552074185774,1.5465642697373194
2021-06-20,Mexico,1.4173488763613245,5.998892097522892,4.643698452148007,1.4030968366460788
2021-06-27,Mexico,1.4426641479168993,5.898980470365259,4.683081587298271,1.62903056818245
2021-07-04,Mexico,1.4467821817735584,6.027622205894923,4.734110036322952,1.549546681276326
2021-07-11,Mexico,1.4416251945292162,6.012626230075766,4.74896491039718,1.3057275097207326
2021-07-18,Mexico,1.4375950596962241,6.016749607849832,4.683673656034836,1.2970655805274305
2021-07-25,Mexico,1.4368355017693388,5.992500154333255,4.703532024211954,1.4584075955815168
2021-08-01,Mexico,1.4238487042130858,6.00289988220387,4.720527527817937,1.5439058154581675
2021-08-08,Mexico,1.4316517152539863,5.97053682502592,4.479315280678991,1.1758819689533608
2021-08-15,Mexico,1.4534279517895003,6.016999279575382,4.494936749153189,1.3620641488574787
2021-08-22,Mexico,1.4338603191664463,5.86970356992201,4.417462023618256,1.094744317710388
2021-08-29,Mexico,1.4752996271314744,5.8877847876891956,4.4223286448398325,1.395130383269328
2021-09-05,Mexico,1.4969582938286345,5.892365493774693,4.4474907437581015,1.3213385998488372
2021-09-12,Mexico,1.4965402252222428,5.916139984280074,4.456380956302635,1.5150047600845804
2021-09-19,Mexico,1.5085993664560793,5.896828799328479,4.5445659443146305,1.5810491827227722
2021-09-26,Mexico,1.4265633988645439,6.52870972736913,4.70574059785817,1.472669231799861
2021-10-03,Mexico,1.4014612366708952,6.574929851323737,4.735423164799124,1.2749882414089828
2021-10-10,Mexico,1.412582561066305,6.57630023391942,4.889112350674783,1.2258362914716865
2021-10-17,Mexico,1.4209340319249995,6.559100703387015,4.89936517677105,1.4643383394270135
2021-10-24,Mexico,1.4099268708856774,6.591138694814873,4.908330293789009,1.3168983269201475
2021-10-31,Mexico,1.3879139537464753,6.517087405597756,5.169072019854503,1.2363647997898677
2021-11-07,Mexico,1.4102907220114076,6.752369245906398,5.449544886053928,1.2903030609570745
2021-11-14,Mexico,1.4188753613237841,6.714960617810161,5.5930738600101515,1.3690160526875106
2021-11-21,Mexico,1.4164032467028234,6.667138156383285,5.595279099845378,1.291297429119756
2021-11-28,Mexico,1.2915075839346428,6.025289658050713,5.079729450603086,0.3923040972849663
2021-12-05,Mexico,1.3350028008503274,5.939807220612309,5.287319430874366,0.4956249362750063
2021-12-12,Mexico,1.4020255551494452,5.973395475176661,5.286552786809605,0.961782584132548
2021-12-19,Mexico,1.3980347332483911,5.9934751539664015,5.298834921817818,0.8890416583453046
2021-12-26,Mexico,1.4365643991292294,5.997158406122905,5.26439392451577,1.0750635640066477
2022-01-02,Mexico,1.4553238545551124,6.387530045573246,5.672007564929497,1.1179619963641494
2022-01-09,Mexico,1.4292362884632874,5.926249220618087,5.383332835023255,1.51728706506048
2022-01-16,Mexico,1.4041848210650991,5.94350260702564,5.4057324565916165,1.294104657193936
2022-01-23,Mexico,1.4074892378219324,5.914460313289292,5.374905897474736,1.2130507388849914
2022-01-30,Mexico,1.3749903892967112,5.924922612537484,5.402330790253484,0.9705153427446632
2022-02-06,Mexico,1.3744984534742763,6.033606143486251,5.515234283226961,1.124697793332654
2022-02-13,Mexico,1.3260825469717297,6.037899107542713,5.56217125274636,0.980617521036816
2022-02-20,Mexico,1.34034802388726,6.137750650116985,5.647944097506997,0.8444150773960235
2022-02-27,Mexico,1.347621835481621,6.196526086110449,5.58600133893182,0.9149612767315576
2022-03-06,Mexico,1.3385769765658158,6.128759420530498,5.634887131922839,0.4972726416437252
2022-03-13,Mexico,1.3551681109448523,6.242719800815155,5.666894091588929,0.5308042796728807
2022-03-20,Mexico,1.4225751435639968,6.208078134378908,5.674129989267801,0.5458363120949393
2022-03-27,Mexico,1.383161823629376,6.206569993138978,5.450165244215362,0.5456864941937026
2022-04-03,Mexico,1.4101866913449652,6.2252805631043655,4.251333166119456,0.808654846041106
2022-04-10,Mexico,1.342404680268111,6.180101517096951,4.103670234495417,0.8285226901724874
2022-04-17,Mexico,1.3031881528445735,6.209217287735423,4.07130840741143,0.8318969340132686
2022-04-24,Mexico,1.2342248098485986,6.056305322033618,4.003595016312433,0.8646415643977851
2022-05-01,Mexico,1.2253087454424323,6.0784737009140715,4.025410034296248,0.7942403399016136
2022-05-08,Mexico,1.210427799567983,6.113269405316591,4.031312962787044,0.758951305655075
2022-05-15,Mexico,1.1924665532978937,6.117733298452943,4.033798367079956,0.8655278628978813
2022-05-22,Mexico,1.173229482612145,6.115662703477396,4.03082753781135,0.8933236591245496
2022-05-29,Mexico,1.2891264511599323,6.0900482387852914,4.0414925913158815,1.0096162110451572
2022-06-05,Mexico,1.2781099403788774,6.06591285784885,3.9878318289258967,1.061669883363681
2022-06-12,Mexico,1.186294024625349,5.73668383890847,3.7917469602601206,1.1533292062058011
2022-06-19,Mexico,1.1274010615749264,5.779566604259425,3.687311536440242,0.8735711231415086
2022-06-26,Mexico,1.1295319545552127,6.018781050402833,3.691124403193691,0.9792614587721984
2022-07-03,Mexico,1.0990262751523938,5.988395659281313,3.6676220843518794,0.918181953950263
2022-07-10,Mexico,1.1016062685985764,5.9129517867821235,3.6169495379609415,0.8140887283668483
2022-07-17,Mexico,1.0542072328108554,5.877630537277487,3.5770753806918316,0.8121007450963522
2022-07-24,Mexico,1.1319453111916142,5.882174775212162,3.582967674560388,0.9457734971318416
2022-07-31,Mexico,1.1658804536549394,5.894547597689003,3.5946275527652785,1.0189291248769838
2022-08-07,Mexico,1.1617300557731718,5.815643070713146,3.215037364620545,0.8932744860115576
2022-08-14,Mexico,1.246497265526786,5.720916531742726,3.220373269510781,1.1111424559461232
2022-08-21,Mexico,1.1746937462572746,5.732617788385983,3.1982444678086903,0.8577512460980798
2022-08-28,Mexico,1.1870766387068534,5.746753219035522,3.200767806330475,0.9722413815593676
2022-09-04,Mexico,1.164289636253257,5.790331691789042,3.158263567734772,0.7643841556312589
2022-09-11,Mexico,1.235502230954011,5.779083854916379,3.154696280226943,0.9124139560330136
2022-09-18,Mexico,1.1646147435472982,5.6839328923086825,3.1492795135174885,0.93883676161898
2022-09-25,Mexico,1.06158250343177,5.623560439661031,3.1481631227120332,0.8086295412558075
2022-10-02,Mexico,1.0357432140594007,5.65744665341186,3.1283706326914555,0.6830820730428504
2022-10-09,Mexico,1.0804077882430512,5.673202325955496,3.11092974930452,0.737306239267972
2022-10-16,Mexico,1.023548247476594,5.68058567771958,3.0893087275897564,0.8203041026822083
2022-10-23,Mexico,1.0653289274027151,5.69653682173549,3.11173158669139,0.930757412325346
2022-10-30,Mexico,1.1540343776225468,5.739701061668277,3.1266631840807864,0.9162604051199872
2022-11-06,Mexico,1.1585702328300171,5.787661586889421,3.126146599266753,0.9584709366929745
2022-11-13,Mexico,1.2414411734605029,5.790694604527448,3.1311884171628903,1.19146407110241
2022-11-20,Mexico,1.2285844741501242,5.8176022246396775,3.022783034757283,1.0229025627626496
2022-11-27,Mexico,1.2797702122953183,6.288215945799618,3.086572809680936,0.8756656523452531
2022-12-11,Mexico,1.2691551878157257,6.545393428255219,2.996706015943807,1.0301795438309282
2022-12-18,Mexico,1.2573406344685911,6.545365945569933,2.9974664467936947,1.2320282419000816
2022-12-25,Mexico,1.2569283257540955,6.514475314521851,3.0194547313843927,1.3095375955708402
2023-01-01,Mexico,1.2659316987820635,6.4870499385625005,3.021099711848209,1.2953303263242706
2023-01-08,Mexico,1.2549937896381627,5.363031563602873,2.986246874791599,1.4626093165321694
2023-01-15,Mexico,1.2831030093173053,5.339396762445223,2.9818646747101902,1.758503574366694
2023-01-22,Mexico,1.2961205501134585,5.343747885270003,2.9852276913124705,1.7737138851085523
2023-01-29,Mexico,1.3248505411912155,5.427416787677856,2.9923418790780625,1.7335311922506225
2023-02-05,Mexico,1.3604883627075253,5.358788809465085,2.9387839692091133,1.6447988322846097
2023-02-12,Mexico,1.3109111807213751,5.3632151870586915,2.9430250255770907,1.889453821868556
2023-02-19,Mexico,1.316514970672681,5.392891475838725,2.946212332892758,1.89912936292214
2023-02-26,Mexico,1.3230750071917567,5.392438628254335,2.970418785296612,1.8126457033297287
2023-03-05,Mexico,1.3684779814971906,5.394977051240292,2.977999809890509,2.0208246269607244
2023-03-12,Mexico,1.326585132364666,5.294235011450172,2.9367453689744507,1.8719623534988257
2023-03-19,Mexico,1.2334276159839965,5.353834548387746,2.8942701000410396,1.1533546879228167
2023-03-26,Mexico,1.2328303216838625,5.332636282723123,2.9684310837207315,1.2998551952813702
2023-04-02,Mexico,1.315165759121746,5.349613950537775,3.303840631209989,1.7070431751855086
2023-04-09,Mexico,1.2924623968678037,5.373185077052666,3.3515163188080326,1.727824792033726
2023-04-16,Mexico,1.336625025327337,5.371555022239713,3.421006077909809,2.1689600649866527
2023-04-23,Mexico,1.3141332105273833,5.4641279243984515,3.4114613275192176,2.0698496253817567
2023-04-30,Mexico,1.3430604216022954,5.483525753900986,3.39995787038601,2.0340618303859026
2023-05-07,Mexico,1.309840617640957,5.496436423207716,3.417332529897352,1.9544867789095757
2023-05-14,Mexico,1.2972043903687853,5.505732621749501,3.421960264050664,1.970964590337255
2023-05-21,Mexico,1.3218485675548213,5.396625445610962,3.4228731129580536,2.0374115544637372
2023-05-28,Mexico,1.3354195635211912,5.426981736609703,3.4645066336562524,2.0294703860864103
2023-06-04,Mexico,1.3576071686310434,5.443922837662922,3.4836871108231087,1.7967118362975254
2023-06-11,Mexico,1.3682831284310706,5.679485831512277,3.591567540297978,2.2358892004408295
2023-06-18,Mexico,1.3718484350999813,5.874732031985328,3.6865242276660415,2.277556566969444
2023-06-25,Mexico,1.3801784228310598,5.93014735795589,3.8010843714636593,2.117789577502115
2023-07-02,Mexico,1.3911352821273106,5.946022368608174,3.7803184115689383,2.2735698250458136
2023-07-09,Mexico,1.3748427693085752,6.024835104529503,3.790653256719579,2.211219497114691
2023-07-16,Mexico,1.4103427697181643,6.02045288243141,3.6661466082842766,2.315028692000268
2023-07-23,Mexico,1.392398011551526,5.942374692513276,3.629358752967011,2.296811988822084
2023-07-30,Mexico,1.3995155952456786,5.951324823027153,3.640515081860568,2.3033151650141384
2023-08-06,Mexico,1.3804761432653534,5.884310546672464,4.055152886814639,2.2849578481375543
2023-08-13,Mexico,1.3902780414393516,6.004524931983835,4.0888321107989105,2.298098835183263
2023-08-20,Mexico,1.3423110562857063,6.054952271518571,4.094477333316706,2.307148715878795
2023-08-27,Mexico,1.3803768878713842,6.063760097041907,4.206593471166589,2.313680134313554
2023-09-03,Mexico,1.415668729558499,5.983346501646863,4.260501055238126,2.3048602620436176
2023-09-10,Mexico,1.4003340915507299,5.752127489359717,4.191576783101704,2.2588500714705684
2023-09-17,Mexico,1.3754826991312543,5.798086664545967,4.137762748786261,2.2816995328913268
2023-09-24,Mexico,1.297781986473515,5.824257357641748,4.173258037108113,2.2817169805633486
2023-10-01,Mexico,1.272309680308037,5.7686615138217565,4.29317312243672,2.264764151762221
2023-10-08,Mexico,1.26392993031389,5.457677030774238,3.755710562057144,2.027063064536167
2023-10-15,Mexico,1.2808366318709354,5.5092888786670855,3.7932870293392984,1.5200126721134162
2023-10-22,Mexico,1.2457263458516765,5.478692319604948,3.7956389277544,1.5308143478109622
2023-10-29,Mexico,1.2683164515755445,5.489884985545942,3.780520226801239,1.4052638884557171
2023-11-05,Mexico,1.3108219015580334,5.329914381937962,3.781667145824964,1.9467247684224975
2023-11-12,Mexico,1.3755319507106691,5.274238828660212,3.68450122969368,1.87488373020606
2023-11-19,Mexico,1.415668729558499,5.242490226036267,3.840659285361518,1.8515071495886664
2023-11-26,Mexico,1.415668729558499,5.250840942423647,3.8758829673099986,1.6888074896762368
2023-12-03,Mexico,1.4260835310583138,5.25544047371578,3.8804960458158826,2.179549292023078
2023-12-10,Mexico,1.4209340319249995,5.274555179992259,3.9283043262659585,2.1814579145345157
2023-12-17,Mexico,1.4642673824174144,5.27910378996624,3.9638325930288145,2.188810318323934
2023-12-24,Mexico,1.4585714153486915,5.3038320918678465,3.948129022901427,2.1989221427751557
2023-12-31,Mexico,1.4697875354746002,5.3274691325669625,3.953209362027049,2.202537735858203
2024-01-07,Mexico,1.410498782340256,4.958296912657242,3.701399931926387,2.3826760526626067
2024-01-14,Mexico,1.4697303756131237,4.988601721253416,3.7571362634330634,2.0576518587499826
2024-01-21,Mexico,1.4422264840534142,4.903933682004644,3.7330368905243834,2.3826484893069644
2024-01-28,Mexico,1.4586837029101822,4.8964885569129155,3.709494661734355,2.4623924952457568
2024-02-04,Mexico,1.4758765838576475,4.9481600671134585,3.777640773741071,2.49566970764156
2024-02-11,Mexico,1.4642673824174144,4.948637780857903,3.8096009016102017,2.7149627461490433
2024-02-18,Mexico,1.4699589895589242,4.939807331445658,3.821767571385188,2.8662971818385965
2024-02-25,Mexico,1.5047749833550907,4.936220054837769,3.8335922137437106,2.811360126134855
2024-03-03,Mexico,1.4986933464239696,4.997721076421467,3.892243285366975,2.873659163597713
2024-03-10,Mexico,1.4813271300528061,5.078851770881519,3.929103655962914,3.0551426168263114
2024-03-17,Mexico,1.4872966033955095,5.079163984613109,3.981416223623921,3.042619157576336
2024-03-24,Mexico,1.4421171157992727,5.107813206763319,4.030505959365304,3.3709233167175325
2024-03-31,Mexico,1.4476090488738684,5.121585845438221,4.045036002677027,3.3988254570705667
2024-04-07,Mexico,1.4314904057804259,5.124084334385542,4.101001720858501,2.7636163540744394
2024-04-14,Mexico,1.3952863553453183,5.070698247077078,4.064968435233103,2.7491371383965655
2024-04-21,Mexico,1.4003340915507299,4.930841556503196,3.892815217813785,2.7192997095657425
2024-04-28,Mexico,1.4208811618704456,4.918515046773535,3.910470315576234,3.132847350933044
2024-05-05,Mexico,1.4420624388237038,4.945318503342858,3.903375983711495,3.1447484503226284
2024-05-12,Mexico,1.4368355017693388,4.9588934200259285,3.916465795858959,3.1924742890843665
2024-05-19,Mexico,1.4586837029101822,5.0383647472758435,3.939440563341703,3.197128559085801
2024-05-26,Mexico,1.4422264840534142,5.018732146135242,3.914257251880956,3.237468461723131
2024-06-02,Mexico,1.4367812827324635,4.947961495078182,3.861145537626169,2.8864379384796153
2024-06-09,Mexico,1.3608734852443483,4.397958768083261,3.5244305368705033,3.141037679878278
2024-06-16,Mexico,1.3563147686135577,4.400418349487381,3.533659098568868,3.3445483549102506
2024-06-23,Mexico,1.3754826991312543,4.412308981251851,3.5403262791053036,3.3871691035845157
2024-06-30,Mexico,1.356266951017783,4.389046049027566,3.5303201319816964,3.1422470341935056
2024-07-07,Mexico,1.385358453505509,4.395339866235857,3.547169354466844,3.464573642125534
2024-07-14,Mexico,1.4053703770327857,4.416492273617144,3.7408725871568422,3.4641404141774155
2024-07-21,Mexico,1.360969801436034,4.356296089895109,3.721951794779343,3.1648715791824653
2024-07-28,Mexico,1.3658523820095734,4.32414001111187,3.5779930317477735,2.8041684667188806
2024-08-04,Mexico,1.3111344308685682,4.318792678219835,3.5546749261820056,2.006289732934329
2024-08-11,Mexico,1.3331075374196135,4.32939660978923,3.5669007438594837,2.447716150250791
2024-08-18,Mexico,1.3730739485797818,4.339496256996184,3.5853837773428716,2.6866649588741622
2024-08-25,Mexico,1.3755319507106691,4.299064174749571,3.5463700930776074,2.6893747053735204
2024-09-01,Mexico,1.3398814968664838,4.203630298230767,3.5158727440321593,2.36792936183102
2024-09-08,Mexico,1.3107326343294408,4.272323302237787,3.438440699258358,2.0637833647797024
2024-09-15,Mexico,1.3658523820095734,4.265589538303287,3.473635723951773,2.3228578909024686
2024-09-22,Mexico,1.3196285732548363,4.259467396986999,3.468830518420973,2.5664444945999225
2024-09-29,Mexico,1.3108665396476296,4.239534806693924,3.3891190084936755,1.9627380464040136
2024-10-06,Mexico,1.337414404742539,4.357224788058397,3.677232236172676,1.5865602557639236
2024-10-13,Mexico,1.3152106888467086,4.358631368175892,3.67844383895077,1.321667431595024
2024-10-20,Mexico,1.3064174255213423,4.254488413880975,3.4980335141859737,1.50355023023431
2024-10-27,Mexico,1.3106880051895184,4.236039685994397,3.504716006585583,1.4139536594616993
2024-11-03,Mexico,1.2775149352433193,4.3448164850035775,3.516346673062722,1.6609179511364618
2024-11-10,Mexico,1.3106433790318945,4.3654875101748924,3.556132262154512,1.9922346642952184
2024-11-17,Mexico,1.280665891917212,4.4073212061473575,3.5786854674406583,2.247114522335631
2024-11-24,Mexico,1.2889968126173246,4.393176797216671,3.5599237678974776,2.1806083862604444
2024-12-01,Mexico,1.2955094753407401,4.426521395534551,3.591037431790232,2.2525539318830248
2024-12-08,Mexico,1.3129679040117734,4.432750091720091,3.638755186483613,2.719845854297382
2024-12-15,Mexico,1.308326917004607,4.454842967648625,3.637471639235553,2.3679433634903764
2024-12-22,Mexico,1.2618924915267153,4.4827256672879665,3.7458944899755098,2.898367073537838
2024-12-29,Mexico,1.2556106020202642,4.4644684828767485,3.742549826320672,2.780393506715445
2015-01-04,Philippines,1.4286473880757438,14.655663976002922,8.896815468002307,2.3265886939187403
2015-01-11,Philippines,1.4079552973938951,14.666026119474877,7.03162046016376,2.559244520448219
2015-01-18,Philippines,1.3732702459229844,14.918950749255522,6.904723579761654,2.2407711996636515
2015-01-25,Philippines,1.4609901326274648,14.925760951706316,6.818738548299402,2.2122227412818725
2015-02-01,Philippines,1.439225836337401,14.87056258323011,6.126043008504974,2.1699342500111847
2015-02-08,Philippines,1.440588013605535,14.697048163235598,5.253335745693523,2.0804743440738926
2015-02-15,Philippines,1.4365645075252413,14.809871525466232,5.172739799226707,2.2818282167881843
2015-02-22,Philippines,1.4527602389113818,14.815702359437164,5.180922687801296,2.3561625730203413
2015-03-01,Philippines,1.4923751830407361,14.848965692683793,5.114052597120204,2.2740192965040844
2015-03-08,Philippines,1.4953473166047422,14.607163538818115,5.128560587083253,2.6219952643647972
2015-03-15,Philippines,1.459751502982044,14.711066968103983,5.088185201371427,2.305176308507454
2015-03-22,Philippines,1.4365645075252413,14.760815845179764,4.957883335361247,2.485531668234502
2015-03-29,Philippines,1.4419531538358596,14.885015714782517,4.861594871427214,2.372687609564301
2015-04-05,Philippines,1.4582908411703779,14.320143540959169,4.799445236125726,2.432443985325532
2015-04-12,Philippines,1.4822597528412735,14.406679417629505,4.829040132172314,3.111507094965054
2015-04-19,Philippines,1.4569455740011286,14.356375734346711,4.649070861786723,3.225829269949589
2015-04-26,Philippines,1.4555473373553853,14.470100017461885,4.639067301078131,3.809964623648234
2015-05-03,Philippines,1.454152231005545,15.04893862729647,4.688408884840286,3.941259232038391
2015-05-10,Philippines,1.4610464362918716,15.769864988410315,4.714081578252553,4.015954585308046
2015-05-17,Philippines,1.4808032409311458,15.774831449549229,4.720373524052537,4.693635243472017
2015-05-24,Philippines,1.4865912952108231,15.682289310386096,4.723769635890681,4.558196604129481
2015-05-31,Philippines,1.4823180850728144,15.7520184156692,4.703675733275867,4.197461398371298
2015-06-07,Philippines,1.4639276548865925,14.823640589897256,4.514438746076599,4.137864741697709
2015-06-14,Philippines,1.4737444336721242,14.912546871448672,4.49817178030759,4.419581930987683
2015-06-21,Philippines,1.4694447125818988,14.844900493656084,4.465072683568235,4.530952567331028
2015-06-28,Philippines,1.4638144159433097,14.800232553434128,4.468079149684066,4.5231828591159475
2015-07-05,Philippines,1.44733336019887,14.73468414886922,4.494027843709102,4.604728136846782
2015-07-12,Philippines,1.4339143410295272,14.724772660353992,4.520438502818084,3.304030886280046
2015-07-19,Philippines,1.4446374257220418,14.644983381828288,4.554168647562438,4.046220705193205
2015-07-26,Philippines,1.4234239699075408,14.503337733667234,4.504917380698519,3.505086816722157
2015-08-02,Philippines,1.4143592531793394,14.48662586256523,4.475649761308687,3.516286008199299
2015-08-09,Philippines,1.4091998435724642,14.498243168460146,4.367481227019975,3.277298199865988
2015-08-16,Philippines,1.392853202582709,14.405619857656552,4.35350435487951,3.2813620383930284
2015-08-23,Philippines,1.3134158578920905,14.318055076093922,4.320799509347531,2.92777800130708
2015-08-30,Philippines,1.34034802388726,14.335767629901047,4.325478482265186,2.4470727589406316
2015-09-06,Philippines,1.2961642195636305,14.416434686740924,4.323025345917224,2.571902307424389
2015-09-13,Philippines,1.3025706151771748,14.574574785998752,4.296731830002666,2.553389665290062
2015-09-20,Philippines,1.3461135344098156,14.816798889600992,4.263659553641125,2.8335757344859633
2015-09-27,Philippines,1.2658899353412798,14.875877992507364,4.233757309620206,2.684425990016944
2015-10-04,Philippines,1.204669923645179,14.781806594688865,4.23421852506509,3.11024778834644
2015-10-11,Philippines,1.3358829420561726,14.384031631453285,4.066818543195863,3.153006379193458
2015-10-18,Philippines,1.3613552085785383,14.330151816433268,3.9726099942008624,3.461522858541509
2015-10-25,Philippines,1.3660465076095432,13.935064956715324,3.911283010709495,3.2347313891228033
2015-11-01,Philippines,1.3817678536950937,13.838285998405707,3.914315360798964,3.1771123892681037
2015-11-08,Philippines,1.40542202452535,13.952913179508636,3.9270194464421113,3.4462770696965093
2015-11-15,Philippines,1.40542202452535,13.965808055284503,3.875451355826096,2.8647534234189775
2015-11-22,Philippines,1.4286473880757438,13.965270787462805,3.896858633336764,2.97649997207449
2015-11-29,Philippines,1.4066615277011065,13.900106298264667,3.928160943491631,2.7126004261680876
2015-12-06,Philippines,1.3891200617384971,15.714639876758495,3.940938403179798,3.044144134150578
2015-12-13,Philippines,1.3461135344098156,15.329041690956036,3.7411481185252926,2.435174806563451
2015-12-20,Philippines,1.348471780986539,15.426082948258372,3.801326913912399,2.7274844719300773
2015-12-27,Philippines,1.3554068321133461,15.43073605102019,3.809103921406464,2.7328446678519143
2016-01-03,Philippines,1.3613552085785383,15.751543141111553,3.901711377349256,2.8161083158500952
2016-01-10,Philippines,1.3284159359292227,15.57307486422067,4.039501570645992,2.4188054786403943
2016-01-17,Philippines,1.283402910229945,15.6858025524949,4.061240498837396,2.1892256050201713
2016-01-24,Philippines,1.2918546321260138,16.054644456698714,4.073418673820909,2.200115858960281
2016-01-31,Philippines,1.2876586703293178,16.061643773991396,4.263463354695561,2.200852066519074
2016-02-07,Philippines,1.2709619752950763,15.804394945847196,4.7609451504217235,2.0580109027805435
2016-02-14,Philippines,1.2367019571208688,15.71823130636354,4.804205269857212,2.001316470058977
2016-02-21,Philippines,1.2941583530877956,15.694072387850076,4.81605842954518,2.152859756566526
2016-02-28,Philippines,1.301601346563022,15.727850133421182,4.603802880726028,2.2296686492457325
2016-03-06,Philippines,1.343904479719913,15.304034036773496,4.602007050777429,2.656000679461514
2016-03-13,Philippines,1.376912518769863,15.271859078084448,4.600036546281101,2.7689721812633
2016-03-20,Philippines,1.420775487855346,15.480782199059108,4.661730779794825,3.179728090322839
2016-03-27,Philippines,1.366143592144394,15.481523613479796,4.7292077748033865,3.1796826956749302
2016-04-03,Philippines,1.3781476632722423,15.569477669004335,4.770102128237371,3.042039668414425
2016-04-10,Philippines,1.3757289945084348,15.685882092346358,4.643405649292629,3.076450349444342
2016-04-17,Philippines,1.411748261797309,15.82931772612067,4.909334175177769,2.7995037652481307
2016-04-24,Philippines,1.410498782340256,15.360003893829823,4.913457244121873,3.5422311835825417
2016-05-01,Philippines,1.372142347141928,15.303179013179792,4.920128479080027,3.471265923147145
2016-05-08,Philippines,1.328095179794716,15.308149610261353,4.826004940853024,3.4625519998457337
2016-05-15,Philippines,1.3416560612512616,15.27520547902147,4.829995935282231,3.5709894318475324
2016-05-22,Philippines,1.3439514036317222,15.213275599872384,4.807132007170728,3.708454136416531
2016-05-29,Philippines,1.3531662864563956,15.211499009386,4.802086928567446,4.228130262561188
2016-06-05,Philippines,1.3496540913652104,16.002243900180837,4.96649629965614,4.3039459206208415
2016-06-12,Philippines,1.3637691820419233,16.033878754034262,5.034453864651793,3.665278996072997
2016-06-19,Philippines,1.3202168290535732,16.147957041478634,4.904556720957847,3.5092042164585315
2016-06-26,Philippines,1.312788806654943,15.882596311226198,4.904064387277094,3.289463928391612
2016-07-03,Philippines,1.3248049552733268,15.133595976575112,4.916566619343805,4.259294069875186
2016-07-10,Philippines,1.3566974354283197,15.046510834943517,4.854545715209812,3.6109746126605775
2016-07-17,Philippines,1.4286473880757438,15.067014390053162,4.84900370591274,4.194005185064258
2016-07-24,Philippines,1.3978307449291143,15.056021562894491,4.827868054388775,3.89755657700767
2016-07-31,Philippines,1.4028986648453534,15.072868571373116,4.787690379222837,3.651834174822645
2016-08-07,Philippines,1.4234239699075408,14.723467640002786,4.871544612887401,3.5357077811970856
2016-08-14,Philippines,1.451371345159202,14.832817331427094,4.888755574403205,3.9796960908169434
2016-08-21,Philippines,1.4865912952108231,14.963247344312354,4.927299479348529,4.375223251206688
2016-08-28,Philippines,1.4651746489229236,14.98567793046306,4.9384022929743745,4.212008045696151
2016-09-04,Philippines,1.4652313900629759,14.807222905795795,4.96302429180856,3.9838969459173335
2016-09-11,Philippines,1.4923751830407361,14.057878600321072,5.014784445473564,3.8075396467059313
2016-09-18,Philippines,1.436618653669053,13.858722760227456,4.963612436484044,3.7625602230452504
2016-09-25,Philippines,1.3758275389046069,13.89255001110712,4.997817301212416,3.337925311662069
2016-10-02,Philippines,1.321530971077225,14.083749088900976,4.81514938882146,3.8057701560269384
2016-10-09,Philippines,1.3271338423779564,14.570724730302787,5.132282329711194,4.1812579346387855
2016-10-16,Philippines,1.3127440398273176,14.587181843282568,5.201725344921297,4.319521875131612
2016-10-23,Philippines,1.329287343846321,14.930653940284795,5.2529118991929415,4.783801171193912
2016-10-30,Philippines,1.3417495920537608,14.92938763457312,5.260394417085765,4.01647304562111
2016-11-06,Philippines,1.32814099258861,14.933182035167118,5.1267910625801525,3.360835582871495
2016-11-13,Philippines,1.2879605997279873,14.626146007284191,5.088553173618575,3.189025582078074
2016-11-20,Philippines,1.2660987781107746,13.96428430854628,5.080927943090413,3.045448777339094
2016-11-27,Philippines,1.293201134790087,13.946978382498337,5.076010584975025,2.5723488417411304
2016-12-04,Philippines,1.3169653158993238,12.83660955108321,4.749310149385061,4.464300260736373
2016-12-11,Philippines,1.364931075785,12.930478707472169,4.986589743722879,4.485574172994794
2016-12-18,Philippines,1.357894716308193,12.916183569693162,5.031753629439919,4.781808998767837
2016-12-25,Philippines,1.3520251307958318,12.909791282152582,5.027830529278402,4.786896036501648
2017-01-01,Philippines,1.3555501066745586,12.946082151245196,5.069582630864033,4.938577239913803
2017-01-08,Philippines,1.4041333250589643,12.900807171561574,5.212236126653757,2.9388529483207795
2017-01-15,Philippines,1.3941193182701825,12.874779761660168,5.272450595841124,2.93484266566165
2017-01-22,Philippines,1.415616296544469,12.861512247050667,5.264823669850681,2.9333907025518435
2017-01-29,Philippines,1.420775487855346,12.858477815837336,5.274555130076941,2.9354710920359017
2017-02-05,Philippines,1.4392802667244902,12.956226801951331,5.333714421249443,2.916081400256391
2017-02-12,Philippines,1.4569455740011286,12.968135779494329,5.405398432128395,2.9149974571515114
2017-02-19,Philippines,1.4665947371416315,12.959558699823637,5.410543698523056,2.9129582563553345
2017-02-26,Philippines,1.501215015890391,12.951024183897076,5.872062285412395,2.9118752469381803
2017-03-05,Philippines,1.4910128315388653,13.242961545952104,5.886525405896083,2.880240146156074
2017-03-12,Philippines,1.4738019657863224,13.26799848546274,5.985897234806809,2.8788232626867116
2017-03-19,Philippines,1.5287213677920357,13.291820378273243,6.067907013512673,2.882082244499415
2017-03-26,Philippines,1.501215015890391,13.291789933564122,6.097820745455363,2.88153311966644
2017-04-02,Philippines,1.5041700725991483,13.94540710622878,6.091804548166986,2.9497443073931007
2017-04-09,Philippines,1.4952282132220207,13.915708079356436,6.523068578553447,2.9538728901698668
2017-04-16,Philippines,1.4792920562960028,13.8272058756431,6.522398444309921,2.95679272901988
2017-04-23,Philippines,1.4938000652951102,14.055477818135234,6.414128268946799,2.9570126674936144
2017-04-30,Philippines,1.5131839446214164,13.896060998376344,6.400219814743421,2.9468418448127
2017-05-07,Philippines,1.5161979242708346,13.80811263326877,6.494840874288728,2.895765739839395
2017-05-14,Philippines,1.529351200842992,13.88576212247188,6.588352220036738,2.899904390268852
2017-05-21,Philippines,1.5209648640466038,13.93936988422024,6.596488867210969,2.901523467009152
2017-05-28,Philippines,1.5209027150686094,13.87004505574518,6.470877589198208,2.89679751334215
2017-06-04,Philippines,1.5287213677920357,12.84193800799885,6.4179178933628895,2.8267494357960317
2017-06-11,Philippines,1.5333348492297658,12.800559463241436,6.3521638119024235,2.822484576885695
2017-06-18,Philippines,1.5605919126977637,12.714756680861989,6.435277833487289,2.816404387820082
2017-06-25,Philippines,1.5317509012001034,12.804016995801858,6.431840974595928,2.8148614177990297
2017-07-02,Philippines,1.5333982306362879,13.42854466763206,6.322754536774444,2.9280772359936824
2017-07-09,Philippines,1.5149044178338593,13.39310986608768,6.4015646635800865,2.9099213055356077
2017-07-16,Philippines,1.5429273719465797,13.44418046904172,6.485884687164958,2.911532252941067
2017-07-23,Philippines,1.560724805532788,13.492713498136942,6.535601711449297,2.9112628124523914
2017-07-30,Philippines,1.5807883650110761,13.511661738210355,6.55419068811525,2.9140120013761743
2017-08-06,Philippines,1.5874920626002416,13.537689037620073,6.651574087726016,2.9354432011062026
2017-08-13,Philippines,1.5461593455343707,13.35040814854527,6.6447157489761395,2.923186405938633
2017-08-20,Philippines,1.5876310233643836,13.236574882034532,6.494529487617028,2.915096237909839
2017-08-27,Philippines,1.6122686055124746,13.18104194833754,6.4145108428334625,2.91797508707033
2017-09-03,Philippines,1.6513534518891109,13.44460678953518,6.381767084535414,2.9793105083630067
2017-09-10,Philippines,1.6297188766744897,13.912667005132048,6.312450876246516,2.991631809468564
2017-09-17,Philippines,1.6523636807951299,13.856945723659615,6.434511787932928,2.9824903806705274
2017-09-24,Philippines,1.6301675906559039,13.69766529564474,6.406322013725599,2.9859127968144974
2017-10-01,Philippines,1.606926302617802,13.689099826434768,6.687803246734664,2.982469025922141
2017-10-08,Philippines,1.6230297860658853,13.67986070019547,6.802752826763169,2.9912743988179016
2017-10-15,Philippines,1.6158335122798957,13.671901750446144,6.852528166863992,2.9900237095333364
2017-10-22,Philippines,1.6287478639641293,13.5428754424755,6.8377886584013785,2.981929214316244
2017-10-29,Philippines,1.6323412581169536,13.585174612373134,6.848337735603087,2.9816603245266315
2017-11-05,Philippines,1.6287478639641293,13.58187687882176,7.0585204001876045,2.9838143105284716
2017-11-12,Philippines,1.586103571514554,13.7622704705364,7.274203917145075,2.985329750941579
2017-11-19,Philippines,1.594695437607443,14.325570732265932,7.279096307692619,2.999461842229811
2017-11-26,Philippines,1.614375823517619,14.372318357400816,7.375347257198961,3.0019268694702173
2017-12-03,Philippines,1.6296440503384,14.84746485552646,8.564106924267138,3.101773393254022
2017-12-10,Philippines,1.6279275176198107,14.873142517647514,8.405157096543963,3.0976783212665686
2017-12-17,Philippines,1.6457905833482345,14.890084409085276,8.412596553338274,3.0967080359154844
2017-12-24,Philippines,1.6542333721794031,14.87795980584822,8.402943146745118,3.1020846679138105
2017-12-31,Philippines,1.6590136111274392,14.890660748060238,8.458576985945708,3.101382640626691
2018-01-07,Philippines,1.68932467755174,13.816122932592837,8.193093187867913,4.48918491012247
2018-01-14,Philippines,1.7090198433579153,13.654859200963108,8.09893294253234,4.468559504039227
2018-01-21,Philippines,1.682801874116251,13.534478868627884,8.056967586916493,4.452638284451866
2018-01-28,Philippines,1.6861776777186517,13.481377524330632,8.16142210086516,4.443075341392877
2018-02-04,Philippines,1.667816976184903,13.367410893947577,8.07738629615183,4.514852404472751
2018-02-11,Philippines,1.5755208135563852,13.392000833067186,8.101432657052966,4.516350507960679
2018-02-18,Philippines,1.6219225422680676,12.97821217566398,7.944022913737683,4.467502260465404
2018-02-25,Philippines,1.6126313595224921,12.9435304894565,7.968495679670214,4.473080506712026
2018-03-04,Philippines,1.6111817774038653,13.108433598624638,7.928416596205843,4.811738987695469
2018-03-11,Philippines,1.6138664264927274,13.115849039338173,7.935387809746908,4.814030939900256
2018-03-18,Philippines,1.6144485479519102,13.116730109091584,7.93161914667287,4.812664036838224
2018-03-25,Philippines,1.53225731049662,13.01873175862832,7.963913347308684,4.795657617116623
2018-04-01,Philippines,1.5497348401365307,13.021794769204616,7.98472690446915,4.798426120401756
2018-04-08,Philippines,1.5593315429373633,13.092533875508083,8.13557475155749,4.810275205151152
2018-04-15,Philippines,1.560924100973608,13.184926832955291,8.113491593408213,4.816719603957578
2018-04-22,Philippines,1.5676059417652182,13.103950649570775,8.103229961580984,4.802099190305003
2018-04-29,Philippines,1.5578094709227588,13.17902628520892,8.090055156747122,4.818690719607565
2018-05-06,Philippines,1.5186076217530975,13.159579689506048,7.850753276511407,4.887164595367196
2018-05-13,Philippines,1.5171236577473055,12.77096734051439,7.791105167292264,4.830504678195503
2018-05-20,Philippines,1.483368953671773,12.77533148208128,7.824301258022854,4.831625217637546
2018-05-27,Philippines,1.4948708635527064,12.783695626971753,7.854399009250401,4.829288680045024
2018-06-03,Philippines,1.4762231671233306,14.04572956543891,8.049539141047731,4.810720897232859
2018-06-10,Philippines,1.4663672475124259,13.969465282130017,8.157880753959152,4.968038311558187
2018-06-17,Philippines,1.4733418588038867,13.793309830657677,8.169875035331605,4.920654416788321
2018-06-24,Philippines,1.4499301654076764,13.78609217172892,8.166610438584836,5.32072855052064
2018-07-01,Philippines,1.4417891254226944,13.862076567493762,8.278184947332901,5.00613289774433
2018-07-08,Philippines,1.460821083202198,13.78916009762911,8.001662910017385,4.76324292934903
2018-07-15,Philippines,1.5204057532218784,13.729266723011737,7.87163399445475,4.845283566373484
2018-07-22,Philippines,1.5312449181375176,13.720540409735044,7.891456510253243,5.126682111057616
2018-07-29,Philippines,1.5731418969181128,13.75075794546789,8.115985908540301,5.324000203671931
2018-08-05,Philippines,1.5438305641197176,13.821661473470185,8.112426928648869,5.3070208547542785
2018-08-12,Philippines,1.5282179250417613,14.055242648655776,8.090389913462921,5.329562146908759
2018-08-19,Philippines,1.528280769459149,14.153393522815268,8.318015553419821,5.269526274869698
2018-08-26,Philippines,1.5252686659906283,14.256727111921052,8.613299567885779,5.510508398309357
2018-09-02,Philippines,1.5160129596234129,14.27352276929446,8.651355158681334,5.388577118115095
2018-09-09,Philippines,1.4778425365311314,14.270673561064555,8.98357452188904,5.1923383848270825
2018-09-16,Philippines,1.5145353336750365,14.385814313658132,9.045776050690334,5.1067511614861445
2018-09-23,Philippines,1.5279662985486793,14.678258116404129,9.45367208569764,5.143708623191061
2018-09-30,Philippines,1.5325740331182518,14.667967072859666,9.464479303477964,5.051532186534392
2018-10-07,Philippines,1.486297655737518,14.679601705135472,9.629071163489128,4.715655077044887
2018-10-14,Philippines,1.4622312355150875,14.674697496457414,9.569080636363903,4.909354678961275
2018-10-21,Philippines,1.448547543449248,14.731439392962134,9.58244230796254,4.985119121349758
2018-10-28,Philippines,1.4181380315544772,14.687789046057082,9.390243599183172,4.716413496034241
2018-11-04,Philippines,1.4445276359990689,14.508210131179904,9.379724596227865,4.30780701106578
2018-11-11,Philippines,1.460821083202198,14.511457644334463,9.161384920954095,3.9104938768938298
2018-11-18,Philippines,1.432512730474033,14.344469863990724,8.901623905147813,3.315659179703487
2018-11-25,Philippines,1.4041333250589643,14.352287861593249,8.784657813809996,1.960310359861487
2018-12-02,Philippines,1.4378666072938624,17.243023976660755,9.87569133096768,2.23092361482732
2018-12-09,Philippines,1.4581786244663735,16.4296925480828,8.851569102291371,3.3217621547637433
2018-12-16,Philippines,1.4950495122894267,16.318296825217345,8.522939450008337,3.254636519101102
2018-12-23,Philippines,1.4706455674987648,16.41356870888994,8.496029670034794,2.5527535329543967
2018-12-30,Philippines,1.4720782706363709,16.169362653307708,8.513333584840993,2.494309592312434
2019-01-06,Philippines,1.4499855339604912,14.259515960358424,8.00962561305088,2.424548735050017
2019-01-13,Philippines,1.497974795781141,14.408953559823685,7.932991877711274,3.2357707763912433
2019-01-20,Philippines,1.5160129596234129,14.287072432141496,7.963446782946346,3.805645977759605
2019-01-27,Philippines,1.528343746270559,14.347433199631563,7.946163327426285,3.863909989082494
2019-02-03,Philippines,1.5668672357109692,14.459037368065596,7.977890980929508,4.1375723811288445
2019-02-10,Philippines,1.5594641537060334,14.454856154820463,7.953256430961733,4.269399728371395
2019-02-17,Philippines,1.5935706260669258,14.94881823642275,8.085467336314949,4.736363585106021
2019-02-24,Philippines,1.6236952735588184,15.01703562473654,8.076464444007852,4.6885872241548885
2019-03-03,Philippines,1.6467138858048664,14.317733191811811,8.056564383727931,4.787647376342251
2019-03-10,Philippines,1.62986833427228,14.178517177772664,8.036287105813841,4.856132757135254
2019-03-17,Philippines,1.6655834237587608,14.09922882533234,8.03478388999388,5.473233028672656
2019-03-24,Philippines,1.643565237160269,14.228033929779496,8.059847150108322,5.194944185748653
2019-03-31,Philippines,1.6506551126339495,14.235917617345098,7.94337007237928,5.39361817783143
2019-04-07,Philippines,1.6904054749895376,14.233351875688612,7.95817438624458,5.940710713088318
2019-04-14,Philippines,1.708675771046282,14.23346373275497,7.977424339352337,5.613380635510886
2019-04-21,Philippines,1.7241982449638196,14.394833348351325,8.087069018326089,5.615100858110728
2019-04-28,Philippines,1.7109160729845283,14.33826848619393,8.180088093317678,4.603857389451518
2019-05-05,Philippines,1.7325755794869466,14.34313509514334,8.281424086962465,4.885000396503962
2019-05-12,Philippines,1.6900726415781628,14.838302400571134,8.304753345513296,4.404675761203354
2019-05-19,Philippines,1.6787123683493932,14.605432648536093,8.318532058600015,4.914465599051028
2019-05-26,Philippines,1.6535315652933371,14.546309036931882,8.390466368448891,4.355766459996736
2019-06-02,Philippines,1.6208909615355198,14.542500031397202,8.194524345625478,2.8820890153466783
2019-06-09,Philippines,1.6395965579981782,14.733484708059454,7.69094167494642,3.6000598730417837
2019-06-16,Philippines,1.667816976184903,15.018703690161685,7.781794465356384,3.1676831773714924
2019-06-23,Philippines,1.7239329759011133,14.77553255863494,7.7842671777058765,3.27237297382834
2019-06-30,Philippines,1.7555014274181464,14.842248633786078,7.79355156455049,3.558395813786636
2019-07-07,Philippines,1.7666680620865476,14.107780508056496,7.149153152457897,4.022651648685244
2019-07-14,Philippines,1.7513027889507111,14.239041927892734,7.234639332945178,4.668792901403065
2019-07-21,Philippines,1.7557824892074179,14.242248256892852,7.169957867822306,4.021116927537961
2019-07-28,Philippines,1.7847534670192504,14.170855393111497,7.179761032360954,4.369770616469565
2019-08-04,Philippines,1.726324929104143,14.319897325142762,7.190210033268972,3.971789289200109
2019-08-11,Philippines,1.700227309399768,14.27257209734264,7.078953647529928,4.016049656178748
2019-08-18,Philippines,1.6946654376095798,14.28798975975144,7.090701164959282,4.026576465084789
2019-08-25,Philippines,1.742452922612498,14.211165980652655,7.108235710844776,3.992157376788037
2019-09-01,Philippines,1.7489842146756969,14.27952023988231,7.019520995770331,4.4328140959908255
2019-09-08,Philippines,1.7910201786401716,14.366582776158909,6.959414196523902,4.323778627500819
2019-09-15,Philippines,1.8221312063354864,14.220633232043054,6.969329237387542,3.9858715933408466
2019-09-22,Philippines,1.7710844910620007,14.275112011368,6.798466377729209,3.5665999515439015
2019-09-29,Philippines,1.756438773516348,14.27209120026851,6.76131978289433,3.5937623220874544
2019-10-06,Philippines,1.7418131115446638,14.196892853174436,6.613907223155464,3.587014588277447
2019-10-13,Philippines,1.7604884488394734,14.137895938525864,6.631690734273675,3.5447599240497345
2019-10-20,Philippines,1.803471695321959,14.10099359007562,6.636556153792539,3.9512171341420745
2019-10-27,Philippines,1.8315528755446062,14.089321244306973,6.726343385202787,4.18886247321517
2019-11-03,Philippines,1.8314448563839791,13.786793306337938,6.744096387366311,4.301409246538621
2019-11-10,Philippines,1.8595124522924886,13.698043768379716,6.8367966127417485,4.731124155545992
2019-11-17,Philippines,1.831768980702548,13.814177710273452,6.927613460645885,4.583407671070366
2019-11-24,Philippines,1.8168523089450772,13.61643774281224,6.984774259558487,4.567543925982691
2019-12-01,Philippines,1.8292891352767624,13.626870339354346,6.994052272723937,3.956877093382086
2019-12-08,Philippines,1.8222374321251071,13.849877055569456,7.427109031988715,5.054460628426366
2019-12-15,Philippines,1.8576918158581726,13.996915475262506,7.740025573985054,5.684539655835803
2019-12-22,Philippines,1.8953870037244132,13.95777456175004,7.793028936262735,5.928724337123345
2019-12-29,Philippines,1.9045144051138672,14.02374118934087,7.81080020856008,6.007665671946446
2020-01-05,Philippines,1.893556796210531,6.387481283351978,5.4337340466171575,3.6300270914603465
2020-01-12,Philippines,1.9032712399812928,6.400951250383104,5.473798888009627,3.862274516146414
2020-01-19,Philippines,1.9163505813984911,6.393622967020579,5.3990717632786165,4.08670352468638
2020-01-26,Philippines,1.8550858130943073,6.397367474506895,5.3907466197194145,3.332802427740956
2020-02-02,Philippines,1.8320933056852569,6.400081705972108,5.301708332723591,2.76361357110256
2020-02-09,Philippines,1.8825913273125057,6.385326425906568,4.795687285007468,3.005975900718462
2020-02-16,Philippines,1.8962434134890298,6.411417185868392,4.802610170429121,3.183177037742394
2020-02-23,Philippines,1.8953870037244132,6.392653344881213,4.816260856488262,3.180761468270468
2020-03-01,Philippines,1.7297093402621577,6.433794297298251,4.802309544715648,2.056825806011011
2020-03-08,Philippines,1.6484106444441418,6.243076813334408,4.752528420165028,1.7059758153975415
2020-03-15,Philippines,1.2985704185054643,6.213918012277787,3.118107376830272,1.6831544446720952
2020-03-22,Philippines,1.1956297419573458,6.229059028031892,3.026470766522724,1.7017766930724392
2020-03-29,Philippines,1.4013586868036503,6.237033373821068,2.416929287007984,1.706672321061013
2020-04-05,Philippines,1.3230295430814278,6.252111473679458,1.5747034111485063,1.7561866756521125
2020-04-12,Philippines,1.4751266279132123,6.2492833968456125,1.4747529447568528,1.7570393403318196
2020-04-19,Philippines,1.4994126836888824,6.237976497950643,1.366859155789265,1.715488303344114
2020-04-26,Philippines,1.470073413988756,6.255170623030514,1.1559454729984782,1.7537658469894466
2020-05-03,Philippines,1.50326398241143,6.275969598497988,1.0584433054669509,1.78286494688896
2020-05-10,Philippines,1.4928497556322178,6.303640074671146,1.0717873654463164,1.7709239706830324
2020-05-17,Philippines,1.4669928884981747,6.307679371843835,1.0799924690240046,1.7094018540478748
2020-05-24,Philippines,1.524580367674901,6.294478478139429,1.0879804895425902,1.7205422060124664
2020-05-31,Philippines,1.5579416098561025,6.305038540391576,1.0663565296802444,1.744680359638555
2020-06-07,Philippines,1.6378498573739746,6.246694095091279,1.08388474957269,1.7333841453670698
2020-06-14,Philippines,1.598366051653614,6.216470923359366,1.0678809062878891,1.6415285551520158
2020-06-21,Philippines,1.6339958159291539,6.240475200775885,1.08432599562535,1.870085710814277
2020-06-28,Philippines,1.6148998768119285,6.24406290544961,1.0814569261668452,1.7414424192368902
2020-07-05,Philippines,1.6438716658104955,6.337569276622768,1.0928742289753757,1.7114822668719116
2020-07-12,Philippines,1.6420354803960353,6.339389877511935,1.0905063332142657,2.2439514387667643
2020-07-19,Philippines,1.6515086772612324,6.34372797299174,1.0920342055434866,2.9381749734864293
2020-07-26,Philippines,1.6735208032067157,6.351878132084055,1.0822799625503852,2.7540723600002157
2020-08-02,Philippines,1.6784773108246225,6.3640398876471735,1.0851549854166718,2.6034338235721313
2020-08-09,Philippines,1.7037104931765765,6.378623742260766,1.0907111644589271,3.235589602716337
2020-08-16,Philippines,1.7359987424743248,6.402057151242159,1.093048391793074,3.510564431229727
2020-08-23,Philippines,1.740171554067036,6.418130069727839,1.089650452395195,3.684584425351854
2020-08-30,Philippines,1.7626668198312063,6.429637102184442,1.0948435969839714,3.908314565050714
2020-09-06,Philippines,1.7879272729887963,6.324501890188017,1.0749781272089691,2.5884276461600546
2020-09-13,Philippines,1.7766077766632122,6.360409932464653,1.066858332170461,2.194914691985135
2020-09-20,Philippines,1.7880266623305836,6.3631621776447735,1.0850364509842805,3.0108264424239057
2020-09-27,Philippines,1.6764351110316684,6.36054973447612,1.0844119352441857,2.8015613084704776
2020-10-04,Philippines,1.6890756615707725,6.380365613093829,1.0833099098790595,1.9712068743288196
2020-10-11,Philippines,1.7614344761010088,6.388842112437043,1.095049648019152,2.7598062605881597
2020-10-18,Philippines,1.7655217797440086,6.371192434162586,1.096823676375335,2.618862309281009
2020-10-25,Philippines,1.7870327060234734,6.38574990551077,1.0989953611368604,2.466971814660794
2020-11-01,Philippines,1.7566263623380154,6.41016189346803,1.0694555890268769,1.6414718135363051
2020-11-08,Philippines,1.8097566420284732,6.438695320326528,1.0841787005644798,2.0015432886052125
2020-11-15,Philippines,1.866859565399741,6.435995593833345,1.0966927740767511,2.3854202851790025
2020-11-22,Philippines,1.848459993804649,6.454823059586785,1.107602876526204,2.683030360273478
2020-11-29,Philippines,1.8859402090358834,6.463595444375552,1.1178505084853598,2.521386310061859
2020-12-06,Philippines,1.885580457190081,6.485479361540849,1.1318956920438787,3.3141181470612904
2020-12-13,Philippines,1.8797379642797167,6.48092221066796,1.133605480993361,3.195036618139272
2020-12-20,Philippines,1.891854277022042,6.490230985599144,1.133326610523976,3.4455285337447124
2020-12-27,Philippines,1.8799751289146023,6.491117468750796,1.130088556527572,3.4454868358264266
2021-01-03,Philippines,1.8798565328860148,7.701508027951751,1.167366030692779,3.1329546773488213
2021-01-10,Philippines,1.8860602225845011,7.705352993868547,1.180526444758555,3.182062979449938
2021-01-17,Philippines,1.8349124606104446,7.7488146075836495,1.1689257437938,2.8257979409781666
2021-01-24,Philippines,1.835129848608923,7.739816371726056,1.1754237501927989,3.2227984652092165
2021-01-31,Philippines,1.8245773922583108,7.739015702162922,1.185100178124824,2.84151630676252
2021-02-07,Philippines,1.846344150704101,7.750581199245132,1.207628889989712,3.352632720035539
2021-02-14,Philippines,1.8631729473392955,7.7472777484861775,1.2159677232305248,3.431044703350405
2021-02-21,Philippines,1.869177458012284,7.689360681688557,1.210123006874159,3.0357929231507716
2021-02-28,Philippines,1.835238739686518,7.729099527702696,1.2178096103778324,2.608901870467098
2021-03-07,Philippines,1.8143370927988243,8.33459179994625,1.2218285205475397,3.1790496317163854
2021-03-14,Philippines,1.819907516383637,8.386842376002736,1.3707728037606273,3.0916674250994323
2021-03-21,Philippines,1.835129848608923,8.39289201739737,1.3658650881342629,2.5045807486175464
2021-03-28,Philippines,1.7980704325833523,8.398534804873307,1.511849199268744,2.4695749579136863
2021-04-04,Philippines,1.7930248919709297,8.433578426348157,2.2547659119224313,2.853409229066222
2021-04-11,Philippines,1.77369361627147,8.435340881938474,2.3556588232851525,2.942019369721268
2021-04-18,Philippines,1.77369361627147,8.456710879319495,2.516616032410593,3.643534113608157
2021-04-25,Philippines,1.7689676735145743,8.463546989335551,3.0127922849803004,3.0008208947836064
2021-05-02,Philippines,1.77369361627147,8.4938316205761,4.197817204223916,3.0318668695700004
2021-05-09,Philippines,1.7707952605023156,8.506342883211486,4.259743971946443,3.111729004282193
2021-05-16,Philippines,1.745570855462936,8.525441094762774,4.745040762077543,3.2321475435309583
2021-05-23,Philippines,1.7503741718904853,8.522166368343822,4.716752409483089,2.941360753443419
2021-05-30,Philippines,1.771856179169067,8.531980860777091,4.872136097911665,3.563758416754631
2021-06-06,Philippines,1.7787548505486248,8.57043838993069,5.5088191384328145,3.732546414915101
2021-06-13,Philippines,1.803881458475332,8.605751371261977,5.613903714331389,3.627735523625327
2021-06-20,Philippines,1.790819901046111,8.418589214200049,5.801180290108766,3.417207337236584
2021-06-27,Philippines,1.793125436261914,8.412016029831694,5.81884967894168,3.7395807451713017
2021-07-04,Philippines,1.7930248919709297,8.379803064022022,5.803915098097534,3.5739659850812373
2021-07-11,Philippines,1.769255827990397,8.200052117264848,5.753334824018614,3.0717580061550405
2021-07-18,Philippines,1.769255827990397,8.15259958720196,5.6186482908067825,3.0424533455262917
2021-07-25,Philippines,1.7597326465694167,8.16166026811763,5.681108161950876,3.3806360891080827
2021-08-01,Philippines,1.7322164788186025,8.177063758849474,5.693785305360678,3.5335229206836636
2021-08-08,Philippines,1.732755128293546,8.040211668549558,5.327871123529628,2.814137178977923
2021-08-15,Philippines,1.7413566278140162,8.05720724488378,5.329038911800858,3.148033306508621
2021-08-22,Philippines,1.7545654186057682,8.066141408262194,5.347249825301518,2.7117802456572195
2021-08-29,Philippines,1.7616238045326296,8.077245893183072,5.342978974511639,3.2862346095317903
2021-09-05,Philippines,1.8030620437028146,8.103781220176858,5.390879609321416,2.9868157286246597
2021-09-12,Philippines,1.81120972418163,8.098683409352219,5.428042082335734,3.340704453842731
2021-09-19,Philippines,1.7934268814515344,8.090370989889067,5.517102258138118,3.478882091964972
2021-09-26,Philippines,1.7451111236214156,7.988247105875304,5.2341968868627085,3.2518602052195384
2021-10-03,Philippines,1.718304057006041,7.956594682010799,5.171477690729834,3.0743473053460093
2021-10-10,Philippines,1.6531419257805362,7.963380172151495,5.234356902072617,3.019651284160262
2021-10-17,Philippines,1.645867397631724,7.956422918774451,5.228675219338783,3.430238343874651
2021-10-24,Philippines,1.6644699114379258,7.954207989205022,5.243707049611836,3.120881579937017
2021-10-31,Philippines,1.688909574225655,7.969602998926185,5.460558713712178,3.023701516511102
2021-11-07,Philippines,1.645098952195472,8.014766076645381,5.485338861543518,2.9935086455881073
2021-11-14,Philippines,1.6155416074346698,8.024424732848063,5.573790670421573,3.1825159983095923
2021-11-21,Philippines,1.6332431522906925,7.924213816091678,5.4740869584022755,3.0467570687690664
2021-11-28,Philippines,1.6002811402821573,7.921091555622224,5.470754476386621,1.5592125235656955
2021-12-05,Philippines,1.587214031518222,7.948750717777265,5.554761666535654,1.6902093395827007
2021-12-12,Philippines,1.6411958997834608,7.953426718384499,5.564658353609288,2.45489352371023
2021-12-19,Philippines,1.6759483430721098,7.957981005294457,5.575447885583686,2.3374742807831894
2021-12-26,Philippines,1.6681367892105747,7.934157274270678,5.5933490724731145,2.6453751378201167
2022-01-02,Philippines,1.6842813467159299,16.604814553339374,7.7332601042487905,2.6806967526736445
2022-01-09,Philippines,1.6801810769031087,9.594023743450094,6.532252892515934,2.9772495506636005
2022-01-16,Philippines,1.630242335595861,9.573578914496602,6.620594226884998,2.598696165630389
2022-01-23,Philippines,1.6012054000042522,9.564237323740036,6.637924635072572,2.4863816558604546
2022-01-30,Philippines,1.5741601598846424,9.527405606008994,6.668969514564582,2.133118590671537
2022-02-06,Philippines,1.5607911634768157,9.450555641470192,6.656483732918926,2.3564450601974025
2022-02-13,Philippines,1.5223336371361527,9.374571687871782,6.643223699633612,2.1125737213132174
2022-02-20,Philippines,1.5042305305951458,9.413956790968124,6.655421641734367,1.8729202246817729
2022-02-27,Philippines,1.4583469571108876,9.420086805618562,6.549676495020736,1.992250339483513
2022-03-06,Philippines,1.415616296544469,9.236296088452235,6.523738209334096,1.3237052101626243
2022-03-13,Philippines,1.420828349091273,9.09222730062826,6.4685571285114305,1.3468902170066297
2022-03-20,Philippines,1.534287162922642,9.082283291606046,6.319843792371198,1.3326508794632963
2022-03-27,Philippines,1.4636444830548632,8.955982525961758,6.181248740081421,1.316664592638402
2022-04-03,Philippines,1.5071396594326618,8.665247999950878,5.202166392271943,1.7980911402580468
2022-04-10,Philippines,1.498873116277934,8.640463139774265,5.066572028025513,1.84079672955416
2022-04-17,Philippines,1.4421171157992727,8.564841603909475,5.060279750175393,1.822214684042915
2022-04-24,Philippines,1.415668729558499,8.46896783028462,5.022514210097362,1.892063777972135
2022-05-01,Philippines,1.356266951017783,8.467079503260564,5.015829081925824,1.8023031281647983
2022-05-08,Philippines,1.3152106888467086,8.481277085712044,5.019649316008611,1.708898049777556
2022-05-15,Philippines,1.2890400226976935,8.481951405264493,5.020111638221103,1.8653271170752848
2022-05-22,Philippines,1.3087272689613494,8.483516635794965,5.025618493960275,1.8919419756311309
2022-05-29,Philippines,1.3952863553453183,8.49052292522976,5.071393281279831,2.0404674740405353
2022-06-05,Philippines,1.415668729558499,8.025449176819205,4.824527881367756,2.012275218794643
2022-06-12,Philippines,1.4053703770327857,7.8425268466553,4.6970576681761385,2.183571620109457
2022-06-19,Philippines,1.3107772664521251,7.667855354703866,4.5428446368232995,1.7836368042119344
2022-06-26,Philippines,1.3151208324259058,7.544153695958507,4.548960147599479,1.8657433665787504
2022-07-03,Philippines,1.2895155162964544,7.524428764798084,4.555561206736841,1.8179083699345395
2022-07-10,Philippines,1.2719725037332217,7.448763470029504,4.486041554107847,1.6662825322116626
2022-07-17,Philippines,1.2091954821988873,7.37248685691797,4.428607812889306,1.6584805367307014
2022-07-24,Philippines,1.2895587596084055,7.365541535759938,4.452252550409994,1.8546485194023272
2022-07-31,Philippines,1.382912679432581,7.330779995848601,4.453961525413083,1.9680200714556095
2022-08-07,Philippines,1.380327265893866,7.145761580148134,3.8740652492387113,1.7441382883602752
2022-08-14,Philippines,1.4366728586832473,7.149325934121398,3.8659455772272633,2.001675647544152
2022-08-21,Philippines,1.415668729558499,7.154351992263898,3.8491141322961777,1.6622206115429277
2022-08-28,Philippines,1.4314365913701135,7.1637795879967365,3.8721217618058,1.8066810837663496
2022-09-04,Philippines,1.3470086700470862,7.148396805264939,3.794115831746056,1.5316146679245386
2022-09-11,Philippines,1.4182432667869853,7.126851640986253,3.7869484767186057,1.7352518199696407
2022-09-25,Philippines,1.2681069286996327,6.74557270282992,3.7642510647743346,1.569624774091808
2022-10-02,Philippines,1.2016943730062135,6.842896901362611,3.8212169247085903,1.3905579384096791
2022-10-09,Philippines,1.2205998420637898,6.818310806897974,3.787172016682904,1.4522372021735697
2022-10-16,Philippines,1.1985797326650074,6.787197432252089,3.756312657713044,1.5707076228931631
2022-10-23,Philippines,1.2019989791649324,6.785810084322949,3.772554929791348,1.7136384598341363
2022-10-30,Philippines,1.2724361646200282,6.734819698451803,3.7753076491957938,1.7069776439567717
2022-11-06,Philippines,1.2723940005695367,6.693502443854671,3.7332618130753503,1.706788795947256
2022-11-13,Philippines,1.4053703770327857,6.550502389546084,3.73034869453675,2.0592577560094725
2022-11-20,Philippines,1.3731230173419828,6.54950308146791,3.5733008677570117,1.8176856446676084
2022-11-27,Philippines,1.4640974954071002,6.534254425266177,3.5481063976432683,1.6244141090177122
2022-12-04,Philippines,1.4640974954071002,6.367554527045588,3.5424947695638345,1.9881552829946871
2022-12-11,Philippines,1.3952863553453183,6.369213957100111,3.5083341497456,1.9304536840526711
2022-12-18,Philippines,1.4314365913701135,6.396281622173753,3.5139146493501894,2.218523660042743
2022-12-25,Philippines,1.402847272417049,6.394290911312266,3.528199498451613,2.300724388977069
2023-01-01,Philippines,1.4261368909430112,6.429723555008953,3.5306292924234777,2.2770473905126636
2023-01-08,Philippines,1.4314365913701135,5.877994377441665,3.519149956184639,2.1141549982273418
2023-01-15,Philippines,1.4585152791653573,5.865386665964159,3.513391642105113,2.4340231830626475
2023-01-22,Philippines,1.4642107860136213,5.860270710014652,3.5168598951431314,2.436710359970935
2023-01-29,Philippines,1.4812688916603727,5.859927973546694,3.5346349490908215,2.4363870176020037
2023-02-05,Philippines,1.5106733308850737,5.798634808874186,3.540137319756524,2.355181868933064
2023-02-12,Philippines,1.4586275004528384,5.73139006608555,3.5404335803639975,2.3401111184699235
2023-02-19,Philippines,1.439497981011467,5.627936003430479,3.458435034377511,2.3136665213225553
2023-02-26,Philippines,1.44766415705953,5.627154748855597,3.520241121275528,2.316294548124475
2023-03-05,Philippines,1.4697875354746002,5.649186134408009,3.5491331565729385,2.342225265489851
2023-03-12,Philippines,1.4261368909430112,5.669007154024159,3.544765330153693,2.346043209063449
2023-03-19,Philippines,1.410550743029652,5.50771406801423,3.5708387933832113,1.7552988602162949
2023-03-26,Philippines,1.3520251307958318,5.537348837933013,3.65170276207062,1.9131022913705655
2023-04-02,Philippines,1.4421171157992727,5.604313732670015,3.931134044709947,2.3944478939103155
2023-04-09,Philippines,1.4584591480455655,5.6091859427386765,3.934891237442941,2.452406469830255
2023-04-16,Philippines,1.4753573043119803,5.540150602565037,3.934237671491147,2.5283954000913464
2023-04-23,Philippines,1.4393890872116804,5.533300867799593,3.8682113636300817,2.523439463730804
2023-04-30,Philippines,1.4313828353075244,5.536619910450687,3.8980023084865656,2.5262356543979756
2023-05-07,Philippines,1.410498782340256,5.526126512634336,3.896623383422504,2.4707785583015656
2023-05-14,Philippines,1.425859692528082,5.499476637371849,3.87627048807919,2.4615219590278232
2023-05-21,Philippines,1.4612719275005448,5.482101915005622,3.906054147907259,2.4564460743788614
2023-05-28,Philippines,1.4724800230398767,5.43676938326345,3.905861069448566,2.4420057204732366
2023-06-04,Philippines,1.4986334348994972,5.572515332094253,4.00028276705759,2.3558886880339136
2023-06-11,Philippines,1.5168148197375777,5.633027383434304,4.046198023037522,2.642351634787203
2023-06-18,Philippines,1.5198470971208504,5.73027666855921,4.122299409245087,2.671660955996024
2023-06-25,Philippines,1.50157597777212,5.779020146907597,4.116779444829472,2.684130298624117
2023-07-02,Philippines,1.4929091030768666,5.797332646133653,4.108803421801589,2.757521289210809
2023-07-09,Philippines,1.495883837464556,5.785622776421274,4.059853700249327,2.6436773623298353
2023-07-16,Philippines,1.5388156400215323,5.778516559922618,3.902157606056575,2.6540087344335217
2023-07-23,Philippines,1.529351200842992,5.766227024615647,3.8892965134438375,2.648622401692126
2023-07-30,Philippines,1.577704132710499,5.7880022063420276,3.924295151709005,2.651130785753891
2023-08-06,Philippines,1.5748400939176435,5.832318009174664,4.526888251517609,2.719753665221933
2023-08-13,Philippines,1.5678747239352482,5.759737331451348,4.501454062187541,2.697783170384701
2023-08-20,Philippines,1.498813187111867,5.767422966465365,4.506248907464093,2.702245603988077
2023-08-27,Philippines,1.5139820670958186,5.736989503455547,4.573903677053781,2.6923361191335817
2023-09-03,Philippines,1.5547767803471253,5.687319644312191,4.5622647492315815,2.498184014121823
2023-09-10,Philippines,1.5515632303067992,5.687021479073408,4.570391611729085,2.4977513996133407
2023-09-17,Philippines,1.571381012740379,5.760069682768797,4.586651883920406,2.5137179558639247
2023-09-24,Philippines,1.5076257378033873,5.94133407453469,4.703927139286316,2.5502418163083727
2023-10-01,Philippines,1.4869438480249983,5.946346771693128,4.828410253991837,2.5501808641072956
2023-10-08,Philippines,1.442281175333898,5.981611566692018,4.614113631788398,2.5510383021308796
2023-10-15,Philippines,1.4868851339334692,6.010806401711777,4.652808044077726,2.036357813904228
2023-10-22,Philippines,1.435319132915186,6.0137588318880155,4.662109204861135,2.064872710880495
2023-10-29,Philippines,1.4449119293256423,6.036655504755083,4.620488119238293,1.8935938412287048
2023-11-05,Philippines,1.4640974954071002,6.091978295673973,4.646110031911548,2.3763197539458103
2023-11-12,Philippines,1.525957500202892,6.204361667594105,4.6317136829998535,2.3191383639818066
2023-11-19,Philippines,1.577704132710499,6.22614872202266,4.924661417559874,2.25417396909443
2023-11-26,Philippines,1.5955404708717504,6.236402797390983,4.955966764897726,2.0574927344066367
2023-12-03,Philippines,1.5951881545418432,6.159783809594746,4.843466930204682,2.274664839988564
2023-12-10,Philippines,1.5955404708717504,6.150116927714813,4.8228935302999245,2.2713712094221825
2023-12-17,Philippines,1.6389123847533464,6.153544530810178,4.860626443626961,2.2732192806941645
2023-12-24,Philippines,1.6386845341004668,6.1571533840143085,4.795854239288017,2.2790965184410488
2023-12-31,Philippines,1.639064335637406,6.192105449122576,4.802822316921,2.283724169944611
2024-01-07,Philippines,1.5992163539991564,7.84913700482048,5.047451370255539,2.3193652699416343
2024-01-14,Philippines,1.6354286812539345,7.8890568808308,5.136472710081787,2.2151661387545625
2024-02-04,Philippines,1.6245095282394681,7.97046492586716,5.121503687378296,2.2972527124373996
2024-02-11,Philippines,1.639292337697439,8.116693469331198,5.128469610940238,2.3062320214035
2024-02-18,Philippines,1.635579634383132,8.326925748077423,5.295942744873691,2.316016539091711
2024-02-25,Philippines,1.6546237614598949,8.353005333788957,5.310300825693782,2.318113175760485
2024-03-03,Philippines,1.639292337697439,8.080874077199242,5.201768802072859,2.075293126447619
2024-03-10,Philippines,1.6391403262231865,8.076116764798535,5.190735962713274,2.0797631846764135
2024-03-17,Philippines,1.662328518900193,8.667243761359117,5.189795044136299,2.103514527537478
2024-03-24,Philippines,1.646405849467673,8.590254533031793,5.200679330852317,2.097599006579798
2024-03-31,Philippines,1.6314407047648205,8.712548621020124,5.228369601472235,2.1028831911098185
2024-04-07,Philippines,1.6062798260636622,8.547012302578535,5.404754642223666,2.0600360002028246
2024-04-21,Philippines,1.59202753864935,8.604896608275567,5.346727092240548,2.054357079170884
2024-04-28,Philippines,1.5920975205949448,8.5906361066619,5.356056699396115,2.054881757887111
2024-05-05,Philippines,1.616782911827653,8.404977369986876,5.352309262141322,2.053579313643757
2024-05-12,Philippines,1.6243613827951546,8.412645596608836,5.373676156561601,2.0513137195766356
2024-05-19,Philippines,1.639292337697439,8.447913174921364,5.308906323703979,2.051700267567295
2024-05-26,Philippines,1.6244355248249507,8.476591330829491,5.283402936027792,2.049037320471982
2024-06-02,Philippines,1.613502897797925,8.448969119444332,5.262274160672572,2.0471499988584476
2024-06-16,Philippines,1.5919574250034785,8.454723443404545,5.2561646882100135,2.054292386528499
2024-06-23,Philippines,1.5852026747935588,8.434744146109093,5.274408946631243,2.0519927622795233
2024-06-30,Philippines,1.5819575810465798,8.43601592739665,5.298119449693352,2.053637115404144
2024-07-07,Philippines,1.613357550244806,8.542431481415273,5.422958049266997,2.059855013834929
2024-07-14,Philippines,1.6280019716589786,8.80839911035464,6.103466842714959,2.0719287661821006
2024-07-21,Philippines,1.5923777424776995,8.843295087479941,6.142584215987523,2.0718919938637934
2024-07-28,Philippines,1.6062798260636622,8.861393698803635,5.930821820429226,2.072225573727695
2024-08-11,Philippines,1.581819957987432,8.648344821212065,5.9393594822784195,2.060686133389305
2024-08-18,Philippines,1.631515765657098,8.67127706095882,5.953664127231396,2.0642975830435133
2024-08-25,Philippines,1.654545599664932,8.71538973379243,5.984659270700656,2.0737830037638707
2024-09-01,Philippines,1.674571451206864,9.042270291443373,6.30221767091853,2.231597235135787
2024-09-08,Philippines,1.6663800559071742,9.07061008485099,5.916173317716215,2.1796900434104822
2024-09-15,Philippines,1.6505774947525418,9.101067831542023,5.9319606988512525,2.185081569175301
2024-09-22,Philippines,1.6584630079191705,9.107546593113748,5.94444635375874,2.1907941330924565
2024-09-29,Philippines,1.6659814798700785,9.061782879750396,5.864333327300498,2.1818654089395113
2024-10-06,Philippines,1.6634378171174324,8.425835361249836,6.269363970731026,1.8190882587141268
2024-10-13,Philippines,1.6661409243463103,8.269946990558294,6.179994538169528,1.5116116337613643
2024-10-20,Philippines,1.6780606412961236,8.239555268839961,5.990490962935384,1.7448440807756098
2024-10-27,Philippines,1.6660612363226133,7.951248925472715,6.008532854995028,1.6281882709451254
2024-11-03,Philippines,1.6463289625903739,7.930898205851362,6.027079003598448,1.9666824249381911
2024-11-10,Philippines,1.662091094899535,7.923141938819338,6.060303748663953,2.021246924903074
2024-11-17,Philippines,1.6467138858048664,7.929551822830491,6.0651468187946875,2.0225904209963392
2024-11-24,Philippines,1.6316658418928158,7.883588468697841,6.019842941727633,2.0174386016190797
2024-12-01,Philippines,1.6169291230940375,8.859727375678936,6.503439109897144,2.539368386735944
2024-12-08,Philippines,1.6357307028510093,8.25708379336918,6.442862875553442,2.330904517668455
2024-12-15,Philippines,1.6431823560565952,8.10026092393037,6.295998420258783,2.313780743320527
2024-12-22,Philippines,1.6168560859412864,8.139164958920004,6.642011766786712,2.319286442051664
2024-12-29,Philippines,1.602844431289406,8.073288811734749,6.578466497690565,2.3207375311736564
2015-01-04,Qatar,1.5051987363706296,9.324929214201635,6.6112785007468045,1.4505012961962147
2015-01-11,Qatar,1.5050170312768003,9.329152262978605,5.617002278762366,1.6199449930926002
2015-01-18,Qatar,1.52664737342789,9.334089608027751,5.612598247757318,1.383023419867881
2015-01-25,Qatar,1.52664737342789,9.333779166512754,5.600779833615387,1.3474721518230983
2015-02-01,Qatar,1.5235184940486821,9.331539741422509,5.165335478519644,1.318866866782107
2015-02-08,Qatar,1.51737068101993,9.469506959244098,4.896229301438722,1.149765401088451
2015-02-15,Qatar,1.5204057532218784,9.473629049187084,4.7934768038326165,1.2927823151356532
2015-02-22,Qatar,1.5235184940486821,9.474190392536569,4.799180590637393,1.3432152233524528
2015-03-01,Qatar,1.5328908593640143,9.476471424650022,4.727590016307591,1.28361677412125
2015-03-08,Qatar,1.5329543207466796,9.50359750103495,4.717766173660622,1.570464646875994
2015-03-15,Qatar,1.5329543207466796,9.507473698719922,4.681601520999732,1.3519172715296364
2015-03-22,Qatar,1.5423474679457567,9.508966031241716,4.627048788583566,1.4911942830439613
2015-03-29,Qatar,1.5455762985363364,9.502804827116416,4.535805176999255,1.41109866118962
2015-04-05,Qatar,1.5234560193001885,9.711506281610484,4.460023413800179,1.4609627505119092
2015-04-12,Qatar,1.5265219059913369,9.7016674152591,4.459345718711857,1.9396753647047529
2015-04-19,Qatar,1.5488226789657806,9.705713363131643,4.337397204792915,2.006055215205094
2015-04-26,Qatar,1.5520213041966944,9.703634376690196,4.320640571734719,2.3981647727411515
2015-05-03,Qatar,1.5619215176786583,9.629390246959556,4.321339656326955,2.614271751387036
2015-05-10,Qatar,1.5619215176786583,9.633442474545012,4.320830069398791,2.663866425653592
2015-05-17,Qatar,1.582095442978566,9.633170143542166,4.32834291835029,3.1885798488286414
2015-05-24,Qatar,1.582095442978566,9.635023770344397,4.334820125528403,3.0408290018793913
2015-05-31,Qatar,1.582095442978566,9.626318219043712,4.309091484133048,2.7880108010861124
2015-06-07,Qatar,1.585549094965892,9.041484120242622,4.315251682634507,3.054422698443024
2015-06-14,Qatar,1.599926018821723,9.043366760128071,4.303120626716557,3.0558035959450325
2015-06-21,Qatar,1.6140119746970172,9.048428019929746,4.247067321988261,3.057569945829209
2015-06-28,Qatar,1.6471761371555522,9.036201953016215,4.255863750088176,3.0559798826300755
2015-07-05,Qatar,1.6471761371555522,9.059425952395731,4.2574245616211375,3.095733227098694
2015-07-12,Qatar,1.6587776514747863,9.054065486391696,4.286971037884316,2.4493837235909326
2015-07-19,Qatar,1.6666193685392736,9.051060321106004,4.321970412767077,3.027506223457258
2015-07-26,Qatar,1.6663801356345795,9.044414935297796,4.304626802131215,2.6233002553069835
2015-08-02,Qatar,1.6707019229562974,9.0507420946953,4.298153505311511,2.6374697625143635
2015-08-09,Qatar,1.6710233768409417,8.232005312893007,3.939884819636187,2.2038620508179143
2015-08-16,Qatar,1.6710233768409417,8.225093435626162,3.940745323071738,2.218477813997223
2015-08-23,Qatar,1.5411892793574573,8.23155928737647,3.931316001737179,1.9809396203066507
2015-08-30,Qatar,1.5572808788121981,8.227877315083662,3.932735959551428,1.633291929879404
2015-09-06,Qatar,1.601419058101392,7.8783566175971,3.93109405891707,1.5708178548209195
2015-09-13,Qatar,1.6341465426553752,7.873241455108726,3.8740053417635143,1.5537520374311211
2015-09-20,Qatar,1.6342218078670856,7.876805618844221,3.863525360939743,1.7360364848953187
2015-09-27,Qatar,1.55543479737565,7.87741524752923,3.846645250579992,1.6433248636266855
2015-10-04,Qatar,1.5457057505873162,7.932634343784337,3.838418923169875,1.872632992236826
2015-10-11,Qatar,1.5390718537533652,7.926944614397593,3.776713949164012,1.8737551803558812
2015-10-18,Qatar,1.5391359723538667,7.933157746300948,3.715799006311132,2.0490524607440515
2015-10-25,Qatar,1.53920003375279,7.9321366919332625,3.69473812059375,1.95661478383251
2015-11-01,Qatar,1.5511056391571825,7.907830483755505,3.6971750246280273,1.9210213597332797
2015-11-08,Qatar,1.5513017346263616,7.866509098069098,3.693734100662322,2.033120796969546
2015-11-15,Qatar,1.5510403536898107,7.862133987114005,3.6368972618711246,1.658285186563779
2015-11-22,Qatar,1.5511056391571825,7.864631080727488,3.6569868034805912,1.728340213198001
2015-11-29,Qatar,1.5320673570091201,7.859566165349031,3.687044481363895,1.5617770487825429
2015-12-06,Qatar,1.5320673570091201,7.840536663798917,3.7946147045023615,1.6925679006364365
2015-12-13,Qatar,1.4933246963533324,7.824093598413267,3.638762304231334,1.316621900569439
2015-12-20,Qatar,1.4933841492565436,7.831013560093815,3.694897118350146,1.499877252681742
2015-12-27,Qatar,1.4700734711776682,7.834738175746657,3.699676858145191,1.50218990045857
2016-01-03,Qatar,1.467277536592753,4.325316643742093,2.832181207422262,0.9139685306499092
2016-01-10,Qatar,1.418717331304813,4.3259164611758605,2.936742698486041,0.7268463310128207
2016-01-17,Qatar,1.2768355676028609,4.333083635222453,2.9320051760382237,0.6168749767752315
2016-01-24,Qatar,1.3037179240841041,4.334606107690301,2.9183460636851404,0.6215166545009873
2016-01-31,Qatar,1.261311479856499,4.3351074080360315,3.02786919599737,0.6217004279903897
2016-02-07,Qatar,1.246984607068638,4.391045788265631,3.1662284630647615,0.5731362770536219
2016-02-14,Qatar,1.2715512678489889,4.393522139058606,3.14952399281016,0.5207108743386375
2016-02-21,Qatar,1.2883921617998544,4.391430583166732,3.159248145711031,0.6276337180168875
2016-02-28,Qatar,1.2694489895830898,4.384834551955242,3.1132970500352646,0.6670219674235369
2016-03-06,Qatar,1.3234843243670953,4.39342812954548,3.1039561996220693,0.9298101111330008
2016-03-13,Qatar,1.3347713796907705,4.3902683023264,3.121243485312629,0.9804340472930352
2016-03-20,Qatar,1.4583469571108876,4.39571772839069,3.147417795231621,1.1831564258615204
2016-03-27,Qatar,1.4418984364915484,4.3958461499098895,3.1612371164589845,1.1827243505856238
2016-04-03,Qatar,1.4261368909430112,4.394740665286211,3.174392863387392,1.0497796775101975
2016-04-10,Qatar,1.4261368909430112,4.400975578705336,3.1367065178396905,1.06714973676228
2016-04-17,Qatar,1.455603150740579,4.401521502324627,3.2261318944837933,0.9350503105790644
2016-04-24,Qatar,1.4502070572517982,4.399126832650267,3.239890718887259,1.2972809977107371
2016-05-01,Qatar,1.4378666072938624,4.411940640656947,3.257930915894276,1.270025317097569
2016-05-08,Qatar,1.4220453237322819,4.41304145217213,3.2091136998193113,1.2660991893763691
2016-05-15,Qatar,1.4156687819936795,4.409800549177503,3.218302174637746,1.3063489432065687
2016-05-22,Qatar,1.399771262891772,4.397056135905788,3.20431732879997,1.3675513424590346
2016-05-29,Qatar,1.3677962513047297,4.396746257940456,3.202572295460155,1.5993130434684604
2016-06-05,Qatar,1.3503645025752715,4.3563589556171545,3.1410129536608187,1.6274650745527908
2016-06-12,Qatar,1.3355122131999848,4.358373442340018,3.176689212739267,1.6224594991722086
2016-06-19,Qatar,1.3354658867346192,4.362090504508743,3.135619163278596,1.62186155660668
2016-06-26,Qatar,1.3333845535430409,4.365461578943778,3.143823923046124,1.557685836711898
2016-07-03,Qatar,1.3334307341928486,4.336265875836247,3.073066718906842,1.575601532108987
2016-07-10,Qatar,1.3731230173419828,4.334085043815664,3.0494144653270077,1.5690887955661434
2016-07-17,Qatar,1.3878135467245614,4.330600682709927,3.058330186074165,1.5738425550280637
2016-07-24,Qatar,1.380525776683156,4.328834660101696,3.047967038667112,1.5708694636440468
2016-07-31,Qatar,1.3708696891125811,4.33263523574285,3.019552155726732,1.5689710925354317
2016-08-07,Qatar,1.354214096983366,4.377707421605492,3.19605605518771,1.4271361543124133
2016-08-14,Qatar,1.3732702459229844,4.378919814318866,3.20227731255389,1.630426421971816
2016-08-21,Qatar,1.415616296544469,4.376095792777976,3.2132799832791488,1.6590434283784357
2016-08-28,Qatar,1.4233708384507797,4.373190244749216,3.2197922904408873,1.656668934095973
2016-09-04,Qatar,1.433968367528299,4.452460343532338,3.2150304675844295,1.6163173036246192
2016-09-11,Qatar,1.4639276548865925,4.45450270547038,3.2656196118571703,1.5559565840016618
2016-09-18,Qatar,1.4695018460706013,4.450973153476422,3.2412728476894173,1.5460949952739549
2016-09-25,Qatar,1.4582908411703779,4.451605296723034,3.259874742371029,1.3428354524636414
2016-10-02,Qatar,1.4312753906777025,4.452493601982668,3.1921332246314895,1.577635221577785
2016-10-09,Qatar,1.4312753906777025,4.386855010208001,3.272414514948973,1.6131936752918896
2016-10-16,Qatar,1.439225836337401,4.38633063945449,3.2876534901318557,1.677266405742746
2016-10-23,Qatar,1.4582908411703779,4.386610855511615,3.279984597054571,1.7292254715415007
2016-10-30,Qatar,1.4555473373553853,4.39081923261264,3.289056056560121,1.545726602579696
2016-11-06,Qatar,1.45549147310689,4.402665215729644,3.224459251059812,1.2464865780534835
2016-11-13,Qatar,1.4261368909430112,4.393121211831225,3.2250283285103807,1.1706046656360618
2016-11-20,Qatar,1.4393346473922017,4.3876028082307,3.233462198350729,1.11705456934571
2016-11-27,Qatar,1.4528158033789045,4.384759140762462,3.2419341912430117,0.8837566260016237
2016-12-04,Qatar,1.4527602389113818,4.398867101639996,3.2298003493351173,1.7148740025798732
2016-12-11,Qatar,1.4638144159433097,4.3975356744926,3.325687704899587,1.7147287016291837
2016-12-18,Qatar,1.4693304614201628,4.391359468006245,3.3418329676232608,1.722291404489563
2016-12-25,Qatar,1.4693875272398793,4.393848993235444,3.332414228202211,1.7219799341336386
2017-01-01,Qatar,1.4693875272398793,11.684353536940252,4.29769297459453,1.7228758867352365
2017-01-08,Qatar,1.483661196764959,4.868091970115116,3.4012577037061704,1.565329306386703
2017-01-15,Qatar,1.4836027954918334,4.871723359359367,3.452720848857819,1.5655689253934009
2017-01-22,Qatar,1.4693875272398793,4.870936922023552,3.455350996392569,1.566629143340448
2017-01-29,Qatar,1.4693875272398793,4.870907456726641,3.4711017553690087,1.5661685184914516
2017-02-05,Qatar,1.4693875272398793,4.861840342015768,3.5199507820583635,1.557633770395246
2017-02-12,Qatar,1.4807449938838786,4.861970336682771,3.574661855706457,1.5588932716198112
2017-02-19,Qatar,1.5467428975253859,4.8617718052160885,3.573957519923827,1.559570917189535
2017-02-26,Qatar,1.57941562770225,4.866540556581759,3.723676234317232,1.5601072686229178
2017-03-05,Qatar,1.5737527522395942,4.8387164986759466,3.6978290581346736,1.58560458291651
2017-03-12,Qatar,1.5770892360183493,4.834375026213721,3.712042423298792,1.5778653614116602
2017-03-19,Qatar,1.5772258925148783,4.836430227257207,3.7280675052968526,1.5837720722325204
2017-03-26,Qatar,1.5704349801808881,4.836616015853645,3.737598431597698,1.5807624565313394
2017-04-02,Qatar,1.587214031518222,4.836521924156882,3.745280095597957,1.5880578279237083
2017-04-09,Qatar,1.6151770975354882,4.845608686510555,3.884758928460319,1.5821857459280655
2017-04-16,Qatar,1.615249995713422,4.849384851401842,3.870254895989,1.5830661668734822
2017-04-23,Qatar,1.6151770975354882,4.853525516480546,3.843250393902683,1.5819983473957189
2017-04-30,Qatar,1.618979976800965,4.84431043994038,3.8480911853789648,1.5812980532180625
2017-05-07,Qatar,1.6119061511215205,4.824594783932592,3.871649674164984,1.5546766030457406
2017-05-14,Qatar,1.6117612038798668,4.824768678972988,3.88325738800455,1.554733287940615
2017-05-21,Qatar,1.6084373142191946,4.832269119399721,3.9034201237607977,1.5593079716465263
2017-05-28,Qatar,1.6838699671890505,4.824825612904439,3.8570024792572544,1.5575863373341283
2017-06-04,Qatar,1.6154686724810476,5.03958012689163,4.052046627545137,2.051268234363839
2017-06-11,Qatar,1.418348624795651,5.022198548358735,4.005068120518584,2.047054207585687
2017-06-18,Qatar,1.4585714714874092,5.013746242716999,4.020773004859244,2.0496981158394783
2017-06-25,Qatar,1.3517401524472115,5.010628636309237,4.027095368975911,2.0450218328920395
2017-07-02,Qatar,1.3108219015580334,4.9666386103337565,4.007407486612107,2.0931126536736206
2017-07-09,Qatar,1.2891696695426282,4.865573136255326,4.006605499988117,1.4025125080535294
2017-07-16,Qatar,1.3731230173419828,4.80483569237813,3.9689861701477223,1.3968531273722729
2017-07-23,Qatar,1.4027958841218742,4.812450390608047,3.976656148772738,1.3992602525609237
2017-07-30,Qatar,1.415616296544469,4.815003410292953,4.014148057844371,1.399391350684947
2017-08-06,Qatar,1.4484922468901695,4.884710788713213,4.0273436492000085,1.4655905611231308
2017-08-13,Qatar,1.429665110309744,4.8934625604755695,4.037970132390288,1.4679842626119537
2017-08-20,Qatar,1.4428831492101726,4.8632382087165,3.953248659593227,1.4637382735507003
2017-08-27,Qatar,1.4324049853669027,4.866875559901134,3.957303377792248,1.4634249513058772
2017-09-03,Qatar,1.4495980570820186,4.863616505103009,3.922002350350215,1.473988042101391
2017-09-10,Qatar,1.4392802667244902,4.864020154912364,3.9333650105747,1.4737220969087406
2017-09-17,Qatar,1.4599202055423384,4.847852678865767,3.9530339299753816,1.4728635538057062
2017-09-24,Qatar,1.4043908466285804,4.846231866606571,3.978487634378241,1.4727426406659003
2017-10-01,Qatar,1.417086060101772,4.849020656861321,4.064301998300778,1.4730359935647936
2017-10-08,Qatar,1.4203527566657639,4.819855562038015,3.9484301491499023,1.4703241482037104
2017-10-15,Qatar,1.405886575434462,4.808659007082874,3.963288118017674,1.469796885212488
2017-10-22,Qatar,1.3951847895246774,4.7503028965110925,3.934452772604641,1.461816394122282
2017-10-29,Qatar,1.3953371442884273,4.753774420268719,3.943992053640002,1.4620548313539603
2017-11-05,Qatar,1.3972701117828992,4.684579780346665,3.950524144003075,1.457049466254746
2017-11-12,Qatar,1.3696971394734736,4.684809702190896,3.993733390280912,1.4531471384573929
2017-11-19,Qatar,1.3779004455800012,4.673871401207101,3.9578601482352527,1.4531526215147796
2017-11-26,Qatar,1.382364900657852,4.485517963550985,3.8600049534312735,1.4374432920041222
2017-12-03,Qatar,1.389925392012453,4.47300194900646,3.969694275506676,1.446184580040868
2017-12-10,Qatar,1.3882655017466263,4.4741525638849,3.982804730182079,1.4492510420896785
2017-12-17,Qatar,1.3889188866440492,4.471004744346926,3.996104612347602,1.4496017189586896
2017-12-24,Qatar,1.392347454682773,4.4686124456960306,3.9743834236797455,1.4498726291765425
2017-12-31,Qatar,1.3922463528840843,4.466151246535281,3.9847246385645785,1.4486124487404628
2018-01-07,Qatar,1.4065581911194576,5.63742192660036,4.631640444741849,1.437184181784252
2018-01-14,Qatar,1.4459013928235445,5.638909663783084,4.628314115757741,1.4357799358184185
2018-01-21,Qatar,1.4320282646610218,5.596085033503693,4.591338068732037,1.4350364174423889
2018-01-28,Qatar,1.460933777710469,5.5981479206733065,4.6085959883046215,1.4347578991765524
2018-02-04,Qatar,1.4790018795071218,5.6058014161271075,4.609773029920722,1.4332747931472405
2018-02-11,Qatar,1.4568335435123885,5.595847679477856,4.611766613116743,1.422857523142808
2018-02-18,Qatar,1.4688165919302074,5.592158844050441,4.605551511893394,1.4271536452368534
2018-02-25,Qatar,1.490303299185885,5.589902004764262,4.596369167320879,1.4307675447521548
2018-03-04,Qatar,1.4990529990302228,5.616404185226115,4.635589619246474,1.4110148317255924
2018-03-11,Qatar,1.5022386382342245,5.621120180724916,4.642660805468035,1.411351498192321
2018-03-18,Qatar,1.5108567958714239,5.615015962065359,4.639107947413431,1.4127330822997597
2018-03-25,Qatar,1.4819681745977302,5.618152889242662,4.653281685563881,1.409401489480984
2018-04-01,Qatar,1.4678471113691713,5.612539251020246,4.664183548855439,1.408624462950551
2018-04-08,Qatar,1.4784799053320437,5.551248739248167,4.712013035736079,1.30406838895877
2018-04-15,Qatar,1.465344887916247,5.543127690262457,4.731065924745257,1.300633023499825
2018-04-22,Qatar,1.4725374949761068,5.529559031682957,4.708350935048779,1.2986789104415812
2018-04-29,Qatar,1.47030226912541,5.531229885023509,4.718328702263279,1.3010307457866213
2018-05-06,Qatar,1.4589645666735325,5.521536119019587,4.620951233344044,1.28874711934895
2018-05-13,Qatar,1.4621747679321577,5.517440549812329,4.625509665832931,1.288511742139722
2018-05-20,Qatar,1.4384099460628232,5.512072959604663,4.613362833775566,1.2882042306436317
2018-05-27,Qatar,1.45549147310689,5.5199083624773255,4.633196885549992,1.2872133011992326
2018-06-03,Qatar,1.4456814440919923,5.653909388828066,4.66961862274094,1.47981522336031
2018-06-10,Qatar,1.4373779494755614,5.661088612136235,4.72260157007885,1.481264942391329
2018-06-17,Qatar,1.410082781625385,5.658944425324644,4.742274127598486,1.4805607689410942
2018-06-24,Qatar,1.4135225688214348,5.6612735630783195,4.730806049928041,1.48358060605307
2018-07-01,Qatar,1.4147255968874521,5.7174740950046425,4.83856353935393,1.4837609555464193
2018-07-08,Qatar,1.4435404481066156,5.81944551718934,4.862511766137441,2.0722937435042557
2018-07-15,Qatar,1.4767431760432992,5.891866722909596,4.873397294670553,2.09395121633461
2018-07-22,Qatar,1.4699019282086154,5.896993329296104,4.879517422812999,2.0960595536401896
2018-07-29,Qatar,1.480047214250145,5.894063115398254,4.926545331114405,2.0973010256721545
2018-08-05,Qatar,1.4938000652951102,5.9203668893616905,4.9378240553821255,2.2013237107291173
2018-08-12,Qatar,1.4937406314109363,5.931374360502801,4.935430776428358,2.2026181051471805
2018-08-19,Qatar,1.459076925215562,5.959319625971821,5.043037392357762,2.206033571392344
2018-08-26,Qatar,1.4966596442159856,5.958560635844132,5.103900006488616,2.210131399463682
2018-09-02,Qatar,1.4998327839462253,5.959894378053624,5.154432858950074,2.206913543767948
2018-09-09,Qatar,1.4983339654191314,5.9058946829271886,5.170815007403075,2.1417968126937037
2018-09-16,Qatar,1.505077633978653,5.916188185726235,5.190207554391107,2.1421656609906528
2018-09-23,Qatar,1.5010947026257457,5.914911509572424,5.209708128425671,2.1423653347416516
2018-09-30,Qatar,1.5709078069234201,5.913071484107092,5.220899075107684,2.140824721937312
2018-10-07,Qatar,1.5631207842683255,6.013283304981322,5.405517780539023,2.088044367930617
2018-10-14,Qatar,1.5114683386870538,6.0209116761020995,5.34916782121471,2.1762012276680065
2018-10-21,Qatar,1.5252686659906283,6.102390074517128,5.401392351495192,2.200929887406934
2018-10-28,Qatar,1.5409964763813275,6.105306000397016,5.289829496216925,2.068914669843233
2018-11-04,Qatar,1.5547767803471253,6.160139319376142,5.303244815288,1.7761150731150126
2018-11-11,Qatar,1.5569507887052165,6.15772627782548,5.191504277888132,1.5881611713031625
2018-11-18,Qatar,1.5442826724419345,6.179689133804786,5.227713215721583,1.2931601594114075
2018-11-25,Qatar,1.538623727605839,6.981737446028568,5.73123431348812,0.5767857279990957
2018-12-02,Qatar,1.5315611076463274,7.004926816435557,5.720522864411052,0.7369914594888216
2018-12-09,Qatar,1.5383677053780707,7.016433543321627,5.338858145310679,1.3755066174711823
2018-12-16,Qatar,1.5454468097991212,7.023490981741352,5.231331032217449,1.3489155366854382
2018-12-23,Qatar,1.5109790551568234,7.032426912217652,5.222289659742697,0.9808675496468676
2018-12-30,Qatar,1.510062648986425,7.041348702654351,5.224336052950188,0.94217999043717
2019-01-06,Qatar,1.4982741490155744,7.116795709950326,5.075199766369959,0.558241204502308
2019-01-13,Qatar,1.5041096810533907,7.113708634978701,5.067451430050184,0.9088770375604526
2019-01-20,Qatar,1.5223959958269224,7.176967915745926,5.100693296948671,1.1497868881632494
2019-01-27,Qatar,1.5253938728191583,7.198614676644482,5.11918215532601,1.1708962676233692
2019-02-03,Qatar,1.5268983239338785,7.138988101118552,5.094526773047816,1.194238957289622
2019-02-10,Qatar,1.5462240988664908,7.153373444378322,5.097031501515036,1.2397802989955662
2019-02-17,Qatar,1.5446057518340104,7.156537890627093,5.109510956764741,1.4145055245457714
2019-02-24,Qatar,1.5458352954827494,7.159234851407037,5.126267863076141,1.391608830338372
2019-03-03,Qatar,1.5876310233643836,7.007582308059555,5.100332645418506,1.5780588416957615
2019-03-10,Qatar,1.5475220068928675,7.009246824001936,5.104865211980264,1.6142139839176828
2019-03-17,Qatar,1.5904186551018915,7.017486904567002,5.114225358392646,1.6983309884989486
2019-03-24,Qatar,1.5548426084823026,7.023367960773964,5.155005460583585,1.6960142312462665
2019-03-31,Qatar,1.5452526293114366,7.038054140781534,5.112334728670076,1.6998180062249042
2019-04-07,Qatar,1.5767479723949762,7.250576977471782,5.1662994569911085,1.923549965710894
2019-04-14,Qatar,1.5987911540015822,7.258562074511237,5.191929745602365,1.9203052045059577
2019-04-21,Qatar,1.624287324365478,7.2777929777487405,5.230504517359539,1.9214596064173
2019-04-28,Qatar,1.6159794835022587,7.285221691687624,5.238829979863235,1.636719282864278
2019-05-05,Qatar,1.6106029299267406,7.291353434860349,5.358404277390596,1.6918074860895351
2019-05-12,Qatar,1.6075014896061395,7.304498542808673,5.360430569329379,1.5099304085186929
2019-05-19,Qatar,1.5777725626121073,7.316391984983464,5.39279135655972,1.727226502917151
2019-05-26,Qatar,1.5852719840009761,7.31321672850418,5.317593481281262,1.488516497861679
2019-06-02,Qatar,1.5746360517137,7.384271033439999,5.288117850920898,0.8587203126978565
2019-06-09,Qatar,1.5995001587409203,7.396409473826482,5.041809747858438,1.160700804791074
2019-06-16,Qatar,1.5913974481487834,7.398181029468159,5.055827004723057,0.9769892713948451
2019-06-23,Qatar,1.6205964892644613,7.404417876914216,5.064253558403829,1.0108979525252553
2019-06-30,Qatar,1.6222175452145318,7.412498360466738,5.094852872237549,1.1304273737926602
2019-07-07,Qatar,1.6578344799423597,7.39460815935335,4.77285429858384,1.3079186734403128
2019-07-14,Qatar,1.6671778933391086,7.379458268721765,4.804946008267467,1.554296529439497
2019-07-21,Qatar,1.6924061516757467,7.397122258589242,4.808209405624232,1.303309658868712
2019-07-28,Qatar,1.7246406446252665,7.381601717602814,4.815702805086073,1.4425701491973792
2019-08-04,Qatar,1.7223439540298193,7.33072049075348,4.823253336873986,1.1729400258833322
2019-08-11,Qatar,1.6931582584053364,7.338435791808817,4.794233999868007,1.19855547251262
2019-08-18,Qatar,1.713425533761404,7.349881426644523,4.802196068042071,1.2089981412266626
2019-08-25,Qatar,1.7331146722390522,7.345547796322307,4.818725368268912,1.1985533148590484
2019-09-01,Qatar,1.7391708956284446,7.340870624490415,4.80335158584371,1.3603284474441566
2019-09-08,Qatar,1.7996953658834391,7.356076754628035,4.661433594691268,1.2305970182012522
2019-09-15,Qatar,1.8147554639020096,7.244312199892944,4.6679522183825854,1.0990536653654446
2019-09-22,Qatar,1.7384442278163172,7.254671103754399,4.5443440063904506,0.947197888954768
2019-09-29,Qatar,1.7055031049432814,7.265889449987284,4.516581966360739,0.9568446038361748
2019-10-06,Qatar,1.692740296160793,7.292734987090469,4.43113306356971,0.9596283782705334
2019-10-13,Qatar,1.700227309399768,7.270506272168624,4.440880467478382,0.9401979534115904
2019-10-20,Qatar,1.7469520156094154,7.265603787745994,4.44645395434109,1.0834193801656662
2019-10-27,Qatar,1.7663812869997833,7.273695113854623,4.5108067319512735,1.1775889691805466
2019-11-03,Qatar,1.7732095681207478,7.3448734479653055,4.498379602571479,1.1724134605566394
2019-11-10,Qatar,1.7944330327617584,7.337164288253584,4.547169149909874,1.325978291356969
2019-11-17,Qatar,1.7970575925468517,7.340557162692058,4.565425086235221,1.2747366843881096
2019-11-24,Qatar,1.8037790648751875,7.335450528361186,4.627215862914069,1.2756368565092404
2019-12-01,Qatar,1.803984076895944,7.330118853965082,4.638726872774939,1.0528776476333437
2019-12-08,Qatar,1.8073782710240678,7.527085193870204,4.904746901471072,1.4420312423223358
2019-12-15,Qatar,1.848906645040831,7.531547329014095,4.996364877491829,1.652707943696735
2019-12-22,Qatar,1.8779628344326778,7.532487995292469,5.030861344929808,1.7387671549721002
2019-12-29,Qatar,1.8753701931684552,7.532019044573394,5.046382679718004,1.7667742846059418
2020-01-05,Qatar,1.864207297780478,13.160992731973504,5.948509892517873,1.3391984428240389
2020-01-12,Qatar,1.838403422373622,13.164033814775324,5.98714278339045,1.430510154560009
2020-01-19,Qatar,1.832850737601736,13.028873445597656,5.929551786786715,1.530004414363222
2020-01-26,Qatar,1.8095494879428855,12.976151064326244,5.943386360931503,1.19645320856528
2020-02-02,Qatar,1.7825822792739439,13.137380131302567,5.829570100159652,0.9217289567764316
2020-02-09,Qatar,1.8007132484555517,13.115432661976085,5.202997370177124,1.0564877153894812
2020-02-16,Qatar,1.8247906429566165,13.117335792743868,5.194645480330182,1.132691638797321
2020-02-23,Qatar,1.8234060573996234,13.115149773813148,5.189055866519818,1.1390287544680442
2020-03-01,Qatar,1.7345547626869668,13.695771600284871,5.240834242371566,0.5657306816730592
2020-03-08,Qatar,1.6611423148355513,8.607504005184785,5.24315367922244,0.5342612900046643
2020-03-15,Qatar,1.3722893531357605,8.607808902193893,3.0812797843357416,0.4943985944643809
2020-03-22,Qatar,1.1672571903715403,8.614712106842834,2.981973793282402,0.5035295813093308
2020-03-29,Qatar,1.2857209116357473,8.601685515047597,2.27002834754522,0.501405682086083
2020-04-05,Qatar,1.2474316399817174,7.614726555331741,1.1670198074492948,0.7230808501119148
2020-04-12,Qatar,1.2591163950585469,7.620473099577426,1.0898184535443418,0.7245900216188883
2020-04-19,Qatar,1.2526549462153986,7.614675286556217,1.0067887358165324,0.7003553672681099
2020-04-26,Qatar,1.2793015187255155,7.614153582786821,0.8369129873153379,0.7243690958722481
2020-05-03,Qatar,1.2863662138668865,7.613026629031197,0.7470221846696159,0.70358009560879
2020-05-10,Qatar,1.3340776025518777,7.613170471601364,0.7549433223656605,0.6934469737263399
2020-05-17,Qatar,1.3602477765852274,7.610870743723977,0.7524907254880003,0.6702750933513772
2020-05-24,Qatar,1.4091998435724642,7.597993101586478,0.7592504002990261,0.670132421588879
2020-05-31,Qatar,1.4340222367252744,7.609001001277435,0.7414417712038138,0.7000264889894567
2020-06-07,Qatar,1.521773320859092,7.381542490776099,0.7513053330853314,0.6855457757224628
2020-06-14,Qatar,1.5040491746095177,7.382751154084157,0.7430721995996117,0.6262407912626061
2020-06-21,Qatar,1.548887787079572,7.38530760679258,0.7537245799574717,0.780067147148398
2020-06-28,Qatar,1.5397710593606007,7.383403173941293,0.7504767529799913,0.6931730729754983
2020-07-05,Qatar,1.6262903285437138,7.40176256990139,0.753401152341075,0.6362454360035821
2020-07-12,Qatar,1.636864912791046,7.413291168122823,0.750865658270091,0.9607170598899676
2020-07-19,Qatar,1.6605897183124652,7.419594697071938,0.750829165993746,1.3514222582548796
2020-07-26,Qatar,1.6829659941863921,7.423464114789777,0.7427482753271153,1.2480600890643807
2020-08-02,Qatar,1.6819851906432106,7.440748799202959,0.7407362314406798,1.1515732856294008
2020-08-09,Qatar,1.738989138032665,7.446604698700287,0.7441555721452159,1.4862805941800723
2020-08-16,Qatar,1.7749545343117943,7.447359520959821,0.7433855373661845,1.5113069533151022
2020-08-23,Qatar,1.7721458839318944,7.4498701447829,0.740199044929651,1.5136727139709547
2020-08-30,Qatar,1.7779730046332078,7.453990489434079,0.7420549595888454,1.5163540381236276
2020-09-06,Qatar,1.7904200709564886,7.38057589555698,0.7309147651021906,1.0964673266152127
2020-09-13,Qatar,1.7905199254243445,7.46491813607743,0.7245086987468965,0.8752999040179298
2020-09-20,Qatar,1.7892220754934094,7.40066852920387,0.7391513032734626,1.3087256955196445
2020-09-27,Qatar,1.6710232964545493,7.3979328297899,0.7421847376944439,1.210315790603324
2020-10-04,Qatar,1.7066158128270144,7.326290998774322,0.7332439965279067,0.670707606731148
2020-10-11,Qatar,1.8079976368101385,7.331801638410032,0.7408866841845209,1.0954728408723104
2020-10-18,Qatar,1.8077911698888904,7.337786566920952,0.7438876558779242,1.0282500939705206
2020-10-25,Qatar,1.8200132943249026,7.340585649524815,0.743622094979484,0.9423186973390928
2020-11-01,Qatar,1.7343745328236866,7.338573326750961,0.722740816681554,0.4675849207248881
2020-11-08,Qatar,1.8341519331757143,7.346607863768009,0.7320490299273633,0.6681920621917354
2020-11-15,Qatar,1.8547467507484674,7.345330402190733,0.7407625077216253,0.8787520995522872
2020-11-22,Qatar,1.8509207224698128,7.348180494583783,0.7485572744736896,1.0370542825574036
2020-11-29,Qatar,1.84379432136071,7.35162977762341,0.7559186573613211,0.9501439615121768
2020-12-06,Qatar,1.857237541846607,7.363995001744955,0.7639182637299765,1.363073829756246
2020-12-13,Qatar,1.8570104974462969,7.36412800120731,0.7680917911831665,1.3147598480118028
2020-12-20,Qatar,1.8573509311057987,7.301464917913009,0.7634754401035296,1.4244384296605672
2020-12-27,Qatar,1.8573509311057987,7.296829318617608,0.7653296884742775,1.4348463101212865
2021-01-03,Qatar,1.8573509311057987,7.842667557686199,0.7904098285593801,1.4399379320337655
2021-01-10,Qatar,1.857578124819653,7.800075300098777,0.7987440653592133,1.4377155814933331
2021-01-17,Qatar,1.8138144902377584,7.838214748336157,0.7896331621999891,1.2967211087773365
2021-01-24,Qatar,1.8141281360164143,7.852269416817738,0.7962249895174927,1.4415110157178073
2021-01-31,Qatar,1.8142325518053457,7.853551930405976,0.8036195547188573,1.312614129813087
2021-02-07,Qatar,1.8143370927988243,7.84498905481496,0.8225281290989149,1.442654801769017
2021-02-14,Qatar,1.8146507354249792,7.845737677957026,0.8286216250955611,1.4436328642830183
2021-02-21,Qatar,1.8148601085060363,7.84052463417954,0.8288141862614752,1.4383788042781842
2021-02-28,Qatar,1.8138144902377584,8.041312982962054,0.8362209435950366,1.2587360307068172
2021-03-07,Qatar,1.8143370927988243,11.664386350996566,0.8362631323529219,1.5684392953404422
2021-03-14,Qatar,1.7845556231102202,11.660088338262929,0.9492341148369297,1.5153906535852395
2021-03-21,Qatar,1.7841602533850658,11.69373647042627,0.9472008471304312,1.1767548596185124
2021-03-28,Qatar,1.7368126592641908,11.538478381662005,1.0702167576320458,1.141691381792724
2021-04-04,Qatar,1.736993694298088,18.652599948177713,1.9474866425045276,1.3152861498318564
2021-04-11,Qatar,1.764187631107797,18.672533494473026,2.0440939681314756,1.365205477110295
2021-04-18,Qatar,1.7642829133814573,18.67145529896557,2.1917722371400945,1.7476396264491356
2021-04-25,Qatar,1.7645685753821885,18.674325248389533,2.69772575654991,1.3905259772757084
2021-05-02,Qatar,1.7833705863230729,18.70577063980474,3.9365118807351105,1.408952124588454
2021-05-09,Qatar,1.7830747612252509,17.029234720566755,3.915601754302929,1.4050494821803254
2021-05-16,Qatar,1.7834693296775077,17.018756293696367,4.708764737190058,1.4678036550460476
2021-05-23,Qatar,1.7836667723524218,15.891318058202216,4.7403148405603694,1.334944147373557
2021-05-30,Qatar,1.7837653729431677,15.33139391363475,4.965580786758052,1.6505098441723711
2021-06-06,Qatar,1.7833705863230729,16.679564236560168,6.011666554348325,1.776832510702287
2021-06-13,Qatar,1.8356740953040993,16.6738492373759,6.09928739406049,1.7213761761754407
2021-06-20,Qatar,1.8346950542293534,15.983378817350976,6.4820688951847885,1.6516675715269882
2021-06-27,Qatar,1.834803637423419,15.983046570855734,6.523067979060021,1.8303622530149333
2021-07-04,Qatar,1.8340433765783077,15.704448927315491,6.552235894795462,1.8929996980010853
2021-07-11,Qatar,1.835238739686518,15.707580824513114,6.580307347007986,1.6212046664758646
2021-07-18,Qatar,1.834803637423419,15.690220081398415,6.4343881003091985,1.610755934425051
2021-07-25,Qatar,1.8349124606104446,14.862802827568732,6.410431105745304,1.837997747060637
2021-08-01,Qatar,1.8344777381527737,14.8934210108769,6.432923773806071,1.9224619449771667
2021-08-08,Qatar,1.835347544621722,14.838053928345762,6.033279497133527,1.4940577522599796
2021-08-15,Qatar,1.8345863849082356,14.840051579722113,6.03579466135066,1.6962704597288358
2021-08-22,Qatar,1.8350211976913833,14.23757409851035,5.974467229727869,1.4020335484925237
2021-08-29,Qatar,1.8344777381527737,14.239445543355275,5.955399764435147,1.7386930681234734
2021-09-05,Qatar,1.8350211976913833,13.032112616499466,5.843451199906604,1.4550829763949351
2021-09-12,Qatar,1.835347544621722,13.03027973890026,5.909983265968169,1.6608493335028514
2021-09-19,Qatar,1.835238739686518,13.04405950401811,5.89875660833879,1.758826713481304
2021-09-26,Qatar,1.787728350869279,13.025892296766612,5.529493025342437,1.6326288412820062
2021-10-03,Qatar,1.7872314686618935,12.383481379928938,5.365069152216886,1.541336400295651
2021-10-10,Qatar,1.7880266623305836,12.323221735531526,5.443372777170522,1.4985365895519906
2021-10-17,Qatar,1.7885244841387005,12.324330656164904,5.454312478378234,1.7447016683040373
2021-10-24,Qatar,1.787728350869279,12.32272896889901,5.462570079995332,1.5681954080774752
2021-10-31,Qatar,1.7874301064748233,12.232587762619987,5.7372590802573855,1.498599058600553
2021-11-07,Qatar,1.8442367635023769,12.221678610775063,5.742903358042072,1.5245606262318905
2021-11-14,Qatar,1.845123109349633,12.224341659887214,5.893867430459021,1.6315549310579025
2021-11-21,Qatar,1.844901519973635,12.110735272375424,5.859347333814771,1.5592103435054991
2021-11-28,Qatar,1.81037911028775,12.098355849675864,5.857939347810782,0.6223126955637318
2021-12-05,Qatar,1.8120418532310345,12.065655890158125,5.681008025181458,0.6174024087765078
2021-12-12,Qatar,1.7923224148152865,12.12565920076188,5.696874821934327,1.096689115067302
2021-12-19,Qatar,1.7932258990498198,12.274190099443658,5.726200502278258,1.0173925675199798
2021-12-26,Qatar,1.783173450030636,12.406041746890116,5.715351951860222,1.1999574300122453
2022-01-02,Qatar,1.7832720584122383,12.382215368634292,5.727776451807387,1.2441163812475842
2022-01-09,Qatar,1.7937284972389242,10.95584963366766,5.768973146629846,1.6654744308318643
2022-01-16,Qatar,1.7557823954958716,10.932934609733948,5.844549684299179,1.4239995087391812
2022-01-23,Qatar,1.754284986755091,10.894620210759038,5.886502461334676,1.3440437388956192
2022-01-30,Qatar,1.7547525472887302,10.868660593298182,5.901443794142637,1.114440009878922
2022-02-06,Qatar,1.7294412183016907,7.548140982196331,5.1847511202976,0.9639841199956438
2022-02-13,Qatar,1.7268579108351056,7.54006174940775,5.208811164436897,0.8308037421284833
2022-02-20,Qatar,1.7276583544471842,7.536973937899667,5.209711592554599,0.6951518231442559
2022-02-27,Qatar,1.6856823020132208,7.488462884137366,5.189837443275474,0.7557454551959004
2022-03-06,Qatar,1.6846931110023122,7.441957860300021,4.921804008059499,0.3909123298395546
2022-03-13,Qatar,1.6854348197247306,7.396897887249319,4.907220121870907,0.4219192303534692
2022-03-20,Qatar,1.6851049310230621,7.396276257857492,4.799196000050032,0.4105055785648676
2022-03-27,Qatar,1.7376277894288403,7.291274035376519,4.71649540492374,0.3964297396522994
2022-04-03,Qatar,1.737174698733784,7.302760829063271,3.661629227321546,0.63358786950743
2022-04-10,Qatar,1.7400805010266662,7.303305820663961,3.599481199386994,0.6621428990898911
2022-04-17,Qatar,1.7298879525508375,7.300248200251866,3.563065700236101,0.6586834477698289
2022-04-24,Qatar,1.7302455305621307,7.262331495610175,3.5488849304323073,0.7017024798532135
2022-05-01,Qatar,1.655874485646356,7.266374839731525,3.5431998836116536,0.64835514710612
2022-05-08,Qatar,1.64012912403576,7.310547038652918,3.58904485897252,0.650339450368222
2022-05-15,Qatar,1.6037013779482145,7.304283427921281,3.5891273629204186,0.7468016277359635
2022-05-22,Qatar,1.5995001587409203,7.448286266231061,3.593175466732834,0.7580738487324541
2022-05-29,Qatar,1.6251766549415625,7.483403418985903,3.5987958694707363,0.8473767557403152
2022-06-05,Qatar,1.648024573383383,7.364475502613365,3.523584658425381,0.8463988223038426
2022-06-12,Qatar,1.641653699845942,7.240065520746931,3.4577125899503205,0.9494672827921784
2022-06-26,Qatar,1.6404337139486884,7.31521173261089,3.4263835018239712,0.7893477361679488
2022-07-03,Qatar,1.6059928376944104,7.363106473325427,3.438841698279846,0.7615056851391239
2022-07-17,Qatar,1.56218779690177,7.313997820543764,3.38924586063939,0.674814012086085
2022-07-24,Qatar,1.575112192104643,7.429163326986544,3.437435510976272,0.8022886696358655
2022-08-07,Qatar,1.6812441839234276,7.404192981511683,3.130822265398706,0.7796035144528798
2022-08-14,Qatar,1.7486140663025984,7.381181613137097,3.130564769653093,0.9519579917915728
2022-08-28,Qatar,1.7443765055589515,7.384556040898325,3.1303910775839254,0.8288227829880079
2022-09-04,Qatar,1.7520468272766894,7.542417769867586,3.093948287770442,0.5759076190693112
2022-09-11,Qatar,1.7632367768636499,7.51992510874169,3.087597138509271,0.7027313245105081
2022-09-18,Qatar,1.7717597420869344,7.578408951424311,3.1243016289083947,0.7351298308629134
2022-09-25,Qatar,1.704819522140968,7.556019080384306,3.1538342701918554,0.6253204099947078
2022-10-02,Qatar,1.6674973443049745,7.917432115207759,3.223595338391742,0.5065351806110678
2022-10-16,Qatar,1.6181001474519827,7.081239402207232,3.1949004249291906,0.8738622408430279
2022-10-23,Qatar,1.6171485093981228,7.0821880305796325,3.209232312742635,0.9733923756469588
2022-10-30,Qatar,1.6641520882289849,7.0708397148532764,3.2093549497923592,0.9530654134937928
2022-11-06,Qatar,1.66693842370045,7.031982772241437,3.1705238545893724,0.9280268378544206
2022-11-13,Qatar,1.7579419644541376,7.027231052637533,3.171844407229822,1.1323786795771902
2022-11-20,Qatar,1.758601060023354,7.012352299178797,3.0328124120891333,0.9793601616780616
2022-11-27,Qatar,1.7768024158614215,7.007918287742438,2.9849963532443455,0.8321026894757845
2022-12-04,Qatar,1.7626668198312063,6.995954935744285,2.992199564923508,0.925972937392018
2022-12-11,Qatar,1.7489842146756969,7.036126218443749,2.959470195950443,0.8836262979734942
2022-12-18,Qatar,1.7670505704987334,7.0297896419527905,2.9525078068428083,1.0605006491229183
2022-12-25,Qatar,1.767816593828855,7.0242273897036975,2.967434524552055,1.1070240618013467
2023-01-01,Qatar,1.7491694296779312,7.017539930473996,2.9697681221185412,1.100294732271424
2023-01-08,Qatar,1.7463990941714298,8.157374553028811,3.28457410936049,1.0613814009330664
2023-01-15,Qatar,1.773306168657709,8.112419002064271,3.281101421843604,1.0633410241640666
2023-01-22,Qatar,1.7682959116648178,8.104698420305757,3.282663396181502,1.063797443179885
2023-01-29,Qatar,1.7872314686618935,8.095197774165628,3.3016421573697725,1.063896791422796
2023-02-05,Qatar,1.8097566420284732,11.21706323250353,3.4217948345376703,1.7554229890959647
2023-02-12,Qatar,1.77758255720396,11.205845366169468,3.4248423751288373,1.757001159440558
2023-02-19,Qatar,1.7768024158614215,11.171559008700592,3.390939763426173,1.751713341994019
2023-02-26,Qatar,1.7840615800305537,11.231904617085355,3.432178366927728,1.7536383394952684
2023-03-05,Qatar,1.8171675558202018,11.25908655810753,3.5610101886239747,1.759411048394355
2023-03-19,Qatar,1.7703137150014197,10.208134704511451,3.5839640481338364,1.5253720528314316
2023-03-26,Qatar,1.7387166149847844,10.43532858448735,3.668814513570738,1.660399479779253
2023-04-09,Qatar,1.8040866126275967,9.89789996048158,4.378587042653281,1.682562147688618
2023-04-16,Qatar,1.8239381588142034,9.829664500142044,4.499149433746335,1.6836699902868093
2023-04-23,Qatar,1.8122501944870633,9.878920740730525,4.460825058801612,1.6849642557166569
2023-05-14,Qatar,1.8011005945104117,9.989145942165232,4.534643296712444,1.683733565627666
2023-05-21,Qatar,1.8151741668530117,9.863313894286994,4.566548968647228,1.6780421616143657
2023-05-28,Qatar,1.8174829912780852,9.79682861545174,4.595503947956869,1.6720921052636866
2023-06-11,Qatar,1.8565570469840802,9.98553462443712,4.690403806006682,1.7129944100775198
2023-06-18,Qatar,1.904016698874274,10.04608521989451,4.722250385424559,1.714557607787523
2023-06-25,Qatar,1.8956314229861668,10.044059112766044,4.8193754809562,1.7130954628706343
2023-07-02,Qatar,1.8727904516678435,10.111166643055698,4.788373190767076,1.7353350423872418
2023-07-16,Qatar,1.874782659688022,10.028795030855267,4.542332948860149,1.68553327483879
2023-08-06,Qatar,1.8822338016828026,10.209447481647716,5.269199072644792,1.6882062205607955
2023-08-20,Qatar,1.8781990614184025,10.2559289222651,5.249709007766757,1.6875681544865908
2023-09-03,Qatar,1.8791455320888766,10.292736809487918,5.473427272975346,1.731647040195253
2023-09-10,Qatar,1.8971012663735207,10.37450175566793,5.4850901024955565,1.7334508133976003
2023-09-17,Qatar,1.8972239349069722,10.497697907004238,5.455872521816769,1.7367494770679164
2023-09-24,Qatar,1.865935410246319,10.58321828468948,5.47968541743266,1.7364454736801769
2023-10-15,Qatar,1.5688166609896896,12.938276626650923,5.278476833632869,1.5966419312071125
2023-10-29,Qatar,1.6670182356266743,12.949484907943404,5.240595168814099,1.480947491630463
2023-11-05,Qatar,1.6833767102102324,13.27125921720978,5.274640545810464,1.9394153003758177
2023-11-19,Qatar,1.7972601278301246,13.268836560032394,5.5956330041256255,1.821984487449839
2023-12-10,Qatar,1.7912202311576797,13.045517787045144,5.769290984571809,2.1116303180914744
2023-12-17,Qatar,1.7928241614540832,12.916575576213493,5.870846692278627,2.208554562747262
2024-01-07,Qatar,1.73998955419929,12.23571112694506,5.809088299709124,2.148272255194231
2024-01-14,Qatar,1.7122991556745188,12.206918740637745,5.925025341164642,1.84684209492735
2024-01-21,Qatar,1.7179541571802122,12.09135112766608,5.942930928959264,2.1702736701059995
2024-01-28,Qatar,1.7540047932075034,12.081088319425913,5.947891449047009,2.2539012179544757
2024-02-11,Qatar,1.8232997017038945,12.096289241236232,6.012840894731341,2.4650605326770383
2024-02-18,Qatar,1.8290739423393685,12.136170049569694,6.109357527166975,2.601054842917985
2024-03-03,Qatar,1.8660509545851884,12.012480932676937,6.102706744504191,2.684543304567532
2024-03-17,Qatar,1.8680172088926024,13.889559394700775,6.03426969022656,2.803218793934527
2024-03-31,Qatar,1.866397396388576,14.706475854324054,6.13144037004556,3.112104600064004
2024-04-07,Qatar,1.78812626919895,15.205567794933753,6.177779610846574,2.5212804867557517
2024-04-14,Qatar,1.72102333801636,15.404480264600366,6.201973999254019,2.5300379197427785
2024-04-21,Qatar,1.7439178717123793,15.41091648447562,6.126707996927226,2.5568788563180025
2024-05-05,Qatar,1.8161173599616376,15.314266766856656,5.903185251698123,2.8449249754414465
2024-05-19,Qatar,1.8734927028654942,15.774701421892267,5.875988199896412,2.846429353183212
2024-06-02,Qatar,1.8606534971898254,17.094671311028694,5.927407531291508,2.6130035758683605
2024-06-09,Qatar,1.8524927315002817,16.636985377120514,5.927079272187588,3.1134208022748844
2024-06-23,Qatar,1.8227682456262926,16.590036983804055,5.888470127191461,3.3199368051980462
2024-06-30,Qatar,1.8285367218656083,16.792022112114132,5.954921748284827,3.1070466818232667
2024-07-07,Qatar,1.837419151855154,17.061008074536268,6.093211423283366,3.292852133348852
2024-07-14,Qatar,1.8440156614238856,16.9904443796535,6.594694285157244,3.2627465911408673
2024-07-21,Qatar,1.8734927028654942,16.990594636491544,6.605287757197551,2.9505562383505084
2024-07-28,Qatar,1.871972368458426,16.940501836892366,6.356314500354231,2.6554214491783723
2024-08-04,Qatar,1.8089283048641525,14.887067876238582,6.302662811301653,1.975435107838143
2024-08-11,Qatar,1.8228743876283855,14.677014866373217,6.297308629906384,2.3789205024188833
2024-08-18,Qatar,1.8225557072733154,14.678527439455202,6.326459985149106,2.5913776764624443
2024-09-01,Qatar,1.8394990045389519,14.854053817146603,6.475316103274768,2.389708098703504
2024-09-08,Qatar,1.8600826030739679,13.230251766499212,6.407751960176012,2.1799119023711717
2024-09-15,Qatar,1.8604250639230555,13.22350165297638,6.461363202606231,2.372671011907743
2024-09-29,Qatar,1.8375283023095375,13.23927427720493,6.484149303493135,2.04867973303085
2024-10-13,Qatar,1.7864372579949792,10.870291139555205,7.48527937184348,1.2442328867898174
2024-10-20,Qatar,1.7865363706012851,10.867887548642384,7.269021770855451,1.4615095595008194
2024-10-27,Qatar,1.7970575925468517,10.824344737592678,7.336337221612438,1.3796969426868804
2024-11-10,Qatar,1.8179039709365972,10.85618387649748,7.537933898108776,1.9488253726328444
2024-11-24,Qatar,1.8390603423708927,10.871173597562082,7.455681219530302,2.1559388620029014
2024-12-01,Qatar,1.8435731858236521,10.978859948896911,7.4989893508707,2.226808546248966
2024-12-08,Qatar,1.8385128881662345,10.973585370246022,7.692737064419253,2.588528370030831
2024-12-29,Qatar,1.8020394491877205,11.086189981042242,8.199856607726122,2.660550503399356
2015-01-04,Saudi Arabia,1.5810632289625168,2.8369325784191712,2.733216529217547,2.659452850734575
2015-01-11,Saudi Arabia,1.5879092525188319,2.8381438614602175,2.555162841598033,2.9203451593513883
2015-01-18,Saudi Arabia,1.5947657399578112,2.84095195146932,2.565506763518327,2.5550431625155245
2015-01-25,Saudi Arabia,1.5947657399578112,2.8387883858498597,2.5712368793002103,2.498428044539389
2015-02-01,Saudi Arabia,1.5948361915473284,2.838472175488162,2.463183686134066,2.456385078228476
2015-02-08,Saudi Arabia,1.5675387485167835,2.84890154118924,2.2763337609212333,2.464256114395007
2015-02-15,Saudi Arabia,1.5544481432546495,2.8506963645495356,2.2835995588358253,2.6940453945903764
2015-02-22,Saudi Arabia,1.5544481432546495,2.8508252646280785,2.2926949347149335,2.777136923152933
2015-03-01,Saudi Arabia,1.5544481432546495,2.8517289708858984,2.266805336350412,2.679006091951005
2015-03-08,Saudi Arabia,1.5610570018209342,2.8608593508618925,2.284531418884338,3.1188078199207925
2015-03-15,Saudi Arabia,1.5676730754473645,2.862279087756339,2.2693497262111615,2.7546544979492245
2015-03-22,Saudi Arabia,1.5674043849272565,2.8625508420103856,2.2458837881421623,2.9850272586652795
2015-03-29,Saudi Arabia,1.5415108200526118,2.8604380034126446,2.254723465771262,2.8517411051345465
2015-04-05,Saudi Arabia,1.5351774131873452,2.8751951849274766,2.221452118948762,2.882743621916337
2015-04-12,Saudi Arabia,1.5608576617178784,2.873126964144064,2.2300574541302893,3.6828763576070753
2015-04-19,Saudi Arabia,1.560924100973608,2.874241815861476,2.2328126807280473,3.7960026893147663
2015-04-26,Saudi Arabia,1.5674714957229967,2.873759929561881,2.2245367017126836,4.471560279661919
2015-05-03,Saudi Arabia,1.5674714957229967,2.8822475489387713,2.236068170035917,4.642186690514248
2015-05-10,Saudi Arabia,1.6016326522535542,2.883371220463622,2.236067900968096,4.725234279502508
2015-05-17,Saudi Arabia,1.6016326522535542,2.8831626433997295,2.2405257936441836,5.487453457774692
2015-05-24,Saudi Arabia,1.6231776632331396,2.8833000732293392,2.2471103063037785,5.359858434580885
2015-05-31,Saudi Arabia,1.6231776632331396,2.8815260200542907,2.2349414533495544,4.933846901722824
2015-06-07,Saudi Arabia,1.6380015262252654,2.902155555086818,2.2276453917561994,5.014971380537112
2015-06-14,Saudi Arabia,1.6380774515856196,2.902623655626695,2.2398034091303165,5.368387843622068
2015-06-21,Saudi Arabia,1.622955972538257,2.9040753189577035,2.2165288094963227,5.579828101085608
2015-06-28,Saudi Arabia,1.6452525584512987,2.902185445026469,2.222281814206766,5.627188209939149
2015-07-05,Saudi Arabia,1.6452525584512987,2.9855019366952673,2.256665062213333,5.918357310801574
2015-07-12,Saudi Arabia,1.6456367552293223,2.984318513732507,2.262133379662656,3.988405068124027
2015-07-19,Saudi Arabia,1.6456367552293223,2.9836290905559384,2.271257262847926,4.885909699694941
2015-07-26,Saudi Arabia,1.6452525584512987,2.982109115819328,2.261315352245872,4.258226506760842
2015-08-02,Saudi Arabia,1.6450221645810932,3.1291697588354515,2.3642123901512804,4.270691066697486
2015-08-09,Saudi Arabia,1.6454831222945554,3.0561172803768675,2.250980433059482,3.87135048789391
2015-08-16,Saudi Arabia,1.6380015262252654,3.0536764172967508,2.2515435863931184,3.8957419805860183
2015-08-23,Saudi Arabia,1.3564104143055966,3.0569348101191434,2.2464060868609868,3.506411305004751
2015-08-30,Saudi Arabia,1.4868851339334692,3.0554113595945385,2.246178591792539,2.9464975609055206
2015-09-06,Saudi Arabia,1.4868851339334692,3.0935444212332883,2.254712314061468,3.203726841809394
2015-09-13,Saudi Arabia,1.5045329711325044,3.0913811051064135,2.2267488163051783,3.1739848800258703
2015-09-20,Saudi Arabia,1.5045329711325044,3.0939009094053924,2.2371897985676132,3.4981811987238887
2015-09-27,Saudi Arabia,1.3331536987076276,3.093982939676544,2.2272965605501076,3.332399154607566
2015-10-04,Saudi Arabia,1.247838285560536,3.013818697802265,2.156354670524231,3.677620718950623
2015-10-11,Saudi Arabia,1.3470086700470862,3.0119371131551396,2.1615255966322517,3.6805961048311264
2015-10-18,Saudi Arabia,1.251713453697375,3.0153319599246835,2.1321465105666366,4.055117451824493
2015-10-25,Saudi Arabia,1.2475536084370127,3.014916486917651,2.120128831676979,3.827080310827936
2015-11-01,Saudi Arabia,1.2086954711619726,3.0074610788726077,2.1189730847020924,3.764746176345515
2015-11-08,Saudi Arabia,1.1711480832490484,3.0170451816552837,2.121492900283472,3.954803367800411
2015-11-15,Saudi Arabia,1.2087723727425708,3.0157697048579166,2.094242558068224,3.2923902021622684
2015-11-22,Saudi Arabia,1.1899162018362466,3.0161852262733233,2.1017088636720764,3.4133808256345253
2015-11-29,Saudi Arabia,1.1899910811312904,3.0144288765115808,2.111795096319149,3.1234629249201213
2015-12-06,Saudi Arabia,1.2318757196528582,3.0170865684335597,2.15202122413885,3.370187590921442
2015-12-13,Saudi Arabia,1.24791964350919,3.012442034222874,2.087338343983794,2.7222845404510005
2015-12-20,Saudi Arabia,1.1901408634861377,3.014184624085802,2.116340244976156,3.0356105114909244
2015-12-27,Saudi Arabia,1.1901034149262175,3.0162216936064365,2.1184287116302434,3.0393547522585203
2016-01-03,Saudi Arabia,1.1901034149262175,2.6298624769378964,1.961316193181829,2.9918632037303925
2016-01-10,Saudi Arabia,1.0619594502791665,2.629932988090427,1.993590859890145,2.589682308456404
2016-01-17,Saudi Arabia,1.0115439665956687,2.6369882556790385,2.00842633073377,2.369551218555133
2016-01-24,Saudi Arabia,1.0253427041541932,2.6377630612317233,1.996522536176189,2.376962900118067
2016-01-31,Saudi Arabia,1.0883719662669642,2.6380703396489555,2.0392901538290795,2.3773883989235127
2016-02-07,Saudi Arabia,1.0657709117113778,2.6528310303486,2.2362629744550757,2.2666298617990908
2016-02-14,Saudi Arabia,1.0728463759714615,2.6543257578124484,2.213234727596099,2.1980655014975152
2016-02-21,Saudi Arabia,1.1049271845721618,2.653472805723841,2.226736741850271,2.3638056552274582
2016-02-28,Saudi Arabia,1.0884045153994795,2.6497540866651583,2.2382809856713415,2.439851536907803
2016-03-06,Saudi Arabia,1.1517948647945029,2.6497345547123325,2.2152152061938795,2.8485725690945527
2016-03-13,Saudi Arabia,1.1379791274736029,2.647855830067312,2.2328498747839833,2.955352766257223
2016-03-20,Saudi Arabia,1.2024942455228171,2.651607711236847,2.256283206218442,3.3902045194512933
2016-03-27,Saudi Arabia,1.1735586800372126,2.6514450475117513,2.2497196386208733,3.3890699499830443
2016-04-03,Saudi Arabia,1.1914528130056503,2.6524002199719146,2.254067604742302,3.149960353809089
2016-04-10,Saudi Arabia,1.2101195171081405,2.6564704395908434,2.2631077953518774,3.185658819545465
2016-04-17,Saudi Arabia,1.2180234366404368,2.6568407117638584,2.2963360674888835,2.901718440755686
2016-04-24,Saudi Arabia,1.1916779630945327,2.655354665097658,2.3071979370942186,3.6981494896229257
2016-05-01,Saudi Arabia,1.1557453577904155,2.6548740983622907,2.3160386646114186,3.6394571676759697
2016-05-08,Saudi Arabia,1.1558881231726337,2.6631815027970305,2.299294765913098,3.685753587962385
2016-05-15,Saudi Arabia,1.1808397567320292,2.6611642568522837,2.308664546546142,3.7790114230620153
2016-05-22,Saudi Arabia,1.1628825390374966,2.654557466579835,2.2980178997407856,3.925309300268831
2016-05-29,Saudi Arabia,1.155781046481387,2.654379266931733,2.295248698050151,4.4733958526518505
2016-06-05,Saudi Arabia,1.1392686659389595,2.6687011748249483,2.3138083504486975,4.836579909647799
2016-06-12,Saudi Arabia,1.0893816523860933,2.6701326802843317,2.330816610715451,4.1198966159455255
2016-06-19,Saudi Arabia,1.0734204106438805,2.67274826911583,2.3025924752130917,3.9590769681989695
2016-06-26,Saudi Arabia,1.0903927116166505,2.6745996502602116,2.310567717640509,3.743222984688391
2016-07-03,Saudi Arabia,1.0587613935293883,2.6425608885018934,2.2458335990279377,4.517450948048159
2016-07-10,Saudi Arabia,1.1117821778120984,2.641244104835238,2.229486199012838,3.8432064210683534
2016-07-17,Saudi Arabia,1.1349906383671549,2.6396287909950407,2.2393194667305503,4.440269665987603
2016-07-24,Saudi Arabia,1.108764809561377,2.6384499112419424,2.230306480175747,4.142712003196454
2016-07-31,Saudi Arabia,1.0899033176695858,2.640813186449359,2.21021945821188,3.8790311373754
2016-08-07,Saudi Arabia,1.0704592846304086,2.659975852431762,2.2859647860720473,3.8103197034776417
2016-08-14,Saudi Arabia,1.0900664131804016,2.660325839104258,2.29096735339259,4.265455481510708
2016-08-21,Saudi Arabia,1.138675890779882,2.6584431678705753,2.2989985692709567,4.67561318424739
2016-08-28,Saudi Arabia,1.1561380307522837,2.657225724362829,2.304810882485198,4.4981531720183465
2016-09-04,Saudi Arabia,1.173668446267191,2.6710993416724085,2.325463142644244,4.138670951516431
2016-09-11,Saudi Arabia,1.1917154950775433,2.671790023318758,2.3528264468909987,4.004765268921446
2016-09-18,Saudi Arabia,1.2065456411550612,2.6698511224160404,2.333290977392817,3.983876950023097
2016-09-25,Saudi Arabia,1.1852146896000655,2.6705893450507063,2.3497198477863246,3.543950734500344
2016-10-02,Saudi Arabia,1.122646218036032,2.701180879510751,2.346981175899321,4.049086777979468
2016-10-09,Saudi Arabia,1.1672209265202635,2.685371178755987,2.3850402668093964,4.3484514383989366
2016-10-16,Saudi Arabia,1.1923162778282526,2.6849009086832636,2.387424272849838,4.497671945372536
2016-10-23,Saudi Arabia,1.2415620867097217,2.6849791122732234,2.3803288210332516,4.972327591159131
2016-10-30,Saudi Arabia,1.2614774328235399,2.6868361319081093,2.3869733912761437,4.191769902810254
2016-11-06,Saudi Arabia,1.257505627443229,2.697884658235356,2.35391472236095,3.519959723405474
2016-11-13,Saudi Arabia,1.2108519094600565,2.692731121402172,2.3467906817514663,3.3554551766153553
2016-11-20,Saudi Arabia,1.2451993710214861,2.68985318228203,2.353714695482666,3.239896110744058
2016-11-27,Saudi Arabia,1.2735333484339286,2.688097270066775,2.367742251534872,2.7449003284329265
2016-12-04,Saudi Arabia,1.28199025360612,2.6932952847648246,2.3846045591950187,4.5180869412159
2016-12-11,Saudi Arabia,1.2987019138529068,2.691604520330476,2.423468908353745,4.555163039258959
2016-12-18,Saudi Arabia,1.31175992872768,2.688518611732714,2.4332128107204114,5.571076032450745
2016-12-25,Saudi Arabia,1.3249417224271656,2.6898653029422306,2.426577908280105,5.43965933611325
2017-01-01,Saudi Arabia,1.342966704224751,18.185481998634685,4.855434132083653,5.270639742186185
2017-01-08,Saudi Arabia,1.366192139847724,4.999610707914889,3.5772103539190616,5.327579568707794
2017-01-15,Saudi Arabia,1.3338002956719064,5.003807421376189,3.6281703254395503,5.285051447427263
2017-01-22,Saudi Arabia,1.3338927183610343,5.003716630338332,3.631170883417417,5.573100036898867
2017-01-29,Saudi Arabia,1.3383908272098468,5.003733706663158,3.648656345014544,5.460761365969277
2017-02-05,Saudi Arabia,1.3384373596192114,4.990795403092751,3.6924277378625674,5.744148670226263
2017-02-12,Saudi Arabia,1.3614997950304855,4.991000170382804,3.743789941886695,6.0959771642496525
2017-02-19,Saudi Arabia,1.3806746998279618,4.990730780256823,3.742220727727334,6.346867490076813
2017-02-26,Saudi Arabia,1.3904292361495494,4.995341249946314,3.8807633635959657,6.2539589554188515
2017-03-05,Saudi Arabia,1.410446773884996,4.991021869040779,3.894460185521907,6.311150908241468
2017-03-12,Saudi Arabia,1.415616296544469,4.986485368338567,3.906554759023386,4.803458090866255
2017-03-19,Saudi Arabia,1.4365103118501987,4.988524996033838,3.919543299950613,5.905280132024426
2017-03-26,Saudi Arabia,1.395387937254375,4.988825820932219,3.9278106286554766,5.223310044184869
2017-04-02,Saudi Arabia,1.395387937254375,4.98544020604011,3.927993527045172,5.871131882720231
2017-04-09,Saudi Arabia,1.4259236915953029,4.973915951152705,4.062808255197967,5.871396327391905
2017-04-16,Saudi Arabia,1.4233178175983712,4.977979654313068,4.0480352678124545,5.880009594368739
2017-04-23,Saudi Arabia,1.452593408381042,4.982464118553442,4.0205386022184495,5.377540783388982
2017-04-30,Saudi Arabia,1.4692733437448977,4.973480208489574,4.024459908059135,5.6531442009311474
2017-05-07,Saudi Arabia,1.452704623778624,4.9860299516940385,4.047414660431276,4.770590074827367
2017-05-14,Saudi Arabia,1.4526489579944857,4.986610629970697,4.058789357539286,4.787032595242299
2017-05-21,Saudi Arabia,1.4365645075252413,4.9934508223312495,4.080862337907703,5.475174329533287
2017-05-28,Saudi Arabia,1.4527602389113818,4.985993300681173,4.034304680983996,5.411557663046077
2017-06-04,Saudi Arabia,1.4581786244663735,5.073918222585294,4.128820070830398,5.1405151766637935
2017-06-11,Saudi Arabia,1.3756797279356603,5.069155439707529,4.0970115200751405,5.113846537090212
2017-06-18,Saudi Arabia,1.4053703770327857,5.067810563474624,4.116985675082687,5.998884749192944
2017-06-25,Saudi Arabia,1.356649589816218,5.066965958602326,4.123865938218143,5.228650890083854
2017-07-02,Saudi Arabia,1.3200357718262925,5.12158808624376,4.211241101782391,5.830144564166513
2017-07-09,Saudi Arabia,1.3380651923088558,5.044509711706174,4.2190903418448755,4.863659136733302
2017-07-16,Saudi Arabia,1.3805754139157407,5.045445507861689,4.224971241378248,5.363787193172162
2017-07-23,Saudi Arabia,1.4003340915507299,5.046367764668755,4.253391030670733,5.5580574329523715
2017-07-30,Saudi Arabia,1.426030228978651,5.045750279196732,4.302456415464577,5.442013747339059
2017-08-06,Saudi Arabia,1.44733336019887,5.061786635240371,4.347253020267827,5.769251500301812
2017-08-13,Saudi Arabia,1.447278170882166,5.063685288838158,4.3543707802570095,5.796792668348962
2017-08-20,Saudi Arabia,1.4638144159433097,5.0614645397961695,4.302784182174102,5.973048454660831
2017-08-27,Saudi Arabia,1.4528158033789045,5.063307588106741,4.313216373933438,5.699383498678452
2017-09-03,Saudi Arabia,1.4638709762131554,5.045455343750572,4.269720607123741,5.629560620116968
2017-09-10,Saudi Arabia,1.480861435291624,5.04722085900988,4.284671435059016,5.5323126916988485
2017-09-17,Saudi Arabia,1.492493791712166,5.039015807753435,4.3126979026082015,6.09608395748507
2017-09-24,Saudi Arabia,1.4692733437448977,5.038775907996355,4.34081553420383,6.152611655195518
2017-10-01,Saudi Arabia,1.4806868687069594,5.03778950011432,4.433262845970915,6.055941226438856
2017-10-08,Saudi Arabia,1.4864151534042593,5.0177971093996065,4.352562114740118,5.798195127979929
2017-10-15,Saudi Arabia,1.49213809386528,5.013625374802379,4.374524693469178,6.185480430592867
2017-10-22,Saudi Arabia,1.4923159466112557,5.009631103371508,4.386450028581674,6.454070845010796
2017-10-29,Saudi Arabia,1.4980347025711633,5.010424664893851,4.396822662280369,6.302647427528308
2017-11-05,Saudi Arabia,1.5040492350525163,4.988921101677052,4.4415782749977035,6.329063734424298
2017-11-12,Saudi Arabia,1.380525776683156,4.987963467480822,4.493152362253293,5.376844092492695
2017-11-19,Saudi Arabia,1.426030228978651,4.983428462335877,4.459098369503592,5.846226347450532
2017-11-26,Saudi Arabia,1.4528158033789045,4.983680281145495,4.4915180585170935,5.861092370782035
2017-12-03,Saudi Arabia,1.4665378142602086,4.991812225294239,4.609806037069486,6.6119666501961545
2017-12-10,Saudi Arabia,1.4419531538358596,4.990575304013583,4.569722628526664,6.577773424136445
2017-12-17,Saudi Arabia,1.4312753906777025,4.98626564630415,4.5855683336488955,7.216590301319887
2017-12-24,Saudi Arabia,1.4418984364915484,4.983872241959301,4.560748354233251,7.759157439619727
2017-12-31,Saudi Arabia,1.4418984364915484,4.9806637833082705,4.572566218487073,7.187927847467989
2018-01-07,Saudi Arabia,1.4582908411703779,5.689609854278276,4.980745316467367,5.271565771789289
2018-01-14,Saudi Arabia,1.4894174042742188,5.691068618143226,4.976185982514525,5.04461425660705
2018-01-21,Saudi Arabia,1.486473822572601,5.689985272853114,4.974868185694589,5.49097001805576
2018-01-28,Saudi Arabia,1.4865326148190645,5.6888856353968515,4.9991705855957935,5.273495844020412
2018-02-04,Saudi Arabia,1.528406666745729,5.697525773245503,4.995973706548871,5.020825738036242
2018-02-11,Saudi Arabia,1.492197313094125,5.69623148347175,5.003864956290216,4.041978971035854
2018-02-18,Saudi Arabia,1.49213809386528,5.680956937065027,4.984398187595548,4.460708747157246
2018-02-25,Saudi Arabia,1.5038679330355662,5.678427993565232,4.971214792642424,4.896134427517414
2018-03-04,Saudi Arabia,1.5041096810533907,5.683761727499988,4.969055896155128,4.616118708702707
2018-03-11,Saudi Arabia,1.5160129596234129,5.688741238570452,4.977562073829161,4.607093425331494
2018-03-18,Saudi Arabia,1.5282179250417613,5.6823658925044755,4.973588944552632,4.891264787832724
2018-03-25,Saudi Arabia,1.497795290135874,5.685970031629645,4.992934463290409,4.391763199852386
2018-04-01,Saudi Arabia,1.4805123515947554,5.68118769572088,5.005742052960896,4.384954720768096
2018-04-08,Saudi Arabia,1.4691019652289086,5.690038175469773,5.000443631003116,4.816873144852365
2018-04-15,Saudi Arabia,1.460821083202198,5.682212912391911,5.0222419273194046,4.236828966614766
2018-04-22,Saudi Arabia,1.4719635321680733,5.668049233337117,4.996522955498223,4.153795536029135
2018-04-29,Saudi Arabia,1.4692161742287804,5.670096650271835,5.008128264104261,4.6870312234592575
2018-05-06,Saudi Arabia,1.4692161742287804,5.6800404057264595,4.983140705711723,4.6751503406188295
2018-05-13,Saudi Arabia,1.4748960953035581,5.675521077094069,4.988133652110276,4.7420186481227775
2018-05-20,Saudi Arabia,1.4499301654076764,5.670820138082297,4.974240237247338,4.824214050163449
2018-05-27,Saudi Arabia,1.4748384035578015,5.678474215783107,4.991880828833998,4.412591865508552
2018-06-03,Saudi Arabia,1.4749536771556244,5.749826716259598,5.025740553050843,4.326813697434389
2018-06-10,Saudi Arabia,1.4637011410503467,5.749324178964271,5.065130518930242,4.48998242589381
2018-06-17,Saudi Arabia,1.420775487855346,5.7433386599074,5.071985998471229,4.474726961130231
2018-06-24,Saudi Arabia,1.4312753906777025,5.745412826191497,5.05895236842465,4.831250362761709
2018-07-01,Saudi Arabia,1.444582583350105,5.7462230782914645,5.091762706468868,4.551664887247597
2018-07-08,Saudi Arabia,1.4693304614201628,5.776363439376875,4.964555120929542,4.314193652816576
2018-07-15,Saudi Arabia,1.4892994484650015,5.772966457227383,4.924906895134172,4.401705819504376
2018-07-22,Saudi Arabia,1.4693875272398793,5.7682745281010055,4.89151847166506,4.644219847335903
2018-07-29,Saudi Arabia,1.4693875272398793,5.766001257774426,4.925206130012477,4.818987623860309
2018-08-05,Saudi Arabia,1.4864151534042593,5.778100571491942,4.932423028787999,4.7396556683094815
2018-08-12,Saudi Arabia,1.492197313094125,5.778729676604586,4.917802020113612,4.7685988396745955
2018-08-19,Saudi Arabia,1.4694447125818988,5.777535817549725,4.959803123509746,4.720992776315545
2018-08-26,Saudi Arabia,1.4982741490155744,5.777247592525214,5.009546298731849,5.150906273071593
2018-09-02,Saudi Arabia,1.5041096810533907,5.785547899380589,5.066006441209339,4.8368184417102205
2018-09-09,Saudi Arabia,1.4983939074524213,5.747551556656187,5.085823588723711,4.59096630203041
2018-09-16,Saudi Arabia,1.4983339654191314,5.748726622948551,5.09891480622374,4.532750756662145
2018-09-23,Saudi Arabia,1.4738019657863224,5.746691356145596,5.117190882196581,4.571019347037431
2018-09-30,Saudi Arabia,1.5598618986267774,5.746174061904809,5.123612461420951,4.475630707458223
2018-10-07,Saudi Arabia,1.5537912819758473,5.770487271569919,5.214010321346316,4.142460406912795
2018-10-14,Saudi Arabia,1.4582908411703779,5.769796741637821,5.169621989914581,4.3063345219579485
2018-10-21,Saudi Arabia,1.4053703770327857,5.769619296422883,5.170364262716868,4.352030673380181
2018-10-28,Saudi Arabia,1.420775487855346,5.773331570565509,5.08423134415251,4.106923435224907
2018-11-04,Saudi Arabia,1.4367271225827691,5.77526756269429,5.075914990453041,3.6679266919140714
2018-11-11,Saudi Arabia,1.436618653669053,5.773967382705069,4.991088013756982,3.3210760829154187
2018-11-18,Saudi Arabia,1.420828349091273,5.78100322093634,5.009253749625289,2.7860605163731877
2018-11-25,Saudi Arabia,1.420828349091273,5.782524748742031,4.932307124657239,1.596782103674436
2018-12-02,Saudi Arabia,1.4260835843626445,5.7798588412533505,4.945013449244885,1.8452411890858869
2018-12-09,Saudi Arabia,1.436618653669053,5.785219365629681,4.914736001266439,2.6845413585386115
2018-12-16,Saudi Arabia,1.4420078212843586,5.788782722662004,4.833069196692596,2.6403041371624028
2018-12-23,Saudi Arabia,1.4053703770327857,5.794351291845054,4.821988965158888,2.0437855081367795
2018-12-30,Saudi Arabia,1.4053703770327857,5.800259000660893,4.823061294658981,1.982657199411892
2019-01-06,Saudi Arabia,1.3754826991312543,5.948134262719497,4.851240025816828,1.8736633246936736
2019-01-13,Saudi Arabia,1.4053703770327857,5.946058409401215,4.8536204927713475,2.528432366448186
2019-01-20,Saudi Arabia,1.4475538903867786,5.944558130702061,4.861658678212016,3.009047225899816
2019-01-27,Saudi Arabia,1.4640975520472366,5.945209504173968,4.8475230686633655,3.052177326953724
2019-02-03,Saudi Arabia,1.4585714714874092,5.9534181979945195,4.854074015779977,3.279975861101403
2019-02-10,Saudi Arabia,1.4528714840499046,5.956016208419334,4.861960196374067,3.378547591619296
2019-02-17,Saudi Arabia,1.4556590808787775,5.9638056389157885,4.879027918617949,3.7645967215437937
2019-02-24,Saudi Arabia,1.4667653665016627,5.964731226948828,4.893057580909953,3.713011885097872
2019-03-03,Saudi Arabia,1.510551194236215,5.970457833246493,4.894573548989397,3.6779553106305856
2019-03-10,Saudi Arabia,1.469616128869255,5.971928856048418,4.89848691256932,3.751152216013258
2019-03-17,Saudi Arabia,1.5225206702199385,5.975891064443194,4.9067074523174545,4.252195388332734
2019-03-24,Saudi Arabia,1.4864151534042593,5.981286109392001,4.938178786924542,4.0365573232134855
2019-03-31,Saudi Arabia,1.4584592041741566,5.989201283940286,4.9211546212930255,4.195198753485669
2019-04-07,Saudi Arabia,1.4983339654191314,5.971017133718227,4.903343018460075,4.597722816855885
2019-04-14,Saudi Arabia,1.498513689379744,5.9736822362200055,4.926463692262059,4.320530727608359
2019-04-21,Saudi Arabia,1.5316876300244084,5.982155392161665,4.952187260459579,4.320699950520059
2019-04-28,Saudi Arabia,1.5253938728191583,5.986436965629452,4.9637817128752335,3.5501151900973857
2019-05-05,Saudi Arabia,1.5163213271061635,5.9656745259342685,4.9166616736454705,3.9102738096241505
2019-05-12,Saudi Arabia,1.492493791712166,5.973464978482255,4.918657918851276,3.538864942952218
2019-05-19,Saudi Arabia,1.4420624388237038,5.979602578037874,4.942150919555081,3.981415611870312
2019-05-26,Saudi Arabia,1.444747289600702,5.978291107696641,4.886985487145912,3.495584785171045
2019-06-02,Saudi Arabia,1.426030228978651,5.9887330124805915,4.863715148463433,2.2853133642942836
2019-06-09,Saudi Arabia,1.469558927691285,5.981521078644586,4.649464311168758,2.860431097360972
2019-06-16,Saudi Arabia,1.4584030219882689,5.980900263456732,4.657515315447315,2.5120670745258775
2019-06-23,Saudi Arabia,1.4810360513808885,5.985405346895448,4.662740306430747,2.5748786106475356
2019-06-30,Saudi Arabia,1.4867675463150158,5.989127526820928,4.693286683116108,2.8010810573084397
2019-07-07,Saudi Arabia,1.5167532191681758,6.018588127125272,4.623422776265686,3.2820314908393557
2019-07-14,Saudi Arabia,1.5317509012001034,6.022978159025239,4.652812787466637,3.808497377845822
2019-07-21,Saudi Arabia,1.55411962195408,6.028245474244756,4.630530674840782,3.2706930148675175
2019-07-28,Saudi Arabia,1.5704349801808881,6.020240722186034,4.638381811727331,3.5606400220203542
2019-08-04,Saudi Arabia,1.5603264154518808,6.028698094765736,4.646376716134114,3.1945235878531713
2019-08-11,Saudi Arabia,1.5349865340977278,6.035975278319762,4.620782697526331,3.2474851905536384
2019-08-18,Saudi Arabia,1.5349865340977278,6.045036302948562,4.631786959133217,3.2681474636991363
2019-08-25,Saudi Arabia,1.5672699847087959,6.042848844896527,4.641988272900626,3.2468704041880168
2019-09-01,Saudi Arabia,1.5670686094874935,6.039423507573972,4.645018019983772,3.5967611035900156
2019-09-08,Saudi Arabia,1.6081492572190348,6.053237010418814,4.55211058317186,3.432547183290507
2019-09-15,Saudi Arabia,1.6228081522567237,6.023756889894433,4.5638324437173,3.162648332323571
2019-09-22,Saudi Arabia,1.5535943649288217,6.030246886153003,4.522889762599967,2.823264081914424
2019-09-29,Saudi Arabia,1.5408679755579993,6.040642752901155,4.495970785955629,2.840931635227109
2019-10-06,Saudi Arabia,1.5161363247691417,6.0579548315072085,4.405614796944824,2.82738890884343
2019-10-13,Saudi Arabia,1.5164446934056497,6.043548863584585,4.412044980645061,2.7887505067143774
2019-10-20,Saudi Arabia,1.5536599310683628,6.054427464501001,4.4236601680725816,3.10451732084425
2019-10-27,Saudi Arabia,1.5736169669874784,6.049545839344752,4.468110070869906,3.293576651470086
2019-11-03,Saudi Arabia,1.5770892360183493,6.0630256421706274,4.445569903019336,3.319497304793729
2019-11-10,Saudi Arabia,1.593851555614902,6.056887600611657,4.499193695332217,3.662690941851383
2019-11-17,Saudi Arabia,1.601063170835749,6.0601434630022455,4.511366208781312,3.54667928292947
2019-11-24,Saudi Arabia,1.5941327609780465,6.056458996468144,4.558000076308808,3.549313134349774
2019-12-01,Saudi Arabia,1.587214031518222,6.052412112905358,4.578766684627866,3.0610899619208385
2019-12-08,Saudi Arabia,1.5874224903320393,6.061351225575155,4.611491910269072,3.878339229438586
2019-12-15,Saudi Arabia,1.6518971204929636,6.064905493048836,4.673887665311707,4.3582766332391305
2019-12-22,Saudi Arabia,1.668216850785471,6.064717345355863,4.705816247629546,4.556331881490063
2019-12-29,Saudi Arabia,1.6680568189590563,6.06269463063978,4.723742565484237,4.61959048886179
2020-01-05,Saudi Arabia,1.6297188766744897,5.708670441935325,4.798656652630894,3.276832111627201
2020-01-12,Saudi Arabia,1.6228820945933145,5.71230127596661,4.804511497985487,3.4615587140724244
2020-01-19,Saudi Arabia,1.6304668533768107,5.709069017245065,4.778255363277859,3.683872228860299
2020-01-26,Saudi Arabia,1.6303172399359065,5.710157750714826,4.7695701919552285,2.992671267415905
2020-02-02,Saudi Arabia,1.6082933038539218,5.718535181764651,4.715696019465892,2.478896179865983
2020-02-09,Saudi Arabia,1.6194203948907826,5.709709371717558,4.306492936429464,2.7104349550709688
2020-02-16,Saudi Arabia,1.6418063814415012,5.710812859027327,4.318099639396445,2.8575799687015793
2020-02-23,Saudi Arabia,1.6415773743511362,5.71727698127781,4.329854467049025,2.8689962337060164
2020-03-01,Saudi Arabia,1.5252685407968114,5.706578067445793,4.314970646282111,1.8385610984294805
2020-03-08,Saudi Arabia,1.4313290300796335,5.6259680851410225,4.223511246028545,1.4924476830577975
2020-03-15,Saudi Arabia,1.1196518612402082,5.625854805898275,2.935613096763268,1.4787077295530984
2020-03-22,Saudi Arabia,1.0427564287620301,5.640023122902048,2.8586448682572727,1.4997008563158016
2020-03-29,Saudi Arabia,1.1552459018077839,5.644214032177777,2.2829421468493276,1.502982990521652
2020-04-05,Saudi Arabia,1.1551032637169991,5.669125709877147,1.503909450586553,1.540388050022488
2020-04-12,Saudi Arabia,1.172608079208148,5.652681841897409,1.3973254179427768,1.53419355101778
2020-04-19,Saudi Arabia,1.1374917907131001,5.66528251350408,1.3052441087536009,1.505920747337663
2020-04-26,Saudi Arabia,1.137456993455965,5.656981429642431,1.0969620751608695,1.5398524824301751
2020-05-03,Saudi Arabia,1.1037631642494687,5.712944340269961,1.004928399970053,1.546679881466445
2020-05-10,Saudi Arabia,1.1474071390420144,5.712916395504218,1.0166554308140887,1.5308241876684865
2020-05-17,Saudi Arabia,1.1721697669344122,5.712041985957414,1.0202896806714978,1.4823500084171135
2020-05-24,Saudi Arabia,1.209118534220735,5.707458702798856,1.0296226106124506,1.4937159633349697
2020-05-31,Saudi Arabia,1.228386703590544,5.704294312386035,1.004693141080458,1.5115403285499027
2020-06-07,Saudi Arabia,1.4313828353075244,5.697249773895527,1.0189702707026376,1.5659577641915718
2020-06-14,Saudi Arabia,1.4053703770327857,5.700688305470494,1.0093312405471675,1.4891497522228505
2020-06-21,Saudi Arabia,1.4313290300796335,5.6996263995342815,1.0238553312063636,1.7032060081056706
2020-06-28,Saudi Arabia,1.4053703770327857,5.6995984119324135,1.0196167957145517,1.5777405193781255
2020-07-05,Saudi Arabia,1.3612106541939997,5.649006817546139,1.017537751940008,1.5286006228176134
2020-07-12,Saudi Arabia,1.4313828353075244,5.6494794594914595,1.0143242285153442,2.026872715902842
2020-07-19,Saudi Arabia,1.4053703770327857,5.650056348334282,1.0151081178049493,2.6703627281678584
2020-07-26,Saudi Arabia,1.4584591480455655,5.651421638106085,1.0052055418035173,2.4975074793237506
2020-08-02,Saudi Arabia,1.4584289515976503,5.6555091763007495,1.006324599956761,2.3512483520238554
2020-08-09,Saudi Arabia,1.4585152791653573,5.616312698671966,1.0054056344042928,2.8680621421850994
2020-08-16,Saudi Arabia,1.4985136294829084,5.615250227465764,1.0042979097593727,3.100212942393772
2020-08-23,Saudi Arabia,1.4753573043119803,5.615862237952391,1.000179958369884,3.252953621165435
2020-08-30,Saudi Arabia,1.4867675463150158,5.6194115907733,1.0018416817032376,3.4408885914221123
2020-09-06,Saudi Arabia,1.5352410530426979,5.619519444983159,0.994823530743882,2.3227557052700374
2020-09-13,Saudi Arabia,1.4985136294829084,5.6356190108788695,0.9869267587058582,1.957853927448526
2020-09-20,Saudi Arabia,1.504532910641474,5.63370863255681,1.0042529504750433,2.707714323950696
2020-09-27,Saudi Arabia,1.3952863553453183,5.632737342250643,1.0038579665809304,2.515557315720378
2020-10-04,Saudi Arabia,1.4313290300796335,5.6323772918304265,1.0006169320159732,1.7198538146351234
2020-10-11,Saudi Arabia,1.5604591160240477,5.6351971883511505,1.0108588469292294,2.436278887702219
2020-10-18,Saudi Arabia,1.5604591160240477,5.636440174051844,1.014646178048774,2.3182264460203568
2020-10-25,Saudi Arabia,1.5804448799559139,5.6381763101034625,1.0142852578573769,2.1710162340494037
2020-11-01,Saudi Arabia,1.4954665027871707,5.6352329779193875,0.989012025191398,1.4151754968954158
2020-11-08,Saudi Arabia,1.5476518815924711,5.636540698838325,0.9992811069410734,1.7050179435638384
2020-11-15,Saudi Arabia,1.6155416074346698,5.634960754351804,1.0108405013390478,2.0511617940709055
2020-11-22,Saudi Arabia,1.5805821811905192,5.63756926251256,1.0210371878041011,2.320440904703391
2020-11-29,Saudi Arabia,1.5805821811905192,5.640104928976848,1.0297316021028908,2.1715971058828885
2020-12-06,Saudi Arabia,1.6015613742883161,5.643731198476089,1.0391105278768151,2.780670562027648
2020-12-13,Saudi Arabia,1.6014901762471137,5.643918684220604,1.0410338400437114,2.67889307839397
2020-12-20,Saudi Arabia,1.6016326522535542,5.643903828242553,1.0403758221154915,2.8927555692509115
2020-12-27,Saudi Arabia,1.580925746545327,5.641963684245841,1.0371229651743563,2.891367457539307
2021-01-03,Saudi Arabia,1.6016326522535542,10.148649274880952,1.0358492699375388,2.508600169118935
2021-01-10,Saudi Arabia,1.6017037965119003,10.145074508169246,1.0472237915865934,2.551295209501086
2021-01-17,Saudi Arabia,1.6014901762471137,10.153387047373108,1.0355208647568754,2.253881313362018
2021-01-24,Saudi Arabia,1.6016326522535542,10.151663076826411,1.0416727974275324,2.586347444839851
2021-01-31,Saudi Arabia,1.6017037965119003,10.151042892174823,1.0494604126814813,2.2680274658601567
2021-02-07,Saudi Arabia,1.6305417121522061,10.170189208814122,1.0705153777601395,2.6992504830738295
2021-02-14,Saudi Arabia,1.6306914589929136,10.16945887913804,1.0774300776086116,2.764261028800197
2021-02-21,Saudi Arabia,1.630841319808819,10.161393022504134,1.077760212917656,2.452142867125668
2021-02-28,Saudi Arabia,1.615760467522874,10.485913284928833,1.0863798846425443,2.100718203718925
2021-03-07,Saudi Arabia,1.6159794105074357,11.77411189176824,1.089140385250336,2.551747361036667
2021-03-14,Saudi Arabia,1.6090861283334987,11.771914723878922,1.2197927911885054,2.474861206336385
2021-03-21,Saudi Arabia,1.6088697762968038,11.869512551598277,1.2147288753839305,1.9840292941453537
2021-03-28,Saudi Arabia,1.5606583221864214,11.873163443086622,1.3570098203763787,1.9519596454474988
2021-04-04,Saudi Arabia,1.5741601598846424,11.9037647090548,2.06780466512197,2.305753109657566
2021-04-11,Saudi Arabia,1.5944139611692758,11.947096647247374,2.17723929109417,2.3803497832667895
2021-04-18,Saudi Arabia,1.6156875049529484,11.96400832944277,2.3084530022026044,2.9592481921239195
2021-04-25,Saudi Arabia,1.615760467522874,11.97162815276407,2.80102945745196,2.4181534812574315
2021-05-02,Saudi Arabia,1.6156875049529484,12.01905452499278,4.001970966771255,2.444200549033541
2021-05-09,Saudi Arabia,1.6155416074346698,12.023636952305056,4.0460618417675,2.515918818390033
2021-05-16,Saudi Arabia,1.6229558247729121,12.019753007393946,4.688035150785928,2.616162334116118
2021-05-23,Saudi Arabia,1.623103682953782,12.031248861903215,4.681753127026739,2.3781470929916737
2021-05-30,Saudi Arabia,1.6231776632331396,12.02775358255971,4.894010195402532,2.8933971744913505
2021-06-06,Saudi Arabia,1.6229558247729121,12.030049714099334,6.019510529216362,3.0633788962776425
2021-06-13,Saudi Arabia,1.6457905833482345,12.028832300240833,6.098079717552191,2.979296906249827
2021-06-20,Saudi Arabia,1.6453293002752343,12.010680297100397,6.4255712236104054,2.8329563168399776
2021-06-27,Saudi Arabia,1.6454062060975738,12.009520859267932,6.46034586084852,3.108874562918714
2021-07-04,Saudi Arabia,1.6450221645810932,12.195774109764402,6.5254406511655665,2.995759170985526
2021-07-11,Saudi Arabia,1.6455598183046654,12.193573461350791,6.555590904123442,2.5976863522975924
2021-07-18,Saudi Arabia,1.6454062060975738,12.191585608236547,6.438459907788373,2.5862719123662097
2021-07-25,Saudi Arabia,1.6454830454500189,12.20041903482987,6.538580061546892,2.876102846946645
2021-08-01,Saudi Arabia,1.6452525584512987,12.200494109761388,6.5475541071014565,2.999060902432406
2021-08-08,Saudi Arabia,1.6938275664179168,12.159717875980428,6.08852503984812,2.352065456546098
2021-08-15,Saudi Arabia,1.693325447383732,12.161139052490205,6.090478666428622,2.6374558282688207
2021-08-22,Saudi Arabia,1.693660059468867,12.167869358419676,6.112912453693968,2.2524547587341632
2021-08-29,Saudi Arabia,1.693325447383732,12.16127871856436,6.117214048064496,2.728633688530845
2021-09-05,Saudi Arabia,1.6935764503887736,12.153820787760695,6.150766676099119,2.536656490216967
2021-09-12,Saudi Arabia,1.6938275664179168,12.15341802531313,6.219767684972201,2.848124685391191
2021-09-19,Saudi Arabia,1.7364508593534667,12.158183734402986,6.345059195085695,2.974298084904489
2021-09-26,Saudi Arabia,1.6801810769031087,12.149592716733691,6.082400914979802,2.8017303721777687
2021-10-03,Saudi Arabia,1.6798543467821867,12.11110247354842,6.101273480894457,2.4747348526518773
2021-10-10,Saudi Arabia,1.6803444316036855,12.119649559395382,6.194022311901102,2.4237846800037888
2021-10-17,Saudi Arabia,1.6806715290921632,12.10280988761848,6.194427525661258,2.77073207588454
2021-10-24,Saudi Arabia,1.7094500623870716,12.09837790792194,6.208619438828653,2.5137915019579817
2021-10-31,Saudi Arabia,1.7092779518766694,12.091899557808254,6.569354472793521,2.424273728899231
2021-11-07,Saudi Arabia,1.7089337192050844,12.101199379311597,6.524934311352655,2.4353849399495653
2021-11-14,Saudi Arabia,1.709536266897803,12.088739750173875,6.68128843238273,2.5804604648406673
2021-11-21,Saudi Arabia,1.7635217908865717,12.08239960170242,6.693704328574708,2.4903476267154434
2021-11-28,Saudi Arabia,1.7612451192778589,12.07312399947788,6.684956714716746,1.20435163953243
2021-12-05,Saudi Arabia,1.717779290482801,12.06134971059038,6.496366585481779,1.2249511268423567
2021-12-12,Saudi Arabia,1.7181289918664704,12.05628565987526,6.505135104356674,1.861809185460295
2021-12-19,Saudi Arabia,1.7187417442554955,12.053253857377172,6.512708486133463,1.751221245991738
2021-12-26,Saudi Arabia,1.7186542665625713,12.029719042417613,6.521396882172795,2.005842275897347
2022-01-02,Saudi Arabia,1.7186542665625713,54.63655835011649,8.271204908590706,2.069417304848658
2022-01-09,Saudi Arabia,1.7367222547074659,19.699921563249735,7.784713885081844,2.2999784884146863
2022-01-16,Saudi Arabia,1.7195304580918327,19.57842710933382,7.964845335495399,1.9910059018094508
2022-01-23,Saudi Arabia,1.718216561233323,19.4962920635502,8.011756145523304,1.89746116983652
2022-01-30,Saudi Arabia,1.7189170040948072,19.01927345046435,8.064217498776744,1.6014306028130156
2022-02-06,Saudi Arabia,1.6950849298645618,18.709685914150565,8.062718177923431,1.7931929841419991
2022-02-13,Saudi Arabia,1.6927401290385333,18.28654357652772,8.067161521668144,1.5920306923937195
2022-02-20,Saudi Arabia,1.6934927701678595,18.278747865162135,8.070348636011795,1.3960392624968818
2022-02-27,Saudi Arabia,1.6939113806340507,18.15852329377634,7.856525178732985,1.4931535795135693
2022-03-06,Saudi Arabia,1.6846931110023122,18.145570001687425,7.398847644070675,0.9703411208939968
2022-03-13,Saudi Arabia,1.6854348197247306,17.81485706950159,7.3856921742736255,1.0023679408013408
2022-03-20,Saudi Arabia,1.7364508593534667,17.762397819101274,7.141654652750581,0.9887444549971376
2022-03-27,Saudi Arabia,1.7469520156094154,16.419018856243973,6.903967170798302,0.9708590040195216
2022-04-03,Saudi Arabia,1.7465834310584898,16.231234930285506,4.971273317232962,1.3237489734919878
2022-04-10,Saudi Arabia,1.7496323264615055,16.179942381838277,4.84106535121032,1.3616480171615344
2022-04-17,Saudi Arabia,1.7303349615047414,16.173798814343076,4.75372603160174,1.3598783488611563
2022-04-24,Saudi Arabia,1.7306929206914679,15.806284688846397,4.728336708499906,1.4225809163115
2022-05-01,Saudi Arabia,1.7135990266160124,15.806794352093863,4.7168226250345775,1.3456555458406174
2022-05-08,Saudi Arabia,1.6403575512504764,15.772345663404538,4.73180027497686,1.2635336249638545
2022-05-15,Saudi Arabia,1.603772775746824,15.75250992344952,4.730812066426119,1.3954987998272943
2022-05-22,Saudi Arabia,1.5961045070003228,15.759831469011054,4.73329867629685,1.4136324037925847
2022-05-29,Saudi Arabia,1.6253250103865433,15.721043199166411,4.765571601215158,1.539541878541216
2022-06-05,Saudi Arabia,1.6405098867986574,15.429398395182323,4.681891887905463,1.6001511973155482
2022-06-12,Saudi Arabia,1.6341463919841843,14.456490716082287,4.558785040784131,1.7519159333679328
2022-06-19,Saudi Arabia,1.6255476152881183,14.054162423028435,4.471440430954676,1.420428737756292
2022-06-26,Saudi Arabia,1.6218487229414098,14.042972131438344,4.434294477027593,1.521487564601142
2022-07-03,Saudi Arabia,1.581682298351649,14.151661075023586,4.440947315161783,1.4294124709447753
2022-07-10,Saudi Arabia,1.5627874296242683,14.023538778143172,4.407547853521002,1.3114799334082163
2022-07-17,Saudi Arabia,1.5556322589653755,13.924681483726555,4.366158600630695,1.314381586838607
2022-07-24,Saudi Arabia,1.5684127898198699,13.847927178461005,4.384307577162636,1.483547796694319
2022-07-31,Saudi Arabia,1.6071418590493896,13.833182157141596,4.390397164311022,1.5643536381601129
2022-08-07,Saudi Arabia,1.6650263137627879,13.287336174962402,3.8229971606925903,1.4083495458451871
2022-08-14,Saudi Arabia,1.721551116341672,13.27122122117598,3.818594343709056,1.6416956392564612
2022-08-21,Saudi Arabia,1.7135122733802244,13.283474893975418,3.808548499332608,1.3451070428850191
2022-08-28,Saudi Arabia,1.721991479895032,13.25511823880857,3.795471588373978,1.4798608112396807
2022-09-04,Saudi Arabia,1.738262621041116,13.15341555388859,3.706872299458797,1.1910101623474698
2022-09-11,Saudi Arabia,1.749076768009977,13.048069511592605,3.698659660785133,1.3704380609518525
2022-09-18,Saudi Arabia,1.7527919796876266,12.78504490230454,3.7171871923089266,1.4150298136208448
2022-09-25,Saudi Arabia,1.683952218927058,12.663816378486898,3.7346944231521606,1.2628963890400031
2022-10-02,Saudi Arabia,1.6557962296908826,12.534735363939108,3.7121369714745622,1.1064998615619726
2022-10-09,Saudi Arabia,1.6331679402439723,12.52431412576391,3.69006202845265,1.179116644062853
2022-10-16,Saudi Arabia,1.5365152057936549,12.35281877054826,3.655616075196881,1.286331525320919
2022-10-30,Saudi Arabia,1.596951514474187,12.327204696324705,3.671386526517342,1.3865857158589552
2022-11-06,Saudi Arabia,1.5961749793276643,12.28548032945084,3.6443192463555807,1.3951053847015438
2022-11-13,Saudi Arabia,1.6715058213265208,12.124534642763305,3.6457201402591033,1.679938236177109
2022-11-20,Saudi Arabia,1.6522079885421377,12.099450266464,3.468742880993803,1.4688234476129745
2022-11-27,Saudi Arabia,1.6673376760849905,12.094649941761142,3.419217116778554,1.2841619513807463
2022-12-04,Saudi Arabia,1.6635965454012398,12.005581487084374,3.4381469507353013,1.490613901146975
2022-12-18,Saudi Arabia,1.6673376760849905,11.929329424531735,3.372043742569446,1.6771307516540788
2023-01-01,Saudi Arabia,1.6405860698034462,11.914591435799204,3.3928631699491145,1.7307091268593062
2023-01-08,Saudi Arabia,1.6389882791730352,7.51635240411356,3.44035437486769,2.1075379530514313
2023-01-15,Saudi Arabia,1.6258444815903872,7.515791145306211,3.4452681909744576,2.455234417079647
2023-01-22,Saudi Arabia,1.6332431522906925,7.514858498179469,3.449014484426484,2.486808131644878
2023-01-29,Saudi Arabia,1.6442548565165704,7.529194360897334,3.462634086412091,2.4243034547139053
2023-02-05,Saudi Arabia,1.6571280512313167,7.52779902148567,3.4328881780777887,2.3504337530306696
2023-02-12,Saudi Arabia,1.618173415374262,7.532388191433745,3.4396691999126388,2.638318378081395
2023-02-26,Saudi Arabia,1.618979976800965,7.523850673258608,3.4639417592857247,2.509839459317443
2023-03-05,Saudi Arabia,1.6753810602819894,7.488329418605862,3.546798137809286,2.777416492378413
2023-03-12,Saudi Arabia,1.6539213162745845,7.4956569220509,3.546147539840105,2.645766443117388
2023-03-19,Saudi Arabia,1.6042733783408387,7.236117149357393,3.57038743359685,1.7440332958527662
2023-03-26,Saudi Arabia,1.589162539112937,7.326645138590618,3.646244096639813,1.8894078332085
2023-04-02,Saudi Arabia,1.635957380294235,7.267884980775612,4.166446107947373,2.3738085480102686
2023-04-09,Saudi Arabia,1.6251766549415625,7.255319647211985,4.1384691378599685,2.429950507549676
2023-04-16,Saudi Arabia,1.6486424127935015,7.227253055158818,4.236262194299459,3.0188773779699276
2023-04-23,Saudi Arabia,1.6403575512504764,7.258350056881644,4.19337741822759,2.8632570139147555
2023-04-30,Saudi Arabia,1.6377740380224663,7.257345466664483,4.214061119270714,2.8175908282654083
2023-05-07,Saudi Arabia,1.6148855238371342,7.256967563378169,4.215760554105289,2.6346713749161124
2023-05-14,Saudi Arabia,1.6102991940579046,7.256850561397344,4.211159194613325,2.6357223291425673
2023-05-21,Saudi Arabia,1.620008142377073,7.189324320717468,4.229377884761889,2.7457190849485604
2023-05-28,Saudi Arabia,1.6217012600869267,7.139000897068992,4.24220773950255,2.7167166797029436
2023-06-04,Saudi Arabia,1.656736014311715,7.148664039088245,4.267643013659716,2.4699072392827732
2023-06-11,Saudi Arabia,1.6719886793216077,7.26257566317921,4.321200208241848,3.007693292852586
2023-06-18,Saudi Arabia,1.6800992948417721,7.312907204272574,4.358320675396579,3.022433789042108
2023-06-25,Saudi Arabia,1.6811624104427216,7.311895953406386,4.430320107501686,2.835776379013077
2023-07-02,Saudi Arabia,1.6774912234428716,7.290312245247955,4.391145877021188,3.017002034901483
2023-07-09,Saudi Arabia,1.6711840921671215,7.294908095067418,4.360366198863555,2.86953258287253
2023-07-23,Saudi Arabia,1.7045633955876607,7.3240656065209135,4.254379860676446,3.0086489568523245
2023-07-30,Saudi Arabia,1.730156024791717,7.323298960366643,4.265903386273571,3.007835948902653
2023-08-06,Saudi Arabia,1.747136447644244,7.439807575584906,5.001799322874178,3.045949552622546
2023-08-13,Saudi Arabia,1.758601060023354,7.436893366544875,5.006295834335759,3.0441731807368018
2023-08-20,Saudi Arabia,1.7437344345301926,7.438604505859759,4.986383024848604,3.0447751044889566
2023-08-27,Saudi Arabia,1.7536313023134746,7.432648999194797,5.134111419868223,3.0425126293495555
2023-09-03,Saudi Arabia,1.765331080471206,7.461469230472084,5.244103101688626,3.057482239334683
2023-09-10,Saudi Arabia,1.7724357447535843,7.484651742613881,5.257520768069648,3.061565032632141
2023-09-17,Saudi Arabia,1.77758255720396,7.560677690123971,5.247470261231105,3.0754566815176747
2023-09-24,Saudi Arabia,1.7457547281164516,7.601385945354165,5.279667734443287,3.0809817096139005
2023-10-01,Saudi Arabia,1.7105707340949168,7.611203600377316,5.479344789274654,3.078849087069285
2023-10-08,Saudi Arabia,1.6819815020254778,7.629214557025811,5.1585323905206355,2.7390693453293755
2023-10-15,Saudi Arabia,1.5362602096762872,7.696860650812917,5.211363337207058,2.0846656279613884
2023-10-22,Saudi Arabia,1.5802387479523037,7.707198709745489,5.218697008873768,2.112869400681835
2023-10-29,Saudi Arabia,1.5856875956451089,7.708609959103847,5.167318587925429,1.9438403723720683
2023-11-05,Saudi Arabia,1.6080052463445291,7.751419646461899,5.176343047293032,2.516069077603131
2023-11-12,Saudi Arabia,1.6774099948203545,7.744577646599317,5.077828860711468,2.448545078245889
2023-11-19,Saudi Arabia,1.7045633955876607,7.772834269236636,5.454666270385908,2.371309981238178
2023-11-26,Saudi Arabia,1.7199691206549483,7.770941398926862,5.556749299886887,2.162508472856601
2023-12-03,Saudi Arabia,1.7224321078430775,7.765539924948912,5.559539849578613,2.7890264560933313
2023-12-10,Saudi Arabia,1.709880874523428,7.752646011763461,5.594593472076919,2.732811898871113
2023-12-17,Saudi Arabia,1.7310509346136627,7.756085827597724,5.689208979673079,2.851655704254873
2023-12-24,Saudi Arabia,1.7214631914888219,7.767000328261666,5.581987881506261,3.045152911918157
2023-12-31,Saudi Arabia,1.721551116341672,7.77972071016427,5.58746950104672,2.7635506886166845
2024-01-07,Saudi Arabia,1.6817357308296357,6.788524075980033,4.733522409981678,2.3427049438870595
2024-01-14,Saudi Arabia,1.6471761371555522,6.791648041840606,4.77053607426631,2.0187005348619405
2024-01-21,Saudi Arabia,1.6423410887128393,6.741784917310372,4.775113405847858,2.3656918842640753
2024-01-28,Saudi Arabia,1.6638345229870297,6.747445019528248,4.760243102301421,2.455629657313341
2024-02-04,Saudi Arabia,1.701923651798463,6.766272746525181,4.814517459341639,2.474037569190606
2024-02-18,Saudi Arabia,1.6924060681646411,6.75652335765817,4.885123786951694,2.8361287950055725
2024-02-25,Saudi Arabia,1.7129053817354758,6.757310512878437,4.896718309429066,2.786806898293181
2024-03-03,Saudi Arabia,1.723314511829415,6.767653209126949,4.914049455734837,2.91520936521703
2024-03-10,Saudi Arabia,1.7326652118052634,6.771362755534595,4.856846405563545,3.071178185032637
2024-03-17,Saudi Arabia,1.7266801927932522,6.964182364457965,4.859375180471099,3.043719716570292
2024-03-24,Saudi Arabia,1.720847582856491,6.9760482253686105,4.872925038027199,3.382254871822575
2024-03-31,Saudi Arabia,1.7212871199590398,7.049458707869196,4.89740421188537,3.376496983924402
2024-04-07,Saudi Arabia,1.6800992948417721,7.071579533653494,5.08020225999781,2.783619117785867
2024-04-14,Saudi Arabia,1.6321160059894413,7.081986497446112,5.089082709388923,2.793186276346178
2024-04-21,Saudi Arabia,1.655405111707901,7.075515832058649,5.043037497588119,2.822511384553102
2024-04-28,Saudi Arabia,1.6875005243552226,7.071026038231521,5.078093403183597,3.261742737742241
2024-05-05,Saudi Arabia,1.720408132731481,7.0803218193729265,4.980939800605854,3.235771991770008
2024-05-12,Saudi Arabia,1.739807432979098,7.072991825420792,4.990508084118283,3.2556644602758773
2024-05-19,Saudi Arabia,1.7397165316202325,7.144494619773163,4.960614709593804,3.2371752934654814
2024-05-26,Saudi Arabia,1.748521684143994,7.188940012496602,4.96020964618822,3.2890885993732333
2024-06-02,Saudi Arabia,1.738989138032665,7.213807717466447,4.966369381279219,2.975675018308365
2024-06-09,Saudi Arabia,1.7274804662061825,7.218457571067908,4.96606454183399,3.4470920277159753
2024-06-16,Saudi Arabia,1.7214631914888219,7.2351753198197155,4.975484356515749,3.680717646456024
2024-06-23,Saudi Arabia,1.7129920397534664,7.231783858230901,4.994629163988579,3.6738220733182727
2024-06-30,Saudi Arabia,1.7046487579692664,7.262283523846963,5.044101784930409,3.4394228690372
2024-07-07,Saudi Arabia,1.7163823488593977,7.283277020815231,5.109178192911636,3.785780564222671
2024-07-14,Saudi Arabia,1.734825218807046,7.290662319607262,5.362836852335661,3.7515085444475114
2024-07-21,Saudi Arabia,1.7310509346136627,7.291182499949698,5.381401203401343,3.395445965134158
2024-07-28,Saudi Arabia,1.6955885529671213,7.301895058745001,5.195216832269657,3.058936845243071
2024-08-04,Saudi Arabia,1.6538433290828816,7.219602788391061,5.19392238761939,2.2704288178606937
2024-08-11,Saudi Arabia,1.6441015953434313,7.171484987034078,5.1851610571552555,2.723612680052097
2024-08-18,Saudi Arabia,1.6439482220548773,7.172400067012979,5.2136398156947585,2.9634395659480828
2024-08-25,Saudi Arabia,1.662803666041891,7.199970407546763,5.219838609372115,3.0252107343912993
2024-09-01,Saudi Arabia,1.663755159541974,7.191969364273381,5.2667988358984035,2.7354435217781723
2024-09-08,Saudi Arabia,1.703795809699594,7.201301653186117,5.094452272265677,2.3815038299232985
2024-09-15,Saudi Arabia,1.6791198987279679,7.2151612820127475,5.128589870751297,2.5906218260763794
2024-09-22,Saudi Arabia,1.655405111707901,7.23137197847005,5.140708467837949,2.8847972587265645
2024-09-29,Saudi Arabia,1.63944446563162,7.236208275527408,5.101573066514642,2.24066111380658
2024-10-06,Saudi Arabia,1.6080052463445291,7.117486654450223,5.414608929412505,1.7994216892339991
2024-10-13,Saudi Arabia,1.6102413714189576,7.120631820219283,5.412835581245285,1.5085925942941705
2024-10-20,Saudi Arabia,1.6102413714189576,7.117529716172869,5.284344517815359,1.7552015231191969
2024-10-27,Saudi Arabia,1.6104582360705413,7.089805875829275,5.332791454246254,1.6622690171764265
2024-11-03,Saudi Arabia,1.6402814748484402,7.099082397187793,5.358821623025185,1.9325543646823624
2024-11-10,Saudi Arabia,1.6324915504752993,7.104216430865198,5.4141238631076565,2.296299949082584
2024-11-17,Saudi Arabia,1.6321160059894413,7.101239858518124,5.42331229125715,2.6017729764448694
2024-11-24,Saudi Arabia,1.655405111707901,7.086119611946851,5.403631151535922,2.536320664756549
2024-12-01,Saudi Arabia,1.662803666041891,7.110709074309519,5.4302962892269,2.6150969446844177
2024-12-08,Saudi Arabia,1.6550141849314481,7.133659648668222,5.51643808274855,3.0238510359097974
2024-12-15,Saudi Arabia,1.6365622925274788,7.1277792780520794,5.483051711417124,2.6285486699996077
2024-12-22,Saudi Arabia,1.6210381436216383,7.1244728183268675,5.652592092553731,3.207237057597354
2024-12-29,Saudi Arabia,1.6213328415710906,7.1317707154238095,5.661055176517385,3.1089965655064016
2015-01-04,South Africa,1.0657393327887361,6.718870304763602,5.344859617367795,0.5244874655172034
2015-01-11,South Africa,1.0086963946595222,6.6810657291681075,4.955113564162132,0.6574444690513763
2015-01-18,South Africa,1.00437174470934,6.7700049059036855,4.942299544159738,0.4913183437057775
2015-01-25,South Africa,1.0384493723405444,6.8714569409700115,4.944880252926681,0.4775838211607645
2015-02-01,South Africa,1.0041677973458545,6.724583698441339,4.367191764141713,0.4385603947558675
2015-02-08,South Africa,1.0262115317814964,6.732707308602728,3.825107773531105,0.4064131575163704
2015-02-15,South Africa,1.0365935549981815,6.751233629145593,3.844588761299705,0.4977639105706102
2015-02-22,South Africa,1.0471804449589315,6.774954783891377,3.844283314789681,0.5378046155364717
2015-03-01,South Africa,1.056356120803547,6.8189200128502865,3.795229510681307,0.4907884836971707
2015-03-08,South Africa,1.021608974000082,6.5568077167920435,3.7831937723560296,0.6677646760001144
2015-03-15,South Africa,0.9756241617365234,6.275645195030769,3.6248001848879974,0.4821475620216661
2015-03-22,South Africa,1.0160569552638916,6.1607592186855,3.6299864777291138,0.618140114505412
2015-03-29,South Africa,1.008872229081145,6.316233464414061,3.620318489296467,0.5584831768836604
2015-04-05,South Africa,1.0094879646348296,6.250353176623863,3.594180027141545,0.5933511729433949
2015-04-12,South Africa,1.0248637719188922,6.172300520076753,3.601358992668294,0.8965714302298499
2015-04-19,South Africa,0.9773673861753733,6.158318608906982,3.5564844632352015,0.9324557992015774
2015-04-26,South Africa,0.9909102254582192,6.184581889140863,3.5471807730097566,1.1734982149320818
2015-05-03,South Africa,0.9957364919154532,6.237211999326131,3.5745999938077286,1.1961383614034895
2015-05-10,South Africa,1.010104191017788,6.259003472980686,3.584955890031254,1.2406213121343392
2015-05-17,South Africa,1.017478256270348,6.255361913305988,3.5891323183899977,1.5582322649634197
2015-05-24,South Africa,1.02765175834709,6.23396627242149,3.589547303302324,1.4611595575644654
2015-05-31,South Africa,1.0114263332514188,6.217416265217201,3.5392050810453193,1.2852673654984588
2015-06-07,South Africa,0.9829605289577469,5.974628895760811,3.3639007401886145,1.272162273655928
2015-06-14,South Africa,0.9913112748772756,5.960449941019847,3.3207371621805137,1.4122862185631946
2015-06-21,South Africa,1.0131337734018946,5.933255656093806,3.315665097738265,1.5095805010630683
2015-06-28,South Africa,1.0160865389717728,5.9253263548384725,3.316862812408818,1.5906880285277774
2015-07-05,South Africa,1.0002449819503274,5.941325250904366,3.330726941758861,1.6094894809049725
2015-07-12,South Africa,1.005771688918373,5.907543077613089,3.3173055518455343,0.9404070146155468
2015-07-19,South Africa,1.0152290721756774,5.919419505826861,3.3542428462462746,1.2628564352698028
2015-07-26,South Africa,0.9748662226427943,5.837350643982628,3.2806421061347355,1.0189444589230805
2015-08-02,South Africa,0.9736046120995729,5.851982986502005,3.2810719238647854,1.0214702306040293
2015-08-09,South Africa,0.9548365406296222,5.857184125221821,3.2353641695006328,0.9264340908182088
2015-08-16,South Africa,0.9157587420375226,5.80094720459072,3.2145257129691873,0.9165468001621768
2015-08-23,South Africa,0.8613118164410187,5.789378810485181,3.1944602569478304,0.7601535106852754
2015-08-30,South Africa,0.8942642763539199,5.661682593271473,3.1612945414250135,0.517182515663301
2015-09-06,South Africa,0.8455412971519072,5.437442326895498,3.146981466780481,0.5590400443367586
2015-09-13,South Africa,0.8421273158507665,5.5163646172695024,3.2027180723827207,0.5671910554475197
2015-09-20,South Africa,0.9223775085422149,5.479579680037079,3.158362431536152,0.7102199618770401
2015-09-27,South Africa,0.8179358662672114,5.217445177285559,3.0372238201211013,0.6047008354520322
2015-10-04,South Africa,0.7627906697220997,5.20299079812074,3.0426295828942287,0.7918569499462103
2015-10-11,South Africa,0.8875925308444735,5.209226992339345,2.938905131614504,0.8247661830816447
2015-10-18,South Africa,0.9236920107755375,5.179722766080833,2.9354073856921485,0.9861186072475816
2015-10-25,South Africa,0.8866869398100762,4.9698706345127635,2.831694170777504,0.8555897176255519
2015-11-01,South Africa,0.8794779155714357,4.921578875014575,2.8207808947167994,0.8167945645946094
2015-11-08,South Africa,0.8546339519537527,4.854152350458698,2.799426038549451,0.911391717965504
2015-11-15,South Africa,0.8218113992302293,4.835015038960314,2.7189100974730622,0.6490874347123706
2015-11-22,South Africa,0.889255381622622,4.7818626896044965,2.7287989423005543,0.7300268016575582
2015-11-29,South Africa,0.8539328507674441,4.664533827065981,2.7121738530352753,0.5866355997873913
2015-12-06,South Africa,0.8119830667667645,4.691765010969767,2.8160044914270252,0.7018251181913236
2015-12-13,South Africa,0.6631311212315456,3.8576136684346376,2.2921274217579497,0.3570082864701084
2015-12-20,South Africa,0.7033420304696222,3.756483524983966,2.2570019564437587,0.5304150754090091
2015-12-27,South Africa,0.7027939462784611,3.741888934433162,2.2514139728739995,0.5194639469988825
2016-01-03,South Africa,0.7022867589725444,3.5198989989693894,2.1155888186873018,0.2623926305895101
2016-01-10,South Africa,0.6874815525166221,3.3903547651214714,2.016936351828906,0.0751782474012253
2016-01-17,South Africa,0.6202811111945483,3.3573284241535224,2.024856383446231,-0.0335328309178115
2016-01-24,South Africa,0.6475492923689522,3.3594326440307665,2.0375360047509585,-0.0130142878091276
2016-01-31,South Africa,0.6827258694489514,3.3378994244506113,2.113996513368188,0.0168045679897509
2016-02-07,South Africa,0.6403013783766108,3.32995231942567,2.294362350168042,-0.0408715345808007
2016-02-14,South Africa,0.6552783944184083,3.333426792935529,2.2919482581787287,-0.0850268530681068
2016-02-21,South Africa,0.6762787038620351,3.3190315954610226,2.2733643757681388,0.0370428505385399
2016-02-28,South Africa,0.650571951776367,3.1841762389099384,2.2851380770999925,0.0298218635254829
2016-03-06,South Africa,0.7146621236939543,3.1536676392538823,2.287278991262952,0.236571609931282
2016-03-13,South Africa,0.748659839025362,3.191818580313426,2.3278305836779327,0.280672769027244
2016-03-20,South Africa,0.7690461694414751,3.250608338462948,2.337192031623171,0.4256361556253658
2016-03-27,South Africa,0.7341423707896376,3.234646096211359,2.329774397764942,0.4129426530118311
2016-04-03,South Africa,0.7717846228399148,3.204795413507753,2.329393858443096,0.3838200665905523
2016-04-10,South Africa,0.7318961175273554,3.193316515033336,2.3285662624334416,0.3785075377496886
2016-04-17,South Africa,0.7901012658313549,3.18784862681434,2.3717103369947985,0.3057644815014565
2016-04-24,South Africa,0.8215558114863283,3.192958930739941,2.3805185313000803,0.5877515515901071
2016-05-01,South Africa,0.8187468703374082,3.1982094937445824,2.387382947994967,0.5805450763960658
2016-05-08,South Africa,0.7687614276379522,3.1220955423856527,2.279132110135581,0.5572760922153672
2016-05-15,South Africa,0.7720255815280334,3.0578436949512424,2.2661373542997407,0.5509092235560663
2016-05-22,South Africa,0.7452259685850391,3.0315942771222875,2.2425841491886698,0.5792503921203244
2016-05-29,South Africa,0.748531635655769,3.0388159337565592,2.248797967956092,0.7344349451193296
2016-06-05,South Africa,0.7824920030681428,3.046774660684614,2.290203781040552,0.7972929805184883
2016-06-12,South Africa,0.7966703948529987,3.049524867881088,2.332287154859462,0.5857661582372087
2016-06-19,South Africa,0.77068820561762,3.067838184038623,2.3097975374570097,0.5465308895103961
2016-06-26,South Africa,0.7891600261537433,3.0709167524344716,2.315314841680737,0.4853772245359809
2016-07-03,South Africa,0.7980945978036632,3.053313342903988,2.3213520826371,0.8296678513199688
2016-07-10,South Africa,0.8469303005882945,3.056970150318167,2.312624208445957,0.625046039371399
2016-07-17,South Africa,0.9030915617490104,3.0538342662715134,2.321444066224124,0.8038299441348478
2016-07-24,South Africa,0.8983088933257395,3.073152371344175,2.3464079191379095,0.7360419610807141
2016-07-31,South Africa,0.8899366118309652,3.0715312476817913,2.3556517007588735,0.6853571901152347
2016-08-07,South Africa,0.9414361787214407,3.0764465751506673,2.369405229381382,0.6665865673595558
2016-08-14,South Africa,0.9596108094653103,3.093250219672506,2.3836540793038448,0.832345826627018
2016-08-21,South Africa,0.9554385994091698,3.091963318357751,2.3944348936563737,0.9550732151919428
2016-08-28,South Africa,0.9080831266306808,2.9375946046584036,2.3139913583754907,0.82937604924325
2016-09-04,South Africa,0.8891797243084645,2.973965511243977,2.301573016375348,0.7349004009813004
2016-09-11,South Africa,0.9155242869983492,2.98600973696057,2.3121681619138905,0.6983378285269031
2016-09-18,South Africa,0.9058151146106171,3.0053842857900577,2.343414451694837,0.7093199056927362
2016-09-25,South Africa,0.9032711382538041,3.0624460425354663,2.3905415770373817,0.6005251766060141
2016-10-02,South Africa,0.8821238944932359,3.069542487480642,2.3441898489519515,0.7673043095953914
2016-10-09,South Africa,0.8993806357004651,3.0712072227687894,2.4504017897197232,0.8742815601333257
2016-10-16,South Africa,0.8730729751964228,3.0268698890164933,2.3857717098453386,0.8830588649831794
2016-10-23,South Africa,0.8968566327991352,3.086736245223683,2.449864550761194,1.0537025725937574
2016-10-30,South Africa,0.8839009711548917,3.106697875401647,2.4680450587729883,0.8280607902651551
2016-11-06,South Africa,0.9167494128880503,3.138184025377961,2.472118876907666,0.658848389073726
2016-11-13,South Africa,0.8594852608018464,2.9684278044881247,2.3423843145834375,0.5426630506812573
2016-11-20,South Africa,0.8743599003097997,2.9845290920341436,2.368615598513566,0.4952738279698373
2016-11-27,South Africa,0.8986149618374443,3.0251119805706477,2.374065773344169,0.3375228646792708
2016-12-04,South Africa,0.910719906896603,3.030717974948004,2.354878978710968,1.006573153163898
2016-12-11,South Africa,0.9522419689279676,3.438736493997015,2.846535028925332,1.0098857087333182
2016-12-18,South Africa,0.9684391287437684,3.48417416325223,2.9430681126285885,1.2947299443393527
2016-12-25,South Africa,0.9790862789914858,3.499607981165265,2.9490905341478753,1.2639971177566265
2017-01-01,South Africa,0.9830739340394669,3.863152710169854,3.0649701032233185,1.2405758310032993
2017-01-08,South Africa,1.0120735385095412,3.5672437757267947,3.0110252906355783,0.8355571587334083
2017-01-15,South Africa,1.0065310498738311,3.614239746949461,3.0241979790546423,0.8449865751662151
2017-01-22,South Africa,1.0001580330970343,3.613619953069451,3.001440345804154,0.9089266708834572
2017-01-29,South Africa,1.0036144962852112,3.6700368218183512,3.0338302300730304,0.89161308642521
2017-02-05,South Africa,1.0145201650816564,3.694651776641765,3.0585318078039343,0.9908569484312592
2017-02-12,South Africa,1.0266013260197442,3.685205510489357,3.076439283386974,1.069784935232146
2017-02-19,South Africa,1.0492785586563704,3.7264438799097905,3.1655792440150123,1.159822272492538
2017-02-26,South Africa,1.0470264006516214,3.92426118825379,3.17926429134105,1.1470804011221092
2017-03-05,South Africa,1.064950290295623,4.022665844826506,3.152654855489343,1.1597624709394605
2017-03-12,South Africa,1.0664659837273942,3.986349977512866,3.153576093344944,0.7595801235489062
2017-03-19,South Africa,1.089805477538744,3.965205801709212,3.173302310977447,1.0894441411874949
2017-03-26,South Africa,1.0520334224144612,3.99291382116516,3.23897889512548,0.9401941939525384
2017-04-02,South Africa,0.9775362908083519,3.6532710704962104,2.951494085525059,1.0127869563546767
2017-04-09,South Africa,0.9665211765045664,3.6015070264395908,2.973116522205139,0.9970181530832636
2017-04-16,South Africa,0.9923434928373369,3.630569932570166,3.0075612793974424,1.032118853279077
2017-04-23,South Africa,1.029606390691131,3.635383335355716,3.02530046271457,0.9331022570398212
2017-04-30,South Africa,1.0478586116422888,3.586927480885051,3.010799547995411,0.9799612607199786
2017-05-07,South Africa,1.0455491635386676,3.666468132735945,3.1568462297935267,0.7256393678769647
2017-05-14,South Africa,1.0411040375232876,3.7593203230889793,3.1871919999877365,0.7342834170175361
2017-05-21,South Africa,1.0393027381521238,3.802710431033109,3.2273832276660497,0.9239368778452084
2017-05-28,South Africa,1.0774189469797182,3.8134317309113697,3.246084285794066,0.940662691647454
2017-06-04,South Africa,1.0650449317083652,3.894849131697951,3.3282481193124944,0.8426341319556512
2017-06-11,South Africa,1.0678897268354348,3.872028100311645,3.268034453694514,0.8224756925490292
2017-06-18,South Africa,1.0710632962394002,3.883095911683952,3.29054851817516,1.0588497811046766
2017-06-25,South Africa,1.0510727257567334,3.862818754015796,3.284805006847209,0.8538767980411069
2017-07-02,South Africa,1.028643486699876,3.916893489536303,3.242796312207784,0.992033384969762
2017-07-09,South Africa,0.987167500496272,3.846258371099208,3.239060833182934,0.7576738698347292
2017-07-16,South Africa,1.036867080270922,3.8441511783819697,3.2455803260831924,0.9213046854536008
2017-07-23,South Africa,1.0632173036617063,3.866550851985946,3.249535263977143,0.9823423776858968
2017-07-30,South Africa,1.0770662171888985,3.90197757665894,3.2590777674564624,0.9431971701729238
2017-08-06,South Africa,1.095107377101777,3.795597736164229,3.222975530054796,0.9772560024761422
2017-08-13,South Africa,1.0699827765740628,3.8146029636858234,3.2456234116355587,0.9856092837559726
2017-08-20,South Africa,1.0884696179378721,3.818070313823169,3.248231363632195,1.055606789965131
2017-08-27,South Africa,1.1043615739769923,4.101518948643887,3.380029399841627,0.9973000022353348
2017-09-03,South Africa,1.124694874234486,4.112630204297443,3.3885638312388604,1.0111244789331106
2017-09-10,South Africa,1.1155207327983019,4.113941849493807,3.4034732636696834,0.9866373045787342
2017-09-17,South Africa,1.1388501861594649,4.059820587003173,3.360316686703883,1.105831817488309
2017-09-24,South Africa,1.0741545399806054,4.119661045074338,3.476136232741698,1.1113204303083863
2017-10-01,South Africa,1.0692209923638383,4.048315212866741,3.5097364310030668,1.056952267682676
2017-10-08,South Africa,1.099158363816358,4.022674259199653,3.4420035511348415,1.0123520909484056
2017-10-15,South Africa,1.1138006556690359,4.062516073567072,3.512526423859874,1.15797204641555
2017-10-22,South Africa,1.1117821778120984,3.993092980322669,3.441054527372417,1.185201966487032
2017-10-29,South Africa,1.066782138097019,3.904882551551397,3.399291713555231,1.1079370705730984
2017-11-05,South Africa,1.0573235562115355,3.921955809729384,3.387229979865735,1.1514330573121057
2017-11-12,South Africa,1.0043134685573794,4.179109061217073,3.7103728521018047,0.8978468838958953
2017-11-19,South Africa,1.0520644329305564,4.173791389628807,3.7198380265687896,1.051006873367838
2017-11-26,South Africa,1.0648241202611541,4.215374102517399,3.8505453102740432,1.063059559580004
2017-12-03,South Africa,1.0822133071812925,4.269107658310216,4.107053184348095,1.3135007270096466
2017-12-10,South Africa,1.094746170356962,4.274142557501477,4.086305735684821,1.309884456559637
2017-12-17,South Africa,1.113228190574722,4.269182954807919,4.004891716409161,1.52782518376928
2017-12-24,South Africa,1.1529670751034438,4.204629271157046,3.995532517410422,1.7370942399608549
2017-12-31,South Africa,1.1590720032015276,4.232834314306134,4.036565741141132,1.6188357901629673
2018-01-07,South Africa,1.2002872812539342,4.154126293246774,3.9737661870148897,1.465651582123071
2018-01-14,South Africa,1.2275171811333185,4.1626089182803945,3.976997815618813,1.3830400880725078
2018-01-21,South Africa,1.1982766010820247,4.177738145135071,4.002925878310101,1.553439507241646
2018-01-28,South Africa,1.2121257814859043,4.176234756424803,4.015708029977966,1.5235303010555337
2018-02-04,South Africa,1.2001733158521382,4.106943228061392,3.9532028950872578,1.37341029378407
2018-02-11,South Africa,1.1553885681625005,4.1163946656164745,3.969144733243629,1.0412999437048234
2018-02-18,South Africa,1.2221267479263207,4.132072162731411,3.9825014222879775,1.234351452136862
2018-02-25,South Africa,1.2135568230024119,4.1417728284735045,3.997121265701242,1.3982906488349498
2018-03-04,South Africa,1.190890251066722,4.060863685240535,3.896094507820704,1.297890887888564
2018-03-11,South Africa,1.2364218349838807,4.0860870668361855,3.9185044821493302,1.3047866608570362
2018-03-18,South Africa,1.2040585271283515,4.114922452690962,3.913927225452376,1.3837322568688843
2018-03-25,South Africa,1.1467371749320652,4.1429329204906695,3.9004248353619015,1.235997446018201
2018-04-01,South Africa,1.1908527628357704,4.604225918208483,4.350086431754914,1.2180866339351897
2018-04-08,South Africa,1.1873750047858738,4.6406363037994005,4.291585207303271,1.362195310871276
2018-04-15,South Africa,1.1773738031384904,4.676576398915505,4.3149589121423375,1.1502739596400713
2018-04-22,South Africa,1.1719872161977936,4.6986481352975,4.262083672096198,1.1155522090161272
2018-04-29,South Africa,1.1604716425380766,4.681910196592244,4.266513460616615,1.2777546420456822
2018-05-06,South Africa,1.1163315774518834,4.647314039723026,4.149096667087088,1.2306763186281813
2018-05-13,South Africa,1.1525050677459443,4.649743217425401,4.15606708103727,1.2813874202626128
2018-05-20,South Africa,1.0887300850912174,4.426655355034752,3.950357918967883,1.2515245386650644
2018-05-27,South Africa,1.1328783184867293,4.457825670302039,3.959977704625934,1.1427103297008825
2018-06-03,South Africa,1.0980693367396253,4.403996128837001,3.9021110292139416,1.0488573871110898
2018-06-10,South Africa,1.051320530832756,4.306160371235776,3.878501546723472,1.065281032052205
2018-06-17,South Africa,1.00743741635821,4.206454253077916,3.7631233440446255,1.024138824465913
2018-06-24,South Africa,1.0332281116395676,4.213436779357257,3.758968886289463,1.1372331205550763
2018-07-01,South Africa,0.9853739287992294,4.164034771259446,3.792572722657504,1.0212715630461362
2018-07-08,South Africa,1.012868578110135,4.206353852288213,3.8040572034580857,1.001364477249516
2018-07-15,South Africa,1.0771944633198283,4.26298444448753,3.8392045465530655,1.0489626609226113
2018-07-22,South Africa,1.0745698011431686,4.242085758025096,3.805639471483229,1.1140795004387416
2018-07-29,South Africa,1.08324699723836,4.2473947195856185,3.823346938092276,1.1935361369727333
2018-08-05,South Africa,1.0769700470195342,4.3130836683734675,3.891690742768375,1.150078208646456
2018-08-12,South Africa,1.0168857287736282,4.018243151766752,3.609683390129113,1.0849280227131477
2018-08-19,South Africa,0.9644694072115831,3.9101170848914193,3.512475768628059,1.021524947581969
2018-08-26,South Africa,1.0016665267106661,3.8958582007103937,3.518652403638945,1.1892187352990455
2018-09-02,South Africa,0.9420820300540819,3.809912492094564,3.4625611253278628,1.0530655074294557
2018-09-09,South Africa,0.9112120197389186,3.693303519529215,3.393734370958601,0.9622986232928596
2018-09-16,South Africa,0.9700828238780144,3.709692105170779,3.397600288033236,0.9693759202515748
2018-09-23,South Africa,0.993233443698039,3.656480090250691,3.3732814765615884,1.0362953584660377
2018-09-30,South Africa,1.0205370172017612,3.689618804495133,3.3873957313862024,1.0206899246423076
2018-10-07,South Africa,0.9676046635905442,3.559722911287148,3.3207579024277702,0.8759067786392126
2018-10-14,South Africa,0.9555481137172184,3.627020759422426,3.4012925395529328,0.949183919009566
2018-10-21,South Africa,0.9703617562827762,3.675251763740193,3.439494737158354,0.9723306304061556
2018-10-28,South Africa,0.9308541806278634,3.705583464208382,3.3758751952482022,0.8772229328375164
2018-11-04,South Africa,0.9584832465023116,3.7137999067915137,3.384267016300109,0.7728825804467506
2018-11-11,South Africa,0.9629202505519503,3.72019043730286,3.340105518945858,0.6483399976310612
2018-11-18,South Africa,0.9487051666474531,3.746112004558219,3.3266565869429425,0.4700587863027444
2018-11-25,South Africa,0.9134172411732742,3.7533669099102314,3.320804087106769,-0.0449450851751808
2018-12-02,South Africa,0.9417590391376972,3.7663932455482496,3.348463302557755,0.0771237840533059
2018-12-09,South Africa,0.9526237950259823,3.7487140750181287,3.353596272416204,0.494510140529338
2018-12-16,South Africa,0.959445699984384,3.7838006723169735,3.3576429246491672,0.4587617167828453
2018-12-23,South Africa,0.9715622921836362,3.8675096793262376,3.358653051565726,0.1869620406131071
2018-12-30,South Africa,0.961374122509393,3.884829247259832,3.393750121672126,0.1718705072851669
2019-01-06,South Africa,0.9755118283381813,3.317233953715354,2.9459506968027163,0.0513111572102675
2019-01-13,South Africa,1.0036436075500268,3.322187733359134,2.945423529502725,0.3393259278205256
2019-01-20,South Africa,1.0331676088286244,3.3286476061148993,2.954550879306854,0.5250863394588117
2019-01-27,South Africa,1.0633746831481439,3.3619744195108514,2.998142383468152,0.5577711244128795
2019-02-03,South Africa,1.102070298905205,3.382614976959422,3.0161848073403386,0.6564404383825374
2019-02-10,South Africa,1.0753050585777983,3.344957484905579,3.005247064604475,0.66796492054647
2019-02-17,South Africa,1.0589178453569734,3.3102026968500735,2.98635962802945,0.7660577571451683
2019-02-24,South Africa,1.0743461703680466,3.3159543501159714,2.9902300648766382,0.7543797023191324
2019-03-03,South Africa,1.0882743274143765,3.32328999608068,2.9980989937079214,0.732736975912781
2019-03-10,South Africa,1.0641305629614868,3.3090383082306656,2.990780730367401,0.740974032252716
2019-03-17,South Africa,1.1000175154427716,3.318187553803065,2.9998710889332822,0.9066247478551746
2019-03-24,South Africa,1.0301786885207485,3.337781399033363,3.0499819456168504,0.8308438035471594
2019-03-31,South Africa,1.0310831890146248,3.3420724764811056,3.045867565490474,0.8823611765962599
2019-04-07,South Africa,1.084638278673925,3.3379876510820656,3.055063273442193,1.0775999004632733
2019-04-14,South Africa,1.0812132838635655,3.3438662479800354,3.0623756414748655,1.0006937980089483
2019-04-21,South Africa,1.088502171344044,3.337591630296571,3.063243486166153,0.9917394755889672
2019-04-28,South Africa,1.067478146145939,3.3152346710048173,3.053630681435929,0.7059768643671582
2019-05-05,South Africa,1.0604527926921057,3.3218492169362115,3.089449373710227,0.7464436099097675
2019-05-12,South Africa,1.0727188723998926,3.33902108697615,3.112215646544416,0.639089962762958
2019-05-19,South Africa,1.044258933780578,3.383123037854455,3.1805793158543296,0.7623224778950789
2019-05-26,South Africa,1.0388454590513265,3.410214811901974,3.160646714582682,0.6050961820942404
2019-06-02,South Africa,1.0247740053996632,3.4158637216735173,3.181280887901884,0.145602742208323
2019-06-09,South Africa,1.017833991735581,3.4355999889091833,3.0689397217699383,0.3784976266218745
2019-06-16,South Africa,1.0202692613859365,3.4828863791955045,3.117393378751407,0.2516168374212511
2019-06-23,South Africa,1.1133628481244673,3.4586900663503135,3.109844832194164,0.3106539974297703
2019-06-30,South Africa,1.1290502407102085,3.488212987745166,3.104169943488801,0.4152758534834423
2019-07-07,South Africa,1.1397921052970803,3.487399437969835,3.011707248009438,0.5909177408792217
2019-07-14,South Africa,1.1523274514174906,3.5004243148580096,3.0174370112266096,0.7893907310710563
2019-07-21,South Africa,1.158247851027133,3.513527772293896,3.024433353372739,0.6051466511304169
2019-07-28,South Africa,1.1192105492716915,3.4553179369117224,2.9944367245393426,0.6797574495447927
2019-08-04,South Africa,1.0668453849297421,3.4034741174484195,2.9792024405299697,0.5227486592061058
2019-08-11,South Africa,1.0614882961737906,3.484893879516746,3.0093082387983396,0.5077568654750338
2019-08-18,South Africa,1.0560443089593226,3.563000275182168,3.061195812949209,0.5115722022662358
2019-08-25,South Africa,1.05794836641064,3.5990514694991145,3.119923713820613,0.5067992649879208
2019-09-01,South Africa,1.0890883764468597,3.662291363795222,3.151529605584304,0.6298659851366468
2019-09-08,South Africa,1.141854640020671,3.751776176593656,3.221522602432423,0.640924390820953
2019-09-15,South Africa,1.1435720656823145,3.772179178097866,3.2540348423284,0.5593905411156307
2019-09-22,South Africa,1.0850918150521918,3.7997778865230254,3.312320891792315,0.4080701416394278
2019-09-29,South Africa,1.055607988417831,3.7842670766447104,3.2625522400412597,0.4006786280828918
2019-10-06,South Africa,1.0428176974152914,3.9232266969124936,3.2938633771719954,0.3859764461134452
2019-10-13,South Africa,1.0581671721949293,3.9428882393385978,3.301707304697061,0.3859621313418024
2019-10-20,South Africa,1.0864216194205971,3.9489062939587134,3.310025178837771,0.5057935003720414
2019-10-27,South Africa,1.138919916033148,3.969220736415725,3.3766378266057657,0.5848005732605569
2019-11-03,South Africa,1.0658024919600444,3.9346141994078287,3.305229681075541,0.6159781520965533
2019-11-10,South Africa,1.0942867070052262,3.9441637959605327,3.32294632127032,0.7496133285245257
2019-11-17,South Africa,1.0924844223353187,3.980330572980692,3.37708710434023,0.7202605986637987
2019-11-24,South Africa,1.0719224660588567,3.984156871031456,3.3826043268723547,0.7205294075152181
2019-12-01,South Africa,1.0664975931819918,3.988270957745772,3.3936974493086463,0.546484857668905
2019-12-08,South Africa,1.0654867491286857,4.00655814958588,3.3962755232938293,0.8825591414826895
2019-12-15,South Africa,1.1054599203193214,4.04023406784034,3.4905811428703997,1.0564513067061023
2019-12-22,South Africa,1.1350946813847673,4.062141123648805,3.5351124523205586,1.1512891981270317
2019-12-29,South Africa,1.1385713336391627,4.082191048650141,3.546799408090535,1.1922827723975546
2020-01-05,South Africa,1.1438177449927593,4.267549438966958,3.8647297758399177,0.7529737330159267
2020-01-12,South Africa,1.139164023367203,4.2630313349224,3.8760280572486048,0.8187766580471268
2020-01-19,South Africa,1.118871259304953,4.247017639754977,3.840408701325808,0.8932908328543013
2020-01-26,South Africa,1.0920590665157905,4.2642727535282035,3.8349675678545103,0.6363292939018802
2020-02-02,South Africa,1.0637840238333012,4.142003573971013,3.6156078369104594,0.3860290166246092
2020-02-09,South Africa,1.0934669439742193,4.164151223820832,3.3461096512665787,0.4555738423940514
2020-02-16,South Africa,1.1245581183950693,4.25919006664316,3.3831840442858896,0.523273314003832
2020-02-23,South Africa,1.1164329960576436,4.252169882559006,3.392408895890127,0.5219407505324579
2020-03-01,South Africa,0.9839533807762442,4.21028958320467,3.2610897029820447,0.0503510214568998
2020-03-08,South Africa,0.886309904881398,4.1818966985215145,3.2231041790152717,-0.0150341295918729
2020-03-15,South Africa,0.7566664023403717,4.040454719662629,2.1485783291507112,-0.0998667453452416
2020-03-22,South Africa,0.6013165205753289,3.679686890324847,1.8960913678036737,-0.1498605406367082
2020-03-29,South Africa,0.5784934229947492,3.6805956049766593,1.577845927204443,-0.1491425531988417
2020-04-05,South Africa,0.42173390032810965,3.2754562815474326,1.3003809252491112,-0.2706611496782027
2020-04-12,South Africa,0.6357454992720313,3.222376585010007,1.2812228121804738,-0.2289402193591674
2020-04-19,South Africa,0.5862965178150914,3.1295163593406428,1.1227673020629685,-0.2661787961882816
2020-04-26,South Africa,0.545943393993855,3.1278256753992024,0.9147676572824496,-0.2685691449711095
2020-05-03,South Africa,0.5246854871416279,3.133656020578183,0.789765651672156,-0.257150218394229
2020-05-10,South Africa,0.5652429748300124,3.142722112562198,0.7952122723594591,-0.2410624604575713
2020-05-17,South Africa,0.5746861153338282,3.138948003965214,0.7949119318089756,-0.244251262172275
2020-05-24,South Africa,0.657244356568673,3.0980928508463417,0.8031266494175221,-0.2130164271818839
2020-05-31,South Africa,0.6766723298380358,3.102844065988475,0.7826178833298375,-0.172845308824884
2020-06-07,South Africa,0.8752024368092486,3.099735535158325,0.7719336806966811,-0.0864991951776629
2020-06-14,South Africa,0.7889359558209658,3.0841733280798564,0.7573453514426902,-0.1418462013896305
2020-06-21,South Africa,0.8247003152219384,3.1018202377836595,0.7710985063060586,-0.0397148918204258
2020-06-28,South Africa,0.7588808972665557,3.115799143611761,0.7738478492217322,-0.0976288075921145
2020-07-05,South Africa,0.7952485523608782,3.1266148323664833,0.7849878031945325,-0.0628119024876672
2020-07-12,South Africa,0.7395394384337205,3.1396102706181424,0.7899007711405016,0.1828374627971506
2020-07-19,South Africa,0.7200660069006097,3.144437914983727,0.7920455982010508,0.4539592305669956
2020-07-26,South Africa,0.7871923938252001,3.176530100305994,0.7870786835494342,0.3877377286530236
2020-08-02,South Africa,0.7537922162384568,3.1605744962480387,0.7749164562182966,0.3047867907985271
2020-08-09,South Africa,0.749365078451639,3.116191241596981,0.7670751865752913,0.4944505938314218
2020-08-16,South Africa,0.7763602021674917,3.1244167923322035,0.7714864827435227,0.5947205541853464
2020-08-23,South Africa,0.7815375017429799,3.132627411420664,0.7737100883859039,0.6643440854555481
2020-08-30,South Africa,0.7980715240930797,3.1324179875545224,0.7861562779798261,0.768745220913989
2020-09-06,South Africa,0.8054779029845857,3.14980515470175,0.7769044459836986,0.3259405249547852
2020-09-13,South Africa,0.8022668874446065,3.1402426035166,0.7677571462448853,0.1618467711404656
2020-09-20,South Africa,0.8245836263313137,3.1663908129458624,0.780614935897229,0.4989042150361722
2020-09-27,South Africa,0.7196523240826664,3.0503468118708,0.7540255199136752,0.3774804123868861
2020-10-04,South Africa,0.7412331563270332,3.0594858591402656,0.7612411972628336,0.0045607277280198
2020-10-11,South Africa,0.8236509270271252,3.0647078504958047,0.7710210113982923,0.3134857283679105
2020-10-18,South Africa,0.8224862049437995,3.0597436590194818,0.7722882614637967,0.2611722739618161
2020-10-25,South Africa,0.8486567751820875,3.0692143139188675,0.779868391103641,0.2200022016672382
2020-11-01,South Africa,0.8219509701182242,3.0788826252896953,0.7587364562334658,-0.1386858758135051
2020-11-08,South Africa,0.8903405711388468,3.0692156083620934,0.7761647977172796,0.0769572050935566
2020-11-15,South Africa,0.955739800123911,3.0771174680174087,0.7880087014041154,0.2416280673807097
2020-11-22,South Africa,0.9411134486793079,3.08227288789179,0.7980401008062232,0.3624294978253328
2020-11-29,South Africa,0.9476742931409525,3.0905081358521183,0.8093483050251512,0.3081581777197722
2020-12-06,South Africa,1.0222051522501379,3.0929558685133616,0.817389360026181,0.5472261386233728
2020-12-13,South Africa,1.0163232495339314,3.0990021323266155,0.8213384245263566,0.5124668036533656
2020-12-20,South Africa,1.0236079951550152,3.10511393041368,0.8364359561425152,0.6393427991482223
2020-12-27,South Africa,0.989222349840876,3.10375443048867,0.8337130194584503,0.6358427968718339
2021-01-03,South Africa,1.0149336150025063,3.6839986911784584,0.9287594421769848,0.5967657129025811
2021-01-10,South Africa,0.9736606407306283,3.5565407384917105,0.9235254593467312,0.5723207166623857
2021-01-17,South Africa,0.9409252496455176,3.564570261593577,0.9155559158850312,0.4462785777617594
2021-01-24,South Africa,0.9540436145496024,3.5715959439944185,0.9236806631405244,0.5992669449433656
2021-01-31,South Africa,0.9459681461863991,3.6314508839914024,0.9416385778709128,0.4561660992975218
2021-02-07,South Africa,1.0221753323483707,3.64597776214415,0.9712830088423048,0.6473421147368152
2021-02-14,South Africa,1.009048103494636,3.657440141627169,0.9859500994194644,0.698198389926728
2021-02-21,South Africa,0.9792555539524253,3.6461017792902264,0.9820343162392706,0.5563348378468946
2021-02-28,South Africa,0.9315712612941393,3.588760680603621,0.987216529985634,0.3698139458649726
2021-03-07,South Africa,0.9391529758949169,3.621529212986248,0.9799510818427328,0.5683896710765175
2021-03-14,South Africa,0.9819972481347737,3.689523576012147,1.1758754676585133,0.5623328333229367
2021-03-21,South Africa,0.9932908947961551,3.956968213414614,1.2530703631091686,0.3504674375726043
2021-03-28,South Africa,0.9221673868508785,3.914610440462338,1.3985983239492064,0.3194110153410097
2021-04-04,South Africa,0.9323953665249846,4.470965684702109,1.6913484887982229,0.4574883540325879
2021-04-11,South Africa,0.9494927846236314,4.645249466590507,1.7063497136376051,0.4935902128665733
2021-04-18,South Africa,1.0113381199999099,4.84671299060986,1.9122524437059747,0.7652904865036888
2021-04-25,South Africa,0.9970343371798499,4.88395336023832,2.3136462560324222,0.5319209196418205
2021-05-02,South Africa,0.9844644810348483,4.824944500410879,2.9537596467966143,0.528634055856999
2021-05-09,South Africa,1.0084620109362354,4.85325142442974,3.051605530929716,0.5733192382288448
2021-05-16,South Africa,1.0241160382593706,4.866271952727082,3.2269416951586316,0.6130725214831105
2021-05-23,South Africa,1.0433386803574818,5.081946092485576,3.350296872561056,0.5166182477089005
2021-05-30,South Africa,1.0490623081795156,5.0986174163552835,3.455081778892146,0.7596185857495302
2021-06-06,South Africa,1.0720816796599655,5.218556661362051,4.323210763200219,0.9007330468121664
2021-06-13,South Africa,1.0890883764468597,5.162669780224602,4.361127023835759,0.8433043198386683
2021-06-20,South Africa,1.0628082708599487,4.806700075630011,4.187780522497697,0.7238485547972942
2021-06-27,South Africa,1.094221092614116,4.8194893201022655,4.213454725204104,0.8601910434029906
2021-07-04,South Africa,1.067573106296836,4.805889061106549,4.195897512662438,0.7756121355913774
2021-07-11,South Africa,1.0641620744311715,4.821268109275318,4.207580940308118,0.610600107032724
2021-07-18,South Africa,1.0511656431599774,4.741751526556453,4.053404508824307,0.5850206433003913
2021-07-25,South Africa,1.017774691076399,4.629819138206354,4.0415280976428045,0.6802778907534875
2021-08-01,South Africa,1.0222051522501379,4.700444874018803,4.115457777452803,0.7523587356232831
2021-08-08,South Africa,1.02567214360642,4.827672519412698,4.046695725869539,0.5138202871701479
2021-08-15,South Africa,1.0250732679829675,4.80778295886508,4.020815057556087,0.6328325755560397
2021-08-22,South Africa,1.015495080486834,4.6167900754545865,3.876035515161955,0.4224854601319047
2021-08-29,South Africa,1.0548605958265007,4.649092689089609,3.8564695854509576,0.6736618533611127
2021-09-05,South Africa,1.084994605442141,4.645556099214154,3.906129088107917,0.6428090582366602
2021-09-12,South Africa,1.0937619543205281,4.668544054213226,3.9641737763759513,0.7910028788709409
2021-09-19,South Africa,1.0802467933448947,4.549850817145179,4.039901020479885,0.8073278148811126
2021-09-26,South Africa,1.023010727487088,4.691027538129544,3.984159497156591,0.7114584360791556
2021-10-03,South Africa,0.9969188854392519,4.741793113208628,3.996511438333424,0.5515429178538949
2021-10-10,South Africa,0.9944408073677831,4.727068488339861,4.030811365874767,0.5231526547556598
2021-10-17,South Africa,1.0048089555960147,4.7353798621983465,4.045411595587697,0.7015973642249377
2021-10-24,South Africa,1.0001870149664427,4.71111347547316,4.05255181022523,0.5727243778972005
2021-10-31,South Africa,1.0016665267106661,4.605442943950115,4.087315429153846,0.5069305094448379
2021-11-07,South Africa,1.0469955955416468,4.758157402889566,4.277546891578975,0.5465015011030893
2021-11-14,South Africa,1.045364710793116,4.684886992032631,4.286099321096425,0.5908381921679748
2021-11-21,South Africa,1.0116027899877207,4.59702471284924,4.174492402002749,0.5268751740388012
2021-11-28,South Africa,0.8978754926235226,4.439410287407731,4.019012723874699,-0.1395953320379583
2021-12-05,South Africa,0.9439147830183542,4.442844440752392,4.015265255198693,-0.0779523533346145
2021-12-12,South Africa,0.9725688013922971,4.450333014989871,4.026840014446103,0.2648609753239279
2021-12-19,South Africa,0.9858859581869608,4.582054243226512,4.115119277917743,0.2139878910643171
2021-12-26,South Africa,1.0059760590070466,4.581495889752927,4.0937521424055,0.3592651829927092
2022-01-02,South Africa,1.022742108519856,5.181583512688121,4.676447215041332,0.3590045797715561
2022-01-09,South Africa,1.040309719423359,4.404554284022034,3.9880269540568545,0.6195010207212676
2022-01-16,South Africa,1.0064726110447357,4.413096294377867,4.013439707471426,0.4769456053609423
2022-01-23,South Africa,1.0139889121196473,4.422883154878772,4.040748822491965,0.4458505861460715
2022-01-30,South Africa,0.9869680114299533,4.261934366401936,4.0032556302284465,0.2573197654969656
2022-02-06,South Africa,0.986142098650363,4.278903426490559,4.0318993563169006,0.3165994564631601
2022-02-13,South Africa,0.9973807952672296,4.315690775554185,4.102379577051905,0.2254358321245045
2022-02-20,South Africa,0.9953331589139162,4.32601895361574,4.113896486437461,0.1255171557218124
2022-02-27,South Africa,0.9743332957628755,4.371982150822844,4.116561626199425,0.1746475850540257
2022-03-06,South Africa,0.9267763500665641,4.370957947345568,4.130874364878066,-0.1146168055969328
2022-03-13,South Africa,0.9797635980923576,4.423581886717545,4.159101888781616,-0.0648895664828733
2022-03-20,South Africa,1.0417462077911943,4.445764332855016,4.084032428409353,-0.0701832268000617
2022-03-27,South Africa,0.99565004581811,4.475086997925643,3.999172572469466,-0.0606312586643957
2022-04-03,South Africa,1.0056549302204225,4.47210727452778,3.240578292099789,0.1016754299648544
2022-04-10,South Africa,0.9893080860026077,4.465184195826734,3.180304590812324,0.122217619061148
2022-04-17,South Africa,0.9746698391371253,4.496729387426655,3.196335820665991,0.1242070107203988
2022-04-24,South Africa,0.951152046509762,4.020246266506498,2.9629216051023137,0.1051564378408023
2022-05-01,South Africa,0.8824740001960617,4.006662777361988,2.9732356857403266,0.0534693683936259
2022-05-08,South Africa,0.849257330258934,4.04823605625731,2.9751436701452874,0.0299044654308434
2022-05-15,South Africa,0.8573226954985008,4.0382333537762,2.9641878402458004,0.0962792781573854
2022-05-22,South Africa,0.8299445686598158,4.046788062205216,2.96096299908941,0.1237550469581061
2022-05-29,South Africa,0.9261427014740846,4.057649149109459,2.9926560028714535,0.2078341820416373
2022-06-05,South Africa,0.9213536817453747,4.0973616733493525,2.980718903887691,0.2478581491726628
2022-06-12,South Africa,0.8427942639434859,3.992546263532735,2.884283340331214,0.3098812665811119
2022-06-19,South Africa,0.7912219255694377,4.073106358365537,2.855851820431428,0.1188656802359354
2022-06-26,South Africa,0.824536955279984,4.095177354629713,2.8547777247519575,0.1859096449850636
2022-07-03,South Africa,0.7475489374465949,3.998887845387079,2.7959003759668724,0.1037687327213232
2022-07-10,South Africa,0.7183300349292684,3.9032897561704183,2.7290545273184166,0.0159112264936131
2022-07-17,South Africa,0.6373309569616009,3.8817869033300094,2.7057780690748885,0.0073462938228233
2022-07-24,South Africa,0.7095563125165211,3.901194635765071,2.714281182629079,0.1113433618142557
2022-07-31,South Africa,0.7773090053785845,3.9290863092785617,2.7325986976860457,0.1639383319074799
2022-08-07,South Africa,0.8345601700434725,3.911276313772646,2.5297021756578957,0.1934420977165487
2022-08-14,South Africa,0.9269876771472005,3.878467644505746,2.5359417388786456,0.3541268110863829
2022-08-21,South Africa,0.8051587442106276,3.7929464717711,2.472516484845116,0.1464626016473204
2022-08-28,South Africa,0.8432233646661013,3.8812647340428,2.527044841636142,0.2281974785013786
2022-09-04,South Africa,0.8388453577601979,3.871794789759492,2.4471373272589108,0.0552380891275916
2022-09-11,South Africa,0.921143826445498,3.870046210055698,2.4451074099883163,0.1579940481509607
2022-09-18,South Africa,0.8277635488465611,3.8399861354896334,2.4297578853912185,0.1670390255901938
2022-09-25,South Africa,0.7529650805362956,3.802414401171484,2.432423492398711,0.0674778693228865
2022-10-02,South Africa,0.67927865613467,3.794058728821601,2.4550589927987283,-0.0360638954804133
2022-10-09,South Africa,0.7078198107453194,3.7867561288786593,2.4391116359713068,-0.0041460956697488
2022-10-16,South Africa,0.6714629503419244,3.783747214019325,2.4171195506517407,0.0450240722138249
2022-10-23,South Africa,0.6692116176272099,3.7859955051122514,2.4220745609914553,0.1266010438506186
2022-10-30,South Africa,0.778635186260343,3.807765288831648,2.4318997851942927,0.1137007446725931
2022-11-06,South Africa,0.7853625220742155,3.8267482933236057,2.426932426491769,0.1466059269995423
2022-11-13,South Africa,0.9067937072100138,3.756431361679355,2.424687387583966,0.339164320568341
2022-11-20,South Africa,0.8628978402747434,3.770769545353904,2.3576013365521815,0.221884560771242
2022-11-27,South Africa,0.9156024311321229,3.8321819101152377,2.3689299689643164,0.1233066902340893
2022-12-04,South Africa,0.851326781928966,3.810180747082382,2.332714755648916,0.2106330525644116
2022-12-11,South Africa,0.8635823346530785,3.816026353908821,2.318830272188849,0.1878561889160029
2022-12-18,South Africa,0.8387264579240044,3.803934675939666,2.3246808822052234,0.3072993016330878
2022-12-25,South Africa,0.8756240277094229,3.797745877246509,2.3456023894460505,0.3721577564394319
2023-01-01,South Africa,0.8837756991285665,3.837683463733755,2.356140563120865,0.3689214254724514
2023-01-08,South Africa,0.8945688331342325,4.309136400532279,2.599420785167243,0.4752892411891927
2023-01-15,South Africa,0.910435135837989,4.303776807428583,2.6052407583907726,0.6646505207655302
2023-01-22,South Africa,0.8667420799434128,4.291242931363518,2.604030449790576,0.6595733449215487
2023-01-29,South Africa,0.8863852980166737,4.377352921375876,2.6104722382281462,0.6237410686357894
2023-02-05,South Africa,0.9095555656441269,4.329528818155566,2.5649805876510205,0.5697932582371176
2023-02-12,South Africa,0.8718621270147826,4.260108008865972,2.559048710227257,0.6757734077044452
2023-02-19,South Africa,0.8667906722826456,4.256563977703311,2.5353689556763706,0.6567649162705398
2023-02-26,South Africa,0.8515674798553239,4.213283956850425,2.541970161635686,0.5880296027519037
2023-03-05,South Africa,0.904734880449848,4.191002194326222,2.567622691928378,0.7769268950181905
2023-03-12,South Africa,0.8624824335611818,4.207230925772376,2.5710511402225795,0.7092881998517029
2023-03-19,South Africa,0.80258496818568,4.180487149594637,2.563246069603501,0.2672179784068977
2023-03-26,South Africa,0.7713893145398523,4.188548379227896,2.6684820532731797,0.3578814880035164
2023-04-02,South Africa,0.8363803828043704,4.196153510404824,3.016782562627795,0.6149198511917251
2023-04-09,South Africa,0.8000873865600882,4.150336778189283,3.0379694174605447,0.5874708215650181
2023-04-16,South Africa,0.8321785669542893,4.152319177462236,3.1114777169311036,0.9046000676467268
2023-04-23,South Africa,0.8057748117246895,4.556988059866654,3.2508351110921767,0.7834541297585101
2023-04-30,South Africa,0.8231843799969791,4.545619562299842,3.230209876160873,0.7520216527315902
2023-05-07,South Africa,0.8070078244863554,4.547949140548918,3.230752675065277,0.7173623282569866
2023-05-14,South Africa,0.7967105954081901,4.31921480780218,3.1133858946339483,0.666085363097253
2023-05-21,South Africa,0.7267950240388074,4.324190522633839,3.1685067608877446,0.7073257766549459
2023-05-28,South Africa,0.7395819479696676,4.319716570845112,3.200314990538037,0.6811027618290398
2023-06-04,South Africa,0.7881531747038337,4.317901101880167,3.2032444285102906,0.5106636850534487
2023-06-11,South Africa,0.844082941922637,4.293127269302865,3.2288191427794053,0.7852481009272815
2023-06-18,South Africa,0.8661042628299526,4.30248234023613,3.260957926517964,0.8465752237573377
2023-06-25,South Africa,0.824956853972547,4.245095953368575,3.2815130266509085,0.7142214276205779
2023-07-02,South Africa,0.8502677161642653,4.289279274843364,3.2769900636543308,0.7867941371175187
2023-07-09,South Africa,0.8382045418877799,4.375676619961789,3.312878592361342,0.7811904204286566
2023-07-16,South Africa,0.8888015424152562,4.293791763593792,3.117276007163345,1.045413066666032
2023-07-23,South Africa,0.8972130891656153,4.327386176093354,3.136244698995252,1.074093211600014
2023-07-30,South Africa,0.9450759050562405,4.338625734446601,3.1475340477950695,1.1097392797246834
2023-08-06,South Africa,0.9156805828112654,4.151329514583093,3.2924010423727497,1.1065992741710662
2023-08-13,South Africa,0.9012723765758522,4.169770661697922,3.2934991236978624,1.0741586224534565
2023-08-20,South Africa,0.8531355206415415,4.296058616948416,3.363854366331745,1.0486066309140718
2023-08-27,South Africa,0.8918824957777287,4.296371388757932,3.455539482604999,1.0499189122144483
2023-09-03,South Africa,0.9071545384718428,4.3500785304258285,3.575951945091366,1.164496563933051
2023-09-10,South Africa,0.9020405508658904,4.312834163214086,3.564706586154542,1.1582262658173428
2023-09-17,South Africa,0.8981813986438337,4.387243322794353,3.574399482721181,1.165724792873223
2023-09-24,South Africa,0.8563044631846389,4.440055189092487,3.610185628971219,1.002849697053923
2023-10-01,South Africa,0.8181440450295467,4.4295611917117235,3.6537072381266182,0.9141310802269637
2023-10-08,South Africa,0.8060257013223692,4.375924190357499,3.3953824238177073,0.7218792977038796
2023-10-15,South Africa,0.8137092400444299,4.4261161618535825,3.438157125471176,0.4340168514547406
2023-10-22,South Africa,0.7923671922432921,4.432496286951225,3.4552054288291627,0.4479766359981838
2023-10-29,South Africa,0.8104894163978956,4.438604593350815,3.4440574454180197,0.3703654772452749
2023-11-05,South Africa,0.833686684161432,4.39833613053163,3.4517235507889925,0.6337286960774545
2023-11-12,South Africa,0.85950910194752,4.4500042248476745,3.3877319393842025,0.5758173320308149
2023-11-19,South Africa,0.9107458001315247,4.432423498499939,3.5132349040840154,0.5602532039912872
2023-11-26,South Africa,0.9117822078660783,4.354814070042179,3.4658508696575656,0.436906500753336
2023-12-03,South Africa,0.9313056012118784,4.375865704322592,3.5031093838323617,0.7613808315220223
2023-12-10,South Africa,0.9355400482362496,4.3232921022826565,3.4194455537771384,0.7171688626723288
2023-12-17,South Africa,0.987481086233331,4.262431564189845,3.4076158390848197,0.8085787585037508
2023-12-24,South Africa,1.0117498680741466,4.331739584054074,3.472071779728913,0.8877560371396529
2023-12-31,South Africa,1.0103390732269544,4.337734359833724,3.4798076817010095,0.773136443143851
2024-01-07,South Africa,0.9600237338008205,4.683904830563013,3.5001688407963956,0.6784484833001061
2024-01-14,South Africa,0.9649679959488963,4.726149978709348,3.573914911694292,0.5192005220567897
2024-01-21,South Africa,0.9597759533681111,4.63134723377901,3.5402337108669237,0.6706216215841128
2024-01-28,South Africa,0.9597759533681111,4.631453306494959,3.5447169827583203,0.7280316814632385
2024-02-04,South Africa,0.9411672279712467,4.640180619356854,3.593475530776,0.6605011174634103
2024-02-11,South Africa,0.9280186920839322,4.700487762759736,3.597673681951143,0.7500340189188979
2024-02-18,South Africa,0.925114084755107,4.722969239542952,3.640384381222797,0.8250083415136731
2024-02-25,South Africa,0.9493025985919663,4.685431723642884,3.6415474829168866,0.7774272180937984
2024-03-03,South Africa,0.939716455310028,4.72181498654178,3.676826477646303,0.87656620022118
2024-03-10,South Africa,0.9491939412546322,4.710533170426871,3.6841181394810385,0.9721732718906174
2024-03-17,South Africa,0.9566440888116667,4.741524345491538,3.690516289429192,0.9574925467148528
2024-03-24,South Africa,0.8846530045172103,4.735825925997296,3.7139069661258017,1.0887724978942732
2024-03-31,South Africa,0.8745085207686158,4.7423132860198205,3.7219723553404784,1.0946291626651317
2024-04-07,South Africa,0.8929458390196313,4.79425599003795,3.718469813269848,0.8371534551001472
2024-04-14,South Africa,0.8747810610973298,4.756809469001235,3.6927448685323423,0.8295324612305894
2024-04-21,South Africa,0.8812243061202429,4.714550311358852,3.614973113904633,0.8273368414657575
2024-04-28,South Africa,0.90571217333836,4.728909889825153,3.6447919021087647,1.0399123271177049
2024-05-05,South Africa,0.9373578558718519,4.719146158452358,3.6359151321949943,1.0486485328505584
2024-05-12,South Africa,0.9600237338008205,4.982361891492647,3.781253333826983,1.0594685880700945
2024-05-19,South Africa,0.9736606407306283,5.028389142189787,3.803374044893455,1.0725877420617902
2024-05-26,South Africa,0.9577415801582043,5.019153054382146,3.774989737139391,1.074156760701165
2024-06-02,South Africa,0.9187344023616633,4.946149780992142,3.724292303681854,0.9115091745173864
2024-06-09,South Africa,0.9299255832002074,5.121635634373545,3.7829820056408145,1.0422299964858155
2024-06-16,South Africa,0.9659106340818088,5.122295103052284,3.7629955690111583,1.1768459501423287
2024-06-23,South Africa,0.9989707065743457,5.222633665087567,3.8160577983649473,1.2024219955328923
2024-06-30,South Africa,0.9902804211988008,5.214705203254429,3.8298185437966215,1.0877891110327136
2024-07-07,South Africa,1.0194962678379569,5.200223611327386,3.8432331273584306,1.5368892294029826
2024-07-14,South Africa,1.0425726524092969,5.41909431751587,4.314892189493431,1.5460822376916286
2024-07-21,South Africa,1.024235626697433,5.343928084710914,4.286524956277882,1.3507087017869452
2024-07-28,South Africa,1.0307212604883509,5.3797255239404596,4.218170191732536,1.1877477005968289
2024-08-04,South Africa,1.0004189088694433,5.658678756391035,4.383485777219575,0.8346687258208144
2024-08-11,South Africa,1.012839117591136,5.744703783547896,4.415825027671388,1.0687811473004671
2024-08-18,South Africa,1.0483830650326795,5.718590568026173,4.426176204825322,1.2246829834585025
2024-08-25,South Africa,1.0671300615529398,5.743002415205577,4.447760734598653,1.2678684232311417
2024-09-01,South Africa,1.0663079563857052,5.721702783665054,4.468050256053705,1.1104283263613512
2024-09-08,South Africa,1.0669402651580422,5.789791439452767,4.396538636584414,1.0051795654542433
2024-09-15,South Africa,1.0668137608481878,5.800812289691688,4.435554723502161,1.1287418888761516
2024-09-22,South Africa,1.0515684170117647,5.7937596218681495,4.456652378251597,1.3159706327872829
2024-09-29,South Africa,1.0892187070273038,5.826914131574121,4.457760758381974,0.9769938689691094
2024-10-06,South Africa,1.0874936775765833,5.567391340508325,4.903273269076564,0.6600663300653971
2024-10-13,South Africa,1.0888929233983349,5.599696943293093,4.941999607608821,0.4879654099312936
2024-10-20,South Africa,1.0888277837966702,5.5422287918445665,4.744754168572853,0.626207403682798
2024-10-27,South Africa,1.0665292039656507,5.515583990094371,4.764816379827243,0.5679742250095021
2024-11-03,South Africa,1.0512895507642233,5.634498442743112,4.773061795063281,0.717735187076207
2024-11-10,South Africa,1.0884370659563993,5.800120609719826,5.019611642002831,0.9269744321118928
2024-11-17,South Africa,1.0562313806243415,5.594458000419727,4.964502853643769,1.0516915446196515
2024-11-24,South Africa,1.0712859494803606,5.722171885031424,5.063979789978792,1.0215664615969768
2024-12-01,South Africa,1.077900210439406,5.792975021172752,5.134677956479811,1.0681124858346338
2024-12-08,South Africa,1.1030324326645116,5.898764880962374,5.355345853523171,1.3049182631743526
2024-12-15,South Africa,1.0848002242630104,6.166903810078162,5.491568327500732,1.107972724872382
2024-12-22,South Africa,1.0610174364328286,5.967859789106716,5.500911171210562,1.3758595326494272
2024-12-29,South Africa,1.0515684170117647,5.886072685396436,5.473414869853876,1.297505233475566
2015-01-04,South Korea,1.6930745572881185,13.996414034556224,9.369390623841989,2.230188491610705
2015-01-11,South Korea,1.6628829752861143,13.720541480922588,8.473096327076625,2.4905030450425087
2015-01-18,South Korea,1.612123640034639,13.69940160317143,8.388619904429904,2.1807094298623175
2015-01-25,South Korea,1.652830546575471,14.046974448187498,8.427758310221959,2.135514299459402
2015-02-01,South Korea,1.6303172399359065,13.378386247003451,7.065216611095495,2.0629145473733703
2015-02-08,South Korea,1.635806327584419,13.42072286463358,5.872923457630332,2.0857771613659644
2015-02-15,South Korea,1.6360330349690178,13.522659328452129,5.809173186941978,2.2875545871047773
2015-02-22,South Korea,1.6452525584512987,13.435243416089133,5.813643390342321,2.3410705158289
2015-03-01,South Korea,1.7120396343642068,13.43655421427541,5.775956596393868,2.2690553772204685
2015-03-08,South Korea,1.7197937014626765,13.425152678507525,5.773607726004584,2.730376709046081
2015-03-15,South Korea,1.7038809688361618,12.896570626605596,5.595145016803119,2.3660258843300817
2015-03-22,South Korea,1.694917044739332,12.707724683333344,5.594715249016408,2.608029203037802
2015-03-29,South Korea,1.6950010229305312,12.763299122603463,5.471036329933081,2.5050246133958463
2015-04-05,South Korea,1.718304144508763,12.629553020309183,5.40062956420736,2.533607163620628
2015-04-12,South Korea,1.7451111236214156,12.771692570434045,5.445984794764039,3.232110019049401
2015-04-19,South Korea,1.7452031124759366,12.760137672104111,5.273139551787112,3.352768386005588
2015-04-26,South Korea,1.7453868609967853,12.776214545414174,5.270682091756447,3.556531326821305
2015-05-03,South Korea,1.7497250828752162,12.70839881209401,5.281377001852928,3.3876920683728375
2015-05-10,South Korea,1.7566265500532,12.68529467643419,5.2717042464980235,3.382318497026164
2015-05-17,South Korea,1.7731126946270486,12.690980544031463,5.281892539313087,3.3861783770305265
2015-05-24,South Korea,1.773403077009719,12.53740478222498,5.277525012524373,3.3679508326727903
2015-05-31,South Korea,1.7687757520926701,12.296011439501012,5.194327357621061,3.340301821295723
2015-06-07,South Korea,1.7477825447942306,12.391521167062802,5.132151268880514,3.456277635977056
2015-06-14,South Korea,1.7569081960619801,12.338245165047356,5.090950602590124,3.4610995000932983
2015-06-21,South Korea,1.7543785413997763,12.31171107578776,5.064486442324709,3.466453005023716
2015-06-28,South Korea,1.7519538597731592,12.012046263311188,5.040930509452782,3.4303017796436164
2015-07-05,South Korea,1.7316782686981704,11.832505385016807,5.014111723039888,2.955047615820979
2015-07-12,South Korea,1.7055031049432814,11.811714316058843,5.04682137206602,2.946007027893022
2015-07-19,South Korea,1.7339243076298714,11.636756031939596,5.039813686918861,2.928842399337292
2015-07-26,South Korea,1.716382436057828,11.392797973650982,4.9448942671856155,2.904371383320855
2015-08-02,South Korea,1.7036252749760878,11.393211574866433,4.938386033944455,3.011686701692581
2015-08-09,South Korea,1.6952527816422331,11.3006256693433,4.9104295403271205,2.7658919117400473
2015-08-16,South Korea,1.6589349994482239,11.31747576640652,4.891576991588734,2.7592288596581565
2015-08-23,South Korea,1.5509750100359454,11.235663975128796,4.845102378420153,2.747748269380449
2015-08-30,South Korea,1.624806007666205,11.186431271444896,4.855243168937666,2.4929593239357257
2015-09-06,South Korea,1.5893020364381343,11.166089031795012,4.871662216726743,2.6570902793243363
2015-09-13,South Korea,1.5876310233643836,11.13858734073403,4.883168196834517,2.660201327741077
2015-09-20,South Korea,1.6434120845190439,11.132741877531828,4.845923337036939,2.7836349712640094
2015-09-27,South Korea,1.5494089080681193,10.943439784927454,4.771160475035824,2.7627440293811
2015-10-04,South Korea,1.48670884907891,11.046775214613088,4.808444293810187,2.8149921085401184
2015-10-11,South Korea,1.5960339726553974,10.971096633020824,4.6550582754660494,2.823019221243234
2015-10-18,South Korea,1.6172948132348552,10.92769071844558,4.641763582472827,2.831106466991416
2015-10-25,South Korea,1.6265876528037995,10.91475596694954,4.609054067379636,2.826995215078423
2015-11-01,South Korea,1.6452525584512987,10.955419781982242,4.633394903893965,2.824148898034814
2015-11-08,South Korea,1.6725527119927288,10.82773188586341,4.610571988069858,2.7952565044935964
2015-11-15,South Korea,1.6647877544659817,10.73978827849922,4.500900788670051,2.779042094037097
2015-11-22,South Korea,1.7055886975706565,10.737472383922324,4.509914878278351,2.787727355168637
2015-11-29,South Korea,1.711953038983952,10.727178534969257,4.539342224417775,2.7016229957935844
2015-12-06,South Korea,1.7053322157264899,10.720396232931645,4.620554272831136,2.9545629772124453
2015-12-13,South Korea,1.6817357308296357,10.468504762269704,4.330542583653278,2.367131165715216
2015-12-20,South Korea,1.6706215881274253,10.471876926037018,4.371792182985397,2.6519359013308215
2015-12-27,South Korea,1.682637720028312,10.448742313098498,4.3828342444774995,2.6726244263560126
2016-01-03,South Korea,1.6887437021547742,11.264482132467474,4.503156733196475,2.7177616577566694
2016-01-10,South Korea,1.6324915504752993,11.060353640653616,4.409376555539951,2.3051496460613623
2016-01-17,South Korea,1.5840960840098461,11.110748036653863,4.4267262398376275,2.0951923253175746
2016-01-24,South Korea,1.6266620078900431,11.027549485765176,4.436888506855786,2.1251253334490157
2016-01-31,South Korea,1.6228820945933145,11.227030295979208,4.723604280685336,2.111307233964302
2016-02-07,South Korea,1.596245601281171,11.284783814441903,5.332848336395132,2.0508420737020496
2016-02-14,South Korea,1.5119579557499054,11.28977438175948,5.338783527138818,1.988085987132837
2016-02-21,South Korea,1.5737527522395942,11.01970696507677,5.344804992533753,2.1062605839727206
2016-02-28,South Korea,1.5840960840098461,10.988001276719068,5.222965999297674,2.1634882890611773
2016-03-06,South Korea,1.6451758269542887,10.487048816424243,5.253606426389184,2.6076092515477978
2016-03-13,South Korea,1.6547799611179237,10.705254185868553,5.334691159924722,2.7220593894346075
2016-03-20,South Korea,1.6786307999805186,10.73327033625996,5.264574728719361,3.1657151495254228
2016-03-27,South Korea,1.5939921062267028,10.735873595067517,5.353270111166699,3.156185866084797
2016-04-03,South Korea,1.618979976800965,10.832170314454189,5.395973776577111,2.9298508974327584
2016-04-10,South Korea,1.601063170835749,10.864155989573602,5.300941375513423,2.9566760855170777
2016-04-17,South Korea,1.629793637994558,10.9151326957816,5.577462641576033,2.700004273555056
2016-04-24,South Korea,1.6334689228913912,10.917012509615017,5.586781745811194,3.4152396268106866
2016-05-01,South Korea,1.6245095282394681,10.99912831529412,5.600841911968496,3.389235641199134
2016-05-08,South Korea,1.6190534298649042,10.858074151023196,5.420721498467119,3.399847401942584
2016-05-15,South Korea,1.624287324365478,10.811363134895243,5.436765925915896,3.471208965496732
2016-05-22,South Korea,1.6262903285437138,10.74475558311546,5.386652980660605,3.5404738190394816
2016-05-29,South Korea,1.66653953322512,10.860187385058977,5.422762985119166,3.5553123080536864
2016-06-05,South Korea,1.6644699114379258,10.625157734172092,5.43937053464772,3.6966982498032586
2016-06-12,South Korea,1.6605108875957368,10.654203743775565,5.575727694943104,3.6914611704367
2016-06-19,South Korea,1.6318158823607571,10.701055371029668,5.48288485579369,3.5490194981166296
2016-06-26,South Korea,1.6381533111589657,10.879911549751744,5.503443180657153,3.35159162238125
2016-07-03,South Korea,1.666220703320811,10.934986483515145,5.5055841423658265,4.125687960090271
2016-07-10,South Korea,1.686425488805648,10.971255011257169,5.473811868536137,3.5070535233292426
2016-07-17,South Korea,1.7681041333860708,11.136848766973063,5.482468957998914,4.079487338271498
2016-07-24,South Korea,1.7539113963778283,11.351402518615233,5.534286484497715,3.8091169058984966
2016-07-31,South Korea,1.733474272462253,11.181693028789129,5.544769239940403,3.616082295993933
2016-08-07,South Korea,1.7538181089958003,11.256452202875447,5.549981213461455,3.5999559423281364
2016-08-14,South Korea,1.786834215824713,11.385059031177866,5.584292814026918,4.0593202744763595
2016-08-21,South Korea,1.803881458475332,11.330676500063124,5.618958191747094,4.420112336510931
2016-08-28,South Korea,1.7923224148152865,11.312122938496726,5.626412580645759,4.234708150503277
2016-09-04,South Korea,1.8040866126275967,11.359734221470562,5.638284614323347,4.059081857985793
2016-09-11,South Korea,1.8396088099740942,11.436976948655603,5.673426737905416,3.9454049509813194
2016-09-18,South Korea,1.8275709160643159,11.23378761730193,5.579518880971565,3.8871805067359593
2016-09-25,South Korea,1.8388413137252408,11.315988000458605,5.6179501102784375,3.5012088495908524
2016-10-02,South Korea,1.8148602131610239,11.435789686323227,5.482943540916442,4.009415766402935
2016-10-09,South Korea,1.8278926538644564,11.197884859001936,5.84208652127005,4.204755143961825
2016-10-16,South Korea,1.8255378094740116,11.081560214367617,5.728314951481539,4.298750363441809
2016-10-23,South Korea,1.8230871611237394,11.095493508889591,5.726255555191335,4.752646871359661
2016-10-30,South Korea,1.8219191372729941,11.062539313166113,5.728451874219293,3.9817459020413386
2016-11-06,South Korea,1.7910201786401716,11.261735792278076,5.670577838768083,3.3806830133733916
2016-11-13,South Korea,1.7270356863976255,10.971400655901707,5.624113476596452,3.178887305332995
2016-11-20,South Korea,1.707730672784143,10.874067483133055,5.646969862662742,3.042653267045497
2016-11-27,South Korea,1.7294413968869633,10.88478406936965,5.639092342263243,2.5835925087714857
2016-12-04,South Korea,1.7518608151463217,10.870045417111424,5.557775812179536,4.316539012227325
2016-12-11,South Korea,1.8106904116721279,11.129262854593971,5.937001147548602,4.338356054699647
2016-12-18,South Korea,1.796754085808122,10.96803232383023,5.968641242721881,4.837361361396219
2016-12-25,South Korea,1.7937284972389242,10.940558943264476,5.911079063902263,4.824386530635127
2017-01-01,South Korea,1.795239243583885,11.792104370194936,5.937655956761199,4.929191526230929
2017-01-08,South Korea,1.7876289175742006,11.405744040727738,6.050653800849076,4.699540117661966
2017-01-15,South Korea,1.7519538597731592,11.18070830014361,6.1483601700818795,4.732103829466935
2017-01-22,South Korea,1.7680083656807264,11.291204632322025,6.129783468368583,4.820484786329129
2017-01-29,South Korea,1.768391922320066,11.325651430957487,6.168815427045407,4.8289714180361045
2017-02-05,South Korea,1.7707953568545018,10.92383558848764,6.251880246574275,4.9111288561439865
2017-02-12,South Korea,1.77359684926329,10.871208020904907,6.362801988879421,4.892484757042073
2017-02-19,South Korea,1.7658081937169687,11.150205498734277,6.31845511271702,4.966878800956467
2017-02-26,South Korea,1.7877284503118371,11.15137596910957,6.581972592802594,4.983665577143744
2017-03-05,South Korea,1.781008646219612,11.40143364789998,6.413149282768554,5.259806809624709
2017-03-12,South Korea,1.750467055008001,11.42569216290552,6.511266830729493,4.4123428655304
2017-03-19,South Korea,1.8061413991445618,11.61225937245987,6.763581028898762,5.32186919967758
2017-03-26,South Korea,1.7344647304522518,11.616613803084464,6.857470128669359,4.884353851219875
2017-04-02,South Korea,1.7276584434502233,11.729950299661931,6.837067680494149,5.33183090823875
2017-04-09,South Korea,1.7207596823575042,11.247470164050045,7.176755652157186,4.887628261636153
2017-04-16,South Korea,1.6531419257805362,11.262555245365844,7.16485250385956,4.892831737334636
2017-04-23,South Korea,1.6840344827447453,11.280221398106828,7.1236179031682685,4.901070528907961
2017-04-30,South Korea,1.6831302444727145,11.237685258938672,7.155857371360564,4.884210596120746
2017-05-07,South Korea,1.6671778933391086,11.361999395953791,7.423149836415131,4.264384516938349
2017-05-14,South Korea,1.6937438485095493,11.391604823950738,7.4289900293683635,4.309160694173615
2017-05-21,South Korea,1.6696583820000745,11.529215998833124,7.481641787006338,4.893971988991963
2017-05-28,South Korea,1.6919052263961187,11.49644659971845,7.358633361092888,4.883652022270921
2017-06-04,South Korea,1.6941626475784324,11.890023318589757,7.566235478957089,4.572221563749981
2017-06-11,South Korea,1.7109160729845283,11.835478788542025,7.435066185948376,4.530289548314994
2017-06-18,South Korea,1.7306034313556777,11.77575218257005,7.4564605071992895,5.005062078728888
2017-06-25,South Korea,1.7194427674657158,11.767379351863775,7.474156506950648,4.607203604687063
2017-07-02,South Korea,1.7109160729845283,11.79330539915792,7.338471295791458,4.987162262066112
2017-07-09,South Korea,1.6367136204995738,11.763238263441488,7.39899135879635,4.391788875448715
2017-07-16,South Korea,1.6674174646118547,11.590460149725578,7.478181909942734,4.912907866848344
2017-07-23,South Korea,1.678549406397273,11.57524338725304,7.448641051096392,4.974455866242374
2017-07-30,South Korea,1.6892417152536385,11.887487570470975,7.445826318918789,4.996643540809312
2017-08-06,South Korea,1.6674974241903264,11.88952435737044,7.619395624972939,5.04561803961943
2017-08-13,South Korea,1.584787545002236,11.848393037037914,7.634319881739191,5.021740552307239
2017-08-20,South Korea,1.6237692558787227,11.943524095209623,7.554436544307276,5.047902322979916
2017-08-27,South Korea,1.6482562618271357,11.86132159771164,7.388941764283677,5.049268902432002
2017-09-03,South Korea,1.6531419257805362,12.018248052626074,7.371681082486106,5.350550720813311
2017-09-10,South Korea,1.5740923522833927,11.985441992868273,7.439843898576223,5.261252620839798
2017-09-17,South Korea,1.5877700866481286,12.141126831111336,7.675489353385347,5.370745421572559
2017-09-24,South Korea,1.5688166609896896,12.437347393318577,7.948185561030182,5.431699447495844
2017-10-01,South Korea,1.5505178050099175,12.322416979963071,8.15628057401311,5.392868329666949
2017-10-08,South Korea,1.585064357831125,12.659426904420233,8.007456457488086,5.452722666418488
2017-10-15,South Korea,1.5816135494460952,12.811000663970772,8.18034577619598,5.877713029162103
2017-10-22,South Korea,1.580925815278496,12.744806457204724,8.190731293165115,5.888202436859595
2017-10-29,South Korea,1.5715162841251105,12.81924289280935,8.206981403653735,5.921795654851281
2017-11-05,South Korea,1.5852028132653253,12.893501514155762,8.344028179925678,5.961303735642496
2017-11-12,South Korea,1.5682782946888278,13.424682473407865,8.857967249463673,5.109466058304367
2017-11-19,South Korea,1.607789297039433,13.395789878514009,8.888965934651283,5.641198480246718
2017-11-26,South Korea,1.642723405753594,13.392800464222711,9.07771517919203,5.684176324895593
2017-12-03,South Korea,1.668216850785471,13.50353906676333,9.818463070283055,6.362964781847201
2017-12-10,South Korea,1.6693377855005345,13.412955733545106,9.562323768705676,6.32644056475765
2017-12-17,South Korea,1.6937438485095493,13.651714052511288,9.558672603781144,6.404639454392291
2017-12-24,South Korea,1.7071299991692128,13.754205545619271,9.68466148486333,6.446865511404777
2017-12-31,South Korea,1.7115207839610898,13.794143864802471,9.674330963324662,6.468401024066725
2018-01-07,South Korea,1.7526055258072195,13.215131278792075,9.358560813688204,6.352957613662759
2018-01-14,South Korea,1.8071719422453254,13.686922064263754,9.543469377519331,6.191627964247136
2018-01-21,South Korea,1.7842591425346042,13.57338923229686,9.4809392472875,6.447982605445688
2018-01-28,South Korea,1.77359684926329,13.603293400516892,9.523635854983922,6.452414057588537
2018-02-04,South Korea,1.7485217766107817,14.093534547617308,9.80429359786276,6.183736875172294
2018-02-11,South Korea,1.670541184430442,14.161885175895264,9.851946622159993,5.002809868207574
2018-02-18,South Korea,1.7265913553294912,14.121459712582318,9.92826014988548,5.576322298993442
2018-02-25,South Korea,1.7214632794946674,14.291069608434782,10.043309432276413,6.0793007106703945
2018-03-04,South Korea,1.724375073646298,14.788718077517144,10.27328765681936,5.646922969145198
2018-03-11,South Korea,1.7917209413905428,14.621813386841197,10.21076618918528,5.684196528157718
2018-03-18,South Korea,1.7806160816388612,14.89873756066524,10.191578956301331,6.012960484773664
2018-03-25,South Korea,1.6977766465970439,14.817391356685905,10.202522934797956,5.3616968765202335
2018-04-01,South Korea,1.713946262639781,14.50845288102752,10.110249413166216,5.427033024300885
2018-04-08,South Korea,1.7288166149028126,15.09674805475,9.898118657157012,5.807317861688061
2018-04-15,South Korea,1.741995903402429,15.060493070397817,9.919777683528013,5.112172226487254
2018-04-22,South Korea,1.7592609589486368,15.01728008685892,9.85264400684049,5.016032021963067
2018-04-29,South Korea,1.7735000028276142,15.103946117815031,9.871488976753785,5.6640894869715
2018-05-06,South Korea,1.8054213843997633,15.09799768044753,9.641252584225812,5.606694872904653
2018-05-13,South Korea,1.831660808928142,15.227522599564075,9.715386119592132,5.707550195982865
2018-05-20,South Korea,1.7912202311576797,14.898334107886004,9.580833755790977,5.760069349816251
2018-05-27,South Korea,1.788424902569473,14.923710995465596,9.715055330268736,5.281913323995337
2018-06-03,South Korea,1.798476251301421,14.870757442545315,9.72572439579863,5.226948474559148
2018-06-10,South Korea,1.8009171815240825,14.92884364343021,9.936852979685312,5.411919252911332
2018-06-17,South Korea,1.798476251301421,13.884007965147596,9.56400902575972,5.306019498438041
2018-06-24,South Korea,1.777094994450733,13.807808502698515,9.458242289620411,5.695671555577255
2018-07-01,South Korea,1.735005597168052,13.91683959949758,9.649361452397669,5.359596639559431
2018-07-08,South Korea,1.7393527137280895,13.912069818221497,9.419295637501676,5.1306546929466945
2018-07-15,South Korea,1.7793418122936364,14.128314896863875,9.226170674011088,5.189415824229333
2018-07-22,South Korea,1.8019375124765877,14.23235264502488,9.353652308527597,5.479593773011968
2018-07-29,South Korea,1.8358919090949886,14.185980208359268,9.45732062712703,5.723695368829792
2018-08-05,South Korea,1.8070688079887032,14.1868398434263,9.468367120440773,5.701178998522352
2018-08-12,South Korea,1.8175882835792203,14.276399251262044,9.398030134958706,5.713087358533413
2018-08-19,South Korea,1.8176933864761884,14.233556030584763,9.485330324855765,5.691018327564443
2018-08-26,South Korea,1.8311209324523947,14.553955022959505,9.969949999565529,6.222156322973154
2018-09-02,South Korea,1.8203304384508905,14.622865109628634,9.990948262554076,5.840115938917623
2018-09-09,South Korea,1.836764072776603,14.623438475154774,10.050488928634136,5.725480281000532
2018-09-16,South Korea,1.858942815194769,14.64474114370665,10.014517461776189,5.676010529019711
2018-09-23,South Korea,1.8330674873986312,14.634736391630016,10.1412559150806,5.745309519120222
2018-09-30,South Korea,1.8630582747946711,14.796020055398786,10.149751057918328,5.641833311667294
2018-10-07,South Korea,1.8496889017200906,13.898956437238704,10.05879206699991,5.089499199907057
2018-10-14,South Korea,1.8355652224199852,14.136742649523235,10.154562052537155,5.29073234331604
2018-10-21,South Korea,1.8336094836739358,14.18175306154823,10.166785166587925,5.344660338697819
2018-10-28,South Korea,1.831768980702548,14.18145847856453,9.829819193230376,5.02311322689564
2018-11-04,South Korea,1.8304735768364448,14.037769768939311,9.814692512617826,4.5165390709494755
2018-11-11,South Korea,1.8299349213287162,13.86323432246349,9.347100635624855,4.068262507813745
2018-11-18,South Korea,1.8094459931009215,14.286018544767032,9.245159959457958,3.4470747427405946
2018-11-25,South Korea,1.8012230750217384,14.217716537315438,8.950427101172057,2.024193400156947
2018-12-02,South Korea,1.8289664327201343,14.137322470583308,9.015422828983937,2.3305740276663713
2018-12-09,South Korea,1.842469023660425,14.231264724159582,8.93014968905894,3.3273724366915696
2018-12-16,South Korea,1.860425178114481,14.159052255031458,8.686062278411836,3.258867624450237
2018-12-23,South Korea,1.8471226710584219,14.24509213954456,8.665075964527853,2.5571842869107027
2018-12-30,South Korea,1.8430208675847386,14.167021884881835,8.753419364119036,2.503419952144454
2019-01-06,South Korea,1.822555919662583,11.992505997684596,8.10032617719892,2.715863242557231
2019-01-13,South Korea,1.8679014549479591,11.991995435619554,8.079078989969368,3.5884874602379564
2019-01-20,South Korea,1.893556796210531,11.961582192454513,8.099159421614717,4.220074708534256
2019-01-27,South Korea,1.8952648991754968,11.958323667043322,8.125753537044769,4.296037608216844
2019-02-03,South Korea,1.91533238870164,12.203961045297824,8.212244547831432,4.57576846917542
2019-02-10,South Korea,1.9092659535941783,12.189066671761797,8.234644653720261,4.695323525521979
2019-02-17,South Korea,1.9280795820803842,12.275422183298534,8.255656915942446,5.212316413461337
2019-02-24,South Korea,1.9473550176471779,12.352833888166913,8.31353952565608,5.152357691713851
2019-03-03,South Korea,1.9620728021303822,12.35532441162404,8.315065166488246,5.052977271165289
2019-03-10,South Korea,1.9470840255887416,12.489810544599926,8.39686969917051,5.13263526758365
2019-03-17,South Korea,1.9633309193210393,12.523512098730592,8.41361831777415,5.798299809964609
2019-03-24,South Korea,1.9484404636960915,12.608829054837864,8.425984424715192,5.506602702254365
2019-03-31,South Korea,1.9036438325346796,12.890376915171409,8.47556983469673,5.713780720172737
2019-04-07,South Korea,1.908889081091393,12.968508126267553,8.519582315528147,6.201646968726992
2019-04-14,South Korea,1.91839302417745,12.985230942866597,8.55447249978623,5.842848859825818
2019-04-21,South Korea,1.9364959676481022,12.99388995881617,8.596224789222669,5.836761310322715
2019-04-28,South Korea,1.9248299571601717,12.667837904445134,8.596867836372706,4.754251898788681
2019-05-05,South Korea,1.9292547448527195,12.670750903260313,8.65478732616252,5.106284889154266
2019-05-12,South Korea,1.890278672011461,12.624217524026044,8.641077503039302,4.602198123519787
2019-05-19,South Korea,1.8942881392663864,12.556702568326932,8.719198916941368,5.111966908215715
2019-05-26,South Korea,1.8858203436158918,12.560282388244094,8.67120409933233,4.520398998457546
2019-06-02,South Korea,1.8699911083290122,12.65514015148506,8.545267956420876,2.9905763996873636
2019-06-09,South Korea,1.899930277397067,12.491176289212078,8.379700569282747,3.8142103206661018
2019-06-16,South Korea,1.9157139702973631,13.12500808326932,8.650353882721847,3.3563263306904614
2019-06-23,South Korea,1.9310880606454122,12.723993283286836,8.613275966880183,3.490419221001533
2019-06-30,South Korea,1.9272977526460926,12.742571361240872,8.634900017336872,3.7901476236331058
2019-07-07,South Korea,1.9363632373979045,11.987242487506762,7.754859896732428,4.216091455888915
2019-07-14,South Korea,1.9282101358762374,12.142733931769888,7.895447408641633,4.870774250883899
2019-07-21,South Korea,1.9296470345341736,12.149254116198083,7.855158340779647,4.198934390476965
2019-07-28,South Korea,1.9676892601874956,12.092988436676956,7.855997288691499,4.542735123190587
2019-08-04,South Korea,1.9566576183505826,12.097118752250664,7.84809274502895,4.227034275256653
2019-08-11,South Korea,1.9244414105649317,12.087193737337826,7.756076780447379,4.271641003721755
2019-08-18,South Korea,1.9241826756073823,12.11469430060045,7.771128717359099,4.310870337250197
2019-08-25,South Korea,1.9333232809311598,12.084823056886124,7.827672724927134,4.271381633177263
2019-09-01,South Korea,1.9167329339163062,12.093489637196289,7.765201410040824,4.72831598291269
2019-09-08,South Korea,1.963471047950527,11.998842831737695,7.756723202997038,4.6284624663988865
2019-09-15,South Korea,1.9733702442386782,12.018126837272558,7.786449151050213,4.306785901087988
2019-09-22,South Korea,1.9139357182788344,11.914273384005508,7.710337591283824,3.828692531032289
2019-09-29,South Korea,1.9047633792216632,11.905707421968636,7.613262043523825,3.8323967672418497
2019-10-06,South Korea,1.9042654287584986,12.310106096718082,7.618609105689021,3.828436905869169
2019-10-13,South Korea,1.91596851838167,12.322004220380387,7.657329953772341,3.79671347710682
2019-10-20,South Korea,1.930825747710248,12.322247001183593,7.661549078380456,4.220367945122613
2019-10-27,South Korea,1.9554164584394458,12.366637410802657,7.853319326813015,4.4866901541309
2019-11-03,South Korea,1.9668425890213501,12.456119784822327,7.850921462922802,4.54476460816846
2019-11-10,South Korea,1.99707492505024,12.626180202521503,8.011820271125345,5.0192197256469395
2019-11-17,South Korea,1.9911143800378825,12.665358633041889,8.098050820201243,4.850268156373837
2019-11-24,South Korea,1.9802749974067393,12.499416937809643,8.254273027368153,4.810883909605182
2019-12-01,South Korea,1.987719645876321,12.527270133417938,8.251971856908336,4.1634221539859695
2019-12-08,South Korea,2.0052395119337643,12.5433541699119,8.352582324754795,5.289210137175492
2019-12-15,South Korea,2.0437884433098814,12.583522572235005,8.647183964419561,5.395001265782525
2019-12-22,South Korea,2.0767879615803646,12.516161893072333,8.621185644197414,5.394195057301967
2019-12-29,South Korea,2.0814148675498187,12.611064605664485,8.643690318204186,5.410818295642944
2020-01-05,South Korea,2.0701062891741953,8.831889204522778,7.396350563449752,4.474004705855714
2020-01-12,South Korea,2.079808090112918,8.850405416620763,7.425367014577525,4.737530129323173
2020-01-19,South Korea,2.1018850495571444,8.862354098015832,7.364894012138161,5.027919244971049
2020-01-26,South Korea,2.062657740708757,8.821246846893072,7.283916230172542,4.086828642210892
2020-02-02,South Korea,2.0150971601106886,8.677101811173925,6.970754572458262,3.3605150247998674
2020-02-09,South Korea,2.0462726008701035,8.698957903804288,6.451023867442355,3.752626263953845
2020-02-16,South Korea,2.0681896483915545,8.7178328251097,6.446739052724448,3.967365882032429
2020-02-23,South Korea,2.048436051717264,8.577968713716935,6.435907278557647,3.931233418806089
2020-03-01,South Korea,1.902650859593639,8.489175333474043,6.4473142907831456,2.591325932907138
2020-03-08,South Korea,1.8852208383640288,8.337735862422994,6.289149610926903,2.086566894545579
2020-03-15,South Korea,1.7654263739866172,8.187230093089225,3.940200449945688,2.0467437451947186
2020-03-22,South Korea,1.7118664571615052,7.980310283572459,3.685305139240288,2.0204599496315536
2020-03-29,South Korea,1.8829489833929134,7.847330785387873,3.199720573453047,2.075892077801871
2020-04-05,South Korea,1.8039839743701327,7.762661902863561,2.240352331534444,2.0916571307554306
2020-04-12,South Korea,1.9411591869697604,7.771325017770261,2.139853701628886,2.1152297954026493
2020-04-19,South Korea,1.9366283351793556,7.776255052267332,2.003499639059373,2.075421864384053
2020-04-26,South Korea,1.866859565399741,7.784454299653163,1.6909257205659156,2.097950688170653
2020-05-03,South Korea,1.9010414092400592,7.796890513890629,1.557153442229269,2.1629674894654127
2020-05-10,South Korea,1.8903995880915074,7.830944350569038,1.5728383809063993,2.1510444369711768
2020-05-17,South Korea,1.9009178163550722,7.832726256800893,1.5832536551989005,2.075202912905253
2020-05-24,South Korea,1.9833265488199097,7.794991146879706,1.59125877224186,2.0818091007274315
2020-05-31,South Korea,1.99096614342496,7.809729439698891,1.5666639375647105,2.1106041296289364
2020-06-07,South Korea,2.0541412086459303,7.762630713276193,1.5589816179935183,2.306312423026564
2020-06-14,South Korea,1.992597592145341,7.771647688256119,1.5457192112294904,2.209373789538602
2020-06-21,South Korea,1.9967751534921105,7.824013810184393,1.5648794807280093,2.46468324790047
2020-06-28,South Korea,1.9848634993429473,7.838316331792757,1.564680145512603,2.3166058043695608
2020-07-05,South Korea,2.011068110261431,7.985317676822399,1.5756419773733297,2.1991465999857636
2020-07-12,South Korea,2.0221506320593687,7.985086577024301,1.5708000029647549,2.8301648530757593
2020-07-19,South Korea,2.0331703136561683,7.972418773418936,1.569668376718174,3.66256311377328
2020-07-26,South Korea,2.045608893412937,8.012830298440713,1.558957296037274,3.4408678089486706
2020-08-02,South Korea,2.0518974703881803,8.029755630880551,1.563576677683525,3.259767758307483
2020-08-09,South Korea,2.064897110934619,8.064424978245428,1.5754237938348816,4.14954580197892
2020-08-16,South Korea,2.0799861716952655,8.071434413394664,1.575591565960696,4.472584190787713
2020-08-23,South Korea,2.0815935590096397,8.064829508276997,1.5674317789486818,4.468936314215116
2020-08-30,South Korea,2.075373048422679,8.085564190491091,1.5755745604066238,4.478939207505428
2020-09-06,South Korea,2.078384082790217,8.066709021502922,1.5579559128917295,3.394178502852457
2020-09-13,South Korea,2.0718552914792263,8.06099857150758,1.5487807741569597,2.8969773980548896
2020-09-20,South Korea,2.0737869057012004,8.105584454736153,1.5711441652678129,3.972254210616575
2020-09-27,South Korea,1.9912623653418993,8.067028224941781,1.5662481898137182,3.6850134152391822
2020-10-04,South Korea,2.01014310858002,8.117416293394914,1.5662689069595963,2.625393993290068
2020-10-11,South Korea,2.045774733732846,8.123984188643531,1.5847786414511598,3.65799610798093
2020-10-18,South Korea,2.03171867052075,8.132053776166563,1.590703054685237,3.494274336338371
2020-10-25,South Korea,2.035924659687,8.149861358264728,1.5971199835392198,3.3127068728861007
2020-11-01,South Korea,2.0216768633684756,8.103573247401695,1.5567259456484188,2.266448641952078
2020-11-08,South Korea,2.0517837382731217,8.116524473525818,1.5771351855281432,2.7041522436512055
2020-11-15,South Korea,2.084284639522642,8.145156128622872,1.5956512259340865,3.21629540865728
2020-11-22,South Korea,2.0841049213945393,8.192275035908896,1.607967730476555,3.5890092133153644
2020-11-29,South Korea,2.0989052506685857,8.22631415647414,1.6227652462965008,3.39455588112363
2020-12-06,South Korea,2.1045080994482523,8.23420519804764,1.6416383073516392,4.308494081623088
2020-12-13,South Korea,2.0976077370550925,8.189918833021547,1.6393019953183277,4.139896289527368
2020-12-20,South Korea,2.093368718745696,8.166428457758938,1.635537759310126,4.434879058097545
2020-12-27,South Korea,2.079273537532536,8.161282923329562,1.631004131759099,4.432155727141606
2021-01-03,South Korea,2.0798077336608705,7.808083660164815,1.5261511193335815,3.7599476300838233
2021-01-10,South Korea,2.063517678009659,7.767429837668161,1.5389640546911425,3.803749791323115
2021-01-17,South Korea,2.025636595446391,7.7145952943305085,1.5156232856203182,3.3612703870695313
2021-01-24,South Korea,2.0347887620559444,7.731758902817201,1.5241209711755066,3.8240276874208825
2021-01-31,South Korea,2.023890301136666,7.742747256222274,1.5339585398070297,3.3514064231406917
2021-02-07,South Korea,2.0546479050359197,7.760780132663359,1.5605837570786396,4.114041935450608
2021-02-14,South Korea,2.0690595364056805,7.780028333305773,1.5757059794393555,4.2417297453848635
2021-02-21,South Korea,2.0839252720502213,7.859811686403373,1.5748391724689417,3.781983967171363
2021-02-28,South Korea,2.064034494411273,7.831849687354556,1.5761701785387334,3.2387107992247635
2021-03-07,South Korea,2.0652424254630475,8.016560175614124,1.5766863985418853,3.854527784245934
2021-03-14,South Korea,2.097237442714915,8.07769625359663,1.7613148690658755,3.725787700160799
2021-03-21,South Korea,2.114574490088849,8.266474429945813,1.787609659001825,3.0471021523298143
2021-03-28,South Korea,2.082488933371832,8.515014288260259,1.899438100996731,3.001877294879921
2021-04-04,South Korea,2.0823095427473635,8.600905593847877,2.553892471173366,3.443492802197982
2021-04-11,South Korea,2.0846448225735354,8.651221853039441,2.633550772016566,3.5653079651477375
2021-04-18,South Korea,2.091903371127188,8.66434984951539,2.786187680651286,4.395926719063163
2021-04-25,South Korea,2.1058250002362198,8.740700330223891,3.3431652986534663,3.631402047486685
2021-05-02,South Korea,2.1190118398776594,8.755003246105593,4.429546264100722,3.6610294480432817
2021-05-09,South Korea,2.1325855132352673,8.771424084285576,4.4772865024396,3.8055592743215376
2021-05-16,South Korea,2.141862282952456,8.725392082464085,4.777278260781002,3.9178225139295506
2021-05-23,South Korea,2.1453387180722694,8.753857252832997,4.753081017686344,3.5777228475167098
2021-05-30,South Korea,2.1509152194473065,8.770873498982773,4.871000320026091,4.344208298541017
2021-06-06,South Korea,2.1538336686495865,9.01836729458962,6.053787749303871,4.667348714349505
2021-06-13,South Korea,2.1574025956052627,8.988450604733066,6.105861979780467,4.528956030085697
2021-06-20,South Korea,2.154042636521212,8.829811509487309,6.175177159347535,4.2703588240601125
2021-06-27,South Korea,2.1569812425707102,8.848314309419045,6.197511574234551,4.690055948185906
2021-07-04,South Korea,2.157824128072911,8.874087525950916,6.2109933816945,4.395400306735415
2021-07-11,South Korea,2.1582464736746116,8.771487966572037,6.192918445656245,3.803295964156439
2021-07-18,South Korea,2.1550899640136807,8.786349547164765,6.133219962945882,3.79364183410879
2021-07-25,South Korea,2.1465720280529195,8.732899095784143,6.1888253264577235,4.175636530217592
2021-08-01,South Korea,2.147189932671039,8.739673379572407,6.193536495524311,4.347291448946391
2021-08-08,South Korea,2.151746950402516,8.774688552421612,6.076505752643336,3.5907590684246813
2021-08-15,South Korea,2.1614252460875454,8.664349189812638,6.015182189562854,3.9639948270297585
2021-08-22,South Korea,2.1567709226890477,8.609080780345199,6.001687296151414,3.390921384357487
2021-08-29,South Korea,2.1614252460875454,8.634576828523151,6.0022057277093905,4.094866036130183
2021-09-05,South Korea,2.1672030976845855,8.678405706743751,6.087681951867184,3.910658944023205
2021-09-12,South Korea,2.1730557604645395,8.586559081897112,6.088289255287771,4.331255416743305
2021-09-19,South Korea,2.1708790588975266,8.602595611952687,6.304991974030684,4.484666074959003
2021-09-26,South Korea,2.138614268480617,8.630566050029067,6.156843618208345,4.2403299128359695
2021-10-03,South Korea,2.1284121280944914,8.620919959616403,6.171255086099897,3.7577678824860374
2021-10-10,South Korea,2.1086601477426816,8.594705583537829,6.327229275005399,3.6512193151726295
2021-10-17,South Korea,2.121344179075934,8.600109757065672,6.346071666691759,4.179845283942089
2021-10-24,South Korea,2.1361934632786603,8.638144209429027,6.364775261202635,3.8207734090008345
2021-10-31,South Korea,2.1457496574488237,8.665327705332391,6.678567497433958,3.6988970620399697
2021-11-07,South Korea,2.1400322413046418,8.673653860640504,6.661360676039358,3.653458230483134
2021-11-14,South Korea,2.14064178228086,8.708224018555423,6.874845430105742,3.8626680475420327
2021-11-21,South Korea,2.1428822307784396,8.68736062934574,6.797467561414866,3.719874259273101
2021-11-28,South Korea,2.1234923682204014,8.664796848781979,6.793371410441578,1.948080381712073
2021-12-05,South Korea,2.1054484968056824,8.751440306242966,6.918359629306903,2.021108969071431
2021-12-12,South Korea,2.1037573350372063,8.764977568377377,6.929771572735202,2.888769712838012
2021-12-19,South Korea,2.100020444475131,8.752918381954117,6.9354572037409215,2.724173965278506
2021-12-26,South Korea,2.095759932972418,8.749399202644163,6.94677367048284,3.0833836978813607
2022-01-02,South Korea,2.0937359578446686,18.532930104257005,10.776811749432618,3.1700324777207336
2022-01-09,South Korea,2.061456205116713,11.840252651490514,8.713885021577527,3.406223053767886
2022-01-16,South Korea,2.063345703275169,11.9204053023552,9.006105388683238,2.992250461578955
2022-01-23,South Korea,2.060257537103555,11.87961450262093,9.02795771253864,2.8590491509166727
2022-01-30,South Korea,2.0416459117355097,11.532082040673236,9.02820098713768,2.4325625851788666
2022-02-06,South Korea,2.02962918064254,11.623631417025695,9.104925049138693,2.7723902247979546
2022-02-13,South Korea,2.0043253987135046,11.637666341612112,9.257080349507769,2.4934348499693577
2022-02-20,South Korea,1.9978253121582779,11.63082942156446,9.263223675175588,2.2317520560204116
2022-02-27,South Korea,1.9814353107269795,11.783665167303573,9.018402565361525,2.3607765284124422
2022-03-06,South Korea,1.9499366929568787,11.706980583061451,8.837908540313824,1.6876882576319088
2022-03-13,South Korea,1.9522581520662847,11.278635417857249,8.692317967597518,1.7005240121347616
2022-03-20,South Korea,1.9773863016912603,11.161269768585669,8.70160803511296,1.7139971038684174
2022-03-27,South Korea,1.9766665946862347,10.55548161977716,8.606000709514996,1.6764359318527473
2022-04-03,South Korea,1.9814353107269795,10.55648443837997,6.10036686644958,2.054804701007259
2022-04-10,South Korea,1.970663467325425,10.504687128859956,5.882669092083116,2.0923306772356316
2022-04-17,South Korea,1.9453260277850146,10.51812905587761,5.804899880112011,2.0903287271553346
2022-04-24,South Korea,1.915078161115659,10.217164183620858,5.718153080501898,2.1545975283863665
2022-05-01,South Korea,1.8421381974636306,10.052104049658125,5.726129260983644,2.0306023569799687
2022-05-08,South Korea,1.817272574872077,10.096920575845528,5.732752328427765,1.9651960572381375
2022-05-15,South Korea,1.7760235036204297,10.12918825200677,5.724387412212421,2.1266031319577277
2022-05-22,South Korea,1.7687755601094621,10.128450517541015,5.717689797795954,2.156282231465992
2022-05-29,South Korea,1.7773875374857564,10.040287472965025,5.7633384874274425,2.352386098585883
2022-06-05,South Korea,1.7851490775601677,10.067024120577198,5.742821545475552,2.564132512794545
2022-06-12,South Korea,1.7803216751250492,9.27967083720942,5.421352377297477,2.739546906163171
2022-06-19,South Korea,1.738081165317126,9.154342761976588,5.271761871044341,2.2665304146678324
2022-06-26,South Korea,1.7408093509443288,9.186425976056904,5.2367599607596675,2.4078083520084914
2022-07-03,South Korea,1.7186542665625713,8.950686308442885,5.146925314131037,2.097635612853156
2022-07-10,South Korea,1.712385805279601,8.969133076249259,5.126735193117638,1.954262734679982
2022-07-17,South Korea,1.7149888472553223,8.729185921980111,4.977377203970477,1.9304887142987728
2022-07-24,South Korea,1.7717597420869344,8.680271688878502,4.9850169318819475,2.155102380631599
2022-07-31,South Korea,1.8324176151922362,8.664617574642207,4.990649646962891,2.267622088854107
2022-08-07,South Korea,1.8409269603902647,8.715150719284622,4.5560775000027585,2.2142792392796236
2022-08-14,South Korea,1.8819954707436581,8.74382074773429,4.558998439936842,2.5295812695926703
2022-08-21,South Korea,1.894776163020101,8.535937004928249,4.471518882649905,2.0895705822806643
2022-08-28,South Korea,1.9363632373979045,8.569267469107295,4.504362804125895,2.2602004194941103
2022-09-04,South Korea,1.9243120911609042,8.52243956592615,4.361390164133963,1.8918782599914228
2022-09-11,South Korea,1.9390218945375617,8.383930160704772,4.322458556208554,2.1059113049783953
2022-09-18,South Korea,1.932533109048598,8.287820358019784,4.32239251666669,2.158566614103059
2022-09-25,South Korea,1.7623821614498552,7.952508021701789,4.245874351680784,1.9233226750938996
2022-10-02,South Korea,1.671425371810634,7.933650975005377,4.263390012778308,1.704762694807341
2022-10-09,South Korea,1.6866733270405352,7.946803779200807,4.2477941492196445,1.7459793017362133
2022-10-16,South Korea,1.659643606596918,7.792013535238603,4.165982074190003,1.8527184172928728
2022-10-23,South Korea,1.642111867142895,7.798308967730165,4.193652729456792,2.023999424597648
2022-10-30,South Korea,1.6038443252812202,7.786309379348708,4.196167773858198,1.999509684175478
2022-11-06,South Korea,1.5384316846857358,7.781996900647356,4.197986379167377,2.012787756740258
2022-11-13,South Korea,1.686177595133252,6.641482015580233,4.043220476673359,2.5008145351891504
2022-11-20,South Korea,1.7173423661337237,6.513718760380746,3.7686466288871343,2.188816429254045
2022-11-27,South Korea,1.7325754896823586,6.512352966760938,3.731552851341499,1.9562535429790584
2022-12-04,South Korea,1.7435513339414048,6.349609404403994,3.730332643206272,2.3313668104319594
2022-12-11,South Korea,1.7245520477119538,6.340168080574922,3.664282892839737,2.2470381102710455
2022-12-18,South Korea,1.703369698837526,6.3366021872012315,3.664604778301567,2.568076142331225
2022-12-25,South Korea,1.7026037605860331,6.297579141820944,3.674408502958367,2.694383298071025
2023-01-01,South Korea,1.706016345490311,6.290703131491742,3.680620574188022,2.7142376249351785
2023-01-08,South Korea,1.741082920774296,6.625832444935641,3.8532969583950822,2.6188922702582893
2023-01-15,South Korea,1.7983746914981888,6.611898545441452,3.855769374779512,3.008271676763131
2023-01-22,South Korea,1.8269279244320142,6.610726463445066,3.860996307812568,3.010609100686644
2023-01-29,South Korea,1.8358919090949886,6.667901072415934,3.867038460986499,3.0271841116788094
2023-02-05,South Korea,1.8452341057516164,6.668014813328597,3.8376682692898143,3.030400786359397
2023-02-12,South Korea,1.826071967923837,6.587772027029787,3.836160158549011,3.024781057620393
2023-02-19,South Korea,1.816432167726574,6.466622026694491,3.748339703462675,2.9834885096475143
2023-02-26,South Korea,1.7942315699120066,6.412049297640069,3.7749340935263143,2.963952102729477
2023-03-05,South Korea,1.809860404999901,6.396253932812961,3.8216947501820777,2.9682208554994824
2023-03-12,South Korea,1.8152789992490646,6.418432690744543,3.8050420075738938,2.971661622962487
2023-03-19,South Korea,1.8200132943249026,6.2769455438222606,3.801228097464977,2.1208808101368386
2023-03-26,South Korea,1.7820899545725764,6.3824236765440965,3.838384708246403,2.3054259561581394
2023-04-02,South Korea,1.7904200709564886,6.281353371837003,4.2862192396913255,2.854806633789053
2023-04-09,South Korea,1.7911202455602029,6.276979640031765,4.332430123064509,2.8318643540823145
2023-04-16,South Korea,1.7954408862395952,6.2802709670907015,4.435522695159192,2.938050199517727
2023-04-23,South Korea,1.7801256572979205,6.257112417829695,4.333818601224542,2.9270899851619743
2023-04-30,South Korea,1.7829762877320077,6.271782080373052,4.308507036190285,2.9305447749494324
2023-05-07,South Korea,1.7826806803331947,6.260592121680844,4.309822157074991,2.9306903724647326
2023-05-14,South Korea,1.7873108553085788,6.186658794055625,4.266071178928736,2.905927044100779
2023-05-21,South Korea,1.8163273158752855,6.192540682875844,4.309674480422119,2.9085005596572593
2023-05-28,South Korea,1.832525943388709,6.239362451146839,4.378830527419388,2.9186149261847447
2023-06-04,South Korea,1.8628286618657437,6.213258085503681,4.370448410089331,2.874978409405948
2023-06-11,South Korea,1.876782620270881,6.412259082360608,4.491899426653207,3.051261276478454
2023-06-18,South Korea,1.9010414092400592,6.486996444795734,4.553093978260959,3.0740590109166073
2023-06-25,South Korea,1.9145699626921255,6.362465504528473,4.535351235651631,3.0327805098953946
2023-07-02,South Korea,1.921472611422666,6.39684368850931,4.508556425820674,3.4877977860988727
2023-07-09,South Korea,1.9187769288722043,6.401403175866143,4.49224795816509,3.241333268042464
2023-07-16,South Korea,1.950481807578266,6.443663392452775,4.358141287203715,3.4057134113586507
2023-07-23,South Korea,1.9533543681614232,6.412332391288707,4.333354492913946,3.390758928751
2023-07-30,South Korea,2.013233345044584,6.4252986862097785,4.348236258969968,3.3965689113884565
2023-08-06,South Korea,2.015563888198704,6.401514163469447,4.648593847368344,3.49083566699921
2023-08-13,South Korea,1.9939364814403209,6.306073519393585,4.612359495935701,3.4489060622971346
2023-08-20,South Korea,1.923148419142264,6.370676035520758,4.626634834850827,3.476432096685519
2023-08-27,South Korea,1.9051369450930724,6.389015179877907,4.705477520315507,3.4855819646624866
2023-09-03,South Korea,1.9303014021687357,6.438010830198535,4.818628403843482,3.459423236488902
2023-09-10,South Korea,1.9502092437151264,6.44329941350972,4.829977921851992,3.460836312268392
2023-09-17,South Korea,1.9719437030874987,6.503992332944298,4.829760258496764,3.4852543940778835
2023-09-24,South Korea,1.916860321642046,6.691060543196689,4.936241359648955,3.5564434201868997
2023-10-01,South Korea,1.910146121962542,6.64426968211082,5.010295460589519,3.505142568719454
2023-10-08,South Korea,1.8593983607332818,6.65181183208225,4.823505286957899,3.121973103524563
2023-10-15,South Korea,1.8675540016410284,6.799786290791976,4.920107943365404,2.3773432810587947
2023-10-22,South Korea,1.838293870086279,6.805836769919684,4.938648838528797,2.4126383138839373
2023-10-29,South Korea,1.7981719342914044,6.799307840967266,4.884268391621487,2.2174080285832627
2023-11-19,South Korea,1.9097687194871906,7.758473442767195,5.679268837280622,2.752738024524604
2023-12-03,South Korea,1.9840560976914867,7.988993412192405,5.7411894059952475,3.32530963489817
2023-12-10,South Korea,1.9933409659502943,7.824406865791774,5.638978621382607,3.219148653362882
2023-12-17,South Korea,2.015563888198704,7.767023746728811,5.690689239583137,3.385969339242476
2023-12-24,South Korea,2.0067664618814502,7.858739852453696,5.698438213911617,3.617989878573902
2023-12-31,South Korea,2.007378651156006,7.89335496646686,5.73872572172522,3.293331612652174
2024-01-07,South Korea,1.9855181701754694,8.488100294535439,5.715117743025213,3.0674834152366395
2024-01-14,South Korea,1.9927460277461986,8.538251636068404,5.8344387801735715,2.6654248335878092
2024-01-21,South Korea,1.9636109362184984,8.305012171421328,5.807930408744155,3.0635260075530937
2024-01-28,South Korea,1.9636109362184984,8.305076835606917,5.7945874818375795,3.169141976934985
2024-02-04,South Korea,1.9306945115988765,8.319461773690197,5.85610058727873,3.1657326795784018
2024-02-11,South Korea,1.9435743456309695,8.456893416377795,5.8626872036618485,3.444791135662436
2024-02-18,South Korea,1.937026444642602,8.675031328414597,6.06778953250655,3.625646498701272
2024-02-25,South Korea,1.9506183502075791,8.781715483882355,6.108627793549061,3.567620323825756
2024-03-03,South Korea,1.9367611358091514,8.844010200267915,6.161482918015465,3.692328737761684
2024-03-10,South Korea,1.9363632373979045,8.892105323961397,6.186962703248797,3.9150215585959023
2024-03-24,South Korea,1.8852208383640288,9.37893915634466,6.189138259798405,4.24014956197753
2024-03-31,South Korea,1.8565570469840802,9.622155743475156,6.25227931347487,4.230417707936222
2024-04-07,South Korea,1.8518184304719472,9.529074950596756,6.36546863758028,3.381786989481927
2024-04-14,South Korea,1.8617972941581495,9.186929651716085,6.219991545882128,3.341282360663658
2024-04-21,South Korea,1.839937925824787,9.35863528694892,6.359882728279889,3.3856191212052367
2024-04-28,South Korea,1.8570104974462969,9.360293799371192,6.4189299132865285,3.893485524885103
2024-05-05,South Korea,1.8896737955896459,9.201652067619069,6.466683320250076,3.834329702161111
2024-05-12,South Korea,1.8983291616682558,9.24845434754579,6.519023035553438,3.8382690333079146
2024-05-19,South Korea,1.9172430608233864,9.20168663169965,6.513346215927206,3.835571065274547
2024-05-26,South Korea,1.9046387524039137,9.12790095872028,6.441592024117183,3.8168283727634926
2024-06-02,South Korea,1.9047632547040656,9.229473950581292,6.460160895310433,3.6429097463019806
2024-06-16,South Korea,1.891126414141987,9.356541058268505,6.491935531822461,3.9235851790851544
2024-06-23,South Korea,1.8854604362674041,9.61042320657929,6.68132573864962,3.9685681102176114
2024-06-30,South Korea,1.8863003342124862,9.697003322116675,6.800912764826108,3.9865046842919982
2024-07-07,South Korea,1.8978377215595976,9.674659436179084,6.834613417233592,3.8719004917331583
2024-07-14,South Korea,1.8980834437105796,10.01428502973447,7.941215464643037,3.9287650573138
2024-07-21,South Korea,1.8743130925713145,10.02713612506121,8.024229041406624,3.9255932548160777
2024-07-28,South Korea,1.8795009092775328,10.06442191921836,7.880391293941914,3.664673349665165
2024-08-04,South Korea,1.8910052045536574,8.939768269116728,7.4653281255987824,2.901365372545299
2024-08-11,South Korea,1.8505844816002002,9.010670510012988,7.494665784443234,3.4406529313572927
2024-08-18,South Korea,1.9028989207675167,9.024889873110215,7.561721671081282,3.495948020161952
2024-08-25,South Korea,1.9100201640430674,8.889742114440407,7.5345029473563665,3.485164465563608
2024-09-01,South Korea,1.936495835032871,8.806955874584494,7.635997734159085,3.4874041891029957
2024-09-08,South Korea,1.9291239190774927,8.919146800544059,7.349082685897212,3.0565929616889904
2024-09-15,South Korea,1.935303719668764,8.916795631528418,7.412300079033011,3.3282870458666873
2024-09-22,South Korea,1.9565195428459305,8.945699604741222,7.421240640105468,3.5200413770721823
2024-09-29,South Korea,1.9496642915094884,9.000746143118956,7.426543057230677,2.927187450813316
2024-10-06,South Korea,1.9435743456309695,7.994943202329544,7.769435502572999,2.265125744853988
2024-10-13,South Korea,1.9363632373979045,8.004663906748446,7.758786273063152,1.9242705612720592
2024-10-20,South Korea,1.9293854740017413,7.889059095853898,7.324372480216147,2.18529831014177
2024-10-27,South Korea,1.9167328064171778,7.74535045168156,7.384325550699509,2.056165125588083
2024-11-03,South Korea,1.9091402145166092,8.122161862078402,7.470940614316843,2.4077106126458867
2024-11-10,South Korea,1.9292546141406168,8.053524133136758,7.505642251024965,2.8073875452948527
2024-11-17,South Korea,1.923148419142264,8.212929186525583,7.5184723097209645,3.102066756001059
2024-11-24,South Korea,1.916605323413257,8.176823132020457,7.469578736761659,3.077473536795562
2024-12-01,South Korea,1.910146121962542,8.38350230804744,7.651478772086474,3.1827406459819447
2024-12-08,South Korea,1.8924616238228027,8.458981288270587,7.942382755273005,3.298908038339767
2024-12-15,South Korea,1.8924616238228027,8.554470713113233,7.902302220984446,3.169184584250281
2024-12-22,South Korea,1.8732585125743957,8.539244264790858,8.365013245519327,3.3058747426378834
2024-12-29,South Korea,1.8741959143890048,8.439282059106528,8.335536122443134,3.284626981500482
2015-01-04,Thailand,1.3978307449291143,26.8384653459188,10.83266314537363,2.8834383487540944
2015-01-11,Thailand,1.3357902403125035,26.655953257245063,8.910951646935043,3.1712536620522247
2015-01-18,Thailand,1.3157051158789725,26.309437091474,8.845603772544587,2.793000556545939
2015-01-25,Thailand,1.392853202582709,26.31437193540855,8.807196370437234,2.735630579022663
2015-02-01,Thailand,1.3708696891125811,26.277814940956112,7.823716802253443,2.682029147708975
2015-02-08,Thailand,1.3660950480652092,26.424271756053862,6.4146655987188055,2.6198515992454805
2015-02-15,Thailand,1.356649589816218,28.080987398440023,6.321366998530745,2.8624022754228715
2015-02-22,Thailand,1.3732702459229844,28.42871272090833,6.3114586308869125,2.954013114631487
2015-03-01,Thailand,1.392853202582709,28.221917353888777,6.251699833496737,2.859662951202753
2015-03-08,Thailand,1.410498782340256,27.591612169883906,6.264605753076066,3.2885725308502733
2015-03-15,Thailand,1.3854084640180029,27.03933615199124,6.164315699935879,2.8890646505515045
2015-03-22,Thailand,1.3614034004986628,26.54435591294777,6.138308056891763,3.148262709765152
2015-03-29,Thailand,1.3757289945084348,26.590620354301095,6.0226090014750255,3.009874447161175
2015-04-05,Thailand,1.3805754139157407,26.39349526334685,5.855465216558694,3.0101173318601187
2015-04-12,Thailand,1.4003340915507299,26.40888408873301,5.8676738438949245,3.8312676989923826
2015-04-19,Thailand,1.3879139537464753,26.22918375600891,5.6763366226481295,3.962193523315391
2015-04-26,Thailand,1.3781476632722423,25.887090013739744,5.634919779604907,4.646257831436178
2015-05-03,Thailand,1.3830123255640367,23.18006899152705,5.572947984345331,4.66913938374524
2015-05-10,Thailand,1.3903788339612386,23.02227553108353,5.556171771041416,4.725557646392383
2015-05-17,Thailand,1.4003340915507299,23.11502149953044,5.571467844647024,5.452905849692071
2015-05-24,Thailand,1.407903547966387,23.12364564672326,5.576544300324901,5.366966275564951
2015-05-31,Thailand,1.4053703770327857,23.114831065496404,5.527708251978403,4.920169872678351
2015-06-07,Thailand,1.3780982121714582,23.27530212500568,5.411437765777176,4.920083783205406
2015-06-14,Thailand,1.380525776683156,23.00257627101795,5.370368535521768,5.293575764826796
2015-06-21,Thailand,1.3780982121714582,23.00472591477227,5.309585865271081,5.424533751422011
2015-06-28,Thailand,1.3830123255640367,22.813411852347276,5.311613944344522,5.410015301860005
2015-07-05,Thailand,1.3879139537464753,23.038252509395907,5.329722040025649,5.630376825118268
2015-07-12,Thailand,1.392853202582709,23.16316093728167,5.323155018581119,3.8144305304524666
2015-07-19,Thailand,1.415616296544469,22.81150758833374,5.363375217395964,4.650494582559677
2015-07-26,Thailand,1.392853202582709,21.42063086417173,5.238293290394904,4.001818479918206
2015-08-02,Thailand,1.3757289945084348,21.77122111508628,5.24153231733601,4.015466952932911
2015-08-09,Thailand,1.345031579447956,21.80447054131951,5.135360188245639,3.7652471503406337
2015-08-16,Thailand,1.2607309613675233,22.12092298888054,5.1293391910622415,3.781193253877071
2015-08-23,Thailand,1.1557096708688226,21.762096482325894,5.083441734173105,3.3749711651357623
2015-08-30,Thailand,1.2121257814859043,21.719339078381303,5.081962771880209,2.8277435692606456
2015-09-06,Thailand,1.2035621586287832,21.651113106846548,5.062675356807406,3.0305910214711527
2015-09-13,Thailand,1.1770428399372501,21.79305339863241,5.001574981472775,2.9983579654862504
2015-09-20,Thailand,1.2568458937698581,21.060701721257917,4.949455584037982,3.3298928172762023
2015-09-27,Thailand,1.154319258848023,20.43024745666486,4.884192486059467,3.142470461575817
2015-10-04,Thailand,1.1011425294654191,20.205578377885068,4.8326841537589775,3.5067605359803427
2015-10-11,Thailand,1.2255844167878203,18.745479714106093,4.62365657381567,3.5655063013416797
2015-10-18,Thailand,1.2530237079267725,18.46746705347117,4.586172007833088,3.9469496004501976
2015-10-25,Thailand,1.258868337925866,18.302918341491768,4.5416985469924125,3.705441583296114
2015-11-01,Thailand,1.2671857922764618,18.25646029683235,4.547443028963065,3.643301158465322
2015-11-08,Thailand,1.2837029441218424,18.110620051746412,4.544461659639002,3.89866277079197
2015-11-15,Thailand,1.2742094195456288,18.101426418012107,4.477457239117414,3.2423316786640504
2015-11-22,Thailand,1.2846897077533237,18.07157919176754,4.5091856196560345,3.3722830768623515
2015-11-29,Thailand,1.278407638755859,18.018819838169264,4.537606803374367,3.0786667243655748
2015-12-06,Thailand,1.2650134929208858,18.25275734089927,4.594217048997349,3.4463664701609686
2015-12-13,Thailand,1.2177507383931045,17.855686249282325,4.36578372776965,2.7654960373407165
2015-12-20,Thailand,1.2216565744786334,17.851885247267045,4.416296289958505,3.085118414112836
2015-12-27,Thailand,1.229296914673458,17.814586292501517,4.4224691190794045,3.090892709649755
2016-01-03,Thailand,1.2351027837366009,16.891636891302998,4.388862758675145,2.936386178348325
2016-01-10,Thailand,1.2091954821988873,16.86420127700745,4.483731384846279,2.5252870462736334
2016-01-17,Thailand,1.1558524291722905,16.99259712071836,4.484339407000473,2.3080041927274633
2016-01-24,Thailand,1.1524340159636688,16.72056702634971,4.489843407889177,2.3334648792242736
2016-01-31,Thailand,1.1683459612406442,16.63079526035093,4.689934912916059,2.345696189600137
2016-02-07,Thailand,1.147266042353457,16.64886444834908,5.252729569647383,2.21810424822878
2016-02-14,Thailand,1.119482094407402,16.67717376151078,5.2706949719561,2.1490001306610496
2016-02-21,Thailand,1.1553528989233577,16.65938666688959,5.293855783662055,2.305088964234345
2016-02-28,Thailand,1.1648677067696025,16.738292987346284,5.114738590599868,2.3793117222090383
2016-03-06,Thailand,1.212241702985798,16.14945856603538,5.118209443435766,2.900511267727616
2016-03-13,Thailand,1.254008041892972,16.171514954281562,5.134417021082102,3.0252570819258477
2016-03-20,Thailand,1.2984827692391603,16.263654289322186,5.125092876908467,3.4765098467094906
2016-03-27,Thailand,1.2377033199947605,16.033612595105986,5.13675825963048,3.451738295241561
2016-04-03,Thailand,1.2674787461758736,16.078729905195736,5.176583876121275,3.1384254148596136
2016-04-10,Thailand,1.2704993173392227,16.053309076088286,5.053652077525295,3.177375040457979
2016-04-17,Thailand,1.307438103305794,16.137150304140434,5.29684515295455,2.8982956864910836
2016-04-24,Thailand,1.2998426200079676,16.178360700863696,5.321133679859347,3.688611908935627
2016-05-01,Thailand,1.2891696695426282,17.3083413953491,5.359908959460839,3.639634966283588
2016-05-08,Thailand,1.2828888757196664,17.321229493306948,5.243261295914736,3.609014580704646
2016-05-15,Thailand,1.2902943203621609,17.056558664814474,5.254622830784133,3.678729005045456
2016-05-22,Thailand,1.299754804545436,16.776029921907362,5.21966773444637,3.807350775653925
2016-05-29,Thailand,1.3126992760033913,16.865816942993025,5.2262773972874745,4.335124106798462
2016-06-05,Thailand,1.3093950555567275,16.702393546609862,5.303696661904118,4.527951311764116
2016-06-12,Thailand,1.3270423591491902,16.829556028226563,5.431272831915677,3.862253314172192
2016-06-19,Thailand,1.3160649297851976,16.825956199822468,5.356919806715936,3.710965576451944
2016-06-26,Thailand,1.3053983021494584,16.891257447217253,5.365572857012764,3.5037531029965523
2016-07-03,Thailand,1.3249417224271656,16.88742431805016,5.313192621701459,4.320358084029457
2016-07-10,Thailand,1.357894716308193,16.90573618244589,5.267514522082821,3.668561704834492
2016-07-17,Thailand,1.4220983440339643,17.04733147684912,5.268977952007199,4.255626952298772
2016-07-24,Thailand,1.45958278994135,17.998109299064684,5.320144319832472,3.968080341915754
2016-07-31,Thailand,1.445956460852141,17.93243397104158,5.296737195902114,3.729043223193501
2016-08-07,Thailand,1.444582583350105,17.32973972613969,5.385542506801517,3.617444782470576
2016-08-14,Thailand,1.460933777710469,17.298060067072345,5.399581548055866,4.073920426257492
2016-08-21,Thailand,1.4952282132220207,17.558187373460388,5.447523532709609,4.4769556642625306
2016-08-28,Thailand,1.4893584530374087,17.599532578752143,5.4598077314961975,4.304519972250728
2016-09-04,Thailand,1.4923159466112557,17.491008620623855,5.50060197541635,4.060581671652452
2016-09-11,Thailand,1.517679741043979,17.402611981226542,5.601721440460956,3.9134033368215446
2016-09-18,Thailand,1.499652731287018,17.66766851754724,5.626818317864378,3.8879200920375863
2016-09-25,Thailand,1.4877672594381808,18.106159271845645,5.679911611730302,3.4754764575668315
2016-10-02,Thailand,1.4735143012655803,18.364950643430905,5.5854356813635455,3.978730259109611
2016-10-09,Thailand,1.483427449621674,19.054937543088908,6.05781923123278,4.291786673207493
2016-10-16,Thailand,1.402847272417049,18.78652200891758,5.993220559790689,4.4039652142976005
2016-10-23,Thailand,1.4194553880900334,18.95098321421109,6.032720485729591,4.8865667523815155
2016-10-30,Thailand,1.4378666072938624,19.084349503635003,6.053374045386363,4.12807120568516
2016-11-06,Thailand,1.4312753906777025,19.27544469384225,5.9386968609435,3.4844105758523005
2016-11-13,Thailand,1.4379209200335101,18.330169502680288,5.86767751516385,3.2950254549209013
2016-11-20,Thailand,1.432566529156027,18.178753172765596,5.887847413280586,3.1708731101076597
2016-11-27,Thailand,1.4487132967007026,18.2002532362743,5.883681677134467,2.6838575787372574
2016-12-04,Thailand,1.4568895842312242,17.42774546864167,5.651613025777771,4.682783621992502
2016-12-11,Thailand,1.496779146275123,17.93730798373621,5.986037228478838,4.717029038289156
2016-12-18,Thailand,1.514781364801868,17.69176533131852,6.023924782848912,4.856162169589453
2016-12-25,Thailand,1.519227103839929,17.69711268342347,5.998120589266117,4.85548982006168
2017-01-01,Thailand,1.520778436286392,18.415598593204905,6.018377183289365,5.044758051268468
2017-01-08,Thailand,1.5361964616439137,14.246727109011488,5.646824016102856,4.547338655411142
2017-01-15,Thailand,1.5442826724419345,14.238792620415085,5.7987829213092725,4.537807378972011
2017-01-22,Thailand,1.548952837183741,14.379309987096171,5.787227264315127,4.584884488364408
2017-01-29,Thailand,1.568749397281573,14.441750473009083,5.800111062695461,4.592860151556404
2017-02-05,Thailand,1.5787988717423216,14.383641559044737,5.928239584127429,4.592898046477196
2017-02-12,Thailand,1.6031300112553084,14.373902403739269,6.071347391661628,4.591272633473556
2017-02-19,Thailand,1.6319658870253124,14.43363801703935,6.08196185220368,4.598220774643914
2017-02-26,Thailand,1.703369698837526,14.47549080468581,6.507727046251382,4.605815457790076
2017-03-05,Thailand,1.691154888756512,14.397405784820686,6.359589667762875,4.930869565930994
2017-03-12,Thailand,1.6832946250792822,14.224641890887886,6.434281614752597,4.094379609601107
2017-03-19,Thailand,1.7322164788186025,14.088282975663333,6.561368918360468,4.904452058412085
2017-03-26,Thailand,1.6931582584053364,14.24655612448232,6.715211052609222,4.519397447501569
2017-04-02,Thailand,1.7186542665625713,14.295703121480129,6.773664130380212,5.101671607572887
2017-04-09,Thailand,1.7140330840463414,14.183351343628289,7.309069023815658,5.1096952614856885
2017-04-16,Thailand,1.6806715290921632,14.122082590688086,7.313590697120755,5.110671499302878
2017-04-23,Thailand,1.6808351902841738,14.145207142250335,7.251910504149263,4.712912146402802
2017-04-30,Thailand,1.688992653229254,13.95490037259657,7.275522889491858,4.933648217884651
2017-05-07,Thailand,1.674895203572902,13.852092901979976,7.445203842412879,4.03865874769746
2017-05-14,Thailand,1.687335069749549,14.029180333675628,7.456396604187119,4.053030174433818
2017-05-21,Thailand,1.6713450142135353,14.181509246138829,7.467554636695285,4.66979232408975
2017-05-28,Thailand,1.6713450142135353,14.203925894199443,7.422951464162549,4.639691072616267
2017-06-04,Thailand,1.6774099948203545,14.345918251156576,7.489090905679887,4.238606635416505
2017-06-11,Thailand,1.6772473289567176,14.335653721821858,7.430325408801973,4.215166930722259
2017-06-18,Thailand,1.6652650533925688,14.348562298060129,7.576353685496177,4.960822512100164
2017-06-25,Thailand,1.6325665987319948,14.351781418987434,7.597352318882422,4.321439515891223
2017-07-02,Thailand,1.6309161525220637,14.345413924374212,7.599687494568707,4.8249648084801064
2017-07-09,Thailand,1.625473404085986,14.382010906114484,7.683835681167761,4.225408545260309
2017-07-16,Thailand,1.636411080178814,14.336006309898016,7.777598335238793,4.692447413358094
2017-07-23,Thailand,1.621627542803333,14.30640950438553,7.755967272661299,4.892942126941292
2017-07-30,Thailand,1.644024941869503,14.37859718046359,7.787293283531828,4.797764521738568
2017-08-06,Thailand,1.6515087549233498,14.778860212822352,7.848240625917194,5.022710559206911
2017-08-13,Thailand,1.630841319808819,14.860468071756966,7.891039221772536,5.054556685210616
2017-08-20,Thailand,1.656422579759385,14.83179758185476,7.756832722055653,5.070330981497906
2017-08-27,Thailand,1.6753810602819894,14.849970860645104,7.720210568840396,4.96592945226829
2017-09-03,Thailand,1.7022636446031312,14.963404468178435,7.673059165526468,4.985190114758463
2017-09-10,Thailand,1.6997193890953697,15.058731826665058,7.624361097145432,4.901924833170103
2017-09-17,Thailand,1.7417218755582913,15.042290684896363,7.758403858951808,5.26654577715727
2017-09-24,Thailand,1.7318576133450876,15.11891141816838,7.889489799104307,5.274950631999426
2017-10-01,Thailand,1.7191797792703871,14.948224541164471,8.172619225215453,5.248393085948336
2017-10-08,Thailand,1.7388982819095857,15.07464777837851,8.03079303105747,5.141698717321111
2017-10-15,Thailand,1.7413566278140162,15.339157711436808,8.211390633605088,5.235908691914622
2017-10-22,Thailand,1.755314133807976,15.249413220335915,8.202310777859282,5.221195753537008
2017-10-29,Thailand,1.7668593302105204,15.240966059911038,8.221433421214645,5.219401201427069
2017-11-05,Thailand,1.7621926621100419,15.271434475873289,8.44592672807124,5.238918125048268
2017-11-12,Thailand,1.7324856924615124,15.87472157702422,8.897454886420864,4.8598061428955885
2017-11-19,Thailand,1.7324856924615124,16.041620616131134,8.869419969271204,5.315289861091342
2017-11-26,Thailand,1.7459387549048575,16.104226058811374,9.000300715739288,5.330628569035606
2017-12-03,Thailand,1.7528850908311422,16.390511308506667,10.17150257110779,5.777374223090383
2017-12-10,Thailand,1.7577539196079361,16.422327742593346,10.004886437965135,5.778956281078458
2017-12-17,Thailand,1.7670505704987334,16.651818299755337,9.991295708354295,5.803279215153843
2017-12-24,Thailand,1.7764129158943591,16.399517734460407,9.777258475154666,5.768384876712687
2017-12-31,Thailand,1.769159759375258,16.41537239050481,9.813142044375898,5.77470442813968
2018-01-07,Thailand,1.7960466768260577,14.61492656537126,9.114091379844822,5.522604152226012
2018-01-14,Thailand,1.8242577849015709,14.6980005066868,9.163952286623744,5.540075126364094
2018-01-21,Thailand,1.8222374321251071,14.710798551584062,9.18128036765032,5.54356673818493
2018-01-28,Thailand,1.8229807636159654,14.525245138657471,9.190758535304768,5.531617307189142
2018-02-04,Thailand,1.8219191372729941,14.46600453263082,9.204274628927864,5.565161118406574
2018-02-11,Thailand,1.7911202455602029,14.277704740132904,9.185058611201326,4.462508584080835
2018-02-18,Thailand,1.7979692543571222,14.27301781672871,9.220272718269166,4.964414650369122
2018-02-25,Thailand,1.818535808036278,14.21548611953557,9.17916916668528,5.435535270527237
2018-03-04,Thailand,1.8326342939980527,14.788788028580594,9.427743169477983,5.15406127730225
2018-03-11,Thailand,1.8390605615551194,15.083315449146196,9.494480571049714,5.156676617299864
2018-03-18,Thailand,1.8369824504070735,15.336571210522925,9.497357386353665,5.4817004738809985
2018-03-25,Thailand,1.7537247442936859,15.40319696612254,9.4613326400662,4.93026167600124
2018-04-01,Thailand,1.7681041333860708,15.37111754261567,9.47571433553552,4.923880957189004
2018-04-08,Thailand,1.7846545853566995,15.39033234806966,9.338565710453873,5.3138849310556955
2018-04-15,Thailand,1.7945336416858855,15.498424443308728,9.317916357877316,4.68884990095157
2018-04-22,Thailand,1.7922222224052466,15.199935392927951,9.16927024770713,4.581982718992999
2018-04-29,Thailand,1.7898207371577404,15.306415622748382,9.21187020307445,5.146399930887781
2018-05-06,Thailand,1.7801256572979205,14.814012319473155,8.652924990546218,4.8618394950699235
2018-05-13,Thailand,1.7827792965296327,14.671395825246536,8.64031964265001,4.914296171178808
2018-05-20,Thailand,1.7759264135192057,14.524499564416873,8.617171562116113,4.9697336621638275
2018-05-27,Thailand,1.7779730046332078,14.45252948802788,8.671105473208273,4.573305199342346
2018-06-03,Thailand,1.7733063622633813,14.425266967270202,8.647587000683798,4.431071375838661
2018-06-10,Thailand,1.7733063622633813,14.432883756858962,8.767145516637672,4.59733467719733
2018-06-17,Thailand,1.787827802671571,13.639192206233314,8.472793446426817,4.522072084822854
2018-06-24,Thailand,1.7668593302105204,13.539638448610026,8.374578864933511,4.85460357445156
2018-07-01,Thailand,1.7388982819095857,13.517296581531822,8.433793522971033,4.565305692667447
2018-07-08,Thailand,1.747874893854088,13.201935860872805,8.502118898861964,4.1288799065795185
2018-07-15,Thailand,1.7715666302767583,13.209397099156886,8.354506852471113,4.122210153439342
2018-07-22,Thailand,1.7768026107308048,13.277943541957846,8.417506389043767,4.123759686560392
2018-07-29,Thailand,1.7962486255825425,13.261796049759509,8.582507492584808,4.11995000394918
2018-08-05,Thailand,1.79392976991894,12.89351643276034,8.468758868104677,3.5092115618572763
2018-08-12,Thailand,1.7916208619060123,12.895475165157862,8.438930859113801,3.508333855266087
2018-08-19,Thailand,1.8119378695098927,12.898232221279825,8.564948209280951,3.5108458775133657
2018-08-26,Thailand,1.8122502986261682,12.695510565819198,8.511518803227103,3.5098777592392585
2018-09-02,Thailand,1.8122502986261682,12.660065641909751,8.54492257610343,3.5110880233760753
2018-09-09,Thailand,1.8071719422453254,12.560914462524678,8.702092485206643,3.474600084874371
2018-09-16,Thailand,1.825644512261459,12.576595909888145,8.684895711167984,3.476957355128012
2018-09-23,Thailand,1.832525943388709,12.556000474738084,8.797680636279223,3.479958552817555
2018-09-30,Thailand,1.8268208535299086,12.629876504772776,8.804375503843664,3.4847772768306458
2018-10-07,Thailand,1.8092388570296423,12.278654414581284,8.858602423157397,3.4483314041311535
2018-10-14,Thailand,1.7963497802951554,12.360449953514143,8.872001641814128,3.454468603274889
2018-10-21,Thailand,1.790720090436342,12.393881918404936,8.885669701319436,3.45854475367583
2018-10-28,Thailand,1.7852481496519241,12.20312571842102,8.377808470030475,3.4398328247018335
2018-11-04,Thailand,1.7913204357257075,12.064215312216898,8.360649399397989,3.3229742835637732
2018-11-11,Thailand,1.795945579691196,11.983599165582966,8.091596793887751,3.312972536384724
2018-11-18,Thailand,1.7874302058618943,11.974959318712296,7.99597446088343,3.0077972118983616
2018-11-25,Thailand,1.7737905944769927,11.932781088941711,7.775996625877961,1.7494798689573297
2018-12-02,Thailand,1.780812377072359,12.391132585369734,8.07910673726616,2.006064662467135
2018-12-09,Thailand,1.7853470420949322,12.152383266712189,7.592433906205516,3.014941197499029
2018-12-16,Thailand,1.7942315699120066,12.155067759844842,7.490908652609202,2.968319688664015
2018-12-23,Thailand,1.7801256572979205,12.187059807575116,7.547013819854763,2.3287627338950156
2018-12-30,Thailand,1.774857443001607,12.19712256500266,7.593886483852393,2.2669880936872
2019-01-06,Thailand,1.7597327409669536,14.32100002765072,8.011188765688813,2.168089503408679
2019-01-13,Thailand,1.7851490775601677,14.425069664879082,7.957297324743459,2.896485212616346
2019-01-20,Thailand,1.8024483119473431,14.424861829620976,7.915315120025317,3.442336836679459
2019-01-27,Thailand,1.812667019355794,14.769999895808349,8.082750817835851,3.5071702313798143
2019-02-03,Thailand,1.8188520636100882,14.538918094973358,8.05948913132771,3.5185888019751483
2019-02-10,Thailand,1.8130839647073236,14.60060694237414,8.063463309980811,3.5178476465922577
2019-02-17,Thailand,1.7717597420869344,14.650570683127068,8.05030838626143,3.5248660855995695
2019-02-24,Thailand,1.7750515460485554,14.662554583098805,8.078380494906684,3.524224442583955
2019-03-03,Thailand,1.7844568768350006,14.006464096972378,7.8713057395893165,3.44947191588948
2019-03-10,Thailand,1.780812377072359,14.041405324806114,7.9035194780598435,3.4535407823286435
2019-03-17,Thailand,1.7989839352385568,14.040607476619662,7.9044374429246735,3.455746070394096
2019-03-24,Thailand,1.7916208619060123,14.062135927622132,8.01652437959109,3.4569624593771953
2019-03-31,Thailand,1.8064503207526696,14.061726033084357,7.885195786989581,3.459041332655977
2019-04-07,Thailand,1.8229807636159654,14.109095969021164,7.910558797152651,3.488783980386679
2019-04-14,Thailand,1.8311209324523947,14.10257075233493,7.970153778630971,3.4913035447491483
2019-04-21,Thailand,1.870340209458524,14.22748157749875,8.059462404359786,3.494656252549877
2019-04-28,Thailand,1.8731414574085612,14.279919936784143,8.0604253252079,3.4947053002842594
2019-05-05,Thailand,1.8746653744215946,14.685844720705823,8.426419706405039,3.589695741435629
2019-05-12,Thailand,1.867322380392323,14.5445899345044,8.414075461180198,3.5956609874324257
2019-05-19,Thailand,1.867322380392323,14.580924143056071,8.512642479100336,3.591961961029524
2019-05-26,Thailand,1.86697531695126,14.744272741163634,8.352473590482138,3.5966482940233773
2019-06-02,Thailand,1.8557643774392902,14.48361822536438,8.028420250835374,2.4956300728519554
2019-06-09,Thailand,1.8689451062372273,14.059837285781768,7.886495739203373,3.2092758750692356
2019-06-16,Thailand,1.884263088804794,14.86857216943835,8.102382461792569,2.8299443958753594
2019-06-23,Thailand,1.9070096649280674,14.758260953983596,8.153965775615491,2.9262622877452618
2019-06-30,Thailand,1.8971012663735207,14.811324741519032,8.165021249075824,3.1838896660587905
2019-07-07,Thailand,1.906509629348967,15.091449867258074,7.638916817847985,3.664539953624253
2019-07-14,Thailand,1.9010415328479953,15.13334003678965,7.73232166129105,4.230076669207461
2019-07-21,Thailand,1.9032712399812928,15.178267973800413,7.7343747575357105,3.648245592667146
2019-07-28,Thailand,1.9243120911609042,15.131681599254284,7.748585184128688,3.9637875521489514
2019-08-04,Thailand,1.9225032965318367,15.62169256312436,7.7625684701564275,3.572309499573772
2019-08-11,Thailand,1.921472611422666,15.65299960310452,7.6927522007634686,3.6232407056805
2019-08-18,Thailand,1.9241826756073823,15.636046827389087,7.706358040314022,3.6356829785770217
2019-08-25,Thailand,1.9324015567390478,15.947877785943106,7.907900298128795,3.637020132032421
2019-09-01,Thailand,1.9324015567390478,16.019539936028025,7.863313170162337,4.02340901606752
2019-09-08,Thailand,1.9561056848232137,16.275345404639562,7.718623618996744,3.898597556237984
2019-09-15,Thailand,1.9828897189170123,16.226122084269342,7.757301094113073,3.610922556498611
2019-09-22,Thailand,1.9518478307459297,16.27112365782958,7.547620608669871,3.227189706184723
2019-09-29,Thailand,1.9551408981406244,16.27020415361666,7.457859408481082,3.2377243107025886
2019-10-06,Thailand,1.95294300350375,16.45136991321217,7.459185787771205,3.3208863795735897
2019-10-13,Thailand,1.9605394364179045,16.299927891885304,7.47107361275481,3.2753885494514257
2019-10-20,Thailand,1.97551748049588,16.26826221003658,7.476879910838,3.649690666834687
2019-10-27,Thailand,1.985811255749566,16.81341648532365,7.836509800368621,3.8784621779342863
2019-11-03,Thailand,1.9954284588376643,17.06065031976234,7.747475566746791,3.864390822569902
2019-11-10,Thailand,2.0049346670615535,16.921435793093856,7.983437812836629,4.2386361454656
2019-11-17,Thailand,2.005849623923624,17.016504350156776,8.083331840506158,4.115771446578399
2019-11-24,Thailand,1.9954284588376643,17.244505926893403,8.373436624851644,4.12455870591253
2019-12-01,Thailand,1.9967753033318119,17.1837636820139,8.372159680276567,3.566261411288951
2019-12-08,Thailand,1.9997813558263025,17.574035123827564,8.983311432742955,4.672673939637477
2019-12-15,Thailand,2.0174367289542308,17.58819360094353,9.27226894527149,5.261419305275469
2019-12-22,Thailand,2.043458361977034,17.65768202743239,9.31856583881668,5.498603085685698
2019-12-29,Thailand,2.0527928206412116,17.68357797944036,9.33831530883505,5.582253176751165
2020-01-05,Thailand,2.0511124831003302,11.04558167108694,8.393174536632486,4.6556344437157895
2020-01-12,Thailand,2.0650699958148873,11.03058010993861,8.414367751725415,4.90424647334523
2020-01-19,Thailand,2.0880787031764307,10.93679267894744,8.308207726863973,5.192626574357977
2020-01-26,Thailand,2.07962971962777,10.883775365873644,8.213011956489504,4.228077743803098
2020-02-02,Thailand,2.0093736207925037,10.701820323342153,7.796631121486366,3.4796277109661395
2020-02-09,Thailand,2.0005356275838695,10.648735853219858,6.767905129770531,3.7603139183485266
2020-02-16,Thailand,2.006460656703339,10.666134617606136,6.7815817154682,3.965686913139737
2020-02-23,Thailand,2.006460656703339,10.571083243499594,6.787220008978822,3.948876046567267
2020-03-01,Thailand,1.8553117894606361,10.671091982842809,6.884532110735869,2.595433565258331
2020-03-08,Thailand,1.7597326465694167,10.068525100974464,6.757858744596953,2.1901386502802755
2020-03-15,Thailand,1.551955918290669,9.911006881660276,4.074749557778126,2.1573351080647294
2020-03-22,Thailand,1.4135225688214348,9.697753305970505,3.828093738354016,2.1408047494477196
2020-03-29,Thailand,1.5056833264217424,9.713947000837177,3.0696886730141406,2.150699773633526
2020-04-05,Thailand,1.4455714162235602,9.641746923867569,2.1117500590326155,2.1740106503244223
2020-04-12,Thailand,1.5209648640466038,9.655266441811362,1.995515218169752,2.181488666791513
2020-04-19,Thailand,1.577021022084929,9.687578859277655,1.8844976941834748,2.155067765840452
2020-04-26,Thailand,1.5684127898198699,9.699265947089456,1.6226069280660766,2.1990037018291755
2020-05-03,Thailand,1.6225127730689646,9.68881415963396,1.51887653968896,2.158404421840734
2020-05-10,Thailand,1.6265875784535238,9.738565683140582,1.5350388339878722,2.1569082338795975
2020-05-17,Thailand,1.6332431522906925,9.808306430953538,1.537410319101065,2.102303241495112
2020-05-24,Thailand,1.6790383526752986,9.830456653013645,1.5514794331991386,2.128065307296658
2020-05-31,Thailand,1.7064444091195046,9.886899504500638,1.5261008106679173,2.1489214049681657
2020-06-07,Thailand,1.7681041333860708,9.9059012820514,1.5226513755246402,2.351828155917462
2020-06-14,Thailand,1.78812626919895,9.90232991742417,1.5219191593528971,2.281766716197105
2020-06-21,Thailand,1.8024483119473431,9.940738588301208,1.540439682756089,2.5532505749661203
2020-06-28,Thailand,1.7905045312251517,9.952266894891691,1.538213389237959,2.3958228801270653
2020-07-05,Thailand,1.8007132484555517,9.67474938879016,1.5296396897152038,2.2750985645546233
2020-07-12,Thailand,1.7995935729334949,9.637157904434895,1.5204060190536324,2.9094222104759213
2020-07-19,Thailand,1.81120972418163,9.538025570822445,1.5134838274844584,3.741538041259389
2020-07-26,Thailand,1.816012570657214,9.563034483261184,1.5033497667423756,3.517264565670232
2020-08-02,Thailand,1.8142440503014625,9.595493442781596,1.5119158663413563,3.344949804605152
2020-08-09,Thailand,1.8287514795653788,9.58747461530043,1.5158871990401712,3.904812766550064
2020-08-16,Thailand,1.8350211976913833,9.60406673932072,1.5162765920710302,3.9097591808683454
2020-08-23,Thailand,1.8360007410705954,9.483400402009028,1.5022493010601767,3.882275397251058
2020-08-30,Thailand,1.8480139488831004,9.493126112074696,1.5115871005763215,3.8908601770842024
2020-09-06,Thailand,1.869177458012284,9.424242599976711,1.4965319124745142,3.3812124048686467
2020-09-13,Thailand,1.8621408929384362,9.444993098363556,1.4900852616154605,2.894561815265407
2020-09-20,Thailand,1.8635174624166766,9.461652237684367,1.5130122705173938,3.895111920107815
2020-09-27,Thailand,1.767337701742955,9.284029662650283,1.5012339112893458,3.6281027325179207
2020-10-04,Thailand,1.7535380630707653,9.434129088951243,1.4964325912444565,2.5646230572627937
2020-10-11,Thailand,1.801529144808018,9.43570962138768,1.513755037719205,3.5740201191434218
2020-10-18,Thailand,1.7858421751321636,9.406603589206425,1.5151390387661003,3.3955370645160654
2020-10-25,Thailand,1.7835679925761827,9.376281155287987,1.5118605109235566,3.184707448215599
2020-11-01,Thailand,1.7441930056995167,9.395177490851042,1.4868161507864055,2.192735410811975
2020-11-08,Thailand,1.7942315699120066,9.438880579920443,1.5037339635542153,2.593085474753797
2020-11-15,Thailand,1.8603108851122898,9.43476428610249,1.5217003877850606,3.0940638931685194
2020-11-22,Thailand,1.8542951626854443,9.403502484956473,1.5324916493651382,3.4572611217952365
2020-11-29,Thailand,1.873024311862652,9.403591824979102,1.5430046001458764,3.248810918687345
2020-12-06,Thailand,1.8859402090358834,9.406060342645372,1.5595008487967332,4.125878224816113
2020-12-13,Thailand,1.8860602225845011,9.419502443743038,1.5637053545906217,4.120629492529117
2020-12-20,Thailand,1.8927047652188949,9.437048724619917,1.5684287763779692,4.139292861620364
2020-12-27,Thailand,1.8927047652188949,9.379417013974876,1.5600729297933729,4.124031405582909
2021-01-03,Thailand,1.8927047652188949,7.466912261625355,1.5653111799141004,4.170579552987325
2021-01-10,Thailand,1.8927047652188949,7.44706754331856,1.5790165069943836,4.161531892769187
2021-01-17,Thailand,1.8631729473392955,7.471270508164638,1.5661634855515008,3.867480536748635
2021-01-24,Thailand,1.8576918158581726,7.496322049451058,1.577240882181174,4.181629612513645
2021-01-31,Thailand,1.8578053046326195,7.575974513202651,1.595037669951907,3.908285526588149
2021-02-07,Thailand,1.8694096822273343,7.606398957945496,1.625512206755721,4.250526101826272
2021-02-14,Thailand,1.8811626005399116,7.616424124877767,1.636889476631661,4.255759813771048
2021-02-21,Thailand,1.8815192601901534,7.631811809427566,1.634453670034605,4.261483087007659
2021-02-28,Thailand,1.846566466271685,7.579170349882509,1.6360824504958211,3.6638702978386046
2021-03-07,Thailand,1.8360007410705954,7.860480424653389,1.6381143000715748,4.410887829755662
2021-03-14,Thailand,1.8470112712513518,7.886177177875245,1.8150638243166135,4.273634176522231
2021-03-21,Thailand,1.8576918158581726,7.948980421860451,1.823527287462341,3.480018558517729
2021-03-28,Thailand,1.8293964958988287,7.899682135580527,1.983146359514659,3.4094614874709097
2021-04-04,Thailand,1.834260620887363,7.907707400890867,2.7072779691100073,3.9308128043911776
2021-04-11,Thailand,1.8346950542293534,7.885106293017985,2.802325231395276,4.036046728451144
2021-04-18,Thailand,1.8346950542293534,7.906604800353173,2.945431389010829,4.945096033626109
2021-04-25,Thailand,1.8188520636100882,7.872684942623959,3.435365365042589,4.100019739360255
2021-05-02,Thailand,1.824044537256813,7.904362407045752,4.298431276303041,4.163282407817125
2021-05-09,Thailand,1.824044537256813,7.903070195480285,4.333476719237521,4.19461146898407
2021-05-16,Thailand,1.8239381588142034,7.839506666861367,4.719726472153299,4.323606821594715
2021-05-23,Thailand,1.8242576783626683,7.841843080727666,4.716464307765204,3.954263934090297
2021-05-30,Thailand,1.8300426297064891,7.848307213281441,4.8531136495788925,4.765244547110315
2021-06-06,Thailand,1.8405968906856078,7.933192623180115,5.781407206528834,5.0288441382064075
2021-06-13,Thailand,1.8574645722746252,7.974291885763398,5.794004549668804,4.901442977563945
2021-06-20,Thailand,1.8568971826773268,7.892523209124001,5.90955494543012,4.638321298790693
2021-06-27,Thailand,1.8566704007380257,7.82912351381079,5.883580947569929,5.032147364015922
2021-07-04,Thailand,1.8565570469840802,7.888225485773298,5.913159639101736,4.715935613386195
2021-07-11,Thailand,1.8573509311057987,7.84090288275056,5.917519229816835,4.087752611024217
2021-07-18,Thailand,1.8517060197788966,7.828598961894482,5.818166415606532,4.048531209170735
2021-07-25,Thailand,1.8515938579407605,7.811841951517874,5.864875202401424,4.465465028635957
2021-08-01,Thailand,1.8241511502654235,7.83962760822994,5.8752567961189754,4.651888189922403
2021-08-08,Thailand,1.824897300765553,7.803880165193807,5.641583247888341,3.8553613603745664
2021-08-15,Thailand,1.857124063939294,7.812855618803644,5.647274954465219,4.302405256573405
2021-08-22,Thailand,1.857124063939294,7.855672995559862,5.693591886106373,3.7099772170758807
2021-08-29,Thailand,1.857237541846607,7.84239960824679,5.659851611747351,4.511745589838696
2021-09-05,Thailand,1.8922184768190407,7.865020415920009,5.702744310413599,4.233681713347758
2021-09-12,Thailand,1.8924616238228027,7.834155343609289,5.70932517620472,4.704138258734582
2021-09-19,Thailand,1.892340096585984,7.711991932515075,5.783048782652642,4.842805951521558
2021-09-26,Thailand,1.8564438313410463,7.762811425186125,5.658424960687973,4.567654938299824
2021-10-03,Thailand,1.8341519331757143,7.746391653991401,5.684696797809796,4.092840806029387
2021-10-10,Thailand,1.8236188333490508,7.755674153053776,5.813116231353578,3.992196233042958
2021-10-17,Thailand,1.8138144902377584,7.773964940464346,5.830304038671279,4.5641919174657675
2021-10-24,Thailand,1.8454558367265246,7.791434191198164,5.853481229466944,4.181090487728154
2021-10-31,Thailand,1.857237541846607,7.784837577596163,5.9707144325695,4.038204839623401
2021-11-07,Thailand,1.8623699711401485,7.8329421683356095,6.043281061508862,4.155746248243204
2021-11-14,Thailand,1.8680172088926024,7.8784610774654995,6.234313553978534,4.422425282400354
2021-11-21,Thailand,1.896120981008702,7.883296212405011,6.206850046673511,4.278249050236728
2021-11-28,Thailand,1.9121634516474288,7.624566359098545,5.989847982839807,2.246012724038708
2021-12-05,Thailand,1.9278188369757474,7.684210806298735,5.97839835958556,2.29776509170606
2021-12-12,Thailand,1.9415607907941865,7.69434954403933,5.992325663594058,3.2682731734025996
2021-12-19,Thailand,1.9616542794586502,7.71629818016958,6.006726708802512,3.1153170875419742
2021-12-26,Thailand,1.9840560976914867,7.708962519766263,6.0374257519027,3.50963804709468
2022-01-02,Thailand,2.0146304158492283,18.09960344136112,9.41858663854532,3.62354873903323
2022-01-09,Thailand,2.0067664618814502,13.203907537983708,8.652550140257096,4.233759454627844
2022-01-16,Thailand,1.957072075746904,13.17235089578959,8.703479447014997,3.7441806677765426
2022-01-23,Thailand,1.9561055468821293,13.185983334608265,8.783536744353832,3.6074903764890154
2022-01-30,Thailand,1.9643115330570189,12.668613676008048,8.857389188931938,3.086704788584649
2022-02-06,Thailand,1.9644519400362535,12.617548437806564,8.851187809454313,3.484931412421074
2022-02-13,Thailand,1.9041410485728685,12.634704155006109,8.931362877558085,3.1656958710053296
2022-02-20,Thailand,1.8986981458893188,12.426469722525598,8.8947600503516,2.8727805632164984
2022-02-27,Thailand,1.8689451062372273,12.450981886761332,8.810952646073025,3.018142767924839
2022-03-06,Thailand,1.8131882785631936,12.440517223757135,8.58926082773316,2.204274670624247
2022-03-13,Thailand,1.8244707993493208,11.87911787464773,8.411052247244745,2.21519903831899
2022-03-20,Thailand,1.845123109349633,11.869967556178258,8.259718123376953,2.1971240253717297
2022-03-27,Thailand,1.812875398768965,11.40162773955159,8.212537077320953,2.159913904015661
2022-04-03,Thailand,1.8456777731575467,11.407147264419155,6.159991009529486,2.6158435429583977
2022-04-10,Thailand,1.8394990045389519,11.370894345884544,6.011517189399487,2.6717355657576296
2022-04-17,Thailand,1.796450853153421,11.40837759651486,5.968586682975087,2.6680653770701017
2022-04-24,Thailand,1.7722423902450177,11.126665599283324,5.899323241303185,2.7511408078442994
2022-05-01,Thailand,1.7585069620184983,11.127563860534089,5.919438342275448,2.616447068932729
2022-05-08,Thailand,1.748152035129547,11.10679254114006,5.940957032527442,2.49131804591482
2022-05-15,Thailand,1.720847582856491,11.090229960503803,5.915115816535831,2.6770918516322437
2022-05-22,Thailand,1.703454877811085,11.073117980679218,5.900079488432532,2.722473407024294
2022-05-29,Thailand,1.738081165317126,11.028756790385664,5.934289507145841,2.93836562027778
2022-06-05,Thailand,1.7387166149847844,10.812708140269438,5.787859450931572,2.9819665835918676
2022-06-12,Thailand,1.7391707138406336,10.312173054279516,5.580353870563281,3.205721390568929
2022-06-19,Thailand,1.6707019229562974,10.009055545284491,5.401512348106197,2.6586206247941018
2022-06-26,Thailand,1.6710232964545493,10.02210674351563,5.39745573944884,2.802529243849795
2022-07-03,Thailand,1.6386086040502301,10.045269113272758,5.399021859656973,2.6465733375700857
2022-07-10,Thailand,1.6253250103865433,9.951299867772574,5.335234289111215,2.455108346506994
2022-07-17,Thailand,1.5957518500283996,9.618419595367316,5.1982350326760445,2.425911935309468
2022-07-24,Thailand,1.5814758693804642,9.606290373613824,5.210132347371378,2.6800477827867693
2022-07-31,Thailand,1.6172215835327348,9.571423357643146,5.216150314896616,2.8213314357876924
2022-08-07,Thailand,1.6038443252812202,9.578656439162144,4.8228651103534546,2.6160386465038745
2022-08-14,Thailand,1.6317407822022258,9.53637865856516,4.8302423235299425,3.001545953221704
2022-08-21,Thailand,1.6324163618194638,9.47927683515498,4.7885606089234045,2.519202740546002
2022-08-28,Thailand,1.6868386686696173,9.643779300486282,4.891604808377943,2.7046957369349203
2022-09-04,Thailand,1.6316658418928158,9.535958174089467,4.74327200143709,2.2809320687007
2022-09-11,Thailand,1.6468680049546336,9.537694094053371,4.745999445370362,2.570930482147475
2022-09-18,Thailand,1.6471761371555522,9.339281568860963,4.71794470092141,2.6183230089896323
2022-09-25,Thailand,1.5172471258960858,9.05803720969411,4.676658927566726,2.3577940426352546
2022-10-02,Thailand,1.4755880669368717,9.047545055004845,4.686236106139011,2.1106203024210197
2022-10-09,Thailand,1.4813853739552911,9.027408892218237,4.684794689368451,2.3028001663150492
2022-10-16,Thailand,1.4474986816118673,8.792308093786819,4.584551756083616,2.4357711003618077
2022-10-23,Thailand,1.4421717428580665,8.817890166463279,4.619359797933638,2.6449896600157223
2022-10-30,Thailand,1.4813271300528061,8.807346789645395,4.620217691431104,2.607470967873997
2022-11-06,Thailand,1.4699018710355523,8.881624033052876,4.6101301004159,2.5979383062794374
2022-11-13,Thailand,1.5354956799683805,8.375349388407017,4.579491163339188,3.119784684629665
2022-11-20,Thailand,1.5517594765065212,8.373177668581722,4.401924880472075,2.7901376931160726
2022-11-27,Thailand,1.6097356692555551,8.552000559248537,4.401882892377213,2.505177414865291
2022-12-04,Thailand,1.670300282987136,8.265403605982646,4.4254800897303435,2.89056497152151
2022-12-11,Thailand,1.662328518900193,8.28386945258086,4.368283702057582,2.800426721566555
2022-12-18,Thailand,1.6866733270405352,8.316281030773059,4.378303213066227,3.185990055912415
2022-12-25,Thailand,1.6506550350883231,8.314647850606873,4.395936328460557,3.2888445445058996
2023-01-01,Thailand,1.670541184430442,8.32122372378206,4.407350869462753,3.288179920546213
2023-01-08,Thailand,1.6706215077983275,7.739153194274208,4.613246150246306,3.5096269397044435
2023-01-15,Thailand,1.7207595944640244,7.646945588252905,4.588996460178104,4.119811981922943
2023-01-22,Thailand,1.7390799183916115,7.658356868692346,4.599729842599989,4.18312905941572
2023-01-29,Thailand,1.7573778376872513,7.735700044865571,4.605965091977381,4.073183477770262
2023-02-05,Thailand,1.800611260334951,7.629738114321551,4.516635513639178,3.901888057886139
2023-02-12,Thailand,1.7764129158943591,7.584529395650372,4.5213154121812344,4.332706638779914
2023-02-19,Thailand,1.7529782179494438,7.500075604314421,4.428407055870643,4.236679030885404
2023-02-26,Thailand,1.7484292252234959,7.460036226927488,4.44387505662521,4.036851883874271
2023-03-05,Thailand,1.7710843946580552,7.418567482111355,4.515363868842154,4.171741318432883
2023-03-12,Thailand,1.7757317025009192,7.506902434035511,4.519046349861382,4.193057570315392
2023-03-19,Thailand,1.767241974341148,7.138444477679507,4.547226413806624,2.881036609540508
2023-03-26,Thailand,1.7185666276586757,7.225131627636275,4.603655557872311,3.0941751115445455
2023-04-02,Thailand,1.729798594461087,7.165006327365309,5.218355538961218,3.825765421043875
2023-04-09,Thailand,1.7519536736679935,7.172295954322538,5.220149527821606,3.890018597113547
2023-04-16,Thailand,1.756438773516348,7.143504623582424,5.313400008909949,4.015730719841113
2023-04-23,Thailand,1.747136447644244,7.194641432770455,5.268871622191022,4.040425231074388
2023-04-30,Thailand,1.7245520477119538,7.21080563673644,5.282911223171957,4.049634718627315
2023-05-07,Thailand,1.7296199219399158,7.209009017302181,5.285023109367863,3.8519123416828425
2023-05-14,Thailand,1.728709685271885,7.2138854305941775,5.280613929102817,3.853419734343455
2023-05-21,Thailand,1.699127316606439,7.101545179441521,5.293876639188416,3.803823976877317
2023-05-28,Thailand,1.7031993800856928,7.011305971393192,5.296028900837374,3.7635200378309617
2023-06-04,Thailand,1.695336726494458,7.0550211320120955,5.348306821925908,3.71907829586822
2023-06-11,Thailand,1.7126454891623193,7.197786147768018,5.457337712754159,3.9503375785108528
2023-06-18,Thailand,1.7125587988519753,7.300121399571733,5.550908301545165,3.996748629943062
2023-06-25,Thailand,1.7118664571615052,7.231174484555451,5.534734504939085,3.963500075951276
2023-07-02,Thailand,1.7126454891623193,7.205870832558311,5.483601971766958,3.955142074117261
2023-07-09,Thailand,1.7122991556745188,7.250107384821153,5.501175039470404,3.939717409042181
2023-07-16,Thailand,1.7298879525508375,7.369386317015761,5.393632545063109,3.997570888573879
2023-07-23,Thailand,1.7297093402621577,7.380785354614022,5.399141723502365,4.00340034321114
2023-07-30,Thailand,1.7851490775601677,7.406595520099824,5.432066106773307,4.01466123186677
2023-08-06,Thailand,1.7764129158943591,7.377892993357613,5.901005759022839,4.029716702722145
2023-08-13,Thailand,1.775829049188271,7.353709410481101,5.887771897224251,4.0139788486988115
2023-08-20,Thailand,1.7568142039016728,7.34582561474051,5.852229488128647,4.0098276515954465
2023-08-27,Thailand,1.7256150901351264,7.399194203027433,5.922023604777079,4.036161251212609
2023-09-03,Thailand,1.7335642319171414,7.45545631554086,6.0799730419612645,4.025020012051484
2023-09-10,Thailand,1.734194452353004,7.343572893779615,6.045955940532185,3.973059854824287
2023-09-17,Thailand,1.7913203356118506,7.4750051746944175,6.070913524935378,4.030963631303688
2023-09-24,Thailand,1.7116935935554378,7.578831979899931,6.171104080225774,4.074338846108589
2023-10-01,Thailand,1.720320214501604,7.516156777573487,6.303645392704229,4.045152643703334
2023-10-08,Thailand,1.6402814748484402,7.533668329603689,6.025199397942478,4.049077796826192
2023-10-15,Thailand,1.6543114129567593,7.710773631984871,6.1614389745222065,3.346954314625314
2023-10-22,Thailand,1.630841319808819,7.685482108363272,6.17416331741304,3.375382552629976
2023-10-29,Thailand,1.5958927885187895,7.694157605504483,6.159972389025106,3.145580863228063
2023-11-05,Thailand,1.6035584657592539,7.68426795220901,6.164919316680484,3.959539493464408
2023-11-12,Thailand,1.6744096853039734,7.933531340472446,6.129582335863416,3.824958324650052
2023-11-19,Thailand,1.7291734058129051,7.840391601097725,6.424642836095758,3.763554323420832
2023-11-26,Thailand,1.7963496792319025,7.813920412762784,6.468727123872487,3.439824768135576
2023-12-03,Thailand,1.8002040125228964,7.994680738338335,6.493502410670409,4.333987849194046
2023-12-10,Thailand,1.7962486255825425,7.830710555721578,6.326542066440683,4.245632791812164
2023-12-17,Thailand,1.8373099149699852,7.7568282624641425,6.366227710288396,4.232986776436206
2023-12-24,Thailand,1.8211770912381586,7.748824410787483,6.24243579372253,4.233397986978883
2023-12-31,Thailand,1.8217068355768509,7.75839034036207,6.258010870133534,4.238894342655073
2024-01-07,Thailand,1.8011209889718471,9.787684754102852,6.8080644648951525,4.592360740261716
2024-01-14,Thailand,1.8163273158752855,10.09256696411571,7.107279358661341,3.991788352461245
2024-01-21,Thailand,1.8059355514120154,9.766379853462846,7.056424655377375,4.565976803659261
2024-01-28,Thailand,1.805832657521527,9.765035838344748,7.022901127651521,4.713956794258168
2024-02-04,Thailand,1.8065533346593232,9.969526908549774,7.233998629702031,4.727136687331714
2024-02-11,Thailand,1.827249268223262,9.951925691043442,7.227999727106308,4.836202793927938
2024-02-18,Thailand,1.8167473735470683,10.226597609710993,7.515769109557917,4.920074463349842
2024-02-25,Thailand,1.8270349100713128,10.332735191071931,7.561220919854588,4.95465918483657
2024-03-03,Thailand,1.8163273158752855,10.47385023718178,7.674667256302493,5.145192898588881
2024-03-10,Thailand,1.8163273158752855,10.438056072807685,7.678170508862613,5.1424087738383335
2024-03-17,Thailand,1.827142131768728,11.517134857809832,7.642002500856193,5.44713457545255
2024-03-24,Thailand,1.815383642955532,11.433166659716026,7.630714286639755,5.416377063869657
2024-03-31,Thailand,1.8104827878634253,11.564312463633234,7.666170396569698,5.453883582385058
2024-04-07,Thailand,1.7713736841837653,11.599948988357,7.917030566599105,5.165063070714721
2024-04-14,Thailand,1.784951186258239,11.63983192834961,7.941708485948546,5.1861228548954825
2024-04-21,Thailand,1.7613396947222113,11.571836788006472,7.812993891157404,5.215493887549277
2024-04-28,Thailand,1.7709879993520572,11.552071858159826,7.824326398705894,5.326565662240955
2024-05-05,Thailand,1.7851490775601677,11.549752927405637,7.683628391535264,5.544318624601278
2024-05-12,Thailand,1.805729680739394,11.537638665750896,7.69297070165914,5.53884988695292
2024-05-19,Thailand,1.805832657521527,11.687275072614854,7.79963788616527,5.609922680012139
2024-05-26,Thailand,1.8059355514120154,11.77442261976988,7.762026279817234,5.62761490219937
2024-06-02,Thailand,1.8059355514120154,11.758256068490098,7.741704547036847,5.352881080816471
2024-06-09,Thailand,1.8060383623596115,11.751869232508852,7.714914061771603,5.42013706893295
2024-06-16,Thailand,1.8050102246718511,11.75613326653306,7.698507277173072,5.428203936177268
2024-06-23,Thailand,1.7954408862395952,11.909786375648348,7.814869322646315,5.469807417595333
2024-06-30,Thailand,1.7958445017517828,11.963582518511725,7.897491602013558,5.485322897106787
2024-07-07,Thailand,1.8159076972994392,11.913122481215886,7.8807168505858,5.591248318182695
2024-07-14,Thailand,1.826392788131034,12.011296722544774,8.739422319920953,5.626375435619137
2024-07-21,Thailand,1.811417737650678,11.9689006950162,8.737021558085843,5.609006096715158
2024-07-28,Thailand,1.8108980131541004,11.875475274304584,8.653894777632168,5.516205031468828
2024-08-04,Thailand,1.805524095649057,11.14468893245964,8.485662946056065,4.213522745885766
2024-08-11,Thailand,1.7855449808860573,11.201079257691514,8.504260244648702,5.000639578594892
2024-08-18,Thailand,1.8259650713908324,11.182210805474943,8.565189453033668,5.346041303583208
2024-08-25,Thailand,1.837419151855154,10.965563099514595,8.524781955330354,5.297677259265444
2024-09-01,Thailand,1.8490182281980962,10.943464355341217,8.621370486978524,5.129022316865213
2024-09-08,Thailand,1.848459993804649,10.80856372484532,8.623919880537706,4.670159211495252
2024-09-15,Thailand,1.8591704808816814,10.773589409441216,8.579829768481597,4.680555034978865
2024-09-22,Thailand,1.8709224545941479,10.876862100321164,8.575602664846102,4.720277008971205
2024-09-29,Thailand,1.8819954707436581,11.004826951555556,8.55934848480827,4.5671273093270015
2024-10-06,Thailand,1.8848612326682515,9.741520762465548,8.971863911597437,3.6180515288055863
2024-10-13,Thailand,1.8825913273125057,9.8340848423262,9.0951182314007,3.122888890842649
2024-10-20,Thailand,1.882352830005245,9.868258550530893,8.869113606636981,3.5499817401396365
2024-10-27,Thailand,1.8703400930520433,9.620347216737285,8.826218212638862,3.3569471929504173
2024-11-03,Thailand,1.8692934989502312,9.623170123560149,8.765075105845815,3.775257858227656
2024-11-10,Thailand,1.8588288491359484,9.698841779341542,9.03923092177008,4.320912156468041
2024-11-17,Thailand,1.858942815194769,9.733355083147494,9.111330359325262,4.317036747185061
2024-11-24,Thailand,1.836873195619754,9.77219980469612,9.158021688471372,4.330755215959339
2024-12-01,Thailand,1.8369824504070735,9.912265541299991,9.299360567782324,4.3524533310095
2024-12-08,Thailand,1.8377469995954578,10.11041564351186,9.903271544614356,4.355681559371321
2024-12-15,Thailand,1.8482368677515244,10.32066654727046,9.951124894260616,4.394902226576497
2024-12-22,Thailand,1.8154884121958226,10.377880020664794,10.747914576714212,4.401921362078651
2024-12-29,Thailand,1.8163273158752855,10.395925435506058,10.744084560466392,4.409887653062166
2015-01-04,Turkey,1.0724957933267079,8.011307724318712,5.883351639124648,2.522876548322184
2015-01-11,Turkey,1.0620537164623336,7.916182935889172,5.489181384540146,2.812504555860648
2015-01-18,Turkey,1.0713813925342575,8.151973876781078,5.503512162562808,2.438220616699712
2015-01-25,Turkey,1.0950088487186733,8.81152711554459,5.728942978459737,2.367230662211453
2015-02-01,Turkey,1.0725276577013527,8.405753925258667,4.827490966707592,2.26092251607231
2015-02-08,Turkey,1.0449344951500408,8.687597580718187,4.281818606610404,2.2035047093233806
2015-02-15,Turkey,1.0569801308320868,8.832398729546002,4.227317419365503,2.424382259869163
2015-02-22,Turkey,1.0663395591969773,8.834247021265144,4.233879481970361,2.5045522130274325
2015-03-01,Turkey,1.0169449610138888,8.660170622158397,4.088002798906696,2.3763631327242405
2015-03-08,Turkey,0.9768046329489489,8.036752453719226,4.054528515622532,2.718169718033877
2015-03-15,Turkey,0.9672433359305713,8.02461666150514,4.0149296492698126,2.384358512909983
2015-03-22,Turkey,1.0014052314054112,7.858141278793129,4.015401114340846,2.63596409995013
2015-03-29,Turkey,0.9788606358360433,7.909441952338466,4.006841984226042,2.4910658890590174
2015-04-05,Turkey,0.9816292476626547,8.104517260893967,4.073440928273236,2.577956356310251
2015-04-12,Turkey,0.987167500496272,7.909586069321552,4.072062762402621,3.256749938911191
2015-04-19,Turkey,0.9379200724186146,7.803209909164757,4.035075523206378,3.3162210772002014
2015-04-26,Turkey,0.9426475785533672,7.735258571341907,3.9912891381399738,3.878327857696606
2015-05-03,Turkey,0.9554112231929124,7.765339470325515,4.008705381912167,3.96015471712348
2015-05-10,Turkey,0.9676602671495815,7.836225633655466,4.022391929091246,4.043881085490427
2015-05-17,Turkey,0.9998682738729742,7.281787533651149,3.920967647602233,3.99782216944998
2015-05-24,Turkey,1.0172708197858817,7.28144079485688,3.9234828869540985,3.994699959613482
2015-05-31,Turkey,0.9969188854392519,7.103832549416204,3.834873420595588,3.9333489707229616
2015-06-07,Turkey,0.9744174181049811,7.271791180097662,3.837269887576555,4.07711237774773
2015-06-14,Turkey,0.943644996563926,7.25921815965867,3.8348435597001664,4.065609577162292
2015-06-21,Turkey,0.9568360402012879,7.2469879101156,3.8163929071563105,4.063991961820537
2015-06-28,Turkey,0.9803567324658244,7.2584393547123245,3.814171108693885,4.071271842674899
2015-07-05,Turkey,0.9678827205797095,7.226669873789771,3.815552583069461,3.991223783191866
2015-07-12,Turkey,0.9836412059411065,7.242492433840148,3.823929959742866,3.50191605422391
2015-07-19,Turkey,0.9913972408733638,7.238255325774368,3.8494099324599382,3.999107939316897
2015-07-26,Turkey,0.9475116455096041,7.027549138904538,3.7205822901979393,3.676852134980603
2015-08-02,Turkey,0.9265386733968703,7.001823785273898,3.6978977443417618,3.667217087772584
2015-08-09,Turkey,0.8917307022778161,6.9360973223075035,3.68174076236536,3.5229139031862697
2015-08-16,Turkey,0.8681915031452393,6.841513424942136,3.6585183671052577,3.5028525924024003
2015-08-23,Turkey,0.8132716115757351,6.665993853144194,3.579991660585089,3.0887524514841975
2015-08-30,Turkey,0.8585853923244521,6.68072330586384,3.587318283200043,2.58757939828389
2015-09-06,Turkey,0.8210444023333844,6.784595410558147,3.5890103041109382,2.7933076811707607
2015-09-13,Turkey,0.7830475601343352,6.871773715257439,3.5619365731115797,2.7420689575417416
2015-09-20,Turkey,0.846139619822245,6.814029171843046,3.513946779695422,3.0551271173439236
2015-09-27,Turkey,0.7636167258984858,6.7786885080272175,3.477135922337972,2.881670150178787
2015-10-04,Turkey,0.7146621236939543,6.895393958438927,3.474730031585864,3.1779106693494867
2015-10-11,Turkey,0.8516645978577829,6.777329036409363,3.32520174245041,3.2380520950744343
2015-10-18,Turkey,0.8635578874376488,6.861281480098868,3.321116639561108,3.585312028792482
2015-10-25,Turkey,0.8866869398100762,6.868759140175842,3.3021760732876153,3.3697067577728386
2015-11-01,Turkey,0.8794779155714357,6.8603482910514835,3.2949022514957664,3.309950952255038
2015-11-08,Turkey,0.878979626206561,6.918996637249618,3.2991161673205847,3.521269050771481
2015-11-15,Turkey,0.8783571879205123,6.912039472557165,3.285181954672459,2.963283183396908
2015-11-22,Turkey,0.9134432206957204,6.897174421867926,3.306368817016763,3.0963948111314497
2015-11-29,Turkey,0.8433433804202373,6.651593788256667,3.303234669229681,2.772569359021117
2015-12-06,Turkey,0.8397954993581095,6.630107753929157,3.3811189008775484,2.9333469698254557
2015-12-13,Turkey,0.7871477220138835,6.428308782551409,3.144559435967395,2.3123899744974796
2015-12-20,Turkey,0.8505567254942317,6.325923473089885,3.149403587804216,2.630861234050997
2015-12-27,Turkey,0.8369722086108017,6.319547819526322,3.1493644387940516,2.624448548873034
2016-01-03,Turkey,0.8422464599516707,5.291782173763069,3.0417520038548993,2.576337403624016
2016-01-10,Turkey,0.7700964961654975,5.18540604658416,2.9408409979017827,2.164976951211469
2016-01-17,Turkey,0.745843676914965,5.187135816139375,2.9386270687514515,1.9585558345567593
2016-01-24,Turkey,0.8029263715250927,5.184435305572355,2.9402784674016265,1.988202143163204
2016-01-31,Turkey,0.823278274645782,5.3413174491769135,3.212532287294336,2.011715869492018
2016-02-07,Turkey,0.8002917060212827,5.333547712762796,3.439910520056403,1.9581371069743432
2016-02-14,Turkey,0.7761841952740622,5.341216365706835,3.451971571962141,1.8938764560168728
2016-02-21,Turkey,0.76012382473402,5.32282282789314,3.470624561460011,2.03111339372635
2016-02-28,Turkey,0.7673415164548812,5.314607677711975,3.498932409041869,2.077156141263162
2016-03-06,Turkey,0.8247939113410042,5.447639457984373,3.514595365868709,2.4764028522706663
2016-03-13,Turkey,0.8900123390359603,5.45350100239107,3.519062478856815,2.5968842439476116
2016-03-20,Turkey,0.9220098314879536,5.532988752591104,3.5223794461751003,2.983259334365709
2016-03-27,Turkey,0.8476730372499031,5.5560488343865755,3.5044865537628698,2.9759518487436236
2016-04-03,Turkey,0.8684371319972588,5.668242151108755,3.5135976799938557,2.7842947995769807
2016-04-10,Turkey,0.8501471847745994,5.725766831429123,3.4873816163798077,2.797693441117218
2016-04-17,Turkey,0.9084445310688619,5.76905614024265,3.5317144291545257,2.540862343871239
2016-04-24,Turkey,0.9307745444981899,5.79901260326891,3.5622073822871845,3.2526906367812107
2016-05-01,Turkey,0.9204359673017063,5.797186790589115,3.564493438351355,3.241678556487395
2016-05-08,Turkey,0.8482013615865743,5.632043672956486,3.3975896843795175,3.225577718750059
2016-05-15,Turkey,0.8477449964154854,5.836749026342041,3.4881284072317267,3.273800275755932
2016-05-22,Turkey,0.8261724434949992,5.825794997343188,3.470312062124218,3.396779256349891
2016-05-29,Turkey,0.8452779313526313,5.925006106446094,3.518785318578541,3.890881376930546
2016-06-05,Turkey,0.8730235180843875,5.802075619593471,3.506517784991375,4.197217827737618
2016-06-12,Turkey,0.883951085311157,5.829538227680845,3.514251143185412,3.5491236805206294
2016-06-19,Turkey,0.8594852608018464,5.84157293564387,3.461456436821601,3.4110630941515545
2016-06-26,Turkey,0.8680685931257279,5.852477360483227,3.4778872760389223,3.221455239833017
2016-07-03,Turkey,0.8926165613428061,5.862349058128955,3.478365866073068,4.079097469299897
2016-07-10,Turkey,0.9425398241558681,5.871372396022087,3.457167990796389,3.4746744038636943
2016-07-17,Turkey,0.9636667864024158,5.5274630133747396,3.405734338584539,3.906961884534109
2016-07-24,Turkey,0.8354345628750652,5.600702354991267,3.423662664814836,3.606380059739555
2016-07-31,Turkey,0.832414304804631,5.576077519586196,3.451589917484461,3.4330204021006945
2016-08-07,Turkey,0.8688063269616251,5.609549227155031,3.4538804753612826,3.4028694845984218
2016-08-14,Turkey,0.908935265880713,5.6687340031554765,3.480231693526191,3.845290639355199
2016-08-21,Turkey,0.9023992801862817,5.78747774770398,3.548712863773997,4.244169671793833
2016-08-28,Turkey,0.9203835579706586,5.754965512794003,3.5472403930049823,4.0599831270195725
2016-09-04,Turkey,0.9001981473245012,5.757429210123914,3.5450988386628355,3.7391713104455024
2016-09-11,Turkey,0.9164364383989966,5.78452508539304,3.633893950400311,3.607907103643047
2016-09-18,Turkey,0.9073865860473018,5.788320867786225,3.630669816476804,3.5749054497278063
2016-09-25,Turkey,0.9037330883480998,5.82897796381662,3.6697333155424223,3.185867529748297
2016-10-02,Turkey,0.8652216955733083,5.813320147478721,3.5661928146848956,3.6200612591930823
2016-10-09,Turkey,0.9004793563091495,5.8532907069827464,3.7957934397349335,3.948796991365708
2016-10-16,Turkey,0.8917307022778161,5.813469719437026,3.759541903865048,4.050907743759247
2016-10-23,Turkey,0.9053777041555388,5.824525176954285,3.76476584289843,4.488392099732599
2016-10-30,Turkey,0.8879701555887177,5.808502485253313,3.765589075931493,3.7602407607290975
2016-11-06,Turkey,0.8382996487990119,5.761749744101334,3.627406328543457,3.120113476828532
2016-11-13,Turkey,0.798139842176193,5.576400338269556,3.475676135070758,2.9135549771593623
2016-11-20,Turkey,0.7908631645875787,5.347231997802054,3.432736150813077,2.7414923128422224
2016-11-27,Turkey,0.7831364824372598,5.370732079962386,3.454244666595904,2.27735468795657
2016-12-04,Turkey,0.7726183874520963,5.261477696231414,3.474843436973512,3.672920223582962
2016-12-11,Turkey,0.8148386702427494,5.3886486928823345,3.738906256750462,3.725792233049502
2016-12-18,Turkey,0.8202776344152751,5.450571208138833,3.8293223681344872,4.546080537831059
2016-12-25,Turkey,0.8393436859575968,5.449790026805954,3.816521240367735,4.430759856873415
2017-01-01,Turkey,0.8403659579326198,6.7909371072577525,4.030628239260085,4.28389602297671
2017-01-08,Turkey,0.8508453532918944,5.614554534328359,3.882114625233356,4.101227249691273
2017-01-15,Turkey,0.8098245256927898,5.533525744389941,3.891881974909203,4.009476218561035
2017-01-22,Turkey,0.8268039403585725,5.538936915863049,3.8559730226237248,4.197751568644102
2017-01-29,Turkey,0.8415556595428014,5.434738570753689,3.836953254183915,4.028560667057295
2017-02-05,Turkey,0.9031685182591866,5.3433677920099045,3.9413242792538536,4.3443378412049425
2017-02-12,Turkey,0.9017331942508978,5.344320094438135,4.007863472710269,4.615441797058461
2017-02-19,Turkey,0.9178719003530097,5.333923111267623,4.029854501450811,4.867566153630728
2017-02-26,Turkey,0.9275162377361841,5.368581584207947,4.162102494897086,4.81618598728906
2017-03-05,Turkey,0.9124565838817232,5.344195159225197,4.054633996388363,4.798215425881506
2017-03-12,Turkey,0.9381075657004364,5.348460148754062,4.123468028379124,3.6200602572176783
2017-03-19,Turkey,0.9686339643659124,5.292260875647697,4.165799447648438,4.545434608465586
2017-03-26,Turkey,0.9372775714363369,5.295039780233069,4.194232531042197,4.032591114581778
2017-04-02,Turkey,0.9225614099286079,5.317546782476422,4.172068159301005,4.517780240625713
2017-04-09,Turkey,0.9346060168014687,5.130013678597111,4.276610965226585,4.392513075408514
2017-04-16,Turkey,0.9382415163640351,5.130702665528172,4.26616641356842,4.398668430518105
2017-04-23,Turkey,0.9442386471697579,5.080279896770177,4.283343326047208,4.090631989332477
2017-04-30,Turkey,1.0099574258811839,5.103754707767192,4.340852299087173,4.375608157838146
2017-05-07,Turkey,1.0148449999256077,5.185746931920754,4.549990322385314,3.686201638935261
2017-05-14,Turkey,1.0049255868419693,5.193640493301898,4.546275850515066,3.678842602798572
2017-05-21,Turkey,0.9989128345991184,5.197712758734343,4.559173962663103,4.212133602563635
2017-05-28,Turkey,1.0393942269153809,5.195760227344024,4.499130502021872,4.159593688887241
2017-06-04,Turkey,1.0393942269153809,5.2626105476214065,4.633224367467629,3.986179229246747
2017-06-11,Turkey,1.0414097653129368,5.24400904265084,4.565393829506299,3.9438810162416824
2017-06-18,Turkey,1.0632802515091242,5.248820489061659,4.6210545597374955,4.60598237424526
2017-06-25,Turkey,1.0586049741300698,5.246523657545484,4.633173194580601,4.056103050013615
2017-07-02,Turkey,1.0419909866937818,5.282269549796739,4.589242425652145,4.518756453395896
2017-07-09,Turkey,1.005509006596235,5.157139521464468,4.5640602457654,3.785689319366644
2017-07-16,Turkey,1.0571049947207816,5.341647632691067,4.61131956638384,4.243313678996333
2017-07-23,Turkey,1.0825684765828225,5.370744324445031,4.675400641172624,4.3997447975277995
2017-07-30,Turkey,1.0793458626829253,5.474961825322191,4.6617645432465125,4.31297492408176
2017-08-06,Turkey,1.1096352238341955,5.47695930223615,4.770550384332604,4.585411957052989
2017-08-13,Turkey,1.0862917778262962,5.499741023564634,4.803959807158599,4.599261843722631
2017-08-20,Turkey,1.0915685739390035,5.515793542273623,4.799210119783343,4.756724095767107
2017-08-27,Turkey,1.1140365063005278,5.488145520803261,4.682926156909362,4.608606148494148
2017-09-03,Turkey,1.1570312669781297,5.484494498886779,4.650593495226025,4.5658492060717135
2017-09-10,Turkey,1.1447661469849315,5.489588644965989,4.6320665926853914,4.501061419763119
2017-09-17,Turkey,1.1489610237732173,5.462360707620941,4.667656556971752,4.798624237349195
2017-09-24,Turkey,1.0738991090386036,5.407907888751491,4.715292488248503,4.754735459792661
2017-10-01,Turkey,1.0697922580323433,5.346481910735611,4.857722320431046,4.701438960703854
2017-10-08,Turkey,1.0997200038701582,5.358474673286953,4.888139884559158,4.532546995723572
2017-10-15,Turkey,1.0941226819095755,5.3582665737950235,4.946650728966264,4.534502430014292
2017-10-22,Turkey,1.1116142212156246,5.326793583194217,4.926402054496489,4.511015763553912
2017-10-29,Turkey,1.0628082708599487,5.1854069591455145,4.84264812429316,4.391208776481635
2017-11-05,Turkey,1.0265713348104168,5.146673468806426,4.980167666216728,4.39936750224655
2017-11-12,Turkey,0.9921426767391316,5.275240318138665,5.280628856690301,4.34873674481695
2017-11-19,Turkey,1.0021022145042828,5.44740121766444,5.323791896076706,4.686806843935558
2017-11-26,Turkey,1.0084034261022607,5.448699659918793,5.287525053544352,4.674991007283109
2017-12-03,Turkey,1.0245945038604591,5.538294596061486,5.310722705834841,4.80254616850137
2017-12-10,Turkey,1.0741226063488982,5.532203934902127,5.316752320174102,4.78720021783352
2017-12-17,Turkey,1.1008776662401278,5.517548097097836,5.325855373881072,4.776626745489114
2017-12-24,Turkey,1.1239771913832675,5.521142578393137,5.3395961492812045,4.774057690147478
2017-12-31,Turkey,1.128156472589616,5.52815352612393,5.349078202321001,4.777850932356518
2018-01-07,Turkey,1.159645884379536,4.0922724819957805,4.028023901078022,4.732482937571709
2018-01-14,Turkey,1.1684186049038736,4.115636574671555,4.039505315011814,4.784448538513944
2018-01-21,Turkey,1.1244555683068238,4.087608381519394,4.012720410250855,4.747587522792009
2018-01-28,Turkey,1.1403159226245125,4.156737293405408,4.041079101911974,4.872869877836649
2018-02-04,Turkey,1.1320489196453192,4.215033102982863,4.120650818310593,4.944359231781334
2018-02-11,Turkey,1.0778360240775668,4.1836461068678314,4.10257147275802,4.116700341213515
2018-02-18,Turkey,1.1409100399968903,4.207496429760307,4.116727100404278,4.604155411818964
2018-02-25,Turkey,1.1149469259578955,4.181156771601615,4.079456745034037,4.896326953665937
2018-03-04,Turkey,1.1038296302686004,4.234174315746345,4.147517660787159,4.7830901668165335
2018-03-11,Turkey,1.1322216331691421,4.243562912532281,4.159687609193846,4.77063056712898
2018-03-18,Turkey,1.0984981561403484,4.18347320449894,4.076842764481448,4.817242214710885
2018-03-25,Turkey,1.0291548786615123,4.151753416603185,4.079453315309901,4.412485166129377
2018-04-01,Turkey,1.0475194525386993,4.161966363811568,4.101629696739072,4.4268105258264905
2018-04-08,Turkey,1.0314452888701782,4.205810158446596,4.055396738686769,4.811039363975219
2018-04-15,Turkey,1.0229211773916125,4.16762456418734,4.063501290770535,4.194583249536345
2018-04-22,Turkey,1.0400349561069409,4.209073397492291,4.047942145337125,4.126580857484277
2018-04-29,Turkey,1.0411346047768169,4.240248834804519,4.0843365787163775,4.682674373175336
2018-05-06,Turkey,0.9387239244485955,4.173175038482555,3.927622300479728,4.602632587734398
2018-05-13,Turkey,0.9256150416229199,4.119802546710568,3.8904952935516928,4.602706143852293
2018-05-20,Turkey,0.8190247960439963,3.970006074277411,3.7236884464132287,4.552672525520989
2018-05-27,Turkey,0.8535223757567916,3.821327502505366,3.5394775765283875,4.02812497554994
2018-06-03,Turkey,0.8144468077690442,3.899703989511155,3.594006979915773,3.9536831988575303
2018-06-10,Turkey,0.8332393174304705,3.865012144472211,3.584216480862545,4.2191425582901685
2018-06-17,Turkey,0.7427605234919782,3.65683612976207,3.3670392322196614,4.044102314489158
2018-06-24,Turkey,0.7914690393752414,3.6600980610239953,3.3716726530328636,4.401578569157574
2018-07-01,Turkey,0.7903698041222004,3.660486904947069,3.3653490663166674,4.204975200176607
2018-07-08,Turkey,0.8067794982855319,3.6946504849473225,3.3788501894318004,4.2095454949349
2018-07-15,Turkey,0.7287356247597322,3.499429080639273,3.1510801897964567,3.923782955736424
2018-07-22,Turkey,0.7594098718126989,3.5039741670709175,3.1611572025688086,3.919782082658405
2018-07-29,Turkey,0.7459501854828396,3.4863108578887223,3.1652298861830683,3.9005451164229297
2018-08-05,Turkey,0.7042153933592845,3.4788892257731407,3.15713180258522,3.8522438066114617
2018-08-12,Turkey,0.5091351106318971,2.107663216091934,1.952820538569268,1.973781998815418
2018-08-19,Turkey,0.4170194433918191,2.0813357314346437,1.9316690995493233,1.9270407043485993
2018-08-26,Turkey,0.44759390135921534,2.0928905093382757,1.9666090550981992,1.9405131915073928
2018-09-02,Turkey,0.29417272107737524,1.966253376866036,1.8615472534215152,1.816005161165648
2018-09-09,Turkey,0.3772927985753684,1.9624249070649895,1.8704147144542769,1.7786408981747828
2018-09-16,Turkey,0.5307628516184888,1.9605429052405297,1.8657718288666083,1.7677513682246313
2018-09-23,Turkey,0.5747218141307212,1.947344580393379,1.8511706944579995,1.7581861596070578
2018-09-30,Turkey,0.6247238811985392,1.9475968239828017,1.851521406203179,1.7492380281559274
2018-10-07,Turkey,0.5443497040898175,1.909492067919512,1.8176100616313229,1.6711435889423407
2018-10-14,Turkey,0.5839384630086675,1.90664540467262,1.821446957059148,1.6578635529389034
2018-10-21,Turkey,0.5911751746529359,1.907201730713321,1.8233168809014595,1.648497494599665
2018-10-28,Turkey,0.5922904789104876,1.917581332811305,1.8179706056446896,1.654963609927366
2018-11-04,Turkey,0.6277852627097634,1.9238017298824808,1.82308885308832,1.651222100414865
2018-11-11,Turkey,0.6386544663860181,1.9204049447834035,1.8055409640225335,1.6483778713968469
2018-11-18,Turkey,0.6334484613115858,1.9256906240223384,1.8092941394971271,1.6443510808785544
2018-11-25,Turkey,0.5858139969190639,1.9313342581612785,1.8016739636979375,1.3303384327645582
2018-12-02,Turkey,0.5965849211694082,1.9362472585350132,1.8068441941890152,1.5667649350729569
2018-12-09,Turkey,0.6023166714553218,1.9357805372519168,1.8133831142166728,1.6555961725838102
2018-12-16,Turkey,0.6153426659557456,1.9287936984957257,1.7850618617506495,1.6504213103149856
2018-12-23,Turkey,0.6473008578796619,1.935316014966333,1.7845102841632543,1.6497168926595918
2018-12-30,Turkey,0.6482372760198671,1.940230835840686,1.7903412605099756,1.6515892650554684
2019-01-06,Turkey,0.6509744195582139,0.9701106474774036,0.8951086029008886,-0.1315346458272525
2019-01-13,Turkey,0.6321699166570951,0.9569001100648922,0.8918542892053081,-0.1411396372468225
2019-01-20,Turkey,0.7063319302790212,0.9671864510857008,0.9053646951538205,-0.1332325760263913
2019-01-27,Turkey,0.7366261799646223,0.9726367601715268,0.9082836305658152,-0.1294697072826762
2019-02-03,Turkey,0.7553306159658333,0.9766762244136864,0.9122396340331868,-0.1280989061229614
2019-02-10,Turkey,0.7378920276410718,0.9741830065859663,0.913723862577952,-0.1299370711316921
2019-02-17,Turkey,0.7492365582566352,0.972122579917346,0.914490296688986,-0.1319312027962296
2019-02-24,Turkey,0.7346049249278077,0.9684004462138028,0.9143273728742498,-0.1345807050132601
2019-03-03,Turkey,0.754986387273863,0.9765072632909776,0.9203992069460558,-0.1213240523394863
2019-03-10,Turkey,0.7099248405997638,0.9715832371191896,0.915976401528842,-0.1248667315708633
2019-03-17,Turkey,0.7483605133191708,0.9742544256637412,0.9204737037894724,-0.1236527497877329
2019-03-24,Turkey,0.5880516108778456,0.9394074887192734,0.8882251665351906,-0.1461213496243416
2019-03-31,Turkey,0.5396689721891688,0.9527193808391984,0.9047388066278528,-0.1345980426845755
2019-04-07,Turkey,0.5990109413647224,0.958896152828098,0.9103676822795326,-0.1246974347281551
2019-04-14,Turkey,0.49108051900738486,0.9453624067170214,0.902794862263421,-0.1340235630641955
2019-04-21,Turkey,0.5229420313214572,0.9416367062413242,0.8996500517632726,-0.1367269604779478
2019-04-28,Turkey,0.4783803329065678,0.930330508469312,0.8951300628483565,-0.1446901199687428
2019-05-05,Turkey,0.5175793925520776,0.9446491905236972,0.9173090250899107,-0.1290738270443175
2019-05-12,Turkey,0.43619372819017027,0.9464828540229168,0.9178516352659982,-0.1279857602617587
2019-05-19,Turkey,0.435748658427714,0.9490453800912158,0.9261206140297742,-0.1277642270210988
2019-05-26,Turkey,0.3894079138886997,0.9556415005884986,0.9260667332055426,-0.1247568831029542
2019-06-02,Turkey,0.4400720988267009,0.9714823164211042,0.9448367149720824,-0.1104818393830265
2019-06-09,Turkey,0.4637374831276529,0.9738656501358564,0.9231905705717368,-0.1151637255828942
2019-06-16,Turkey,0.4461659329895481,0.981301912128095,0.9329558047560796,-0.1129683957569129
2019-06-23,Turkey,0.50621545304754,0.9886126746948296,0.9395225068330064,-0.1076587261337957
2019-06-30,Turkey,0.5819416035925651,0.9921924711947404,0.9535116678330282,-0.1056698391853397
2019-07-07,Turkey,0.6222863756413619,0.9922322922681124,0.9323262985623824,-0.1130918740699926
2019-07-14,Turkey,0.5723211254479043,1.0008983547140065,0.9510800224303012,-0.111029834087676
2019-07-21,Turkey,0.632902956818609,1.0066604833307682,0.9487940492900964,-0.1068022813052477
2019-07-28,Turkey,0.6694660555517125,1.0048304830465682,0.9506405157664788,-0.108322798444858
2019-08-04,Turkey,0.6254326180117223,1.0232933990302695,0.9706430654566004,-0.0884886380259287
2019-08-11,Turkey,0.6110539066242456,1.2855147889355114,1.2222939688778784,0.0158848689399412
2019-08-18,Turkey,0.5625868028097274,1.2894978930829255,1.2310151877887705,0.0138315104706581
2019-08-25,Turkey,0.5548524015559951,1.263456762277844,1.2066610923006778,-0.0011425478464851
2019-09-01,Turkey,0.5351974225640822,1.299418898141456,1.2515404780338435,0.0100345155298542
2019-09-08,Turkey,0.6108884623801367,1.307169033990344,1.2443701294052354,0.0170516742779598
2019-09-15,Turkey,0.6185396288330983,1.3080815595400508,1.2565241746409834,0.0163918234451012
2019-09-22,Turkey,0.6228065422585495,1.3072667210989413,1.2770225317396804,0.0151450205635726
2019-09-29,Turkey,0.6605900052422837,1.3196966224328113,1.2814067568435672,0.0218220475117851
2019-10-06,Turkey,0.6560101500201893,1.349846407421281,1.2903768427603572,0.0555693304964356
2019-10-13,Turkey,0.5987756355631573,1.3226346148597337,1.259886464057221,0.0383857296257184
2019-10-20,Turkey,0.6290010682607567,1.3367055863201034,1.2761689067247768,0.0458918143151122
2019-10-27,Turkey,0.6977954447941245,1.337293578040224,1.28007756819712,0.0461500947632456
2019-11-03,Turkey,0.7037482345621827,1.3327226645293155,1.266110453997537,0.0374019573159066
2019-11-10,Turkey,0.742887463736969,1.3254805069231672,1.2827011447559709,0.0327815891412449
2019-11-17,Turkey,0.7623132523983246,1.3295520661911269,1.2899326075553876,0.0346252889084734
2019-11-24,Turkey,0.7675382299662141,1.3319304163828158,1.2952785370690636,0.0361251746826692
2019-12-01,Turkey,0.7392436203345786,1.3261541893272994,1.3027225133687912,0.0325193601946893
2019-12-08,Turkey,0.756537238284474,1.3320379044419397,1.2988923254522224,0.0383888589720426
2019-12-15,Turkey,0.7925027040849854,1.3311816677037318,1.3049494657386893,0.0375001730716831
2019-12-22,Turkey,0.8129495226366916,1.3149833253829415,1.2972969983116949,0.0276563638583209
2019-12-29,Turkey,0.8164550791992284,1.31370582058243,1.3022454996961508,0.0267073582559833
2020-01-05,Turkey,0.8151160122561683,4.896072636814736,4.197314228805115,0.2377740736293327
2020-01-12,Turkey,0.8378967633532749,4.936880818130129,4.207909259925652,0.2413975620226337
2020-01-19,Turkey,0.8951782871999338,4.982055154481184,4.253645348605998,0.2426491078364835
2020-01-26,Turkey,0.9191790810601375,4.982111491802941,4.220808525016048,0.2420173377305818
2020-02-02,Turkey,0.9110047779441751,4.988162048888267,4.170077590034371,0.2423590889453217
2020-02-09,Turkey,0.8730729751964228,4.977156662195683,4.029110614855656,0.2474752613444533
2020-02-16,Turkey,0.8524597997027991,4.967400263473602,4.034565319454691,0.2454449432531767
2020-02-23,Turkey,0.8052043636077114,4.964611087029848,4.039648394921038,0.2438973713945541
2020-03-01,Turkey,0.6206335448115899,5.002902873352869,3.972510527673275,0.2524330735036021
2020-03-08,Turkey,0.6039736173275677,4.878718888833422,3.933979516432125,0.2560211672232003
2020-03-15,Turkey,0.4612465768314809,4.7077134650356784,2.5155455855463074,0.2721563696617755
2020-03-22,Turkey,0.39547398407761025,4.866138445443165,2.412141380245234,0.2697375324217027
2020-03-29,Turkey,0.43017468815546617,5.0099995678639,2.11042284667626,0.2800108295185093
2020-04-05,Turkey,0.216581357526254,4.957132334021941,1.4638700040080723,0.2892833537564622
2020-04-12,Turkey,0.3785559894007642,5.013354094799145,1.3729128130446342,0.2895736250589956
2020-04-19,Turkey,0.23976436992284317,4.896810347911105,1.2321865125473987,0.2665526770039021
2020-04-26,Turkey,0.2773145589189988,4.917353536126091,1.0299430271489771,0.2753642626351311
2020-05-03,Turkey,0.26382857225630346,4.958748774861284,0.8962398003011662,0.2923056415360615
2020-05-10,Turkey,0.21475411172047632,4.939388379647332,0.904327421279204,0.2832720057876216
2020-05-17,Turkey,0.2492660423628027,4.914742648388918,0.88966248172336,0.2670420466871038
2020-05-24,Turkey,0.3385798852541133,4.919244622928889,0.9002722398053554,0.2801710149741865
2020-05-31,Turkey,0.3373913439874919,5.141880701742741,0.8968870916378608,0.272552992308546
2020-06-07,Turkey,0.4847102286803904,5.145080588569376,0.9015830917291952,0.2721486682698846
2020-06-14,Turkey,0.4450648537462445,5.148259253197206,0.8895702415205797,0.2706295233729052
2020-06-21,Turkey,0.4572396119065824,5.170903445076829,0.901895598030733,0.2708284023003707
2020-06-28,Turkey,0.43005267951748094,5.177710793408119,0.8998851935696561,0.2704184602423374
2020-07-05,Turkey,0.4744958091431088,5.161687846939357,0.9096744015135814,0.2785347059293482
2020-07-12,Turkey,0.3840628369490602,5.181284879320858,0.9063869414838328,0.2789258343064309
2020-07-19,Turkey,0.3829094268237298,5.20222464896963,0.9062885922485208,0.2791241504804226
2020-07-26,Turkey,0.42580107667485867,5.205232787373602,0.8984469920127516,0.2793221032445002
2020-08-02,Turkey,0.33291598791707505,5.510667759053423,0.9074679609325932,0.2911459243528969
2020-08-09,Turkey,0.30541709621004753,4.975380625617795,0.8685142108106827,0.2396167825937467
2020-08-16,Turkey,0.32559023158195033,4.964600711447979,0.8627339392153507,0.2363256699398246
2020-08-23,Turkey,0.34326367539905733,5.05232726176055,0.8634281437886204,0.2380509014975804
2020-08-30,Turkey,0.3764949206498656,5.063845310322702,0.8644948016092507,0.2379559300316902
2020-09-06,Turkey,0.39975048834870225,5.077080110155504,0.862326627080291,0.2463320190030407
2020-09-13,Turkey,0.39980950360025863,5.068784475361391,0.8540187490285409,0.2455591376283998
2020-09-20,Turkey,0.3778587886185697,5.047496145971971,0.8653139791491865,0.2406351075119488
2020-09-27,Turkey,0.35267876948014343,5.064559461607804,0.8585980069326864,0.2386666432121787
2020-10-04,Turkey,0.3872810216145271,5.165288663466334,0.8485878760387011,0.2472258059814373
2020-10-11,Turkey,0.4040592459001317,5.261926693681012,0.8571368116257085,0.2436196109429249
2020-10-18,Turkey,0.3844133011476625,5.3201136443521095,0.8601376236209751,0.2438025415808065
2020-10-25,Turkey,0.39529694598629206,5.318972794135071,0.858279742837653,0.2432033566576617
2020-11-01,Turkey,0.33492031487118745,5.040068873830334,0.7987901055153007,0.2241541514300124
2020-11-08,Turkey,0.3760889607442596,5.0031900275691,0.8017683393270328,0.2228349783001343
2020-11-15,Turkey,0.5760655531405519,4.165608882245708,0.7892712728395104,0.2217270860949363
2020-11-22,Turkey,0.6263089376008845,4.171314463483747,0.7983816565183603,0.2225404634048728
2020-11-29,Turkey,0.6071869058486891,4.112627664568784,0.7962795841721291,0.2143639661020802
2020-12-06,Turkey,0.6569357941226354,4.094632785109476,0.8076644721511876,0.2221107148967093
2020-12-13,Turkey,0.6171332837832182,4.0856110658892,0.8061168763605375,0.220095883385655
2020-12-20,Turkey,0.7228221056823143,4.076154219749937,0.8152112718253328,0.2261868773366551
2020-12-27,Turkey,0.7247540351487799,4.0796375170767405,0.8168056152278886,0.228366955328311
2021-01-03,Turkey,0.7562136571660868,1.7281839564022814,0.5543728344553565,1.1388503261057576
2021-01-10,Turkey,0.7488090058320482,1.734093537023694,0.5690669211501311,1.1427071015211856
2021-01-17,Turkey,0.7109066182665144,1.7234922792262506,0.5510307385113449,1.1346604873639088
2021-01-24,Turkey,0.7127519256637929,1.730021855093467,0.5607140597080851,1.140049019676178
2021-01-31,Turkey,0.751956387474164,1.7387521251666875,0.5738144479720417,1.146993457616078
2021-02-07,Turkey,0.8006771203552352,1.7543572610710214,0.5924284353198612,1.172143497518562
2021-02-14,Turkey,0.7971219688990474,1.7567747930303834,0.5992914755328693,1.1741858927716455
2021-02-21,Turkey,0.8058204640365965,1.7640781327784445,0.6036808764158872,1.1799312915535989
2021-02-28,Turkey,0.7333857753679875,1.6886379609935849,0.5807851595567326,1.1221347534159458
2021-03-07,Turkey,0.7075343589285762,1.7098610680022066,0.5900330460989538,1.136185469999154
2021-03-14,Turkey,0.7203145158035854,1.7203798954718257,0.6992577403831075,1.14570199895531
2021-03-21,Turkey,0.7621394149429549,1.7450455061362635,0.7295739829958305,1.1664989357440134
2021-03-28,Turkey,0.47881236159226837,1.5699599310876982,0.6920486098404894,1.02988159707224
2021-04-04,Turkey,0.4939721229276932,1.575014858668217,0.9098215092213342,1.034285648270923
2021-04-11,Turkey,0.504685098078935,1.5753631595025532,0.9393855984848728,1.034549023647363
2021-04-18,Turkey,0.5764193991710965,1.5903294678351676,1.016468563777558,1.0470644114597885
2021-04-25,Turkey,0.5358081392701824,1.5572647520404097,1.1094793127654303,1.0215970028123402
2021-05-02,Turkey,0.5476257877890128,1.5676711510231498,1.3105606968556072,1.0586467301904976
2021-05-09,Turkey,0.5915163375159793,1.5844258520657593,1.3243531332794354,1.0720682286858334
2021-05-16,Turkey,0.5735381027038596,1.565000838027636,1.3761908907816498,1.05592152882071
2021-05-23,Turkey,0.5777126981765087,1.5682272741717669,1.37611546488508,1.0581776468788953
2021-05-30,Turkey,0.5618712418851968,1.5555204267740264,1.3932193354059357,1.048068137390472
2021-06-06,Turkey,0.5707356805525111,1.557699933600595,1.4479999040036071,1.057393484612852
2021-06-13,Turkey,0.629487910282111,1.5732158595610826,1.4701340927589548,1.0701807816043294
2021-06-20,Turkey,0.601007234034451,1.5342675272193786,1.447966957355379,1.0392285939065802
2021-06-27,Turkey,0.6163574892986361,1.532550768802739,1.448565880664988,1.0378057783123071
2021-07-04,Turkey,0.6065835782531166,1.5495269108459409,1.4681973792914875,1.032083185232159
2021-07-11,Turkey,0.6018255557887481,1.551997699069532,1.4742327895205674,1.0341773240011118
2021-07-18,Turkey,0.6170408715870727,1.5606213099475903,1.4729751422025603,1.0412559014216676
2021-07-25,Turkey,0.611457999549769,1.5586213077742752,1.4824056309099791,1.0395650627110051
2021-08-01,Turkey,0.612983731883198,1.5682564581633596,1.4947276816216402,1.047895433178326
2021-08-08,Turkey,0.6009530920584477,1.5932897786335445,1.4805009869986383,1.1054170430447956
2021-08-15,Turkey,0.6083945399167294,1.60256177951632,1.48994901401386,1.1136014577156748
2021-08-22,Turkey,0.60237089174675,1.605445858937292,1.4933732839164715,1.1159012514025133
2021-08-29,Turkey,0.6379924754457161,1.615102484688543,1.5110746951240983,1.1240039276754148
2021-09-05,Turkey,0.6432241415882892,1.6289382166076838,1.5231355081519982,1.146971983204118
2021-09-12,Turkey,0.6458318599664062,1.615685603809765,1.5163739991895815,1.136076888938942
2021-09-19,Turkey,0.6084679739551228,1.6011991206564375,1.514087018727491,1.1243937745809436
2021-09-26,Turkey,0.5424847865746427,1.579392928861448,1.458853206824283,1.1067547496367347
2021-10-03,Turkey,0.5234108731759411,1.5984394768127954,1.4866455855413114,1.1255942288036658
2021-10-10,Turkey,0.5222216116438786,1.5907045480939253,1.4829902741315664,1.1195229103668818
2021-10-17,Turkey,0.5006804356084243,1.562040968385868,1.4562218206218844,1.0958065179534129
2021-10-24,Turkey,0.48178105018534184,1.5305854069665743,1.4402104299574356,1.0696784085729716
2021-10-31,Turkey,0.49871717873201055,1.5474968004545455,1.489527627246665,1.0852002643857304
2021-11-07,Turkey,0.5836704744028841,1.5220365870247865,1.4856174717853785,0.926041607705275
2021-11-14,Turkey,0.5678363270248089,1.5449686666959888,1.5407825522068053,0.9314043304301258
2021-11-21,Turkey,0.5017950980375557,1.3897042080364854,1.3610270736122168,0.8142783875811397
2021-11-28,Turkey,0.4202659318681321,1.2827798286125345,1.238047951580436,0.7349996070622496
2021-12-05,Turkey,0.3593638832459444,1.2288632330215892,1.1553799049188065,0.7160802708858928
2021-12-12,Turkey,0.4103015272578796,1.2210822767522376,1.1513649981116183,0.7084312022383917
2021-12-19,Turkey,0.30152955570522183,1.018028244232145,0.962767386527224,0.5478323881884424
2021-12-26,Turkey,0.33246887928540964,0.6456193017794354,0.5918527460445446,0.2868598492997974
2022-01-02,Turkey,0.32484399384598367,0.8495330588639698,0.8076808901592112,0.4274297287772772
2022-01-09,Turkey,0.30722296328915166,0.857287481860664,0.8220990347910693,0.0967753680523857
2022-01-16,Turkey,0.33110629805050934,0.8655367784471064,0.8368096804866281,0.1033519402616082
2022-01-23,Turkey,0.3760889607442596,0.8670426816071015,0.8402467293167168,0.1044986080061678
2022-01-30,Turkey,0.36472792169173623,0.859889819068199,0.845557565323086,0.0995177498197203
2022-02-06,Turkey,0.35301910501852846,0.8587024365622051,0.8474027248639964,0.0961078535672031
2022-02-13,Turkey,0.4030325501919548,0.8570811042152726,0.846542479247381,0.0951449840564861
2022-02-20,Turkey,0.3718937066674942,0.8539306020960988,0.8430829472346266,0.0930391550944983
2022-02-27,Turkey,0.32420871724375094,0.857497995926944,0.8568796063843032,0.0941949003430625
2022-03-06,Turkey,0.21231831622854477,0.8524837984447267,0.8677373163020619,0.1229994391992784
2022-03-13,Turkey,0.1980823415323022,0.8238455701695431,0.8399954969864865,0.0879388478778282
2022-03-20,Turkey,0.30449454343110505,0.8304623395227566,0.8224390962332897,0.0926943128690497
2022-03-27,Turkey,0.29432032133215075,0.8638347734224308,0.8799247551922214,0.1112192368703618
2022-04-03,Turkey,0.3404426143823878,0.8732901656018064,0.8160734131532534,0.1175334669582246
2022-04-10,Turkey,0.28845302734100925,0.869405217334452,0.7971013760232037,0.1146093843491344
2022-04-17,Turkey,0.2931657032573572,0.8729352343129868,0.8137868257664955,0.11710948841387
2022-04-24,Turkey,0.29321937315950203,0.8682723016721401,0.8094675521140866,0.1132002340633477
2022-05-01,Turkey,0.2534905712301542,0.8648527911096371,0.8170530543994101,0.1107219848403586
2022-05-08,Turkey,0.19998176072461457,0.8806537318795091,0.8315348826314171,0.1342520601693478
2022-05-15,Turkey,0.1379001167486863,0.8645383354801941,0.8134731668125814,0.122266017179008
2022-05-22,Turkey,0.12882047533110258,0.850436723718698,0.8112181455537584,0.1119537387741223
2022-05-29,Turkey,0.14204918886283788,0.8427084795119699,0.8105025032514468,0.1060314185006439
2022-06-05,Turkey,0.12992389735197685,0.8460924122535396,0.8079614745697936,0.1166970488734763
2022-06-12,Turkey,-0.00639986794181332,0.8149635447135692,0.7669402219444739,0.0936376842418872
2022-06-19,Turkey,-0.006358302592941871,0.8070782642176846,0.7483177906162255,0.0879214420259254
2022-06-26,Turkey,0.047070673526953884,0.815290774859734,0.7624402955948466,0.0944371691485686
2022-07-03,Turkey,0.002693986208658332,0.8441199610668049,0.789512335437369,0.1452470252996772
2022-07-10,Turkey,-0.024505797102142016,0.8247471241226634,0.7659207477302314,0.1312585567214529
2022-07-17,Turkey,-0.04374959197485897,0.8201967401442936,0.7519647629744521,0.1275912561414083
2022-07-24,Turkey,-0.012412457682803316,0.8133729999496033,0.746365738137067,0.1221563538163302
2022-07-31,Turkey,0.016491742908769588,0.8109868485455152,0.7473678845165894,0.1200310095190146
2022-08-07,Turkey,0.10280918502221603,0.8129090682178317,0.705891500277328,0.126272590010971
2022-08-14,Turkey,0.1995496739459408,0.8142321353713895,0.7045911274175622,0.126701523194683
2022-08-21,Turkey,0.050090245842371185,0.8112747434051311,0.6981878859558088,0.1248951194984304
2022-08-28,Turkey,0.1005735884788632,0.8095116717940536,0.7131928407256045,0.122975322169202
2022-09-04,Turkey,0.09510983854189763,0.8170310102085068,0.7079484289388656,0.1366940938569539
2022-09-11,Turkey,0.17450439008600716,0.8123179475692752,0.7038115123822388,0.1327420147510413
2022-09-18,Turkey,0.10802326393779683,0.8073314439275254,0.7035690958016092,0.1288137855846732
2022-09-25,Turkey,0.07710750336960913,0.8008528988687935,0.7014231705735441,0.1240778866768501
2022-10-02,Turkey,0.0708966959791787,0.8072474494793731,0.7266342542063411,0.1364204675989864
2022-10-09,Turkey,0.06852061535243947,0.8065383039609204,0.7210172659718173,0.1383990051510457
2022-10-16,Turkey,0.0714276949400571,0.8038387742501831,0.714028806173646,0.1358436913012846
2022-10-23,Turkey,0.11321428605366847,0.8044436415398759,0.7157516363281913,0.1356872654005733
2022-10-30,Turkey,0.20117977051904953,0.8047813158691834,0.715817019659754,0.1360207636270463
2022-11-06,Turkey,0.242068145344779,0.900483708357288,0.7812609261858627,0.3344147124344406
2022-11-13,Turkey,0.33899973503296627,0.9033470616963084,0.7833751943791976,0.3356125998829953
2022-11-20,Turkey,0.2957850477734593,0.9447234006047642,0.7981651697893013,0.3625537587543782
2022-11-27,Turkey,0.368851514830111,0.9792476703685254,0.8200633379775344,0.3849045486160524
2022-12-04,Turkey,0.4006105443039167,0.9985532393829888,0.8472103694326194,0.3936687730435594
2022-12-11,Turkey,0.3830263012386926,0.9974484676432952,0.8305702877754986,0.3927727867181625
2022-12-18,Turkey,0.36584706658621186,1.1153298153175497,0.9315037085430083,0.4662656157746195
2022-12-25,Turkey,0.3923921493685629,2.952004015470626,2.369852583951455,1.2606004566496571
2023-01-01,Turkey,0.40023961538914987,5.846670896413871,3.403495036554708,1.618178621861142
2023-01-08,Turkey,0.3806794915843521,3.6710474225394294,2.8726504743286667,1.7021558688706606
2023-01-15,Turkey,0.3393077295778488,3.693721964701172,2.9089581126984987,1.7119190815035268
2023-01-22,Turkey,0.33266353581645475,3.696880692988227,2.9148044882199486,1.713309589714074
2023-01-29,Turkey,0.3384822238153611,3.7025625720441298,2.9213225480877085,1.7127608848772438
2023-02-05,Turkey,0.3823552897375195,3.686011516755555,2.8832267102309483,1.6980234145956177
2023-02-12,Turkey,0.3400782441300319,3.682647924201315,2.888949541127274,1.6979276726950836
2023-02-19,Turkey,0.31572381411849143,3.677431924361452,2.8662269775099034,1.695521142031956
2023-02-26,Turkey,0.3088962504936394,3.6820651298688007,2.8793621103466287,1.694374663190306
2023-03-05,Turkey,0.3347389117778194,3.6902341581154583,2.902478064867851,1.6842236614271413
2023-03-12,Turkey,0.38390232580736516,3.79077165951502,2.9402580701232868,1.7038970594377298
2023-03-19,Turkey,0.36386770314767414,3.778907835335568,2.9523115120918835,1.69603046631735
2023-03-26,Turkey,0.3584937534573544,3.792769170344976,2.9969014184901006,1.6986325833566114
2023-04-02,Turkey,0.3890409500491379,3.7863899202917577,3.1646645405304734,1.7287753918626287
2023-04-09,Turkey,0.34188730253071103,3.7902123063180455,3.188980803423368,1.7302599879072629
2023-04-16,Turkey,0.37774292383043945,3.771827612648151,3.2475860969673604,1.7283391430910933
2023-04-23,Turkey,0.3375868962370382,3.782543138976429,3.2204230669240017,1.728133734536626
2023-04-30,Turkey,0.3628939391830047,3.781213396259775,3.212242257000195,1.7264465606999726
2023-05-07,Turkey,0.33579904129035665,3.7930002463378183,3.244493364218098,1.746540462468801
2023-05-14,Turkey,0.3367319852482328,3.834766919789035,3.2678500150418768,1.7519852242264715
2023-05-21,Turkey,0.18511740244638952,3.822661576436377,3.2364883546025425,1.7455950122310795
2023-05-28,Turkey,0.18897462078328214,3.796724464055952,3.209768153731801,1.7368271914317477
2023-06-04,Turkey,0.33637152854744773,3.80477830073654,3.212862767526937,1.6520144609272758
2023-06-11,Turkey,0.40707122740360685,3.3743695765990935,2.9378482106985477,1.5373708979817378
2023-06-18,Turkey,0.4498955376455295,3.3786158339121664,2.954819807726672,1.535530323500795
2023-06-25,Turkey,0.39840190943259945,3.1989622879133446,2.8626212722020665,1.4866070092548649
2023-07-02,Turkey,0.43777715526377786,3.196386951489069,2.8311688406941182,1.5286987262061935
2023-07-09,Turkey,0.4230826316325018,3.223433590821857,2.863546802344094,1.4946600029252226
2023-07-16,Turkey,0.5071053957530349,3.225076603647791,2.8439789504452726,1.4948061901870575
2023-07-23,Turkey,0.513654903199491,3.179447047115681,2.7979719631908715,1.4798499498790316
2023-07-30,Turkey,0.6003354030264679,3.1806835217374023,2.800350740168643,1.479598636194806
2023-08-06,Turkey,0.5997181179027034,3.159533125991622,2.910199999451113,1.4252112349963306
2023-08-13,Turkey,0.581318376064213,3.161527017111114,2.913321903265227,1.426022697900302
2023-08-20,Turkey,0.5328252174510744,3.1530114891796184,2.892834569953486,1.4224607163578893
2023-08-27,Turkey,0.6070771811453923,3.157314705556563,2.931871349675434,1.4244325349460043
2023-09-03,Turkey,0.6237740268923649,3.104671057455647,2.8467178035876213,1.3271092670223943
2023-09-10,Turkey,0.622267418642147,3.099994940948513,2.8486321714007663,1.32447394110544
2023-09-17,Turkey,0.5943267420910006,3.0975746981516994,2.854436721675256,1.32236288263745
2023-09-24,Turkey,0.6184095045463516,3.0996150406683576,2.867031937788334,1.3210086757478106
2023-10-01,Turkey,0.5861890114130603,3.089167141653674,2.913552258807061,1.3170919776986676
2023-10-08,Turkey,0.5710174903441495,3.066883441298266,2.761524076070523,1.3001320132598482
2023-10-15,Turkey,0.5551638789758944,3.064675393666662,2.768074266241296,1.2971559615015131
2023-10-22,Turkey,0.5344170634327506,3.059605810845187,2.7695905212162812,1.2950832480466703
2023-10-29,Turkey,0.5630755463059138,3.053896617507462,2.7430011586507774,1.2925703059419864
2023-11-05,Turkey,0.5906712982758441,3.0325463069289373,2.746540790641564,1.2563267884823963
2023-11-12,Turkey,0.6241464035475875,3.026213736974698,2.70987249292271,1.2538829985231863
2023-11-19,Turkey,0.6865243901251613,3.0277406813701866,2.7739156847352433,1.253783003671599
2023-11-26,Turkey,0.6996938285775356,3.0189250831483467,2.776298334184697,1.2502375262330043
2023-12-03,Turkey,0.7061076473102083,3.031906267950841,2.780885429404538,1.262069845774585
2023-12-10,Turkey,0.7128541212547843,3.0290145901804264,2.775558140775951,1.260789256957827
2023-12-17,Turkey,0.7988864928950224,3.032937461897304,2.7954444710251702,1.2625860978370012
2023-12-24,Turkey,0.8168709934051122,3.028526419004375,2.799833482157815,1.2607565215293584
2023-12-31,Turkey,0.812465812469503,3.023020339529988,2.796048612339066,1.2581688861028346
2024-01-07,Turkey,0.7669920830183136,-0.5016944744595961,-0.5028292080936843,-1.44268054684227
2024-01-14,Turkey,0.7607302448314174,-0.5015201504478717,-0.5024910661919053,-1.4425149750904769
2024-01-21,Turkey,0.7310783860175969,-0.5060242099158949,-0.5036702541355544,-1.446046804579182
2024-01-28,Turkey,0.7427813251549714,-0.506156919337414,-0.5084343582272153,-1.4461378731662935
2024-02-04,Turkey,0.7107022739001309,-0.4816970989067934,-0.4816613726704513,-1.4203487636004628
2024-02-11,Turkey,0.7599287769309296,-0.485015396752062,-0.4827065441542757,-1.4229096260789351
2024-02-18,Turkey,0.7876168915608037,-0.4881828442873437,-0.481011654440914,-1.4253452065074206
2024-02-25,Turkey,0.7992939283027508,-0.4905028645192812,-0.479423654410906,-1.4271300476527773
2024-03-03,Turkey,0.7781045585127078,-0.4778603154516041,-0.4636836827248651,-1.4145399257380624
2024-03-10,Turkey,0.7249830535488143,-0.4832555545811834,-0.4754390457413548,-1.418713419653746
2024-03-17,Turkey,0.7468238294772883,-0.4889127073049861,-0.478860433141393,-1.4234286973086976
2024-03-24,Turkey,0.7376807511132774,-0.4867063711197299,-0.4758928428070628,-1.421668241045804
2024-03-31,Turkey,0.766424907068289,-0.4903409694503677,-0.4785628076966399,-1.4244462899821653
2024-04-07,Turkey,0.782181269181895,-0.4878767143531197,-0.468583000904113,-1.4228892090577654
2024-04-14,Turkey,0.7579614687202811,-0.4919156717154402,-0.4729403239106058,-1.4259752006690174
2024-04-21,Turkey,0.7454812184015203,-0.4935439804623311,-0.4814328607236557,-1.4272341903447925
2024-04-28,Turkey,0.7766472274339522,-0.4939727994088128,-0.4783222804576224,-1.4275555685973844
2024-05-05,Turkey,0.8014714076690451,-0.4702263650725005,-0.46109135411427,-1.4012255951371464
2024-05-12,Turkey,0.8407933426375527,-0.4696547411732004,-0.4585170254523683,-1.4007600438950985
2024-05-19,Turkey,0.8523391927904056,-0.4668151226206141,-0.4616729028713164,-1.3985001610849754
2024-05-26,Turkey,0.8524597997027991,-0.4673160979551412,-0.4639613038955739,-1.3988552266449517
2024-06-02,Turkey,0.8622873788704222,-0.4676989818707304,-0.4654520131803186,-1.3974447964367698
2024-06-09,Turkey,0.8676503440456288,-0.4367248597423554,-0.4346708051634711,-1.3721172184059909
2024-06-16,Turkey,0.8247238883314286,-0.4392277282775358,-0.4325937705775415,-1.3740269147858502
2024-06-23,Turkey,0.8336635671454333,-0.4340972562513268,-0.4174419725093345,-1.370765962521134
2024-06-30,Turkey,0.8331443091118012,-0.4299255894441933,-0.4124992346987444,-1.367720064482061
2024-07-07,Turkey,0.8670854777810516,-0.3901518130238695,-0.3718939814823203,-1.325541383055638
2024-07-14,Turkey,0.8808996962528293,-0.3920446893321432,-0.3765506060986756,-1.3269789936392669
2024-07-21,Turkey,0.8536185136508763,-0.3903589704588057,-0.3719422742699958,-1.325810953364447
2024-07-28,Turkey,0.8712450298115202,-0.3880115038416742,-0.3840408660614973,-1.324009637064916
2024-08-04,Turkey,0.7971445651414129,-0.365463674690377,-0.3630748862339339,-1.3028001304208878
2024-08-11,Turkey,0.8214621075399231,-0.3710035224828476,-0.3669490567812188,-1.3069709905197864
2024-08-18,Turkey,0.8446802236232018,-0.3728440577041403,-0.3660844750879004,-1.3083726862544698
2024-08-25,Turkey,0.8476490522365231,-0.3753155764417522,-0.3701726492709007,-1.3103237563347625
2024-09-01,Turkey,0.8464506771356122,-0.3765834775197745,-0.3647495352837784,-1.308333815431686
2024-09-08,Turkey,0.8129030266549422,-0.3697155126412301,-0.3745083698806928,-1.302961897405263
2024-09-15,Turkey,0.8413173462535172,-0.3670868777270071,-0.3686632744784046,-1.3009766831878375
2024-09-22,Turkey,0.838370808138864,-0.3679467873447746,-0.3688627757622731,-1.301639671818857
2024-09-29,Turkey,0.8413882855938561,-0.3670349580626126,-0.3783978389155646,-1.3009618617704923
2024-10-06,Turkey,0.8247939113410042,-0.3767929961906935,-0.3692722778191766,-1.3078204931398103
2024-10-13,Turkey,0.8270611181140402,-0.3767701528330169,-0.3703214148500544,-1.3075695179791815
2024-10-20,Turkey,0.8269672707579058,-0.3753282339818069,-0.3785901434298604,-1.3067151362494287
2024-10-27,Turkey,0.83338031725984,-0.3772467201842544,-0.3748699656091223,-1.3081429422963968
2024-11-03,Turkey,0.8494979134954947,-0.3801635092092259,-0.3783774973007907,-1.3094935891678725
2024-11-10,Turkey,0.8782078726509339,-0.3809259479478233,-0.3809635526802402,-1.310096419570194
2024-11-17,Turkey,0.8692239295937448,-0.3819545913782738,-0.375181208669733,-1.3108770327625718
2024-11-24,Turkey,0.8720102988899546,-0.3840305328489424,-0.3785601053118981,-1.3124575831506204
2024-12-01,Turkey,0.8822489151413382,-0.3847091131641909,-0.3760682533080426,-1.3131472228070595
2024-12-08,Turkey,0.9056349759338053,-0.3608556988925842,-0.3520881321363958,-1.2919349005581595
2024-12-15,Turkey,0.8923380451933477,-0.3646504779125994,-0.3580212311052655,-1.2947813624182969
2024-12-22,Turkey,0.8688550405189572,-0.3676128879988622,-0.3596146678860838,-1.297016560146908
2024-12-29,Turkey,0.8660061806526799,-0.3648724944092456,-0.3546197177821879,-1.29494852970039
