Dates;LP1 Comdty;CO1 Comdty;CL1 Comdty
20.11.2000;1780,75;33,07;35,22
21.11.2000;1790;33,1;35,16
22.11.2000;1777,5;33,24;35,4
23.11.2000;1775,5;33,28;35,4
24.11.2000;1796,75;33,12;35,4
27.11.2000;1822,25;33,06;35,38
28.11.2000;1837,5;32,19;34,22
29.11.2000;1837,25;32,68;34,63
30.11.2000;1826;31,88;33,82
01.12.2000;1833,75;30,17;32,02
04.12.2000;1842;29,34;31,22
05.12.2000;1859;27,79;29,53
06.12.2000;1861,75;28,01;29,85
07.12.2000;1875;27,47;29,35
08.12.2000;1902;26,56;28,44
11.12.2000;1912,75;27,54;29,5
12.12.2000;1883,5;27,06;29,68
13.12.2000;1881,5;25,14;28,74
14.12.2000;1889,5;25,36;27,99
15.12.2000;1886,5;25,89;28,87
18.12.2000;1886,5;26,24;29,76
19.12.2000;1886,5;25;29,33
20.12.2000;1844;22,97;25,77
21.12.2000;1831,75;23,61;25,98
22.12.2000;1834,75;23,66;26,18
25.12.2000;1834,75;23,66;26,18
26.12.2000;1834,75;23,66;26,64
27.12.2000;1823,25;24,04;26,47
28.12.2000;1823,75;23,71;25,85
29.12.2000;1809;23,87;26,8
01.01.2001;1809;23,87;26,8
02.01.2001;1752,25;24,3;27,21
03.01.2001;1722,75;25,03;28
04.01.2001;1755;25,35;28,14
05.01.2001;1744,25;25,18;27,95
08.01.2001;1778,25;24,43;27,32
09.01.2001;1786;24,59;27,64
10.01.2001;1782;25,34;29,48
11.01.2001;1782;25,61;29,41
12.01.2001;1808;25,75;30,05
15.01.2001;1808;26,18;30,05
16.01.2001;1808;26,2;30,29
17.01.2001;1786;24,79;29,6
18.01.2001;1843;25,62;30,45
19.01.2001;1831;27,04;32,19
22.01.2001;1842,75;26,53;32,19
23.01.2001;1834,5;26,67;29,57
24.01.2001;1806,25;26,26;29,05
25.01.2001;1808,75;26,46;29,36
26.01.2001;1804;26,98;29,77
29.01.2001;1789,5;26,6;29,06
30.01.2001;1799;26,89;29,06
31.01.2001;1807,5;26,66;28,66
01.02.2001;1811,5;28,1;29,82
02.02.2001;1801,5;29,19;31,19
05.02.2001;1782,75;28,45;30,55
06.02.2001;1779,5;28,7;30,35
07.02.2001;1783;29,91;31,27
08.02.2001;1783;29,84;31,59
09.02.2001;1766,5;29,25;31,03
12.02.2001;1762,5;29;30,51
13.02.2001;1779;28,46;30,36
14.02.2001;1766;27,28;29,71
15.02.2001;1784,75;26,64;28,8
16.02.2001;1777,25;26,89;29,16
19.02.2001;1777,25;27,31;29,16
20.02.2001;1777,25;26,62;28,58
21.02.2001;1739;26,37;28,53
22.02.2001;1738,2;26,46;28,82
23.02.2001;1731,75;26,52;29,04
26.02.2001;1753;26,11;28,42
27.02.2001;1749,25;26,02;28,13
28.02.2001;1758;25,57;27,39
01.03.2001;1782,5;25,85;27,62
02.03.2001;1789,5;26;27,84
05.03.2001;1820,25;26,71;28,6
06.03.2001;1826,5;26,48;28,32
07.03.2001;1807;27,23;29
08.03.2001;1783,25;26,68;28,39
09.03.2001;1793,5;26,33;28,01
12.03.2001;1780,25;25,9;28
13.03.2001;1766;25,28;27,59
14.03.2001;1750,5;23,93;26,41
15.03.2001;1748;24,19;26,55
16.03.2001;1729,5;25,05;26,74
19.03.2001;1729,5;24,81;26,15
20.03.2001;1729,5;24,62;25,96
21.03.2001;1720;25;26,8
22.03.2001;1703;24,63;26,54
23.03.2001;1709,5;25,38;27,3
26.03.2001;1702,75;25,4;27,48
27.03.2001;1717,5;25,89;27,75
28.03.2001;1688,25;25,27;26,31
29.03.2001;1684,5;24,5;26,32
30.03.2001;1666,5;24,74;26,29
02.04.2001;1662,25;24,11;25,59
03.04.2001;1654,5;24,77;26,19
04.04.2001;1671,75;25,32;27,12
05.04.2001;1677,5;25,32;27,26
06.04.2001;1640,25;25,17;27,06
09.04.2001;1655,25;25,28;27,28
10.04.2001;1675,75;26,54;28,48
11.04.2001;1670,5;26,53;28,18
12.04.2001;1670,5;27,37;28,25
13.04.2001;1670,5;27,37;28,25
16.04.2001;1670,5;27,37;28,79
17.04.2001;1670,5;27,63;28,24
18.04.2001;1712,25;27,29;27,95
19.04.2001;1687,5;26,83;27,82
20.04.2001;1696,5;26,39;27,28
23.04.2001;1658,5;26,55;27,61
24.04.2001;1663,5;26,32;26,86
25.04.2001;1678,25;26,82;27,29
26.04.2001;1674;27,6;28,44
27.04.2001;1665,25;27,79;28,27
30.04.2001;1675,75;27,89;28,46
01.05.2001;1695,25;28,33;28,94
02.05.2001;1711;27,59;27,8
03.05.2001;1713,5;28,07;28,45
04.05.2001;1693,25;28,19;28,36
07.05.2001;1693,25;28,19;27,77
08.05.2001;1672,5;27,9;27,39
09.05.2001;1654,25;28,15;28,23
10.05.2001;1655;28,48;28,52
11.05.2001;1661,75;28,19;28,55
14.05.2001;1661,75;28,28;28,71
15.05.2001;1661,75;28,16;28,98
16.05.2001;1664;28,36;28,86
17.05.2001;1677,25;28,46;28,91
18.05.2001;1706;29,39;29,91
21.05.2001;1749;29,42;29,98
22.05.2001;1724,5;29,36;29,74
23.05.2001;1723,7;29,24;29,58
24.05.2001;1735,5;28,53;28,41
25.05.2001;1730,25;28,48;28,38
28.05.2001;1730,25;28,48;28,38
29.05.2001;1702,75;29,17;28,66
30.05.2001;1693,5;29,14;28,55
31.05.2001;1665,5;29,34;28,37
01.06.2001;1657,5;29,07;27,93
04.06.2001;1655;29,26;28,13
05.06.2001;1676,75;29,68;28,24
06.06.2001;1672,5;28,96;27,72
07.06.2001;1658,5;28,5;27,75
08.06.2001;1631,5;29,44;28,33
11.06.2001;1622,5;29,57;29,04
12.06.2001;1603,75;29,46;29,18
13.06.2001;1602,75;29,34;28,84
14.06.2001;1614,5;29,59;29,04
15.06.2001;1592,75;28,12;28,51
18.06.2001;1592,75;27,01;27,55
19.06.2001;1592,75;26,98;27,48
20.06.2001;1600;26,09;26,5
21.06.2001;1601,75;26,3;26,56
22.06.2001;1600;26,59;26,83
25.06.2001;1590,5;27,07;27,25
26.06.2001;1590;26,99;26,98
27.06.2001;1600,75;25,66;25,61
28.06.2001;1574,5;25,4;25,56
29.06.2001;1556,25;26,08;26,25
02.07.2001;1575,5;25,64;25,95
03.07.2001;1573,5;25,36;26,24
04.07.2001;1560,5;25,8;26,24
05.07.2001;1549,75;25,84;27,02
06.07.2001;1554,25;26,81;28,21
09.07.2001;1551,5;26,15;27,59
10.07.2001;1557,75;25,93;27,49
11.07.2001;1558,5;25,52;27,11
12.07.2001;1543,75;25,14;26,8
13.07.2001;1542,75;24,97;26,59
16.07.2001;1542,75;24,78;26,06
17.07.2001;1542,75;24,89;25,57
18.07.2001;1554,25;24,22;24,89
19.07.2001;1523,5;24,05;24,7
20.07.2001;1527,25;24,64;25,59
23.07.2001;1492,3;24,92;26,12
24.07.2001;1490,75;24,9;26,31
25.07.2001;1493,5;25,25;26,84
26.07.2001;1491,5;25,14;26,73
27.07.2001;1483,75;25,19;27,02
30.07.2001;1479,5;24,96;26,63
31.07.2001;1483,5;24,69;26,35
01.08.2001;1484,25;24,96;26,77
02.08.2001;1492;26,13;27,71
03.08.2001;1471,5;25,69;27,62
06.08.2001;1463,5;25,83;27,74
07.08.2001;1457,5;26,08;27,94
08.08.2001;1444,25;25,7;27,54
09.08.2001;1438,5;25,68;27,64
10.08.2001;1438,75;25,98;28,05
13.08.2001;1438,75;25,88;27,82
14.08.2001;1438,75;25,99;28,01
15.08.2001;1447;25,55;27,56
16.08.2001;1469,75;25,55;27,4
17.08.2001;1497;24,73;26,68
20.08.2001;1492;25,05;27,18
21.08.2001;1475,25;25,49;27,91
22.08.2001;1486,25;25,34;26,37
23.08.2001;1501,5;25,6;26,63
24.08.2001;1500,25;25,95;26,9
27.08.2001;1500,25;25,95;26,67
28.08.2001;1503,75;26,47;27,17
29.08.2001;1509,25;26,53;27,05
30.08.2001;1485,25;26,09;26,55
31.08.2001;1482,5;26,41;27,2
03.09.2001;1452,5;26,54;27,2
04.09.2001;1464,5;26,26;26,93
05.09.2001;1462,75;26,32;26,95
06.09.2001;1437,25;26,96;27,58
07.09.2001;1425,75;27,69;28,03
10.09.2001;1424,5;27,45;27,63
11.09.2001;1449,5;29,06;27,77
12.09.2001;1422,5;28,02;27,77
13.09.2001;1418,25;28,1;27,77
14.09.2001;1435,25;29,43;29,53
17.09.2001;1435,25;28,38;28,81
18.09.2001;1435,25;27,27;27,7
19.09.2001;1418,5;26,32;26,72
20.09.2001;1414,75;25,92;26,59
21.09.2001;1434,25;25,44;25,97
24.09.2001;1427,5;22,02;22,01
25.09.2001;1423;22,38;21,81
26.09.2001;1428,5;23;22,38
27.09.2001;1430;22,79;22,74
28.09.2001;1417;23,26;23,43
01.10.2001;1411,75;22,89;23,28
02.10.2001;1408,5;22,05;22,79
03.10.2001;1391;21,52;22,08
04.10.2001;1394,5;22,15;22,63
05.10.2001;1387;21,63;22,39
08.10.2001;1394,25;21,57;22,45
09.10.2001;1387,5;21,88;22,48
10.10.2001;1381;22,01;22,53
11.10.2001;1385,5;22,46;23,34
12.10.2001;1391;21,73;22,5
15.10.2001;1391;21,68;22,29
16.10.2001;1391;21,7;22
17.10.2001;1404,5;20,99;21,81
18.10.2001;1380,75;20,62;21,31
19.10.2001;1360,5;21,35;21,83
22.10.2001;1354,75;21,05;21,76
23.10.2001;1379,25;20,94;21,85
24.10.2001;1359,5;21,26;22,33
25.10.2001;1364,25;21,01;22,01
26.10.2001;1381,75;21,02;22,03
29.10.2001;1361,25;21,1;22,15
30.10.2001;1376;20,91;21,87
31.10.2001;1356,85;20,37;21,18
01.11.2001;1346,25;19,62;20,39
02.11.2001;1337,5;19,77;20,18
05.11.2001;1342,1;19,44;20,02
06.11.2001;1344,5;19,07;19,92
07.11.2001;1321,75;19,33;20,09
08.11.2001;1342,75;20,28;21,17
09.11.2001;1393,25;21,38;22,22
12.11.2001;1411,25;20,39;21,23
13.11.2001;1466;20,81;21,67
14.11.2001;1460,5;18,75;19,74
15.11.2001;1445,75;17,68;17,45
16.11.2001;1479,25;17,75;18,03
19.11.2001;1479,25;18,01;17,72
20.11.2001;1479,25;18,75;19,15
21.11.2001;1479,25;18,73;18,96
22.11.2001;1458,5;19,9;18,96
23.11.2001;1468,5;19,28;18,96
26.11.2001;1500,5;18,36;18,69
27.11.2001;1524;19,02;19,48
28.11.2001;1523,5;18,69;19,22
29.11.2001;1554;18,41;18,62
30.11.2001;1556,25;19,14;19,44
03.12.2001;1525,2;19,71;20,09
04.12.2001;1517,5;19,29;19,65
05.12.2001;1503;19,22;19,49
06.12.2001;1497,5;18,39;18,54
07.12.2001;1470;19,03;19,04
10.12.2001;1466,25;18,17;18,37
11.12.2001;1482,25;17,91;18,08
12.12.2001;1454;18,2;18,36
13.12.2001;1450,5;17,8;18,12
14.12.2001;1451,75;18,38;19,23
17.12.2001;1451,75;19,06;19,22
18.12.2001;1451,75;19,18;19,36
19.12.2001;1451,75;19,47;19,8
20.12.2001;1461;19,13;19,28
21.12.2001;1468;19,36;19,62
24.12.2001;1468;19,34;19,62
25.12.2001;1468;19,34;19,62
26.12.2001;1468;19,34;21,27
27.12.2001;1474;20,34;20,9
28.12.2001;1464,25;20,3;20,41
31.12.2001;1464,25;19,9;19,84
01.01.2002;1464,25;19,9;19,84
02.01.2002;1424,5;21;21,01
03.01.2002;1430,5;20,66;20,37
04.01.2002;1448,5;22,18;21,62
07.01.2002;1518;22,03;21,48
08.01.2002;1527,5;22,02;21,25
09.01.2002;1542,75;20,89;20,18
10.01.2002;1522;21,29;20,38
11.01.2002;1510,75;20,86;19,68
14.01.2002;1510,75;19,78;18,89
15.01.2002;1510,75;19,7;18,9
16.01.2002;1510,75;19,36;18,86
17.01.2002;1528,75;18,41;17,97
18.01.2002;1509,75;18,45;18
21.01.2002;1517;18,57;18
22.01.2002;1516;18,75;18,34
23.01.2002;1533,5;19,19;19,5
24.01.2002;1543,5;19,13;19,7
25.01.2002;1535;19,37;19,99
28.01.2002;1519;19,65;20,05
29.01.2002;1512,75;19,24;19,58
30.01.2002;1511;18,79;19,08
31.01.2002;1554,25;19,18;19,48
01.02.2002;1583,5;19,98;20,38
04.02.2002;1576,75;19,81;20,07
05.02.2002;1575,5;19,56;20,07
06.02.2002;1567,5;19,31;19,78
07.02.2002;1574;19,21;19,64
08.02.2002;1582;19,72;20,26
11.02.2002;1566,5;21,44;21,41
12.02.2002;1572,25;20,46;20,73
13.02.2002;1606,5;20,7;21,18
14.02.2002;1599,75;20,82;21,23
15.02.2002;1583,25;20,87;21,5
18.02.2002;1583,25;20,33;21,5
19.02.2002;1583,25;20,52;20,88
20.02.2002;1583,25;19,86;20,29
21.02.2002;1550,75;20,37;20,95
22.02.2002;1527,75;20,37;21,07
25.02.2002;1532,25;19,98;20,48
26.02.2002;1530;20,86;21,41
27.02.2002;1560,25;20,85;21,29
28.02.2002;1550,75;21,33;21,74
01.03.2002;1574,25;21,89;22,4
04.03.2002;1590,25;21,94;22,45
05.03.2002;1588;22,79;23,17
06.03.2002;1607;22,72;23,15
07.03.2002;1607,5;23,3;23,71
08.03.2002;1609;23,33;23,84
11.03.2002;1602;23,89;24,31
12.03.2002;1592;23,7;24,2
13.03.2002;1589,25;23,89;24,16
14.03.2002;1600,25;24,06;24,56
15.03.2002;1607;24,55;24,51
18.03.2002;1607;25,07;25,11
19.03.2002;1607;24,91;24,88
20.03.2002;1607;24,66;24,9
21.03.2002;1635,5;25,42;25,61
22.03.2002;1615,75;25,36;25,35
25.03.2002;1593,25;25,13;24,99
26.03.2002;1606,25;25,31;25,36
27.03.2002;1620;25,44;25,87
28.03.2002;1634,75;25,92;26,31
29.03.2002;1634,75;25,92;26,31
01.04.2002;1634,75;25,92;26,88
02.04.2002;1659;27,66;27,71
03.04.2002;1608,75;27,27;27,56
04.04.2002;1595,5;27,31;26,58
05.04.2002;1573,75;25,99;26,21
08.04.2002;1564,75;27,02;26,54
09.04.2002;1576,25;26,08;25,82
10.04.2002;1562,5;26,01;26,13
11.04.2002;1570,5;25,04;24,99
12.04.2002;1551;24,29;23,47
15.04.2002;1551;24,7;24,57
16.04.2002;1551;24,58;24,75
17.04.2002;1551;25,38;25,94
18.04.2002;1588;25,77;26,18
19.04.2002;1598;25,85;26,38
22.04.2002;1620;25,89;26,27
23.04.2002;1598;26;26,62
24.04.2002;1600;25,76;26,38
25.04.2002;1597;25,93;26,73
26.04.2002;1605,25;26,19;27,11
29.04.2002;1610,75;26,68;27,57
30.04.2002;1597;26,47;27,29
01.05.2002;1573,25;25,87;26,75
02.05.2002;1585,75;25,43;26,24
03.05.2002;1574,5;25,75;26,62
06.05.2002;1574,5;25,75;26,12
07.05.2002;1570;25,41;26,63
08.05.2002;1591,5;26,03;27,85
09.05.2002;1595,95;25,94;27,68
10.05.2002;1601,95;26,38;27,99
13.05.2002;1601,95;26,58;28,38
14.05.2002;1601,95;27,31;29,36
15.05.2002;1601,95;26,17;28,15
16.05.2002;1602,5;26,22;27,95
17.05.2002;1579,25;26,36;28,18
20.05.2002;1580,5;26,38;28,33
21.05.2002;1585,25;25,6;27,33
22.05.2002;1584;25,5;26,37
23.05.2002;1601,25;25,39;26,15
24.05.2002;1607,75;25,18;25,88
27.05.2002;1611,5;24,94;25,88
28.05.2002;1639,75;24,76;25,27
29.05.2002;1632,75;25,12;25,76
30.05.2002;1630,25;24,05;24,67
31.05.2002;1645,25;24,45;25,31
03.06.2002;1645,25;24,45;25,08
04.06.2002;1645,25;24,45;25,33
05.06.2002;1682;24,18;24,89
06.06.2002;1691;24,22;24,79
07.06.2002;1676,75;23,99;24,75
10.06.2002;1677;23,66;24,29
11.06.2002;1657;23,3;24,12
12.06.2002;1652,5;23,51;24,64
13.06.2002;1652,5;24,06;25,64
14.06.2002;1648,25;24,99;25,94
17.06.2002;1648,25;25,24;26,09
18.06.2002;1648,25;24,79;25,43
19.06.2002;1648,25;24,55;25,31
20.06.2002;1631,75;25,07;25,53
21.06.2002;1624;24,75;25,82
24.06.2002;1618,5;25,27;26,47
25.06.2002;1639,75;25,2;26,32
26.06.2002;1642,25;25,24;26,76
27.06.2002;1646,25;25,45;26,86
28.06.2002;1673,75;25,58;26,86
01.07.2002;1669;25,64;26,81
02.07.2002;1649,5;25,75;26,77
03.07.2002;1639,25;25,84;26,8
04.07.2002;1630;25,55;26,8
05.07.2002;1649,25;25,73;26,8
08.07.2002;1636;25,08;26,07
09.07.2002;1646;25,17;26,09
10.07.2002;1642,75;25,93;26,77
11.07.2002;1623,5;25,96;26,83
12.07.2002;1618,3;26,32;27,48
15.07.2002;1618,3;26,06;27,07
16.07.2002;1618,3;26,28;27,75
17.07.2002;1618,3;26,44;27,88
18.07.2002;1607,25;26,28;27,57
19.07.2002;1577,75;26,43;27,83
22.07.2002;1557;25,42;26,6
23.07.2002;1530,5;25,04;26,31
24.07.2002;1511;25,33;26,87
25.07.2002;1521,5;25,26;26,77
26.07.2002;1516,25;25,03;26,54
29.07.2002;1526,5;25;26,55
30.07.2002;1509,5;25,68;27,36
31.07.2002;1501,5;25,44;27,02
01.08.2002;1492,75;25,01;26,47
02.08.2002;1486,25;25,31;26,84
05.08.2002;1460,75;24,89;26,58
06.08.2002;1482;25,53;27,17
07.08.2002;1473,75;24,95;26,5
08.08.2002;1481,75;25,11;26,67
09.08.2002;1484,25;25,34;26,86
12.08.2002;1472,25;26,04;27,86
13.08.2002;1481;26,15;27,9
14.08.2002;1460,5;26,38;28,15
15.08.2002;1502,75;26,8;29,06
16.08.2002;1478,5;27;29,33
19.08.2002;1478,5;27,26;29,84
20.08.2002;1478,5;27,1;30,11
21.08.2002;1478,5;27,41;29,24
22.08.2002;1497,25;27,02;28,84
23.08.2002;1495,25;26,99;28,63
26.08.2002;1495,25;26,99;29,28
27.08.2002;1510,25;27,22;28,83
28.08.2002;1506,75;26,95;28,34
29.08.2002;1497,75;27,52;28,92
30.08.2002;1497,75;27,47;28,98
02.09.2002;1501,75;27,54;28,98
03.09.2002;1473,5;26,57;27,79
04.09.2002;1479,5;27,1;28,27
05.09.2002;1468;27,66;28,98
06.09.2002;1475,25;28,29;29,61
09.09.2002;1495,75;28,49;29,73
10.09.2002;1528;28,58;29,73
11.09.2002;1523,25;28,39;29,77
12.09.2002;1519;27,73;28,85
13.09.2002;1509;28,31;29,81
16.09.2002;1509;28,52;29,67
17.09.2002;1509;27,97;29,08
18.09.2002;1509;28,32;29,48
19.09.2002;1468,75;28,38;29,5
20.09.2002;1477,25;28,43;29,61
23.09.2002;1467;29,13;30,71
24.09.2002;1458,75;29,11;30,77
25.09.2002;1466;29,06;30,64
26.09.2002;1472,5;28,89;30,41
27.09.2002;1455,5;28,88;30,54
30.09.2002;1442,25;28,75;30,45
01.10.2002;1446,75;29,01;30,83
02.10.2002;1467,25;28,82;30,49
03.10.2002;1455,25;28,26;29,76
04.10.2002;1439,5;28,12;29,62
07.10.2002;1438;28,23;29,64
08.10.2002;1441,25;28,09;29,48
09.10.2002;1443;28,13;29,35
10.10.2002;1453,25;27,74;28,97
11.10.2002;1475,75;27,99;29,37
14.10.2002;1475,75;28,5;30,03
15.10.2002;1475,75;28,5;29,72
16.10.2002;1475,75;28,58;29,47
17.10.2002;1512,25;27,97;29,62
18.10.2002;1500,75;27,84;29,6
21.10.2002;1524;26,59;28,37
22.10.2002;1515;26,43;27,92
23.10.2002;1505,75;26,51;28,18
24.10.2002;1528,5;26,46;28,2
25.10.2002;1537,75;25,46;27,05
28.10.2002;1545,5;25,68;27,29
29.10.2002;1525,75;25,31;26,86
30.10.2002;1528,5;25,3;26,81
31.10.2002;1558;25,72;27,22
01.11.2002;1573,25;25,41;27,13
04.11.2002;1583;25,02;26,95
05.11.2002;1573,5;24,12;26,14
06.11.2002;1582,75;23,7;25,77
07.11.2002;1556,75;23,48;25,38
08.11.2002;1555,75;23,58;25,78
11.11.2002;1568,95;23,79;25,94
12.11.2002;1566,5;23,72;25,9
13.11.2002;1565,25;22,7;25,19
14.11.2002;1552,75;22,81;25,29
15.11.2002;1562,75;23,35;25,51
18.11.2002;1562,75;24,28;26,71
19.11.2002;1562,75;24,08;26,42
20.11.2002;1562,75;24,53;26,98
21.11.2002;1613,25;24,83;26,35
22.11.2002;1607;25,21;26,76
25.11.2002;1607,25;24,67;26,11
26.11.2002;1591,5;24,85;26,4
27.11.2002;1618,5;25,25;26,89
28.11.2002;1623,5;25,01;26,89
29.11.2002;1649;25,16;26,89
02.12.2002;1646,5;25,62;27,24
03.12.2002;1647,25;25,85;27,3
04.12.2002;1643;25,18;26,71
05.12.2002;1621,25;25,8;27,29
06.12.2002;1608,75;25,46;26,93
09.12.2002;1591,75;25,76;27,2
10.12.2002;1604,25;26,42;27,74
11.12.2002;1607,5;26,25;27,4
12.12.2002;1603,25;26,87;28,01
13.12.2002;1584,75;27,21;28,44
16.12.2002;1584,75;28,38;30,1
17.12.2002;1584,75;27,92;30,1
18.12.2002;1584,75;28,49;30,44
19.12.2002;1574,75;28,22;30,56
20.12.2002;1573,25;28,34;30,3
23.12.2002;1581,75;29,72;31,75
24.12.2002;1580,75;29,61;31,97
25.12.2002;1580,75;29,61;31,97
26.12.2002;1580,75;29,61;32,49
27.12.2002;1580,75;30,16;32,72
30.12.2002;1545,25;29,66;31,37
31.12.2002;1545,25;28,66;31,2
01.01.2003;1545,25;28,66;31,2
02.01.2003;1575,5;29,43;31,85
03.01.2003;1596,75;30,77;33,08
06.01.2003;1613;30,2;32,1
07.01.2003;1605,5;29,33;31,08
08.01.2003;1621;28,79;30,56
09.01.2003;1639;29,64;31,99
10.01.2003;1619,75;29,67;31,68
13.01.2003;1638;30,2;32,26
14.01.2003;1656;30,61;32,37
15.01.2003;1665,75;31,22;33,21
16.01.2003;1672,75;31,66;33,66
17.01.2003;1657,25;30,54;33,91
20.01.2003;1679,75;30,65;33,91
21.01.2003;1677,5;30,74;34,61
22.01.2003;1685,5;30,34;32,85
23.01.2003;1688,5;29,72;32,25
24.01.2003;1681;30,49;33,28
27.01.2003;1663,25;29,86;32,29
28.01.2003;1657,75;30,27;32,67
29.01.2003;1671,5;31,02;33,63
30.01.2003;1710,25;31,21;33,85
31.01.2003;1723,5;31,1;33,51
03.02.2003;1728,45;30,25;32,76
04.02.2003;1699;31,09;33,58
05.02.2003;1699,75;31,36;33,93
06.02.2003;1673;31,44;34,16
07.02.2003;1666;32,34;35,12
10.02.2003;1700,5;31,7;34,48
11.02.2003;1692,25;32,37;35,44
12.02.2003;1677,75;32,45;35,77
13.02.2003;1641,25;33,06;36,36
14.02.2003;1646,75;32,5;36,8
17.02.2003;1646,75;31,92;36,8
18.02.2003;1646,75;32,54;36,96
19.02.2003;1646,75;32,33;37,16
20.02.2003;1653,25;31,56;36,79
21.02.2003;1696,75;32,27;35,58
24.02.2003;1719,5;33,15;36,48
25.02.2003;1707,5;32,32;36,06
26.02.2003;1734,5;33,07;37,7
27.02.2003;1726,75;33,04;37,2
28.02.2003;1700,75;32,79;36,6
03.03.2003;1711,25;32,48;35,88
04.03.2003;1705,25;33,09;36,89
05.03.2003;1665;33;36,69
06.03.2003;1661,5;33,53;37
07.03.2003;1664;34,1;37,78
10.03.2003;1653,25;33,69;37,27
11.03.2003;1667,75;33,29;36,72
12.03.2003;1655,5;33,91;37,83
13.03.2003;1636;32,43;36,01
14.03.2003;1643,5;31,38;35,38
17.03.2003;1643,5;29,48;34,93
18.03.2003;1643,5;27,25;31,67
19.03.2003;1643,5;26,75;29,88
20.03.2003;1673,25;25,5;28,61
21.03.2003;1693;24,35;26,91
24.03.2003;1672,25;26,09;28,66
25.03.2003;1676;24,81;27,97
26.03.2003;1648,5;25,29;28,63
27.03.2003;1606,75;26,82;30,37
28.03.2003;1592,75;26,35;30,16
31.03.2003;1575,5;27,18;31,04
01.04.2003;1588;26,36;29,78
02.04.2003;1573,25;25,21;28,56
03.04.2003;1560;25,5;28,97
04.04.2003;1570,75;24,68;28,62
07.04.2003;1598,75;24,58;27,96
08.04.2003;1584,25;24,6;28
09.04.2003;1580,75;25,25;28,85
10.04.2003;1566,5;24,47;27,46
11.04.2003;1588;24,75;28,14
14.04.2003;1588;24,99;28,63
15.04.2003;1588;25,2;29,29
16.04.2003;1588;25,02;29,18
17.04.2003;1617,5;25,88;30,55
18.04.2003;1617,5;25,88;30,55
21.04.2003;1617,5;25,88;30,87
22.04.2003;1588,25;25,46;29,91
23.04.2003;1595,5;24,26;26,65
24.04.2003;1574,5;24,33;26,64
25.04.2003;1570,5;24,09;26,26
28.04.2003;1576,5;23,5;25,49
29.04.2003;1593,75;23,26;25,24
30.04.2003;1598,75;23,68;25,8
01.05.2003;1601,75;23,82;26,03
02.05.2003;1576,25;23,52;25,67
05.05.2003;1576,25;23,52;26,49
06.05.2003;1581,75;23,57;25,72
07.05.2003;1604,75;24,11;26,23
08.05.2003;1617,5;24,65;26,98
09.05.2003;1613,5;25,1;27,72
12.05.2003;1627,25;24,89;27,35
13.05.2003;1663,75;25,9;28,5
14.05.2003;1665;26,75;29,17
15.05.2003;1672,5;26,73;28,74
16.05.2003;1663,75;26,1;29,14
19.05.2003;1663,75;25,61;28,83
20.05.2003;1663,75;25,65;29,28
21.05.2003;1663,75;26,21;29,03
22.05.2003;1684;25,97;28,85
23.05.2003;1673;26,24;29,16
26.05.2003;1673;26,24;29,16
27.05.2003;1703,5;26,34;29,35
28.05.2003;1681,5;25,59;28,58
29.05.2003;1681,25;26,03;29,1
30.05.2003;1700,25;26,32;29,56
02.06.2003;1725,5;27,38;30,71
03.06.2003;1714,5;27,28;30,67
04.06.2003;1702,25;26,81;30,05
05.06.2003;1708,5;27,44;30,74
06.06.2003;1706,75;27,78;31,28
09.06.2003;1684,05;27,85;31,45
10.06.2003;1675,25;28,08;31,73
11.06.2003;1676,25;28,39;32,36
12.06.2003;1683,5;27,83;31,51
13.06.2003;1666;27,46;30,65
16.06.2003;1666;26,65;31,18
17.06.2003;1666;26,67;31,07
18.06.2003;1666;26,26;30,36
19.06.2003;1711;26,29;29,96
20.06.2003;1697,25;27,02;30,82
23.06.2003;1682;26,93;29,17
24.06.2003;1680,5;26,62;28,78
25.06.2003;1668,25;27,65;29,95
26.06.2003;1658;27,04;29,01
27.06.2003;1670,75;27,3;29,27
30.06.2003;1650,75;28,33;30,19
01.07.2003;1640,5;28,31;30,4
02.07.2003;1668,5;27,97;30,15
03.07.2003;1648,75;28,2;30,42
04.07.2003;1657,75;27,63;30,42
07.07.2003;1680,75;27,82;30,13
08.07.2003;1690;27,97;30,22
09.07.2003;1697;28,71;30,88
10.07.2003;1707;28,88;31,06
11.07.2003;1705;29,19;31,28
14.07.2003;1705;28,96;31,27
15.07.2003;1705;29,17;31,62
16.07.2003;1705;28,72;31,05
17.07.2003;1721,5;28,62;31,41
18.07.2003;1714,5;28,93;31,96
21.07.2003;1695,5;28,69;31,78
22.07.2003;1692,25;27,49;30,19
23.07.2003;1700;27,78;29,67
24.07.2003;1731,75;28,16;30,22
25.07.2003;1747,5;28,18;30,17
28.07.2003;1764;28,03;30,11
29.07.2003;1763,25;28,1;30,24
30.07.2003;1754;28,5;30,68
31.07.2003;1786;28,37;30,54
01.08.2003;1787;29,99;32,31
04.08.2003;1767,5;29,53;31,84
05.08.2003;1772,5;29,93;32,22
06.08.2003;1762,25;29,48;31,7
07.08.2003;1786,5;30,25;32,39
08.08.2003;1754,5;29,99;32,18
11.08.2003;1762;29,91;32,01
12.08.2003;1732,5;29,87;31,92
13.08.2003;1728,5;29,01;30,78
14.08.2003;1746;28,83;31,09
15.08.2003;1727,5;28,81;31,05
18.08.2003;1727,5;28,66;30,89
19.08.2003;1756,25;28,47;30,7
20.08.2003;1761,5;28,84;30,95
21.08.2003;1749,75;29,71;31,88
22.08.2003;1764;29,7;31,84
25.08.2003;1764;29,7;31,56
26.08.2003;1746,75;29,77;31,95
27.08.2003;1737,75;29,18;31,21
28.08.2003;1724;29,44;31,5
29.08.2003;1759,75;29,49;31,57
01.09.2003;1766,75;29,25;31,57
02.09.2003;1778;27,52;29,41
03.09.2003;1801,5;27,74;29,49
04.09.2003;1785;27,31;28,98
05.09.2003;1811,75;27,21;28,88
08.09.2003;1800;27,17;28,85
09.09.2003;1779,25;27,37;29,18
10.09.2003;1759,25;27,52;29,35
11.09.2003;1800;27,02;28,82
12.09.2003;1779,5;26,77;28,27
15.09.2003;1779,5;26,7;28,14
16.09.2003;1777,5;25,99;27,56
17.09.2003;1790,5;25,67;27,03
18.09.2003;1801,25;25,59;27,17
19.09.2003;1812,75;25,32;27,03
22.09.2003;1815,25;25,53;26,96
23.09.2003;1803,25;25,52;27,13
24.09.2003;1814,25;26,67;28,24
25.09.2003;1806,5;26,81;28,29
26.09.2003;1790,5;26,64;28,16
29.09.2003;1799;26,83;28,4
30.09.2003;1785,25;27,61;29,2
01.10.2003;1789;27,88;29,39
02.10.2003;1812,75;28,27;29,84
03.10.2003;1824,5;28,71;30,4
06.10.2003;1817,5;28,89;30,47
07.10.2003;1839,75;29,03;30,41
08.10.2003;1854,5;28,73;29,81
09.10.2003;1859,5;30,14;31,01
10.10.2003;1868;30,9;31,97
13.10.2003;1868;30,67;31,95
14.10.2003;1911;30,69;31,82
15.10.2003;1956,25;30,87;31,77
16.10.2003;1956,25;31,11;31,54
17.10.2003;1949;29,03;30,68
20.10.2003;1989,75;28,62;30,35
21.10.2003;1980,75;28,63;30,18
22.10.2003;2004;28,28;29,92
23.10.2003;1976,75;28,63;30,3
24.10.2003;1955;28,58;30,16
27.10.2003;1984,75;28,39;29,92
28.10.2003;1981,5;28,04;29,56
29.10.2003;2014,75;27,44;28,91
30.10.2003;2051,75;27,1;28,47
31.10.2003;2065;27,7;29,11
03.11.2003;2043;27,36;28,9
04.11.2003;2093,75;27,16;28,75
05.11.2003;2108,5;28,6;30,3
06.11.2003;2087,5;28,41;30,26
07.11.2003;2093,5;28,91;30,85
10.11.2003;2047,25;28,99;30,88
11.11.2003;2076,25;29,09;31,15
12.11.2003;2109;29,2;31,33
13.11.2003;2090;29,21;31,9
14.11.2003;2099;29,56;32,37
17.11.2003;2099;29,05;31,73
18.11.2003;2053,5;30,47;33,28
19.11.2003;2032,5;29,78;32,92
20.11.2003;1969,25;29,56;32,86
21.11.2003;1973;29,36;31,61
24.11.2003;2002,5;27,86;29,74
25.11.2003;1988,5;27,94;29,77
26.11.2003;1997;28,47;30,41
27.11.2003;2025,5;28,7;30,41
28.11.2003;2078,5;28,45;30,41
01.12.2003;2106;28,25;29,95
02.12.2003;2135,5;28,94;30,78
03.12.2003;2169,25;29,14;31,1
04.12.2003;2133,25;29,23;31,26
05.12.2003;2137;28,74;30,73
08.12.2003;2146;29,98;32,1
09.12.2003;2155,5;29,63;31,76
10.12.2003;2149;29,66;31,88
11.12.2003;2147,5;29,57;31,85
12.12.2003;2165,5;30,37;33,04
15.12.2003;2165,5;30,32;33,18
16.12.2003;2165,5;30,38;32,89
17.12.2003;2165,5;30,59;33,35
18.12.2003;2225;30,8;33,71
19.12.2003;2239;30,05;33,02
22.12.2003;2220,75;28,99;31,87
23.12.2003;2239;29,04;31,95
24.12.2003;2242;29,06;32,86
25.12.2003;2242;29,06;32,86
26.12.2003;2242;29,06;32,86
29.12.2003;2286;29,31;32,4
30.12.2003;2282,5;29,74;32,79
31.12.2003;2309;30,17;32,52
01.01.2004;2309;30,17;32,52
02.01.2004;2357,5;29,32;32,52
05.01.2004;2384,75;30,89;33,78
06.01.2004;2348,5;30,82;33,7
07.01.2004;2343,5;30,76;33,62
08.01.2004;2410,25;31,08;33,98
09.01.2004;2423,25;31,37;34,31
12.01.2004;2378,25;31,76;34,72
13.01.2004;2377;31,37;34,43
14.01.2004;2405,75;31,03;34,5
15.01.2004;2366,5;31,56;33,44
16.01.2004;2394,5;30,47;35,07
19.01.2004;2394,5;30,57;35,07
20.01.2004;2455;31,23;36,2
21.01.2004;2453,5;30,86;34,58
22.01.2004;2464,5;31,11;34,93
23.01.2004;2468,25;30,96;34,94
26.01.2004;2455;30,45;34,47
27.01.2004;2447,75;30,23;34,12
28.01.2004;2476,5;29,77;33,62
29.01.2004;2469,5;29,13;32,81
30.01.2004;2516;29,18;33,05
02.02.2004;2515;30,23;34,98
03.02.2004;2566;29,5;34,1
04.02.2004;2575,25;28,88;33,1
05.02.2004;2571;29,27;33,08
06.02.2004;2590;28,83;32,48
09.02.2004;2594,5;29,11;32,83
10.02.2004;2585,5;30,04;33,87
11.02.2004;2641;29,87;34
12.02.2004;2733,5;30,07;33,98
13.02.2004;2716;30,57;34,56
16.02.2004;2716;30,32;34,56
17.02.2004;2855;30,69;35,19
18.02.2004;2819;30,99;35,45
19.02.2004;2898;30,82;36
20.02.2004;2900;30,69;35,6
23.02.2004;2893;30,81;34,35
24.02.2004;2922;30,81;34,58
25.02.2004;2989;31,57;35,68
26.02.2004;2958,5;31,57;35,51
27.02.2004;2971;32,23;36,16
01.03.2004;3069,5;33,34;36,86
02.03.2004;3047,5;33,15;36,66
03.03.2004;2892;32,23;35,8
04.03.2004;2931;32,89;36,64
05.03.2004;2971,5;33,35;37,26
08.03.2004;2899;32,77;36,57
09.03.2004;2813;32,23;36,28
10.03.2004;2861;31,99;36,1
11.03.2004;2962;32,83;36,78
12.03.2004;2931;32,24;36,19
15.03.2004;2931;33,8;37,44
16.03.2004;3056;33,45;37,48
17.03.2004;3006;33,53;38,18
18.03.2004;3055;33,13;37,93
19.03.2004;3070,5;33,26;38,08
22.03.2004;3028;32,8;37,11
23.03.2004;3003;33,31;37,45
24.03.2004;3047;33,01;37,01
25.03.2004;2988;31,83;35,51
26.03.2004;3048,5;31,99;35,73
29.03.2004;3067;31,74;35,45
30.03.2004;3045;32,45;36,25
31.03.2004;3073;31,51;35,76
01.04.2004;3100;31,55;34,27
02.04.2004;3050,5;30,21;34,39
05.04.2004;2951;30,69;34,38
06.04.2004;2997;31,35;34,97
07.04.2004;2971;32,45;36,15
08.04.2004;2960;33,34;37,14
09.04.2004;2960;33,34;37,14
12.04.2004;2960;33,34;37,84
13.04.2004;2908;33,19;37,21
14.04.2004;2947;33,45;36,72
15.04.2004;2942,5;33,12;37,57
16.04.2004;3049;33,64;37,74
19.04.2004;3049;33,46;37,42
20.04.2004;2960;33,11;37,6
21.04.2004;2783;32,46;35,73
22.04.2004;2766;33,39;36,71
23.04.2004;2774;33,09;36,46
26.04.2004;2790;33,58;36,97
27.04.2004;2803;34,28;37,53
28.04.2004;2657;34,31;37,46
29.04.2004;2721;34,38;37,31
30.04.2004;2752;34,48;37,38
03.05.2004;2752;34,48;38,21
04.05.2004;2806;35,93;38,98
05.05.2004;2810;36,72;39,57
06.05.2004;2816;36,53;39,37
07.05.2004;2693;37;39,93
10.05.2004;2633;35,97;38,93
11.05.2004;2701;37,36;40,06
12.05.2004;2742;37,95;40,77
13.05.2004;2704;38,49;41,08
14.05.2004;2697;38,76;41,38
17.05.2004;2697;37,91;41,55
18.05.2004;2591;36,95;40,54
19.05.2004;2677;37,9;41,5
20.05.2004;2670;37,26;40,92
21.05.2004;2743;36,51;39,93
24.05.2004;2775;38,17;41,72
25.05.2004;2762;37,44;41,14
26.05.2004;2763;37,08;40,7
27.05.2004;2836;36,25;39,44
28.05.2004;2833;36,58;39,88
31.05.2004;2833;36,58;39,88
01.06.2004;2872;39,08;42,33
02.06.2004;2787;36,86;39,96
03.06.2004;2791;36,4;39,28
04.06.2004;2750;35,67;38,49
07.06.2004;2819;35,96;38,66
08.06.2004;2760;35,05;37,28
09.06.2004;2637;35,29;37,54
10.06.2004;2618;35,74;38,45
11.06.2004;2601;35,44;38,45
14.06.2004;2601;35,49;37,59
15.06.2004;2650;35,29;37,19
16.06.2004;2623,5;35,2;37,32
17.06.2004;2667,5;36,21;38,46
18.06.2004;2650,5;36,21;38,75
21.06.2004;2662;35,13;37,63
22.06.2004;2591,5;35,61;38,11
23.06.2004;2634;35,03;37,57
24.06.2004;2736;35,3;37,93
25.06.2004;2706,5;34,97;37,55
28.06.2004;2712;33,7;36,24
29.06.2004;2631;33,11;35,66
30.06.2004;2704;34,5;37,05
01.07.2004;2743,5;36,07;38,74
02.07.2004;2734,5;35,92;38,39
05.07.2004;2792;36,3;38,39
06.07.2004;2720,5;37,18;39,65
07.07.2004;2795;36,61;39,08
08.07.2004;2785;37,77;40,33
09.07.2004;2841;37,05;39,96
12.07.2004;2823,5;36,63;39,5
13.07.2004;2824,5;36,69;39,44
14.07.2004;2845;38,54;40,97
15.07.2004;2876;38,11;40,77
16.07.2004;2909;38;41,25
19.07.2004;2909;37,9;41,64
20.07.2004;2839;37,01;40,86
21.07.2004;2812,5;37,16;40,58
22.07.2004;2849;38,01;41,36
23.07.2004;2776;38,27;41,71
26.07.2004;2781;38,11;41,44
27.07.2004;2739;38,54;41,84
28.07.2004;2821;39,53;42,9
29.07.2004;2871;39,25;42,75
30.07.2004;2910;40,03;43,8
02.08.2004;2913;39,97;43,82
03.08.2004;2893;40,64;44,15
04.08.2004;2882;39,7;42,83
05.08.2004;2863;41,12;44,41
06.08.2004;2854;40,63;43,95
09.08.2004;2809;41,56;44,84
10.08.2004;2826;41,28;44,52
11.08.2004;2854;41,57;44,8
12.08.2004;2849;42,29;45,5
13.08.2004;2938,5;43,88;46,58
16.08.2004;2938,5;43,67;46,05
17.08.2004;2863;42,99;46,75
18.08.2004;2802;43,03;47,27
19.08.2004;2843;44,33;48,7
20.08.2004;2812;43,54;47,86
23.08.2004;2759;43,03;46,05
24.08.2004;2782,5;42,32;45,21
25.08.2004;2755;40,68;43,47
26.08.2004;2784,5;40,33;43,1
27.08.2004;2813;40,64;43,18
30.08.2004;2813;40,64;42,28
31.08.2004;2839;39,61;42,12
01.09.2004;2827;41,47;44
02.09.2004;2783;41,57;44,06
03.09.2004;2750;41,23;43,99
06.09.2004;2773;40,62;43,99
07.09.2004;2808,5;40,76;43,31
08.09.2004;2786,5;40,39;42,77
09.09.2004;2803;42,22;44,61
10.09.2004;2852;40,2;42,81
13.09.2004;2852;41,06;43,87
14.09.2004;2805;41,73;44,39
15.09.2004;2803,5;41,85;43,58
16.09.2004;2858;40,75;43,88
17.09.2004;2853;42,45;45,59
20.09.2004;2894;42,91;46,35
21.09.2004;2948;43,39;47,1
22.09.2004;2966;44,93;48,35
23.09.2004;2989;45,13;48,46
24.09.2004;2970;45,33;48,88
27.09.2004;3023;45,93;49,64
28.09.2004;2996;46,45;49,9
29.09.2004;3055;46,08;49,51
30.09.2004;3077,5;46,38;49,64
01.10.2004;3070;46,62;50,12
04.10.2004;3054,5;46,19;49,91
05.10.2004;3052;47,13;51,09
06.10.2004;3125;47,99;52,02
07.10.2004;3131,5;48,9;52,67
08.10.2004;3241;49,71;53,31
11.10.2004;3241;50,66;53,64
12.10.2004;3197;49,6;52,51
13.10.2004;2888;50,05;53,64
14.10.2004;2822;50,84;54,76
15.10.2004;2923;49,93;54,93
18.10.2004;2923;48,91;53,67
19.10.2004;2870,5;48,77;53,29
20.10.2004;2859,5;50,52;54,92
21.10.2004;2890;50,72;54,47
22.10.2004;2873;51,22;55,17
25.10.2004;2814;50,78;54,54
26.10.2004;2858;51,56;55,17
27.10.2004;2871;49,45;52,46
28.10.2004;2830;48,37;50,92
29.10.2004;2973;48,98;51,76
01.11.2004;2917;47,06;50,13
02.11.2004;2938;46,55;49,62
03.11.2004;2966;47,56;50,88
04.11.2004;3007;46,01;48,82
05.11.2004;3052;46,42;49,61
08.11.2004;3048,5;45,92;49,09
09.11.2004;3077;43,71;47,37
10.11.2004;3062;44,75;48,86
11.11.2004;3090,5;43,02;47,42
12.11.2004;3125;42,31;47,32
15.11.2004;3125;40,34;46,87
16.11.2004;3031;42,29;46,11
17.11.2004;3113;42,76;46,84
18.11.2004;3169;42,72;46,22
19.11.2004;3162;44,89;48,44
22.11.2004;3129;44,38;48,64
23.11.2004;3160;44,45;48,94
24.11.2004;3198;44,82;49,44
25.11.2004;3215;44,66;49,44
26.11.2004;3180;44,57;49,44
29.11.2004;3217;45,75;49,76
30.11.2004;3198;45,51;49,13
01.12.2004;3217;42,31;45,49
02.12.2004;3085;40,15;43,25
03.12.2004;3093;39,36;42,54
06.12.2004;3081;39,65;42,98
07.12.2004;3039,5;38,27;41,46
08.12.2004;2949;38,69;41,94
09.12.2004;2967;39,67;42,53
10.12.2004;3011;37,38;40,71
13.12.2004;3011;37,84;41,01
14.12.2004;3051;39,25;41,82
15.12.2004;3093,5;42,22;44,19
16.12.2004;3109;41,43;44,18
17.12.2004;3121;43,39;46,28
20.12.2004;3169;42,45;45,64
21.12.2004;3184;42,37;45,76
22.12.2004;3158;40,64;44,24
23.12.2004;3151;40,71;44,18
24.12.2004;3186,5;40,07;44,18
27.12.2004;3186,5;40,07;41,32
28.12.2004;3186,5;40,07;41,77
29.12.2004;3219;39,17;43,64
30.12.2004;3231;40,37;43,45
31.12.2004;3244;40,46;43,45
03.01.2005;3244;40,46;42,12
04.01.2005;3003;41,04;43,91
05.01.2005;3082;40,51;43,39
06.01.2005;3072,5;42,85;45,56
07.01.2005;3110;43,18;45,43
10.01.2005;3093;42,92;45,33
11.01.2005;3164;43,12;45,68
12.01.2005;3153;43,68;46,37
13.01.2005;3127;45,21;48,04
14.01.2005;3139;45,15;48,38
17.01.2005;3139;45,03;48,38
18.01.2005;3098;45,39;48,38
19.01.2005;3127;44,71;47,55
20.01.2005;3134;44,32;46,91
21.01.2005;3178;45,73;48,53
24.01.2005;3170;46,01;48,81
25.01.2005;3156;46,96;49,64
26.01.2005;3180;46,51;48,78
27.01.2005;3159;46,44;48,84
28.01.2005;3200;44,95;47,18
31.01.2005;3202;45,92;48,2
01.02.2005;3159;44,82;47,12
02.02.2005;3124;44,01;46,69
03.02.2005;3130;43,85;46,45
04.02.2005;3092;43,89;46,48
07.02.2005;3122,5;43,04;45,28
08.02.2005;3136,5;43,07;45,4
09.02.2005;3128;43,13;45,46
10.02.2005;3187;44,48;47,1
11.02.2005;3200;44,8;47,16
14.02.2005;3200;45,53;47,44
15.02.2005;3222;45,39;47,26
16.02.2005;3186;46,15;48,33
17.02.2005;3239;45,82;47,54
18.02.2005;3310;46,34;48,35
21.02.2005;3294;46,73;48,35
22.02.2005;3334;48,62;51,15
23.02.2005;3318;48,51;51,17
24.02.2005;3289;49,44;51,39
25.02.2005;3302;49,61;51,49
28.02.2005;3341;50,06;51,75
01.03.2005;3306;50,11;51,68
02.03.2005;3313;51,22;53,05
03.03.2005;3326;51,95;53,57
04.03.2005;3361;51,8;53,78
07.03.2005;3366;52,09;53,89
08.03.2005;3390;52,84;54,59
09.03.2005;3390;53,38;54,77
10.03.2005;3362;52,66;53,54
11.03.2005;3354;53,1;54,43
14.03.2005;3354;53,66;54,95
15.03.2005;3315,5;53,85;55,05
16.03.2005;3381;54,8;56,46
17.03.2005;3356;55,06;56,4
18.03.2005;3387;55,59;56,72
21.03.2005;3349;55,65;56,62
22.03.2005;3380;54,59;56,03
23.03.2005;3317;53,04;53,81
24.03.2005;3309;53,93;54,84
25.03.2005;3309;53,93;54,84
28.03.2005;3309;53,93;54,05
29.03.2005;3348;53,03;54,23
30.03.2005;3383;52,09;53,99
31.03.2005;3422;54,29;55,4
01.04.2005;3357;56,51;57,27
04.04.2005;3371;56,23;57,01
05.04.2005;3358;55,44;56,04
06.04.2005;3414;55,27;55,85
07.04.2005;3425;54,04;54,11
08.04.2005;3431;52,89;53,32
11.04.2005;3461,5;53,21;53,71
12.04.2005;3419;51,98;51,86
13.04.2005;3346;50,48;50,22
14.04.2005;3298;50,91;51,13
15.04.2005;3351;51,61;50,49
18.04.2005;3351;50,78;50,37
19.04.2005;3340;52,94;52,29
20.04.2005;3419;53,78;52,44
21.04.2005;3362;54,01;54,2
22.04.2005;3392,5;54,97;55,39
25.04.2005;3366;54,4;54,57
26.04.2005;3325;54,14;54,2
27.04.2005;3278;52,29;51,61
28.04.2005;3300;52,48;51,77
29.04.2005;3339;51,09;49,72
02.05.2005;3339;51,09;50,92
03.05.2005;3310;50,52;49,5
04.05.2005;3264;50,97;50,13
05.05.2005;3298;51,13;50,83
06.05.2005;3297;50,77;50,96
09.05.2005;3337;51,29;52,03
10.05.2005;3346;51,43;52,07
11.05.2005;3308;50,07;50,45
12.05.2005;3224;48,34;48,54
13.05.2005;3135;48,66;48,67
16.05.2005;3135;48,05;48,61
17.05.2005;3105;49,34;48,97
18.05.2005;3158;48,15;47,25
19.05.2005;3145;47,88;46,92
20.05.2005;3124;48,03;46,8
23.05.2005;3171;48,37;49,16
24.05.2005;3197;48,82;49,67
25.05.2005;3223;50,07;50,98
26.05.2005;3244;50,16;51,01
27.05.2005;3225;50,7;51,85
30.05.2005;3225;50,7;51,85
31.05.2005;3194;50,73;51,97
01.06.2005;3251;53,27;54,6
02.06.2005;3348;52,4;53,63
03.06.2005;3466;54,17;55,03
06.06.2005;3468;53,67;54,49
07.06.2005;3433;53,13;53,76
08.06.2005;3423;52,11;52,54
09.06.2005;3444;53,82;54,28
10.06.2005;3516;52,67;53,54
13.06.2005;3516;54,78;55,62
14.06.2005;3388;53,73;55
15.06.2005;3425;54,5;55,57
16.06.2005;3461;56,22;56,58
17.06.2005;3553;57,76;58,47
20.06.2005;3537;58,32;59,37
21.06.2005;3526;57,5;58,9
22.06.2005;3499;56,58;58,09
23.06.2005;3470;57,96;59,42
24.06.2005;3532;58,36;59,84
27.06.2005;3553;59,3;60,54
28.06.2005;3522,5;57,18;58,2
29.06.2005;3528,5;56,15;57,26
30.06.2005;3487;55,58;56,5
01.07.2005;3361;57,54;58,75
04.07.2005;3396;57,94;58,75
05.07.2005;3431;58,29;59,59
06.07.2005;3502;59,85;61,28
07.07.2005;3493;59,28;60,73
08.07.2005;3552;58,2;59,63
11.07.2005;3574;57,44;58,92
12.07.2005;3545;58,82;60,62
13.07.2005;3533;58,27;60,01
14.07.2005;3559;57,31;57,8
15.07.2005;3587;57,61;58,09
18.07.2005;3587;56,99;57,32
19.07.2005;3545;57,36;57,46
20.07.2005;3559;56,65;56,72
21.07.2005;3555;55,72;57,13
22.07.2005;3611;57,58;58,65
25.07.2005;3636;57,86;59
26.07.2005;3619;58,03;59,2
27.07.2005;3662;58,01;59,11
28.07.2005;3701;58,76;59,94
29.07.2005;3694;59,37;60,57
01.08.2005;3752;60,44;61,57
02.08.2005;3754;60,62;61,89
03.08.2005;3763;59,65;60,86
04.08.2005;3755;60,12;61,38
05.08.2005;3747;61,07;62,31
08.08.2005;3747;62,7;63,94
09.08.2005;3672;61,98;63,07
10.08.2005;3728;63,99;64,9
11.08.2005;3701;65,38;65,8
12.08.2005;3772;66,45;66,86
15.08.2005;3772;65,58;66,27
16.08.2005;3784;65,41;66,08
17.08.2005;3668;62,56;63,25
18.08.2005;3689;62,4;63,27
19.08.2005;3695;64,36;65,35
22.08.2005;3771;64,5;65,45
23.08.2005;3764;64,65;65,71
24.08.2005;3737;66,01;67,32
25.08.2005;3720;66,27;67,49
26.08.2005;3753;64,87;66,13
29.08.2005;3753;64,87;67,2
30.08.2005;3803;67,57;69,81
31.08.2005;3762;67,02;68,94
01.09.2005;3791;67,72;69,47
02.09.2005;3856;66,06;67,57
05.09.2005;3847;64,85;67,57
06.09.2005;3810;64,67;65,96
07.09.2005;3795;62,89;64,37
08.09.2005;3745;63,08;64,49
09.09.2005;3711;62,84;64,08
12.09.2005;3772;61,8;63,34
13.09.2005;3749;61,61;63,11
14.09.2005;3730;63,37;65,09
15.09.2005;3704;63,16;64,75
16.09.2005;3672;61,81;63
19.09.2005;3672;65,61;67,39
20.09.2005;3800;64,2;66,23
21.09.2005;3872;64,73;66,8
22.09.2005;3878;64,6;66,5
23.09.2005;3852;62,44;64,19
26.09.2005;3914;63,93;65,82
27.09.2005;3919;62,97;65,07
28.09.2005;3925;63,93;66,35
29.09.2005;3944;63,84;66,79
30.09.2005;3896,5;63,48;66,24
03.10.2005;3947;62,8;65,47
04.10.2005;3974;61,22;63,9
05.10.2005;4038;60,12;62,79
06.10.2005;4043;58,37;61,36
07.10.2005;4081;59,21;61,84
10.10.2005;4085;58,78;61,8
11.10.2005;4139;60,08;63,53
12.10.2005;4056;60,57;64,12
13.10.2005;3986;60,14;63,08
14.10.2005;3950;59,35;62,63
17.10.2005;3950;60,57;64,36
18.10.2005;4095;59,28;63,2
19.10.2005;4073;58,6;62,41
20.10.2005;4100;57,91;61,03
21.10.2005;3976;58,48;60,63
24.10.2005;4004;58,24;60,32
25.10.2005;4097;60,24;62,44
26.10.2005;4063;58,87;60,66
27.10.2005;4050;59,14;61,09
28.10.2005;4021,5;59,42;61,22
31.10.2005;4069;58,1;59,76
01.11.2005;4067;58,37;59,85
02.11.2005;4116;58,38;59,75
03.11.2005;4115;60,52;61,78
04.11.2005;4145,5;59,25;60,58
07.11.2005;4140;58,04;59,47
08.11.2005;4127;57,81;59,71
09.11.2005;4133;56,88;58,93
10.11.2005;4208;55,68;57,8
11.11.2005;4305;54,99;57,53
14.11.2005;4305;54,73;57,69
15.11.2005;4275;54,05;56,98
16.11.2005;4286;56;57,88
17.11.2005;4291;54,85;56,34
18.11.2005;4349;54,88;56,14
21.11.2005;4363;55,34;57,7
22.11.2005;4247;56,41;58,84
23.11.2005;4229;56,21;58,71
24.11.2005;4345;55,3;58,71
25.11.2005;4387;55,01;58,71
28.11.2005;4377;54,88;57,36
29.11.2005;4387;54,32;56,5
30.11.2005;4397;55,05;57,32
01.12.2005;4526;56,15;58,47
02.12.2005;4548;57,05;59,32
05.12.2005;4560;57,73;59,91
06.12.2005;4542;57,61;59,94
07.12.2005;4611;56,98;59,21
08.12.2005;4608;58,67;60,66
09.12.2005;4604;57,31;59,39
12.12.2005;4524;59,44;61,3
13.12.2005;4602;59,52;61,37
14.12.2005;4504,5;59,6;60,85
15.12.2005;4508;59,85;59,99
16.12.2005;4624,5;57,13;58,06
19.12.2005;4624,5;56,11;57,34
20.12.2005;4536;56,17;57,98
21.12.2005;4546;56,72;58,56
22.12.2005;4562,5;56,55;58,28
23.12.2005;4585,5;56,69;58,43
26.12.2005;4585,5;56,69;58,43
27.12.2005;4585,5;56,29;58,16
28.12.2005;4622;57,64;59,82
29.12.2005;4584;58,07;60,32
30.12.2005;4538;58,98;61,04
02.01.2006;4538;58,98;61,04
03.01.2006;4584;61,35;63,14
04.01.2006;4675,5;61,68;63,42
05.01.2006;4638;61,13;62,79
06.01.2006;4634;62,72;64,21
09.01.2006;4693;62,01;63,5
10.01.2006;4689;61,92;63,37
11.01.2006;4681;62,17;63,94
12.01.2006;4659;62,62;63,94
13.01.2006;4747;62,26;63,92
16.01.2006;4711;62,93;63,92
17.01.2006;4663;64,9;66,31
18.01.2006;4703;64,19;65,73
19.01.2006;4695;65,23;66,83
20.01.2006;4636;66,43;68,35
23.01.2006;4703;66,16;68,1
24.01.2006;4743;65,34;67,06
25.01.2006;4872;64,23;65,85
26.01.2006;4859;64,92;66,26
27.01.2006;4929;66,24;67,76
30.01.2006;4915;66,59;68,35
31.01.2006;4912;65,99;67,92
01.02.2006;4937;65,03;66,56
02.02.2006;5065,5;62,88;64,68
03.02.2006;5092;63,39;65,37
06.02.2006;5129,5;63,33;65,11
07.02.2006;5035;61,56;63,09
08.02.2006;5041;61,06;62,55
09.02.2006;5081;60,75;62,62
10.02.2006;4894;59,64;61,84
13.02.2006;4934;59,38;61,24
14.02.2006;4988;59,52;59,57
15.02.2006;4834;58,15;57,65
16.02.2006;4848;58,79;58,46
17.02.2006;4864;59,89;59,88
20.02.2006;4966;61,54;59,88
21.02.2006;5015;61,6;61,1
22.02.2006;5035,5;60,44;61,01
23.02.2006;4959;60,54;60,54
24.02.2006;4922;62,6;62,91
27.02.2006;4734;60,99;61
28.02.2006;4881;61,76;61,41
01.03.2006;4940;62,45;61,97
02.03.2006;5056;64,07;63,36
03.03.2006;5046;64,18;63,67
06.03.2006;4953;62,34;62,41
07.03.2006;4844;61,17;61,58
08.03.2006;4800;60,03;60,02
09.03.2006;4893;61,06;60,47
10.03.2006;4905;60,83;59,96
13.03.2006;4962;62,2;61,77
14.03.2006;4974,5;63,97;63,1
15.03.2006;5008,5;62,94;62,17
16.03.2006;4981;62,91;63,58
17.03.2006;5189;63,26;62,77
20.03.2006;5164;61,34;60,42
21.03.2006;5161;62,13;60,57
22.03.2006;5163;61,5;61,77
23.03.2006;5290;63,27;63,91
24.03.2006;5304;63,51;64,26
27.03.2006;5360,5;63,61;64,16
28.03.2006;5365,5;64,97;66,07
29.03.2006;5391;65,55;66,45
30.03.2006;5466;66,46;67,15
31.03.2006;5440;65,91;66,63
03.04.2006;5661,5;66,84;66,74
04.04.2006;5588;66,39;66,23
05.04.2006;5742,5;67,1;67,07
06.04.2006;5802,5;67,84;67,94
07.04.2006;5751;67,29;67,39
10.04.2006;5937,5;68,75;68,74
11.04.2006;6010;69,37;68,98
12.04.2006;6168;69,42;68,62
13.04.2006;6259;70,14;69,32
14.04.2006;6259;70,14;69,32
17.04.2006;6259;71,3;70,4
18.04.2006;6555;71,85;71,35
19.04.2006;6479;72,95;72,17
20.04.2006;6370;72,87;71,95
21.04.2006;6857;74,17;75,17
24.04.2006;6884;73,86;73,33
25.04.2006;7327;72,46;72,88
26.04.2006;7427;72,44;71,93
27.04.2006;7182;71,02;70,97
28.04.2006;7118;72,5;71,88
01.05.2006;7118;73,4;73,7
02.05.2006;7269;74,87;74,61
03.05.2006;7226;73,32;72,28
04.05.2006;7776;70,39;69,94
05.05.2006;7769;70,88;70,19
08.05.2006;7748;69,33;69,77
09.05.2006;7942;71,22;70,69
10.05.2006;8237;70,82;72,13
11.05.2006;8796;72,51;73,32
12.05.2006;8634;72,18;72,04
15.05.2006;8345;70,21;69,41
16.05.2006;8435;70,24;69,53
17.05.2006;8231;69,04;68,69
18.05.2006;8200;69,67;69,45
19.05.2006;7646;68,68;68,53
22.05.2006;7673;69,35;69,23
23.05.2006;8600;71;71,76
24.05.2006;7955;69,22;69,86
25.05.2006;8230;70,71;71,32
26.05.2006;8349;70,59;71,37
29.05.2006;8349;70,59;71,37
30.05.2006;8060;71,05;72,03
31.05.2006;8001;70,41;71,29
01.06.2006;7807;69,39;70,34
02.06.2006;7967;71,03;72,33
05.06.2006;7855;71,37;72,6
06.06.2006;7603;70,81;72,5
07.06.2006;7890;69,19;70,82
08.06.2006;7407;69,05;70,35
09.06.2006;7311;70,48;71,63
12.06.2006;7137;68,93;70,36
13.06.2006;6677,5;66,92;68,56
14.06.2006;6766;66,98;69,14
15.06.2006;7140;67,43;69,5
16.06.2006;7109;68,8;69,88
19.06.2006;6893;68,11;68,98
20.06.2006;6827,5;68,08;68,94
21.06.2006;6888;69,17;70,33
22.06.2006;6812;69,95;70,84
23.06.2006;6885;69,93;70,87
26.06.2006;7110;70,73;71,8
27.06.2006;6855;70,98;71,92
28.06.2006;7010;71,41;72,19
29.06.2006;7413;72,88;73,52
30.06.2006;7425;73,51;73,93
03.07.2006;7381;73,39;73,93
04.07.2006;7518;72,51;73,93
05.07.2006;7477;73,98;75,19
06.07.2006;7954;74,08;75,14
07.07.2006;7840;73,51;74,09
10.07.2006;7851;72,89;73,61
11.07.2006;8022;73,67;74,16
12.07.2006;8159;74,39;74,95
13.07.2006;8035;76,69;76,7
14.07.2006;8196;77,27;77,03
17.07.2006;7838;75,92;75,3
18.07.2006;7890,5;74,36;73,54
19.07.2006;7870;73,9;72,66
20.07.2006;7430;73,72;73,08
21.07.2006;7102;73,75;74,43
24.07.2006;7223;74,61;75,05
25.07.2006;7516;73,28;73,75
26.07.2006;7537;74;73,94
27.07.2006;7601;75,01;74,54
28.07.2006;7743;73,39;73,24
31.07.2006;8032;75,15;74,4
01.08.2006;7849;75,89;74,91
02.08.2006;7884;76,89;75,81
03.08.2006;7550;76,56;75,46
04.08.2006;7915;76,17;74,76
07.08.2006;7966;78,3;76,98
08.08.2006;7955;77,55;76,31
09.08.2006;8102;77,28;76,35
10.08.2006;7943;75,28;74
11.08.2006;7618;75,63;74,35
14.08.2006;7686;74,3;73,53
15.08.2006;7687;73,8;73,05
16.08.2006;7741;73,08;71,89
17.08.2006;7334;71,58;70,06
18.08.2006;7527;72,3;71,14
21.08.2006;7696;73,38;72,45
22.08.2006;7655;73,24;72,63
23.08.2006;7635;72,02;71,76
24.08.2006;7456;72,68;72,36
25.08.2006;7585;72,7;72,51
28.08.2006;7585;70,82;70,61
29.08.2006;7422;69,86;69,71
30.08.2006;7475;70,18;70,03
31.08.2006;7728;70,25;70,26
01.09.2006;7616;69,15;69,19
04.09.2006;7679;67,71;69,19
05.09.2006;7956;68,09;68,6
06.09.2006;8076;66,93;67,5
07.09.2006;8047;66,53;67,32
08.09.2006;7844;65,33;66,25
11.09.2006;7485;64,55;65,61
12.09.2006;7590;62,99;63,76
13.09.2006;7488,5;62,99;63,97
14.09.2006;7441;62,24;63,22
15.09.2006;7282;63,33;63,33
18.09.2006;7459;64,05;63,8
19.09.2006;7509;62,17;61,66
20.09.2006;7466;60,47;60,46
21.09.2006;7589;61,34;61,59
22.09.2006;7583;60,41;60,55
25.09.2006;7545;60,8;61,45
26.09.2006;7690;60,12;61,01
27.09.2006;7647;62,21;62,96
28.09.2006;7498;62,54;62,76
29.09.2006;7569;62,48;62,91
02.10.2006;7532;60,45;61,03
03.10.2006;7355;58,43;58,68
04.10.2006;7059;59,22;59,41
05.10.2006;7333;60;60,03
06.10.2006;7494;59,83;59,76
09.10.2006;7490;60,54;59,96
10.10.2006;7473;59,34;58,52
11.10.2006;7570;58,65;57,59
12.10.2006;7527;58,76;57,86
13.10.2006;7506;59,52;58,57
16.10.2006;7814;59,96;59,94
17.10.2006;7668;60,94;58,93
18.10.2006;7675,5;59,58;57,65
19.10.2006;7686;60,87;58,5
20.10.2006;7590;59,68;56,82
23.10.2006;7571;59,21;58,81
24.10.2006;7516;59,86;59,35
25.10.2006;7481;62,05;61,4
26.10.2006;7466;60,77;60,36
27.10.2006;7489;61,08;60,75
30.10.2006;7381;58,68;58,36
31.10.2006;7387,5;59,03;58,73
01.11.2006;7152;58,98;58,71
02.11.2006;7247,5;57,87;57,88
03.11.2006;7334,5;59,15;59,14
06.11.2006;7360;59,75;60,02
07.11.2006;7410,5;58,48;58,93
08.11.2006;7106;59,59;59,83
09.11.2006;7308;61,32;61,16
10.11.2006;6900,5;59,71;59,59
13.11.2006;6775;59,05;58,58
14.11.2006;6834;58,84;58,28
15.11.2006;6896;59,46;58,76
16.11.2006;6795;58,54;56,26
17.11.2006;6781;58,99;55,81
20.11.2006;6826;58,98;58,8
21.11.2006;6972;60,39;60,17
22.11.2006;6886;59,49;59,24
23.11.2006;6964;59,35;59,24
24.11.2006;7136;60,03;59,24
27.11.2006;7070;60,44;60,32
28.11.2006;6950;61,21;60,99
29.11.2006;6980;63,07;62,46
30.11.2006;7055;64,26;63,13
01.12.2006;6978;64,62;63,43
04.12.2006;6975;63,45;62,44
05.12.2006;7150;63,32;62,43
06.12.2006;6959;63,07;62,19
07.12.2006;6863;62,57;62,49
08.12.2006;6857,5;62,2;62,03
11.12.2006;6903;61,84;61,22
12.12.2006;6828;61,52;61,02
13.12.2006;6692;61,33;61,37
14.12.2006;6755;62,12;62,51
15.12.2006;6626;63,49;63,43
18.12.2006;6644;62,13;62,21
19.12.2006;6626;62,81;63,15
20.12.2006;6511;63,23;63,72
21.12.2006;6313;62,46;62,66
22.12.2006;6313;62,42;62,41
25.12.2006;6313;62,42;62,41
26.12.2006;6313;61,1;61,1
27.12.2006;6369;60,52;60,34
28.12.2006;6369;60,67;60,53
29.12.2006;6318;60,86;61,05
01.01.2007;6318;60,86;61,05
02.01.2007;6089;60,44;61,05
03.01.2007;5833;57,96;58,32
04.01.2007;5704;55,11;55,59
05.01.2007;5600;55,64;56,31
08.01.2007;5598;55,6;56,09
09.01.2007;5611;55,18;55,64
10.01.2007;5867,5;53,69;54,02
11.01.2007;5891;51,7;51,88
12.01.2007;5740;52,95;52,99
15.01.2007;5542;53,12;52,99
16.01.2007;5703;52,26;51,21
17.01.2007;5635;52,78;52,24
18.01.2007;5524;51,75;50,48
19.01.2007;5588;53,44;51,99
22.01.2007;5597;52,7;51,13
23.01.2007;5640;55,1;55,04
24.01.2007;5697,5;55,43;55,37
25.01.2007;5843;54,12;54,23
26.01.2007;5791;55,29;55,42
29.01.2007;5559,5;53,68;54,01
30.01.2007;5614,5;56,39;56,97
31.01.2007;5711;57,4;58,14
01.02.2007;5575;56,72;57,3
02.02.2007;5318;58,41;59,02
05.02.2007;5313,5;58,1;58,74
06.02.2007;5445,5;58,42;58,88
07.02.2007;5402;57,23;57,71
08.02.2007;5383;59,03;59,71
09.02.2007;5548;59,01;59,89
12.02.2007;5438;56,6;57,81
13.02.2007;5721;57,03;59,06
14.02.2007;5698;57,43;58
15.02.2007;5827;57,6;57,99
16.02.2007;5783;58,95;59,39
19.02.2007;5792;58,14;59,39
20.02.2007;5696;57,98;58,07
21.02.2007;5765;59,35;60,07
22.02.2007;6117;60,62;60,95
23.02.2007;6294;60,88;61,14
26.02.2007;6270,5;61,33;61,39
27.02.2007;6211;61,36;61,46
28.02.2007;5992;61,89;61,79
01.03.2007;6100;62,11;62
02.03.2007;6013;62,08;61,64
05.03.2007;5880,5;60,54;60,07
06.03.2007;5972;61,39;60,69
07.03.2007;6137;62,5;61,82
08.03.2007;6276,5;62,33;61,64
09.03.2007;6126;61,13;60,05
12.03.2007;6276;60,74;58,91
13.03.2007;6245;60,9;57,93
14.03.2007;6279;61,06;58,16
15.03.2007;6608;60,98;57,55
16.03.2007;6671;60,3;57,11
19.03.2007;6564;60,52;56,59
20.03.2007;6696;60,2;56,73
21.03.2007;6655;60,77;59,61
22.03.2007;6771;62,51;61,69
23.03.2007;6765;63,18;62,28
26.03.2007;6893,5;64,41;62,91
27.03.2007;6713;64,6;62,93
28.03.2007;6680;65,78;64,08
29.03.2007;6781;67,88;66,03
30.03.2007;6896;68,1;65,87
02.04.2007;7022;68,74;65,94
03.04.2007;7296;67,81;64,64
04.04.2007;7475;68,4;64,38
05.04.2007;7387;68,24;64,28
06.04.2007;7387;68,24;64,28
09.04.2007;7387;66,59;61,51
10.04.2007;7760;67,42;61,89
11.04.2007;7880;67,84;62,01
12.04.2007;7730;68,72;63,85
13.04.2007;7753;68,97;63,63
16.04.2007;7660;67,25;63,61
17.04.2007;8090;65,93;63,1
18.04.2007;8022;66,04;63,13
19.04.2007;7856;65,94;61,83
20.04.2007;7987;66,49;63,38
23.04.2007;8043;68,15;65,89
24.04.2007;7849;67,16;64,58
25.04.2007;7883;68,57;65,84
26.04.2007;7687;67,65;65,06
27.04.2007;7786;68,41;66,46
30.04.2007;7806;67,65;65,71
01.05.2007;8048;67;64,4
02.05.2007;8010;66,25;63,68
03.05.2007;8233;66,05;63,19
04.05.2007;8370;65,31;61,93
07.05.2007;8370;64,44;61,47
08.05.2007;8210;65,54;62,26
09.05.2007;8102;65,2;61,55
10.05.2007;7943;65,79;61,81
11.05.2007;7953;66,83;62,37
14.05.2007;7621;66,83;62,46
15.05.2007;7799;68,11;63,17
16.05.2007;7646;68,01;62,55
17.05.2007;7290;70,27;64,86
18.05.2007;7315;69,42;64,94
21.05.2007;7456;70,49;66,27
22.05.2007;7309;69,52;64,97
23.05.2007;7245;70,6;65,77
24.05.2007;7044;70,72;64,18
25.05.2007;7255;70,69;65,2
28.05.2007;7255;69,71;65,2
29.05.2007;7330;68,13;63,15
30.05.2007;7270;67,84;63,49
31.05.2007;7452;68,04;64,01
01.06.2007;7527;69,07;65,08
04.06.2007;7714;70,4;66,21
05.06.2007;7623;70,45;65,61
06.06.2007;7495;71,02;65,96
07.06.2007;7504;71,22;66,93
08.06.2007;7220;68,6;64,76
11.06.2007;7448;69,56;65,97
12.06.2007;7259;68,79;65,35
13.06.2007;7382;69,94;66,26
14.06.2007;7541;70,96;67,65
15.06.2007;7582;71,47;68
18.06.2007;7618;72,18;69,09
19.06.2007;7472;71,84;69,1
20.06.2007;7568;70,42;68,19
21.06.2007;7486;70,22;68,65
22.06.2007;7483;71,18;69,14
25.06.2007;7529;71,36;69,18
26.06.2007;7420;70,17;67,77
27.06.2007;7444;70,53;68,97
28.06.2007;7621;70,52;69,57
29.06.2007;7647;71,41;70,68
02.07.2007;7813;72,63;71,09
03.07.2007;7805;72,93;71,41
04.07.2007;7919;73,05;71,41
05.07.2007;7951;74,75;71,81
06.07.2007;7948;75,62;72,81
09.07.2007;8083;75,78;72,19
10.07.2007;8002,5;76,4;72,81
11.07.2007;8048;75,44;72,56
12.07.2007;7935;76,4;72,5
13.07.2007;7983;77,57;73,93
16.07.2007;7911;77,33;74,15
17.07.2007;7840;75,53;74,02
18.07.2007;7901;76,76;75,05
19.07.2007;8043;77,67;75,92
20.07.2007;8191;77,64;75,57
23.07.2007;8105;76,86;74,89
24.07.2007;8044,5;75,08;73,56
25.07.2007;7864;76,32;75,88
26.07.2007;7859;75,18;74,95
27.07.2007;7849;76,26;77,02
30.07.2007;7943;75,74;76,83
31.07.2007;8137;77,05;78,21
01.08.2007;7978;75,35;76,53
02.08.2007;7988;75,76;76,86
03.08.2007;7791;74,75;75,48
06.08.2007;7815;71,17;72,06
07.08.2007;7872,5;71,8;72,42
08.08.2007;7705;70,99;72,15
09.08.2007;7603,5;70,21;71,59
10.08.2007;7592;70,39;71,47
13.08.2007;7711;70,23;71,62
14.08.2007;7487;70,51;72,38
15.08.2007;7379;71,64;73,33
16.08.2007;6800;69,42;71
17.08.2007;7068;70,44;71,98
20.08.2007;7072;69,85;71,12
21.08.2007;7022;68,69;69,47
22.08.2007;7201,5;68,7;69,26
23.08.2007;7310;69,86;69,83
24.08.2007;7379;70,62;71,09
27.08.2007;7379;70,95;71,97
28.08.2007;7338;70,55;71,73
29.08.2007;7430;72,13;73,51
30.08.2007;7464;71,9;73,36
31.08.2007;7524;72,69;74,04
03.09.2007;7449;73,41;74,04
04.09.2007;7363;73,92;75,08
05.09.2007;7215;74,34;75,73
06.09.2007;7361;74,77;76,3
07.09.2007;7235;75,07;76,7
10.09.2007;7220;75,48;77,49
11.09.2007;7538;76,38;78,23
12.09.2007;7482,5;77,68;79,91
13.09.2007;7604;77,4;80,09
14.09.2007;7612,5;76,22;79,1
17.09.2007;7561;76,98;80,57
18.09.2007;7618;77,59;81,51
19.09.2007;7919;78,47;81,93
20.09.2007;7920;79,09;83,32
21.09.2007;7916;79,3;81,62
24.09.2007;8077;78,91;80,95
25.09.2007;8036;77,62;79,53
26.09.2007;7986;77,43;80,3
27.09.2007;8066;80,03;82,88
28.09.2007;8068;79,17;81,66
01.10.2007;8166;77,64;80,24
02.10.2007;8220;77,38;80,05
03.10.2007;8359;77,19;79,94
04.10.2007;8251;78,97;81,44
05.10.2007;8260;78,9;81,22
08.10.2007;8003;76,58;79,02
09.10.2007;8107;77,49;80,26
10.10.2007;8233;78,6;81,3
11.10.2007;8131;80,15;83,08
12.10.2007;8112;80,55;83,69
15.10.2007;8204,5;82,75;86,13
16.10.2007;8082;84,16;87,61
17.10.2007;7995;83,13;87,4
18.10.2007;7887,5;84,6;89,47
19.10.2007;7898,5;83,79;88,6
22.10.2007;7785;83,27;87,56
23.10.2007;7821;82,85;85,27
24.10.2007;7715;84,37;87,1
25.10.2007;7793,5;87,48;90,46
26.10.2007;7900,5;88,69;91,86
29.10.2007;7866;90,32;93,53
30.10.2007;7770;87,44;90,38
31.10.2007;7736;90,63;94,53
01.11.2007;7512;89,72;93,49
02.11.2007;7442;92,08;95,93
05.11.2007;7410;90,49;93,98
06.11.2007;7484;93,26;96,7
07.11.2007;7311;93,24;96,37
08.11.2007;7189,5;92,79;95,46
09.11.2007;7004,5;93,18;96,32
12.11.2007;6918,5;91,98;94,62
13.11.2007;6891;88,83;91,17
14.11.2007;7102,5;91,36;94,09
15.11.2007;6897;90,94;93,43
16.11.2007;7002;91,62;95,1
19.11.2007;6756;92,28;94,64
20.11.2007;6768,5;95,49;98,03
21.11.2007;6488;94,84;97,29
22.11.2007;6540;94,5;97,29
23.11.2007;6690,5;95,76;98,18
26.11.2007;6733;95,32;97,7
27.11.2007;6578,5;92,52;94,42
28.11.2007;6682,5;89,81;90,62
29.11.2007;6847,5;90,22;91,01
30.11.2007;6970,5;88,26;88,71
03.12.2007;6764;89,8;89,31
04.12.2007;6657;89,53;88,32
05.12.2007;6650,5;88,49;87,49
06.12.2007;6680;90,18;90,23
07.12.2007;6865;88,64;88,28
10.12.2007;6772;88,04;87,86
11.12.2007;6766,5;89,99;90,02
12.12.2007;6672,5;94,02;94,39
13.12.2007;6458,5;92,12;92,25
14.12.2007;6492;92,67;91,27
17.12.2007;6326,5;91,29;90,63
18.12.2007;6348,25;90,12;90,49
19.12.2007;6485;91,48;91,24
20.12.2007;6506,5;90,88;91,06
21.12.2007;6780;92,46;93,31
24.12.2007;6780;92,7;94,13
25.12.2007;6780;92,7;94,13
26.12.2007;6780;93,94;95,97
27.12.2007;6859,5;94,78;96,62
28.12.2007;6810;93,88;96
31.12.2007;6650,5;93,85;95,98
01.01.2008;6650,5;93,85;95,98
02.01.2008;6725,5;97,84;99,62
03.01.2008;6939,5;97,6;99,18
04.01.2008;6881;96,79;97,91
07.01.2008;6877,5;94,39;95,09
08.01.2008;7203;95,54;96,33
09.01.2008;7206,5;94,37;95,67
10.01.2008;7174,5;92,22;93,71
11.01.2008;7282;91,07;92,69
14.01.2008;7382;92,92;94,2
15.01.2008;7151,5;90,98;91,9
16.01.2008;6994,5;89,75;90,84
17.01.2008;6996;88,75;90,13
18.01.2008;7157;89,23;90,57
21.01.2008;6889;87,51;90,57
22.01.2008;7048;88,45;89,85
23.01.2008;6904;86,62;86,99
24.01.2008;7049;89,07;89,41
25.01.2008;7039;90,9;90,71
28.01.2008;7063,5;91,38;90,99
29.01.2008;7304;92;91,64
30.01.2008;7163;92,53;92,33
31.01.2008;7354;92,21;91,75
01.02.2008;7243,5;89,44;88,96
04.02.2008;7263;90,47;90,02
05.02.2008;7136;88,82;88,41
06.02.2008;7340;87,78;87,14
07.02.2008;7565;88,51;88,11
08.02.2008;7740;91,94;91,77
11.02.2008;7797;93,53;93,59
12.02.2008;7923;92,86;92,78
13.02.2008;7812;93,32;93,27
14.02.2008;7700;95,09;95,46
15.02.2008;7752;94,63;95,5
18.02.2008;8014;94,91;95,5
19.02.2008;8238;98,56;100,01
20.02.2008;8194;98,42;100,74
21.02.2008;8467;96,24;98,23
22.02.2008;8366;97,01;98,81
25.02.2008;8229;97,69;99,23
26.02.2008;8315;99,47;100,88
27.02.2008;8484;98,27;99,64
28.02.2008;8562;100,9;102,59
29.02.2008;8486;100,1;101,84
03.03.2008;8652;100,48;102,45
04.03.2008;8483;97,52;99,52
05.03.2008;8760;101,64;104,52
06.03.2008;8633;102,61;105,47
07.03.2008;8628;102,38;105,15
10.03.2008;8393;104,16;107,9
11.03.2008;8352;105,25;108,75
12.03.2008;8494;106,27;109,92
13.03.2008;8478;107,54;110,33
14.03.2008;8479;107,55;110,21
17.03.2008;8180;101,75;105,68
18.03.2008;8290;105,56;109,42
19.03.2008;8053;100,72;104,48
20.03.2008;7922;100,38;101,84
21.03.2008;7922;100,38;101,84
24.03.2008;7922;99,86;100,86
25.03.2008;8166;100,6;101,22
26.03.2008;8269;103,99;105,9
27.03.2008;8604;105;107,58
28.03.2008;8496;103,77;105,62
31.03.2008;8483;100,3;101,58
01.04.2008;8444;100,17;100,98
02.04.2008;8653;103,75;104,83
03.04.2008;8656,5;102,52;103,83
04.04.2008;8783;104,9;106,23
07.04.2008;8852;107,14;109,09
08.04.2008;8660;106,34;108,5
09.04.2008;8864;108,47;110,87
10.04.2008;8761;108,2;110,11
11.04.2008;8788;108,75;110,14
14.04.2008;8702;109,84;111,76
15.04.2008;8498;111,31;113,79
16.04.2008;8790;112,66;114,93
17.04.2008;8677;112,43;114,86
18.04.2008;8635;113,92;116,69
21.04.2008;8583,5;114,43;117,48
22.04.2008;8772;115,95;119,37
23.04.2008;8636;116,46;118,3
24.04.2008;8607;114,34;116,06
25.04.2008;8660,5;116,34;118,52
28.04.2008;8744;116,74;118,75
29.04.2008;8638;113,43;115,63
30.04.2008;8647,5;111,36;113,46
01.05.2008;8316;110,5;112,52
02.05.2008;8511,5;114,56;116,32
05.05.2008;8511,5;117,99;119,97
06.05.2008;8626;120,31;121,84
07.05.2008;8534;122,32;123,53
08.05.2008;8400,5;122,84;123,69
09.05.2008;8199;125,4;125,96
12.05.2008;8361,5;122,91;124,23
13.05.2008;8324;124,1;125,8
14.05.2008;8223;121,86;124,22
15.05.2008;8412;121,25;124,12
16.05.2008;8563;124,99;126,29
19.05.2008;8433;125,06;127,05
20.05.2008;8383;127,84;129,07
21.05.2008;8299;132,7;133,17
22.05.2008;8184;130,51;130,81
23.05.2008;8241;131,57;132,19
26.05.2008;8241;132,37;132,19
27.05.2008;8263;128,31;128,85
28.05.2008;8169;130,93;131,03
29.05.2008;7963;126,89;126,62
30.05.2008;8017;127,78;127,35
02.06.2008;8018;128,02;127,76
03.06.2008;8004;124,58;124,31
04.06.2008;7990;122,1;122,3
05.06.2008;7927;127,54;127,79
06.06.2008;8111;137,69;138,54
09.06.2008;8088;133,91;134,35
10.06.2008;7982;131,02;131,31
11.06.2008;8047;135,02;136,38
12.06.2008;7976;136,09;136,74
13.06.2008;8147;134,25;134,86
16.06.2008;8289;134,71;134,61
17.06.2008;8178;133,72;134,01
18.06.2008;8342;136,44;136,68
19.06.2008;8435;132;131,93
20.06.2008;8542;134,86;134,62
23.06.2008;8509;135,91;136,74
24.06.2008;8456;136,46;137
25.06.2008;8427;134,33;134,55
26.06.2008;8564;139,83;139,64
27.06.2008;8650;140,31;140,21
30.06.2008;8638;139,83;140
01.07.2008;8749,5;140,67;140,97
02.07.2008;8865;144,26;143,57
03.07.2008;8793;146,08;145,29
04.07.2008;8620,5;144,42;145,29
07.07.2008;8561;141,87;141,37
08.07.2008;8345;136,43;136,04
09.07.2008;8361;136,58;136,05
10.07.2008;8404;142,03;141,65
11.07.2008;8446;144,49;145,08
14.07.2008;8475;143,92;145,18
15.07.2008;8251;138,75;138,74
16.07.2008;8204;136,19;134,6
17.07.2008;8294;131,07;129,29
18.07.2008;8211;130,19;128,88
21.07.2008;8250;132,61;131,04
22.07.2008;8256;129,55;127,95
23.07.2008;8207;125,29;124,44
24.07.2008;8032;126,44;125,49
25.07.2008;8094;124,52;123,26
28.07.2008;8139;125,84;124,73
29.07.2008;8072;122,71;122,19
30.07.2008;8178;127,1;126,77
31.07.2008;8212;123,98;124,08
01.08.2008;8050;124,18;125,1
04.08.2008;7719;120,68;121,41
05.08.2008;7749;117,7;119,17
06.08.2008;7752;117;118,58
07.08.2008;7802;117,86;120,02
08.08.2008;7521;113,33;115,2
11.08.2008;7432;112,67;114,45
12.08.2008;7191;111,15;113,01
13.08.2008;7479;113,47;116
14.08.2008;7440;112,64;115,01
15.08.2008;7438;112,55;113,77
18.08.2008;7435;111,94;112,87
19.08.2008;7634;113,25;114,53
20.08.2008;7584;114,36;114,98
21.08.2008;7939;120,16;121,18
22.08.2008;7740;113,92;114,59
25.08.2008;7740;114,03;115,11
26.08.2008;7655;114,63;116,27
27.08.2008;7724;116,22;118,15
28.08.2008;7592;114,17;115,59
29.08.2008;7556;114,05;115,46
01.09.2008;7337;109,41;115,46
02.09.2008;7303;108,34;109,71
03.09.2008;7404;108,06;109,35
04.09.2008;7272;106,3;107,89
05.09.2008;6935;104,09;106,23
08.09.2008;6991;103,44;106,34
09.09.2008;6856;100,34;103,26
10.09.2008;6870;98,97;102,58
11.09.2008;6966;97,64;100,87
12.09.2008;7170;97,58;101,18
15.09.2008;6983;92,38;95,71
16.09.2008;6927;89,22;91,15
17.09.2008;6810;94,84;97,16
18.09.2008;6784;95,19;97,88
19.09.2008;7096;99,61;104,55
22.09.2008;7286;106,04;120,92
23.09.2008;7006;103,08;106,61
24.09.2008;6943,5;102,45;105,73
25.09.2008;6979,5;104,6;108,02
26.09.2008;6829;103,54;106,89
29.09.2008;6477;93,98;96,37
30.09.2008;6401;98,17;100,64
01.10.2008;6192;95,33;98,53
02.10.2008;5883;90,56;93,97
03.10.2008;6080;90,25;93,88
06.10.2008;5649;83,68;87,81
07.10.2008;5727;84,66;90,06
08.10.2008;5296;84,36;88,95
09.10.2008;5375;82,66;86,59
10.10.2008;4869,5;74,09;77,7
13.10.2008;5194;77,46;81,19
14.10.2008;5295;74,53;78,63
15.10.2008;4914;70,8;74,54
16.10.2008;4644,5;66,32;69,85
17.10.2008;4806,5;69,6;71,85
20.10.2008;4706;72,03;74,25
21.10.2008;4479;69,72;70,89
22.10.2008;4141,5;64,52;66,75
23.10.2008;4038;65,92;67,84
24.10.2008;3764;62,05;64,15
27.10.2008;4016;61,41;63,22
28.10.2008;4127,5;60,29;62,73
29.10.2008;4650;65,47;67,5
30.10.2008;4194;63,71;65,96
31.10.2008;4097;65,32;67,81
03.11.2008;4089;60,48;63,91
04.11.2008;4301;66,44;70,53
05.11.2008;4066,5;61,87;65,3
06.11.2008;3789;57,43;60,77
07.11.2008;3734,5;57,35;61,04
10.11.2008;3847;59,08;62,41
11.11.2008;3606;55,71;59,33
12.11.2008;3587;52,37;56,16
13.11.2008;3636;51,99;58,24
14.11.2008;3781;54,24;57,04
17.11.2008;3609;52,31;54,95
18.11.2008;3716;51,84;54,39
19.11.2008;3557;51,72;53,62
20.11.2008;3451;48,08;49,62
21.11.2008;3518;49,19;49,93
24.11.2008;3733;53,93;54,5
25.11.2008;3676;50,35;50,77
26.11.2008;3735,5;53,92;54,44
27.11.2008;3676,5;53,13;54,44
28.11.2008;3604,5;53,49;54,43
01.12.2008;3577;47,97;49,28
02.12.2008;3540,5;45,44;46,96
03.12.2008;3429;45,44;46,79
04.12.2008;3252,5;42,28;43,67
05.12.2008;3028,5;39,74;40,81
08.12.2008;3294;43,42;43,71
09.12.2008;3175,5;41,53;42,07
10.12.2008;3275,5;42,4;43,52
11.12.2008;3287;47,39;47,98
12.12.2008;3143,5;46,41;46,28
15.12.2008;3126;44,6;44,51
16.12.2008;3047;44,56;43,6
17.12.2008;3000;45,53;40,06
18.12.2008;2860,5;43,36;36,22
19.12.2008;2911;44;33,87
22.12.2008;2939;41,45;39,91
23.12.2008;2848;40,36;38,98
24.12.2008;2823;36,61;35,35
25.12.2008;2823;36,61;35,35
26.12.2008;2823;38,37;37,71
29.12.2008;2881,5;40,55;40,02
30.12.2008;2891,5;40,15;39,03
31.12.2008;3049,25;45,59;44,6
01.01.2009;3049,25;45,59;44,6
02.01.2009;3207;46,91;46,34
05.01.2009;3158,5;49,62;48,81
06.01.2009;3359,5;50,53;48,58
07.01.2009;3311,25;45,86;42,63
08.01.2009;3165,25;44,67;41,7
09.01.2009;3370,75;44,42;40,83
12.01.2009;3211,75;42,91;37,59
13.01.2009;3336,75;44,83;37,78
14.01.2009;3254;45,08;37,28
15.01.2009;3248,5;44,69;35,4
16.01.2009;3323,5;46,57;36,51
19.01.2009;3397,5;44,5;36,51
20.01.2009;3319,5;43,62;38,74
21.01.2009;3196,5;45,02;43,55
22.01.2009;3064,75;45,39;43,67
23.01.2009;3226,75;48,37;46,47
26.01.2009;3529;46,96;45,73
27.01.2009;3283;43,73;41,58
28.01.2009;3302,5;44,9;42,16
29.01.2009;3201,5;45,4;41,44
30.01.2009;3125,75;45,88;41,68
02.02.2009;3146,75;43,82;40,08
03.02.2009;3344,5;44,08;40,78
04.02.2009;3386;44,15;40,32
05.02.2009;3300,25;46,46;41,17
06.02.2009;3510;46,21;40,17
09.02.2009;3547,25;46,02;39,56
10.02.2009;3450;44,61;37,55
11.02.2009;3423,25;44,28;35,94
12.02.2009;3378;44,65;33,98
13.02.2009;3392,5;44,81;37,51
16.02.2009;3290,75;43,28;37,51
17.02.2009;3158,75;41,03;34,93
18.02.2009;3209;39,55;34,62
19.02.2009;3265,25;41,99;39,48
20.02.2009;3125,25;41,89;38,94
23.02.2009;3205,75;40,99;38,44
24.02.2009;3259,5;42,5;39,96
25.02.2009;3385,75;44,29;42,5
26.02.2009;3477;46,51;45,22
27.02.2009;3426,5;46,35;44,76
02.03.2009;3362,25;42,21;40,15
03.03.2009;3520;43,7;41,65
04.03.2009;3728;46,12;45,38
05.03.2009;3665,5;43,64;43,61
06.03.2009;3698,25;44,85;45,52
09.03.2009;3584,75;44,13;47,07
10.03.2009;3692,25;43,96;45,71
11.03.2009;3560,25;41,4;42,33
12.03.2009;3549,5;45,09;47,03
13.03.2009;3641;44,93;46,25
16.03.2009;3800,75;43,98;47,35
17.03.2009;3781,75;48,24;49,16
18.03.2009;3733,5;47,66;48,14
19.03.2009;3975;50,67;51,61
20.03.2009;3931,5;51,22;51,06
23.03.2009;4033;53,47;53,8
24.03.2009;3948;53,5;53,98
25.03.2009;3936,75;51,75;52,77
26.03.2009;4057,25;53,46;54,34
27.03.2009;4021,75;51,98;52,38
30.03.2009;3879,25;47,99;48,41
31.03.2009;4010,5;49,23;49,66
01.04.2009;4031,75;48,44;48,39
02.04.2009;4124,5;52,75;52,64
03.04.2009;4278,75;53,47;52,51
06.04.2009;4244,75;52,24;51,05
07.04.2009;4351,75;51,22;49,15
08.04.2009;4369,75;51,59;49,38
09.04.2009;4529,25;54,06;52,24
10.04.2009;4529,25;54,06;52,24
13.04.2009;4529,25;52,14;50,05
14.04.2009;4687;51,96;49,41
15.04.2009;4816,5;51,79;49,25
16.04.2009;4730;53,06;49,98
17.04.2009;4820;53,35;50,33
20.04.2009;4591;49,86;45,88
21.04.2009;4516;49,82;46,51
22.04.2009;4552;49,81;48,85
23.04.2009;4344,5;50,11;49,62
24.04.2009;4483;51,67;51,55
27.04.2009;4350,5;50,32;50,14
28.04.2009;4186,5;49,99;49,92
29.04.2009;4375,5;50,78;50,97
30.04.2009;4436,75;50,8;51,12
01.05.2009;4608,5;52,85;53,2
04.05.2009;4608,5;54,58;54,47
05.05.2009;4533,5;54,12;53,84
06.05.2009;4747,5;56,15;56,34
07.05.2009;4703,5;56,47;56,71
08.05.2009;4670;58,14;58,63
11.05.2009;4544,5;57,48;58,5
12.05.2009;4576,25;57,94;58,85
13.05.2009;4428,25;57,34;58,02
14.05.2009;4441;56,69;58,62
15.05.2009;4447;55,98;56,34
18.05.2009;4508,5;58,47;59,03
19.05.2009;4521;58,92;59,65
20.05.2009;4630;60,59;62,04
21.05.2009;4460,25;59,93;61,05
22.05.2009;4607,5;60,78;61,67
25.05.2009;4607,5;60,21;61,67
26.05.2009;4662;61,24;62,45
27.05.2009;4660,5;62,5;63,45
28.05.2009;4740,5;64,39;65,08
29.05.2009;4819;65,52;66,31
01.06.2009;5063,25;67,97;68,58
02.06.2009;5036;68,17;68,55
03.06.2009;4904,5;65,88;66,12
04.06.2009;5008,25;68,71;68,81
05.06.2009;4963;68,34;68,44
08.06.2009;4963,5;67,88;68,09
09.06.2009;5153;69,62;70,01
10.06.2009;5150,25;70,8;71,33
11.06.2009;5355,25;71,79;72,68
12.06.2009;5212,5;70,92;72,04
15.06.2009;4981,5;69,44;70,62
16.06.2009;4966,25;70,24;70,47
17.06.2009;4946,5;70,85;71,03
18.06.2009;4956,5;71,06;71,37
19.06.2009;5017,5;69,19;69,55
22.06.2009;4747;66,98;66,93
23.06.2009;4790,25;68,8;69,24
24.06.2009;5041,5;68,33;68,67
25.06.2009;5121;69,78;70,23
26.06.2009;5024;68,92;69,16
29.06.2009;5087;70,99;71,49
30.06.2009;4954;69,3;69,89
01.07.2009;5078;68,79;69,31
02.07.2009;5023,25;66,65;66,73
03.07.2009;4970;65,61;66,73
06.07.2009;4958,5;64,05;64,05
07.07.2009;4869,5;63,23;62,93
08.07.2009;4713;60,43;60,14
09.07.2009;4884,5;61,1;60,41
10.07.2009;4857;60,52;59,89
13.07.2009;4898,5;60,69;59,69
14.07.2009;5044;60,86;59,52
15.07.2009;5256,5;63,09;61,54
16.07.2009;5256,5;62,75;62,02
17.07.2009;5306,5;65,38;63,56
20.07.2009;5342,75;66,44;63,98
21.07.2009;5390,5;66,87;64,72
22.07.2009;5494;67,21;65,4
23.07.2009;5530,5;69,25;67,16
24.07.2009;5524;70,32;68,05
27.07.2009;5602;70,81;68,38
28.07.2009;5525;69,88;67,23
29.07.2009;5415;66,53;63,35
30.07.2009;5610;70,11;66,94
31.07.2009;5724;71,7;69,45
03.08.2009;6006;73,55;71,58
04.08.2009;6051;74,28;71,42
05.08.2009;6201;75,51;71,97
06.08.2009;6022,5;74,83;71,94
07.08.2009;6146;73,59;70,93
10.08.2009;6130;73,5;70,6
11.08.2009;6034,5;72,46;69,45
12.08.2009;6193;72,89;70,16
13.08.2009;6384,5;73,48;70,52
14.08.2009;6252,5;72,41;67,51
17.08.2009;6054,5;70,54;66,75
18.08.2009;6088;72,37;69,19
19.08.2009;5989;74,59;72,42
20.08.2009;6057,5;73,33;72,54
21.08.2009;6277,5;74,19;73,89
24.08.2009;6429,5;74,26;74,37
25.08.2009;6309,5;71,82;72,05
26.08.2009;6287;71,65;71,43
27.08.2009;6265;72,51;72,49
28.08.2009;6470,5;72,79;72,74
31.08.2009;6470,5;69,65;69,96
01.09.2009;6193,5;67,73;68,05
02.09.2009;6165,5;67,66;68,05
03.09.2009;6247;67,12;67,96
04.09.2009;6267,5;66,82;68,02
07.09.2009;6317,5;66,53;68,02
08.09.2009;6467,25;69,42;71,1
09.09.2009;6402,5;69,83;71,31
10.09.2009;6279;69,86;71,94
11.09.2009;6235,5;67,69;69,29
14.09.2009;6123,75;67,44;68,86
15.09.2009;6195,5;67,35;70,93
16.09.2009;6412;71,67;72,51
17.09.2009;6374,75;71,55;72,47
18.09.2009;6163,75;71,32;72,04
21.09.2009;6179,25;68,69;69,71
22.09.2009;6261;70,53;71,55
23.09.2009;6118,75;67,99;68,97
24.09.2009;5952,5;64,82;65,89
25.09.2009;5983;65,11;66,02
28.09.2009;6003;65,54;66,84
29.09.2009;5969;65,49;66,71
30.09.2009;6153,5;69,07;70,61
01.10.2009;5974,5;69,19;70,82
02.10.2009;5865,75;68,07;69,95
05.10.2009;5905,75;68,04;70,41
06.10.2009;6101;68,56;70,88
07.10.2009;6079;67,2;69,57
08.10.2009;6315,25;69,77;71,69
09.10.2009;6219,5;70;71,77
12.10.2009;6263;71,36;73,27
13.10.2009;6122,5;72,4;74,15
14.10.2009;6203;73,1;75,18
15.10.2009;6269,75;74,45;77,58
16.10.2009;6210,5;76,99;78,53
19.10.2009;6453;77,77;79,61
20.10.2009;6404;77,24;79,09
21.10.2009;6576,25;79,69;81,37
22.10.2009;6576,5;79,51;81,19
23.10.2009;6635,25;78,92;80,5
26.10.2009;6595;77,26;78,68
27.10.2009;6564;77,92;79,55
28.10.2009;6413,5;75,86;77,46
29.10.2009;6648;78,04;79,87
30.10.2009;6463,25;75,2;77
02.11.2009;6537,5;76,55;78,13
03.11.2009;6442,25;78,11;79,6
04.11.2009;6557,5;78,89;80,4
05.11.2009;6514,75;77,99;79,62
06.11.2009;6473,25;75,87;77,43
09.11.2009;6519,75;77,77;79,43
10.11.2009;6509,5;77,5;79,05
11.11.2009;6518,5;77,95;79,28
12.11.2009;6481,25;76,02;76,94
13.11.2009;6501;75,55;76,35
16.11.2009;6830,75;78,76;78,9
17.11.2009;6808,5;78,97;79,14
18.11.2009;6861,5;79,47;79,58
19.11.2009;6774,75;77,64;77,46
20.11.2009;6824,75;77,2;76,72
23.11.2009;6924;77,46;77,56
24.11.2009;6845;76,46;76,02
25.11.2009;6959,75;78,44;77,96
26.11.2009;6795;76,99;77,96
27.11.2009;6829;77,18;76,05
30.11.2009;6904,75;78,47;77,28
01.12.2009;7050;79,35;78,37
02.12.2009;7096,25;77,88;76,6
03.12.2009;7049,75;78,36;76,46
04.12.2009;7007,5;77,52;75,47
07.12.2009;6962,5;76,43;73,93
08.12.2009;6939;75,19;72,62
09.12.2009;6907,5;72,39;70,67
10.12.2009;6771,5;71,86;70,54
11.12.2009;6796,5;71,88;69,87
14.12.2009;6872;71,89;69,51
15.12.2009;6874,25;72,05;70,69
16.12.2009;7018;73,55;72,66
17.12.2009;6848;73,37;72,65
18.12.2009;6822;73,75;73,36
21.12.2009;6912,75;72,99;72,47
22.12.2009;6859,5;73,46;74,4
23.12.2009;6980,25;75,45;76,67
24.12.2009;7051;76,31;78,05
25.12.2009;7051;76,31;78,05
28.12.2009;7051;77,32;78,77
29.12.2009;7251,75;77,64;78,87
30.12.2009;7305,5;78,03;79,28
31.12.2009;7351,5;77,93;79,36
01.01.2010;7351,5;77,93;79,36
04.01.2010;7475,25;80,12;81,51
05.01.2010;7458,75;80,59;81,77
06.01.2010;7638;81,89;83,18
07.01.2010;7511,25;81,51;82,66
08.01.2010;7437,5;81,37;82,75
11.01.2010;7542;80,97;82,52
12.01.2010;7430,5;79,3;80,79
13.01.2010;7462;78,31;79,65
14.01.2010;7466,25;77,82;79,39
15.01.2010;7403,25;77,11;78
18.01.2010;7474,25;77,1;78
19.01.2010;7529,75;77,63;79,02
20.01.2010;7359,25;76,32;77,62
21.01.2010;7259,25;74,58;76,08
22.01.2010;7375,75;72,83;74,54
25.01.2010;7450,25;73,69;75,26
26.01.2010;7366;73,29;74,71
27.01.2010;7214,75;72,24;73,67
28.01.2010;6883,5;72,13;73,64
29.01.2010;6730,25;71,46;72,89
01.02.2010;6774,75;73,11;74,43
02.02.2010;6800;76,06;77,23
03.02.2010;6572,5;75,92;76,98
04.02.2010;6371;72,13;73,14
05.02.2010;6262,5;69,59;71,19
08.02.2010;6430,5;70,11;71,89
09.02.2010;6570,5;72,13;73,75
10.02.2010;6515,5;72,54;74,52
11.02.2010;6922;73,05;75,28
12.02.2010;6795,75;72,9;74,13
15.02.2010;6846,75;72,51;74,13
16.02.2010;7130;75,68;77,01
17.02.2010;7113,5;76,27;77,33
18.02.2010;7248,5;77,78;79,06
19.02.2010;7416,5;78,19;79,81
22.02.2010;7313,5;78,61;80,16
23.02.2010;7114;77,25;78,86
24.02.2010;7134;78,09;80
25.02.2010;6979;76,29;78,17
26.02.2010;7175;77,59;79,66
01.03.2010;7377;76,89;78,7
02.03.2010;7467,5;78,18;79,68
03.03.2010;7555,75;79,25;80,87
04.03.2010;7371,5;78,54;80,21
05.03.2010;7519,5;79,89;81,5
08.03.2010;7441,25;80,47;81,87
09.03.2010;7479;79,91;81,49
10.03.2010;7408,75;80,48;82,09
11.03.2010;7432;80,28;82,11
12.03.2010;7412,5;79,39;81,24
15.03.2010;7271,5;77,89;79,8
16.03.2010;7387,5;79,02;81,7
17.03.2010;7516,5;81,96;82,93
18.03.2010;7467;81,48;82,2
19.03.2010;7414;79,88;80,68
22.03.2010;7427,25;80,54;81,25
23.03.2010;7417,25;80,7;81,91
24.03.2010;7348,25;79,62;80,61
25.03.2010;7411,75;79,61;80,53
26.03.2010;7491,75;79,29;80
29.03.2010;7745;81,17;82,17
30.03.2010;7826;81,28;82,37
31.03.2010;7767,75;82,7;83,76
01.04.2010;7863;84,01;84,87
02.04.2010;7863;84,01;84,87
05.04.2010;7863;85,88;86,62
06.04.2010;7967,25;86,15;86,84
07.04.2010;7921,25;85,59;85,88
08.04.2010;7865,75;84,81;85,39
09.04.2010;7897;84,83;84,92
12.04.2010;7875,5;84,77;84,34
13.04.2010;7870,25;84,72;84,05
14.04.2010;7920;86,15;85,84
15.04.2010;7914,5;87,17;85,51
16.04.2010;7728,5;85,99;83,24
19.04.2010;7663;84,23;81,45
20.04.2010;7767,75;84,8;83,45
21.04.2010;7735;85,7;83,68
22.04.2010;7666,25;85,67;83,7
23.04.2010;7725;87,25;85,12
26.04.2010;7783,75;86,83;84,2
27.04.2010;7463,25;85,78;82,44
28.04.2010;7373;86,16;83,22
29.04.2010;7328;86,9;85,17
30.04.2010;7404;87,44;86,15
03.05.2010;7404;88,94;86,19
04.05.2010;6996;85,67;82,74
05.05.2010;6928,25;82,61;79,97
06.05.2010;6917,25;79,83;77,11
07.05.2010;6916,25;78,27;75,11
10.05.2010;7089,75;80,12;76,8
11.05.2010;7018,25;80,49;76,37
12.05.2010;6992,75;81,2;75,65
13.05.2010;7128,25;80,11;74,4
14.05.2010;6894,5;77,18;71,61
17.05.2010;6435,5;75,1;70,08
18.05.2010;6673;74,43;69,41
19.05.2010;6483,75;73,69;69,87
20.05.2010;6591,25;71,84;68,01
21.05.2010;6830,5;71,68;70,04
24.05.2010;6892,5;71,17;70,21
25.05.2010;6710;69,55;68,75
26.05.2010;6756,75;71,74;71,51
27.05.2010;6961,75;74,66;74,55
28.05.2010;6917;74,02;73,97
31.05.2010;6917;74,65;73,97
01.06.2010;6724,25;72,71;72,58
02.06.2010;6641,75;73,75;72,86
03.06.2010;6497;75,41;74,61
04.06.2010;6251;72,09;71,51
07.06.2010;6069,5;72,12;71,44
08.06.2010;6135;72,3;71,99
09.06.2010;6311,75;74,27;74,38
10.06.2010;6381,75;75,29;75,48
11.06.2010;6455,5;74,35;73,78
14.06.2010;6635,25;75,2;75,12
15.06.2010;6665,25;76,2;76,94
16.06.2010;6634,75;78,14;77,67
17.06.2010;6430,5;78,68;76,79
18.06.2010;6418,75;78,22;77,18
21.06.2010;6586,5;78,82;77,82
22.06.2010;6592,25;78,04;77,21
23.06.2010;6497;76,27;76,35
24.06.2010;6675,5;76,47;76,51
25.06.2010;6751,75;78,12;78,86
28.06.2010;6849,25;77,59;78,25
29.06.2010;6472;75,44;75,94
30.06.2010;6492,75;75,01;75,63
01.07.2010;6307,25;72,34;72,95
02.07.2010;6387,75;71,65;72,14
05.07.2010;6446,75;71,47;72,14
06.07.2010;6584;71,45;71,98
07.07.2010;6623,75;73,51;74,07
08.07.2010;6595,5;74,71;75,44
09.07.2010;6743,25;75,42;76,09
12.07.2010;6610,75;74,37;74,95
13.07.2010;6666;76,65;77,15
14.07.2010;6706;76,77;77,04
15.07.2010;6661,5;76,19;76,62
16.07.2010;6468,75;75,37;76,01
19.07.2010;6494,75;75,62;76,54
20.07.2010;6630,75;76,22;77,44
21.07.2010;6853;75,37;76,56
22.07.2010;7002,75;77,82;79,3
23.07.2010;7018,25;77,45;78,98
26.07.2010;7136,5;77,5;78,98
27.07.2010;7044,5;76,13;77,5
28.07.2010;7156,25;76,06;76,99
29.07.2010;7216,5;77,59;78,36
30.07.2010;7281,75;78,18;78,95
02.08.2010;7493;80,82;81,34
03.08.2010;7405,75;82,68;82,55
04.08.2010;7484;82,2;82,47
05.08.2010;7375,75;81,61;82,01
06.08.2010;7348,75;80,16;80,7
09.08.2010;7402,5;80,99;81,48
10.08.2010;7276,5;79,6;80,25
11.08.2010;7175,25;77,64;78,02
12.08.2010;7231,25;75,52;75,74
13.08.2010;7132,75;75,11;75,39
16.08.2010;7224,5;74,85;75,24
17.08.2010;7368,5;76,93;75,77
18.08.2010;7377,5;76,47;75,42
19.08.2010;7294;75,3;74,43
20.08.2010;7245;74,26;73,46
23.08.2010;7244,5;73,62;73,1
24.08.2010;7125;72,38;71,63
25.08.2010;7089,5;73,48;72,52
26.08.2010;7298;75,02;73,36
27.08.2010;7453,25;76,65;75,17
30.08.2010;7453,25;76,6;74,7
31.08.2010;7432,25;74,64;71,92
01.09.2010;7598,25;76,35;73,91
02.09.2010;7625,75;76,93;75,02
03.09.2010;7635,5;76,67;74,6
06.09.2010;7695,5;76,87;74,6
07.09.2010;7615;77,74;74,09
08.09.2010;7659,75;78,17;74,67
09.09.2010;7540,25;77,47;74,25
10.09.2010;7471,25;78,16;76,45
13.09.2010;7617,75;79,03;77,19
14.09.2010;7649;79,16;76,8
15.09.2010;7612,5;78,91;76,02
16.09.2010;7697,25;78,48;74,57
17.09.2010;7718,75;78,21;73,66
20.09.2010;7711,5;79,32;74,86
21.09.2010;7676;78,42;73,52
22.09.2010;7844;77,95;74,71
23.09.2010;7887,5;78,11;75,18
24.09.2010;7949,5;78,87;76,49
27.09.2010;7911;78,57;76,52
28.09.2010;7951;78,71;76,18
29.09.2010;8063,5;80,77;77,86
30.09.2010;8010;82,31;79,97
01.10.2010;8093;83,75;81,58
04.10.2010;8053,5;83,28;81,47
05.10.2010;8164,25;84,84;82,82
06.10.2010;8246,25;85,06;83,23
07.10.2010;8089,5;83,43;81,67
08.10.2010;8306;84,03;82,66
11.10.2010;8285;83,72;82,21
12.10.2010;8342,25;83,5;81,67
13.10.2010;8354,25;84,64;83,01
14.10.2010;8388;84,53;82,69
15.10.2010;8381,5;82,45;81,25
18.10.2010;8426;84,37;83,08
19.10.2010;8251;81,1;79,49
20.10.2010;8330;83,6;81,77
21.10.2010;8298,5;81,83;80,56
22.10.2010;8326;82,96;81,69
25.10.2010;8514,5;83,54;82,52
26.10.2010;8508,75;83,66;82,55
27.10.2010;8296;83,23;81,94
28.10.2010;8334;83,59;82,18
29.10.2010;8191,25;83,15;81,43
01.11.2010;8291;84,62;82,95
02.11.2010;8427;85,41;83,9
03.11.2010;8312;86,38;84,69
04.11.2010;8596;88;86,49
05.11.2010;8653;88,11;86,85
08.11.2010;8663;88,46;87,06
09.11.2010;8862,5;88,33;86,72
10.11.2010;8766,5;88,96;87,81
11.11.2010;8835,75;88,81;87,81
12.11.2010;8628;86,34;84,88
15.11.2010;8670;86,7;84,86
16.11.2010;8166,5;84,73;82,34
17.11.2010;8221;83,28;80,44
18.11.2010;8449;85,05;81,85
19.11.2010;8431;84,34;81,51
22.11.2010;8317,5;83,96;81,74
23.11.2010;8170;83,25;81,25
24.11.2010;8286;85,84;83,86
25.11.2010;8388;86,1;83,86
26.11.2010;8287;85,58;83,76
29.11.2010;8266;87,34;85,73
30.11.2010;8416;85,92;84,11
01.12.2010;8647;88,87;86,75
02.12.2010;8774;90,69;88
03.12.2010;8768;91,42;89,19
06.12.2010;8816,5;91,45;89,38
07.12.2010;8911;91,39;88,69
08.12.2010;9048;90,77;88,28
09.12.2010;8987,5;90,99;88,37
10.12.2010;9033;90,48;87,79
13.12.2010;9295;91,19;88,61
14.12.2010;9196,5;91,21;88,28
15.12.2010;9126;92,2;88,62
16.12.2010;9021,5;91,71;87,7
17.12.2010;9104;91,67;88,02
20.12.2010;9235;92,74;88,81
21.12.2010;9401;93,2;89,82
22.12.2010;9393;93,65;90,48
23.12.2010;9341;94,25;91,51
24.12.2010;9388;93,77;91,51
27.12.2010;9388;93,85;91
28.12.2010;9388;94,38;91,49
29.12.2010;9442;94,14;91,12
30.12.2010;9535,5;93,09;89,84
31.12.2010;9644;94,75;91,38
03.01.2011;9644;94,84;91,55
04.01.2011;9619,25;93,53;89,38
05.01.2011;9586;95,5;90,3
06.01.2011;9492,5;94,52;88,38
07.01.2011;9436;93,33;88,03
10.01.2011;9333;95,7;89,25
11.01.2011;9524,5;97,61;91,11
12.01.2011;9697,75;98,12;91,86
13.01.2011;9622,5;98,06;91,4
14.01.2011;9662;98,68;91,54
17.01.2011;9648;97,43;91,54
18.01.2011;9727,5;97,8;91,38
19.01.2011;9596;98,16;90,86
20.01.2011;9372;96,58;88,86
21.01.2011;9462,5;97,6;89,11
24.01.2011;9548,5;96,61;87,87
25.01.2011;9265;95,25;86,19
26.01.2011;9343;97,91;87,33
27.01.2011;9455,5;97,39;85,64
28.01.2011;9548,5;99,42;89,34
31.01.2011;9770,5;101,01;92,19
01.02.2011;9973;101,74;90,77
02.02.2011;9966,5;102,34;90,86
03.02.2011;9947,5;101,76;90,54
04.02.2011;10067;99,83;89,03
07.02.2011;10056;99,25;87,48
08.02.2011;10073;99,92;86,94
09.02.2011;9934,5;101,82;86,71
10.02.2011;9950;100,87;86,73
11.02.2011;9975,5;101,43;85,58
14.02.2011;10179,5;103,08;84,81
15.02.2011;10017,75;101,64;84,32
16.02.2011;9841;103,78;84,99
17.02.2011;9806,5;102,59;86,36
18.02.2011;9860;102,52;86,2
21.02.2011;9808;105,74;86,2
22.02.2011;9574;105,78;93,57
23.02.2011;9417,75;111,25;98,1
24.02.2011;9497;111,36;97,28
25.02.2011;9761;112,14;97,88
28.02.2011;9882,5;111,8;96,97
01.03.2011;9851;115,42;99,63
02.03.2011;9879;116,35;102,23
03.03.2011;9902,5;114,79;101,91
04.03.2011;9882,5;115,97;104,42
07.03.2011;9484;115,04;105,44
08.03.2011;9511;113,06;105,02
09.03.2011;9254;115,94;104,38
10.03.2011;9171;115,43;102,7
11.03.2011;9171;113,84;101,16
14.03.2011;9172,75;113,67;101,19
15.03.2011;9114,5;108,52;97,18
16.03.2011;9261;110,62;97,98
17.03.2011;9567,5;114,9;101,42
18.03.2011;9513,5;113,93;101,07
21.03.2011;9393;114,96;102,33
22.03.2011;9486;115,7;104
23.03.2011;9722,5;115,55;105,75
24.03.2011;9709;115,72;105,6
25.03.2011;9677;115,59;105,4
28.03.2011;9525,5;114,8;103,98
29.03.2011;9576;115,16;104,79
30.03.2011;9371;115,13;104,27
31.03.2011;9420;117,36;106,72
01.04.2011;9349,25;118,7;107,94
04.04.2011;9317;121,06;108,47
05.04.2011;9375;122,22;108,34
06.04.2011;9591;122,3;108,83
07.04.2011;9654,5;122,67;110,3
08.04.2011;9859,25;126,65;112,79
11.04.2011;9839,5;123,98;109,92
12.04.2011;9606,5;120,92;106,25
13.04.2011;9490,75;122,88;107,11
14.04.2011;9390,25;122,36;108,11
15.04.2011;9384,75;123,45;109,66
18.04.2011;9203,5;121,61;107,12
19.04.2011;9327;121,33;108,15
20.04.2011;9565;123,85;111,45
21.04.2011;9691;123,99;112,29
22.04.2011;9691;123,99;112,29
25.04.2011;9691;123,66;112,28
26.04.2011;9530,5;124,14;112,21
27.04.2011;9305;125,13;112,76
28.04.2011;9303;125,02;112,86
29.04.2011;9303;125,89;113,93
02.05.2011;9303;125,12;113,52
03.05.2011;9328,75;122,45;111,05
04.05.2011;9101,5;121,19;109,24
05.05.2011;8798,25;110,8;99,8
06.05.2011;8811,25;109,13;97,18
09.05.2011;8869,5;115,9;102,55
10.05.2011;8891,25;117,63;103,88
11.05.2011;8682,25;112,57;98,21
12.05.2011;8713,25;112,98;98,97
13.05.2011;8770,25;113,83;99,65
16.05.2011;8816;112,73;97,37
17.05.2011;8786,5;109,99;96,91
18.05.2011;9052,5;112,3;100,1
19.05.2011;8936;111,42;98,44
20.05.2011;9058;112,39;99,49
23.05.2011;8784;110,1;97,7
24.05.2011;8856;112,53;99,59
25.05.2011;9064,5;114,93;101,32
26.05.2011;9015;115,05;100,23
27.05.2011;9192,75;115,03;100,59
30.05.2011;9192,75;114,68;100,59
31.05.2011;9206,25;116,73;102,7
01.06.2011;9094;114,53;100,29
02.06.2011;8910;115,54;100,4
03.06.2011;9090,25;115,84;100,22
06.06.2011;9125;114,48;99,01
07.06.2011;9128,75;116,78;99,09
08.06.2011;9017,25;117,85;100,74
09.06.2011;9041;119,57;101,93
10.06.2011;8924;118,78;99,29
13.06.2011;8896,25;119,1;97,3
14.06.2011;9167,75;120,16;99,37
15.06.2011;9152,25;117,1;94,81
16.06.2011;9064,25;114,02;94,95
17.06.2011;9094,5;113,21;93,01
20.06.2011;9005;111,69;93,26
21.06.2011;9080,75;110,95;93,4
22.06.2011;9017,25;114,21;95,41
23.06.2011;8962;107,26;91,02
24.06.2011;9043,5;105,12;91,16
27.06.2011;8966,5;105,99;90,61
28.06.2011;9068;108,78;92,89
29.06.2011;9320;112,4;94,77
30.06.2011;9422;112,48;95,42
01.07.2011;9437;111,77;94,94
04.07.2011;9446;111,39;94,94
05.07.2011;9529,25;113,61;96,89
06.07.2011;9509;113,62;96,65
07.07.2011;9728;118,59;98,67
08.07.2011;9647,5;118,33;96,2
11.07.2011;9552;117,24;95,15
12.07.2011;9631,75;117,75;97,43
13.07.2011;9630,75;118,78;98,05
14.07.2011;9610,25;118,32;95,69
15.07.2011;9651,5;117,26;97,24
18.07.2011;9672,75;116,05;95,93
19.07.2011;9827,25;117,06;97,5
20.07.2011;9742,25;118,15;98,14
21.07.2011;9667;117,51;99,13
22.07.2011;9661,75;118,67;99,87
25.07.2011;9640,25;117,94;99,2
26.07.2011;9805,5;118,28;99,59
27.07.2011;9763,25;117,43;97,4
28.07.2011;9799;117,36;97,44
29.07.2011;9815,5;116,74;95,7
01.08.2011;9633,5;116,81;94,89
02.08.2011;9662;116,46;93,79
03.08.2011;9514,75;113,23;91,93
04.08.2011;9334;107,25;86,63
05.08.2011;9021;109,37;86,88
08.08.2011;8763,75;103,74;81,31
09.08.2011;8712,75;102,57;79,3
10.08.2011;8574,75;106,68;82,89
11.08.2011;8860;108,02;85,72
12.08.2011;8845,5;108,03;85,38
15.08.2011;8888,25;109,91;87,88
16.08.2011;8819,75;109,47;86,65
17.08.2011;8954,5;110,6;87,58
18.08.2011;8759,75;106,99;82,38
19.08.2011;8813,75;108,62;82,26
22.08.2011;8708,5;108,36;84,12
23.08.2011;8838,75;109,31;85,44
24.08.2011;8866;110,15;85,16
25.08.2011;9022;110,62;85,3
26.08.2011;9066,75;111,36;85,37
29.08.2011;9066,75;111,88;87,27
30.08.2011;9150,5;114,02;88,9
31.08.2011;9263,75;114,85;88,81
01.09.2011;9132,25;114,29;88,93
02.09.2011;9062,25;112,33;86,45
05.09.2011;8945;110,08;86,45
06.09.2011;8918;112,89;86,02
07.09.2011;9078;115,8;89,34
08.09.2011;9100;114,55;89,05
09.09.2011;8803,25;112,77;87,24
12.09.2011;8735,25;112,25;88,19
13.09.2011;8748,75;111,89;90,21
14.09.2011;8606,75;112,4;88,91
15.09.2011;8687,5;115,34;89,4
16.09.2011;8671,75;112,22;87,96
19.09.2011;8339;109,14;85,7
20.09.2011;8291;110,54;86,89
21.09.2011;8287;110,36;85,92
22.09.2011;7663,25;105,49;80,51
23.09.2011;7354,5;103,97;79,85
26.09.2011;7261,75;103,94;80,24
27.09.2011;7588,75;107,14;84,45
28.09.2011;7240;103,81;81,21
29.09.2011;7217,25;103,95;82,14
30.09.2011;7004,5;102,76;79,2
03.10.2011;6974,75;101,71;77,61
04.10.2011;6784,75;99,79;75,67
05.10.2011;6805,75;102,73;79,68
06.10.2011;7211,75;105,73;82,59
07.10.2011;7353,25;105,88;82,98
10.10.2011;7479;108,95;85,41
11.10.2011;7274;110,73;85,81
12.10.2011;7510;111,36;85,57
13.10.2011;7294,25;111,11;84,23
14.10.2011;7533;114,68;86,8
17.10.2011;7481;110,16;86,38
18.10.2011;7443;111,15;88,34
19.10.2011;7204,5;108,39;86,11
20.10.2011;6729;109,76;85,3
21.10.2011;7143,5;109,56;87,4
24.10.2011;7636,5;111,45;91,27
25.10.2011;7530;110,92;93,17
26.10.2011;7682;108,91;90,2
27.10.2011;8149;112,08;93,96
28.10.2011;8174,5;109,91;93,32
31.10.2011;7986;109,56;93,19
01.11.2011;7719,5;109,54;92,19
02.11.2011;7874,5;109,34;92,51
03.11.2011;7905,75;110,83;94,07
04.11.2011;7856,25;111,97;94,26
07.11.2011;7810;114,56;95,52
08.11.2011;7786;115;96,8
09.11.2011;7609;112,31;95,74
10.11.2011;7458,25;113,71;97,78
11.11.2011;7621;114,16;98,99
14.11.2011;7739;111,89;98,14
15.11.2011;7677;112,39;99,37
16.11.2011;7723,25;111,88;102,59
17.11.2011;7530,75;108,22;98,82
18.11.2011;7513,75;107,56;97,41
21.11.2011;7297;106,88;96,92
22.11.2011;7316;109,03;98,01
23.11.2011;7226;107,02;96,17
24.11.2011;7251,5;107,78;96,17
25.11.2011;7217,25;106,4;96,77
28.11.2011;7482;109;98,21
29.11.2011;7475,25;110,82;99,79
30.11.2011;7869,75;110,52;100,36
01.12.2011;7772;108,99;100,2
02.12.2011;7871,25;109,94;100,96
05.12.2011;7922;109,81;100,99
06.12.2011;7816,25;110,81;101,28
07.12.2011;7799,5;109,53;100,49
08.12.2011;7690,25;108,11;98,34
09.12.2011;7796,25;108,62;99,41
12.12.2011;7585,25;107,26;97,77
13.12.2011;7579,75;109,5;100,14
14.12.2011;7189,5;105,02;94,95
15.12.2011;7193;105,09;93,87
16.12.2011;7329,25;103,35;93,53
19.12.2011;7243,25;103,64;93,88
20.12.2011;7405;106,73;97,22
21.12.2011;7451,5;107,71;98,67
22.12.2011;7541,5;107,89;99,53
23.12.2011;7643,5;107,96;99,68
26.12.2011;7643,5;107,96;99,68
27.12.2011;7643,5;109,27;101,34
28.12.2011;7460;107,56;99,36
29.12.2011;7418,75;108,01;99,65
30.12.2011;7595;107,38;98,83
02.01.2012;7595;107,38;98,83
03.01.2012;7782,25;112,13;102,96
04.01.2012;7531,25;113,7;103,22
05.01.2012;7529;112,74;101,81
06.01.2012;7568,75;113,06;101,56
09.01.2012;7487;112,45;101,31
10.01.2012;7733,25;113,28;102,24
11.01.2012;7768,5;112,24;100,87
12.01.2012;7995,75;111,26;99,1
13.01.2012;7991,25;110,44;98,7
16.01.2012;8077;111,2;98,7
17.01.2012;8195;111,53;100,71
18.01.2012;8234,75;110,66;100,59
19.01.2012;8363,25;111,55;100,39
20.01.2012;8216;109,86;98,46
23.01.2012;8362;110,58;99,58
24.01.2012;8352,5;110,03;98,95
25.01.2012;8380;109,81;99,4
26.01.2012;8585,5;110,79;99,7
27.01.2012;8519,25;111,46;99,56
30.01.2012;8420,75;110,75;98,78
31.01.2012;8307;110,98;98,48
01.02.2012;8425,75;111,56;97,61
02.02.2012;8327,75;112,07;96,36
03.02.2012;8544;114,58;97,84
06.02.2012;8478,25;115,93;96,91
07.02.2012;8459,75;116,23;98,41
08.02.2012;8557,5;117,2;98,71
09.02.2012;8738,75;118,59;99,84
10.02.2012;8461,25;117,31;98,67
13.02.2012;8404,25;117,93;100,91
14.02.2012;8405,5;118,16;100,74
15.02.2012;8361,5;118,93;101,8
16.02.2012;8294;120,11;102,31
17.02.2012;8174;119,58;103,24
20.02.2012;8234,5;120,05;103,24
21.02.2012;8447,75;121,66;105,84
22.02.2012;8436,25;122,9;106,28
23.02.2012;8395,75;123,62;107,83
24.02.2012;8549;125,47;109,77
27.02.2012;8552,5;124,17;108,56
28.02.2012;8605,5;121,55;106,55
29.02.2012;8497;122,66;107,07
01.03.2012;8628;126,2;108,84
02.03.2012;8580,25;123,65;106,7
05.03.2012;8503,5;123,8;106,72
06.03.2012;8288,75;121,98;104,7
07.03.2012;8295,75;124,12;106,16
08.03.2012;8333;125,44;106,58
09.03.2012;8503,5;125,98;107,4
12.03.2012;8450;125,34;106,34
13.03.2012;8563;126,22;106,71
14.03.2012;8474,5;124,97;105,43
15.03.2012;8583;123,55;105,11
16.03.2012;8531;125,81;107,06
19.03.2012;8601,5;125,71;108,09
20.03.2012;8445,5;124,12;105,61
21.03.2012;8474,5;124,2;107,27
22.03.2012;8312,5;123,14;105,35
23.03.2012;8399,5;125,13;106,87
26.03.2012;8561,5;125,65;107,03
27.03.2012;8553,5;125,54;107,33
28.03.2012;8364;124,16;105,41
29.03.2012;8376,5;122,39;102,78
30.03.2012;8469;122,88;103,02
02.04.2012;8669;125,43;105,23
03.04.2012;8636;124,86;104,01
04.04.2012;8357,5;122,34;101,47
05.04.2012;8381;123,43;103,31
06.04.2012;8381;123,43;103,31
09.04.2012;8381;122,67;102,46
10.04.2012;8055,5;119,88;101,02
11.04.2012;8075;120,18;102,7
12.04.2012;8263,25;121,71;103,64
13.04.2012;8044,75;121,83;102,83
16.04.2012;8049,5;118,68;102,93
17.04.2012;8084;118,78;104,2
18.04.2012;8078;117,97;102,67
19.04.2012;8072;118;102,27
20.04.2012;8222;118,76;103,05
23.04.2012;8092;118,71;103,11
24.04.2012;8213;118,16;103,55
25.04.2012;8264;119,12;104,12
26.04.2012;8388;119,92;104,55
27.04.2012;8494;119,83;104,93
30.04.2012;8459,5;119,47;104,87
01.05.2012;8472;119,66;106,16
02.05.2012;8329;118,2;105,22
03.05.2012;8259,5;116,08;102,54
04.05.2012;8218,5;113,18;98,49
07.05.2012;8218,5;113,16;97,94
08.05.2012;8158,5;112,73;97,01
09.05.2012;8136;113,2;96,81
10.05.2012;8191;112,73;97,08
11.05.2012;8098;112,26;96,13
14.05.2012;7900;111,57;94,78
15.05.2012;7795;112,24;93,98
16.05.2012;7690;111,71;92,81
17.05.2012;7690,5;107,49;92,56
18.05.2012;7696;107,14;91,48
21.05.2012;7780;108,81;92,57
22.05.2012;7786;108,41;91,66
23.05.2012;7578;105,56;89,9
24.05.2012;7656,5;106,55;90,66
25.05.2012;7673;106,83;90,86
28.05.2012;7715,5;107,11;90,86
29.05.2012;7686;106,68;90,76
30.05.2012;7491;103,47;87,82
31.05.2012;7440;101,87;86,53
01.06.2012;7378,5;98,43;83,23
04.06.2012;7378,5;98,85;83,98
05.06.2012;7378,5;98,84;84,29
06.06.2012;7413;100,64;85,02
07.06.2012;7492,5;99,93;84,82
08.06.2012;7287;99,47;84,1
11.06.2012;7412,5;98;82,7
12.06.2012;7385;97,14;83,32
13.06.2012;7378,75;97,13;82,62
14.06.2012;7406,5;97,03;83,91
15.06.2012;7499,25;97,61;84,03
18.06.2012;7498,25;96,05;83,27
19.06.2012;7609,75;95,76;84,03
20.06.2012;7547;92,69;81,8
21.06.2012;7352;89,23;78,2
22.06.2012;7326;90,98;79,76
25.06.2012;7353,5;91,01;79,21
26.06.2012;7381;93,02;79,36
27.06.2012;7425,25;93,5;80,21
28.06.2012;7397;91,36;77,69
29.06.2012;7696,5;97,8;84,96
02.07.2012;7638,75;97,34;83,75
03.07.2012;7825;100,68;87,66
04.07.2012;7728,5;99,77;87,66
05.07.2012;7702,5;100,7;87,22
06.07.2012;7536;98,19;84,45
09.07.2012;7560,5;100,32;85,99
10.07.2012;7492,75;97,97;83,91
11.07.2012;7549,5;100,23;85,81
12.07.2012;7574,5;101,07;86,08
13.07.2012;7709,5;102,4;87,1
16.07.2012;7695;103,55;88,43
17.07.2012;7597;104;89,22
18.07.2012;7641,5;105,16;89,87
19.07.2012;7737;107,8;92,66
20.07.2012;7547;106,83;91,44
23.07.2012;7402,75;103,26;88,14
24.07.2012;7418,75;103,42;88,5
25.07.2012;7447,25;104,38;88,97
26.07.2012;7470;105,26;89,39
27.07.2012;7562;106,47;90,13
30.07.2012;7538,5;106,2;89,78
31.07.2012;7555,5;104,92;88,06
01.08.2012;7421,75;105,96;88,91
02.08.2012;7325,25;105,9;87,13
03.08.2012;7443,5;108,94;91,4
06.08.2012;7495,25;109,55;92,2
07.08.2012;7583,5;112;93,67
08.08.2012;7553,5;112,14;93,35
09.08.2012;7531;113,22;93,36
10.08.2012;7484,25;112,95;92,87
13.08.2012;7382,25;113,6;92,73
14.08.2012;7413,25;114,03;93,43
15.08.2012;7383,5;116,25;94,33
16.08.2012;7450,75;116,9;95,6
17.08.2012;7540,5;113,71;96,01
20.08.2012;7455,5;113,7;95,97
21.08.2012;7612,5;114,64;96,68
22.08.2012;7607,5;114,91;97,26
23.08.2012;7684,5;115,01;96,27
24.08.2012;7637;113,59;96,15
27.08.2012;7637;112,26;95,47
28.08.2012;7603;112,58;96,33
29.08.2012;7570,5;112,54;95,49
30.08.2012;7563,75;112,65;94,62
31.08.2012;7613,5;114,57;96,47
03.09.2012;7680,75;115,78;96,47
04.09.2012;7635,75;114,18;95,3
05.09.2012;7734;113,09;95,36
06.09.2012;7695,75;113,49;95,53
07.09.2012;7961,75;114,25;96,42
10.09.2012;8057,5;114,81;96,54
11.09.2012;8078,25;115,4;97,17
12.09.2012;8082;115,96;97,01
13.09.2012;8060;116,9;98,31
14.09.2012;8363;116,66;99
17.09.2012;8282,75;113,79;96,62
18.09.2012;8311,25;112,03;95,29
19.09.2012;8344;108,19;91,98
20.09.2012;8268,5;110,03;91,87
21.09.2012;8282;111,42;92,89
24.09.2012;8181,5;109,81;91,93
25.09.2012;8276;110,45;91,37
26.09.2012;8125;110,04;89,98
27.09.2012;8181,5;112,01;91,85
28.09.2012;8213;112,39;92,19
01.10.2012;8302,75;112,19;92,48
02.10.2012;8328,75;111,57;91,89
03.10.2012;8289;108,17;88,14
04.10.2012;8298;112,58;91,71
05.10.2012;8297;112,02;89,88
08.10.2012;8183;111,82;89,33
09.10.2012;8141,5;114,5;92,39
10.10.2012;8166,5;114,33;91,25
11.10.2012;8242,5;115,71;92,07
12.10.2012;8132;114,62;91,86
15.10.2012;8095,5;115,8;91,85
16.10.2012;8125;115,07;92,09
17.10.2012;8223,5;113,22;92,12
18.10.2012;8223,5;112,42;92,1
19.10.2012;8015;110,14;90,05
22.10.2012;7953;109,44;88,73
23.10.2012;7834;108,25;86,67
24.10.2012;7820,5;107,85;85,73
25.10.2012;7819;108,49;86,05
26.10.2012;7824,5;109,55;86,28
29.10.2012;7703,25;109,44;85,54
30.10.2012;7724,75;109,08;85,68
31.10.2012;7761,75;108,7;86,24
01.11.2012;7828;108,17;87,09
02.11.2012;7665,25;105,68;84,86
05.11.2012;7646;107,73;85,65
06.11.2012;7695,25;111,07;88,71
07.11.2012;7600,25;106,82;84,44
08.11.2012;7628,25;107,25;85,09
09.11.2012;7568;109,4;86,07
12.11.2012;7635,75;109,07;85,57
13.11.2012;7676,5;108,26;85,38
14.11.2012;7633,75;109,61;86,32
15.11.2012;7631,5;110,98;85,45
16.11.2012;7596,25;108,95;86,67
19.11.2012;7793;111,7;89,28
20.11.2012;7778;109,83;86,75
21.11.2012;7685,25;110,86;87,38
22.11.2012;7708,25;110,55;87,38
23.11.2012;7770,5;111,38;88,28
26.11.2012;7772;110,92;87,74
27.11.2012;7797,25;109,87;87,18
28.11.2012;7754,5;109,51;86,49
29.11.2012;7890,25;110,76;88,07
30.11.2012;7983,25;111,23;88,91
03.12.2012;7991,75;110,92;89,09
04.12.2012;8016;109,84;88,5
05.12.2012;8058;108,81;87,88
06.12.2012;7981,75;107,03;86,26
07.12.2012;8014,75;107,02;85,93
10.12.2012;8111,5;107,33;85,56
11.12.2012;8076,5;108,01;85,79
12.12.2012;8106,75;109,5;86,77
13.12.2012;8052,25;107,91;85,89
14.12.2012;8043,25;109,15;86,73
17.12.2012;8038,75;107,64;87,2
18.12.2012;8007,25;108,84;87,93
19.12.2012;7909;110,36;89,51
20.12.2012;7753,5;110,2;90,13
21.12.2012;7817;108,97;88,66
24.12.2012;7796,75;108,8;88,61
25.12.2012;7796,75;108,8;88,61
26.12.2012;7796,75;111,07;90,98
27.12.2012;7900,5;110,8;90,87
28.12.2012;7871,5;110,62;90,8
31.12.2012;7912,5;111,11;91,82
01.01.2013;7912,5;111,11;91,82
02.01.2013;8188,75;112,47;93,12
03.01.2013;8140,75;112,14;92,92
04.01.2013;8059,25;111,31;93,09
07.01.2013;8041,25;111,4;93,19
08.01.2013;8048,75;111,94;93,15
09.01.2013;8048,75;111,76;93,1
10.01.2013;8085;111,89;93,82
11.01.2013;8017,25;110,64;93,56
14.01.2013;7968;111,88;94,14
15.01.2013;7977,25;110,3;93,28
16.01.2013;7929,5;110,61;94,24
17.01.2013;8037,75;111,1;95,49
18.01.2013;8047,25;111,89;95,56
21.01.2013;8038,5;111,71;95,56
22.01.2013;8114,5;112,42;96,24
23.01.2013;8084,5;112,8;95,23
24.01.2013;8074,75;113,28;95,95
25.01.2013;8007,75;113,28;95,88
28.01.2013;8025,75;113,48;96,44
29.01.2013;8078,25;114,36;97,57
30.01.2013;8200,75;114,9;97,94
31.01.2013;8137,5;115,55;97,49
01.02.2013;8263,5;116,76;97,77
04.02.2013;8276,25;115,6;96,17
05.02.2013;8240,25;116,52;96,64
06.02.2013;8215,25;116,73;96,62
07.02.2013;8170,25;117,24;95,83
08.02.2013;8264,75;118,9;95,72
11.02.2013;8169,5;118,13;97,03
12.02.2013;8203,5;118,66;97,51
13.02.2013;8193,75;118,72;97,01
14.02.2013;8206;118;97,31
15.02.2013;8172,75;117,66;95,86
18.02.2013;8085,25;117,38;95,86
19.02.2013;8030,5;117,52;96,66
20.02.2013;7939,75;115,6;94,46
21.02.2013;7844,5;113,53;92,84
22.02.2013;7784,5;114,1;93,13
25.02.2013;7821,5;114,44;93,11
26.02.2013;7842;112,71;92,63
27.02.2013;7850,5;111,87;92,76
28.02.2013;7792,25;111,38;92,05
01.03.2013;7680,5;110,4;90,68
04.03.2013;7702,5;110,09;90,12
05.03.2013;7748;111,61;90,82
06.03.2013;7664,25;111,06;90,43
07.03.2013;7739;111,15;91,56
08.03.2013;7715;110,85;91,95
11.03.2013;7729,25;110,22;92,06
12.03.2013;7801;109,65;92,54
13.03.2013;7760,5;108,52;92,52
14.03.2013;7775,75;109,42;93,03
15.03.2013;7725;109,82;93,45
18.03.2013;7542;109,51;93,74
19.03.2013;7508,75;107,45;92,16
20.03.2013;7600;108,72;92,96
21.03.2013;7562,25;107,47;92,45
22.03.2013;7635,5;107,66;93,71
25.03.2013;7599,25;108,17;94,81
26.03.2013;7604,5;109,36;96,34
27.03.2013;7585;109,69;96,58
28.03.2013;7518,25;110,02;97,23
29.03.2013;7518,25;110,02;97,23
01.04.2013;7518,25;111,08;97,07
02.04.2013;7443,75;110,69;97,19
03.04.2013;7365,5;107,11;94,45
04.04.2013;7417,5;106,34;93,26
05.04.2013;7382;104,12;92,7
08.04.2013;7424,5;104,66;93,36
09.04.2013;7605;106,23;94,2
10.04.2013;7548;105,79;94,64
11.04.2013;7580,25;104,27;93,51
12.04.2013;7375,5;103,11;91,29
15.04.2013;7168,25;100,39;88,71
16.04.2013;7283,5;99,91;88,72
17.04.2013;7063,5;97,69;86,68
18.04.2013;7075;99,13;87,73
19.04.2013;6974,5;99,65;88,01
22.04.2013;6919;100,39;88,76
23.04.2013;6854;100,31;89,18
24.04.2013;7011,75;101,73;91,43
25.04.2013;7158;103,41;93,64
26.04.2013;7005,5;103,16;93
29.04.2013;7127,5;103,81;94,5
30.04.2013;7027,5;102,37;93,46
01.05.2013;6767,75;99,95;91,03
02.05.2013;6820,75;102,85;93,99
03.05.2013;7246,25;104,19;95,61
06.05.2013;7246,25;105,46;96,16
07.05.2013;7241;104,4;95,62
08.05.2013;7395,75;104,34;96,62
09.05.2013;7330,5;104,47;96,39
10.05.2013;7355;103,91;96,04
13.05.2013;7388,5;102,82;95,17
14.05.2013;7231;102,6;94,21
15.05.2013;7184,5;103,68;94,3
16.05.2013;7265;103,8;95,16
17.05.2013;7289,25;104,64;96,02
20.05.2013;7382;104,8;96,71
21.05.2013;7353;103,91;96,16
22.05.2013;7459;102,6;94,28
23.05.2013;7283;102,44;94,25
24.05.2013;7281,75;102,64;94,15
27.05.2013;7281,75;102,62;94,15
28.05.2013;7303;104,23;95,01
29.05.2013;7244,25;102,43;93,13
30.05.2013;7296,75;102,19;93,61
31.05.2013;7290,25;100,39;91,97
03.06.2013;7318,25;102,06;93,45
04.06.2013;7431,5;103,24;93,31
05.06.2013;7430;103,04;93,74
06.06.2013;7307;103,61;94,76
07.06.2013;7203;104,56;96,03
10.06.2013;7133,5;103,95;95,77
11.06.2013;7034,75;102,96;95,38
12.06.2013;7090,25;103,49;95,88
13.06.2013;7019,5;104,25;96,69
14.06.2013;7056,75;105,93;97,85
17.06.2013;7047,75;105,47;97,77
18.06.2013;6983,75;106,02;98,44
19.06.2013;6939,75;106,12;98,24
20.06.2013;6751;102,15;95,4
21.06.2013;6797,5;100,91;93,69
24.06.2013;6649,75;101,16;95,18
25.06.2013;6774,75;101,26;95,32
26.06.2013;6715,75;101,66;95,5
27.06.2013;6735,5;102,82;97,05
28.06.2013;6738,5;102,16;96,56
01.07.2013;6986,5;103;97,99
02.07.2013;6924;104;99,6
03.07.2013;7002;105,76;101,24
04.07.2013;6959;105,54;101,24
05.07.2013;6787,5;107,72;103,22
08.07.2013;6825;107,43;103,14
09.07.2013;6729,5;107,81;103,53
10.07.2013;6821,5;108,51;106,52
11.07.2013;6993,75;107,73;104,91
12.07.2013;6940,5;108,81;105,95
15.07.2013;6892,75;109,09;106,32
16.07.2013;6995;109,4;106
17.07.2013;6883,25;108,61;106,48
18.07.2013;6898,5;108,7;108,04
19.07.2013;6918,5;108,07;108,05
22.07.2013;7028,5;108,15;106,91
23.07.2013;7035;108,42;107,23
24.07.2013;7052;107,19;105,39
25.07.2013;7008;107,65;105,49
26.07.2013;6857;107,17;104,7
29.07.2013;6873,5;107,45;104,55
30.07.2013;6733;106,91;103,08
31.07.2013;6881;107,7;105,03
01.08.2013;6998;109,54;107,89
02.08.2013;6997;108,95;106,94
05.08.2013;6965,25;108,7;106,56
06.08.2013;6994,5;108,18;105,3
07.08.2013;6991;107,44;104,37
08.08.2013;7169,5;106,68;103,4
09.08.2013;7257,25;108,22;105,97
12.08.2013;7232,25;108,97;106,11
13.08.2013;7255,75;109,82;106,83
14.08.2013;7297;110,2;106,85
15.08.2013;7283,5;111,11;107,33
16.08.2013;7372,25;110,4;107,46
19.08.2013;7275;109,9;107,1
20.08.2013;7305,5;110,15;104,96
21.08.2013;7225,25;109,81;103,85
22.08.2013;7305,5;109,9;105,03
23.08.2013;7345,75;111,04;106,42
26.08.2013;7345,75;110,73;105,92
27.08.2013;7299;114,36;109,01
28.08.2013;7276;116,61;110,1
29.08.2013;7138,75;115,16;108,8
30.08.2013;7086;114,01;107,65
02.09.2013;7223;114,33;107,65
03.09.2013;7227,25;115,68;108,54
04.09.2013;7102,5;114,91;107,23
05.09.2013;7084,5;115,26;108,37
06.09.2013;7135,5;116,12;110,53
09.09.2013;7167,75;113,72;109,52
10.09.2013;7139,75;111,25;107,39
11.09.2013;7139,5;111,5;107,56
12.09.2013;7029,5;112,63;108,6
13.09.2013;7011;112,78;108,21
16.09.2013;7055,5;110,07;106,59
17.09.2013;7060;108,19;105,42
18.09.2013;7169,25;110,6;108,07
19.09.2013;7320,5;108,76;106,39
20.09.2013;7263,75;109,22;104,67
23.09.2013;7222,5;108,16;103,59
24.09.2013;7123,75;108,64;103,13
25.09.2013;7176;108,32;102,66
26.09.2013;7230,25;109,21;103,03
27.09.2013;7284;108,63;102,87
30.09.2013;7286,25;108,37;102,33
01.10.2013;7176;107,94;102,04
02.10.2013;7256;109,19;104,1
03.10.2013;7158;109;103,31
04.10.2013;7235;109,46;103,84
07.10.2013;7219;109,68;103,03
08.10.2013;7213,75;110,16;103,49
09.10.2013;7072,75;109,06;101,61
10.10.2013;7122,5;111,8;103,01
11.10.2013;7177,25;111,28;102,02
14.10.2013;7231,75;111,04;102,41
15.10.2013;7227,75;109,96;101,21
16.10.2013;7248;110,86;102,29
17.10.2013;7215,75;109,11;100,67
18.10.2013;7232;109,94;100,81
21.10.2013;7232,5;109,64;99,22
22.10.2013;7322,5;109,97;97,8
23.10.2013;7159,25;107,8;96,86
24.10.2013;7163,5;106,99;97,11
25.10.2013;7181,75;106,93;97,85
28.10.2013;7185,5;109,61;98,68
29.10.2013;7202;109,01;98,2
30.10.2013;7288,5;109,86;96,77
31.10.2013;7243,5;108,84;96,38
01.11.2013;7238;105,91;94,61
04.11.2013;7136,5;106,23;94,62
05.11.2013;7153;105,33;93,37
06.11.2013;7106;105,24;94,8
07.11.2013;7139,5;103,46;94,2
08.11.2013;7158,25;105,12;94,6
11.11.2013;7161;106,4;95,14
12.11.2013;7109;105,81;93,04
13.11.2013;6971,5;107,12;93,88
14.11.2013;6982,25;108,54;93,76
15.11.2013;6998,25;108,5;93,84
18.11.2013;6960,75;108,47;93,03
19.11.2013;6967,5;106,92;93,34
20.11.2013;6997,25;108,06;93,33
21.11.2013;7028;110,08;95,44
22.11.2013;7101;111,05;94,84
25.11.2013;7102;111;94,09
26.11.2013;7066;110,88;93,68
27.11.2013;7018;111,31;92,3
28.11.2013;7020;110,86;92,3
29.11.2013;7059,75;109,69;92,72
02.12.2013;6975;111,45;93,82
03.12.2013;6956,75;112,62;96,04
04.12.2013;7096;111,88;97,2
05.12.2013;7068,75;110,98;97,38
06.12.2013;7123,5;111,61;97,65
09.12.2013;7139,25;109,39;97,34
10.12.2013;7166;109,38;98,51
11.12.2013;7227;109,7;97,44
12.12.2013;7240;108,67;97,5
13.12.2013;7276,5;108,83;96,6
16.12.2013;7320;110,47;97,48
17.12.2013;7287;108,44;97,22
18.12.2013;7274,5;109,63;97,8
19.12.2013;7204;110,29;98,77
20.12.2013;7245,5;111,77;99,32
23.12.2013;7252;111,56;98,91
24.12.2013;7294;111,9;99,22
25.12.2013;7294;111,9;99,22
26.12.2013;7294;111,98;99,55
27.12.2013;7391,75;112,18;100,32
30.12.2013;7384,5;111,21;99,29
31.12.2013;7372,75;110,8;98,42
01.01.2014;7372,75;110,8;98,42
02.01.2014;7403,5;107,78;95,44
03.01.2014;7327,5;106,89;93,96
06.01.2014;7343,5;106,73;93,43
07.01.2014;7361;107,35;93,67
08.01.2014;7354,5;107,15;92,33
09.01.2014;7235,25;106,39;91,66
10.01.2014;7327,75;107,25;92,72
13.01.2014;7365;106,75;91,8
14.01.2014;7291,75;106,39;92,59
15.01.2014;7369,5;107,13;94,17
16.01.2014;7324;107,09;93,96
17.01.2014;7363;106,48;94,37
20.01.2014;7339;106,35;94,37
21.01.2014;7371;106,73;94,99
22.01.2014;7320,5;108,27;96,73
23.01.2014;7227;107,58;97,32
24.01.2014;7207;107,88;96,64
27.01.2014;7185,5;106,69;95,72
28.01.2014;7178,5;107,41;97,41
29.01.2014;7159;107,85;97,36
30.01.2014;7139;107,95;98,23
31.01.2014;7103;106,4;97,49
03.02.2014;7081,5;106,04;96,43
04.02.2014;7087,5;105,78;97,19
05.02.2014;7088,5;106,25;97,38
06.02.2014;7181,5;107,19;97,84
07.02.2014;7194;109,57;99,88
10.02.2014;7140;108,63;100,06
11.02.2014;7111,5;108,68;99,94
12.02.2014;7201;108,79;100,37
13.02.2014;7143;108,73;100,35
14.02.2014;7181;109,08;100,3
17.02.2014;7204,5;109,18;100,3
18.02.2014;7224;110,46;102,43
19.02.2014;7216;110,47;103,31
20.02.2014;7187;110,3;102,92
21.02.2014;7195;109,85;102,2
24.02.2014;7114;110,64;102,82
25.02.2014;7106;109,51;101,83
26.02.2014;7076,5;109,52;102,59
27.02.2014;7068;108,96;102,4
28.02.2014;7059;109,07;102,59
03.03.2014;7005;111,2;104,92
04.03.2014;7087,5;109,3;103,33
05.03.2014;7064,5;107,76;101,45
06.03.2014;7070;108,1;101,56
07.03.2014;6808;109;102,58
10.03.2014;6664;108,08;101,12
11.03.2014;6492,5;108,55;100,03
12.03.2014;6527,75;108,02;97,99
13.03.2014;6434;107,39;98,2
14.03.2014;6488;108,57;98,89
17.03.2014;6500,5;106,24;98,08
18.03.2014;6497,5;106,79;99,7
19.03.2014;6569,5;105,85;100,37
20.03.2014;6443,5;106,45;99,43
21.03.2014;6492,5;106,92;99,46
24.03.2014;6480,5;106,81;99,6
25.03.2014;6610,5;106,99;99,19
26.03.2014;6515,75;107,03;100,26
27.03.2014;6574,5;107,83;101,28
28.03.2014;6686;108,07;101,67
31.03.2014;6652;107,76;101,58
01.04.2014;6667,5;105,62;99,74
02.04.2014;6679;104,79;99,62
03.04.2014;6646;106,15;100,29
04.04.2014;6622;106,72;101,14
07.04.2014;6672,5;105,82;100,44
08.04.2014;6672;107,67;102,56
09.04.2014;6623,5;107,98;103,6
10.04.2014;6657,75;107,46;103,4
11.04.2014;6664,25;107,33;103,74
14.04.2014;6661,75;109,07;104,05
15.04.2014;6545;108,74;103,75
16.04.2014;6627,5;109,6;103,76
17.04.2014;6661,5;109,53;104,3
18.04.2014;6661,5;109,53;104,3
21.04.2014;6661,5;109,95;104,37
22.04.2014;6684;109,27;102,13
23.04.2014;6686,5;109,11;101,44
24.04.2014;6774;110,33;101,94
25.04.2014;6785;109,58;100,6
28.04.2014;6767,5;108,12;100,84
29.04.2014;6734;108,98;101,28
30.04.2014;6662,5;108,07;99,74
01.05.2014;6672;107,76;99,42
02.05.2014;6753,5;108,59;99,76
05.05.2014;6753,5;107,72;99,48
06.05.2014;6756;107,06;99,5
07.05.2014;6688,5;108,13;100,77
08.05.2014;6772;108,04;100,26
09.05.2014;6797;107,89;99,99
12.05.2014;6924;108,41;100,59
13.05.2014;6888;109,24;101,7
14.05.2014;6975;110,19;102,37
15.05.2014;6938;110,44;101,5
16.05.2014;6922;109,75;102,02
19.05.2014;6983;109,37;102,61
20.05.2014;6920;109,69;102,44
21.05.2014;6870;110,55;104,07
22.05.2014;6924;110,36;103,74
23.05.2014;6981;110,54;104,35
26.05.2014;6981;110,32;104,35
27.05.2014;6988,5;110,02;104,11
28.05.2014;7013;109,81;102,72
29.05.2014;6946;109,97;103,58
30.05.2014;6892;109,41;102,71
02.06.2014;6974,5;108,83;102,47
03.06.2014;6902,5;108,82;102,66
04.06.2014;6809;108,4;102,64
05.06.2014;6789;108,79;102,48
06.06.2014;6691;108,61;102,66
09.06.2014;6684,5;109,99;104,41
10.06.2014;6696;109,52;104,35
11.06.2014;6725;109,95;104,4
12.06.2014;6634,5;113,02;106,53
13.06.2014;6673,5;113,41;106,91
16.06.2014;6718,5;112,94;106,9
17.06.2014;6712,5;113,45;106,36
18.06.2014;6713,5;114,26;105,97
19.06.2014;6733,5;115,06;106,43
20.06.2014;6836,5;114,81;107,26
23.06.2014;6901;114,12;106,17
24.06.2014;6903,5;114,46;106,03
25.06.2014;6929;114;106,5
26.06.2014;6973,5;113,21;105,84
27.06.2014;6966;113,3;105,74
30.06.2014;7036;112,36;105,37
01.07.2014;7038,5;112,29;105,34
02.07.2014;7139,5;111,24;104,48
03.07.2014;7189;111;104,06
04.07.2014;7164;110,64;104,06
07.07.2014;7128;110,24;103,53
08.07.2014;7136;108,94;103,4
09.07.2014;7141;108,28;102,29
10.07.2014;7177,5;108,67;102,93
11.07.2014;7173,5;106,66;100,83
14.07.2014;7121,5;106,98;100,91
15.07.2014;7132,5;106,02;99,96
16.07.2014;7077,25;105,85;101,2
17.07.2014;7067,5;107,89;103,19
18.07.2014;6987,5;107,24;103,13
21.07.2014;7029,25;107,68;104,59
22.07.2014;7038;107,33;104,42
23.07.2014;7040,75;108,03;103,12
24.07.2014;7172,5;107,07;102,07
25.07.2014;7130;108,39;102,09
28.07.2014;7125,25;107,57;101,67
29.07.2014;7090,5;107,72;100,97
30.07.2014;7141,25;106,51;100,27
31.07.2014;7123,5;106,02;98,17
01.08.2014;7078,5;104,84;97,88
04.08.2014;7130,5;105,41;98,29
05.08.2014;7059,5;104,61;97,38
06.08.2014;6977,25;104,59;96,92
07.08.2014;7009;105,44;97,34
08.08.2014;7004,75;105,02;97,65
11.08.2014;7004;104,68;98,08
12.08.2014;6975,75;103,02;97,37
13.08.2014;6892,5;104,28;97,59
14.08.2014;6834;102,01;95,58
15.08.2014;6887;103,53;97,35
18.08.2014;6943;101,6;96,41
19.08.2014;6882,5;101,56;94,48
20.08.2014;7025,5;102,28;96,07
21.08.2014;7027;102,63;93,96
22.08.2014;7086;102,29;93,65
25.08.2014;7086;102,65;93,35
26.08.2014;7062,5;102,5;93,86
27.08.2014;7041;102,72;93,88
28.08.2014;6947;102,46;94,55
29.08.2014;6996,5;103,19;95,96
01.09.2014;6961;102,79;95,96
02.09.2014;6983;100,34;92,88
03.09.2014;6924;102,77;95,54
04.09.2014;6949,5;101,83;94,45
05.09.2014;6993;100,82;93,29
08.09.2014;7003;100,2;92,66
09.09.2014;6859,5;99,16;92,75
10.09.2014;6892,75;98,04;91,67
11.09.2014;6859;98,08;92,83
12.09.2014;6864,5;97,11;92,27
15.09.2014;6867;96,65;92,92
16.09.2014;6922,25;99,05;94,88
17.09.2014;6949,5;98,97;94,42
18.09.2014;6864,75;97,7;93,07
19.09.2014;6862,25;98,39;92,41
22.09.2014;6756,5;96,97;91,52
23.09.2014;6752;96,85;91,56
24.09.2014;6770,5;96,95;92,8
25.09.2014;6728;97;92,53
26.09.2014;6755,5;97;93,54
29.09.2014;6777,5;97,2;94,57
30.09.2014;6710;94,67;91,16
01.10.2014;6722,75;94,16;90,73
02.10.2014;6643;93,42;91,01
03.10.2014;6679;92,31;89,74
06.10.2014;6746;92,79;90,34
07.10.2014;6706,75;92,11;88,85
08.10.2014;6685;91,38;87,31
09.10.2014;6774,5;90,05;85,77
10.10.2014;6699,5;90,21;85,82
13.10.2014;6784;88,89;85,74
14.10.2014;6827;85,04;81,84
15.10.2014;6669;83,78;81,78
16.10.2014;6587;84,47;82,7
17.10.2014;6675;86,16;82,75
20.10.2014;6595;85,4;82,71
21.10.2014;6703,75;86,22;82,81
22.10.2014;6674;84,71;80,52
23.10.2014;6738;86,83;82,09
24.10.2014;6744;86,13;81,01
27.10.2014;6782;85,83;81
28.10.2014;6855,5;86,03;81,42
29.10.2014;6876,5;87,12;82,2
30.10.2014;6797;86,24;81,12
31.10.2014;6752;85,86;80,54
03.11.2014;6770;84,78;78,78
04.11.2014;6703;82,82;77,19
05.11.2014;6706,5;82,95;78,68
06.11.2014;6730,5;82,86;77,91
07.11.2014;6785;83,39;78,65
10.11.2014;6725;82,34;77,4
11.11.2014;6755,5;81,67;77,94
12.11.2014;6747,5;80,38;77,18
13.11.2014;6724;77,92;74,21
14.11.2014;6777;79,41;75,82
17.11.2014;6776;79,31;75,64
18.11.2014;6679;78,47;74,61
19.11.2014;6732;78,1;74,58
20.11.2014;6711,75;79,33;75,58
21.11.2014;6772;80,36;76,51
24.11.2014;6720;79,68;75,78
25.11.2014;6644;78,33;74,09
26.11.2014;6619;77,75;73,69
27.11.2014;6609,5;72,58;73,69
28.11.2014;6409;70,15;66,15
01.12.2014;6517;72,54;69
02.12.2014;6471;70,54;66,88
03.12.2014;6433,5;69,92;67,38
04.12.2014;6530,5;69,64;66,81
05.12.2014;6508;69,07;65,84
08.12.2014;6452,25;66,19;63,05
09.12.2014;6528,5;66,84;63,82
10.12.2014;6469;64,24;60,94
11.12.2014;6514,5;63,68;59,95
12.12.2014;6539,25;61,85;57,81
15.12.2014;6447,5;61,06;55,91
16.12.2014;6387,5;59,86;55,93
17.12.2014;6398;61,18;56,47
18.12.2014;6346;59,27;54,11
19.12.2014;6438,5;61,38;56,52
22.12.2014;6392;60,11;55,26
23.12.2014;6370;61,69;57,12
24.12.2014;6344;60,24;55,84
25.12.2014;6344;60,24;55,84
26.12.2014;6344;59,45;54,73
29.12.2014;6343;57,88;53,61
30.12.2014;6376;57,9;54,12
31.12.2014;6349;57,33;53,27
01.01.2015;6349;57,33;53,27
02.01.2015;6304;56,42;52,69
05.01.2015;6199,5;53,11;50,04
06.01.2015;6209;51,1;47,93
07.01.2015;6172,5;51,15;48,65
08.01.2015;6160,75;50,96;48,79
09.01.2015;6147,5;50,11;48,36
12.01.2015;6085;47,43;46,07
13.01.2015;5928,5;46,59;45,89
14.01.2015;5617;48,69;48,48
15.01.2015;5681;47,67;46,25
16.01.2015;5768;50,17;48,69
19.01.2015;5709;48,84;48,69
20.01.2015;5717;47,99;46,39
21.01.2015;5796,5;49,03;47,78
22.01.2015;5687,5;48,52;46,31
23.01.2015;5541;48,79;45,59
26.01.2015;5612,5;48,16;45,15
27.01.2015;5446;49,6;46,23
28.01.2015;5515,5;48,47;44,45
29.01.2015;5432;49,13;44,53
30.01.2015;5542;52,99;48,24
02.02.2015;5530;54,75;49,57
03.02.2015;5725;57,91;53,05
04.02.2015;5738,75;54,16;48,45
05.02.2015;5748;56,57;50,48
06.02.2015;5674;57,8;51,69
09.02.2015;5691;58,34;52,86
10.02.2015;5608,5;56,43;50,02
11.02.2015;5613;54,66;48,84
12.02.2015;5752,5;57,05;51,21
13.02.2015;5754,25;61,52;52,78
16.02.2015;5764;61,4;52,78
17.02.2015;5656,75;62,53;53,53
18.02.2015;5753,5;60,53;52,14
19.02.2015;5761,25;60,21;51,16
20.02.2015;5704;60,22;50,34
23.02.2015;5682,5;58,9;49,45
24.02.2015;5798;58,66;49,28
25.02.2015;5797;61,63;50,99
26.02.2015;5911,5;60,05;48,17
27.02.2015;5918;62,58;49,76
02.03.2015;5922,5;59,54;49,59
03.03.2015;5839,75;61,02;50,52
04.03.2015;5861;60,55;51,53
05.03.2015;5855;60,48;50,76
06.03.2015;5763;59,73;49,61
09.03.2015;5893;58,53;50
10.03.2015;5788;56,39;48,29
11.03.2015;5754;57,54;48,17
12.03.2015;5866;57,08;47,05
13.03.2015;5881,5;54,67;44,84
16.03.2015;5864,25;53,44;43,88
17.03.2015;5798,5;53,51;43,46
18.03.2015;5689,5;55,91;44,66
19.03.2015;5876,25;54,43;43,96
20.03.2015;6070,5;55,32;45,72
23.03.2015;6147,5;55,92;47,45
24.03.2015;6172;55,11;47,51
25.03.2015;6148,5;56,48;49,21
26.03.2015;6195,5;59,19;51,43
27.03.2015;6075,5;56,41;48,87
30.03.2015;6105;56,29;48,68
31.03.2015;6064,5;55,11;47,6
01.04.2015;6067,5;57,1;50,09
02.04.2015;6002,5;54,95;49,14
03.04.2015;6002,5;54,95;49,14
06.04.2015;6002,5;58,12;52,14
07.04.2015;6084;59,1;53,98
08.04.2015;6027,5;55,55;50,42
09.04.2015;6013,5;56,57;50,79
10.04.2015;6056;57,87;51,64
13.04.2015;6001,25;57,93;51,91
14.04.2015;5954,5;58,43;53,29
15.04.2015;5962,75;60,32;56,39
16.04.2015;6069,5;63,98;56,71
17.04.2015;6071;63,45;55,74
20.04.2015;5987,25;63,45;56,38
21.04.2015;5942;62,08;55,26
22.04.2015;5900;62,73;56,16
23.04.2015;5936;64,85;57,74
24.04.2015;6025;65,28;57,15
27.04.2015;6065,5;64,83;56,99
28.04.2015;6123;64,64;57,06
29.04.2015;6152,5;65,84;58,58
30.04.2015;6350,5;66,78;59,63
01.05.2015;6407,5;66,46;59,15
04.05.2015;6407,5;66,45;58,93
05.05.2015;6479,75;67,52;60,4
06.05.2015;6390,25;67,77;60,93
07.05.2015;6401,5;65,54;58,94
08.05.2015;6388,5;65,39;59,39
11.05.2015;6366,5;64,91;59,25
12.05.2015;6446;66,86;60,75
13.05.2015;6410,5;66,81;60,5
14.05.2015;6406;66,59;59,88
15.05.2015;6415;66,81;59,69
18.05.2015;6369;66,27;59,43
19.05.2015;6217;64,02;57,26
20.05.2015;6220,5;65,03;58,98
21.05.2015;6254,5;66,54;60,72
22.05.2015;6161,5;65,37;59,72
25.05.2015;6161,5;65,52;59,72
26.05.2015;6107;63,72;58,03
27.05.2015;6082,5;62,06;57,51
28.05.2015;6095,5;62,58;57,68
29.05.2015;6010,25;65,56;60,3
01.06.2015;6021,5;64,88;60,2
02.06.2015;6035,5;65,49;61,26
03.06.2015;6006,5;63,8;59,64
04.06.2015;5910,75;62,03;58
05.06.2015;5931;63,31;59,13
08.06.2015;5941,75;62,69;58,14
09.06.2015;5960,25;64,88;60,14
10.06.2015;6026,5;65,7;61,43
11.06.2015;5865;65,11;60,77
12.06.2015;5893;63,87;59,96
15.06.2015;5784;62,61;59,52
16.06.2015;5737,5;63,7;59,97
17.06.2015;5738;63,87;59,92
18.06.2015;5746,75;64,26;60,45
19.06.2015;5651,5;63,02;59,61
22.06.2015;5645,75;63,34;59,68
23.06.2015;5771,25;64,45;61,01
24.06.2015;5729,75;63,49;60,27
25.06.2015;5759,5;63,2;59,7
26.06.2015;5747,5;63,26;59,63
29.06.2015;5785;62,01;58,33
30.06.2015;5757,25;63,59;59,47
01.07.2015;5767,25;62,01;56,96
02.07.2015;5781;62,07;56,93
03.07.2015;5747,5;60,32;56,93
06.07.2015;5579,5;56,54;52,53
07.07.2015;5332;56,85;52,33
08.07.2015;5513,5;57,05;51,65
09.07.2015;5617,5;58,61;52,78
10.07.2015;5578,25;58,73;52,74
13.07.2015;5573,5;57,85;52,2
14.07.2015;5556;58,51;53,04
15.07.2015;5521,5;57,05;51,41
16.07.2015;5549,75;57,51;50,91
17.07.2015;5470;57,1;50,89
20.07.2015;5468,75;56,65;50,15
21.07.2015;5442,5;57,04;50,36
22.07.2015;5350;56,13;49,19
23.07.2015;5261,5;55,27;48,45
24.07.2015;5253;54,62;48,14
27.07.2015;5177;53,47;47,39
28.07.2015;5289;53,3;47,98
29.07.2015;5319;53,38;48,79
30.07.2015;5253,5;53,31;48,52
31.07.2015;5221;52,21;47,12
03.08.2015;5211;49,52;45,17
04.08.2015;5230,25;49,99;45,74
05.08.2015;5172;49,59;45,15
06.08.2015;5178;49,52;44,66
07.08.2015;5166;48,61;43,87
10.08.2015;5298,25;50,41;44,96
11.08.2015;5111,75;49,18;43,08
12.08.2015;5177,75;49,66;43,3
13.08.2015;5178;49,22;42,23
14.08.2015;5157,75;49,03;42,5
17.08.2015;5107,25;48,74;41,87
18.08.2015;5037;48,81;42,62
19.08.2015;4998,5;47,16;40,8
20.08.2015;5125,5;46,62;41,14
21.08.2015;5063,25;45,46;40,45
24.08.2015;4965,5;42,69;38,24
25.08.2015;5092;43,21;39,31
26.08.2015;4961;43,14;38,6
27.08.2015;5168;47,56;42,56
28.08.2015;5147;50,05;45,22
31.08.2015;5147;54,15;49,2
01.09.2015;5084,75;49,56;45,41
02.09.2015;5139;50,5;46,25
03.09.2015;5265,5;50,68;46,75
04.09.2015;5134,25;49,61;46,05
07.09.2015;5166;47,63;46,05
08.09.2015;5365,5;49,52;45,94
09.09.2015;5381,75;47,58;44,15
10.09.2015;5417;48,89;45,92
11.09.2015;5390,5;48,14;44,63
14.09.2015;5330,5;46,37;44
15.09.2015;5357,25;46,63;44,59
16.09.2015;5389;49,75;47,15
17.09.2015;5405;49,08;46,9
18.09.2015;5271;47,47;44,68
21.09.2015;5283;48,92;46,68
22.09.2015;5093,25;49,08;45,83
23.09.2015;5072;47,75;44,48
24.09.2015;5066;48,17;44,91
25.09.2015;5040,5;48,6;45,7
28.09.2015;4982;47,34;44,43
29.09.2015;4988,25;48,23;45,23
30.09.2015;5179;48,37;45,09
01.10.2015;5111,5;47,69;44,74
02.10.2015;5114,25;48,13;45,54
05.10.2015;5191,5;49,25;46,26
06.10.2015;5198;51,92;48,53
07.10.2015;5200,5;51,33;47,81
08.10.2015;5150,5;53,05;49,43
09.10.2015;5313,25;52,65;49,63
12.10.2015;5331,75;49,86;47,1
13.10.2015;5290,25;49,24;46,66
14.10.2015;5319,5;49,15;46,64
15.10.2015;5325,5;48,71;46,38
16.10.2015;5304,25;50,46;47,26
19.10.2015;5208,5;48,61;45,89
20.10.2015;5209,25;48,71;45,55
21.10.2015;5186,75;47,85;45,2
22.10.2015;5246,5;48,08;45,38
23.10.2015;5188,25;47,99;44,6
26.10.2015;5207,5;47,54;43,98
27.10.2015;5236;46,81;43,2
28.10.2015;5218,75;49,05;45,94
29.10.2015;5147;48,8;46,06
30.10.2015;5131;49,56;46,59
02.11.2015;5142,75;48,79;46,14
03.11.2015;5144,5;50,54;47,9
04.11.2015;5149,75;48,58;46,32
05.11.2015;5024,5;47,98;45,2
06.11.2015;4997;47,42;44,29
09.11.2015;4975,25;47,19;43,87
10.11.2015;4940,5;47,44;44,21
11.11.2015;4957,5;45,81;42,93
12.11.2015;4836,5;44,06;41,75
13.11.2015;4828,75;43,61;40,74
16.11.2015;4694;44,56;41,74
17.11.2015;4697;43,57;40,67
18.11.2015;4626,25;44,14;40,75
19.11.2015;4646,5;44,18;40,54
20.11.2015;4597;44,66;40,39
23.11.2015;4508,5;44,83;41,75
24.11.2015;4624,5;46,12;42,87
25.11.2015;4563,75;46,17;43,04
26.11.2015;4654;45,46;43,04
27.11.2015;4592;44,86;41,71
30.11.2015;4602,25;44,61;41,65
01.12.2015;4645,75;44,44;41,85
02.12.2015;4571,5;42,49;39,94
03.12.2015;4562,5;43,84;41,08
04.12.2015;4611,5;43;39,97
07.12.2015;4556,75;40,73;37,65
08.12.2015;4591,75;40,26;37,51
09.12.2015;4584,5;40,11;37,16
10.12.2015;4590;39,73;36,76
11.12.2015;4701;37,93;35,62
14.12.2015;4663,5;37,92;36,31
15.12.2015;4564,5;38,45;37,35
16.12.2015;4612;37,19;35,52
17.12.2015;4550,5;37,06;34,95
18.12.2015;4690;36,88;34,73
21.12.2015;4741;36,35;34,74
22.12.2015;4665;36,11;36,14
23.12.2015;4722,5;37,36;37,5
24.12.2015;4697;37,89;38,1
25.12.2015;4697;37,89;38,1
28.12.2015;4697;36,62;36,81
29.12.2015;4735,25;37,79;37,87
30.12.2015;4742,75;36,46;36,6
31.12.2015;4712,5;37,28;37,04
01.01.2016;4712,5;37,28;37,04
04.01.2016;4617,25;37,22;36,76
05.01.2016;4647,75;36,42;35,97
06.01.2016;4622,5;34,23;33,97
07.01.2016;4526,5;33,75;33,27
08.01.2016;4485,5;33,55;33,16
11.01.2016;4381,25;31,55;31,41
12.01.2016;4344,5;30,86;30,44
13.01.2016;4388,25;30,31;30,48
14.01.2016;4418,5;31,03;31,2
15.01.2016;4327,5;28,94;29,42
18.01.2016;4378;28,55;29,42
19.01.2016;4409,75;28,76;28,46
20.01.2016;4360,5;27,88;26,55
21.01.2016;4436;29,25;29,53
22.01.2016;4452;32,18;32,19
25.01.2016;4422,25;30,5;30,34
26.01.2016;4546,75;31,8;31,45
27.01.2016;4597,75;33,1;32,3
28.01.2016;4537,75;33,89;33,22
29.01.2016;4569;34,74;33,62
01.02.2016;4569;34,24;31,62
02.02.2016;4556,5;32,72;29,88
03.02.2016;4641;35,04;32,28
04.02.2016;4693,75;34,46;31,72
05.02.2016;4635,25;34,06;30,89
08.02.2016;4615,75;32,88;29,69
09.02.2016;4516,25;30,32;27,94
10.02.2016;4452;30,84;27,45
11.02.2016;4454,5;30,06;26,21
12.02.2016;4507;33,36;29,44
15.02.2016;4572,5;33,39;29,44
16.02.2016;4562;32,18;29,04
17.02.2016;4593,5;34,5;30,66
18.02.2016;4580,75;34,28;30,77
19.02.2016;4627,75;33,01;29,64
22.02.2016;4702;34,69;31,48
23.02.2016;4651,75;33,27;31,87
24.02.2016;4650,5;34,41;32,15
25.02.2016;4610,75;35,29;33,07
26.02.2016;4716,25;35,1;32,78
29.02.2016;4705,5;35,97;33,75
01.03.2016;4727;36,81;34,4
02.03.2016;4798,5;36,93;34,66
03.03.2016;4864;37,07;34,57
04.03.2016;5036,75;38,72;35,92
07.03.2016;5006,75;40,84;37,9
08.03.2016;4876,25;39,65;36,5
09.03.2016;4944;41,07;38,29
10.03.2016;4900,5;40,05;37,84
11.03.2016;4986;40,39;38,5
14.03.2016;4971,5;39,53;37,18
15.03.2016;4960,5;38,74;36,34
16.03.2016;4948;40,33;38,46
17.03.2016;5086;41,54;40,2
18.03.2016;5059,5;41,2;39,44
21.03.2016;5079;41,54;39,91
22.03.2016;5081,5;41,79;41,45
23.03.2016;4966,5;40,47;39,79
24.03.2016;4970;40,44;39,46
25.03.2016;4970;40,44;39,46
28.03.2016;4970;40,27;39,39
29.03.2016;4912,5;39,14;38,28
30.03.2016;4898;39,26;38,32
31.03.2016;4872,5;39,6;38,34
01.04.2016;4855,25;38,67;36,79
04.04.2016;4777,25;37,69;35,7
05.04.2016;4791,75;37,87;35,89
06.04.2016;4804,5;39,84;37,75
07.04.2016;4665,5;39,43;37,26
08.04.2016;4664,75;41,94;39,72
11.04.2016;4679,5;42,83;40,36
12.04.2016;4788,5;44,69;42,17
13.04.2016;4849;44,18;41,76
14.04.2016;4848,75;43,84;41,5
15.04.2016;4828,5;43,1;40,36
18.04.2016;4850;42,91;39,78
19.04.2016;4945,25;44,03;41,08
20.04.2016;4990,5;45,8;42,63
21.04.2016;5009,75;44,53;43,18
22.04.2016;5045,25;45,11;43,73
25.04.2016;5008,25;44,48;42,64
26.04.2016;4974;45,74;44,04
27.04.2016;4915,5;47,18;45,33
28.04.2016;4957,25;48,14;46,03
29.04.2016;5064;48,13;45,92
02.05.2016;5064;45,83;44,78
03.05.2016;4929,25;44,97;43,65
04.05.2016;4877,5;44,62;43,78
05.05.2016;4799,25;45,01;44,32
06.05.2016;4823;45,37;44,66
09.05.2016;4697,5;43,63;43,44
10.05.2016;4691,25;45,52;44,66
11.05.2016;4719,75;47,6;46,23
12.05.2016;4628;48,08;46,7
13.05.2016;4636,5;47,83;46,21
16.05.2016;4649,5;48,97;47,72
17.05.2016;4659,5;49,28;48,31
18.05.2016;4619,25;48,93;48,19
19.05.2016;4587,75;48,81;48,16
20.05.2016;4584;48,72;47,75
23.05.2016;4568,5;48,35;48,08
24.05.2016;4610;48,61;48,62
25.05.2016;4662,25;49,74;49,56
26.05.2016;4669,25;49,59;49,48
27.05.2016;4704,5;49,32;49,33
30.05.2016;4704,5;49,76;49,33
31.05.2016;4680,25;49,69;49,1
01.06.2016;4625;49,72;49,01
02.06.2016;4614;50,04;49,17
03.06.2016;4694;49,64;48,62
06.06.2016;4687,5;50,55;49,69
07.06.2016;4564;51,44;50,36
08.06.2016;4570,25;52,51;51,23
09.06.2016;4502;51,95;50,56
10.06.2016;4496,5;50,54;49,07
13.06.2016;4540,5;50,35;48,88
14.06.2016;4504,75;49,83;48,49
15.06.2016;4635,25;48,97;48,01
16.06.2016;4534,5;47,19;46,21
17.06.2016;4550,5;49,17;47,98
20.06.2016;4642,75;50,65;49,37
21.06.2016;4667,25;50,62;48,85
22.06.2016;4700;49,88;49,13
23.06.2016;4781;50,91;50,11
24.06.2016;4695,5;48,41;47,64
27.06.2016;4704,75;47,16;46,33
28.06.2016;4814,25;48,58;47,85
29.06.2016;4834,25;50,61;49,88
30.06.2016;4841,75;49,68;48,33
01.07.2016;4903,5;50,35;48,99
04.07.2016;4883,25;50,1;48,99
05.07.2016;4802,75;47,96;46,6
06.07.2016;4736;48,8;47,43
07.07.2016;4673,5;46,4;45,14
08.07.2016;4697,75;46,76;45,41
11.07.2016;4732;46,25;44,76
12.07.2016;4851;48,47;46,8
13.07.2016;4919,75;46,26;44,75
14.07.2016;4922,5;47,37;45,68
15.07.2016;4900;47,61;45,95
18.07.2016;4922;46,96;45,24
19.07.2016;4975;46,66;44,65
20.07.2016;4959,5;47,17;44,94
21.07.2016;4970;46,2;44,75
22.07.2016;4914,5;45,69;44,19
25.07.2016;4891,75;44,72;43,13
26.07.2016;4921,5;44,87;42,92
27.07.2016;4841,5;43,47;41,92
28.07.2016;4887,75;42,7;41,14
29.07.2016;4917,25;42,46;41,6
01.08.2016;4871;42,14;40,06
02.08.2016;4881,75;41,8;39,51
03.08.2016;4862,5;43,1;40,83
04.08.2016;4818;44,29;41,93
05.08.2016;4779,25;44,27;41,8
08.08.2016;4801;45,39;43,02
09.08.2016;4770,25;44,98;42,77
10.08.2016;4816,25;44,05;41,71
11.08.2016;4839,5;46,04;43,49
12.08.2016;4749,25;46,97;44,49
15.08.2016;4759,75;48,35;45,74
16.08.2016;4803;49,23;46,58
17.08.2016;4765;49,85;46,79
18.08.2016;4799;50,89;48,22
19.08.2016;4789,25;50,88;48,52
22.08.2016;4738,5;49,16;47,05
23.08.2016;4698;49,96;48,1
24.08.2016;4621;49,05;46,77
25.08.2016;4617;49,67;47,33
26.08.2016;4604;49,92;47,64
29.08.2016;4604;49,26;46,98
30.08.2016;4596;48,37;46,35
31.08.2016;4607,25;47,04;44,7
01.09.2016;4620;45,45;43,16
02.09.2016;4617,25;46,83;44,44
05.09.2016;4614,25;47,63;44,44
06.09.2016;4607,5;47,26;44,83
07.09.2016;4636,75;47,98;45,5
08.09.2016;4650;49,99;47,62
09.09.2016;4618,5;48,01;45,88
12.09.2016;4632,5;48,32;46,29
13.09.2016;4637;47,1;44,9
14.09.2016;4757,75;45,85;43,58
15.09.2016;4765,5;46,59;43,91
16.09.2016;4772;45,77;43,03
19.09.2016;4753,25;45,95;43,3
20.09.2016;4779,75;45,88;43,44
21.09.2016;4749,75;46,83;45,34
22.09.2016;4842,75;47,65;46,32
23.09.2016;4842;45,89;44,48
26.09.2016;4828,75;47,35;45,93
27.09.2016;4776,75;45,97;44,67
28.09.2016;4808;48,69;47,05
29.09.2016;4830,75;49,24;47,83
30.09.2016;4853;49,06;48,24
03.10.2016;4804,75;50,89;48,81
04.10.2016;4789;50,87;48,69
05.10.2016;4783,5;51,86;49,83
06.10.2016;4740,25;52,51;50,44
07.10.2016;4760,75;51,93;49,81
10.10.2016;4830,75;53,14;51,35
11.10.2016;4793,5;52,41;50,79
12.10.2016;4793,75;51,81;50,18
13.10.2016;4692,5;52,03;50,44
14.10.2016;4655,75;51,95;50,35
17.10.2016;4653,5;51,52;49,94
18.10.2016;4669,25;51,68;50,29
19.10.2016;4660;52,67;51,6
20.10.2016;4641;51,38;50,43
21.10.2016;4623,5;51,78;50,85
24.10.2016;4626,75;51,46;50,52
25.10.2016;4726,25;50,79;49,96
26.10.2016;4733,75;49,98;49,18
27.10.2016;4783,25;50,47;49,72
28.10.2016;4835;49,71;48,7
31.10.2016;4844,25;48,3;46,86
01.11.2016;4911,25;48,14;46,67
02.11.2016;4911,25;46,86;45,34
03.11.2016;4951;46,35;44,66
04.11.2016;4980,75;45,58;44,07
07.11.2016;5084,75;46,15;44,89
08.11.2016;5222,25;46,04;44,98
09.11.2016;5400;46,36;45,27
10.11.2016;5588,5;45,84;44,66
11.11.2016;5541,25;44,75;43,41
14.11.2016;5552,5;44,43;43,32
15.11.2016;5521;46,95;45,81
16.11.2016;5428,5;46,63;45,57
17.11.2016;5489,25;46,49;45,42
18.11.2016;5417,5;46,86;45,69
21.11.2016;5552;48,9;47,49
22.11.2016;5604;49,12;48,03
23.11.2016;5731,5;48,95;47,96
24.11.2016;5858,5;49;47,96
25.11.2016;5868;47,24;46,06
28.11.2016;5868,25;48,24;47,08
29.11.2016;5692;46,38;45,23
30.11.2016;5814,25;50,47;49,44
01.12.2016;5783;53,94;51,06
02.12.2016;5756;54,46;51,68
05.12.2016;5945;54,94;51,79
06.12.2016;5876,25;53,93;50,93
07.12.2016;5778,75;53;49,77
08.12.2016;5778,75;53,89;50,84
09.12.2016;5821;54,33;51,5
12.12.2016;5754,5;55,69;52,83
13.12.2016;5678;55,72;52,98
14.12.2016;5715,5;53,9;51,04
15.12.2016;5723,5;54,02;50,9
16.12.2016;5629,75;55,21;51,9
19.12.2016;5486,5;54,92;52,12
20.12.2016;5493,5;55,35;52,23
21.12.2016;5506,25;54,46;52,49
22.12.2016;5509,25;55,05;52,95
23.12.2016;5460,75;55,16;53,02
26.12.2016;5460,75;55,16;53,02
27.12.2016;5460,75;56,09;53,9
28.12.2016;5536,25;56,22;54,06
29.12.2016;5476;56,14;53,77
30.12.2016;5526;56,82;53,72
02.01.2017;5526;56,82;53,72
03.01.2017;5489;55,47;52,33
04.01.2017;5633,5;56,46;53,26
05.01.2017;5565,5;56,89;53,76
06.01.2017;5574,75;57,1;53,99
09.01.2017;5574,75;54,94;51,96
10.01.2017;5740;53,64;50,82
11.01.2017;5693,5;55,1;52,25
12.01.2017;5814,5;56,01;53,01
13.01.2017;5884,25;55,45;52,37
16.01.2017;5843,5;55,86;52,37
17.01.2017;5740,25;55,47;52,48
18.01.2017;5753;53,92;51,08
19.01.2017;5724;54,16;51,37
20.01.2017;5737;55,49;52,42
23.01.2017;5782;55,23;52,75
24.01.2017;5932;55,44;53,18
25.01.2017;5928,75;55,08;52,75
26.01.2017;5843,75;56,24;53,78
27.01.2017;5887,5;55,52;53,17
30.01.2017;5810,5;55,23;52,63
31.01.2017;5984,25;55,7;52,81
01.02.2017;5935;56,8;53,88
02.02.2017;5872;56,56;53,54
03.02.2017;5760,25;56,81;53,83
06.02.2017;5833,75;55,72;53,01
07.02.2017;5779;55,05;52,17
08.02.2017;5879,5;55,12;52,34
09.02.2017;5809,5;55,63;53
10.02.2017;6083;56,7;53,86
13.02.2017;6103,5;55,59;52,93
14.02.2017;6009,25;55,97;53,2
15.02.2017;6056,5;55,75;53,11
16.02.2017;5989;55,65;53,36
17.02.2017;5952;55,81;53,4
20.02.2017;6065,25;56,18;53,4
21.02.2017;6052;56,66;54,06
22.02.2017;6031,25;55,84;53,59
23.02.2017;5848,75;56,58;54,45
24.02.2017;5918;55,99;53,99
27.02.2017;5925;55,93;54,05
28.02.2017;5965;55,59;54,01
01.03.2017;6006,5;56,36;53,83
02.03.2017;5920;55,08;52,61
03.03.2017;5907,75;55,9;53,33
06.03.2017;5845,75;56,01;53,2
07.03.2017;5758;55,92;53,14
08.03.2017;5750,5;53,11;50,28
09.03.2017;5674;52,19;49,28
10.03.2017;5717;51,37;48,49
13.03.2017;5776,5;51,35;48,4
14.03.2017;5810,25;50,92;47,72
15.03.2017;5856;51,81;48,86
16.03.2017;5901,5;51,74;48,75
17.03.2017;5928;51,76;48,78
20.03.2017;5869;51,62;48,22
21.03.2017;5762;50,96;47,34
22.03.2017;5795;50,64;48,04
23.03.2017;5811,5;50,56;47,7
24.03.2017;5791;50,8;47,97
27.03.2017;5747,5;50,75;47,73
28.03.2017;5861;51,33;48,37
29.03.2017;5895,5;52,42;49,51
30.03.2017;5945;52,96;50,35
31.03.2017;5824;52,83;50,6
03.04.2017;5738,25;53,12;50,24
04.04.2017;5762,25;54,17;51,03
05.04.2017;5875,25;54,36;51,15
06.04.2017;5834;54,89;51,7
07.04.2017;5805,25;55,24;52,24
10.04.2017;5715,25;55,98;53,08
11.04.2017;5739,75;56,23;53,4
12.04.2017;5600,25;55,86;53,11
13.04.2017;5660;55,89;53,18
14.04.2017;5660;55,89;53,18
17.04.2017;5660;55,36;52,65
18.04.2017;5553;54,89;52,41
19.04.2017;5537;52,93;50,44
20.04.2017;5606,5;52,99;50,27
21.04.2017;5604,5;51,96;49,62
24.04.2017;5634,25;51,6;49,23
25.04.2017;5686;52,1;49,56
26.04.2017;5696,75;51,82;49,62
27.04.2017;5674,75;51,44;48,97
28.04.2017;5715,5;51,73;49,33
01.05.2017;5715,5;51,52;48,84
02.05.2017;5775,5;50,46;47,66
03.05.2017;5574;50,79;47,82
04.05.2017;5521;48,38;45,52
05.05.2017;5565,5;49,1;46,22
08.05.2017;5465,25;49,34;46,43
09.05.2017;5489,75;48,73;45,88
10.05.2017;5478,25;50,22;47,33
11.05.2017;5521,75;50,77;47,83
12.05.2017;5539;50,84;47,84
15.05.2017;5593,25;51,82;48,85
16.05.2017;5598,25;51,65;48,66
17.05.2017;5600,5;52,21;49,07
18.05.2017;5572;52,51;49,35
19.05.2017;5676;53,61;50,33
22.05.2017;5698;53,87;50,73
23.05.2017;5705,5;54,15;51,47
24.05.2017;5673;53,96;51,36
25.05.2017;5715;51,46;48,9
26.05.2017;5646;52,15;49,8
29.05.2017;5646;52,29;49,8
30.05.2017;5640,25;51,84;49,66
31.05.2017;5665,75;50,31;48,32
01.06.2017;5683;50,63;48,36
02.06.2017;5648;49,95;47,66
05.06.2017;5606,75;49,47;47,4
06.06.2017;5594,25;50,12;48,19
07.06.2017;5599,25;48,06;45,72
08.06.2017;5709,25;47,86;45,64
09.06.2017;5784;48,15;45,83
12.06.2017;5748,25;48,29;46,08
13.06.2017;5690;48,72;46,46
14.06.2017;5672,25;47;44,73
15.06.2017;5637,75;46,92;44,46
16.06.2017;5639,75;47,37;44,74
19.06.2017;5702,75;46,91;44,2
20.06.2017;5637,5;46,02;43,23
21.06.2017;5724,5;44,82;42,53
22.06.2017;5727,5;45,22;42,74
23.06.2017;5785,5;45,54;43,01
26.06.2017;5777,75;45,83;43,38
27.06.2017;5842,25;46,65;44,24
28.06.2017;5865,5;47,31;44,74
29.06.2017;5925,25;47,42;44,93
30.06.2017;5923;47,92;46,04
03.07.2017;5908,75;49,68;47,07
04.07.2017;5871,25;49,61;47,07
05.07.2017;5818;47,79;45,13
06.07.2017;5828;48,11;45,52
07.07.2017;5806,5;46,71;44,23
10.07.2017;5799;46,88;44,4
11.07.2017;5849,5;47,52;45,04
12.07.2017;5881;47,74;45,49
13.07.2017;5854;48,42;46,08
14.07.2017;5905,25;48,91;46,54
17.07.2017;5971;48,42;46,02
18.07.2017;5985,5;48,84;46,4
19.07.2017;5944;49,7;47,12
20.07.2017;5937,75;49,3;46,79
21.07.2017;5983;48,06;45,77
24.07.2017;6006,75;48,6;46,34
25.07.2017;6208;50,2;47,89
26.07.2017;6307,75;50,97;48,75
27.07.2017;6307,25;51,49;49,04
28.07.2017;6302,5;52,52;49,71
31.07.2017;6343,25;52,65;50,17
01.08.2017;6320,75;51,78;49,16
02.08.2017;6330,25;52,36;49,59
03.08.2017;6331,25;52,01;49,03
04.08.2017;6352,25;52,42;49,58
07.08.2017;6388,25;52,37;49,39
08.08.2017;6455,25;52,14;49,17
09.08.2017;6430,5;52,7;49,56
10.08.2017;6395,25;51,9;48,59
11.08.2017;6383,5;52,1;48,82
14.08.2017;6367,5;50,73;47,59
15.08.2017;6359;50,8;47,55
16.08.2017;6512,5;50,27;46,78
17.08.2017;6470,75;51,03;47,09
18.08.2017;6466,75;52,72;48,51
21.08.2017;6564,75;51,66;47,37
22.08.2017;6559,25;51,87;47,64
23.08.2017;6544,75;52,57;48,41
24.08.2017;6667,75;52,04;47,43
25.08.2017;6647,5;52,41;47,87
28.08.2017;6647,5;51,89;46,57
29.08.2017;6772;52;46,44
30.08.2017;6746;50,86;45,96
31.08.2017;6763,5;52,38;47,23
01.09.2017;6810;52,75;47,29
04.09.2017;6891,25;52,34;47,29
05.09.2017;6873;53,38;48,66
06.09.2017;6875,5;54,2;49,16
07.09.2017;6870,75;54,49;49,09
08.09.2017;6660,25;53,78;47,48
11.09.2017;6712,25;53,84;48,07
12.09.2017;6627,25;54,27;48,23
13.09.2017;6513,75;55,16;49,3
14.09.2017;6457,25;55,47;49,89
15.09.2017;6462,5;55,62;49,89
18.09.2017;6474,75;55,48;49,91
19.09.2017;6508,75;55,14;49,48
20.09.2017;6500;56,29;50,41
21.09.2017;6455;56,43;50,55
22.09.2017;6430,25;56,86;50,66
25.09.2017;6418,25;59,02;52,22
26.09.2017;6370,5;58,44;51,88
27.09.2017;6405;57,9;52,14
28.09.2017;6487,5;57,41;51,56
29.09.2017;6447,25;57,54;51,67
02.10.2017;6460,75;56,12;50,58
03.10.2017;6485,25;56;50,42
04.10.2017;6486,25;55,8;49,98
05.10.2017;6667,75;57;50,79
06.10.2017;6626;55,62;49,29
09.10.2017;6623;55,79;49,58
10.10.2017;6712,25;56,61;50,92
11.10.2017;6760;56,94;51,3
12.10.2017;6862,5;56,25;50,6
13.10.2017;6859,5;57,17;51,45
16.10.2017;7122;57,82;51,87
17.10.2017;7001;57,88;51,88
18.10.2017;6964,5;58,15;52,04
19.10.2017;6946;57,23;51,29
20.10.2017;6929,5;57,75;51,47
23.10.2017;6983,75;57,37;51,9
24.10.2017;7015,75;58,33;52,47
25.10.2017;6991,25;58,44;52,18
26.10.2017;6967;59,3;52,64
27.10.2017;6808,5;60,44;53,9
30.10.2017;6846,5;60,9;54,15
31.10.2017;6822,75;61,37;54,38
01.11.2017;6905,75;60,49;54,3
02.11.2017;6904;60,62;54,54
03.11.2017;6870;62,07;55,64
06.11.2017;6942,5;64,27;57,35
07.11.2017;6797,25;63,69;57,2
08.11.2017;6829;63,49;56,81
09.11.2017;6779;63,93;57,17
10.11.2017;6754;63,52;56,74
13.11.2017;6860,75;63,16;56,76
14.11.2017;6736,5;62,21;55,7
15.11.2017;6752;61,87;55,33
16.11.2017;6716;61,36;55,14
17.11.2017;6756,5;62,72;56,55
20.11.2017;6808,5;62,22;56,09
21.11.2017;6888,5;62,57;56,83
22.11.2017;6933,5;63,32;58,02
23.11.2017;6945,5;63,55;58,02
24.11.2017;6986;63,86;58,95
27.11.2017;6921,5;63,84;58,11
28.11.2017;6782,75;63,61;57,99
29.11.2017;6737,5;63,11;57,3
30.11.2017;6739,5;63,57;57,4
01.12.2017;6811,75;63,73;58,36
04.12.2017;6803,75;62,45;57,47
05.12.2017;6519;62,86;57,62
06.12.2017;6525,5;61,22;55,96
07.12.2017;6536,5;62,2;56,69
08.12.2017;6542,75;63,4;57,36
11.12.2017;6640,25;64,69;57,99
12.12.2017;6632;63,34;57,14
13.12.2017;6696,25;62,44;56,6
14.12.2017;6762;63,31;57,04
15.12.2017;6855,25;63,23;57,3
18.12.2017;6874,25;63,41;57,16
19.12.2017;6919,75;63,8;57,46
20.12.2017;7016,75;64,56;58,09
21.12.2017;7058,5;64,9;58,36
22.12.2017;7100,5;65,25;58,47
25.12.2017;7100,5;65,25;58,47
26.12.2017;7100,5;67,02;59,97
27.12.2017;7217,75;66,44;59,64
28.12.2017;7264,75;66,72;59,84
29.12.2017;7219;66,87;60,42
01.01.2018;7219;66,87;60,42
02.01.2018;7173,25;66,57;60,37
03.01.2018;7112,5;67,84;61,63
04.01.2018;7154,25;68,07;62,01
05.01.2018;7087;67,62;61,44
08.01.2018;7087;67,78;61,73
09.01.2018;7065;68,82;62,96
10.01.2018;7116,75;69,2;63,57
11.01.2018;7103,5;69,26;63,8
12.01.2018;7074,75;69,87;64,3
15.01.2018;7181,25;70,26;64,3
16.01.2018;7052,75;69,15;63,73
17.01.2018;7008,25;69,38;63,97
18.01.2018;7049,5;69,31;63,95
19.01.2018;7016,75;68,61;63,37
22.01.2018;7042,5;69,03;63,49
23.01.2018;6900,5;69,96;64,47
24.01.2018;7128;70,53;65,61
25.01.2018;7115,75;70,42;65,51
26.01.2018;7059,5;70,52;66,14
29.01.2018;7056;69,46;65,56
30.01.2018;7023,5;69,02;64,5
31.01.2018;7091,25;69,05;64,73
01.02.2018;7089;69,65;65,8
02.02.2018;7015,5;68,58;65,45
05.02.2018;7139,25;67,62;64,15
06.02.2018;7041,75;66,86;63,39
07.02.2018;6845;65,51;61,79
08.02.2018;6811,25;64,81;61,15
09.02.2018;6719,75;62,79;59,2
12.02.2018;6795;62,59;59,29
13.02.2018;6951,25;62,72;59,19
14.02.2018;7125,75;64,36;60,6
15.02.2018;7143,75;64,33;61,34
16.02.2018;7192;64,84;61,68
19.02.2018;7076,5;65,67;61,68
20.02.2018;7063,25;65,25;61,9
21.02.2018;7092,5;65,42;61,68
22.02.2018;7137;66,39;62,77
23.02.2018;7069,25;67,31;63,55
26.02.2018;7083,75;67,5;63,91
27.02.2018;6993,25;66,63;63,01
28.02.2018;6903,5;65,78;61,64
01.03.2018;6894,5;63,83;60,99
02.03.2018;6871;64,37;61,25
05.03.2018;6880,75;65,54;62,57
06.03.2018;6972,25;65,79;62,6
07.03.2018;6916,75;64,34;61,15
08.03.2018;6801,75;63,61;60,12
09.03.2018;6934;65,49;62,04
12.03.2018;6878;64,95;61,36
13.03.2018;6913,25;64,64;60,71
14.03.2018;6953,75;64,89;60,96
15.03.2018;6884;65,12;61,19
16.03.2018;6858,25;66,21;62,34
19.03.2018;6819,5;66,05;62,06
20.03.2018;6733;67,42;63,4
21.03.2018;6772,5;69,47;65,17
22.03.2018;6671,5;68,91;64,3
23.03.2018;6637,75;70,45;65,88
26.03.2018;6576,5;70,12;65,55
27.03.2018;6623,5;70,11;65,25
28.03.2018;6641,5;69,53;64,38
29.03.2018;6690,25;70,27;64,94
30.03.2018;6690,25;70,27;64,94
02.04.2018;6690,25;67,64;63,01
03.04.2018;6772,25;68,12;63,51
04.04.2018;6699,75;68,02;63,37
05.04.2018;6789,25;68,33;63,54
06.04.2018;6738;67,11;62,06
09.04.2018;6797,75;68,65;63,42
10.04.2018;6914,75;71,04;65,51
11.04.2018;6918,25;72,06;66,82
12.04.2018;6789,25;72,02;67,07
13.04.2018;6797,25;72,58;67,39
16.04.2018;6876,25;71,42;66,22
17.04.2018;6850;71,58;66,52
18.04.2018;6998,25;73,48;68,47
19.04.2018;6960,5;73,78;68,29
20.04.2018;6968,5;74,06;68,38
23.04.2018;6916,5;74,71;68,64
24.04.2018;6986,5;73,86;67,7
25.04.2018;6984,75;74;68,05
26.04.2018;6940,5;74,74;68,19
27.04.2018;6769,25;74,64;68,1
30.04.2018;6779;75,17;68,57
01.05.2018;6716,25;73,13;67,25
02.05.2018;6792,5;73,36;67,93
03.05.2018;6796,25;73,62;68,43
04.05.2018;6794,5;74,87;69,72
07.05.2018;6794,5;76,17;70,73
08.05.2018;6712,25;74,85;69,06
09.05.2018;6778;77,21;71,14
10.05.2018;6885,5;77,47;71,36
11.05.2018;6909,25;77,12;70,7
14.05.2018;6856,25;78,23;70,96
15.05.2018;6786;78,43;71,31
16.05.2018;6808;79,28;71,49
17.05.2018;6864;79,3;71,49
18.05.2018;6837,25;78,51;71,28
21.05.2018;6858,25;79,22;72,24
22.05.2018;6963,5;79,57;72,13
23.05.2018;6853;79,8;71,84
24.05.2018;6866;78,79;70,71
25.05.2018;6872,25;76,44;67,88
28.05.2018;6872,25;75,3;67,88
29.05.2018;6852;75,39;66,73
30.05.2018;6836,5;77,5;68,21
31.05.2018;6847,5;77,59;67,04
01.06.2018;6888,75;76,79;65,81
04.06.2018;6978,75;75,29;64,75
05.06.2018;7100,75;75,38;65,52
06.06.2018;7216,25;75,36;64,73
07.06.2018;7334;77,32;65,95
08.06.2018;7326,5;76,46;65,74
11.06.2018;7259;76,46;66,1
12.06.2018;7213,5;75,88;66,36
13.06.2018;7255,25;76,74;66,64
14.06.2018;7174,5;75,94;66,89
15.06.2018;7019,5;73,44;65,06
18.06.2018;6971;75,34;65,85
19.06.2018;6838,5;75,08;65,07
20.06.2018;6774,75;74,74;66,22
21.06.2018;6797,5;73,05;65,54
22.06.2018;6798,5;75,55;68,58
25.06.2018;6760;74,73;68,08
26.06.2018;6727,5;76,31;70,53
27.06.2018;6706,5;77,62;72,76
28.06.2018;6640,5;77,85;73,45
29.06.2018;6638;79,44;74,15
02.07.2018;6536;77,3;73,94
03.07.2018;6498,25;77,76;74,14
04.07.2018;6396,75;78,24;74,14
05.07.2018;6349,5;77,39;72,94
06.07.2018;6284;77,11;73,8
09.07.2018;6388,5;78,07;73,85
10.07.2018;6326,5;78,86;74,11
11.07.2018;6135;73,4;70,38
12.07.2018;6211,75;74,45;70,33
13.07.2018;6217,5;75,33;71,01
16.07.2018;6165;71,84;68,06
17.07.2018;6134;72,16;68,08
18.07.2018;6140,5;72,9;68,76
19.07.2018;6053,5;72,58;69,46
20.07.2018;6137,5;73,07;70,46
23.07.2018;6114,75;73,06;67,89
24.07.2018;6280,75;73,44;68,52
25.07.2018;6275;73,93;69,3
26.07.2018;6276,5;74,54;69,61
27.07.2018;6285,25;74,29;68,69
30.07.2018;6234;74,97;70,13
31.07.2018;6287,75;74,25;68,76
01.08.2018;6155;72,39;67,66
02.08.2018;6118,5;73,45;68,96
03.08.2018;6185,25;73,21;68,49
06.08.2018;6110;73,75;69,01
07.08.2018;6149,25;74,65;69,17
08.08.2018;6148,5;72,28;66,94
09.08.2018;6200,25;72,07;66,81
10.08.2018;6161,25;72,81;67,63
13.08.2018;6123,25;72,61;67,2
14.08.2018;6028,5;72,46;67,04
15.08.2018;5785;70,76;65,01
16.08.2018;5924;71,43;65,46
17.08.2018;5911,5;71,83;65,91
20.08.2018;5981,5;72,21;66,43
21.08.2018;6035;72,63;67,35
22.08.2018;5997;74,78;67,86
23.08.2018;5979;74,73;67,83
24.08.2018;6102;75,82;68,72
27.08.2018;6102;76,21;68,87
28.08.2018;6143,5;75,95;68,53
29.08.2018;6081;77,14;69,51
30.08.2018;6066,5;77,77;70,25
31.08.2018;5974;77,42;69,8
03.09.2018;5957;78,15;69,8
04.09.2018;5806;78,17;69,87
05.09.2018;5862,75;77,27;68,72
06.09.2018;5911;76,5;67,77
07.09.2018;5919,5;76,83;67,75
10.09.2018;5896,5;77,37;67,54
11.09.2018;5847,25;79,06;69,25
12.09.2018;5984;79,74;70,37
13.09.2018;6014,5;78,18;68,59
14.09.2018;5951;78,09;68,99
17.09.2018;5920;78,05;68,91
18.09.2018;6077,5;79,03;69,85
19.09.2018;6110;79,4;71,12
20.09.2018;6078;78,7;70,8
21.09.2018;6373,5;78,8;70,78
24.09.2018;6355,5;81,2;72,08
25.09.2018;6319,75;81,87;72,28
26.09.2018;6278;81,34;71,57
27.09.2018;6185;81,72;72,12
28.09.2018;6260,5;82,72;73,25
01.10.2018;6255,5;84,98;75,3
02.10.2018;6291;84,8;75,23
03.10.2018;6266,5;86,29;76,41
04.10.2018;6291;84,58;74,33
05.10.2018;6171;84,16;74,34
08.10.2018;6178,25;83,91;74,29
09.10.2018;6303,5;85;74,96
10.10.2018;6254,5;83,09;73,17
11.10.2018;6259,25;80,26;70,97
12.10.2018;6318,5;80,43;71,34
15.10.2018;6303;80,78;71,78
16.10.2018;6212,25;81,41;71,92
17.10.2018;6222;80,05;69,75
18.10.2018;6160,5;79,29;68,65
19.10.2018;6229;79,78;69,12
22.10.2018;6247,75;79,83;69,17
23.10.2018;6198,5;76,44;66,43
24.10.2018;6186;76,17;66,82
25.10.2018;6238;76,89;67,33
26.10.2018;6179;77,62;67,59
29.10.2018;6172,5;77,34;67,04
30.10.2018;6051,5;75,91;66,18
31.10.2018;6006,5;75,47;65,31
01.11.2018;6102;72,89;63,69
02.11.2018;6299;72,83;63,14
05.11.2018;6202,5;73,17;63,1
06.11.2018;6177;72,13;62,21
07.11.2018;6166;72,07;61,67
08.11.2018;6170,5;70,65;60,67
09.11.2018;6075,5;70,18;60,19
12.11.2018;6071,25;70,12;59,93
13.11.2018;6091,5;65,47;55,69
14.11.2018;6110;66,12;56,25
15.11.2018;6199;66,62;56,46
16.11.2018;6224;66,76;56,46
19.11.2018;6292,5;66,79;56,76
20.11.2018;6198;62,53;53,43
21.11.2018;6256;63,48;54,63
22.11.2018;6275,25;62,6;54,63
23.11.2018;6227,25;58,8;50,42
26.11.2018;6212;60,48;51,63
27.11.2018;6146,25;60,21;51,56
28.11.2018;6229;58,76;50,29
29.11.2018;6241,5;59,51;51,45
30.11.2018;6227;58,71;50,93
03.12.2018;6320,5;61,69;52,95
04.12.2018;6220,5;62,08;53,25
05.12.2018;6184,5;61,56;52,89
06.12.2018;6086,5;60,06;51,49
07.12.2018;6157;61,67;52,61
10.12.2018;6095;59,97;51
11.12.2018;6175,5;60,2;51,65
12.12.2018;6148,25;60,15;51,15
13.12.2018;6159,5;61,45;52,58
14.12.2018;6128,75;60,28;51,2
17.12.2018;6095,5;59,61;49,88
18.12.2018;5958,75;56,26;46,24
19.12.2018;6007,5;57,24;47,2
20.12.2018;5992,5;54,35;45,88
21.12.2018;5982,5;53,82;45,59
24.12.2018;5946,25;50,47;42,53
25.12.2018;5946,25;50,47;42,53
26.12.2018;5946,25;54,47;46,22
27.12.2018;5980;52,16;44,61
28.12.2018;5995,5;52,2;45,33
31.12.2018;5960,5;53,8;45,41
01.01.2019;5960,5;53,8;45,41
02.01.2019;5830,5;54,91;46,54
03.01.2019;5723,25;55,95;47,09
04.01.2019;5905,75;57,06;47,96
07.01.2019;5912;57,33;48,52
08.01.2019;5892;58,72;49,78
09.01.2019;5940,75;61,44;52,36
10.01.2019;5908,25;61,68;52,59
11.01.2019;5920,75;60,48;51,59
14.01.2019;5867;58,99;50,51
15.01.2019;5907;60,64;52,11
16.01.2019;5959,25;61,32;52,31
17.01.2019;5981,75;61,18;52,07
18.01.2019;6046;62,7;53,8
21.01.2019;5969;62,74;53,8
22.01.2019;5921,5;61,5;52,57
23.01.2019;5935,75;61,14;52,62
24.01.2019;5905;61,09;53,13
25.01.2019;6045,5;61,64;53,69
28.01.2019;5988,5;59,93;51,99
29.01.2019;6040,5;61,32;53,31
30.01.2019;6127,25;61,65;54,23
31.01.2019;6159,25;61,89;53,79
01.02.2019;6125,75;62,75;55,26
04.02.2019;6157,5;62,51;54,56
05.02.2019;6223,5;61,98;53,66
06.02.2019;6269;62,69;54,01
07.02.2019;6234;61,63;52,64
08.02.2019;6196,25;62,1;52,72
11.02.2019;6139,25;61,51;52,41
12.02.2019;6094,75;62,42;53,1
13.02.2019;6123,5;63,61;53,9
14.02.2019;6137,25;64,57;54,41
15.02.2019;6193;66,25;55,59
18.02.2019;6333;66,5;55,59
19.02.2019;6331;66,45;56,09
20.02.2019;6423;67,08;56,92
21.02.2019;6396,5;67,07;56,96
22.02.2019;6504;67,12;57,26
25.02.2019;6502,5;64,76;55,48
26.02.2019;6511,5;65,21;55,5
27.02.2019;6531;66,39;56,94
28.02.2019;6530,5;66,03;57,22
01.03.2019;6502;65,07;55,8
04.03.2019;6432;65,67;56,59
05.03.2019;6506;65,86;56,56
06.03.2019;6481,5;65,99;56,22
07.03.2019;6442;66,3;56,66
08.03.2019;6412;65,74;56,07
11.03.2019;6427;66,58;56,79
12.03.2019;6493;66,67;56,87
13.03.2019;6497,5;67,55;58,26
14.03.2019;6417,5;67,23;58,61
15.03.2019;6446,5;67,16;58,52
18.03.2019;6458;67,54;59,09
19.03.2019;6458;67,61;59,03
20.03.2019;6463,5;68,5;59,83
21.03.2019;6423;67,86;59,98
22.03.2019;6310,5;67,03;59,04
25.03.2019;6336;67,21;58,82
26.03.2019;6335,5;67,97;59,94
27.03.2019;6337;67,83;59,41
28.03.2019;6365;67,82;59,3
29.03.2019;6488,5;68,39;60,14
01.04.2019;6468;69,01;61,59
02.04.2019;6419,5;69,37;62,58
03.04.2019;6489,5;69,31;62,46
04.04.2019;6443,75;69,4;62,1
05.04.2019;6392,25;70,34;63,08
08.04.2019;6465,75;71,1;64,4
09.04.2019;6481,25;70,61;63,98
10.04.2019;6452,5;71,73;64,61
11.04.2019;6391,5;70,83;63,58
12.04.2019;6464,5;71,55;63,89
15.04.2019;6452;71,18;63,4
16.04.2019;6483,5;71,72;64,05
17.04.2019;6545,75;71,62;63,76
18.04.2019;6467,75;71,97;64
19.04.2019;6467,75;71,97;64
22.04.2019;6467,75;74,04;65,7
23.04.2019;6399,25;74,51;66,3
24.04.2019;6446,75;74,57;65,89
25.04.2019;6359,5;74,35;65,21
26.04.2019;6396,75;72,15;63,3
29.04.2019;6391,5;72,04;63,5
30.04.2019;6412,75;72,8;63,91
01.05.2019;6223,25;72,18;63,6
02.05.2019;6156;70,75;61,81
03.05.2019;6227,25;70,85;61,94
06.05.2019;6227,25;71,24;62,25
07.05.2019;6166,75;69,88;61,4
08.05.2019;6131,75;70,37;62,12
09.05.2019;6090;70,39;61,7
10.05.2019;6109;70,62;61,66
13.05.2019;5986,5;70,23;61,04
14.05.2019;6014,5;71,24;61,78
15.05.2019;6074,25;71,77;62,02
16.05.2019;6089;72,62;62,87
17.05.2019;6046;72,21;62,76
20.05.2019;6017,25;71,97;63,1
21.05.2019;5983;72,18;62,99
22.05.2019;5915;70,99;61,42
23.05.2019;5913,5;67,76;57,91
24.05.2019;5944;68,69;58,63
27.05.2019;5944;70,11;58,63
28.05.2019;5952;70,11;59,14
29.05.2019;5870,5;69,45;58,81
30.05.2019;5836;66,87;56,59
31.05.2019;5820;64,49;53,5
03.06.2019;5828;61,28;53,25
04.06.2019;5865,25;61,97;53,48
05.06.2019;5794;60,63;51,68
06.06.2019;5797,75;61,67;52,59
07.06.2019;5784,25;63,29;53,99
10.06.2019;5864,25;62,29;53,26
11.06.2019;5860,5;62,29;53,27
12.06.2019;5828;59,97;51,14
13.06.2019;5832,5;61,31;52,28
14.06.2019;5798,5;62,01;52,51
17.06.2019;5818;60,94;51,93
18.06.2019;5943;62,14;53,9
19.06.2019;5914;61,82;53,76
20.06.2019;5971,5;64,45;56,65
21.06.2019;5967,5;65,2;57,43
24.06.2019;5953,75;64,86;57,9
25.06.2019;6039,5;65,05;57,83
26.06.2019;5985;66,49;59,38
27.06.2019;5985,5;66,55;59,43
28.06.2019;5992;66,55;58,47
01.07.2019;5947,75;65,06;59,09
02.07.2019;5878;62,4;56,25
03.07.2019;5917,25;63,82;57,34
04.07.2019;5915,5;63,3;57,34
05.07.2019;5896,25;64,23;57,51
08.07.2019;5879,25;64,11;57,66
09.07.2019;5814;64,16;57,83
10.07.2019;5933;67,01;60,43
11.07.2019;5949,75;66,52;60,2
12.07.2019;5929,5;66,72;60,21
15.07.2019;5976;66,48;59,58
16.07.2019;6003;64,35;57,62
17.07.2019;5973;63,66;56,78
18.07.2019;5977;61,93;55,3
19.07.2019;6060,25;62,47;55,63
22.07.2019;6009;63,26;56,22
23.07.2019;5960,5;63,83;56,77
24.07.2019;5992,75;63,18;55,88
25.07.2019;5999;63,39;56,02
26.07.2019;5954;63,46;56,2
29.07.2019;6011;63,71;56,87
30.07.2019;5939;64,72;58,05
31.07.2019;5916,25;65,17;58,58
01.08.2019;5887;60,5;53,95
02.08.2019;5715,25;61,89;55,66
05.08.2019;5669,75;59,81;54,69
06.08.2019;5667,25;58,94;53,63
07.08.2019;5690;56,23;51,09
08.08.2019;5783,25;57,38;52,54
09.08.2019;5739,5;58,53;54,5
12.08.2019;5722,25;58,57;54,93
13.08.2019;5809;61,3;57,1
14.08.2019;5743,25;59,48;55,23
15.08.2019;5728,75;58,23;54,47
16.08.2019;5720,25;58,64;54,87
19.08.2019;5745,5;59,74;56,21
20.08.2019;5699,75;60,03;56,34
21.08.2019;5724,25;60,3;55,68
22.08.2019;5675;59,92;55,35
23.08.2019;5626;59,34;54,17
26.08.2019;5626;58,7;53,64
27.08.2019;5674,75;59,51;54,93
28.08.2019;5686;60,49;55,78
29.08.2019;5722,75;61,08;56,71
30.08.2019;5668,25;60,43;55,1
02.09.2019;5605;58,66;55,1
03.09.2019;5595,5;58,26;53,94
04.09.2019;5735,25;60,7;56,26
05.09.2019;5833;60,95;56,3
06.09.2019;5817,25;61,54;56,52
09.09.2019;5797;62,59;57,85
10.09.2019;5802,5;62,38;57,4
11.09.2019;5744,75;60,81;55,75
12.09.2019;5805,25;60,38;55,09
13.09.2019;5950,25;60,22;54,85
16.09.2019;5844;69,02;62,9
17.09.2019;5806,5;64,55;59,34
18.09.2019;5799,5;63,6;58,11
19.09.2019;5776,5;64,4;58,13
20.09.2019;5786;64,28;58,09
23.09.2019;5764,75;64,77;58,64
24.09.2019;5767,75;63,1;57,29
25.09.2019;5771;62,39;56,49
26.09.2019;5705;62,74;56,41
27.09.2019;5748,75;61,91;55,91
30.09.2019;5706,25;60,78;54,07
01.10.2019;5665,25;58,89;53,62
02.10.2019;5653,75;57,69;52,64
03.10.2019;5636,25;57,71;52,45
04.10.2019;5615;58,37;52,81
07.10.2019;5691,5;58,35;52,75
08.10.2019;5646,75;58,24;52,63
09.10.2019;5656;58,32;52,59
10.10.2019;5750,25;59,1;53,55
11.10.2019;5764,5;60,51;54,7
14.10.2019;5786,25;59,35;53,59
15.10.2019;5758,25;58,74;52,81
16.10.2019;5716,75;59,42;53,36
17.10.2019;5726,5;59,91;53,93
18.10.2019;5794,75;59,42;53,78
21.10.2019;5815,25;58,96;53,31
22.10.2019;5803;59,7;54,16
23.10.2019;5870;61,17;55,97
24.10.2019;5870;61,67;56,23
25.10.2019;5913,5;62,02;56,66
28.10.2019;5894,25;61,57;55,81
29.10.2019;5914,25;61,59;55,54
30.10.2019;5891,75;60,61;55,06
31.10.2019;5778;60,23;54,18
01.11.2019;5834,25;61,69;56,2
04.11.2019;5861,25;62,13;56,54
05.11.2019;5923;62,96;57,23
06.11.2019;5897,5;61,74;56,35
07.11.2019;5972;62,29;57,15
08.11.2019;5917,25;62,51;57,24
11.11.2019;5865,25;62,18;56,86
12.11.2019;5849;62,06;56,8
13.11.2019;5814,5;62,37;57,12
14.11.2019;5789,25;62,28;56,77
15.11.2019;5826,25;63,3;57,72
18.11.2019;5815;62,44;57,05
19.11.2019;5865,25;60,91;55,21
20.11.2019;5870;62,4;57,11
21.11.2019;5823,25;63,97;58,58
22.11.2019;5850,5;63,39;57,77
25.11.2019;5863,25;63,65;58,01
26.11.2019;5917,75;64,27;58,41
27.11.2019;5937,5;64,06;58,11
28.11.2019;5881,25;63,87;58,11
29.11.2019;5853,25;62,43;55,17
02.12.2019;5871;60,92;55,96
03.12.2019;5798,25;60,82;56,1
04.12.2019;5866;63;58,43
05.12.2019;5866;63,39;58,43
06.12.2019;5968;64,39;59,2
09.12.2019;6052,25;64,25;59,02
10.12.2019;6075;64,34;59,24
11.12.2019;6131;63,72;58,76
12.12.2019;6131,75;64,2;59,18
13.12.2019;6106,75;65,22;60,07
16.12.2019;6193;65,34;60,21
17.12.2019;6184,5;66,1;60,94
18.12.2019;6159,75;66,17;60,93
19.12.2019;6204,5;66,54;61,22
20.12.2019;6164;66,14;60,44
23.12.2019;6177;66,39;60,52
24.12.2019;6202,25;67,2;61,11
25.12.2019;6202,25;67,2;61,11
26.12.2019;6202,25;67,92;61,68
27.12.2019;6200,5;68,16;61,72
30.12.2019;6206;68,44;61,68
31.12.2019;6158,5;66;61,06
01.01.2020;6158,5;66;61,06
02.01.2020;6170,25;66,25;61,18
03.01.2020;6109,75;68,6;63,05
06.01.2020;6120,5;68,91;63,27
07.01.2020;6132,5;68,27;62,7
08.01.2020;6157;65,44;59,61
09.01.2020;6154;65,37;59,56
10.01.2020;6173;64,98;59,04
13.01.2020;6265,25;64,2;58,08
14.01.2020;6288;64,49;58,23
15.01.2020;6272,5;64;57,81
16.01.2020;6267,5;64,62;58,52
17.01.2020;6263,25;64,85;58,54
20.01.2020;6248,25;65,2;58,54
21.01.2020;6146;64,59;58,34
22.01.2020;6091,75;63,21;56,74
23.01.2020;5971;62,04;55,59
24.01.2020;5914,25;60,69;54,19
27.01.2020;5730;59,32;53,14
28.01.2020;5689,5;59,51;53,48
29.01.2020;5626,25;59,81;53,33
30.01.2020;5576,75;58,29;52,14
31.01.2020;5556,75;58,16;51,56
03.02.2020;5508;54,45;50,11
04.02.2020;5600,5;53,96;49,61
05.02.2020;5708,5;55,28;50,75
06.02.2020;5724,25;54,93;50,95
07.02.2020;5649,75;54,47;50,32
10.02.2020;5655,5;53,27;49,57
11.02.2020;5733,25;54,01;49,94
12.02.2020;5750;55,79;51,17
13.02.2020;5772,75;56,34;51,42
14.02.2020;5751,25;57,32;52,05
17.02.2020;5796,75;57,67;52,05
18.02.2020;5761,25;57,75;52,05
19.02.2020;5760,25;59,12;53,29
20.02.2020;5719,5;59,31;53,78
21.02.2020;5757,75;58,5;53,38
24.02.2020;5677,75;56,3;51,43
25.02.2020;5674,75;54,95;49,9
26.02.2020;5659,25;53,43;48,73
27.02.2020;5609,75;52,18;47,09
28.02.2020;5629;50,52;44,76
02.03.2020;5692;51,9;46,75
03.03.2020;5656,25;51,86;47,18
04.03.2020;5672;51,13;46,78
05.03.2020;5660,75;49,99;45,9
06.03.2020;5594;45,27;41,28
09.03.2020;5526;34,36;31,13
10.03.2020;5559,25;37,22;34,36
11.03.2020;5522,75;35,79;32,98
12.03.2020;5425,25;33,22;31,5
13.03.2020;5448,25;33,85;31,73
16.03.2020;5276;30,05;28,7
17.03.2020;5132,5;28,73;26,95
18.03.2020;4731,5;24,88;20,37
19.03.2020;4814,25;28,47;25,22
20.03.2020;4802,25;26,98;22,43
23.03.2020;4621,75;27,03;23,36
24.03.2020;4808,5;27,15;24,01
25.03.2020;4848,15;27,39;24,49
26.03.2020;4794,75;26,34;22,6
27.03.2020;4784,5;24,93;21,51
30.03.2020;4762,5;22,76;20,09
31.03.2020;4943,25;22,74;20,48
01.04.2020;4791,25;24,74;20,31
02.04.2020;4884,5;29,94;25,32
03.04.2020;4827,75;34,11;28,34
06.04.2020;4872,5;33,05;26,08
07.04.2020;5022,25;31,87;23,63
08.04.2020;4979;32,84;25,09
09.04.2020;4993;31,48;22,76
10.04.2020;4993;31,48;22,76
13.04.2020;4993;31,74;22,41
14.04.2020;5150;29,6;20,11
15.04.2020;5098,25;27,69;19,87
16.04.2020;5129,25;27,82;19,87
17.04.2020;5200,5;28,08;18,27
20.04.2020;5167,75;25,57;-37,63
21.04.2020;5009,5;19,33;10,01
22.04.2020;5117;20,37;13,78
23.04.2020;5143,5;21,33;16,5
24.04.2020;5125,99;21,44;16,94
27.04.2020;5181,25;19,99;12,78
28.04.2020;5206;20,46;12,34
29.04.2020;5243,25;22,54;15,06
30.04.2020;5170,25;25,27;18,84
01.05.2020;5090,5;26,44;19,78
04.05.2020;5103,25;27,2;20,39
05.05.2020;5136,5;30,97;24,56
06.05.2020;5173,75;29,72;23,99
07.05.2020;5248,5;29,46;23,55
08.05.2020;5248,5;30,97;24,74
11.05.2020;5228,75;29,63;24,14
12.05.2020;5231;29,98;25,78
13.05.2020;5194,25;29,19;25,29
14.05.2020;5174;31,13;27,56
15.05.2020;5156,25;32,5;29,43
18.05.2020;5292;34,81;31,82
19.05.2020;5340;34,65;32,5
20.05.2020;5430,75;35,75;33,49
21.05.2020;5376,25;36,06;33,92
22.05.2020;5272,8;35,13;33,25
25.05.2020;5272,8;35,53;33,25
26.05.2020;5341;36,17;34,35
27.05.2020;5238,5;34,74;32,81
28.05.2020;5313,75;35,29;33,71
29.05.2020;5358,75;35,33;35,49
01.06.2020;5463,5;38,32;35,44
02.06.2020;5508,75;39,57;36,81
03.06.2020;5503,25;39,79;37,29
04.06.2020;5514,25;39,99;37,41
05.06.2020;5671,85;42,3;39,55
08.06.2020;5681;40,8;38,19
09.06.2020;5755,25;41,18;38,94
10.06.2020;5887,25;41,73;39,6
11.06.2020;5742,5;38,55;36,34
12.06.2020;5761,75;38,73;36,26
15.06.2020;5678,75;39,72;37,12
16.06.2020;5712,5;40,96;38,38
17.06.2020;5755,25;40,71;37,96
18.06.2020;5794,5;41,51;38,84
19.06.2020;5839,25;42,19;39,75
22.06.2020;5869,5;43,08;40,46
23.06.2020;5897;42,63;40,37
24.06.2020;5861;40,31;38,01
25.06.2020;5886,5;41,05;38,72
26.06.2020;5955,5;41,02;38,49
29.06.2020;5955;41,71;39,7
30.06.2020;6008,25;41,15;39,27
01.07.2020;6053,75;42,03;39,82
02.07.2020;6072;43,14;40,65
03.07.2020;6021,75;42,8;40,65
06.07.2020;6135,25;43,1;40,63
07.07.2020;6188,25;43,08;40,62
08.07.2020;6233;43,29;40,9
09.07.2020;6300,85;42,35;39,62
10.07.2020;6418,05;43,24;40,55
13.07.2020;6580;42,72;40,1
14.07.2020;6497,5;42,9;40,29
15.07.2020;6385;43,79;41,2
16.07.2020;6440,75;43,37;40,75
17.07.2020;6455;43,14;40,59
20.07.2020;6493,25;43,28;40,81
21.07.2020;6540,7;44,32;41,96
22.07.2020;6496;44,29;41,9
23.07.2020;6558;43,31;41,07
24.07.2020;6425;43,34;41,29
27.07.2020;6423,75;43,41;41,6
28.07.2020;6484;43,22;41,04
29.07.2020;6480;43,75;41,27
30.07.2020;6439,75;42,94;39,92
31.07.2020;6422,5;43,3;40,27
03.08.2020;6500,5;44,15;41,01
04.08.2020;6459;44,43;41,7
05.08.2020;6503,25;45,17;42,19
06.08.2020;6483,5;45,09;41,95
07.08.2020;6310,5;44,4;41,22
10.08.2020;6397,25;44,99;41,94
11.08.2020;6384,5;44,5;41,61
12.08.2020;6435;45,43;42,67
13.08.2020;6261,5;44,96;42,24
14.08.2020;6376,25;44,8;42,01
17.08.2020;6450,75;45,37;42,89
18.08.2020;6571;45,46;42,89
19.08.2020;6691,75;45,37;42,93
20.08.2020;6609,75;44,9;42,58
21.08.2020;6498,75;44,35;42,34
24.08.2020;6521,75;45,13;42,62
25.08.2020;6535,25;45,86;43,35
26.08.2020;6604,75;45,64;43,39
27.08.2020;6632,5;45,09;43,04
28.08.2020;6681,5;45,05;42,97
31.08.2020;6681,5;45,28;42,61
01.09.2020;6700,5;45,58;42,76
02.09.2020;6706,75;44,43;41,51
03.09.2020;6573,75;44,07;41,37
04.09.2020;6724,5;42,66;39,77
07.09.2020;6805,75;42,01;39,77
08.09.2020;6685,25;39,78;36,76
09.09.2020;6751,5;40,79;38,05
10.09.2020;6686;40,06;37,3
11.09.2020;6769,25;39,83;37,33
14.09.2020;6814,5;39,61;37,26
15.09.2020;6769,75;40,53;38,28
16.09.2020;6788,4;42,22;40,16
17.09.2020;6797,25;43,3;40,97
18.09.2020;6833,25;43,15;41,11
21.09.2020;6710,5;41,44;39,31
22.09.2020;6800,5;41,72;39,6
23.09.2020;6616,1;41,77;39,93
24.09.2020;6529,25;41,94;40,31
25.09.2020;6546,55;41,92;40,25
28.09.2020;6567,5;42,43;40,6
29.09.2020;6581;41,03;39,29
30.09.2020;6676;40,95;40,22
01.10.2020;6382,5;40,93;38,72
02.10.2020;6554,25;39,27;37,05
05.10.2020;6521,75;41,29;39,22
06.10.2020;6519,25;42,65;40,67
07.10.2020;6669,75;41,99;39,95
08.10.2020;6679,5;43,34;41,19
09.10.2020;6768,5;42,85;40,6
12.10.2020;6731,5;41,72;39,43
13.10.2020;6685,25;42,45;40,2
14.10.2020;6705,25;43,32;41,04
15.10.2020;6739,25;43,16;40,96
16.10.2020;6724,5;42,93;40,88
19.10.2020;6758,75;42,62;40,83
20.10.2020;6892;43,16;41,46
21.10.2020;6989,25;41,73;40,03
22.10.2020;6917,5;42,46;40,64
23.10.2020;6861,75;41,77;39,85
26.10.2020;6772,75;40,46;38,56
27.10.2020;6790;41,2;39,57
28.10.2020;6740,5;39,12;37,39
29.10.2020;6724;37,65;36,17
30.10.2020;6713,75;37,46;35,79
02.11.2020;6757;38,97;36,81
03.11.2020;6810,25;39,71;37,66
04.11.2020;6831;41,23;39,15
05.11.2020;6844,25;40,93;38,79
06.11.2020;6936,25;39,45;37,14
09.11.2020;6904,5;42,4;40,29
10.11.2020;6915,25;43,61;41,36
11.11.2020;6868,75;43,8;41,45
12.11.2020;6916,75;43,53;41,12
13.11.2020;6966,75;42,78;40,13
16.11.2020;7092,75;43,82;41,34
17.11.2020;7059,5;43,75;41,43
18.11.2020;7082;44,34;41,82
19.11.2020;7086,75;44,2;41,74
20.11.2020;7271,5;44,96;42,15
23.11.2020;7170,5;46,06;43,06
24.11.2020;7286,25;47,86;44,91
25.11.2020;7291;48,61;45,71
26.11.2020;7393,75;47,8;45,71
27.11.2020;7493,25;48,18;45,53
30.11.2020;7573,75;47,59;45,34
01.12.2020;7688;47,42;44,55
02.12.2020;7668;48,25;45,28
03.12.2020;7671,25;48,71;45,64
04.12.2020;7753,75;49,25;46,26
07.12.2020;7697,75;48,79;45,76
08.12.2020;7681,5;48,84;45,6
09.12.2020;7707,5;48,86;45,52
10.12.2020;7861,75;50,25;46,78
11.12.2020;7755,5;49,97;46,57
14.12.2020;7729;50,29;46,99
15.12.2020;7775;50,76;47,62
16.12.2020;7827,75;51,08;47,82
17.12.2020;7912,25;51,5;48,36
18.12.2020;7980,25;52,26;49,1
21.12.2020;7840,05;50,91;47,74
22.12.2020;7738,55;50,08;47,02
23.12.2020;7838,5;51,2;48,12
24.12.2020;7782,25;51,29;48,23
25.12.2020;7782,25;51,29;48,23
28.12.2020;7782,25;50,86;47,62
29.12.2020;7856,7;51,09;48
30.12.2020;7842;51,34;48,4
31.12.2020;7757,75;51,8;48,52
01.01.2021;7757,75;51,8;48,52
04.01.2021;7850,75;51,09;47,62
05.01.2021;7997;53,6;49,93
06.01.2021;8032,5;54,3;50,63
07.01.2021;8169;54,38;50,83
08.01.2021;8120;55,99;52,24
11.01.2021;7851,25;55,66;52,25
12.01.2021;7965,5;56,58;53,21
13.01.2021;7996,5;56,06;52,91
14.01.2021;8039,5;56,42;53,57
15.01.2021;7937,75;55,1;52,36
18.01.2021;7968;54,75;52,36
19.01.2021;7955,25;55,9;52,98
20.01.2021;8046,5;56,08;53,24
21.01.2021;8022,25;56,1;53,13
22.01.2021;8001,75;55,41;52,27
25.01.2021;7972;55,88;52,77
26.01.2021;8011,75;55,91;52,61
27.01.2021;7826,75;55,81;52,85
28.01.2021;7882,15;55,53;52,34
29.01.2021;7862,5;55,88;52,2
01.02.2021;7802,55;56,35;53,55
02.02.2021;7784,5;57,46;54,76
03.02.2021;7851,5;58,46;55,69
04.02.2021;7826,5;58,84;56,23
05.02.2021;7922;59,34;56,85
08.02.2021;8046,75;60,56;57,97
09.02.2021;8156,75;61,09;58,36
10.02.2021;8304;61,47;58,68
11.02.2021;8288,75;61,14;58,24
12.02.2021;8351,5;62,43;59,47
15.02.2021;8422,5;63,3;59,47
16.02.2021;8416;63,35;60,05
17.02.2021;8398,25;64,34;61,14
18.02.2021;8562,25;63,93;60,52
19.02.2021;8923,75;62,91;59,24
22.02.2021;9111;65,24;61,49
23.02.2021;9219,5;65,37;61,67
24.02.2021;9326;67,04;63,22
25.02.2021;9428,25;66,88;63,53
26.02.2021;9093,25;66,13;61,5
01.03.2021;9062;63,69;60,64
02.03.2021;9195,25;62,7;59,75
03.03.2021;9120,75;64,07;61,28
04.03.2021;8924,75;66,74;63,83
05.03.2021;8911,2;69,36;66,09
08.03.2021;9018;68,24;65,05
09.03.2021;8797,5;67,52;64,01
10.03.2021;8877,75;67,9;64,44
11.03.2021;9069;69,63;66,02
12.03.2021;9104;69,22;65,61
15.03.2021;9164,25;68,88;65,39
16.03.2021;8968,5;68,39;64,8
17.03.2021;9079,5;68;64,6
18.03.2021;9072,5;63,28;60
19.03.2021;9076,25;64,53;61,42
22.03.2021;9123,75;64,62;61,55
23.03.2021;8991;60,79;57,76
24.03.2021;8985,25;64,41;61,18
25.03.2021;8791;61,95;58,56
26.03.2021;8973,5;64,57;60,97
29.03.2021;8874,5;64,98;61,56
30.03.2021;8780;64,14;60,55
31.03.2021;8793;63,54;59,16
01.04.2021;8799,5;64,86;61,45
02.04.2021;8799,5;64,86;61,45
05.04.2021;8799,5;62,15;58,65
06.04.2021;9059,5;62,74;59,33
07.04.2021;8924,5;63,16;59,77
08.04.2021;9018,25;63,2;59,6
09.04.2021;8934,75;62,95;59,32
12.04.2021;8865,25;63,28;59,7
13.04.2021;8903,25;63,67;60,18
14.04.2021;9082;66,58;63,15
15.04.2021;9295,25;66,94;63,46
16.04.2021;9225,5;66,77;63,13
19.04.2021;9384,25;67,05;63,38
20.04.2021;9326,25;66,57;62,44
21.04.2021;9453;65,32;61,35
22.04.2021;9411,25;65,4;61,43
23.04.2021;9563,5;66,11;62,14
26.04.2021;9761;65,65;61,91
27.04.2021;9860,5;66,42;62,94
28.04.2021;9883,25;67,27;63,86
29.04.2021;9893,5;68,56;65,01
30.04.2021;9833;67,25;63,58
03.05.2021;9833;67,56;64,49
04.05.2021;9973;68,88;65,69
05.05.2021;9955;68,96;65,63
06.05.2021;10099,75;68,09;64,71
07.05.2021;10423,5;68,28;64,9
10.05.2021;10382,75;68,32;64,92
11.05.2021;10452,5;68,55;65,28
12.05.2021;10436,25;69,32;66,08
13.05.2021;10328,75;67,05;63,82
14.05.2021;10215;68,71;65,37
17.05.2021;10344,75;69,46;66,27
18.05.2021;10391,25;68,71;65,49
19.05.2021;9992,5;66,66;63,36
20.05.2021;10041,5;65,11;62,05
21.05.2021;9877;66,44;63,58
24.05.2021;9939,75;68,46;66,05
25.05.2021;9910,75;68,65;66,07
26.05.2021;9971,25;68,87;66,21
27.05.2021;10212,15;69,46;66,85
28.05.2021;10250,75;69,63;66,32
31.05.2021;10250,75;69,32;66,32
01.06.2021;10236,5;70,25;67,72
02.06.2021;10134,15;71,35;68,83
03.06.2021;9772,25;71,31;68,81
04.06.2021;9941,25;71,89;69,62
07.06.2021;9883,75;71,49;69,23
08.06.2021;9941;72,22;70,05
09.06.2021;9956,25;72,22;69,96
10.06.2021;9864,25;72,52;70,29
11.06.2021;9975,75;72,69;70,91
14.06.2021;9938,25;72,86;70,88
15.06.2021;9551,75;73,99;72,12
16.06.2021;9652,25;74,39;72,15
17.06.2021;9302,25;73,08;71,04
18.06.2021;9133,25;73,51;71,64
21.06.2021;9168;74,9;73,66
22.06.2021;9288,5;74,81;73,06
23.06.2021;9466,75;75,19;73,08
24.06.2021;9403,75;75,56;73,3
25.06.2021;9399,4;76,18;74,05
28.06.2021;9372,25;74,68;72,91
29.06.2021;9323;74,76;72,98
30.06.2021;9363,5;75,13;73,47
01.07.2021;9303,75;75,84;75,23
02.07.2021;9358,02;76,17;75,16
05.07.2021;9490,1;77,16;75,16
06.07.2021;9290,04;74,53;73,37
07.07.2021;9430,81;73,43;72,2
08.07.2021;9294,5;74,12;72,94
09.07.2021;9488,75;75,55;74,56
12.07.2021;9379,5;75,16;74,1
13.07.2021;9379,25;76,49;75,25
14.07.2021;9306,55;74,76;73,13
15.07.2021;9452,75;73,47;71,65
16.07.2021;9391,5;73,59;71,81
19.07.2021;9188,5;68,62;66,42
20.07.2021;9318,5;69,35;67,42
21.07.2021;9331,5;72,23;70,3
22.07.2021;9428,28;73,79;71,91
23.07.2021;9503,5;74,1;72,07
26.07.2021;9799,25;74,5;71,91
27.07.2021;9746,5;74,48;71,65
28.07.2021;9671;74,74;72,39
29.07.2021;9806,5;76,05;73,62
30.07.2021;9708,75;76,33;73,95
02.08.2021;9680,2;72,89;71,26
03.08.2021;9520;72,41;70,56
04.08.2021;9443,75;70,38;68,15
05.08.2021;9469,76;71,29;69,09
06.08.2021;9444;70,7;68,28
09.08.2021;9342,25;69,04;66,48
10.08.2021;9495,75;70,63;68,29
11.08.2021;9484,25;71,44;69,25
12.08.2021;9437;71,31;69,09
13.08.2021;9542,75;70,59;68,44
16.08.2021;9419,5;69,51;67,29
17.08.2021;9233,5;69,03;66,59
18.08.2021;9032;68,23;65,46
19.08.2021;8892;66,45;63,69
20.08.2021;9041;65,18;62,32
23.08.2021;9290,95;68,75;65,64
24.08.2021;9374,5;71,05;67,54
25.08.2021;9356,5;72,25;68,36
26.08.2021;9305;71,07;67,42
27.08.2021;9413,75;72,7;68,74
30.08.2021;9413,75;73,41;69,21
31.08.2021;9525,25;72,99;68,5
01.09.2021;9333,25;71,59;68,59
02.09.2021;9366,75;73,03;69,99
03.09.2021;9422,75;72,61;69,29
06.09.2021;9443,75;72,22;69,29
07.09.2021;9333,65;71,69;68,35
08.09.2021;9228,5;72,6;69,3
09.09.2021;9369,5;71,45;68,14
10.09.2021;9684,5;72,92;69,72
13.09.2021;9550,5;73,51;70,45
14.09.2021;9434;73,6;70,46
15.09.2021;9617,75;75,46;72,61
16.09.2021;9357;75,67;72,61
17.09.2021;9307,25;75,34;71,97
20.09.2021;9034,15;73,92;70,29
21.09.2021;8976,5;74,36;70,56
22.09.2021;9295,75;76,19;72,23
23.09.2021;9282,45;77,25;73,3
24.09.2021;9341,75;78,09;73,98
27.09.2021;9369,5;79,53;75,45
28.09.2021;9273,1;79,09;75,29
29.09.2021;9165;78,64;74,83
30.09.2021;8940,5;78,52;75,03
01.10.2021;9131,5;79,28;75,88
04.10.2021;9254;81,26;77,62
05.10.2021;9175;82,56;78,93
06.10.2021;9048,35;81,08;77,43
07.10.2021;9282,25;81,95;78,3
08.10.2021;9367,75;82,39;79,35
11.10.2021;9564,75;83,65;80,52
12.10.2021;9490;83,42;80,64
13.10.2021;9701,5;83,18;80,44
14.10.2021;10076;84;81,31
15.10.2021;10493;84,86;82,28
18.10.2021;11299,5;84,33;82,44
19.10.2021;10207,5;85,08;82,96
20.10.2021;10271,25;85,82;83,87
21.10.2021;9948,5;84,61;82,5
22.10.2021;9792;85,53;83,76
25.10.2021;9960,75;85,99;83,76
26.10.2021;9885,5;86,4;84,65
27.10.2021;9625;84,58;82,66
28.10.2021;9815,5;84,32;82,81
29.10.2021;9728,5;84,38;83,57
01.11.2021;9958;84,71;84,05
02.11.2021;9745,5;84,72;83,91
03.11.2021;9646,5;81,99;80,86
04.11.2021;9699;80,54;78,81
05.11.2021;9752;82,74;81,27
08.11.2021;9897,5;83,43;81,93
09.11.2021;9764,5;84,78;84,15
10.11.2021;9705,5;82,64;81,34
11.11.2021;9808,5;82,87;81,59
12.11.2021;9841;82,17;80,79
15.11.2021;9705,5;82,05;80,88
16.11.2021;9576,5;82,43;80,76
17.11.2021;9427,4;80,28;78,36
18.11.2021;9503,5;81,24;79,01
19.11.2021;9744;78,89;76,1
22.11.2021;9831,5;79,7;76,75
23.11.2021;9809;82,31;78,5
24.11.2021;9904;82,25;78,39
25.11.2021;9898;82,22;78,39
26.11.2021;9578;72,72;68,15
29.11.2021;9670,5;73,44;69,95
30.11.2021;9522,5;70,57;66,18
01.12.2021;9498,25;68,87;65,57
02.12.2021;9593;69,67;66,5
03.12.2021;9489;69,88;66,26
06.12.2021;9562;73,08;69,49
07.12.2021;9616,5;75,44;72,05
08.12.2021;9658,5;75,82;72,36
09.12.2021;9542,5;74,42;70,94
10.12.2021;9507,5;75,15;71,67
13.12.2021;9435;74,39;71,29
14.12.2021;9421,5;73,7;70,73
15.12.2021;9227,5;73,88;70,87
16.12.2021;9537,5;75,02;72,38
17.12.2021;9479,5;73,52;70,86
20.12.2021;9474;71,52;68,23
21.12.2021;9573;73,98;71,12
22.12.2021;9652;75,29;72,76
23.12.2021;9646;76,85;73,79
24.12.2021;9606,5;76,14;73,79
27.12.2021;9606,5;78,6;75,57
28.12.2021;9606,5;78,94;75,98
29.12.2021;9736,5;79,23;76,56
30.12.2021;9732;79,32;76,99
31.12.2021;9747,5;77,78;75,21
03.01.2022;9747,5;78,98;76,08
04.01.2022;9795;80;76,99
05.01.2022;9713,75;80,8;77,85
06.01.2022;9544;81,99;79,46
07.01.2022;9675;81,75;78,9
10.01.2022;9571;80,87;78,23
11.01.2022;9735,5;83,72;81,22
12.01.2022;10084,5;84,67;82,64
13.01.2022;9972,5;84,47;82,12
14.01.2022;9730,75;86,06;83,82
17.01.2022;9749;86,48;83,82
18.01.2022;9691,5;87,51;85,43
19.01.2022;9861,25;88,44;86,96
20.01.2022;10014;88,38;86,9
21.01.2022;9977;87,89;85,14
24.01.2022;9763;86,27;83,31
25.01.2022;9832,75;88,2;85,6
26.01.2022;9955,5;89,96;87,35
27.01.2022;9830,75;89,34;86,61
28.01.2022;9555,5;90,03;86,82
31.01.2022;9554;91,21;88,15
01.02.2022;9730,5;89,16;88,2
02.02.2022;9877,75;89,47;88,26
03.02.2022;9867,5;91,11;90,27
04.02.2022;9871,5;93,27;92,31
07.02.2022;9809,25;92,69;91,32
08.02.2022;9811,25;90,78;89,36
09.02.2022;10100,5;91,55;89,66
10.02.2022;10305;91,41;89,88
11.02.2022;9894,5;94,44;93,1
14.02.2022;9984,5;96,48;95,46
15.02.2022;10003,5;93,28;92,07
16.02.2022;10029,75;94,81;93,66
17.02.2022;9967;92,97;91,76
18.02.2022;9996,5;93,54;91,07
21.02.2022;9946;95,39;91,07
22.02.2022;9961,25;96,84;92,35
23.02.2022;9910,5;96,84;92,1
24.02.2022;9911,5;99,08;92,81
25.02.2022;9917;97,93;91,59
28.02.2022;9919;100,99;95,72
01.03.2022;10095,5;104,97;103,41
02.03.2022;10198,25;112,93;110,6
03.03.2022;10385,5;110,46;107,67
04.03.2022;10701;118,11;115,68
07.03.2022;10265,5;123,21;119,4
08.03.2022;10178,75;127,98;123,7
09.03.2022;9979;111,14;108,7
10.03.2022;10096;109,33;106,02
11.03.2022;10152,5;112,67;109,33
14.03.2022;9894,5;106,9;103,01
15.03.2022;9895;99,91;96,44
16.03.2022;10069;98,02;95,04
17.03.2022;10251,5;106,64;102,98
18.03.2022;10342;107,93;104,7
21.03.2022;10301,55;115,62;112,12
22.03.2022;10266,5;115,48;111,76
23.03.2022;10446;121,6;114,93
24.03.2022;10332,5;119,03;112,34
25.03.2022;10255;120,65;113,9
28.03.2022;10342;112,48;105,96
29.03.2022;10319,5;110,23;104,24
30.03.2022;10367,5;113,45;107,82
31.03.2022;10372,5;107,91;100,28
01.04.2022;10347;104,39;99,27
04.04.2022;10455,25;107,53;103,28
05.04.2022;10437;106,64;101,96
06.04.2022;10286,75;101,07;96,23
07.04.2022;10294,5;100,58;96,03
08.04.2022;10304,75;102,78;98,26
11.04.2022;10181,25;98,48;94,29
12.04.2022;10330;104,64;100,6
13.04.2022;10284;108,78;104,25
14.04.2022;10297,5;111,7;106,95
15.04.2022;10297,5;111,7;106,95
18.04.2022;10297,5;113,16;108,21
19.04.2022;10288,5;107,25;102,56
20.04.2022;10205,5;106,8;102,75
21.04.2022;10275,75;108,33;103,79
22.04.2022;10103,25;106,65;102,07
25.04.2022;9773,8;102,32;98,54
26.04.2022;9860,5;104,99;101,7
27.04.2022;9865,5;105,32;102,02
28.04.2022;9700;107,59;105,36
29.04.2022;9772,5;109,34;104,69
02.05.2022;9772,5;107,58;105,17
03.05.2022;9407,75;104,97;102,41
04.05.2022;9468;110,14;107,81
05.05.2022;9508,5;110,9;108,26
06.05.2022;9414;112,39;109,77
09.05.2022;9244,25;105,94;103,09
10.05.2022;9239;102,46;99,76
11.05.2022;9361;107,51;105,71
12.05.2022;9105;107,45;106,13
13.05.2022;9185;111,55;110,49
16.05.2022;9255,5;114,24;114,2
17.05.2022;9379,5;111,93;112,4
18.05.2022;9246,1;109,11;109,59
19.05.2022;9435,5;112,04;112,21
20.05.2022;9441;112,55;113,23
23.05.2022;9568,5;113,42;110,29
24.05.2022;9459;113,56;109,77
25.05.2022;9375;114,03;110,33
26.05.2022;9350,5;117,4;114,09
27.05.2022;9459,5;119,43;115,07
30.05.2022;9543;121,67;115,07
31.05.2022;9451,5;122,84;114,67
01.06.2022;9504,5;116,29;115,26
02.06.2022;9504,5;117,61;116,87
03.06.2022;9504,5;119,72;118,87
06.06.2022;9748,5;119,51;118,5
07.06.2022;9704,25;120,57;119,41
08.06.2022;9741,3;123,58;122,11
09.06.2022;9622,1;123,07;121,51
10.06.2022;9448;122,01;120,67
13.06.2022;9285,5;122,27;120,93
14.06.2022;9226,75;121,17;118,93
15.06.2022;9232;118,51;115,31
16.06.2022;9081,25;119,81;117,59
17.06.2022;8969;113,12;109,56
20.06.2022;8992,25;114,13;109,56
21.06.2022;9004,49;114,65;110,65
22.06.2022;8785,5;111,74;106,19
23.06.2022;8415;110,05;104,27
24.06.2022;8392;113,12;107,62
27.06.2022;8430,25;115,09;109,57
28.06.2022;8374;117,98;111,76
29.06.2022;8411;116,26;109,78
30.06.2022;8264;114,81;105,76
01.07.2022;8050,25;111,63;108,43
04.07.2022;8007,5;113,5;108,43
05.07.2022;7666,75;102,77;99,5
06.07.2022;7517,25;100,69;98,53
07.07.2022;7826;104,65;102,73
08.07.2022;7799,5;107,02;104,79
11.07.2022;7578,75;107,1;104,09
12.07.2022;7341;99,49;95,84
13.07.2022;7315,5;99,57;96,3
14.07.2022;7162;99,1;95,78
15.07.2022;7179,25;101,16;97,59
18.07.2022;7411;106,27;102,6
19.07.2022;7271,5;107,35;104,22
20.07.2022;7377;106,92;102,26
21.07.2022;7320;103,86;96,35
22.07.2022;7449;103,2;94,7
25.07.2022;7479,25;105,15;96,7
26.07.2022;7536,25;104,4;94,98
27.07.2022;7639,25;106,62;97,26
28.07.2022;7770,75;107,14;96,42
29.07.2022;7931,25;110,01;98,62
01.08.2022;7826,75;100,03;93,89
02.08.2022;7814,75;100,54;94,42
03.08.2022;7680,75;96,78;90,66
04.08.2022;7726,25;94,12;88,54
05.08.2022;7870;94,92;89,01
08.08.2022;7989,75;96,65;90,76
09.08.2022;7984,5;96,31;90,5
10.08.2022;8084,98;97,4;91,93
11.08.2022;8167;99,6;94,34
12.08.2022;8086;98,15;92,09
15.08.2022;7972;95,1;89,41
16.08.2022;7983;92,34;86,53
17.08.2022;7933,25;93,65;88,11
18.08.2022;8048,25;96,59;90,5
19.08.2022;8099,75;96,72;90,77
22.08.2022;8071;96,48;90,23
23.08.2022;8166,25;100,22;93,74
24.08.2022;8061,5;101,22;94,89
25.08.2022;8166;99,34;92,52
26.08.2022;8193,25;100,99;93,06
29.08.2022;8193,25;105,09;97,01
30.08.2022;7893;99,31;91,64
31.08.2022;7847,5;96,49;89,55
01.09.2022;7652;92,36;86,61
02.09.2022;7694;93,02;86,87
05.09.2022;7731;95,74;86,87
06.09.2022;7751;92,83;86,88
07.09.2022;7700;88;81,94
08.09.2022;7921,5;89,15;83,54
09.09.2022;7930,5;92,84;86,79
12.09.2022;8084,5;94;87,78
13.09.2022;8000,5;93,17;87,31
14.09.2022;7899,5;94,1;88,48
15.09.2022;7851,5;90,84;85,1
16.09.2022;7870;91,35;85,11
19.09.2022;7826,5;92;85,73
20.09.2022;7824;90,62;84,45
21.09.2022;7757;89,83;82,94
22.09.2022;7749;90,46;83,49
23.09.2022;7532;86,15;78,74
26.09.2022;7441,5;84,06;76,71
27.09.2022;7433;86,27;78,5
28.09.2022;7529,5;89,32;82,15
29.09.2022;7654;88,49;81,23
30.09.2022;7688;87,96;79,49
03.10.2022;7615,5;88,86;83,63
04.10.2022;7814,5;91,8;86,52
05.10.2022;7740,5;93,37;87,76
06.10.2022;7659,5;94,42;88,45
07.10.2022;7517,5;97,92;92,64
10.10.2022;7645,75;96,19;91,13
11.10.2022;7666,5;94,29;89,35
12.10.2022;7638;92,45;87,27
13.10.2022;7666,5;94,57;89,11
14.10.2022;7652;91,63;85,61
17.10.2022;7642,5;91,62;85,46
18.10.2022;7490;90,03;82,82
19.10.2022;7461,75;92,41;85,55
20.10.2022;7650,5;92,38;85,98
21.10.2022;7719,25;93,5;85,05
24.10.2022;7669;93,26;84,58
25.10.2022;7621;93,52;85,32
26.10.2022;7884;95,69;87,91
27.10.2022;7843,25;96,96;89,08
28.10.2022;7629;95,77;87,9
31.10.2022;7531;94,83;86,53
01.11.2022;7726,5;94,65;88,37
02.11.2022;7672,75;96,16;90
03.11.2022;7607;94,67;88,17
04.11.2022;8144;98,57;92,61
07.11.2022;7932,75;97,92;91,79
08.11.2022;8135;95,36;88,91
09.11.2022;8116,25;92,65;85,83
10.11.2022;8284;93,67;86,47
11.11.2022;8502,9;95,99;88,96
14.11.2022;8356;93,14;85,87
15.11.2022;8370,25;93,86;86,92
16.11.2022;8284,25;92,86;85,59
17.11.2022;8095;89,78;81,64
18.11.2022;8065,5;87,62;80,08
21.11.2022;7864;87,45;79,73
22.11.2022;7996,25;88,36;80,95
23.11.2022;7986;85,41;77,94
24.11.2022;8023;85,34;77,94
25.11.2022;7992;83,63;76,28
28.11.2022;7948,75;83,19;77,24
29.11.2022;8045,5;83,03;78,2
30.11.2022;8239,75;85,43;80,55
01.12.2022;8322,5;86,88;81,22
02.12.2022;8442;85,57;79,98
05.12.2022;8364,5;82,68;76,93
06.12.2022;8395;79,35;74,25
07.12.2022;8439;77,17;72,01
08.12.2022;8532,75;76,15;71,46
09.12.2022;8518;76,1;71,02
12.12.2022;8339,25;77,99;73,17
13.12.2022;8459,25;80,68;75,39
14.12.2022;8486;82,7;77,28
15.12.2022;8255,5;81,21;76,11
16.12.2022;8235,25;79,04;74,29
19.12.2022;8303,25;79,8;75,19
20.12.2022;8349,75;79,99;76,09
21.12.2022;8390,5;82,2;78,29
22.12.2022;8305;80,98;77,49
23.12.2022;8344;83,92;79,56
26.12.2022;8344;83,92;79,56
27.12.2022;8344;84,33;79,53
28.12.2022;8445;83,26;78,96
29.12.2022;8419,5;82,26;78,4
30.12.2022;8373,01;85,91;80,26
02.01.2023;8373,01;85,91;80,26
03.01.2023;8318;82,1;76,93
04.01.2023;8247;77,84;72,84
05.01.2023;8371,25;78,69;73,67
06.01.2023;8578,65;78,57;73,77
09.01.2023;8843;79,65;74,63
10.01.2023;8898,5;80,1;75,12
11.01.2023;9115;82,67;77,41
12.01.2023;9170,5;84,03;78,39
13.01.2023;9170;85,28;79,86
16.01.2023;9088,19;84,46;79,86
17.01.2023;9286;85,92;80,18
18.01.2023;9329;84,98;79,48
19.01.2023;9307,5;86,16;80,33
20.01.2023;9319,76;87,63;81,31
23.01.2023;9347,77;88,19;81,62
24.01.2023;9306;86,13;80,13
25.01.2023;9304,5;86,12;80,15
26.01.2023;9320,5;87,47;81,01
27.01.2023;9255,74;86,66;79,68
30.01.2023;9200,35;84,9;77,9
31.01.2023;9210,8;84,49;78,87
01.02.2023;9072,75;82,84;76,41
02.02.2023;9039,25;82,17;75,88
03.02.2023;8962,25;79,94;73,39
06.02.2023;8848,25;80,99;74,11
07.02.2023;8902,5;83,69;77,14
08.02.2023;8871,76;85,09;78,47
09.02.2023;8955,5;84,5;78,06
10.02.2023;8830,26;86,39;79,72
13.02.2023;8916,5;86,61;80,14
14.02.2023;8935,5;85,58;79,06
15.02.2023;8845,5;85,38;78,59
16.02.2023;9010,5;85,14;78,49
17.02.2023;8974,25;83;76,34
20.02.2023;9133,75;84,07;76,34
21.02.2023;9198,5;83,05;76,16
22.02.2023;9116;80,6;73,95
23.02.2023;8898,99;82,21;75,39
24.02.2023;8705,5;83,16;76,32
27.02.2023;8795,5;82,45;75,68
28.02.2023;8959;83,89;77,05
01.03.2023;9096,5;84,31;77,69
02.03.2023;8942,6;84,75;78,16
03.03.2023;8965,5;85,83;79,68
06.03.2023;8902,75;86,18;80,46
07.03.2023;8743,5;83,29;77,58
08.03.2023;8892;82,66;76,66
09.03.2023;8834,05;81,59;75,72
10.03.2023;8848;82,78;76,68
13.03.2023;8918,25;80,77;74,8
14.03.2023;8827;77,45;71,33
15.03.2023;8498,75;73,69;67,61
16.03.2023;8516,75;74,7;68,35
17.03.2023;8580,25;72,97;66,74
20.03.2023;8701,25;73,79;67,64
21.03.2023;8762,25;75,32;69,33
22.03.2023;8899,5;76,69;70,9
23.03.2023;9038;75,91;69,96
24.03.2023;8921,75;74,99;69,26
27.03.2023;8963,25;78,12;72,81
28.03.2023;8976,25;78,65;73,2
29.03.2023;9005,75;78,28;72,97
30.03.2023;9000,25;79,27;74,37
31.03.2023;8994,5;79,77;75,67
03.04.2023;8915;84,93;80,42
04.04.2023;8743,75;84,94;80,71
05.04.2023;8781,75;84,99;80,61
06.04.2023;8803,75;85,12;80,7
07.04.2023;8803,75;85,12;80,7
10.04.2023;8803,75;84,18;79,74
11.04.2023;8854,5;85,61;81,53
12.04.2023;8920,05;87,33;83,26
13.04.2023;9066,75;86,09;82,16
14.04.2023;9031,25;86,31;82,52
17.04.2023;8962,95;84,76;80,83
18.04.2023;9014,4;84,77;80,86
19.04.2023;8963,75;83,12;79,16
20.04.2023;8880,25;81,1;77,29
21.04.2023;8794,5;81,66;77,87
24.04.2023;8727;82,73;78,76
25.04.2023;8524;80,77;77,07
26.04.2023;8551,75;77,69;74,3
27.04.2023;8583,5;78,37;74,76
28.04.2023;8590;79,54;76,78
01.05.2023;8590;79,31;75,66
02.05.2023;8504,2;75,32;71,66
03.05.2023;8456,25;72,33;68,6
04.05.2023;8481,4;72,5;68,56
05.05.2023;8566,75;75,3;71,34
08.05.2023;8566,75;77,01;73,16
09.05.2023;8571,25;77,44;73,71
10.05.2023;8445,25;76,41;72,56
11.05.2023;8137,45;74,98;70,87
12.05.2023;8224,25;74,17;70,04
15.05.2023;8218,25;75,23;71,11
16.05.2023;8107,49;74,91;70,86
17.05.2023;8292;76,96;72,83
18.05.2023;8156,5;75,86;71,86
19.05.2023;8234;75,58;71,55
22.05.2023;8095,53;75,99;71,99
23.05.2023;8068,75;76,84;72,91
24.05.2023;7875,75;78,36;74,34
25.05.2023;7943,75;76,26;71,83
26.05.2023;8124,5;76,95;72,67
29.05.2023;8124,5;77,07;72,67
30.05.2023;8111,95;73,54;69,46
31.05.2023;8080;72,66;68,09
01.06.2023;8245;74,28;70,1
02.06.2023;8233,5;76,13;71,74
05.06.2023;8335,01;76,71;72,15
06.06.2023;8337;76,29;71,74
07.06.2023;8293,1;76,95;72,53
08.06.2023;8341;75,96;71,29
09.06.2023;8357,75;74,79;70,17
12.06.2023;8292;71,84;67,12
13.06.2023;8458,5;74,29;69,42
14.06.2023;8515,25;73,2;68,27
15.06.2023;8557;75,67;70,62
16.06.2023;8555,75;76,61;71,78
19.06.2023;8546;76,09;71,78
20.06.2023;8551,25;75,9;70,5
21.06.2023;8615,25;77,12;72,53
22.06.2023;8585,25;74,14;69,51
23.06.2023;8401,24;73,85;69,16
26.06.2023;8407;74,18;69,37
27.06.2023;8372;72,26;67,7
28.06.2023;8260,5;74,03;69,56
29.06.2023;8182;74,34;69,86
30.06.2023;8323,75;74,9;70,64
03.07.2023;8406;74,65;69,79
04.07.2023;8358,5;76,25;69,79
05.07.2023;8317,75;76,65;71,79
06.07.2023;8258;76,52;71,8
07.07.2023;8369,25;78,47;73,86
10.07.2023;8364,5;77,69;72,99
11.07.2023;8312,5;79,4;74,83
12.07.2023;8494,75;80,11;75,75
13.07.2023;8690;81,36;76,89
14.07.2023;8663,25;79,87;75,42
17.07.2023;8468;78,5;74,15
18.07.2023;8466;79,63;75,75
19.07.2023;8424,29;79,46;75,35
20.07.2023;8481,25;79,64;75,63
21.07.2023;8444;81,07;77,07
24.07.2023;8509;82,74;78,74
25.07.2023;8664,5;83,64;79,63
26.07.2023;8603,25;82,92;78,78
27.07.2023;8552;84,24;80,09
28.07.2023;8648,24;84,99;80,58
31.07.2023;8819,5;85,56;81,8
01.08.2023;8612,75;84,91;81,37
02.08.2023;8488,24;83,2;79,49
03.08.2023;8586;85,14;81,55
04.08.2023;8537;86,24;82,82
07.08.2023;8449,09;85,34;81,94
08.08.2023;8313,75;86,17;82,92
09.08.2023;8371,51;87,55;84,4
10.08.2023;8352,24;86,4;82,82
11.08.2023;8257,25;86,81;83,19
14.08.2023;8242,75;86,21;82,51
15.08.2023;8183,5;84,89;80,99
16.08.2023;8153,25;83,45;79,38
17.08.2023;8229,85;84,12;80,39
18.08.2023;8243,75;84,8;81,25
21.08.2023;8270,5;84,46;80,72
22.08.2023;8363,7;84,03;80,35
23.08.2023;8457,25;83,21;78,89
24.08.2023;8359,5;83,36;79,05
25.08.2023;8349,25;84,48;79,83
28.08.2023;8349,25;84,42;80,1
29.08.2023;8438,5;85,49;81,16
30.08.2023;8468,55;85,86;81,63
31.08.2023;8420;86,86;83,63
01.09.2023;8497,25;88,55;85,55
04.09.2023;8453,25;89;85,55
05.09.2023;8497,5;90,04;86,69
06.09.2023;8374,25;90,6;87,54
07.09.2023;8321,25;89,92;86,87
08.09.2023;8241,5;90,65;87,51
11.09.2023;8389;90,64;87,29
12.09.2023;8378,75;92,06;88,84
13.09.2023;8406,5;91,88;88,52
14.09.2023;8375,75;93,7;90,16
15.09.2023;8352;93,93;90,77
18.09.2023;8299,8;94,43;91,48
19.09.2023;8271,25;94,34;91,2
20.09.2023;8320,5;93,53;90,28
21.09.2023;8169,75;93,3;89,63
22.09.2023;8198,75;93,27;90,03
25.09.2023;8110,5;93,29;89,68
26.09.2023;8066,25;93,96;90,39
27.09.2023;8088;96,55;93,68
28.09.2023;8193;95,38;91,71
29.09.2023;8239;95,31;90,79
02.10.2023;8003;90,71;88,82
03.10.2023;7952,5;90,92;89,23
04.10.2023;7895,5;85,81;84,22
05.10.2023;7837,5;84,07;82,31
06.10.2023;7985,25;84,58;82,79
09.10.2023;8050,75;88,15;86,38
10.10.2023;7955;87,65;85,97
11.10.2023;7954;85,82;83,49
12.10.2023;7919,25;86;82,91
13.10.2023;7877,5;90,89;87,69
16.10.2023;7915,5;89,65;86,66
17.10.2023;7937,5;89,9;86,66
18.10.2023;7940;91,5;88,32
19.10.2023;7963;92,38;89,37
20.10.2023;7916,76;92,16;88,75
23.10.2023;7935,75;89,83;85,49
24.10.2023;8018,5;88,07;83,74
25.10.2023;7991;90,13;85,39
26.10.2023;7939,75;87,93;83,21
27.10.2023;8056,5;90,48;85,54
30.10.2023;8094;87,45;82,31
31.10.2023;8051,5;87,41;81,02
01.11.2023;8050,25;84,63;80,44
02.11.2023;8079,5;86,85;82,46
03.11.2023;8109,7;84,89;80,51
06.11.2023;8169,25;85,18;80,82
07.11.2023;8112;81,61;77,37
08.11.2023;8068;79,54;75,33
09.11.2023;8072,01;80,01;75,74
10.11.2023;7956,49;81,43;77,17
13.11.2023;8081,25;82,52;78,26
14.11.2023;8191;82,47;78,26
15.11.2023;8218;81,18;76,66
16.11.2023;8166,5;77,42;72,9
17.11.2023;8212,25;80,61;75,89
20.11.2023;8381,5;82,32;77,6
21.11.2023;8394;82,45;77,77
22.11.2023;8294,5;81,96;77,1
23.11.2023;8345,5;81,42;77,1
24.11.2023;8364,75;80,58;75,54
27.11.2023;8292,5;79,98;74,86
28.11.2023;8415,5;81,68;76,41
29.11.2023;8365,5;83,1;77,86
30.11.2023;8409,5;82,83;75,96
01.12.2023;8558,02;78,88;74,07
04.12.2023;8381,75;78,03;73,04
05.12.2023;8269,75;77,2;72,32
06.12.2023;8219,75;74,3;69,38
07.12.2023;8273;74,05;69,34
08.12.2023;8380;75,84;71,23
11.12.2023;8261,55;76,03;71,32
12.12.2023;8270,5;73,24;68,61
13.12.2023;8245,9;74,26;69,47
14.12.2023;8463,51;76,61;71,58
15.12.2023;8456,25;76,55;71,43
18.12.2023;8393,81;77,95;72,47
19.12.2023;8539,5;79,23;73,44
20.12.2023;8524;79,7;74,22
21.12.2023;8538;79,39;73,89
22.12.2023;8514,5;79,07;73,56
25.12.2023;8514,5;79,07;73,56
26.12.2023;8514,5;81,07;75,57
27.12.2023;8620;79,65;74,11
28.12.2023;8556,75;78,39;71,77
29.12.2023;8488,5;77,04;71,65
01.01.2024;8488,5;77,04;71,65
02.01.2024;8463,75;75,89;70,38
03.01.2024;8438,75;78,25;72,7
04.01.2024;8383,25;77,59;72,19
05.01.2024;8374,75;78,76;73,81
08.01.2024;8351,74;76,12;70,77
09.01.2024;8273,75;77,59;72,24
10.01.2024;8277,25;76,8;71,37
11.01.2024;8264;77,41;72,02
12.01.2024;8242,75;78,29;72,68
15.01.2024;8284;78,15;72,68
16.01.2024;8306;78,29;72,4
17.01.2024;8216,25;77,88;72,56
18.01.2024;8261,75;79,1;74,08
19.01.2024;8306,76;78,56;73,41
22.01.2024;8289,5;80,06;75,19
23.01.2024;8348;79,55;74,37
24.01.2024;8506,99;80,04;75,09
25.01.2024;8508;82,43;77,36
26.01.2024;8479,05;83,55;78,01
29.01.2024;8486,5;82,4;76,78
30.01.2024;8543,75;82,87;77,82
31.01.2024;8530,5;81,71;75,85
01.02.2024;8451;78,7;73,82
02.02.2024;8397,84;77,33;72,28
05.02.2024;8267,25;77,99;72,78
06.02.2024;8312,25;78,59;73,31
07.02.2024;8217;79,21;73,86
08.02.2024;8098,27;81,63;76,22
09.02.2024;8077,29;82,19;76,84
12.02.2024;8138,24;82;76,92
13.02.2024;8163,75;82,77;77,87
14.02.2024;8104;81,6;76,64
15.02.2024;8224,25;82,86;78,03
16.02.2024;8410,25;83,47;79,19
19.02.2024;8353,5;83,56;79,19
20.02.2024;8458,99;82,34;78,18
21.02.2024;8495,25;83,03;77,91
22.02.2024;8534,5;83,67;78,61
23.02.2024;8510;81,62;76,49
26.02.2024;8398;82,53;77,58
27.02.2024;8409;83,65;78,87
28.02.2024;8385,75;83,68;78,54
29.02.2024;8427;83,62;78,26
01.03.2024;8438,5;83,55;79,97
04.03.2024;8476,51;82,8;78,74
05.03.2024;8421,75;82,04;78,15
06.03.2024;8503;82,96;79,13
07.03.2024;8561,24;82,96;78,93
08.03.2024;8500,28;82,08;78,01
11.03.2024;8571;82,21;77,93
12.03.2024;8570,2;81,92;77,56
13.03.2024;8840,01;84,03;79,72
14.03.2024;8786;85,42;81,26
15.03.2024;8970,25;85,34;81,04
18.03.2024;8986,11;86,89;82,72
19.03.2024;8910,07;87,38;83,47
20.03.2024;8858,84;85,95;81,68
21.03.2024;8875,48;85,78;81,07
22.03.2024;8791,02;85,43;80,63
25.03.2024;8792,58;86,75;81,95
26.03.2024;8781,47;86,25;81,62
27.03.2024;8768;86,09;81,35
28.03.2024;8787,84;87,48;83,17
29.03.2024;8787,84;87,48;83,17
01.04.2024;8787,84;87,42;83,71
02.04.2024;8907,25;88,92;85,15
03.04.2024;9171,53;89,35;85,43
04.04.2024;9257,56;90,65;86,59
05.04.2024;9223,5;91,17;86,91
08.04.2024;9295,01;90,38;86,43
09.04.2024;9294,28;89,42;85,23
10.04.2024;9249,24;90,48;86,21
11.04.2024;9213,4;89,74;85,02
12.04.2024;9334,96;90,45;85,66
15.04.2024;9499,47;90,1;85,41
16.04.2024;9390,45;90,02;85,36
17.04.2024;9515,12;87,29;82,69
18.04.2024;9676;87,11;82,73
19.04.2024;9819,74;87,29;83,14
22.04.2024;9764,16;87;82,85
23.04.2024;9631,59;88,42;83,36
24.04.2024;9684,83;88,02;82,81
25.04.2024;9768,65;89,01;83,57
26.04.2024;9876,97;89,5;83,85
29.04.2024;10057,47;88,4;82,63
30.04.2024;9903,73;87,86;81,93
01.05.2024;9794,93;83,44;79
02.05.2024;9652,46;83,67;78,95
03.05.2024;9799,03;82,96;78,11
06.05.2024;9799,03;83,33;78,48
07.05.2024;9903,79;83,16;78,38
08.05.2024;9776,1;83,58;78,99
09.05.2024;9783,41;83,88;79,26
10.05.2024;9896,66;82,79;78,26
13.05.2024;10082,4;83,36;79,12
14.05.2024;10043,08;82,38;78,02
15.05.2024;10149,79;82,75;78,63
16.05.2024;10361,76;83,27;79,23
17.05.2024;10615,48;83,98;80,06
20.05.2024;10830,63;83,71;79,8
21.05.2024;10783,65;82,88;79,26
22.05.2024;10334,21;81,9;77,57
23.05.2024;10347,41;81,36;76,87
24.05.2024;10246,51;82,12;77,72
27.05.2024;10246,51;83,1;77,72
28.05.2024;10418,99;84,22;79,83
29.05.2024;10365,72;83,6;79,23
30.05.2024;10041,14;81,86;77,91
31.05.2024;9945,38;81,62;76,99
03.06.2024;10045,08;78,36;74,22
04.06.2024;9844,65;77,52;73,25
05.06.2024;9824,74;78,41;74,07
06.06.2024;10051,02;79,87;75,55
07.06.2024;9652,43;79,62;75,53
10.06.2024;9777,61;81,63;77,74
11.06.2024;9638,73;81,92;77,9
12.06.2024;9827,52;82,6;78,5
13.06.2024;9667,65;82,75;78,62
14.06.2024;9617,29;82,62;78,45
17.06.2024;9536,8;84,25;80,33
18.06.2024;9583,27;85,33;81,57
19.06.2024;9698,99;85,07;81,57
20.06.2024;9769,89;85,71;82,17
21.06.2024;9591,48;85,24;80,73
24.06.2024;9558,25;86,01;81,63
25.06.2024;9467,09;85,01;80,83
26.06.2024;9441,31;85,25;80,9
27.06.2024;9407,81;86,39;81,74
28.06.2024;9489,46;86,41;81,54
01.07.2024;9511,29;86,6;83,38
02.07.2024;9551,41;86,24;82,81
03.07.2024;9745,77;87,34;83,88
04.07.2024;9752,65;87,43;83,88
05.07.2024;9811,24;86,54;83,16
08.07.2024;9773,61;85,75;82,33
09.07.2024;9723,25;84,66;81,41
10.07.2024;9754,4;85,08;82,1
11.07.2024;9631,89;85,4;82,62
12.07.2024;9728,38;85,03;82,21
15.07.2024;9652,55;84,85;81,91
16.07.2024;9570,34;83,73;80,76
17.07.2024;9551,6;85,08;82,85
18.07.2024;9305,9;85,11;82,82
19.07.2024;9231,76;82,63;80,13
22.07.2024;9139,68;82,4;79,78
23.07.2024;9090,92;81,01;76,96
24.07.2024;9021,93;81,71;77,59
25.07.2024;9040,37;82,37;78,28
26.07.2024;9031,71;81,13;77,16
29.07.2024;8933,67;79,78;75,81
30.07.2024;8880,07;78,63;74,73
31.07.2024;9138,2;80,72;77,91
01.08.2024;8954,06;79,52;76,31
02.08.2024;8963,74;76,81;73,52
05.08.2024;8792,93;76,3;72,94
06.08.2024;8830,2;76,48;73,2
07.08.2024;8663,51;78,33;75,23
08.08.2024;8688,09;79,16;76,19
09.08.2024;8762,28;79,66;76,84
12.08.2024;8921,34;82,3;80,06
13.08.2024;8859,16;80,69;78,35
14.08.2024;8873,16;79,76;76,98
15.08.2024;9053,53;81,04;78,16
16.08.2024;9007,65;79,68;76,65
19.08.2024;9142,64;77,66;74,37
20.08.2024;9131,61;77,2;74,04
21.08.2024;9182,09;76,05;71,93
22.08.2024;9049,99;77,22;73,01
23.08.2024;9210,78;79,02;74,83
26.08.2024;9210,78;81,43;77,42
27.08.2024;9363,52;79,55;75,53
28.08.2024;9165,97;78,65;74,52
29.08.2024;9152,64;79,94;75,91
30.08.2024;9142,77;78,8;73,55
02.09.2024;9082,14;77,52;73,55
03.09.2024;8853,98;73,75;70,34
04.09.2024;8858,98;72,7;69,2
05.09.2024;8994,73;72,69;69,15
06.09.2024;8890,77;71,06;67,67
09.09.2024;8985,16;71,84;68,71
10.09.2024;8909,94;69,19;65,75
11.09.2024;8974,28;70,61;67,31
12.09.2024;9099,49;71,97;68,97
13.09.2024;9190,67;71,61;68,65
16.09.2024;9264,82;72,75;70,09
17.09.2024;9285,63;73,7;71,19
18.09.2024;9312,46;73,65;70,91
19.09.2024;9429,22;74,88;71,95
20.09.2024;9386,45;74,49;71,92
23.09.2024;9453,7;73,9;70,37
24.09.2024;9704,45;75,17;71,56
25.09.2024;9713,14;73,46;69,69
26.09.2024;9975,1;71,6;67,67
27.09.2024;9875,03;71,98;68,18
30.09.2024;9716,07;71,77;68,17
01.10.2024;9862,25;73,56;69,83
02.10.2024;9964,57;73,9;70,1
03.10.2024;9735,92;77,62;73,71
04.10.2024;9812,45;78,05;74,38
07.10.2024;9790,29;80,93;77,14
08.10.2024;9604,39;77,18;73,57
09.10.2024;9537,93;76,58;73,24
10.10.2024;9584,61;79,4;75,85
11.10.2024;9652,42;79,04;75,56
14.10.2024;9526,48;77,46;73,83
15.10.2024;9445,69;74,25;70,58
16.10.2024;9475,77;74,22;70,39
17.10.2024;9435,65;74,45;70,67
18.10.2024;9553,03;73,06;69,22
21.10.2024;9474,26;74,29;70,56
22.10.2024;9489,65;76,04;72,09
23.10.2024;9427,24;74,96;70,77
24.10.2024;9412,51;74,38;70,19
25.10.2024;9509,74;76,05;71,78
28.10.2024;9437,98;71,42;67,38
29.10.2024;9426,04;71,12;67,21
30.10.2024;9435,06;72,55;68,61
31.10.2024;9402,82;73,16;69,26
01.11.2024;9470,46;73,1;69,49
04.11.2024;9593,89;75,08;71,47
05.11.2024;9623,02;75,53;71,99
06.11.2024;9222,5;74,92;71,69
07.11.2024;9541,98;75,63;72,36
08.11.2024;9318,23;73,87;70,38
11.11.2024;9201,21;71,83;68,04
12.11.2024;9013,52;71,89;68,12
13.11.2024;8917,92;72,28;68,43
14.11.2024;8865,24;72,56;68,7
15.11.2024;8882,85;71,04;67,02
18.11.2024;8954,64;73,3;69,16
19.11.2024;9007,59;73,31;69,39
20.11.2024;9010,38;72,81;68,87
21.11.2024;8924,61;74,23;70,1
22.11.2024;8885,26;75,17;71,24
25.11.2024;8958,93;73,01;68,94
26.11.2024;8915,43;72,81;68,77
27.11.2024;8932,69;72,83;68,72
28.11.2024;8910,85;73,28;68,72
29.11.2024;8915,53;72,94;68
02.12.2024;8892,99;71,83;68,1
03.12.2024;9021,88;73,62;69,94
04.12.2024;8987,12;72,31;68,54
05.12.2024;8974,77;72,09;68,3
06.12.2024;9022,91;71,12;67,2
09.12.2024;9128,06;72,14;68,37
10.12.2024;9108,54;72,19;68,59
11.12.2024;9081,07;73,52;70,29
12.12.2024;8975,12;73,41;70,02
13.12.2024;8942,03;74,49;71,29
16.12.2024;8942,47;73,91;70,71
17.12.2024;8913,74;73,19;70,08
18.12.2024;8953,83;73,39;70,58
19.12.2024;8809,01;72,88;69,91
20.12.2024;8871,1;72,94;69,46
23.12.2024;8835,39;72,63;69,24
24.12.2024;8874,82;73,58;70,1
25.12.2024;8874,82;73,58;70,1
26.12.2024;8874,82;73,26;69,62
27.12.2024;8899,14;74,17;70,6
30.12.2024;8817,96;74,39;70,99
31.12.2024;8673,23;74,64;71,72
01.01.2025;8673,23;74,64;71,72
02.01.2025;8707,65;75,93;73,13
03.01.2025;8781,21;76,51;73,96
06.01.2025;8899,9;76,3;73,56
07.01.2025;8897,6;77,05;74,25
08.01.2025;8925,43;76,16;73,32
09.01.2025;8974,19;76,92;73,92
10.01.2025;8993,3;79,76;76,57
13.01.2025;8978,84;81,01;78,82
14.01.2025;9087,45;79,92;77,5
15.01.2025;9103,88;82,03;80,04
16.01.2025;9167,63;81,29;78,68
17.01.2025;9127,46;80,79;77,88
20.01.2025;9206,33;80,15;77,88
21.01.2025;9212,3;79,29;75,89
22.01.2025;9148,41;79;75,44
23.01.2025;9154,34;78,29;74,62
24.01.2025;9192,52;78,5;74,66
27.01.2025;9006,56;77,08;73,17
28.01.2025;8894,69;77,49;73,77
29.01.2025;8975,74;76,58;72,62
30.01.2025;9035,68;76,87;72,73
31.01.2025;8953,73;76,76;72,53
03.02.2025;9002,66;75,96;73,16
04.02.2025;9048,08;76,2;72,7
05.02.2025;9136,11;74,61;71,03
06.02.2025;9171,36;74,29;70,61
07.02.2025;9300,85;74,66;71
10.02.2025;9341,01;75,87;72,32
11.02.2025;9248,51;77;73,32
12.02.2025;9352,52;75,18;71,37
13.02.2025;9434,45;75,02;71,29
14.02.2025;9490,43;74,74;70,74
17.02.2025;9321;75,22;70,74
18.02.2025;9426,61;75,84;71,85
19.02.2025;9460,07;76,04;72,25
20.02.2025;9565,1;76,48;72,57
21.02.2025;9551,89;74,43;70,4
24.02.2025;9516,49;74,78;70,7
25.02.2025;9393,67;73,02;68,93
26.02.2025;9476,02;72,53;68,62
27.02.2025;9402,37;74,04;70,35
28.02.2025;9359,06;73,18;69,76
03.03.2025;9415,02;71,62;68,37
04.03.2025;9345,62;71,04;68,26
05.03.2025;9603,33;69,3;66,31
06.03.2025;9759,77;69,46;66,36
07.03.2025;9619,4;70,36;67,04
10.03.2025;9520,79;69,28;66,03
11.03.2025;9648,13;69,56;66,25
12.03.2025;9759,35;70,95;67,68
13.03.2025;9753,19;69,88;66,55
14.03.2025;9732,96;70,58;67,18
17.03.2025;9799,28;71,07;67,58
18.03.2025;9885,84;70,56;66,9
19.03.2025;9980,63;70,78;67,16
20.03.2025;9917,86;72;68,26
21.03.2025;9842,15;72,16;68,28
24.03.2025;9946,45;73;69,11
25.03.2025;10118,42;73,02;69
26.03.2025;9909,92;73,79;69,65
27.03.2025;9822,81;74,03;69,92
28.03.2025;9771,69;73,63;69,36
31.03.2025;9679,23;74,74;71,48
01.04.2025;9668,13;74,49;71,2
02.04.2025;9671,37;74,95;71,71
03.04.2025;9331,27;70,14;66,95
04.04.2025;8725,91;65,58;61,99
07.04.2025;8698,42;64,21;60,7
08.04.2025;8627,35;62,82;59,58
09.04.2025;8577,37;65,48;62,35
10.04.2025;9004,95;63,33;60,07
11.04.2025;9193,38;64,76;61,5
14.04.2025;9156,99;64,88;61,53
15.04.2025;9156,56;64,67;61,33
16.04.2025;9199,59;65,85;62,47
17.04.2025;9192,45;67,96;64,68
18.04.2025;9192,45;67,96;64,68
21.04.2025;9192,45;66,26;63,08
22.04.2025;9386,7;67,44;64,31
23.04.2025;9396,21;66,12;62,27
24.04.2025;9417,23;66,55;62,79
25.04.2025;9398,41;66,87;63,02
28.04.2025;9430,1;65,86;62,05
29.04.2025;9453,97;64,25;60,42
30.04.2025;9141,95;63,12;58,21
01.05.2025;9251,11;62,13;59,24
02.05.2025;9400,69;61,29;58,29
05.05.2025;9400,69;60,23;57,13
06.05.2025;9575,95;62,15;59,09
07.05.2025;9454,38;61,12;58,07
08.05.2025;9482,76;62,84;59,91
09.05.2025;9495,84;63,91;61,02
12.05.2025;9550;64,96;61,95
13.05.2025;9624,54;66,63;63,67
14.05.2025;9626,35;66,09;63,15
15.05.2025;9618,34;64,53;61,62
16.05.2025;9479,43;65,41;62,49
19.05.2025;9539,02;65,54;62,69
20.05.2025;9550,13;65,38;62,56
21.05.2025;9572,82;64,91;61,57
22.05.2025;9535,65;64,44;61,2
23.05.2025;9661,5;64,78;61,53
26.05.2025;9661,5;64,74;61,53
27.05.2025;9654,98;64,09;60,89
28.05.2025;9620,23;64,9;61,84
29.05.2025;9620,59;64,15;60,94
30.05.2025;9553,83;63,9;60,79
02.06.2025;9675,57;64,63;62,52
03.06.2025;9693,25;65,63;63,41
04.06.2025;9674,5;64,86;62,85
05.06.2025;9820,41;65,34;63,37
06.06.2025;9760,22;66,47;64,58
09.06.2025;9885,51;67,04;65,29
10.06.2025;9841,49;66,87;64,98
11.06.2025;9707;69,77;68,15
12.06.2025;9785,51;69,36;68,04
13.06.2025;9719,25;74,23;72,98
16.06.2025;9798,59;73,23;71,77
17.06.2025;9719,19;76,45;74,84
18.06.2025;9687,97;76,7;75,14
19.06.2025;9665,28;78,85;75,14
20.06.2025;9698,62;77,01;74,93
23.06.2025;9744,15;71,48;68,51
24.06.2025;9730,1;67,14;64,37
25.06.2025;9776,19;67,68;64,92
26.06.2025;9988,47;67,73;65,24
27.06.2025;9957,72;67,77;65,52
30.06.2025;9945,23;67,61;65,11
01.07.2025;9997,29;67,11;65,45
02.07.2025;10070,1;69,11;67,45
03.07.2025;10010,67;68,8;67
04.07.2025;9923,29;68,3;67
07.07.2025;9890;69,58;67,93
08.07.2025;9831,5;70,15;68,33
09.07.2025;9652,94;70,19;68,38
10.07.2025;9699,66;68,64;66,57
11.07.2025;9639,8;70,36;68,45
14.07.2025;9556,93;69,21;66,98
15.07.2025;9625,66;68,71;66,52
16.07.2025;9603,36;68,52;66,38
17.07.2025;9643,09;69,52;67,54
18.07.2025;9763,74;69,28;67,34
21.07.2025;9837,14;69,21;67,2
22.07.2025;9894,26;68,59;66,21
23.07.2025;9915,62;68,51;65,25
24.07.2025;9856,75;69,18;66,03
25.07.2025;9744,44;68,44;65,16
28.07.2025;9765,78;70,04;66,71
29.07.2025;9770,33;72,51;69,21
30.07.2025;9673,67;73,24;70
31.07.2025;9574,14;72,53;69,26
01.08.2025;9594,75;69,67;67,33
04.08.2025;9650,64;68,76;66,29
05.08.2025;9591,13;67,64;65,16
06.08.2025;9631,39;66,89;64,35
07.08.2025;9633,66;66,43;63,88
08.08.2025;9705,94;66,59;63,88
11.08.2025;9659,97;66,63;63,96
12.08.2025;9763,13;66,12;63,17
13.08.2025;9731,82;65,63;62,65
14.08.2025;9680,05;66,84;63,96
15.08.2025;9681,25;65,85;62,8
18.08.2025;9636,25;66,6;63,42
19.08.2025;9632,81;65,79;62,35
20.08.2025;9665,14;66,84;63,21
21.08.2025;9671,14;67,67;63,52
22.08.2025;9744,33;67,73;63,66
25.08.2025;9744,33;68,8;64,8
26.08.2025;9779,05;67,22;63,25
27.08.2025;9693,57;68,05;64,15
28.08.2025;9756,96;68,62;64,6
29.08.2025;9845,16;68,12;64,01
01.09.2025;9818,78;68,15;64,01
02.09.2025;9926,54;69,14;65,59
03.09.2025;9923,95;67,6;63,97
04.09.2025;9842,63;66,99;63,48
05.09.2025;9838,61;65,5;61,87
08.09.2025;9844,43;66,02;62,26
09.09.2025;9845,52;66,39;62,63
10.09.2025;9965,31;67,49;63,67
11.09.2025;9993,46;66,37;62,37
12.09.2025;9995,64;66,99;62,69
15.09.2025;10124,57;67,44;63,3
16.09.2025;10087,27;68,47;64,52
17.09.2025;9951,79;67,95;64,05
18.09.2025;9897,29;67,44;63,57
19.09.2025;9952,01;66,68;62,68
22.09.2025;9927,8;66,57;62,64
23.09.2025;9927,74;67,63;63,41
24.09.2025;10325,54;69,31;64,99
25.09.2025;10245,95;69,42;64,98
26.09.2025;10162,2;70,13;65,72
29.09.2025;10402,76;67,97;63,45
30.09.2025;10242,45;67,02;62,37
01.10.2025;10355,65;65,35;61,78
02.10.2025;10469,66;64,11;60,48
03.10.2025;10700,48;64,53;60,88
06.10.2025;10620,47;65,47;61,69
07.10.2025;10732,03;65,45;61,73
08.10.2025;10643,97;66,25;62,55
09.10.2025;10843,34;65,22;61,51
10.10.2025;10488,63;62,73;58,9
13.10.2025;11047,28;63,32;59,49
14.10.2025;10592,87;62,39;58,7
15.10.2025;10652,63;61,91;58,27
16.10.2025;10643,4;61,06;57,46
17.10.2025;10601,92;61,29;57,54
20.10.2025;10687,71;61,01;57,52
21.10.2025;10614,14;61,32;57,82
22.10.2025;10665,21;62,59;58,5
23.10.2025;10860,74;65,99;61,79
24.10.2025;10962,94;65,94;61,5
27.10.2025;11028,69;65,62;61,31
28.10.2025;11038,94;64,4;60,15
29.10.2025;11182,24;64,92;60,48
30.10.2025;10916,67;65;60,57
31.10.2025;10892,06;65,07;60,98
03.11.2025;10848,01;64,89;61,05
04.11.2025;10650,43;64,44;60,56
05.11.2025;10676,13;63,52;59,6
06.11.2025;10665,06;63,38;59,43
07.11.2025;10709,28;63,63;59,75
10.11.2025;10791,67;64,06;60,13
11.11.2025;10815,47;65,16;61,04
12.11.2025;10938,05;62,71;58,49
13.11.2025;10951,53;63,01;58,69
14.11.2025;10854,88;64,39;60,09
17.11.2025;10745,88;64,2;59,91
18.11.2025;10709,7;64,89;60,74
19.11.2025;10748,83;63,51;59,44
20.11.2025;10742,82;63,38;59,14
21.11.2025;10788,34;62,56;58,06
24.11.2025;10793,41;63,37;58,84
25.11.2025;10827,74;62,48;57,95
26.11.2025;10990,57;63,13;58,65
27.11.2025;10952,22;63,34;58,65
28.11.2025;11222,42;63,2;58,55
01.12.2025;11308,86;63,17;59,32
02.12.2025;11204,7;62,45;58,64
03.12.2025;11572,36;62,67;58,95
04.12.2025;11504,18;63,26;59,67
05.12.2025;11653,07;63,75;60,08
08.12.2025;11648,79;62,49;58,88
09.12.2025;11489,98;61,94;58,25
10.12.2025;11569,42;62,21;58,46
11.12.2025;11897,22;61,28;57,6
12.12.2025;11535,69;61,12;57,44
15.12.2025;11651,11;60,56;56,82
16.12.2025;11604,56;58,92;55,27
17.12.2025;11753,06;59,68;55,94
18.12.2025;11753,06;59,67;55,99
