date,country,cds_spread,risk_free_rate,implied_V,implied_sigma_V,cca_converged,B_f,LCL_usd,sigma_lcl,lambda_annual
2015-01-31,Brazil,212.77,0.022,680.796109235382,0.10710478945878155,True,622.0884000000001,144.93127013663783,0.1419852440365045,6.883217345026881
2015-02-28,Brazil,235.88,0.0233999999999999,674.0157111996057,0.09796751066070214,True,626.0114799999998,139.31661473031954,0.14524121917272437,5.758779539831991
2015-03-31,Brazil,285.95,0.0233999999999999,657.7062103369822,0.09108078773011573,True,626.0114799999998,121.71219011100449,0.18527487748827862,4.9436356043553475
2015-04-30,Brazil,220.11,0.0241,694.6789852112411,0.0484592448582302,True,627.97302,138.7946010247075,0.23700041020114565,0.984571317590502
2015-05-31,Brazil,231.01,0.0269,675.9825176101342,0.04805898858336713,True,635.8191800000001,121.36549541922707,0.25843407878338137,0.7536519799067671
2015-06-30,Brazil,256.0898,0.0269,677.99415585014,0.048461970949809516,True,635.8191800000001,123.31435150479783,0.25763509278450447,0.6555709085060676
2015-07-31,Brazil,288.8699,0.0277,663.3664979965197,0.047011885117811916,True,638.0609400000001,109.60366713020095,0.27092075203641147,1.2798493596458795
2015-08-31,Brazil,327.0698,0.0277,639.2912945819767,0.09297250018887476,True,638.0609400000001,104.67639564069201,0.27002602508801593,5.186451655297059
2015-09-30,Brazil,489.5098,0.0255,650.7483267581769,0.06415314725542309,True,631.8961,104.7215042861859,0.2670273831716441,2.46911863862289
2015-10-31,Brazil,429.6699,0.025,674.1163387371089,0.0614449061523916,True,630.4950000000001,121.36819556847857,0.31603892184726334,1.752557485191959
2015-11-30,Brazil,415.4199,0.025,670.3911425723123,0.07225447385103123,True,630.4950000000001,121.68178428874883,0.31628513468829494,3.1322603344023494
2015-12-31,Brazil,482.5698,0.0269,668.6361192569274,0.06733686681677375,True,635.8191800000001,118.62110824636369,0.3154993039185309,2.7203299192815336
2016-01-31,Brazil,462.6299,0.0249,621.1664954931125,0.11710467416744351,True,607.7427720000001,118.10019395636718,0.31381616998817186,8.228645440637633
2016-02-29,Brazil,446.2998,0.0249,626.0893726988633,0.11179651344052759,True,607.7427720000001,118.26548133040153,0.3132895512222989,7.460964622366987
2016-03-31,Brazil,382.3599,0.022,669.7438850080001,0.06970087154199114,True,599.90616,136.2554729882826,0.3184284678590221,2.560185045728421
2016-04-30,Brazil,330.8198,0.0220999999999999,651.2230282832159,0.06347904305012023,True,600.1763879999997,117.77793211066134,0.3231947759687415,1.8534513666232515
2016-05-31,Brazil,341.5598,0.0220999999999999,646.8749454039939,0.055223854355824796,True,600.1763879999997,112.04401709678739,0.29899667838482263,1.1863909953952416
2016-06-30,Brazil,334.9299,0.0222,656.4507889097126,0.06264072330598841,True,600.4466160000001,122.29672667381207,0.31314525363488965,1.1876113463235816
2016-07-31,Brazil,283.3899,0.0182,658.4123239561383,0.05606320206297391,True,589.637496,122.29636822731769,0.28604075896897424,1.60775588419445
2016-08-31,Brazil,254.44,0.0182,658.0489880040259,0.054453745395888944,True,589.637496,121.66071158074611,0.2803159904760454,1.3715601776873652
2016-09-30,Brazil,265.8899,0.0202,658.4508363256398,0.05472558405789572,True,595.042056,122.51259890920672,0.280084071574288,1.345356490003473
2016-10-31,Brazil,269.8699,0.0202,660.7854946625494,0.051462105687035783,True,595.042056,124.56965381982451,0.2391322305491198,1.5886295870257316
2016-11-30,Brazil,303.1599,0.0217,648.6526568789952,0.06042657745718926,True,599.095476,115.2944153413292,0.252003183837097,2.1905269301744736
2016-12-31,Brazil,274.3599,0.0283999999999999,661.8843102947719,0.0546556966777783,True,617.2007519999997,127.79039491964701,0.2722305875816004,0.5522531945461594
2017-01-31,Brazil,240.51,0.0283999999999999,674.5494934415126,0.05583781945900908,True,626.5480219999997,132.41538820131845,0.27346161531515306,0.5827346328402941
2017-02-28,Brazil,218.6,0.0275,669.3916644938884,0.05506200030821453,True,624.0791375,126.99477616146461,0.2782336234707393,0.30828442719601895
2017-03-31,Brazil,219.84,0.0283,654.776240087939,0.046783282672470144,True,626.2737015,112.2465825526922,0.2630797314384403,0.3889328345398172
2017-04-30,Brazil,213.49,0.0266999999999999,665.1694264238452,0.04442057227251227,True,621.8845734999996,121.64073258225922,0.23750992656765982,0.43168280050536667
2017-05-31,Brazil,232.22,0.0266999999999999,662.0326457365187,0.0426585031763049,True,621.8845734999996,118.52629706165489,0.23288320713361255,0.6458393391203243
2017-06-30,Brazil,237.02,0.0254,661.5295103874352,0.03866490083125861,True,618.318407,117.33070407766027,0.21474317354681294,0.4387619939679188
2017-07-31,Brazil,211.24,0.0254,667.9946631693393,0.04198769685489534,True,618.318407,123.90016805095422,0.22247083838885257,0.5528475259683489
2017-08-31,Brazil,194.35,0.0265,660.7188158391581,0.04157858979173062,True,621.3359324999999,117.03962913110857,0.22996215699373773,0.4581944734322466
2017-09-30,Brazil,191.86,0.0253,663.294190460039,0.04229850752115932,True,618.0440864999999,119.20817144400498,0.23079323032618584,0.35803811936115065
2017-10-31,Brazil,171.37,0.0253,660.5743229705721,0.0414701899668492,True,618.0440864999999,116.46797032846813,0.2306725939888707,0.30326631414014066
2017-11-30,Brazil,167.08,0.0265,656.9410978476365,0.038324014226381015,True,621.3359324999999,113.09251614480813,0.2190877148396592,0.3252498175596807
2017-12-31,Brazil,160.27,0.026,675.1427228928005,0.04929068831722017,True,619.96433,131.46174099689543,0.24722722236624486,0.19563837047580643
2018-01-31,Brazil,141.08,0.026,678.3576095201744,0.052112233980138506,True,616.0149799999999,138.19834415618737,0.24974723271017804,0.21626669571252263
2018-02-28,Brazil,152.63,0.0273,657.9469760647214,0.05528750706596954,True,619.5584289999999,119.32195668294692,0.2895010596798597,0.3615679259747751
2018-03-31,Brazil,161.53,0.0297,653.7489992334406,0.047850309405597806,True,626.100181,115.09786245434421,0.26248643786855363,0.29540325356595837
2018-04-30,Brazil,167.39,0.0297,648.870463371626,0.043971736549448824,True,626.100181,110.04614015254667,0.25138518905604773,0.41921854353304006
2018-05-31,Brazil,189.83,0.0296,639.4733257762704,0.04319011954901303,True,625.8276079999999,100.84649075494066,0.26327719712397746,0.38977994753400685
2018-06-30,Brazil,267.98,0.0298,645.5068799012136,0.047496564478360925,True,626.372754,107.1980448163084,0.2736842214354513,0.37195681399376673
2018-07-31,Brazil,207.5,0.0298,650.3818143637718,0.04867319058641765,True,626.372754,112.00267182663295,0.27125153003197966,0.3461353462280432
2018-08-31,Brazil,298.97,0.0297,647.1077118610312,0.046655220167209105,True,626.100181,108.56512918474827,0.2674145648060088,0.2937904351497556
2018-09-30,Brazil,255.11,0.0308,643.9851247858301,0.04559460468663202,True,629.098484,105.8402382629335,0.2665994382718094,0.3541555298477417
2018-10-31,Brazil,206.61,0.0308,655.0063190978849,0.054869933029337736,True,629.098484,117.64264405051809,0.28975023167200603,0.5115917470113821
2018-11-30,Brazil,207.46,0.0327,615.9004133976977,0.09860504631281894,True,634.2773709999999,100.75631858634456,0.3286320883549741,5.833983190442014
2018-12-31,Brazil,206.74,0.0327,623.4000924942288,0.08451767302414123,True,634.2773709999999,100.38229567185218,0.27910635216524826,4.285937368881799
2019-01-31,Brazil,169.73,0.0298,661.0665739819605,0.051544122543901026,True,642.540333,109.70772214364415,0.2924948832396335,0.8582596682354521
2019-02-28,Brazil,161.42,0.0289,652.9567369298424,0.04339815117321526,True,640.0238565,100.40974603213901,0.26966189082364533,0.5199343247912743
2019-03-31,Brazil,174.53,0.0279999999999999,652.522802841625,0.042802768933116575,True,637.5073799999997,99.53954494183733,0.2686500219539199,0.35492874728972557
2019-04-30,Brazil,174.05,0.0279999999999999,652.3880610470784,0.04239183121023398,True,637.5073799999997,99.42234769288086,0.2663777615964045,0.46872759540501036
2019-05-31,Brazil,178.18,0.0263,637.303589438101,0.06870180092572244,True,632.7540355,94.85688503763541,0.2562219472304638,2.8058186100491014
2019-06-30,Brazil,149.18,0.0236,644.7899342021666,0.047721694710906835,True,625.204606,92.55989817863377,0.2462044121768258,1.3660057685226032
2019-07-31,Brazil,123.16,0.0236,649.1464850398391,0.036249703976080634,True,625.204606,94.38108748829403,0.24130774521140672,0.5487000877117992
2019-08-31,Brazil,133.68,0.0191,645.7955891980167,0.03513387915259782,True,612.6222235,89.93867071081387,0.24320441865026357,0.6369264977307264
2019-09-30,Brazil,137.19,0.0191,643.1728123351688,0.046028145969191255,True,612.6222235,89.57349048445712,0.24320935336931393,1.2707305839660108
2019-10-31,Brazil,118.71,0.0197,644.9754132846758,0.039821524975564244,True,614.2998745,90.50234348947073,0.20821111265512063,0.9403287845071369
2019-11-30,Brazil,124.14,0.0213,642.6886316469922,0.04147832605060856,True,618.7736105,89.03208982338926,0.1493845028818849,1.0318141948658293
2019-12-31,Brazil,99.96999,0.0213,649.1905790536747,0.026478650952136543,True,618.7736105,93.22645026398672,0.159707606402232,0.4201297121324613
2020-01-31,Brazil,104.56,0.0207,659.3157501793656,0.049914406108851124,True,633.0194645,93.59118008901655,0.12294949784586233,1.4944762823564535
2020-02-29,Brazil,134.66,0.0181,,,False,625.5620535,86.89664860275111,0.1138645515060873,4.077571392534991
2020-03-31,Brazil,259.8101,0.0181,544.4078301703898,0.15764974079034422,True,625.5620535,76.2143550348747,0.16453046002526628,14.913535326937525
2020-04-30,Brazil,361.6201,0.0126,534.3265481751854,0.15713426036715425,True,609.7867610000001,75.71400801245613,0.1638623231141007,14.816162811903569
2020-05-31,Brazil,284.79,0.0112,597.4113321104746,0.13535143802213978,True,605.771232,92.34982009239044,0.2723193643484793,10.992933521921893
2020-06-30,Brazil,262.9446,0.0112,623.9662126353159,0.10398307467448283,True,605.771232,89.8460196749048,0.27260082676236125,6.487788772842663
2020-07-31,Brazil,215.2157,0.0109,672.0322488308589,0.06094613166975863,True,604.9107615,105.15449308690457,0.3161005147532473,2.2283680061025595
2020-08-31,Brazil,211.64,0.0109,671.7343140109465,0.05145257704657467,True,604.9107615,101.94085928719167,0.3131618227513614,0.6668639871024125
2020-09-30,Brazil,248.51,0.0113999999999999,661.8338845844751,0.059806614365571616,True,606.3448789999998,96.64283413859944,0.319470753592076,2.1388541497431084
2020-10-31,Brazil,215.33,0.0134,612.6685840469394,0.1345661918948106,True,612.081349,101.87365648329518,0.32284300461257887,10.865744796591631
2020-11-30,Brazil,163.86,0.0134,672.6548591937266,0.07014921805022142,True,612.081349,109.5299850630159,0.32716059132391007,2.924743050499077
2020-12-31,Brazil,144.83,0.0139999999999999,677.5803493170087,0.0575170942459064,True,613.8022899999997,109.27183935779442,0.3260958972863768,1.1562523645655316
2021-01-31,Brazil,171.67,0.0163,655.9145916037801,0.05856048313512328,True,600.1275945,106.86908714823835,0.3279539892666423,1.472095997379077
2021-02-28,Brazil,193.87,0.0187999999999999,649.2268470509142,0.055517859945632915,True,607.0638819999997,100.7399147221008,0.323981559700549,1.8480191835805522
2021-03-31,Brazil,218.24,0.0187999999999999,641.6644812541278,0.06454242913096152,True,607.0638819999997,97.97056820495688,0.28861026026818776,2.499182126389179
2021-04-30,Brazil,189.56,0.022,658.3693789885393,0.053147638177780884,True,615.94233,109.2519900319659,0.2995261841088306,1.2247588712057655
2021-05-31,Brazil,170.79,0.022,664.6514584169399,0.0418507667535032,True,615.94233,113.67719160145421,0.2381146640095868,0.7378257936958166
2021-06-30,Brazil,157.19,0.0222,666.6024378889967,0.0414052524218269,True,616.497233,115.57522363186781,0.2330948797415689,0.6776194714737536
2021-07-31,Brazil,174.64,0.0187,670.2301705276594,0.03385259947219836,True,606.7864305,117.95174148045918,0.17985289312325417,0.6856116203731558
2021-08-31,Brazil,175.64,0.0187,670.2280095521851,0.03648039761088352,True,606.7864305,118.1577465606001,0.17469180892290784,0.7980024549600823
2021-09-30,Brazil,197.22,0.0183,668.7254485676871,0.04586384874472039,True,605.6766245,117.78887581026424,0.1607556761662791,1.2616707661279745
2021-10-31,Brazil,244.17,0.0203,667.7784223088914,0.04411081817624742,True,611.2256545,117.09728229663892,0.15698790590613246,1.1670206182942497
2021-11-30,Brazil,263.45,0.0203,601.6864852922942,0.14497778210772777,True,611.2256545,117.70475664196468,0.1422608964217415,12.612285700108849
2021-12-31,Brazil,201.86,0.019,672.3482401618559,0.055856927090811664,True,621.463965,111.83538089372388,0.15332501395092593,1.871657677120359
2022-01-31,Brazil,226.76,0.019,677.1488380164883,0.055124047148251455,True,621.463965,116.07850833875621,0.15462779940726093,1.822849461692212
2022-02-28,Brazil,218.91,0.0215,672.4018412910257,0.08693583566561863,True,628.5583025000001,126.52351205349234,0.15525146086739677,4.504039506080967
2022-03-31,Brazil,211.99,0.0231,667.0960264627411,0.10398307467448283,True,633.0986785,133.0404223052856,0.14905280211045874,6.487788772842663
2022-04-30,Brazil,226.65,0.0299,,,False,652.3952765,126.69395537966156,0.13557839274254324,4.717488053591592
2022-05-31,Brazil,220.43,0.0299,685.169933182009,0.0776948748666999,True,652.3952765,133.16079334025824,0.13814726560513846,3.6217990642251072
2022-06-30,Brazil,283.0,0.0326,671.8865534864233,0.07469517135438981,True,660.0571610000001,120.85447089047234,0.17645764842600534,3.3474859995182285
2022-07-31,Brazil,269.8401,0.0335,676.186187449027,0.0661743831472139,True,662.6111225,122.24484607490277,0.1757648220439129,2.627194197967079
2022-08-31,Brazil,254.8,0.0335,671.5737865907225,0.08532558111284165,True,662.6111225,124.9612576729962,0.176771477586482,4.368279446037743
2022-09-30,Brazil,306.0901,0.0382,639.8329752152865,0.09775449102572388,True,675.948477,109.35617244888115,0.22457121671562932,5.695730774694284
2022-10-31,Brazil,274.79,0.0382,661.674891126918,0.06994586875723303,True,675.948477,111.82289754249241,0.22637520710119044,2.935262318474189
2022-11-30,Brazil,257.8,0.0428,656.16448241461,0.0660526841144632,True,689.002058,107.86730262194571,0.2283245601263885,2.617537713373099
2022-12-31,Brazil,250.54,0.0387,680.0404650644049,0.052236601734872386,True,677.3673445000001,123.81426846188701,0.2641370708269305,1.6368248227597828
2023-01-31,Brazil,229.27,0.0387,693.5291364400442,0.050695459086909846,True,687.985914,128.1081022723161,0.26378179142932445,1.2450008004915414
2023-02-28,Brazil,232.53,0.0381,692.2211158362588,0.04704872267016317,True,686.256582,126.08498173655592,0.2502827249502986,0.8998332469063908
2023-03-31,Brazil,224.04,0.0394,692.8495949170775,0.05006358107760327,True,690.0034679999999,127.95345011932982,0.24492564600379282,1.4929749047870673
2023-04-30,Brazil,217.61,0.038,693.3987947496468,0.04515717815728477,True,685.96836,127.02644355428214,0.2399530966609935,0.9198728443930486
2023-05-31,Brazil,207.85,0.038,692.204229224659,0.05074716699862807,True,685.96836,126.87436539312307,0.23380209510845665,1.5447794800719385
2023-06-30,Brazil,175.95,0.0404,682.8171772052116,0.03976752920138374,True,692.885688,117.31139507052309,0.2263556873888538,0.7177224183235064
2023-07-31,Brazil,161.84,0.0404,684.2498744839451,0.040004181694169895,True,692.885688,118.61703889937786,0.22633112859325222,0.42841721785727715
2023-08-31,Brazil,173.67,0.0415,678.450524503894,0.038941274923098006,True,696.0561299999999,113.34580099085578,0.2284080664889467,0.3476492073565129
2023-09-30,Brazil,186.1,0.0465,677.1967574250434,0.03273398121741698,True,710.46723,114.45819622503471,0.18313678290536214,0.6423973178235787
2023-10-31,Brazil,186.08,0.0465,671.5898397701969,0.054157720701410686,True,710.46723,114.85572055297006,0.18202561242037288,1.7594795448101133
2023-11-30,Brazil,147.21,0.0513,670.3921956348239,0.04765397476447142,True,724.301886,113.27375589541856,0.17825788176025617,1.3577120760514123
2023-12-31,Brazil,131.47,0.0432,681.2057081296306,0.04039163244626439,True,700.9559039999999,117.77363894277077,0.11261473229329902,0.9784262453482908
2024-01-31,Brazil,137.46,0.0432,709.0551813998112,0.04261188589271046,True,738.3685760000001,116.21353394715698,0.10474904320776125,1.0890149100682962
2024-02-29,Brazil,122.68,0.0438999999999999,703.8136843486161,0.031492785362790036,True,740.4938144999996,110.42944698778338,0.11315709951217731,0.5934613687808841
2024-03-31,Brazil,138.42,0.0446,709.4049778590801,0.023712575353725774,True,742.619053,115.39088465865854,0.1237036909060943,0.3368185078991433
2024-04-30,Brazil,150.21,0.0446,707.0805961573341,0.025868302256963807,True,742.619053,113.12514092514394,0.12419182691566796,0.40095711311060883
2024-05-31,Brazil,143.35,0.0471,711.1860089104405,0.02957006434642365,True,750.2091905,118.8907224631942,0.1376770160645435,0.5238722618413199
2024-06-30,Brazil,169.97,0.0454,708.8438873322727,0.024063918424559703,True,745.047897,115.31166940419732,0.11675566302451211,0.34689147063356346
2024-07-31,Brazil,155.12,0.0454,706.2698349362796,0.035359144530092486,True,745.047897,114.0313961046053,0.11627462419046526,0.7496655582247703
2024-08-31,Brazil,149.31,0.0425,709.5351349771577,0.03474553995952384,True,736.2433375,115.20464612453112,0.10722491710610227,0.7238520409178727
2024-09-30,Brazil,153.03,0.0425,710.1819414164329,0.048924058617849306,True,736.2433375,118.95387150505556,0.11136040261595598,1.422469530704951
2024-10-31,Brazil,157.09,0.0409999999999999,691.9730557991135,0.07433970636641335,True,731.6892549999997,114.09963083188914,0.120052773763458,3.3156955765523706
2024-11-30,Brazil,161.46,0.0463,704.1233715697172,0.03779187560300684,True,747.7803465,112.24137938591952,0.1203881580125698,0.8564544425350917
2024-12-31,Brazil,205.02,0.0463,700.9214348522564,0.029058321613191475,True,747.7803465,108.19181287456446,0.11689183874083384,0.5061019093010024
2015-01-31,Chile,105.92,0.022,190.4548082262139,0.10732294011015119,True,170.60255999999998,44.343260768864035,0.14378121703670138,6.883217345026881
2015-02-28,Chile,87.14,0.0233999999999999,192.60967927800527,0.09796751066070214,True,171.67843199999993,45.05254297343848,0.14353033022985331,5.758779539831991
2015-03-31,Chile,84.42999,0.0233999999999999,192.6392206355241,0.0907703066430104,True,171.67843199999993,44.4963387379526,0.14369477101118555,4.9436356043553475
2015-04-30,Chile,83.68999,0.0241,197.59763465540343,0.040518197597993716,True,172.216368,45.037746539409774,0.1425448986354377,0.984571317590502
2015-05-31,Chile,80.20999,0.0269,198.53591750385306,0.035452957781528495,True,174.368112,46.162645067428095,0.12948479410487973,0.7536519799067671
2015-06-30,Chile,86.14999,0.0269,197.13325895790734,0.03306760441931172,True,174.368112,44.737872067403934,0.13337746622934063,0.6555709085060676
2015-07-31,Chile,102.71,0.0277,194.64910138546662,0.04619292229843084,True,174.98289599999998,42.55377490983933,0.1417232090432603,1.2798493596458795
2015-08-31,Chile,120.73,0.0277,190.17456955967984,0.09297250018887476,True,174.98289599999998,41.691198393731355,0.11467774280079329,5.186451655297059
2015-09-30,Chile,136.5,0.0255,192.73365201842432,0.06415314725542309,True,173.29224,41.343770538203806,0.11338012631984164,2.46911863862289
2015-10-31,Chile,120.22,0.025,193.87813300978058,0.05405111976186565,True,172.908,41.957294142601874,0.08479035021401607,1.752557485191959
2015-11-30,Chile,124.66,0.025,191.0968830606991,0.07225447385103123,True,172.908,40.510490894684835,0.08937837338643036,3.1322603344023494
2015-12-31,Chile,127.11,0.0269,191.59760266566514,0.06733686681677375,True,174.368112,41.89259227815144,0.09682690261385458,2.7203299192815336
2016-01-31,Chile,134.43,0.0249,193.79698982843658,0.11736845109747293,True,179.4848185,44.75369193290768,0.1147478260072322,8.228645440637633
2016-02-29,Chile,119.25,0.0249,197.0095483809733,0.11150880837775091,True,179.4848185,46.03236884914319,0.11714833906690698,7.460964622366987
2016-03-31,Chile,102.95,0.022,204.22648446313502,0.06532520625645423,True,177.17043,46.60507694159363,0.11648754954057317,2.560185045728421
2016-04-30,Chile,99.5,0.0220999999999999,204.56943710306552,0.055584680143787604,True,177.25023649999991,46.46762070004876,0.11629875824485715,1.8534513666232515
2016-05-31,Chile,106.9,0.0220999999999999,203.0672773500871,0.044475203868284977,True,177.25023649999991,44.62122517447261,0.12099115116234323,1.1863909953952416
2016-06-30,Chile,112.28,0.0222,203.77074568813094,0.04449806057474335,True,177.330043,45.45562424382412,0.11841843303359534,1.1876113463235816
2016-07-31,Chile,86.18999,0.0182,206.04892905348012,0.051770851425213205,True,174.137783,47.50983646311273,0.11108970767303489,1.60775588419445
2016-08-31,Chile,74.81,0.0182,204.7897511898788,0.047818575984984,True,174.137783,46.26774923217272,0.11298757946833103,1.3715601776873652
2016-09-30,Chile,86.18999,0.0202,204.75773215324975,0.04735978738071024,True,175.733913,46.23721049814232,0.11197724853382907,1.345356490003473
2016-10-31,Chile,88.65999,0.0202,204.44850978233382,0.051462105687035783,True,175.733913,46.54140267247221,0.11184478722112051,1.5886295870257316
2016-11-30,Chile,93.59,0.0217,201.96396995188005,0.06042657745718926,True,176.9310105,44.132261854279115,0.12065907667897077,2.1905269301744736
2016-12-31,Chile,82.71999,0.0283999999999999,205.3928211928042,0.03068602994830138,True,182.27804599999993,47.24958371861576,0.13327770547592166,0.5522531945461594
2017-01-31,Chile,81.98,0.0283999999999999,212.50862427001152,0.03117835027323564,True,188.67781399999993,48.83514021572432,0.12171271823308129,0.5827346328402941
2017-02-28,Chile,74.67999,0.0275,212.8959300388874,0.02758333226037174,True,187.93433750000003,49.10588563643947,0.11955867344064622,0.30828442719601895
2017-03-31,Chile,71.95999,0.0283,211.02466212652715,0.02836711705840009,True,188.59520550000002,47.31640136264072,0.12645048402281778,0.3889328345398172
2017-04-30,Chile,72.17,0.0266999999999999,211.50487289829576,0.028501721100520613,True,187.27346949999992,47.638621298965994,0.12647135527493567,0.43168280050536667
2017-05-31,Chile,70.89999,0.0266999999999999,211.13472682727814,0.03282147821016215,True,187.27346949999992,47.32103049248298,0.11829183595317685,0.6458393391203243
2017-06-30,Chile,66.20999,0.0254,213.24910558383985,0.028399925233775644,True,186.19955900000002,49.259312414877904,0.12289488128510444,0.4387619939679188
2017-07-31,Chile,66.7,0.0254,214.21371721922606,0.03036913890361862,True,186.19955900000002,50.24449866890333,0.11705574469085002,0.5528475259683489
2017-08-31,Chile,61.01999,0.0265,215.25562401755087,0.02765052288382308,True,187.10825250000002,51.37253522751672,0.1129742239795075,0.4581944734322466
2017-09-30,Chile,59.04999,0.0253,215.45011782253908,0.026940835391621492,True,186.11695050000003,51.44953082614555,0.11279920548439955,0.35803811936115065
2017-10-31,Chile,51.87999,0.0253,215.78016493109084,0.027071896809890483,True,186.11695050000003,51.77933550554347,0.11280312933380603,0.30326631414014066
2017-11-30,Chile,54.26999,0.0265,216.4985353170442,0.02330252683043266,True,187.10825250000002,52.61701794910866,0.09025785718567793,0.3252498175596807
2017-12-31,Chile,48.82999,0.026,222.20927136785423,0.030188913679779075,True,186.69521,58.27324780658131,0.11511277316303091,0.19563837047580643
2018-01-31,Chile,42.75,0.026,237.92625128760176,0.028406621183581688,True,203.37288,59.3457615638987,0.11387977880422429,0.21626669571252263
2018-02-28,Chile,46.81999,0.0273,238.53918293851967,0.028565798163303752,True,204.542724,60.09549545198199,0.11337421206436957,0.3615679259747751
2018-03-31,Chile,51.25999,0.0297,236.4940041087833,0.02709390456734857,True,206.702436,58.31694372333955,0.10986566479271691,0.29540325356595837
2018-04-30,Chile,49.31,0.0297,236.1421494281951,0.0274846944440937,True,206.702436,57.965636834077536,0.11194941941584385,0.41921854353304006
2018-05-31,Chile,53.7,0.0296,234.6976599966456,0.028318063942039992,True,206.612448,56.50997092890269,0.1175851154489306,0.38977994753400685
2018-06-30,Chile,61.56,0.0298,234.22034636586105,0.027796239700314942,True,206.79242399999998,56.05555020164661,0.11611970847048986,0.37195681399376673
2018-07-31,Chile,49.42,0.0298,234.9533190341751,0.027979165268729195,True,206.79242399999998,56.78830249021735,0.11574077588264953,0.3461353462280432
2018-08-31,Chile,55.57999,0.0297,230.78777355391168,0.03268535728185716,True,206.702436,52.61470729648679,0.14326758633685532,0.2937904351497556
2018-09-30,Chile,44.67999,0.0308,233.68965370600267,0.03649965589972712,True,207.692304,55.64828544192098,0.15311251738348253,0.3541555298477417
2018-10-31,Chile,50.73999,0.0308,231.1173968978492,0.037351206233265065,True,207.692304,53.08553545212833,0.16225553889514902,0.5115917470113821
2018-11-30,Chile,57.56,0.0327,227.16480908585015,0.09860504631281894,True,209.402076,53.647977451917804,0.16183097016384834,5.833983190442014
2018-12-31,Chile,63.25999,0.0327,226.10802668729684,0.08451767302414451,True,209.402076,51.84770975571467,0.121986522648668,4.285937368881799
2019-01-31,Chile,48.84,0.0298,238.87453502810988,0.037831655439727475,True,211.66878,56.54174854819942,0.15407813582119048,0.8582596682354521
2019-02-28,Chile,47.62,0.0289,241.70479035840114,0.03970401989607237,True,210.83979,59.24671871942049,0.16169427789886492,0.5199343247912743
2019-03-31,Chile,45.18999,0.0279999999999999,238.27730584793105,0.03998209556087077,True,210.0107999999999,55.72060435759044,0.17058040302849087,0.35492874728972557
2019-04-30,Chile,38.78,0.0279999999999999,238.65278785250507,0.04027370177217882,True,210.0107999999999,56.09965608230421,0.17087777689302763,0.46872759540501036
2019-05-31,Chile,51.7,0.0263,236.37950345240355,0.06846391708266512,True,208.44493,55.32803697982532,0.16958635314696402,2.8058186100491014
2019-06-30,Chile,38.78999,0.0236,240.52596467193092,0.047721694710906586,True,205.95795999999999,57.65629389816141,0.17467249776742289,1.3660057685226032
2019-07-31,Chile,34.64,0.0236,239.10202551465443,0.0415884137937469,True,205.95795999999999,56.09801569030739,0.17664626645503856,0.5487000877117992
2019-08-31,Chile,36.17999,0.0191,236.96296138573206,0.03736925973280501,True,201.81301,53.55573189157718,0.16485946074370153,0.6369264977307264
2019-09-30,Chile,37.82999,0.0191,236.35798206945012,0.046028145969191255,True,201.81301,53.170438851068944,0.15377772477426407,1.2707305839660108
2019-10-31,Chile,38.51999,0.0197,238.20339811576437,0.039597942124597975,True,202.36567,54.93814675180076,0.1499039989793726,0.9403287845071369
2019-11-30,Chile,57.28,0.0213,236.8218865044562,0.04147832605060856,True,203.83943,53.7045091778991,0.15172207315698152,1.0318141948658293
2019-12-31,Chile,42.50999,0.0213,241.26746200292604,0.03971238651262136,True,203.83943,58.035517983613026,0.16478853506891536,0.4201297121324613
2020-01-31,Chile,51.35999,0.0207,252.82220739630347,0.049914406108851124,True,218.92998599999999,55.86176692862837,0.14728562087179012,1.4944762823564535
2020-02-29,Chile,69.42999,0.0181,250.2428160284452,0.08243790783565726,True,216.35083799999998,55.717818276615446,0.13779862211343838,4.077571392534991
2020-03-31,Chile,125.23,0.0181,230.90139462811987,0.15764974079036242,True,216.35083799999998,54.80441141863527,0.12448689325578177,14.913535326937525
2020-04-30,Chile,121.85,0.0126,235.79837803612804,0.15713426036715425,True,210.894948,57.257147170651805,0.13238209225496284,14.816162811903569
2020-05-31,Chile,93.71001,0.0112,253.0194656479234,0.1353514380221395,True,209.50617599999998,65.59730752667723,0.18679048937449416,10.992933521921893
2020-06-30,Chile,87.78278,0.0112,254.4597051821158,0.10398307467448283,True,209.50617599999998,64.02297214975032,0.18793282035468972,6.487788772842663
2020-07-31,Chile,70.64996,0.0109,272.15877616842494,0.06343847589287324,True,209.20858199999998,74.29313687294409,0.2290628210736617,2.2283680061025595
2020-08-31,Chile,60.78,0.0109,270.002997235286,0.060507545341542755,True,209.20858199999998,72.04182969728141,0.22435931916555427,0.6668639871024125
2020-09-30,Chile,73.42999,0.0113999999999999,276.91107191219214,0.06688644623337768,True,209.70457199999987,79.06639203976427,0.231094236191405,2.1388541497431084
2020-10-31,Chile,57.55,0.0134,275.48192606164747,0.1347608018572605,True,211.68853199999998,85.43189007146162,0.23530796677621504,10.865744796591631
2020-11-30,Chile,49.50999,0.0134,283.82510011328105,0.07026155615627444,True,211.68853199999998,86.09415278312761,0.22879031621136045,2.924743050499077
2020-12-31,Chile,46.74001,0.0139999999999999,288.9400367055246,0.07192549427541789,True,212.28371999999987,91.16372530385374,0.22596914365465745,1.1562523645655316
2021-01-31,Chile,54.39,0.0163,306.0962964000769,0.06877687615208371,True,225.4765275,98.37924917971652,0.21266007673286694,1.472095997379077
2021-02-28,Chile,56.86,0.0187999999999999,305.19091783554154,0.06891972858172847,True,228.08258999999993,97.69861048589429,0.21381483475772148,1.8480191835805522
2021-03-31,Chile,58.87,0.0187999999999999,303.9737738051598,0.06796655110388322,True,228.08258999999993,96.4963836379816,0.21251099396388345,2.499182126389179
2021-04-30,Chile,52.85001,0.022,310.8146898478829,0.07166839387315942,True,231.41835,103.6059909139335,0.21379027891962588,1.2247588712057655
2021-05-31,Chile,68.61,0.022,308.873238442098,0.06644773729055,True,231.41835,101.6178162402815,0.20124898962933332,0.7378257936958166
2021-06-30,Chile,60.61,0.0222,320.4129387652561,0.07121655855945438,True,231.62683500000003,113.17058995499451,0.20104854132593708,0.6776194714737536
2021-07-31,Chile,70.42999,0.0187,328.58139484897464,0.06274097938476117,True,227.9783475,120.96203373069207,0.17032000282694656,0.6856116203731558
2021-08-31,Chile,60.63,0.0187,324.5056650466542,0.061984110512172105,True,227.9783475,116.8887756908344,0.17194023320771853,0.7980024549600823
2021-09-30,Chile,83.22,0.0183,324.58483835240827,0.05977954481844519,True,227.56137750000002,116.932301367908,0.16581243106884672,1.2616707661279745
2021-10-31,Chile,88.66,0.0203,329.4530029165052,0.05890717382729992,True,229.6462275,121.97841327571274,0.15903113774407004,1.1670206182942497
2021-11-30,Chile,97.78999,0.0203,318.1037100534417,0.1451415904545844,True,229.6462275,119.25014457930142,0.1663281793262278,12.612285700108849
2021-12-31,Chile,70.71001,0.019,347.6479917481991,0.05873277241627072,True,257.768475,113.2845248901792,0.17979187275468786,1.871657677120359
2022-01-31,Chile,83.75999,0.019,353.06961992298545,0.0577885954496264,True,257.768475,118.69051840743441,0.17162181176104382,1.822849461692212
2022-02-28,Chile,80.83,0.0215,348.25849336247535,0.0866411573100491,True,260.7110375,115.49888593078603,0.175692371528277,4.504039506080967
2022-03-31,Chile,72.86,0.0231,342.94751434411,0.10411883572594482,True,262.5942775,112.77307344203656,0.17793485346562582,6.487788772842663
2022-04-30,Chile,105.62,0.0299,329.8265163231496,0.08867010951160471,True,270.5980475,98.5046543728727,0.21928786723723845,4.717488053591592
2022-05-31,Chile,85.92999,0.0299,333.89725050552033,0.0776948748666999,True,270.5980475,101.61179180599707,0.2212724548796996,3.6217990642251072
2022-06-30,Chile,106.16,0.0326,318.6028956630907,0.07479121324339097,True,273.77601500000003,87.03589318638139,0.23706513137894242,3.3474859995182285
2022-07-31,Chile,129.34,0.0335,314.88026027448115,0.0661743831472139,True,274.8353375,83.05498768708823,0.21719193605753792,2.627194197967079
2022-08-31,Chile,147.3,0.0335,314.109680765584,0.08532558111284165,True,274.8353375,83.765818664623,0.22074725024204497,4.368279446037743
2022-09-30,Chile,168.05,0.0382,298.1111452858372,0.09760236648675784,True,280.367355,71.91625808896389,0.2504384780637105,5.695730774694284
2022-10-31,Chile,149.49,0.0382,304.117973070674,0.07001973580056575,True,280.367355,73.76026470428404,0.244844866643311,2.935262318474189
2022-11-30,Chile,113.22,0.0428,301.57742393649886,0.06605268411446633,True,285.78167,71.72827367921838,0.24444527122983606,2.617537713373099
2022-12-31,Chile,108.41,0.0387,304.43145540160344,0.062442835935717325,True,280.9558675,73.38621463787226,0.25259668943058095,1.6368248227597828
2023-01-31,Chile,100.9,0.0387,304.45046473664604,0.0658964855011785,True,276.326281,77.18312650704655,0.2539906459550355,1.2450008004915414
2023-02-28,Chile,91.85001,0.0381,301.7603841390337,0.06400780677175218,True,275.631703,74.35844532417576,0.2538180010245267,0.8998332469063908
2023-03-31,Chile,102.9,0.0394,302.8379923711004,0.06673993223931625,True,277.136622,75.78346204541188,0.2597296584844297,1.4929749047870673
2023-04-30,Chile,99.64999,0.038,302.8416509494755,0.05940696874845808,True,275.51594,75.26733855770081,0.2352250710205842,0.9198728443930486
2023-05-31,Chile,83.74001,0.038,303.64680033533836,0.05883304744793071,True,275.51594,76.08744273039115,0.23104231044388251,1.5447794800719385
2023-06-30,Chile,73.13,0.0404,300.91853482394964,0.044940283915277934,True,278.29425200000003,73.5767406772493,0.18301887168806705,0.7177224183235064
2023-07-31,Chile,64.78,0.0404,298.4555087372905,0.04326298667904825,True,278.29425200000003,71.09960792446306,0.18098018060146048,0.42841721785727715
2023-08-31,Chile,60.27,0.0415,295.7872664098507,0.04205184486504242,True,279.567645,68.64105189961529,0.18060069773339615,0.3476492073565129
2023-09-30,Chile,74.21001,0.0465,292.04737933154917,0.03273398121717087,True,285.355795,65.98161214000052,0.1089613703679462,0.6423973178235787
2023-10-31,Chile,80.17999,0.0465,290.01578380907955,0.05415772070138442,True,285.355795,64.7178218004427,0.10344434970978292,1.7594795448101133
2023-11-30,Chile,59.25,0.0513,291.51877169067455,0.04757666701972046,True,290.912419,67.33041520411473,0.11291149300751983,1.3577120760514123
2023-12-31,Chile,50.34,0.0432,294.21691719907625,0.040391632446264404,True,281.535616,67.6122244149693,0.10932454891110972,0.9784262453482908
2024-01-31,Chile,54.25999,0.0432,302.3920597847103,0.04261188589271046,True,295.90752,64.39684782925578,0.09692316909667846,1.0890149100682962
2024-02-29,Chile,47.34,0.0438999999999999,299.3090114267804,0.03146370824464754,True,296.75922749999984,61.16524324454902,0.10140708496439815,0.5934613687808841
2024-03-31,Chile,54.82001,0.0446,299.2438505454848,0.023712575353725774,True,297.610935,61.153587932999415,0.09579152405045853,0.3368185078991433
2024-04-30,Chile,60.28,0.0446,301.22277747950324,0.02586830225696399,True,297.610935,63.13111698412495,0.10771151871237211,0.40095711311060883
2024-05-31,Chile,50.33,0.0471,302.7596988399443,0.02956347741074904,True,300.65274750000003,65.24504671593533,0.11540877711450413,0.5238722618413199
2024-06-30,Chile,57.23,0.0454,302.8538697982232,0.024294002186276815,True,298.584315,64.90842765645166,0.11331465159123537,0.34689147063356346
2024-07-31,Chile,56.28999,0.0454,301.8273053986968,0.035359144530092486,True,298.584315,64.05316367023728,0.1104121917395533,0.7496655582247703
2024-08-31,Chile,50.22,0.0425,304.50752744533577,0.03474553995952384,True,295.0558125,66.08046135774372,0.11295091245023357,0.7238520409178727
2024-09-30,Chile,54.34,0.0425,304.48744922887704,0.04869757025738861,True,295.0558125,67.01541996395153,0.1066738553251517,1.422469530704951
2024-10-31,Chile,55.23,0.0409999999999999,299.39513320543875,0.07433970636641335,True,293.2307249999999,63.55923488094487,0.11841552546522977,3.3156955765523706
2024-11-30,Chile,54.78999,0.0463,299.4303296703951,0.037791875603006876,True,299.6793675,61.93171966161072,0.11154504589961155,0.8564544425350917
2024-12-31,Chile,63.21001,0.0463,298.35537062879865,0.02905832161319148,True,299.6793675,60.696098974387326,0.11154729545851502,0.5061019093010024
2015-01-31,China,91.14,0.022,2836.7259170956904,0.10720089610509644,True,1974.0029100000002,1077.1415508745654,0.2580996779930981,6.883217345026881
2015-02-28,China,82.76999,0.0233999999999999,2981.386573821394,0.0979809136111733,True,1986.4515769999991,1224.447916231661,0.1869278864064543,5.758779539831991
2015-03-31,China,94.82999,0.0233999999999999,2997.2835861887393,0.0907703066430104,True,1986.4515769999991,1235.1954213089734,0.18540447668582183,4.9436356043553475
2015-04-30,China,91.14,0.0241,2827.687584525893,0.08934536666922654,True,1992.6759105,1062.7835339591206,0.2359188131864988,0.984571317590502
2015-05-31,China,86.7,0.0269,2758.498703305761,0.08983718457659477,True,2017.5732445,996.9908718123595,0.24597275016342435,0.7536519799067671
2015-06-30,China,88.92999,0.0269,2756.851022813307,0.08973408322494787,True,2017.5732445,995.3223195429555,0.2459654908479972,0.6555709085060676
2015-07-31,China,100.49,0.0277,2744.936301441774,0.08887242963916492,True,2024.6867685000002,984.3548694881747,0.2451666404098248,1.2798493596458795
2015-08-31,China,111.05,0.0277,2712.155644599873,0.09297250018887476,True,2024.6867685000002,956.787554175513,0.24183367590221713,5.186451655297059
2015-09-30,China,123.8,0.0255,2729.3102746366153,0.08672887109170364,True,2005.1245775,966.5607798395032,0.24218721917489303,2.46911863862289
2015-10-31,China,104.91,0.025,2739.7738101571363,0.08716358479951576,True,2000.678625,976.3443832940176,0.24204361342717443,1.752557485191959
2015-11-30,China,99.25,0.025,2727.6463424824956,0.08667687761595817,True,2000.678625,964.5626181865556,0.2422780116573846,3.1322603344023494
2015-12-31,China,109.83,0.0269,2711.467869421365,0.08596554002802032,True,2017.5732445,950.2508148578684,0.24245852000132453,2.7203299192815336
2016-01-31,China,124.29,0.0249,2446.249154413665,0.13222834692745944,True,1499.8232404999999,1126.3728259530747,0.2830560289644529,8.228645440637633
2016-02-29,China,133.34,0.0249,2454.921519396122,0.11558154593581867,True,1499.8232404999999,1132.5205831859148,0.2487113756553684,7.460964622366987
2016-03-31,China,127.63,0.022,2428.600465469888,0.11384127000677877,True,1480.48359,1103.8580415984818,0.2487885147228479,2.560185045728421
2016-04-30,China,126.92,0.0220999999999999,2357.913370247868,0.09121854584124767,True,1481.1504744999993,1032.0613495636146,0.20795301236268812,1.8534513666232515
2016-05-31,China,123.02,0.0220999999999999,2344.0359906988388,0.08592125370426298,True,1481.1504744999993,1018.0296983417902,0.1975660266624116,1.1863909953952416
2016-06-30,China,127.79,0.0222,2311.4727784690435,0.08563739370997393,True,1481.8173590000001,985.5746644851895,0.20051251705990503,1.1876113463235816
2016-07-31,China,110.78,0.0182,2329.755546476616,0.08647471873479048,True,1455.141979,1001.442419985032,0.20082705512827134,1.60775588419445
2016-08-31,China,101.96,0.0182,2324.6075513356277,0.08515520865826619,True,1455.141979,996.257732101345,0.1983911953275958,1.3715601776873652
2016-09-30,China,106.36,0.0202,2339.7220675411136,0.08612058721183473,True,1468.479669,1012.5312845136104,0.19870852770196118,1.345356490003473
2016-10-31,China,106.97,0.0202,2323.6861196882865,0.08570829449572935,True,1468.479669,996.521549618528,0.19952385639059064,1.5886295870257316
2016-11-30,China,118.85,0.0217,2281.098087598723,0.08564517108293276,True,1478.4829365,954.9881072402122,0.2040957902039576,2.1905269301744736
2016-12-31,China,117.88,0.0283999999999999,2315.9285217995393,0.08927789638827434,True,1523.1641979999995,994.6845241227243,0.2074607252936823,0.5522531945461594
2017-01-31,China,108.58,0.0283999999999999,2404.7323320481373,0.04292609232879751,True,1614.6783679999994,1003.8030988736961,0.10283460488258468,0.5827346328402941
2017-02-28,China,91.39,0.0275,2697.51662531202,0.14054502784567732,True,1608.3158,1299.9412107372668,0.287977773924385,0.30828442719601895
2017-03-31,China,82.54999,0.0283,2394.4997776826435,0.17358163548279765,True,1613.9714159999999,1020.3427562089796,0.38387897110100083,0.3889328345398172
2017-04-30,China,81.31,0.0266999999999999,2410.4964285884353,0.17144270805833975,True,1602.6601839999994,1032.9530196688743,0.37835972277077307,0.43168280050536667
2017-05-31,China,77.81999,0.0266999999999999,2416.364882605334,0.17177802784988294,True,1602.6601839999994,1038.7209222200943,0.37808562981694194,0.6458393391203243
2017-06-30,China,70.25,0.0254,2419.674851452673,0.17081679714417336,True,1593.469808,1040.3363989613536,0.3762674631190131,0.4387619939679188
2017-07-31,China,64.17999,0.0254,2426.5325802428265,0.17127413271315478,True,1593.469808,1047.1087795073274,0.3760716767674519,0.5528475259683489
2017-08-31,China,61.18999,0.0265,2438.7655108874596,0.1723835911327976,True,1601.24628,1060.1296302345795,0.37602772618378083,0.4581944734322466
2017-09-30,China,62.79999,0.0253,2487.1699977332155,0.17731077783578705,True,1592.762856,1108.035735257579,0.3779602259054637,0.35803811936115065
2017-10-31,China,47.03,0.0253,2487.7343202836005,0.17689896358253837,True,1592.762856,1108.3306217095069,0.3772101185150687,0.30326631414014066
2017-11-30,China,59.56,0.0265,2480.7016189556807,0.1742751045463179,True,1601.24628,1101.0252859182033,0.3735575808392973,0.3252498175596807
2017-12-31,China,50.78999,0.026,2539.5378826787337,0.17940615800998916,True,1597.71152,1159.5396153679374,0.3746514974790327,0.19563837047580643
2018-01-31,China,51.70999,0.026,2862.465297631981,0.1654965889975498,True,1933.2266,1193.716949202382,0.374969138017543,0.21626669571252263
2018-02-28,China,58.21999,0.0273,2944.1991622154296,0.1160400125192611,True,1944.34693,1251.4651944340947,0.26967538331216284,0.3615679259747751
2018-03-31,China,64.92,0.0297,2899.911836719192,0.03675572588047278,True,1964.8767699999999,1206.1880477640468,0.08836794824266872,0.29540325356595837
2018-04-30,China,58.78999,0.0297,2888.861164426643,0.03780018372778532,True,1964.8767699999999,1195.137379277599,0.09136980976786492,0.41921854353304006
2018-05-31,China,55.78,0.0296,2851.509426844369,0.04117488465591027,True,1964.02136,1157.676318691974,0.10141913591902091,0.38977994753400685
2018-06-30,China,69.78999,0.0298,2774.6980859843275,0.04978859057322793,True,1965.73218,1081.0849825156588,0.1277850873118393,0.37195681399376673
2018-07-31,China,57.40999,0.0298,2744.062895444391,0.05037756602053326,True,1965.73218,1050.450423903359,0.1315972366484309,0.3461353462280432
2018-08-31,China,59.96999,0.0297,2747.78008888768,0.05025428919692143,True,1964.8767699999999,1054.0576239027318,0.13100367296889662,0.2937904351497556
2018-09-30,China,56.95999,0.0308,2760.149040743911,0.047512811872207524,True,1974.2862799999998,1067.6492279030326,0.12283196114041767,0.3541555298477417
2018-10-31,China,73.03,0.0308,2748.6353878633154,0.04726313766026987,True,1974.2862799999998,1056.1360107827254,0.12300262814279538,0.5115917470113821
2018-11-30,China,69.51999,0.0327,2686.453907843633,0.09860504631281894,True,1990.5390699999998,1020.2919485641096,0.1267550472002762,5.833983190442014
2018-12-31,China,67.75999,0.0327,2711.8563955734717,0.08451767302414123,True,1990.5390699999998,1032.435744947317,0.11223321260898897,4.285937368881799
2019-01-31,China,59.10999,0.0298,3042.8615832759765,0.04693367690587914,True,2253.834738,1101.0342699788753,0.12969882362498644,0.8582596682354521
2019-02-28,China,52.12999,0.0289,3260.5100244926607,0.09097414928923103,True,2245.007709,1318.5147387342067,0.22400717908292364,0.5199343247912743
2019-03-31,China,46.0,0.0279999999999999,3071.329835431262,0.10198246582107469,True,2236.180679999999,1132.0135630803015,0.2719418721047732,0.35492874728972557
2019-04-30,China,42.7,0.0279999999999999,3068.2591186523496,0.10181195879986732,True,2236.180679999999,1128.9743964238464,0.27191759799313253,0.46872759540501036
2019-05-31,China,59.70999,0.0263,3030.5201633029574,0.09987140179120252,True,2219.507403,1090.0205731774045,0.2722921339918387,2.8058186100491014
2019-06-30,China,44.76999,0.0236,3051.5172046877697,0.0971698182278372,True,2193.026316,1106.6992825935463,0.26374812751645665,1.3660057685226032
2019-07-31,China,40.07999,0.0236,3049.9723620084387,0.09618783323297421,True,2193.026316,1104.7234410233284,0.26169494513530656,0.5487000877117992
2019-08-31,China,46.73,0.0191,3032.399458362648,0.09532513499179553,True,2148.8911709999998,1083.091321759092,0.26279581369584065,0.6369264977307264
2019-09-30,China,47.89,0.0191,3037.445117217215,0.09556060063691547,True,2148.8911709999998,1088.284703033332,0.2625668163248125,1.2707305839660108
2019-10-31,China,40.21999,0.0197,3062.006129884533,0.09707402270586865,True,2154.7758569999996,1113.2788738445138,0.26297617565198617,0.9403287845071369
2019-11-30,China,39.60999,0.0213,3056.8451426915394,0.09562932405674604,True,2170.4683529999998,1109.273306145574,0.2597823496941615,1.0318141948658293
2019-12-31,China,32.2,0.0213,3062.792661194618,0.09587754610980515,True,2170.4683529999998,1115.0458959322452,0.25973158690090803,0.4201297121324613
2020-01-31,China,40.90999,0.0207,3492.8062334546735,0.14540049473004962,True,2332.977767,1411.7907037424254,0.34439269672556755,1.4944762823564535
2020-02-29,China,49.92999,0.0181,3419.3043781005053,0.12175750705878688,True,2305.493661,1325.122360118723,0.30521372015259307,4.077571392534991
2020-03-31,China,50.5,0.0181,,,False,2305.493661,1305.6652426426624,0.2572386003732981,14.913535326937525
2020-04-30,China,51.33,0.0126,3297.184730623877,0.15713426036715425,True,2247.354206,1257.550541251005,0.26171700113142915,14.816162811903569
2020-05-31,China,56.84,0.0112,3278.169476694119,0.1353514380221395,True,2232.5550719999997,1208.9985333597283,0.26253357773570424,10.992933521921893
2020-06-30,China,50.73338,0.0112,3320.4390892806477,0.10398307467448283,True,2232.5550719999997,1219.0943744118372,0.2624363959276158,6.487788772842663
2020-07-31,China,44.42236,0.0109,3364.7044434766817,0.09989962421895862,True,2229.383829,1258.1011804147422,0.26318337452252877,2.2283680061025595
2020-08-31,China,36.39,0.0109,3385.4733989181555,0.09989518333124633,True,2229.383829,1278.1964004726408,0.2610658952519875,0.6668639871024125
2020-09-30,China,51.10001,0.0113999999999999,3397.4260813016995,0.10051705323631571,True,2234.6692339999986,1290.7668994016503,0.260925243664239,2.1388541497431084
2020-10-31,China,40.87,0.0134,3397.8081580445555,0.1345661918948106,True,2255.810854,1328.3255938305063,0.2612055765108449,10.865744796591631
2020-11-30,China,30.64999,0.0134,3457.1184201414385,0.10318492007780138,True,2255.810854,1351.705973219038,0.2604419024787778,2.924743050499077
2020-12-31,China,29.12,0.0139999999999999,3475.6335514444904,0.1038262236373199,True,2262.153339999999,1370.1674043120734,0.26018067355352614,1.1562523645655316
2021-01-31,China,32.10001,0.0163,3829.1842811905317,0.056814620921545926,True,2515.819908,1510.2968596102928,0.14402349471387113,1.472095997379077
2021-02-28,China,31.11,0.0187999999999999,3838.391081579629,0.05550319166906621,True,2544.897807999999,1523.2779363631103,0.12284967771078689,1.8480191835805522
2021-03-31,China,34.14999,0.0187999999999999,3820.211258099888,0.06454242913096152,True,2544.897807999999,1507.82194768434,0.12185438222922448,2.499182126389179
2021-04-30,China,38.14999,0.022,3704.860601547308,0.054785824867528594,True,2582.11752,1391.74312086365,0.145810715963712,1.2247588712057655
2021-05-31,China,38.08,0.022,3727.85794378184,0.05169296821251366,True,2582.11752,1414.7172070700117,0.1362050571848969,0.7378257936958166
2021-06-30,China,36.67,0.0222,3673.803129617347,0.054021213504686805,True,2584.443752,1360.9029317617228,0.14581160721716604,0.6776194714737536
2021-07-31,China,40.13,0.0187,3693.2845352426925,0.05361673570087955,True,2543.734692,1376.624345880376,0.1438288856037367,0.6856116203731558
2021-08-31,China,35.64,0.0187,3691.0849206967214,0.053546728829223914,True,2543.734692,1374.427283111947,0.14378272356724098,0.7980024549600823
2021-09-30,China,43.66,0.0183,3701.6930449928577,0.05377614149459899,True,2539.082228,1384.6542657486345,0.1437350026462869,1.2616707661279745
2021-10-31,China,46.08,0.0203,3723.985923011778,0.0538161321183493,True,2562.344548,1408.9785204432433,0.14221606277281823,1.1670206182942497
2021-11-30,China,52.25,0.0203,3639.3402234963496,0.14497778210772777,True,2562.344548,1411.7854663893543,0.14156821013558563,12.612285700108849
2021-12-31,China,41.19,0.019,4205.584029682587,0.055856927090811664,True,2983.16763,1493.4450455940416,0.15095455144493541,1.871657677120359
2022-01-31,China,50.03,0.019,4201.632211779498,0.055124047148251455,True,2983.16763,1492.2964536013212,0.11448181371411736,1.822849461692212
2022-02-28,China,63.38,0.0215,4431.09095751673,0.08667007401281067,True,3017.2220549999997,1729.198498087512,0.18777901790841595,4.504039506080967
2022-03-31,China,61.06,0.0231,4252.346152900475,0.10398307467448283,True,3039.0168869999998,1564.4283848715643,0.21777199018178706,6.487788772842663
2022-04-30,China,75.14999,0.0299,4123.613660561298,0.08867010951160471,True,3131.644923,1436.2894462828997,0.22005426350919263,4.717488053591592
2022-05-31,China,72.25,0.0299,4110.690000825943,0.07772471318797551,True,3131.644923,1416.973891798358,0.22004871381747668,3.6217990642251072
2022-06-30,China,80.64999,0.0326,4085.6962115587994,0.07469517135452301,True,3168.4237019999996,1395.9792619674179,0.2167144842816331,3.3474859995182285
2022-07-31,China,73.23,0.0335,4077.6039294464604,0.07429601093816862,True,3180.683295,1389.323066992934,0.2165580151221209,2.627194197967079
2022-08-31,China,66.24001,0.0335,4044.5553975074467,0.08532558111284165,True,3180.683295,1363.537080953408,0.21743824860661695,4.368279446037743
2022-09-30,China,108.88,0.0382,3976.2384490722075,0.09742980273614668,True,3244.7056139999995,1316.4987268576178,0.21985923152360456,5.695730774694284
2022-10-31,China,116.28,0.0382,3970.0091612473384,0.07185437458916244,True,3244.7056139999995,1291.719932999046,0.21896657935965283,2.935262318474189
2022-11-30,China,73.7,0.0428,3934.0177271181724,0.07109835295602863,True,3307.3657559999997,1266.0121422850943,0.21906505151768138,2.617537713373099
2022-12-31,China,76.67,0.0387,4119.6611166480325,0.09035651359526102,True,3251.516499,1444.7744184567293,0.2540700322229118,1.6368248227597828
2023-01-31,China,50.25,0.0387,3953.851794436119,0.09585831776443762,True,3020.154137,1469.0637956761561,0.2548167539384529,1.2450008004915414
2023-02-28,China,68.17,0.0381,4065.454639842383,0.0833904620054059,True,3012.562631,1576.3770971643437,0.2142781200917706,0.8998332469063908
2023-03-31,China,73.7,0.0394,3943.057959282747,0.07606414020576269,True,3029.010894,1456.473702840247,0.20522440355962018,1.4929749047870673
2023-04-30,China,72.75,0.038,3946.2721795593916,0.06874491413953951,True,3011.29738,1456.345634600973,0.18600395420843216,0.9198728443930486
2023-05-31,China,68.77,0.038,3914.706739332483,0.06815952145393307,True,3011.29738,1424.8881501705507,0.18690199157615506,1.5447794800719385
2023-06-30,China,61.72,0.0404,3843.1560934822287,0.06824237957418974,True,3041.663404,1358.2388805652204,0.19268434407339988,0.7177224183235064
2023-07-31,China,56.34,0.0404,3862.750076079364,0.06910222344880262,True,3041.663404,1377.7918782935328,0.1933576378820818,0.42841721785727715
2023-08-31,China,82.61,0.0415,3836.453699614236,0.06832387893430443,True,3055.581165,1353.8085274602463,0.1932416648094427,0.3476492073565129
2023-09-30,China,81.67,0.0465,3829.82616395213,0.06734547469419011,True,3118.843715,1358.3246449170033,0.18954069010305713,0.6423973178235787
2023-10-31,China,82.14,0.0465,3826.7411354341366,0.06681063255945816,True,3118.843715,1355.3889704933522,0.18818978138532044,1.7594795448101133
2023-11-30,China,58.23,0.0513,3805.1629038845426,0.06619294480537753,True,3179.575763,1345.3502060713147,0.18684060867828284,1.3577120760514123
2023-12-31,China,59.73,0.0432,3943.9027425966588,0.05763382034657241,True,3077.090432,1464.6342239128633,0.15514407190309137,0.9784262453482908
2024-01-31,China,64.72,0.0432,3846.802551543167,0.05823673976667781,True,2976.206208,1448.817821522252,0.15457844476103755,1.0890149100682962
2024-02-29,China,62.2,0.0438999999999999,3926.475425920883,0.057335385660580676,True,2984.772590999999,1529.9560926923286,0.14713023274408354,0.5934613687808841
2024-03-31,China,72.2,0.0446,3852.052319736375,0.050042352205919675,True,2993.3389740000002,1457.0400319193666,0.13229644696943643,0.3368185078991433
2024-04-30,China,71.69,0.0446,3846.9908570427538,0.0499520267238826,True,2993.3389740000002,1451.9791115944518,0.13234327646158525,0.40095711311060883
2024-05-31,China,61.23,0.0471,3823.854362260863,0.04913113999997518,True,3023.933199,1434.4198472789744,0.13096874482871113,0.5238722618413199
2024-06-30,China,66.2,0.0454,3835.053746634873,0.0450489152166888,True,3003.129126,1441.7984349970757,0.11982522713062171,0.34689147063356346
2024-07-31,China,66.21001,0.0454,3838.268931509016,0.04495520440189941,True,3003.129126,1445.01514482542,0.11940839130655022,0.7496655582247703
2024-08-31,China,57.25,0.0425,3918.984019691489,0.04853673440627627,True,2967.639825,1519.4709688141124,0.1251820712595096,0.7238520409178727
2024-09-30,China,58.77,0.0425,3936.250206088358,0.04880296908651738,True,2967.639825,1536.741969444364,0.12499881476212153,1.422469530704951
2024-10-31,China,63.73,0.0409999999999999,3947.4351847811795,0.07433970636641335,True,2949.2832899999985,1552.788533799286,0.12426325094858558,3.3156955765523706
2024-11-30,China,64.73,0.0463,3898.563015867778,0.05019063792688447,True,3014.143047,1507.3200074464708,0.12980885367382,0.8564544425350917
2024-12-31,China,65.7,0.0463,3887.094169349428,0.0388189291204102,True,3014.143047,1495.8459163289886,0.1008744633062378,0.5061019093010024
2015-01-31,Colombia,164.94,0.022,126.44872852547398,0.10731823343462121,True,126.19146,21.311691116269873,0.15269832254717164,6.883217345026881
2015-02-28,Colombia,132.02,0.0233999999999999,126.06122498617484,0.09796751066070215,True,126.98726199999996,20.404649545032182,0.1579133650041144,5.758779539831991
2015-03-31,Colombia,157.62,0.0233999999999999,126.83476545125168,0.09101010270684873,True,126.98726199999996,19.940443766981392,0.1511814485638955,4.9436356043553475
2015-04-30,Colombia,136.93,0.0241,133.6520292488946,0.04051819759799371,True,127.385163,21.265965722586348,0.16629672662936812,0.984571317590502
2015-05-31,Colombia,146.33,0.0269,132.85139310396448,0.035452957781528495,True,128.976767,20.297920143488003,0.16985037911158773,0.7536519799067671
2015-06-30,Colombia,166.98,0.0269,132.47560892959933,0.03306760441931172,True,128.976767,19.876652246918926,0.16927461904701938,0.6555709085060676
2015-07-31,Colombia,181.04,0.0277,130.83805002096966,0.04619292229843084,True,129.431511,19.2530346842541,0.1529307717972233,1.2798493596458795
2015-08-31,Colombia,215.3,0.0277,124.62237595125092,0.09297250018887476,True,129.431511,18.033084332909915,0.15971987990439598,5.186451655297059
2015-09-30,Colombia,243.27,0.0255,129.57945485262195,0.06415314725542344,True,128.18096500000001,18.701833502586286,0.16556732028134952,2.46911863862289
2015-10-31,Colombia,207.47,0.025,132.91361916112666,0.05405111976186565,True,127.89675000000001,20.92658359297541,0.20503174409845498,1.752557485191959
2015-11-30,Colombia,217.34,0.025,129.91336881344392,0.07225447385103123,True,127.89675000000001,19.50803765981939,0.21088521493416654,3.1322603344023494
2015-12-31,Colombia,236.87,0.0269,130.3466920439748,0.06733686681677375,True,128.976767,19.842466214488738,0.20162457944862008,2.7203299192815336
2016-01-31,Colombia,278.5398,0.0249,131.61271865535235,0.11742270707561642,True,138.1302065,20.837416470321763,0.19817864028310295,8.228645440637633
2016-02-29,Colombia,274.0398,0.0249,133.93441067702037,0.1115088083777509,True,138.1302065,20.461289819120385,0.19395483340568578,7.460964622366987
2016-03-31,Colombia,221.16,0.022,141.94449123900816,0.06566183811298944,True,136.34907,22.11005913987175,0.2064548409038033,2.560185045728421
2016-04-30,Colombia,217.5,0.0220999999999999,142.9844840435145,0.05558468014379154,True,136.41048849999993,22.698741486513445,0.1985991907994787,1.8534513666232515
2016-05-31,Colombia,228.64,0.0220999999999999,142.6480361542196,0.044475203868284977,True,136.41048849999993,21.063087370301854,0.20841628715983168,1.1863909953952416
2016-06-30,Colombia,228.83,0.0222,143.04604010475487,0.04449806057474335,True,136.47190700000002,21.44019139236498,0.20713343103838638,1.1876113463235816
2016-07-31,Colombia,193.21,0.0182,142.748687920981,0.051770851425213205,True,134.01516700000002,21.334326530795927,0.20343506124980304,1.60775588419445
2016-08-31,Colombia,167.47,0.0182,144.30498535335013,0.047818575984984,True,134.01516700000002,22.571953207367034,0.19119682688968892,1.3715601776873652
2016-09-30,Colombia,166.85,0.0202,142.82296927382347,0.04735978738071024,True,135.243537,21.264420738072538,0.20512691233948,1.345356490003473
2016-10-31,Colombia,172.73,0.0202,141.73258201620646,0.051462105687035783,True,135.243537,20.522496026333602,0.1764525114393018,1.5886295870257316
2016-11-30,Colombia,197.14,0.0217,139.08398798679943,0.06042657745718926,True,136.1648145,19.638502746035936,0.1670502077461314,2.1905269301744736
2016-12-31,Colombia,162.61,0.0283999999999999,144.4474555530694,0.036619188288737906,True,140.27985399999994,22.8693176551802,0.2259813571445468,0.5522531945461594
2017-01-31,Colombia,150.42,0.0283999999999999,159.54780900474137,0.03354379882380303,True,157.07638999999992,23.418400913818523,0.22285213252320044,0.5827346328402941
2017-02-28,Colombia,136.59,0.0275,157.7159753072424,0.0339101609131127,True,156.4574375,21.53055112372498,0.24085535056142524,0.30828442719601895
2017-03-31,Colombia,133.65,0.0283,156.69905838236372,0.031268026250060414,True,157.00761749999998,20.569289521767526,0.23129347045685258,0.3889328345398172
2017-04-30,Colombia,125.65,0.0266999999999999,155.74613756427937,0.03013273382164714,True,155.90725749999993,19.504189786776944,0.2328309814584819,0.43168280050536667
2017-05-31,Colombia,123.96,0.0266999999999999,155.82588321351375,0.032821478210163166,True,155.90725749999993,19.70496821640249,0.2234071345819053,0.6458393391203243
2017-06-30,Colombia,136.74,0.0254,156.06241923953672,0.028821815236997256,True,155.01321499999997,19.68941179777472,0.2220632010496623,0.4387619939679188
2017-07-31,Colombia,126.92,0.0254,156.3195504265113,0.030408020884871493,True,155.01321499999997,19.995371577842405,0.22320953420569462,0.5528475259683489
2017-08-31,Colombia,125.44,0.0265,157.24671721901743,0.030147153495387387,True,155.7697125,20.950813473594575,0.22047042663858774,0.4581944734322466
2017-09-30,Colombia,121.79,0.0253,157.20190846490152,0.028728349539164054,True,154.94444249999998,20.778399099452887,0.21272876028358795,0.35803811936115065
2017-10-31,Colombia,110.79,0.0253,156.70582101357158,0.027875924264211583,True,154.94444249999998,20.271906550952774,0.21113240588353874,0.30326631414014066
2017-11-30,Colombia,112.5,0.0265,156.85279973622124,0.02745131822876846,True,155.7697125,20.50593067776807,0.20603316720231793,0.3252498175596807
2017-12-31,Colombia,104.9,0.026,160.58520395028683,0.03309915143943891,True,155.42584999999997,24.187010719108695,0.2162532681690928,0.19563837047580643
2018-01-31,Colombia,88.18999,0.026,169.64171803589653,0.034257143976277514,True,164.09634,25.652233993827828,0.22238643069792802,0.21626669571252263
2018-02-28,Colombia,99.98999,0.0273,167.13439990942635,0.03261730862578635,True,165.040257,23.30084565646849,0.22807815040720708,0.3615679259747751
2018-03-31,Colombia,106.59,0.0297,166.57523756319387,0.03132665684126147,True,166.782873,22.930867604585597,0.2225244504272703,0.29540325356595837
2018-04-30,Colombia,105.61,0.0297,166.46120281732053,0.02980601773794198,True,166.782873,22.81560493421599,0.21283584317246307,0.41921854353304006
2018-05-31,Colombia,111.24,0.0296,165.0822667231664,0.030128832312595197,True,166.710264,21.46116547444121,0.22548503887987595,0.38977994753400685
2018-06-30,Colombia,123.98,0.0298,165.5080000088621,0.030660607512527614,True,166.855482,21.90005550937953,0.2256616551129432,0.37195681399376673
2018-07-31,Colombia,103.43,0.0298,165.84836391468116,0.031031980699676588,True,166.855482,22.233819538948055,0.22565252005731828,0.3461353462280432
2018-08-31,Colombia,111.28,0.0297,164.99286531846244,0.030084716115728553,True,166.782873,21.364399674813296,0.22642202885450738,0.2937904351497556
2018-09-30,Colombia,109.3,0.0308,165.42200643785577,0.03092001368759873,True,167.581572,21.909466386839107,0.22729748770473482,0.3541555298477417
2018-10-31,Colombia,125.17,0.0308,163.83971892039565,0.03080222175263209,True,167.581572,20.40383954692333,0.23828764018918877,0.5115917470113821
2018-11-30,Colombia,139.15,0.0327,154.43839612216348,0.09894176259366756,True,168.961143,21.05998897511852,0.2401445415844428,5.833983190442014
2018-12-31,Colombia,156.93,0.0327,156.58124920618545,0.08487607406201686,True,168.961143,20.971473017006378,0.16176157128067725,4.285937368881799
2019-01-31,Colombia,128.52,0.0298,176.88394231546482,0.037831655439727475,True,177.197631,24.6273482940482,0.22860930661481105,0.8582596682354521
2019-02-28,Colombia,112.8,0.0289,176.29436572990753,0.029510841080274883,True,176.5036455,23.695058086271352,0.20959255830833692,0.5199343247912743
2019-03-31,Colombia,108.3,0.0279999999999999,174.90650226556835,0.028576181503510663,True,175.80965999999992,22.209112146347437,0.21944893316275593,0.35492874728972557
2019-04-30,Colombia,97.09,0.0279999999999999,174.5936168369586,0.0283638209039072,True,175.80965999999992,21.925922952880438,0.21967919520779725,0.46872759540501036
2019-05-31,Colombia,116.52,0.0263,169.43113826096254,0.06879926178323943,True,174.4987985,21.397066865922685,0.21205280166719234,2.8058186100491014
2019-06-30,Colombia,91.67,0.0236,174.64600102339975,0.047721694710906586,True,172.416842,22.86533034839717,0.22171180914991065,1.3660057685226032
2019-07-31,Colombia,82.32999,0.0236,175.69614207229193,0.03031052160758788,True,172.416842,22.68170257566766,0.2216087718127824,0.5487000877117992
2019-08-31,Colombia,93.34999,0.0191,175.41175512127398,0.03259442834212915,True,168.9469145,22.184841865195363,0.21867089882991025,0.6369264977307264
2019-09-30,Colombia,94.20999,0.0191,174.20868400553042,0.046383169391588784,True,168.9469145,22.077926965892026,0.21742540093739268,1.2707305839660108
2019-10-31,Colombia,79.34,0.0197,175.25065195487522,0.03959794212459762,True,169.4095715,22.431411419455195,0.20299947848024022,0.9403287845071369
2019-11-30,Colombia,90.10999,0.0213,175.89342450104274,0.04147832605060856,True,170.6433235,23.249030809113485,0.2035708139498667,1.0318141948658293
2019-12-31,Colombia,73.20999,0.0213,178.0611844204469,0.029854669119094904,True,170.6433235,24.778249505565544,0.210257663858731,0.4201297121324613
2020-01-31,Colombia,82.2,0.0207,182.07848051166283,0.049914406108851124,True,176.45737450000001,24.486752375984825,0.1368109704409958,1.4944762823564535
2020-02-29,Colombia,106.87,0.0181,174.8429372919593,0.082829828958983,True,174.37858350000002,23.77669491115046,0.13430978930313991,4.077571392534991
2020-03-31,Colombia,229.33,0.0181,151.7309244733403,0.15764974079034427,True,174.37858350000002,20.841300480738767,0.1789938912764333,14.913535326937525
2020-04-30,Colombia,272.0801,0.0126,155.117500236639,0.1571342603671543,True,169.981141,23.40369402367139,0.2156575922623503,14.816162811903569
2020-05-31,Colombia,172.37,0.0112,166.54175296485926,0.1353514380221395,True,168.861792,26.184875711144098,0.23726074299206382,10.992933521921893
2020-06-30,Colombia,164.8641,0.0112,174.03531271086243,0.10398307467448283,True,168.861792,26.038373241662864,0.23171860590604568,6.487788772842663
2020-07-31,Colombia,128.2566,0.0109,184.82453508149325,0.06094613166975863,True,168.62193150000002,27.28246986359318,0.23330957280964323,2.2283680061025595
2020-08-31,Colombia,117.74,0.0109,186.64611200335557,0.03463089712661173,True,168.62193150000002,27.190815433215402,0.23075459922823882,0.6668639871024125
2020-09-30,Colombia,162.12,0.0113999999999999,183.45734436919741,0.05970981427793228,True,169.02169899999993,26.1697816161772,0.236549821677738,2.1388541497431084
2020-10-31,Colombia,125.42,0.0134,167.22475068146443,0.13484741648685827,True,170.62076900000002,26.671232933639125,0.23659457026050593,10.865744796591631
2020-11-30,Colombia,87.41,0.0134,184.60926522450083,0.06982044741611858,True,170.62076900000002,28.622031312631083,0.24250722961388346,2.924743050499077
2020-12-31,Colombia,90.58,0.0139999999999999,188.69268464588433,0.043906943445514955,True,171.10048999999992,29.66558832284747,0.23825503912082266,1.1562523645655316
2021-01-31,Colombia,112.79,0.0163,205.3300054722403,0.049539404938973595,True,191.7726615,29.84182695922943,0.2367299788915198,1.472095997379077
2021-02-28,Colombia,124.93,0.0187999999999999,204.12702123715758,0.05550319166906618,True,193.9891739999999,29.38434180219405,0.23417182448130835,1.8480191835805522
2021-03-31,Colombia,131.13,0.0187999999999999,202.49238826578687,0.06454242913096152,True,193.9891739999999,29.041417316988117,0.17353417916920202,2.499182126389179
2021-04-30,Colombia,126.35,0.022,205.2780357388952,0.045188287634409324,True,196.82631,29.92537412690123,0.1447093448590789,1.2247588712057655
2021-05-31,Colombia,140.92,0.022,206.20460106610162,0.035079037915765804,True,196.82631,30.290386196356568,0.10445512961434732,0.7378257936958166
2021-06-30,Colombia,135.26,0.0222,207.91187661497008,0.03361858064044478,True,197.00363099999998,31.902037264781114,0.10948404116397238,0.6776194714737536
2021-07-31,Colombia,147.31,0.0187,208.2845422639418,0.03381608142319716,True,193.9005135,32.000620806598825,0.10515502297441631,0.6856116203731558
2021-08-31,Colombia,133.54,0.0187,208.209906628226,0.03648039761088352,True,193.9005135,32.41016918750577,0.1035940351661368,0.7980024549600823
2021-09-30,Colombia,152.93,0.0183,207.34430079178935,0.04603999685422625,True,193.5458715,32.19474699558855,0.0899019168959711,1.2616707661279745
2021-10-31,Colombia,162.29,0.0203,209.4136528610165,0.04411081817624742,True,195.31908149999998,34.04141032048502,0.09784550861219604,1.1670206182942497
2021-11-30,Colombia,215.4,0.0203,184.51898229495953,0.14497778210772777,True,195.31908149999998,31.942222020602408,0.11346399808949874,12.612285700108849
2021-12-31,Colombia,201.26,0.019,226.8979550332802,0.05613080453911862,True,211.874835,36.44388326512805,0.166384115026725,1.871657677120359
2022-01-31,Colombia,211.2,0.019,227.91330508671197,0.05524316069235044,True,211.874835,37.47475419904491,0.16621755017823828,1.822849461692212
2022-02-28,Colombia,218.81,0.0215,223.69991147725335,0.0866411573100491,True,214.2934975,37.28343310422044,0.1641919176277944,4.504039506080967
2022-03-31,Colombia,193.6,0.0231,218.39661401848903,0.103983074674483,True,215.8414415,38.93516939401865,0.16185814028221582,6.487788772842663
2022-04-30,Colombia,238.19,0.0299,222.78663418213816,0.08867010951160471,True,222.42020349999999,37.528345779180704,0.17276933119640064,4.717488053591592
2022-05-31,Colombia,224.75,0.0299,224.98282273179157,0.0776948748666999,True,222.42020349999999,37.76600797861278,0.17311407599749687,3.6217990642251072
2022-06-30,Colombia,272.3101,0.0326,221.9911309348974,0.07490217795990245,True,225.03235899999999,36.29195339005624,0.17798359297798017,3.3474859995182285
2022-07-31,Colombia,257.04,0.0335,225.50927096623613,0.0661743831472139,True,225.9030775,38.81833822176913,0.1863553737126801,2.627194197967079
2022-08-31,Colombia,255.16,0.0335,220.52796272765596,0.08532558111284165,True,225.9030775,37.81169035886899,0.1911439620827087,4.368279446037743
2022-09-30,Colombia,329.97,0.0382,215.18733058430342,0.09742980273614668,True,230.45016299999997,36.052317164321266,0.19989987690149605,5.695730774694284
2022-10-31,Colombia,334.1299,0.0382,219.86128562393924,0.06994586875723303,True,230.45016299999997,34.38184327002114,0.20044214286963075,2.935262318474189
2022-11-30,Colombia,282.6299,0.0428,222.01852493479208,0.0660526841144632,True,234.900502,35.250804914188734,0.18858180821787007,2.617537713373099
2022-12-31,Colombia,270.97,0.0387,227.00086572987627,0.052236601734872386,True,230.9338955,37.910813489427575,0.15203500558428126,1.6368248227597828
2023-01-31,Colombia,257.8,0.0387,241.19362577898406,0.045559995649132046,True,244.598277,40.373867551915765,0.1619416178631575,1.2450008004915414
2023-02-28,Colombia,285.47,0.0381,235.23156261359694,0.03891796510548891,True,243.983451,34.1104770069178,0.23871361807369898,0.8998332469063908
2023-03-31,Colombia,279.75,0.0394,232.96034497397775,0.04988933742508744,True,245.31557400000003,33.08562396514048,0.23293607890249357,1.4929749047870673
2023-04-30,Colombia,293.8899,0.038,233.539351376081,0.0393176611227918,True,243.88098000000002,32.581413414973234,0.2315857782983352,0.9198728443930486
2023-05-31,Colombia,273.51,0.038,234.5163215258222,0.051059572928392076,True,243.88098000000002,34.50246926478629,0.24133539917129684,1.5447794800719385
2023-06-30,Colombia,233.55,0.0404,234.49382371191504,0.035543762647247255,True,246.340284,33.5530120257909,0.2398870670684242,0.7177224183235064
2023-07-31,Colombia,199.15,0.0404,236.83455344943184,0.03722557238170988,True,246.340284,35.815091532945395,0.23920520765757386,0.42841721785727715
2023-08-31,Colombia,215.56,0.0415,234.35780139394032,0.03634646587758152,True,247.467465,33.54946587677266,0.24579218017568483,0.3476492073565129
2023-09-30,Colombia,238.49,0.0465,235.29716057435445,0.03914752506541332,True,252.59101500000003,35.480153478144885,0.25025887545293574,0.6423973178235787
2023-10-31,Colombia,234.39,0.0465,233.78774559120467,0.05415772070138442,True,252.59101500000003,35.27769896144552,0.2453017211411955,1.7594795448101133
2023-11-30,Colombia,197.91,0.0513,233.50539046214843,0.04757666701972046,True,257.50962300000003,35.284736431509955,0.24403569076492887,1.3577120760514123
2023-12-31,Colombia,155.88,0.0432,239.5401471072022,0.04368968474956965,True,249.209472,39.2102640543375,0.25654668215786186,0.9784262453482908
2024-01-31,Colombia,174.57,0.0432,253.78935674561401,0.04261188589271046,True,267.48352,38.921562245245,0.24806165411866596,1.0890149100682962
2024-02-29,Colombia,160.85,0.0438999999999999,251.07193254221906,0.03146370824467253,True,268.2534149999999,35.937911798067255,0.19325143259395572,0.5934613687808841
2024-03-31,Colombia,172.46,0.0446,252.21126550642026,0.028376124501007596,True,269.02331,37.05322377309167,0.19087014316086826,0.3368185078991433
2024-04-30,Colombia,187.16,0.0446,251.82764042657882,0.028065738257022767,True,269.02331,36.681547914511256,0.19019425353307107,0.40095711311060883
2024-05-31,Colombia,191.15,0.0471,252.3154789405044,0.02956347741074946,True,271.772935,37.71709667768492,0.18437678930205612,0.5238722618413199
2024-06-30,Colombia,195.18,0.0454,251.09744916121224,0.027406910153504306,True,269.90319,36.097627028170166,0.18836695441582912,0.34689147063356346
2024-07-31,Colombia,184.3,0.0454,251.9553821751526,0.0353591445300927,True,269.90319,37.266659585944815,0.1796913876636994,0.7496655582247703
2024-08-31,Colombia,177.63,0.0425,251.15427178113288,0.03474553995952384,True,266.713625,35.929895306322685,0.16971265643062491,0.7238520409178727
2024-09-30,Colombia,198.68,0.0425,250.07922266277126,0.04869757025738861,True,266.713625,35.99761656890987,0.1606209072401815,1.422469530704951
2024-10-31,Colombia,197.84,0.0409999999999999,243.38212521125527,0.07469733379256424,True,265.0638499999999,35.02413545870898,0.16308772994366916,3.3156955765523706
2024-11-30,Colombia,193.01,0.0463,251.6676872144836,0.03788166471805228,True,270.893055,37.46977835609219,0.17676017073044045,0.8564544425350917
2024-12-31,Colombia,202.88,0.0463,252.4284519635391,0.029058321613191475,True,270.893055,37.70240668527668,0.13905032907437398,0.5061019093010024
2015-01-31,Egypt,288.7898,0.022,132.28157859062884,0.10710478945878155,True,45.869751,91.37477025569937,0.13616446100476196,6.883217345026881
2015-02-28,Egypt,311.22,0.0233999999999999,127.44598779334973,0.10019721529968319,True,46.15901969999998,86.3836179499457,0.14782565342655027,5.758779539831991
2015-03-31,Egypt,318.5498,0.0233999999999999,127.44599025869707,0.1001833178067359,True,46.15901969999998,86.3836179499457,0.14780519698081898,4.9436356043553475
2015-04-30,Egypt,323.1199,0.0241,132.10394357433114,0.10693095421565803,True,46.30365405,91.05681811018142,0.15513384694585478,0.984571317590502
2015-05-31,Egypt,313.3198,0.0269,135.85238827674104,0.09644943083392725,True,46.88219145,94.87018574033989,0.13811383646053488,0.7536519799067671
2015-06-30,Egypt,295.46,0.0269,135.91753643456929,0.09645677942738103,True,46.88219145,94.93533388914337,0.13809576588943767,0.6555709085060676
2015-07-31,Egypt,313.1299,0.0277,140.79181790017182,0.09969636368746375,True,47.04748785,99.82929931152533,0.14060433201839823,1.2798493596458795
2015-08-31,Egypt,338.1099,0.0277,140.7918176574818,0.09321329988886855,True,47.04748785,99.82929931152533,0.13146109698909222,5.186451655297059
2015-09-30,Egypt,334.49,0.0255,138.117379094089,0.09453923815039936,True,46.59292275,97.10193612845609,0.13447220505002652,2.46911863862289
2015-10-31,Egypt,354.3499,0.025,142.04389280056154,0.09999399732879463,True,46.4896125,101.01695395870928,0.14060546923155143,1.752557485191959
2015-11-30,Egypt,424.6199,0.025,144.6234630805169,0.10132699388941876,True,46.4896125,103.59652446183638,0.14145513066412288,3.1322603344023494
2015-12-31,Egypt,443.73,0.0269,144.28418957701422,0.10136464534670958,True,46.88219145,103.30198729451355,0.14157825390830941,2.7203299192815336
2016-01-31,Egypt,481.6499,0.0249,150.6809204554936,0.11710467416744351,True,53.74244134999999,103.91712013086848,0.11332056042270369,8.228645440637633
2016-02-29,Egypt,484.6199,0.0249,150.52005687055046,0.1115088083777509,True,53.74244134999999,103.91712013086848,0.08831203713861233,7.460964622366987
2016-03-31,Egypt,506.5098,0.022,138.91911385703742,0.11125981960816071,True,53.049453,91.39567785932097,0.16911060888062707,2.560185045728421
2016-04-30,Egypt,494.6499,0.0220999999999999,153.37952109071153,0.1501983516266408,True,53.07334914999997,105.86033906535035,0.21758950534761826,1.8534513666232515
2016-05-31,Egypt,488.3098,0.0220999999999999,153.37984288188295,0.14881588482601435,True,53.07334914999997,105.86033906535035,0.21559149325465762,1.1863909953952416
2016-06-30,Egypt,487.2698,0.0222,158.40164680837185,0.15294460165873436,True,53.0972453,110.88457622461605,0.21845959725928996,1.1876113463235816
2016-07-31,Egypt,489.0798,0.0182,160.2240620158914,0.15093387963098337,True,52.141399299999996,112.61934719567464,0.2147146237861473,1.60775588419445
2016-08-31,Egypt,487.5598,0.0182,160.224084325482,0.15093367154787637,True,52.141399299999996,112.61934719567464,0.2147146237861473,1.3715601776873652
2016-09-30,Egypt,479.71,0.0202,171.64961362740766,0.16387995556283325,True,52.61932229999999,124.08730325928862,0.2266672965898478,1.345356490003473
2016-10-31,Egypt,479.7798,0.0202,171.6496116815065,0.16374577219612654,True,52.61932229999999,124.08730325928862,0.22648171206521994,1.5886295870257316
2016-11-30,Egypt,480.0898,0.0217,96.66986897085035,0.5412995722291551,True,52.977764549999996,61.976519324748764,0.7458026662736214,2.1905269301744736
2016-12-31,Egypt,444.74,0.0283999999999999,90.51323234999968,0.5312333720153136,True,54.57880659999997,56.23177817897792,0.7462601985271247,0.5522531945461594
2017-01-31,Egypt,430.8899,0.0283999999999999,101.73170194790887,0.48326686826098575,True,76.88240919999998,54.447775068888696,0.744073738916686,0.5827346328402941
2017-02-28,Egypt,319.3398,0.0275,112.47330146194736,0.5666240799229135,True,76.5794575,68.3177785574568,0.7948649621215383,0.30828442719601895
2017-03-31,Egypt,299.5798,0.0283,104.44870646108919,0.5510123257863326,True,76.8487479,60.65059135733264,0.7937194656142511,0.3889328345398172
2017-04-30,Egypt,329.0698,0.0266999999999999,107.1904763399844,0.5284332529241365,True,76.31016709999997,61.60939628629746,0.7715956362847999,0.43168280050536667
2017-05-31,Egypt,326.7998,0.0266999999999999,107.03943898321623,0.527943999937616,True,76.31016709999997,61.45373275560472,0.7714384246386027,0.6458393391203243
2017-06-30,Egypt,326.95,0.0254,115.18656694041167,0.5622002956792161,True,75.87257020000001,70.34255303146497,0.7878692646957853,0.4387619939679188
2017-07-31,Egypt,393.6099,0.0254,116.1929418524751,0.563588296937604,True,75.87257020000001,71.28572190962757,0.7877091752307539,0.5528475259683489
2017-08-31,Egypt,379.1199,0.0265,108.91475616835865,0.5529091867395062,True,76.2428445,64.48510705712559,0.788797525722373,0.4581944734322466
2017-09-30,Egypt,352.3499,0.0253,108.95087078354041,0.5349434380629838,True,75.8389089,63.44837725832711,0.7743327899860126,0.35803811936115065
2017-10-31,Egypt,350.6199,0.0253,108.89704583067714,0.5347612166596165,True,75.8389089,63.39241645045837,0.7742638030629433,0.30326631414014066
2017-11-30,Egypt,353.6399,0.0265,139.00931854824756,0.1988857695170931,True,76.2428445,73.10019977501781,0.3665999614563363,0.3252498175596807
2017-12-31,Egypt,339.5198,0.026,137.8424508410342,0.1861487649217495,True,76.074538,71.6932467903083,0.3487093102254624,0.19563837047580643
2018-01-31,Egypt,262.75,0.026,153.47686603686736,0.1670440920924744,True,93.659485,72.05011985554475,0.34456073069789084,0.21626669571252263
2018-02-28,Egypt,258.7,0.0273,152.02947862620601,0.12338632248188432,True,94.19823425,69.98963395289014,0.26559915448537,0.3615679259747751
2018-03-31,Egypt,253.99,0.0297,151.55207673912184,0.10649425018797573,True,95.19284825,69.53862725803711,0.23126304891882146,0.29540325356595837
2018-04-30,Egypt,254.96,0.0297,151.30551558687353,0.10649030720049557,True,95.19284825,69.29342755941533,0.2316723429717333,0.41921854353304006
2018-05-31,Egypt,270.5898,0.0296,151.60802865815404,0.10658910177130693,True,95.15140600000001,69.58982716561589,0.2313773734832902,0.38977994753400685
2018-06-30,Egypt,360.3398,0.0298,162.51646210434214,0.11822139127472893,True,95.2342905,80.51316722766941,0.23783359944757554,0.37195681399376673
2018-07-31,Egypt,352.97,0.0298,162.79017781844195,0.11847836211564183,True,95.2342905,80.78682557945712,0.23794666308495174,0.3461353462280432
2018-08-31,Egypt,345.3298,0.0297,166.9166674621221,0.10537067137467077,True,95.19284825,84.87085125367334,0.2070480509507178,0.2937904351497556
2018-09-30,Egypt,346.3899,0.0308,168.3500825306949,0.10411074672547604,True,95.648713,86.36110116030244,0.2028084822801703,0.3541555298477417
2018-10-31,Egypt,360.73,0.0308,168.01068409231297,0.10415038534904729,True,95.648713,86.02218849841444,0.2032668405686643,0.5115917470113821
2018-11-30,Egypt,363.23,0.0327,159.64805200357824,0.09860504631281894,True,96.43611575,77.82935714266246,0.19547700246974647,5.833983190442014
2018-12-31,Egypt,368.8398,0.0327,159.79217277794194,0.09454882104082421,True,96.43611575,77.91298467949152,0.1937227201240036,4.285937368881799
2019-01-31,Egypt,379.6199,0.0298,168.37615519878537,0.09003125790340824,True,111.0073029,72.75776831025443,0.20792914966533912,0.8582596682354521
2019-02-28,Egypt,368.0999,0.0289,174.86818293010026,0.10032942182489932,True,110.57254845,79.20664469396891,0.22091014030812386,0.5199343247912743
2019-03-31,Egypt,363.8098,0.0279999999999999,175.0124917600817,0.10012431566398305,True,110.13779399999994,79.29589648893796,0.2204112009722094,0.35492874728972557
2019-04-30,Egypt,320.5898,0.0279999999999999,175.74139072315293,0.10036901735859413,True,110.13779399999994,80.02413814420765,0.21986695269945264,0.46872759540501036
2019-05-31,Egypt,333.21,0.0263,178.7843798832857,0.10285151114179299,True,109.31659115,82.97890568905083,0.22096450121798603,2.8058186100491014
2019-06-30,Egypt,321.4099,0.0236,175.9121306849162,0.0786934059371795,True,108.0123278,79.92514577313196,0.1731423142878118,1.3660057685226032
2019-07-31,Egypt,305.6499,0.0236,176.44696733772145,0.07902391023101034,True,108.0123278,80.45904786129591,0.17325541560050534,0.5487000877117992
2019-08-31,Egypt,307.2798,0.0191,182.54228566635769,0.08567268989273862,True,105.83855555,86.34712054165146,0.18105335803594427,0.6369264977307264
2019-09-30,Egypt,316.95,0.0191,183.69779247214038,0.08611029522718874,True,105.83855555,87.50317288808989,0.1807044141240217,1.2707305839660108
2019-10-31,Egypt,323.95,0.0197,176.2682040774537,0.09179853392080294,True,106.12839185,80.1097190864699,0.20172600667613907,0.9403287845071369
2019-11-30,Egypt,311.2698,0.0213,174.35379958024117,0.07882747831988518,True,106.90128865,78.25563071861419,0.1755614466603918,1.0318141948658293
2019-12-31,Egypt,305.4099,0.0213,174.74563107081488,0.07906433175862079,True,106.90128865,78.64665660630233,0.17562002140186553,0.4201297121324613
2020-01-31,Egypt,294.7598,0.0207,196.5201078468788,0.07343370047730795,True,124.3320071,84.41726264970885,0.17087699410225884,1.4944762823564535
2020-02-29,Egypt,314.0701,0.0181,198.34240883878348,0.08243790783565726,True,122.8672893,86.4019779134892,0.15245122270262212,4.077571392534991
2020-03-31,Egypt,556.4299,0.0181,194.03921265429582,0.15764974079034422,True,122.8672893,85.80768574566613,0.15301313438119438,14.913535326937525
2020-04-30,Egypt,656.8701,0.0126,205.2714818999212,0.15724056089935634,True,119.76884779999999,96.29738837308335,0.18783977750236308,14.816162811903569
2020-05-31,Egypt,558.3101,0.0112,210.882802655174,0.1354260826596951,True,118.9801536,100.18973047438605,0.1882767177546279,10.992933521921893
2020-06-30,Egypt,462.8547,0.0112,210.20785312484588,0.10400020778996025,True,118.9801536,98.2059325426932,0.18363893874488516,6.487788772842663
2020-07-31,Egypt,445.7449,0.0109,223.92733499690308,0.10612146026543784,True,118.81114769999999,111.44439655885809,0.2129067582089413,2.2283680061025595
2020-08-31,Egypt,424.9099,0.0109,224.6305710058029,0.10407364367948042,True,118.81114769999999,112.13847693904519,0.20825003482910331,0.6668639871024125
2020-09-30,Egypt,450.1799,0.0113999999999999,228.79956532448475,0.10613624506058834,True,119.09282419999994,116.32479766452775,0.2085217644279496,2.1388541497431084
2020-10-31,Egypt,407.8899,0.0134,229.38779271617335,0.1345661918948106,True,120.2195302,118.56983858887217,0.16961935316192592,10.865744796591631
2020-11-30,Egypt,370.99,0.0134,231.44390863135882,0.08321866867237464,True,120.2195302,119.01656958152059,0.16181265821417895,2.924743050499077
2020-12-31,Egypt,377.6499,0.0139999999999999,215.58717854061356,0.11523170407646927,True,120.55754199999994,103.25913137179461,0.23958698688351487,1.1562523645655316
2021-01-31,Egypt,356.4399,0.0163,239.35911479326796,0.111146222931143,True,139.72514955,110.66803486099607,0.23925996699015212,1.472095997379077
2021-02-28,Egypt,319.4199,0.0187999999999999,239.72837636198292,0.11180610259982139,True,141.34009579999992,111.17126612325458,0.23993236991541458,1.8480191835805522
2021-03-31,Egypt,341.77,0.0187999999999999,239.67422182244997,0.11144222809568077,True,141.34009579999992,111.11890918841554,0.23920144558639264,2.499182126389179
2021-04-30,Egypt,341.8999,0.022,244.8586912077446,0.10427465023734728,True,143.40722699999998,116.42988283124846,0.21882016432221946,1.2247588712057655
2021-05-31,Egypt,342.28,0.022,244.86271156561764,0.10372319881667943,True,143.40722699999998,116.42988283124846,0.2177026463595465,0.7378257936958166
2021-06-30,Egypt,342.3201,0.0222,239.33879388873257,0.10414925365888901,True,143.53642269999997,110.93316718341721,0.2240783218209512,0.6776194714737536
2021-07-31,Egypt,342.3899,0.0187,261.30264742440943,0.13185937065315848,True,141.27549795,132.78595842877843,0.25806127091615905,0.6856116203731558
2021-08-31,Egypt,342.54,0.0187,261.3633434116622,0.1320336907085244,True,141.27549795,132.84852442968474,0.258328472954504,0.7980024549600823
2021-09-30,Egypt,358.3999,0.0183,256.91446951165324,0.13141128742934552,True,141.01710655,128.4011870054336,0.2612605417190154,1.2616707661279745
2021-10-31,Egypt,358.5901,0.0203,250.540479121124,0.13131073783918837,True,142.30906355,122.18238120062647,0.2671181964688426,1.1670206182942497
2021-11-30,Egypt,358.5801,0.0203,249.6030146876696,0.1450068686718863,True,142.30906355,122.10560938708821,0.2671316786303981,12.612285700108849
2021-12-31,Egypt,479.6899,0.019,270.2620050299015,0.10055908338874167,True,159.3545835,125.39591397495607,0.216233594668493,1.871657677120359
2022-01-31,Egypt,597.6499,0.019,270.0190143296243,0.09691844103837204,True,159.3545835,125.13984321028514,0.20875851402531242,1.822849461692212
2022-02-28,Egypt,523.21,0.0215,265.6210101132387,0.09745066583341197,True,161.17369974999997,120.93286967328652,0.21345363698058606,4.504039506080967
2022-03-31,Egypt,602.3401,0.0231,250.66074232381436,0.10855489072168116,True,162.33793414999997,106.28767177201125,0.2533863689467191,6.487788772842663
2022-04-30,Egypt,742.4099,0.0299,259.1210993591567,0.11841522786834312,True,167.28593034999997,115.34820404624789,0.2632470762189157,4.717488053591592
2022-05-31,Egypt,740.52,0.0299,258.4056500288092,0.11800608062061091,True,167.28593034999997,114.62314605008785,0.26330226623741915,3.6217990642251072
2022-06-30,Egypt,925.0901,0.0326,271.8413500389673,0.13440577625594488,True,169.25057589999997,128.43890094447326,0.28102620752471674,3.3474859995182285
2022-07-31,Egypt,1386.99,0.0335,278.32744787138444,0.10635177876393032,True,169.90545774999998,134.67572987714192,0.21929657895721816,2.627194197967079
2022-08-31,Egypt,857.97,0.0335,276.37995829508355,0.10587180844424594,True,169.90545774999998,132.73904962661422,0.21985840982458896,4.368279446037743
2022-09-30,Egypt,1317.38,0.0382,269.3642549985073,0.10494285684183283,True,173.32539629999997,126.25585550588133,0.22312016089520612,5.695730774694284
2022-10-31,Egypt,1026.32,0.0382,249.3652627156922,0.12016318837689435,True,173.32539629999997,106.57000700575225,0.2770664259618435,2.935262318474189
2022-11-30,Egypt,845.46,0.0428,250.2427093344786,0.12174002699473412,True,176.67257019999997,108.00040353386589,0.2780083003259406,2.617537713373099
2022-12-31,Egypt,867.25,0.0387,266.644074669318,0.15044180689753084,True,173.68921954999996,124.34636537115334,0.3155144790670796,1.6368248227597828
2023-01-31,Egypt,810.03,0.0387,260.7547187885957,0.1536527967632465,True,194.45444865,102.98058728944436,0.36725094802221786,1.2450008004915414
2023-02-28,Egypt,953.4399,0.0381,268.6540108422648,0.16592716583604503,True,193.96566495,111.18472976921288,0.3779129401474295,0.8998332469063908
2023-03-31,Egypt,1311.46,0.0394,280.64648516804414,0.16824902149513568,True,195.0246963,122.86444935021795,0.3664115322797872,1.4929749047870673
2023-04-30,Egypt,1722.45,0.038,293.2335529112964,0.17839396538049626,True,193.884201,135.33047298328714,0.3697753987652815,0.9198728443930486
2023-05-31,Egypt,1736.34,0.038,293.2387427531812,0.17821945043751572,True,193.884201,135.33047298328714,0.369464054727041,1.5447794800719385
2023-06-30,Egypt,1566.86,0.0404,283.8031321026679,0.1675078763826948,True,195.8393358,125.94855125109086,0.36121814358243653,0.7177224183235064
2023-07-31,Egypt,1318.17,0.0404,283.9371507571335,0.16530730403237354,True,195.8393358,125.94855125109086,0.357285077522616,0.42841721785727715
2023-08-31,Egypt,1450.88,0.0415,291.43587208910856,0.17369981340580087,True,196.73543924999998,133.74986941562898,0.36299677894633126,0.3476492073565129
2023-09-30,Egypt,1518.43,0.0465,291.6112971195346,0.17212393625670527,True,200.80863675,134.49014924869846,0.35875731276034417,0.6423973178235787
2023-10-31,Egypt,1718.4,0.0465,292.89120599895716,0.14264354929233203,True,200.80863675,134.49014924869846,0.30463475497800613,1.7594795448101133
2023-11-30,Egypt,1277.28,0.0513,295.3300222735923,0.14465649204564082,True,204.71890635,137.65784014935085,0.30458136473672415,1.3577120760514123
2023-12-31,Egypt,1094.97,0.0432,313.31832562267437,0.14656004331962572,True,198.1203264,154.22147909148595,0.29380462884466163,0.9784262453482908
2024-01-31,Egypt,1294.29,0.0432,318.98793876180815,0.09297383157682743,True,204.3295872,154.36458594676765,0.19200765080107127,1.0890149100682962
2024-02-29,Egypt,985.8,0.0438999999999999,328.11310981936805,0.09393550966149182,True,204.91770689999993,163.58817855153342,0.18833503196247034,0.5934613687808841
2024-03-31,Egypt,549.5601,0.0446,280.5132772793071,0.17307353469449147,True,205.5058266,119.2296151828854,0.38366780349726065,0.3368185078991433
2024-04-30,Egypt,652.6201,0.0446,279.8984512178077,0.16345785212663352,True,205.5058266,117.98646279121655,0.36810990992249354,0.40095711311060883
2024-05-31,Egypt,588.4099,0.0471,269.28850393814,0.16016416368729963,True,207.6062541,108.07643609356468,0.37551827024565354,0.5238722618413199
2024-06-30,Egypt,627.9099,0.0454,268.7161473854486,0.15682567623635535,True,206.1779634,107.06932641941252,0.37105030406017225,0.34689147063356346
2024-07-31,Egypt,601.04,0.0454,268.0477349441244,0.15619385645212902,True,206.1779634,106.4007859517967,0.3708539035036372,0.7496655582247703
2024-08-31,Egypt,694.6599,0.0425,261.06472853788273,0.14713459067905327,True,203.7414675,98.819153381048,0.3658019330215613,0.7238520409178727
2024-09-30,Egypt,624.23,0.0425,261.5830450124801,0.14758100614037115,True,203.7414675,99.34759805678044,0.36578490860835206,1.422469530704951
2024-10-31,Egypt,621.21,0.0409999999999999,266.82070040710727,0.15585168123917176,True,202.48121099999992,104.68322944827017,0.3733846923219241,3.3156955765523706
2024-11-30,Egypt,543.8799,0.0463,261.8010252991769,0.15118323925123173,True,206.9341173,100.29847002501148,0.3706961094334979,0.8564544425350917
2024-12-31,Egypt,563.5901,0.0463,260.338920569983,0.132861566300406,True,206.9341173,97.7624154944537,0.3380400788064639,0.5061019093010024
2015-01-31,Indonesia,152.62,0.022,305.6461809587765,0.10710478945879,True,325.59407999999996,39.34405440959339,0.10561021881230374,6.883217345026881
2015-02-28,Indonesia,133.2,0.0233999999999999,303.45047381229216,0.09835720111706754,True,327.64737599999984,37.69523856880956,0.11282442720257813,5.758779539831991
2015-03-31,Indonesia,157.44,0.0233999999999999,311.4054754436426,0.0907703066430104,True,327.64737599999984,37.29567682599814,0.10864165331713628,4.9436356043553475
2015-04-30,Indonesia,158.45,0.0241,327.28059354003244,0.04051819759799371,True,328.674024,37.966917908826716,0.11185491957200677,0.984571317590502
2015-05-31,Indonesia,163.84,0.0269,330.21541687401157,0.035452957781528495,True,332.78061599999995,40.42090042750167,0.13055674215537827,0.7536519799067671
2015-06-30,Indonesia,167.12,0.0269,330.16803342468774,0.03306760441931172,True,332.78061599999995,40.158982404210455,0.12797146675897997,0.6555709085060676
2015-07-31,Indonesia,181.24,0.0277,331.06004298351104,0.04619292229843084,True,333.95392799999996,42.693767720391584,0.13481208729902514,1.2798493596458795
2015-08-31,Indonesia,223.17,0.0277,310.8680034947215,0.09324130812609796,True,333.95392799999996,41.30760643136331,0.12908849641290662,5.186451655297059
2015-09-30,Indonesia,256.6599,0.0255,323.52563582376723,0.06415314725542309,True,330.72731999999996,39.34960756452885,0.13441610952772823,2.46911863862289
2015-10-31,Indonesia,217.67,0.025,331.1868550385128,0.05405111976186565,True,329.99399999999997,43.56138911565869,0.17300421257607765,1.752557485191959
2015-11-30,Indonesia,216.0,0.025,323.25833288623494,0.07225447385103123,True,329.99399999999997,43.26923091039077,0.17315253837054087,3.1322603344023494
2015-12-31,Indonesia,232.94,0.0269,323.3195925941739,0.06733686681677375,True,332.78061599999995,43.12986339992109,0.17149698661107265,2.7203299192815336
2016-01-31,Indonesia,228.03,0.0249,315.8943243622542,0.11710467416744351,True,349.41622235,42.644813827035236,0.15979308681934562,8.228645440637633
2016-02-29,Indonesia,232.74,0.0249,325.5092019229593,0.1115088083777509,True,349.41622235,43.93720017891717,0.15153348561551463,7.460964622366987
2016-03-31,Indonesia,203.12,0.022,340.38722102554203,0.06532520625645423,True,344.910633,43.094947709374146,0.15324062238275704,2.560185045728421
2016-04-30,Indonesia,188.24,0.0220999999999999,346.5440773236429,0.055584680143787604,True,345.06599814999987,43.47329485946352,0.15313539025548104,1.8534513666232515
2016-05-31,Indonesia,187.85,0.0220999999999999,348.6291204824881,0.044475203868284977,True,345.06599814999987,42.20073796449437,0.1470802318264451,1.1863909953952416
2016-06-30,Indonesia,193.74,0.0222,349.99611429526504,0.04449806057474335,True,345.2213633,43.67534468848364,0.14967191410579248,1.1876113463235816
2016-07-31,Indonesia,160.89,0.0182,350.5179374419882,0.051770851425213205,True,339.0067573,46.77589202864956,0.1527373866587853,1.60775588419445
2016-08-31,Indonesia,143.92,0.0182,352.40918173560186,0.047818575984984,True,339.0067573,46.39599875078081,0.14745864291497307,1.3715601776873652
2016-09-30,Indonesia,151.56,0.0202,352.9294151567102,0.04735978738071024,True,342.1140603,46.30780916906065,0.13413465866013186,1.345356490003473
2016-10-31,Indonesia,152.36,0.0202,351.0523364897435,0.051462105687035783,True,342.1140603,46.313853018113775,0.09370781646822761,1.5886295870257316
2016-11-30,Indonesia,174.44,0.0217,347.7711391999751,0.06042657745718926,True,344.44453755,44.58954772752453,0.10276833702349701,2.1905269301744736
2016-12-31,Indonesia,156.55,0.0283999999999999,356.0921398984279,0.030352828252456474,True,354.85400259999983,48.66949957420233,0.13291765333778616,0.5522531945461594
2017-01-31,Indonesia,146.64,0.0283999999999999,365.5899776873969,0.031178350273211582,True,365.4466235999998,49.08924341025259,0.13090019920671483,0.5827346328402941
2017-02-28,Indonesia,125.95,0.0275,362.11941539104055,0.022687794788787064,True,364.00659749999994,45.03902308688288,0.16123397469376952,0.30828442719601895
2017-03-31,Indonesia,125.66,0.0283,360.0192728022911,0.025493073605278384,True,365.28662069999996,43.41022964104281,0.16467766673749334,0.3889328345398172
2017-04-30,Indonesia,125.17,0.0266999999999999,362.10786263502285,0.02683973602331775,True,362.7265742999998,45.06712620479909,0.16868018731953674,0.43168280050536667
2017-05-31,Indonesia,123.74,0.0266999999999999,361.758864220306,0.03282147821016215,True,362.7265742999998,45.18727319233694,0.16489596244506152,0.6458393391203243
2017-06-30,Indonesia,117.65,0.0254,369.5474643041568,0.030973224807525557,True,360.64653659999993,52.188702725550904,0.21466901896436505,0.4387619939679188
2017-07-31,Indonesia,111.03,0.0254,369.52097254247695,0.030369138903703692,True,360.64653659999993,52.19565843818968,0.2067408663350295,0.5528475259683489
2017-08-31,Indonesia,105.89,0.0265,365.1656865095693,0.030581443310814273,True,362.40656849999993,48.10121541323491,0.2256627903498146,0.4581944734322466
2017-09-30,Indonesia,105.15,0.0253,364.6870828339391,0.030213293586474486,True,360.48653369999994,47.36969442839115,0.22637944061799645,0.35803811936115065
2017-10-31,Indonesia,94.09,0.0253,364.20353350014256,0.029954450582637876,True,360.48653369999994,46.86555784821853,0.22673002276326737,0.30326631414014066
2017-11-30,Indonesia,97.28999,0.0265,364.5260458856753,0.029699526152536578,True,362.40656849999993,47.3909728548674,0.22281580962981823,0.3252498175596807
2017-12-31,Indonesia,86.7,0.026,369.31642807457536,0.0324077836633895,True,361.60655399999996,52.03412546439204,0.22526926411851683,0.19563837047580643
2018-01-31,Indonesia,79.10999,0.026,402.5052308311261,0.03044661063901778,True,398.289518,53.05786335608075,0.22569156047761338,0.21626669571252263
2018-02-28,Indonesia,88.35999,0.0273,395.47320659662233,0.03051505445262621,True,400.58056389999996,46.580558001914284,0.24857015613265732,0.3615679259747751
2018-03-31,Indonesia,102.92,0.0297,396.4503028649535,0.030909661005398457,True,404.8101871,48.00666800721789,0.2459293290571546,0.29540325356595837
2018-04-30,Indonesia,105.6,0.0297,395.95074050605257,0.030545087999488036,True,404.8101871,47.57054409691776,0.24432888935691788,0.41921854353304006
2018-05-31,Indonesia,116.81,0.0296,395.82917862089107,0.030451904503568057,True,404.6339528,47.41095189567173,0.24445264476740938,0.38977994753400685
2018-06-30,Indonesia,137.49,0.0298,402.31982423855425,0.03224308065076614,True,404.9864214,53.81636414775978,0.2340152217497035,0.37195681399376673
2018-07-31,Indonesia,106.6,0.0298,402.0058327957214,0.03208627049234245,True,404.9864214,53.49244794397388,0.2341663045840856,0.3461353462280432
2018-08-31,Indonesia,124.46,0.0297,400.2906926893581,0.029087407312596007,True,404.8101871,51.64274950775721,0.22022830038605262,0.2937904351497556
2018-09-30,Indonesia,129.03,0.0308,399.60532708149407,0.028862153174867813,True,406.74876439999997,51.23701954480058,0.2195702156883275,0.3541555298477417
2018-10-31,Indonesia,156.91,0.0308,398.41233629849563,0.029215313005047136,True,406.74876439999997,50.1758596603769,0.22068176608925602,0.5115917470113821
2018-11-30,Indonesia,140.94,0.0327,375.1747352854076,0.09892724059950136,True,410.09721609999997,51.57914690930547,0.22173489711446656,5.833983190442014
2018-12-31,Indonesia,137.57,0.0327,380.569033152121,0.08489102827137589,True,410.09721609999997,50.664486200956034,0.20142594936957248,4.285937368881799
2019-01-31,Indonesia,117.36,0.0298,427.4804574990349,0.03783165543972748,True,431.3692998,57.01806074333042,0.23447502563115563,0.8582596682354521
2019-02-28,Indonesia,109.07,0.0289,424.66241851615604,0.029452281398155117,True,429.6798639,53.336133617272395,0.20037544644453825,0.5199343247912743
2019-03-31,Indonesia,103.83,0.0279999999999999,424.25632818132823,0.025370818112533527,True,427.99042799999984,52.44311158684203,0.2010632053609743,0.35492874728972557
2019-04-30,Indonesia,96.32999,0.0279999999999999,424.244880790251,0.027966125605344266,True,427.99042799999984,52.637289993958845,0.20032336435023007,0.46872759540501036
2019-05-31,Indonesia,113.06,0.0263,424.03265530687366,0.06838651182306936,True,424.79927130000004,61.9765170104614,0.2522415304210058,2.8058186100491014
2019-06-30,Indonesia,90.95,0.0236,425.8736940839557,0.047721694710906586,True,419.7309636,56.85982821695352,0.24587807657813385,1.3660057685226032
2019-07-31,Indonesia,78.32999,0.0236,429.73006745102265,0.03406901092001855,True,419.7309636,57.365846950662615,0.24562721294024817,0.5487000877117992
2019-08-31,Indonesia,90.0,0.0191,430.78243033870245,0.03354454138179917,True,411.2837841,57.61160067252851,0.2415749848291689,0.6369264977307264
2019-09-30,Indonesia,90.09,0.0191,429.0772353686848,0.046028145969191255,True,411.2837841,57.69331923831167,0.2410391789754969,1.2707305839660108
2019-10-31,Indonesia,79.14,0.0197,428.7937832038918,0.03959794212459762,True,412.4100747,57.117503966357766,0.2397621648362617,0.9403287845071369
2019-11-30,Indonesia,74.09,0.0213,428.18236863958674,0.04147832605060856,True,415.4135163,56.501795693027105,0.23990626355918104,1.0318141948658293
2019-12-31,Indonesia,63.40999,0.0213,430.05550908948373,0.03270414880874634,True,415.4135163,57.1233154637946,0.23829165947245262,0.4201297121324613
2020-01-31,Indonesia,65.85999,0.0207,453.0482205059945,0.05030377661310953,True,445.33132909999995,56.72501504830611,0.2071620067315511,1.4944762823564535
2020-02-29,Indonesia,93.03999,0.0181,434.7625632461066,0.08243790783565726,True,440.08501529999995,54.62039886082432,0.19891009719105002,4.077571392534991
2020-03-31,Indonesia,194.08,0.0181,371.1329196184049,0.15793395994579768,True,440.08501529999995,48.55494856693807,0.2321245176207689,14.913535326937525
2020-04-30,Indonesia,217.69,0.0126,391.35688681137975,0.1571342603671568,True,428.9870438,56.16360330543943,0.2777445514306897,14.816162811903569
2020-05-31,Indonesia,161.4,0.0112,420.1320236027432,0.13535143802213953,True,426.16210559999996,63.98912165982216,0.2586346760524676,10.992933521921893
2020-06-30,Indonesia,129.4216,0.0112,439.24601409785663,0.10398307467448283,True,426.16210559999996,65.73725397603687,0.24034186532207003,6.487788772842663
2020-07-31,Indonesia,116.4873,0.0109,455.40804301883685,0.06094613166975863,True,425.5567617,60.96180689413357,0.25585330918605487,2.2283680061025595
2020-08-31,Indonesia,97.83,0.0109,462.939553108731,0.035235013376855834,True,425.5567617,60.85499690791987,0.25594466447680775,0.6668639871024125
2020-09-30,Indonesia,118.59,0.0113999999999999,456.16135834138714,0.059709814277932274,True,426.5656681999998,59.695724666522224,0.2570523580559686,2.1388541497431084
2020-10-31,Indonesia,99.25,0.0134,413.79027820644654,0.1345661918948106,True,430.6012942,62.98107080616767,0.2614094169575138,10.865744796591631
2020-11-30,Indonesia,73.0,0.0134,459.4580326980297,0.06982044741611858,True,430.6012942,65.37613855919032,0.2620301497747822,2.924743050499077
2020-12-31,Indonesia,68.47,0.0139999999999999,464.1814324914128,0.04415058998472113,True,431.8119819999998,63.75072395799268,0.2646887392601435,1.1562523645655316
2021-01-31,Indonesia,76.35001,0.0163,476.19679903859543,0.049539404938973595,True,450.91552694999996,64.00049487041682,0.26418723801680355,1.472095997379077
2021-02-28,Indonesia,76.84,0.0187999999999999,470.9947087037453,0.05582788141444107,True,456.1272181999998,61.985286718725206,0.26309984412115334,1.8480191835805522
2021-03-31,Indonesia,86.23,0.0187999999999999,465.6048633790957,0.06476586993628622,True,456.1272181999998,61.309035369665814,0.2252700033651217,2.499182126389179
2021-04-30,Indonesia,77.87,0.022,474.5627462390561,0.045188287634409324,True,462.798183,62.80701044727525,0.1790900244747303,1.2247588712057655
2021-05-31,Indonesia,76.36,0.022,475.2429820292552,0.03507903791576581,True,462.798183,63.505622184614374,0.12155319513202624,0.7378257936958166
2021-06-30,Indonesia,74.42,0.0222,477.17330205530806,0.03361858064044478,True,463.2151183,63.665491433301035,0.11790500725418307,0.6776194714737536
2021-07-31,Indonesia,81.3,0.0187,479.47823296526747,0.03381608142319716,True,455.91875054999997,65.48614227248271,0.09050507431429666,0.6856116203731558
2021-08-31,Indonesia,72.42999,0.0187,479.5131612243432,0.03648039761088352,True,455.91875054999997,65.68978012079083,0.0901828374434012,0.7980024549600823
2021-09-30,Indonesia,79.35001,0.0183,477.30623782635894,0.04586384874472039,True,455.08487994999996,65.08991699987648,0.08759088217495609,1.2616707661279745
2021-10-31,Indonesia,81.28999,0.0203,477.61096286130066,0.04437141167110871,True,459.25423294999996,66.55591003207174,0.07406430525549053,1.1670206182942497
2021-11-30,Indonesia,87.75,0.0203,416.5353708861548,0.14497778210772777,True,459.25423294999996,65.92882476850369,0.06583520523052493,12.612285700108849
2021-12-31,Indonesia,75.41,0.019,477.61673090779504,0.05585692709086077,True,451.1677035,72.9470921080687,0.11472486174698558,1.871657677120359
2022-01-31,Indonesia,89.66,0.019,478.3389865580661,0.055124047148251455,True,451.1677035,72.26087373263779,0.11642040977407736,1.822849461692212
2022-02-28,Indonesia,106.88,0.0215,458.97559803401384,0.08664115731101314,True,456.31801975,66.01320052431555,0.14945562726564363,4.504039506080967
2022-03-31,Indonesia,96.08,0.0231,446.3078057914344,0.10398307467448283,True,459.61422215000005,68.4662744592627,0.15136062122058713,6.487788772842663
2022-04-30,Indonesia,115.81,0.0299,465.13408282392476,0.08900603392991954,True,473.62308235,75.54164564498093,0.17559800426260677,4.717488053591592
2022-05-31,Indonesia,106.89,0.0299,469.89463514592495,0.07803601388287564,True,473.62308235,75.13094437230002,0.1768137559973054,3.6217990642251072
2022-06-30,Indonesia,131.58,0.0326,461.4460577710652,0.07491100553189357,True,479.18542390000005,66.75244798412875,0.22107344884157176,3.3474859995182285
2022-07-31,Indonesia,115.76,0.0335,465.68565361571314,0.06651781775582498,True,481.03953775,67.90468095854081,0.2200225932622451,2.627194197967079
2022-08-31,Indonesia,104.93,0.0335,456.8109351129488,0.08568751251411194,True,481.03953775,67.97015310255604,0.22003213388286003,4.368279446037743
2022-09-30,Indonesia,157.88,0.0382,439.9230262695899,0.09742980273614785,True,490.7221323,63.42116039582447,0.23152017353568427,5.695730774694284
2022-10-31,Indonesia,139.32,0.0382,455.5924881840597,0.07033375526987615,True,490.7221323,62.097974653885665,0.23058565434343184,2.935262318474189
2022-11-30,Indonesia,95.06,0.0428,456.1205793650804,0.0660526841144632,True,500.19871420000004,60.728485137781064,0.2311660767412229,2.617537713373099
2022-12-31,Indonesia,98.02,0.0387,468.92039792015544,0.052236601734872386,True,491.75219555,67.1824011023894,0.23108446174547204,1.6368248227597828
2023-01-31,Indonesia,84.17,0.0387,456.0853578454874,0.04565438280815392,True,471.1498792,69.79731631061442,0.23537178262829628,1.2450008004915414
2023-02-28,Indonesia,93.56,0.0381,450.20056843185006,0.03878858152825284,True,469.9655896,63.031717621100476,0.24028070554442138,0.8998332469063908
2023-03-31,Indonesia,95.06,0.0394,449.03806497913496,0.04988933742508744,True,472.53155039999996,64.12688300173353,0.23750925268928438,1.4929749047870673
2023-04-30,Indonesia,96.05,0.038,457.63345180039033,0.03916514421138838,True,469.76820799999996,70.00238769628949,0.23260821650891944,0.9198728443930486
2023-05-31,Indonesia,90.63,0.038,454.5345914354354,0.05074716699862807,True,469.76820799999996,68.66724822667474,0.23295970559852955,1.5447794800719385
2023-06-30,Indonesia,88.12,0.0404,452.62315553871093,0.03459823590879287,True,474.50536639999996,65.55106913124311,0.2051265554661746,0.7177224183235064
2023-07-31,Indonesia,76.28,0.0404,452.55624464985056,0.029883699129993026,True,474.50536639999996,65.10387313959578,0.2041499594815781,0.42841721785727715
2023-08-31,Indonesia,87.62,0.0415,449.10302657534817,0.029392260554770004,True,476.676564,62.018828063477756,0.2089142305637677,0.3476492073565129
2023-09-30,Indonesia,92.59,0.0465,447.72409915517704,0.0327339812171707,True,486.545644,62.68915750025703,0.1982108942455025,0.6423973178235787
2023-10-31,Indonesia,101.48,0.0465,440.91298723726663,0.05415772070138442,True,486.545644,60.780384091514584,0.19953970894084472,1.7594795448101133
2023-11-30,Indonesia,75.22,0.0513,441.2516287399503,0.04775092367830483,True,496.0199608,61.09949902188747,0.19834799557657426,1.3577120760514123
2023-12-31,Indonesia,69.28,0.0432,456.49532732048266,0.04039163244626438,True,480.03205119999996,70.63652067917262,0.22569655532363464,0.9784262453482908
2024-01-31,Indonesia,76.7,0.0432,465.53605319435445,0.042806137021473366,True,494.5743168,68.75476551774794,0.22439166122160623,1.0890149100682962
2024-02-29,Indonesia,68.24001,0.0438999999999999,463.31489541679485,0.03146370824464755,True,495.9978448499998,65.54206061395799,0.20344869637413085,0.5934613687808841
2024-03-31,Indonesia,73.25,0.0446,465.021289493814,0.030014379035638156,True,497.42137290000005,67.26022892945248,0.20427906169370827,0.3368185078991433
2024-04-30,Indonesia,79.17999,0.0446,463.5984740689304,0.026397888689039632,True,497.42137290000005,65.78321263866464,0.1836829838229436,0.40095711311060883
2024-05-31,Indonesia,72.72,0.0471,460.90792504550967,0.02956347741074904,True,502.50540165000007,64.22549073532397,0.18413630392780625,0.5238722618413199
2024-06-30,Indonesia,78.17,0.0454,463.9286212943062,0.02632392372023024,True,499.0482621,66.37572475545913,0.18201246074423652,0.34689147063356346
2024-07-31,Indonesia,75.7,0.0454,463.59977771764915,0.035359144530092486,True,499.0482621,66.71811976271535,0.18184050323833056,0.7496655582247703
2024-08-31,Indonesia,67.25999,0.0425,467.59590124374034,0.03474553995952386,True,493.15078875,69.53399307391558,0.1767046316637836,0.7238520409178727
2024-09-30,Indonesia,68.78,0.0425,467.2928221440443,0.04869757025738861,True,493.15078875,71.04933976783518,0.17711604496288635,1.422469530704951
2024-10-31,Indonesia,68.78,0.0409999999999999,458.3792283849044,0.07433970636641335,True,490.1003714999998,68.85780454598881,0.17722081323511574,3.3156955765523706
2024-11-30,Indonesia,75.23,0.0463,466.9831655188301,0.03793196924991746,True,500.87851245,70.74042259080846,0.17786209634351227,0.8564544425350917
2024-12-31,Indonesia,77.19,0.0463,465.9852677482645,0.029058321613191475,True,500.87851245,69.03664440294362,0.10600432972238714,0.5061019093010024
2015-01-31,Malaysia,127.89,0.022,213.62279423703842,0.10710478945878155,True,246.703827,21.26169156789817,0.0940803839692781,6.883217345026881
2015-02-28,Malaysia,116.17,0.0233999999999999,218.01930417156663,0.09796751066070214,True,248.25961689999988,22.363750866523418,0.09553384804113045,5.758779539831991
2015-03-31,Malaysia,137.12,0.0233999999999999,221.62714852604756,0.09121451373679496,True,248.25961689999988,21.914747672480438,0.09878854882647177,4.9436356043553475
2015-04-30,Malaysia,123.98,0.0241,239.81410702892524,0.04051819759799371,True,249.03751185,21.715111493315845,0.0993837171997084,0.984571317590502
2015-05-31,Malaysia,111.77,0.0269,239.98027511647058,0.035452957781528495,True,252.14909165,21.380077996043767,0.0984751714813126,0.7536519799067671
2015-06-30,Malaysia,131.75,0.0269,238.96914161001544,0.03349957334467336,True,252.14909165,20.793893027485357,0.10209192078471993,0.6555709085060676
2015-07-31,Malaysia,146.9,0.0277,235.4814410119957,0.04619292229843084,True,253.03811445,20.737288051674334,0.1020094738955316,1.2798493596458795
2015-08-31,Malaysia,165.03,0.0277,215.68266759798206,0.09297250018887476,True,253.03811445,18.878574469836753,0.1286415461232038,5.186451655297059
2015-09-30,Malaysia,216.89,0.0255,227.85523651891023,0.06415314725547366,True,250.59330175,18.847851702935678,0.12728812020400446,2.46911863862289
2015-10-31,Malaysia,196.81,0.025,232.6108381095351,0.05405111976186565,True,250.03766249999998,19.143734726457463,0.12954715881265663,1.752557485191959
2015-11-30,Malaysia,167.11,0.025,225.60943236202854,0.07225447385103123,True,250.03766249999998,19.305746745888747,0.13061915271335706,3.1322603344023494
2015-12-31,Malaysia,185.56,0.0269,225.6188843649209,0.06733686681677375,True,252.14909165,18.96264391319185,0.12854168691706241,2.7203299192815336
2016-01-31,Malaysia,178.71,0.0249,190.49931636143438,0.11710467416744355,True,219.59966924999998,21.076308429251117,0.16411284117930955,8.228645440637633
2016-02-29,Malaysia,177.4,0.0249,190.21562512881147,0.11185444843416732,True,219.59966924999998,20.79432183557777,0.15450158650912998,7.460964622366987
2016-03-31,Malaysia,158.27,0.022,207.93729395616072,0.06579418689427331,True,216.768015,21.7466402304419,0.16150969831827486,2.560185045728421
2016-04-30,Malaysia,162.72,0.0220999999999999,211.15679005542032,0.05599475139504779,True,216.86565824999988,22.285619874930845,0.16307098800757003,1.8534513666232515
2016-05-31,Malaysia,156.24,0.0220999999999999,211.65037169036216,0.044475203868284977,True,216.86565824999988,21.343630629859224,0.16859438873760524,1.1863909953952416
2016-06-30,Malaysia,161.81,0.0222,211.56880694481126,0.04449806057474335,True,216.9633015,21.240383278230407,0.16602964056963837,1.1876113463235816
2016-07-31,Malaysia,139.08,0.0182,211.36440489247735,0.051770851425213205,True,213.0575715,21.882189729645194,0.16823486684016867,1.60775588419445
2016-08-31,Malaysia,121.28,0.0182,212.67856535873946,0.04781857598498428,True,213.0575715,22.177016322017725,0.1295517381631115,1.3715601776873652
2016-09-30,Malaysia,121.97,0.0202,213.0469855874905,0.04735978738071024,True,215.0104365,21.538514343965847,0.1358316832000231,1.345356490003473
2016-10-31,Malaysia,122.72,0.0202,211.6334872672287,0.051462105687035783,True,215.0104365,21.210729167770733,0.13822176036380723,1.5886295870257316
2016-11-30,Malaysia,167.68,0.0217,206.67588746799865,0.060931766403422155,True,216.47508524999998,19.924485761742734,0.15544211350662307,2.1905269301744736
2016-12-31,Malaysia,137.6,0.0283999999999999,212.17143434879875,0.030352828252456474,True,223.01718299999987,20.47296050419527,0.15547512401073432,0.5522531945461594
2017-01-31,Malaysia,127.89,0.0283999999999999,228.05342872255855,0.031178350273211582,True,241.4794401999999,20.724601949406733,0.11251764761765637,0.5827346328402941
2017-02-28,Malaysia,107.6,0.0275,231.473719383216,0.022687794788787064,True,240.52790125,22.353112916658663,0.1351119357668644,0.30828442719601895
2017-03-31,Malaysia,104.65,0.0283,230.2544111866999,0.025718726472020944,True,241.37371365,21.436336090658955,0.1357837091489057,0.3889328345398172
2017-04-30,Malaysia,108.09,0.0266999999999999,231.29962659842678,0.02683973602331775,True,239.6820888499999,22.18605392659637,0.13816463806855914,0.43168280050536667
2017-05-31,Malaysia,99.98999,0.0266999999999999,231.15833577508621,0.03282147821016215,True,239.6820888499999,22.562611079885087,0.13070987920163035,0.6458393391203243
2017-06-30,Malaysia,85.95999,0.0254,232.24339970472997,0.02705861133233132,True,238.3076437,22.943425676692023,0.13078484828690537,0.4387619939679188
2017-07-31,Malaysia,80.28,0.0254,231.68256728549633,0.030617968717971948,True,238.3076437,23.00153024414413,0.128294351844473,0.5528475259683489
2017-08-31,Malaysia,75.32999,0.0265,231.612422162406,0.027650522883812863,True,239.47063575,22.51453833902542,0.13026558603344818,0.4581944734322466
2017-09-30,Malaysia,69.39,0.0253,232.60611980822003,0.024446826750186258,True,238.20191715,23.09816621822415,0.12778501007928889,0.35803811936115065
2017-10-31,Malaysia,62.81999,0.0253,232.2789244514002,0.022502748097965646,True,238.20191715,22.981183861589063,0.12633533435552885,0.30326631414014066
2017-11-30,Malaysia,66.62,0.0265,232.59223989011264,0.023433144680667234,True,239.47063575,23.336014926412815,0.10129616305492005,0.3252498175596807
2017-12-31,Malaysia,59.20999,0.026,234.13677795010835,0.018083657655302655,True,238.942003,24.43725912468556,0.10582345626386387,0.19563837047580643
2018-01-31,Malaysia,56.06,0.026,236.5888509834829,0.019010377225108857,True,240.46739,25.5508307096089,0.109845115537118,0.21626669571252263
2018-02-28,Malaysia,64.25,0.0273,235.97065681302527,0.02456683806013691,True,241.8506095,25.326894469576757,0.09205600998822983,0.3615679259747751
2018-03-31,Malaysia,74.5,0.0297,236.58136402001537,0.022209691370031835,True,244.4042455,26.124534542098303,0.07397202231008926,0.29540325356595837
2018-04-30,Malaysia,73.76999,0.0297,236.00393499251064,0.02644996319060788,True,244.4042455,25.757137771290278,0.0770251671897186,0.41921854353304006
2018-05-31,Malaysia,84.31999,0.0296,236.2322816170294,0.025505745217408282,True,244.297844,25.92050185246027,0.07708811412214159,0.38977994753400685
2018-06-30,Malaysia,107.81,0.0298,235.82062004323657,0.02491670004910467,True,244.510647,25.522210854809057,0.0813449384797335,0.37195681399376673
2018-07-31,Malaysia,80.37,0.0298,235.71841321515726,0.024037723219789694,True,244.510647,25.377877784049645,0.08244884690840008,0.3461353462280432
2018-08-31,Malaysia,92.64,0.0297,234.51718942693287,0.022219618996274386,True,244.4042455,24.27487220625506,0.09389286263925685,0.2937904351497556
2018-09-30,Malaysia,93.64,0.0308,233.97157219412514,0.024314136920301706,True,245.574662,23.82621289628164,0.09438584033261979,0.3541555298477417
2018-10-31,Malaysia,111.69,0.0308,232.54994240816217,0.02921531300498982,True,245.574662,23.61816244999665,0.09478434138726455,0.5115917470113821
2018-11-30,Malaysia,111.68,0.0327,212.8802680133542,0.09860504631281933,True,247.5962905,23.25568123795134,0.0951619471548064,5.833983190442014
2018-12-31,Malaysia,109.08,0.0327,218.0414889679307,0.08451767302414123,True,247.5962905,23.43473577781125,0.08149848032827664,4.285937368881799
2019-01-31,Malaysia,86.51999,0.0298,241.42802088928602,0.037831655439727475,True,254.16845160000003,24.213386498215296,0.07441826878774062,0.8582596682354521
2019-02-28,Malaysia,71.42,0.0289,244.5993144412617,0.02968346255172985,True,253.1730138,26.33401342219332,0.11518435170019722,0.5199343247912743
2019-03-31,Malaysia,62.53,0.0279999999999999,243.88700981733535,0.024340619773745766,True,252.1775759999999,25.02618608034216,0.12255479763889503,0.35492874728972557
2019-04-30,Malaysia,54.95,0.0279999999999999,243.3264455779336,0.027966125605010102,True,252.1775759999999,24.72376717542171,0.12238215383629984,0.46872759540501036
2019-05-31,Malaysia,73.10999,0.0263,237.54973237026897,0.06838651182306936,True,250.29730460000002,25.546029023928714,0.12741528986074432,2.8058186100491014
2019-06-30,Malaysia,54.31999,0.0236,240.61379011486824,0.047721694710906586,True,247.31099120000002,25.517320341459367,0.12646618175272167,1.3660057685226032
2019-07-31,Malaysia,48.07999,0.0236,244.44137293445237,0.030508058954469928,True,247.31099120000002,25.59746068741922,0.1263431455923052,0.5487000877117992
2019-08-31,Malaysia,51.57999,0.0191,244.4176151441375,0.03259442834212914,True,242.3338022,25.179949172242328,0.11827288128269987,0.6369264977307264
2019-09-30,Malaysia,52.06999,0.0191,242.71917204925137,0.046028145969191255,True,242.3338022,25.284781799289984,0.1158815180291599,1.2707305839660108
2019-10-31,Malaysia,45.10999,0.0197,242.0371062015698,0.03959794212459762,True,242.99742740000002,25.1314413894864,0.11556510507486042,0.9403287845071369
2019-11-30,Malaysia,42.56999,0.0213,243.60787921293175,0.04147832605060856,True,244.7670946,25.63100065436049,0.11405156014625235,1.0318141948658293
2019-12-31,Malaysia,35.87999,0.0213,245.50345684890053,0.026478650952136543,True,244.7670946,25.935010184931695,0.11410887951892469,0.4201297121324613
2020-01-31,Malaysia,41.09,0.0207,250.0351648333831,0.049914406108851124,True,251.01237255,27.057598344346786,0.11673481168520738,1.4944762823564535
2020-02-29,Malaysia,56.25999,0.0181,235.28296190645293,0.0824379078356573,True,248.05527165,25.729842264957412,0.09885311891181264,4.077571392534991
2020-03-31,Malaysia,111.96,0.0181,200.9003016496118,0.15795035556258363,True,248.05527165,25.0522561421095,0.08813146629698636,14.913535326937525
2020-04-30,Malaysia,119.46,0.0126,203.38959398349837,0.15713426036715425,True,241.79986590000001,26.340817593834792,0.09992704718155636,14.816162811903569
2020-05-31,Malaysia,89.64,0.0112,218.35640804870397,0.1353514380221395,True,240.20758080000002,28.33732159188158,0.11844007093133639,10.992933521921893
2020-06-30,Malaysia,73.14079,0.0112,233.66689830633695,0.10418656298556395,True,240.20758080000002,28.71060254504989,0.11801357532793978,6.487788772842663
2020-07-31,Malaysia,60.03586,0.0109,249.52254064131637,0.06138103826542783,True,239.86637685,29.315619597916953,0.1182476938091059,2.2283680061025595
2020-08-31,Malaysia,49.17999,0.0109,255.81512688785966,0.03359246420669385,True,239.86637685,29.83636085009693,0.11437026418747846,0.6668639871024125
2020-09-30,Malaysia,57.67999,0.0113999999999999,250.63920716293552,0.059709814277932274,True,240.4350500999999,29.819340358965206,0.1149166313782401,2.1388541497431084
2020-10-31,Malaysia,48.62,0.0134,223.7556366245588,0.1345661918948106,True,242.7097431,30.053123943036034,0.11312733399998855,10.865744796591631
2020-11-30,Malaysia,36.25,0.0134,250.9047380561974,0.06982044741611858,True,242.7097431,30.672235518198672,0.1131621916500367,2.924743050499077
2020-12-31,Malaysia,38.09,0.0139999999999999,255.89125451884763,0.043906943445514955,True,243.3921509999999,30.840570558421447,0.11353114432959277,1.1562523645655316
2021-01-31,Malaysia,43.03999,0.0163,259.81905711837055,0.049539404938973595,True,252.36229304999998,32.1086449415381,0.11299058375584987,1.472095997379077
2021-02-28,Malaysia,40.57001,0.0187999999999999,260.92447395306493,0.05550319166906618,True,255.27910179999986,33.29137766455356,0.08978237013436605,1.8480191835805522
2021-03-31,Malaysia,44.59,0.0187999999999999,258.67752299488166,0.06454242913096152,True,255.27910179999986,32.551689253850164,0.08738093551877145,2.499182126389179
2021-04-30,Malaysia,46.55,0.022,261.35038421454254,0.045188287634409324,True,259.012617,32.77506230423685,0.08266788365269892,1.2247588712057655
2021-05-31,Malaysia,46.49001,0.022,263.5793015578072,0.035079037915765804,True,259.012617,32.47438598009403,0.061298957069564224,0.7378257936958166
2021-06-30,Malaysia,44.59,0.0222,264.1293864774423,0.03361858064044478,True,259.2459617,32.913333801091625,0.061310351220656624,0.6776194714737536
2021-07-31,Malaysia,52.06,0.0187,264.81735124092256,0.03381608142319716,True,255.16242945,33.22869065813051,0.060441818967775354,0.6856116203731558
2021-08-31,Malaysia,48.08,0.0187,263.1058677991515,0.03648039761088352,True,255.16242945,33.46566785973956,0.059994136581154656,0.7980024549600823
2021-09-30,Malaysia,49.62,0.0183,263.3444938995992,0.046222235537063186,True,254.69574004999998,33.82845321560534,0.05896694294178314,1.2616707661279745
2021-10-31,Malaysia,53.58,0.0203,264.6012549990171,0.044110818176247436,True,257.02918704999996,35.26584780687763,0.06648636291389438,1.1670206182942497
2021-11-30,Malaysia,61.69,0.0203,227.6961678370726,0.1452826954166463,True,257.02918704999996,34.45094209392961,0.07524502983105527,12.612285700108849
2021-12-31,Malaysia,46.64999,0.019,287.2635041793205,0.055856927090811664,True,282.7028295,35.688435102639474,0.0792281542702672,1.871657677120359
2022-01-31,Malaysia,59.45,0.019,288.48340694687045,0.055124047148251455,True,282.7028295,35.484739076369365,0.07463668886769613,1.822849461692212
2022-02-28,Malaysia,72.35001,0.0215,276.68736431388425,0.0866411573100491,True,285.93003075,36.75644585350936,0.07425031691934969,4.504039506080967
2022-03-31,Malaysia,68.5,0.0231,268.38170377407187,0.10398307467448283,True,287.99543955,35.36333787328972,0.08281471424823113,6.487788772842663
2022-04-30,Malaysia,89.09,0.0299,274.87290547209614,0.08867010951161482,True,296.77342695000004,36.83850071522125,0.08950655769530536,4.717488053591592
2022-05-31,Malaysia,83.2,0.0299,279.04051091592015,0.0776948748667154,True,296.77342695000004,36.62519986380097,0.08878088000672049,3.6217990642251072
2022-06-30,Malaysia,96.03999,0.0326,281.266370649926,0.07469517135438981,True,300.2588043,34.9815923371404,0.10470362164984207,3.3474859995182285
2022-07-31,Malaysia,80.23,0.0335,278.9466289097498,0.06648982667417123,True,301.42059675,33.59027523112465,0.11396302842037193,2.627194197967079
2022-08-31,Malaysia,72.27,0.0335,270.9927806937873,0.08532558111303273,True,301.42059675,33.460219421104,0.11383999179399118,4.368279446037743
2022-09-30,Malaysia,117.74,0.0382,264.4468290328284,0.09742980273614722,True,307.4877351,32.26449451493429,0.118632366120908,5.695730774694284
2022-10-31,Malaysia,109.87,0.0382,274.34954032478066,0.07039230493913552,True,307.4877351,31.679526636002112,0.10820311568730942,2.935262318474189
2022-11-30,Malaysia,75.24001,0.0428,275.43806499165856,0.0660526841144632,True,313.4257854,32.56044880096297,0.11264254191713817,2.617537713373099
2022-12-31,Malaysia,79.17,0.0387,283.94045731471016,0.052236601734872386,True,308.13317535000004,33.64625992204808,0.11170288490440251,1.6368248227597828
2023-01-31,Malaysia,66.25999,0.0387,277.940583402627,0.045769025060243385,True,298.7268438,34.916405495162465,0.11929639497493845,1.2450008004915414
2023-02-28,Malaysia,72.21001,0.0381,278.934869974819,0.03873646640724427,True,297.9759594,33.98246188763606,0.11465141704780794,0.8998332469063908
2023-03-31,Malaysia,75.23,0.0394,273.65394624986635,0.04988933742508744,True,299.6028756,33.12012302432713,0.11138400510739102,1.4929749047870673
2023-04-30,Malaysia,72.31,0.038,278.28914143406433,0.03916514421138835,True,297.850812,33.43517070210843,0.10108595592255472,0.9198728443930486
2023-05-31,Malaysia,66.86,0.038,274.09053623160963,0.0511439762241611,True,297.850812,32.41357777571413,0.10358397531886344,1.5447794800719385
2023-06-30,Malaysia,56.78999,0.0404,276.07728269150056,0.03459823590879287,True,300.85434960000003,31.356992176750293,0.09948291561841911,0.7177224183235064
2023-07-31,Malaysia,45.38,0.0404,277.1928393116979,0.026796943426882,True,300.85434960000003,32.13414796678672,0.0983004057141404,0.42841721785727715
2023-08-31,Malaysia,52.77,0.0415,276.32920721102846,0.02409014091114943,True,302.230971,31.051768666878445,0.10294907632543616,0.3476492073565129
2023-09-30,Malaysia,51.37,0.0465,273.52257478175216,0.0327339812171707,True,308.488341,30.279226332659988,0.09993503027332268,0.6423973178235787
2023-10-31,Malaysia,66.21001,0.0465,268.2696632688358,0.05415772070138442,True,308.488341,29.751778077348163,0.09983485260830702,1.7594795448101133
2023-11-30,Malaysia,43.27,0.0513,266.9940616705281,0.04757666701972046,True,314.4954162,29.728620127582623,0.09355582558070834,1.3577120760514123
2023-12-31,Malaysia,41.31,0.0432,274.9260730139735,0.04039163244626438,True,304.3584768,31.469622539621344,0.10704336990040132,0.9784262453482908
2024-01-31,Malaysia,45.78,0.0432,291.6443524871721,0.04261188589271046,True,327.30682879999995,30.58755344340753,0.0982649028634529,1.0890149100682962
2024-02-29,Malaysia,39.25999,0.0438999999999999,293.4683932037054,0.03146370824464754,True,328.2489125999998,30.966649500339255,0.0991322159484831,0.5934613687808841
2024-03-31,Malaysia,42.36,0.0446,294.58306346773105,0.023712575353725774,True,329.19099639999996,31.564127334587045,0.10039684664274434,0.3368185078991433
2024-04-30,Malaysia,49.28,0.0446,294.1419729951122,0.025868302256963807,True,329.19099639999996,31.27929560896919,0.09938827657034288,0.40095711311060883
2024-05-31,Malaysia,46.27,0.0471,292.9086550773048,0.029808112119466105,True,332.55558139999994,31.262295101084725,0.09546128596528047,0.5238722618413199
2024-06-30,Malaysia,46.75999,0.0454,294.06763013716346,0.02406391842455916,True,330.2676636,31.281930481526828,0.0896300903719928,0.34689147063356346
2024-07-31,Malaysia,43.31,0.0454,292.91739581163057,0.03570914451049609,True,330.2676636,31.684816125862053,0.08683802344482038,0.7496655582247703
2024-08-31,Malaysia,38.78,0.0425,297.17805887021626,0.03474553995952384,True,326.36474499999997,34.428334794678044,0.1132803586771229,0.7238520409178727
2024-09-30,Malaysia,37.32001,0.0425,296.86960170276836,0.04869757025738861,True,326.36474499999997,36.06005877049234,0.11257227396950549,1.422469530704951
2024-10-31,Malaysia,40.8,0.0409999999999999,285.7307461568601,0.07474435345293344,True,324.3459939999998,34.31793962424128,0.1262243379885265,3.3156955765523706
2024-11-30,Malaysia,44.3,0.0463,293.7992756998749,0.03779187560300684,True,331.47891419999996,33.09309269390694,0.1348374448077722,0.8564544425350917
2024-12-31,Malaysia,46.24001,0.0463,295.21836084777374,0.029058321613191475,True,331.47891419999996,32.897449656750105,0.12470766701532651,0.5061019093010024
2015-01-31,Mexico,115.29,0.022,554.2117883889342,0.10747831071626505,True,604.0253700000001,69.47228758491426,0.12417418465290224,6.883217345026881
2015-02-28,Mexico,100.49,0.0233999999999999,562.8240948690172,0.09835548623987779,True,607.8345389999997,69.55828221443448,0.12443071155385427,5.758779539831991
2015-03-31,Mexico,125.66,0.0233999999999999,568.3727743308472,0.09108781153952533,True,607.8345389999997,68.25852103503375,0.12723769472100765,4.9436356043553475
2015-04-30,Mexico,113.81,0.0241,607.3939908444378,0.04051819759799371,True,609.7391235,70.59969460930407,0.128828107653975,0.984571317590502
2015-05-31,Mexico,114.33,0.0269,606.5844941466679,0.035452957781528495,True,617.3574615,69.45217515210585,0.12454343750076155,0.7536519799067671
2015-06-30,Mexico,128.38,0.0269,603.6293585749688,0.03306760441931172,True,617.3574615,68.66185361010987,0.1249614713736543,0.6555709085060676
2015-07-31,Mexico,135.15,0.0277,599.8226817513747,0.04619292229843119,True,619.5341295000001,67.09665596454334,0.12767594546050728,1.2798493596458795
2015-08-31,Mexico,143.23,0.0277,558.8473647957771,0.09338580644556913,True,619.5341295000001,64.53472469670419,0.13374409404825705,5.186451655297059
2015-09-30,Mexico,171.8,0.0255,581.5980503158651,0.06415314725542341,True,613.5482925,65.0609273585478,0.1310375001055392,2.46911863862289
2015-10-31,Mexico,150.62,0.025,594.02868181898,0.05405111976186565,True,612.1878750000001,68.05182442523409,0.13098594596239818,1.752557485191959
2015-11-30,Mexico,151.14,0.025,582.3147015038413,0.07267906256136478,True,612.1878750000001,67.53534463763205,0.13103965265325565,3.1322603344023494
2015-12-31,Mexico,167.29,0.0269,583.3336005875137,0.06778717636875416,True,617.3574615,66.02233837023394,0.12033961368019128,2.7203299192815336
2016-01-31,Mexico,193.51,0.0249,,,False,604.9980923999999,68.94177021983609,0.09610367923264211,8.228645440637633
2016-02-29,Mexico,196.09,0.0249,541.5871703583045,0.1115088083777509,True,604.9980923999999,68.31752384718195,0.09643856594100643,7.460964622366987
2016-03-31,Mexico,168.49,0.022,588.7281595642778,0.06532520625645423,True,597.196872,71.37285888109729,0.10415824647086244,2.560185045728421
2016-04-30,Mexico,161.78,0.0220999999999999,598.9034036855139,0.055584680143787604,True,597.4658795999997,72.98241501686948,0.10115143005173388,1.8534513666232515
2016-05-31,Mexico,171.01,0.0220999999999999,597.6617635828098,0.044475203868284977,True,597.4658795999997,67.91802208512334,0.1250428307528262,1.1863909953952416
2016-06-30,Mexico,181.06,0.0222,597.2881536920927,0.04449806057474335,True,597.7348871999999,67.62196083691795,0.12465082805570832,1.1876113463235816
2016-07-31,Mexico,149.96,0.0182,597.505322975344,0.05177085142521321,True,586.9745832,69.38053400151783,0.12488440932197627,1.60775588419445
2016-08-31,Mexico,136.81,0.0182,598.0355325507857,0.04816288846601927,True,586.9745832,69.93994951259069,0.11630475234808717,1.3715601776873652
2016-09-30,Mexico,163.53,0.0202,593.2077415488252,0.04767047005955084,True,592.3547351999999,66.8387795311013,0.12736115502167536,1.345356490003473
2016-10-31,Mexico,154.8,0.0202,593.272370229267,0.05189914547115722,True,592.3547351999999,68.30278068424337,0.12080609952099411,1.5886295870257316
2016-11-30,Mexico,187.25,0.0217,583.7509277810605,0.06042657745718926,True,596.3898492,63.00891397158832,0.14558330678171127,2.1905269301744736
2016-12-31,Mexico,154.86,0.0283999999999999,601.4948166613478,0.030352828252456474,True,614.4133583999997,69.70289391511913,0.17867633383369283,0.5522531945461594
2017-01-31,Mexico,161.68,0.0283999999999999,605.6732444691824,0.031178350273211582,True,620.1192471999997,69.1394922776504,0.17384321157170582,0.5827346328402941
2017-02-28,Mexico,137.57,0.0275,608.3430806842256,0.022687794788878685,True,617.6756949999999,70.40162733021837,0.1743756522376366,0.30828442719601895
2017-03-31,Mexico,128.53,0.0283,612.8980400274933,0.025548279944431408,True,619.8477413999999,75.3522746324764,0.18212973774884297,0.3889328345398172
2017-04-30,Mexico,117.6,0.0266999999999999,614.2286747655124,0.02683973602331775,True,615.5036485999997,76.22791210934467,0.18130041763616392,0.43168280050536667
2017-05-31,Mexico,115.2,0.0266999999999999,614.6721562619239,0.03282147821016215,True,615.5036485999997,77.46155914363612,0.16158369375944404,0.6458393391203243
2017-06-30,Mexico,113.25,0.0254,616.7148055953651,0.027058611332331863,True,611.9740731999999,78.33044520893867,0.16072090574129347,0.4387619939679188
2017-07-31,Mexico,102.2,0.0254,617.5113147914509,0.030426102559169343,True,611.9740731999999,79.86410875196957,0.16027061193026565,0.5528475259683489
2017-08-31,Mexico,102.94,0.0265,618.46214918293,0.027650522883812863,True,614.9606369999999,80.42099082301674,0.16030148172413217,0.4581944734322466
2017-09-30,Mexico,110.05,0.0253,615.3071728074594,0.024446826750186314,True,611.7025673999999,76.88866004645526,0.16013260113766,0.35803811936115065
2017-10-31,Mexico,107.11,0.0253,612.0504177506483,0.022502748101426974,True,611.7025673999999,73.35161325321057,0.16991515489131795,0.30326631414014066
2017-11-30,Mexico,102.94,0.0265,614.3401772048737,0.023302526830431776,True,614.9606369999999,76.04654161230498,0.14296230246683123,0.3252498175596807
2017-12-31,Mexico,105.64,0.026,621.7714746566179,0.018083657655570105,True,613.6031079999999,83.02139714864013,0.13473667799145223,0.19563837047580643
2018-01-31,Mexico,98.01999,0.026,662.329133860569,0.01901037727812058,True,653.83834,88.27550288639551,0.1397935657042307,0.21626669571252263
2018-02-28,Mexico,102.93,0.0273,656.8799268175217,0.024615809887612968,True,657.599357,83.65652459521698,0.15829793420973348,0.3615679259747751
2018-03-31,Mexico,108.56,0.0297,659.8817812604403,0.022209691370031835,True,664.542773,87.24483269425492,0.1506563058018096,0.29540325356595837
2018-04-30,Mexico,112.46,0.0297,657.3843350148453,0.02644996319060873,True,664.542773,85.09024810107108,0.1551980641207361,0.41921854353304006
2018-05-31,Mexico,120.06,0.0296,651.7174636536422,0.02556587809893359,True,664.2534640000001,79.49651755845186,0.17288171172485456,0.38977994753400685
2018-06-30,Mexico,133.18,0.0298,652.1987456839777,0.02491670004910467,True,664.8320820000001,80.06316093897092,0.1726991480269493,0.37195681399376673
2018-07-31,Mexico,110.3,0.0298,658.138727196411,0.024264975424804967,True,664.8320820000001,85.59630509063035,0.18410132717033845,0.3461353462280432
2018-08-31,Mexico,118.65,0.0297,654.5444970024187,0.024219929554538208,True,664.542773,81.99504617782576,0.1904173772585391,0.2937904351497556
2018-09-30,Mexico,112.24,0.0308,655.3528159454288,0.02434579248680624,True,667.725172,83.2466801628877,0.18376215077995944,0.3541555298477417
2018-10-31,Mexico,134.22,0.0308,651.9717422334369,0.02921531300498982,True,667.725172,80.48841314586936,0.17993822562167497,0.5115917470113821
2018-11-30,Mexico,147.97,0.0327,607.4220433551978,0.09890150929021936,True,673.2220430000001,80.70676644358848,0.1772786148192772,5.833983190442014
2018-12-31,Mexico,154.88,0.0327,624.0789722762719,0.08487974072907706,True,673.2220430000001,83.7697043157153,0.1576546602731917,4.285937368881799
2019-01-31,Mexico,130.43,0.0298,678.2593330621429,0.037831655439727475,True,680.9042939999999,93.446391922031,0.18301992896503216,0.8582596682354521
2019-02-28,Mexico,132.42,0.0289,675.6465954015009,0.029452281398155117,True,678.237567,89.83373067574742,0.17853409924858188,0.5199343247912743
2019-03-31,Mexico,121.35,0.0279999999999999,672.2936563404008,0.02437250165868858,True,675.5708399999997,85.3192193245561,0.1823909667030751,0.35492874728972557
2019-04-30,Mexico,113.82,0.0279999999999999,674.1977215382722,0.027966125605010106,True,675.5708399999997,87.52389313670052,0.18239340073753352,0.46872759540501036
2019-05-31,Mexico,129.44,0.0263,654.3704217899789,0.06876815196934569,True,670.533689,85.29282086603666,0.1690340054844607,2.8058186100491014
2019-06-30,Mexico,111.34,0.0236,670.1258691751123,0.047721694710906586,True,662.533508,86.71531264769982,0.16937252382499357,1.3660057685226032
2019-07-31,Mexico,114.4,0.0236,674.79456481132,0.030296426763968563,True,662.533508,87.53212353243359,0.15634854931306122,0.5487000877117992
2019-08-31,Mexico,111.24,0.0191,673.076896569073,0.03259442834212914,True,649.199873,84.50048912085703,0.15410342692682852,0.6369264977307264
2019-09-30,Mexico,115.68,0.0191,670.2462266873597,0.04636598362891421,True,649.199873,86.11147576518255,0.15448256849433706,1.2707305839660108
2019-10-31,Mexico,92.57999,0.0197,673.8082273811502,0.03959794212459762,True,650.977691,86.86062326488246,0.14927986502704807,0.9403287845071369
2019-11-30,Mexico,91.42999,0.0213,674.4719531292766,0.04147832605060856,True,655.718539,88.21409471631976,0.1494852094495066,1.0318141948658293
2019-12-31,Mexico,79.34,0.0213,680.5992186619658,0.026478650952136543,True,655.718539,91.6142466485299,0.14961058703044108,0.4201297121324613
2020-01-31,Mexico,84.25,0.0207,708.1376474810972,0.049914406108851124,True,685.9437659,95.61965692521251,0.10965787410471364,1.4944762823564535
2020-02-29,Mexico,107.66,0.0181,676.3606742715579,0.08280035726285996,True,677.8628697,90.73673882806469,0.11560787145207221,4.077571392534991
2020-03-31,Mexico,235.72,0.0181,572.6638617837347,0.15794547113274335,True,677.8628697,76.2487620797718,0.2057649152502627,14.913535326937525
2020-04-30,Mexico,299.3301,0.0126,578.8350490165735,0.15713426036715425,True,660.7686662,77.6263450243007,0.20449503722478382,14.816162811903569
2020-05-31,Mexico,177.94,0.0112,629.2124972348444,0.13566460990943432,True,656.4174144,90.56003761825833,0.26073225029135083,10.992933521921893
2020-06-30,Mexico,163.618,0.0112,657.3530155973109,0.10434207035349512,True,656.4174144,87.08622684735587,0.26396333775368147,6.487788772842663
2020-07-31,Mexico,142.2374,0.0109,700.404693407944,0.06094613166975863,True,655.4850033,90.99059106757663,0.2674775382218303,2.2283680061025595
2020-08-31,Mexico,119.25,0.0109,712.2967914866164,0.03644264243981241,True,655.4850033,93.15944676390363,0.2646988818096733,0.6668639871024125
2020-09-30,Mexico,159.88,0.0113999999999999,699.5548414478833,0.060044017468331476,True,657.0390217999997,90.53862307447321,0.26683597730215036,2.1388541497431084
2020-10-31,Mexico,126.77,0.0134,637.1560311071315,0.13456619189481062,True,663.2550957999999,94.38423389114297,0.2694594890396308,10.865744796591631
2020-11-30,Mexico,87.14,0.0134,706.6739839074883,0.06982044741611858,True,663.2550957999999,99.78104521881404,0.27380236054068935,2.924743050499077
2020-12-31,Mexico,83.38,0.0139999999999999,722.0872452927537,0.043906943445514955,True,665.1199179999996,104.46934754745392,0.27480887929208586,1.1562523645655316
2021-01-31,Mexico,95.24001,0.0163,724.0774575719056,0.049539404938973595,True,679.7337812999999,101.95722364491377,0.27452076609090487,1.472095997379077
2021-02-28,Mexico,107.7,0.0187999999999999,718.8089354818319,0.05550319166906618,True,687.5901587999996,99.82974497341525,0.2690627288752387,1.8480191835805522
2021-03-31,Mexico,111.95,0.0187999999999999,715.6029533476277,0.06454242913096152,True,687.5901587999996,101.09765558922601,0.1820720361254447,2.499182126389179
2021-04-30,Mexico,94.16,0.022,731.6060660628787,0.045188287634409324,True,697.6463219999999,109.64465167285462,0.19073023991289775,1.2247588712057655
2021-05-31,Mexico,93.75,0.022,735.1701147422764,0.035079037915765804,True,697.6463219999999,111.40350249877923,0.1329940902131064,0.7378257936958166
2021-06-30,Mexico,92.98,0.0222,735.9295835483714,0.03361858064044478,True,698.2748322,112.05177128993546,0.11908001106592145,0.6776194714737536
2021-07-31,Mexico,96.47,0.0187,739.9405612948707,0.03381608142319716,True,687.2759037,115.02491140707917,0.11666734474104412,0.6856116203731558
2021-08-31,Mexico,87.17,0.0187,737.1310157408856,0.03648039761088352,True,687.2759037,113.18239143629914,0.12181606997156036,0.7980024549600823
2021-09-30,Mexico,95.96001,0.0183,734.3416956810197,0.04602134181783434,True,686.0188833,113.34161517435744,0.1131883688911109,1.2616707661279745
2021-10-31,Mexico,103.43,0.0203,735.7992694086935,0.04411081817624743,True,692.3039852999999,113.21283844192436,0.11182435202785519,1.1670206182942497
2021-11-30,Mexico,124.12,0.0203,,,False,692.3039852999999,106.1636493384658,0.12766655462562207,12.612285700108849
2021-12-31,Mexico,90.69,0.019,722.3174455895295,0.055856927090811664,True,659.2814324999999,126.58123958700348,0.21154668443961464,1.871657677120359
2022-01-31,Mexico,106.03,0.019,720.410133427161,0.055124047148251455,True,659.2814324999999,124.6835068072545,0.20982017407820394,1.822849461692212
2022-02-28,Mexico,111.71,0.0215,700.8045077709835,0.0866411573100491,True,666.8074762499999,126.65531566914115,0.20576553915354578,4.504039506080967
2022-03-31,Mexico,104.38,0.0231,701.6494330839918,0.10398307467448283,True,671.62414425,128.9769002306294,0.20562818407976205,6.487788772842663
2022-04-30,Mexico,140.15,0.0299,696.0878844134265,0.08867010951160471,True,692.0949832499999,126.14685831175765,0.19809056729959046,4.717488053591592
2022-05-31,Mexico,124.67,0.0299,713.7917035841054,0.07797205523795754,True,692.0949832499999,131.59526263364964,0.20044616348143857,3.6217990642251072
2022-06-30,Mexico,166.2,0.0326,714.4395295245641,0.07469517135440916,True,700.2231105,130.77915378959278,0.20133342558533143,3.3474859995182285
2022-07-31,Mexico,155.9,0.0335,713.2789038155412,0.06646127159285087,True,702.93248625,127.02183169608041,0.2049162198743497,2.627194197967079
2022-08-31,Mexico,150.13,0.0335,708.9462867162537,0.08532558111284165,True,702.93248625,129.1432170908938,0.2032686330587896,4.368279446037743
2022-09-30,Mexico,195.25,0.0382,696.2744316747513,0.09742980273614668,True,717.0814485,126.88647299725736,0.20513082098850396,5.695730774694284
2022-10-31,Mexico,159.2,0.0382,712.1462314181888,0.069945868757243,True,717.0814485,129.06846270335382,0.20491712122287079,2.935262318474189
2022-11-30,Mexico,126.85,0.0428,713.3518516410296,0.0660526841144632,True,730.929369,129.7931899221231,0.18816761045272998,2.617537713373099
2022-12-31,Mexico,130.13,0.0387,730.258469555222,0.05238823144847335,True,718.5866572499999,141.8973643156029,0.11318276949024285,1.6368248227597828
2023-01-31,Mexico,116.62,0.0387,719.0687408681397,0.045559995649132046,True,695.3765434,147.37192123559262,0.11300388324983857,1.2450008004915414
2023-02-28,Mexico,117.01,0.0381,719.1963003991159,0.03873646640724427,True,693.6286342,147.0339531075634,0.11412435469983147,0.8998332469063908
2023-03-31,Mexico,118.76,0.0394,721.6156055272768,0.04988933742508744,True,697.4157708,152.952898510087,0.11723710105957091,1.4929749047870673
2023-04-30,Mexico,112.68,0.038,725.3682285448297,0.03916514421138835,True,693.337316,152.66777442083256,0.11199944408196003,0.9198728443930486
2023-05-31,Mexico,114.32,0.038,727.3029330408,0.05074716699862807,True,693.337316,155.80325951049366,0.1084533184011234,1.5447794800719385
2023-06-30,Mexico,102.79,0.0404,731.8832732312619,0.03459823590879287,True,700.3289528,160.01056979588512,0.10671062794294216,0.7177224183235064
2023-07-31,Mexico,101.14,0.0404,736.320718493414,0.02673816650050142,True,700.3289528,164.2063013812847,0.09432428041995694,0.42841721785727715
2023-08-31,Mexico,104.94,0.0415,736.4276685069823,0.02409014091114943,True,703.533453,164.77724489500196,0.09595078750356767,0.3476492073565129
2023-09-30,Mexico,128.61,0.0465,728.4654640478232,0.0327339812171707,True,718.099363,159.62671395240264,0.10283683928585939,0.6423973178235787
2023-10-31,Mexico,129.56,0.0465,720.273998767689,0.05415772070138442,True,718.099363,153.4613407434907,0.11839255738971748,1.7594795448101133
2023-11-30,Mexico,98.02,0.0513,725.2920153727459,0.04757666701972046,True,732.0826366,160.0569740467364,0.12101731198403479,1.3577120760514123
2023-12-31,Mexico,88.13,0.0432,748.1466011107958,0.04039163244626438,True,708.4858624,177.68413230962685,0.13143668700709196,0.9784262453482908
2024-01-31,Mexico,90.09,0.0432,757.0528732392537,0.04261188589271046,True,722.3071616,175.63343200631155,0.1328891406539446,1.0890149100682962
2024-02-29,Mexico,82.17999,0.0438999999999999,756.5784874248252,0.031463708244793706,True,724.3861706999998,174.99321874914003,0.13308420136427124,0.5934613687808841
2024-03-31,Mexico,92.08,0.0446,767.6497984992731,0.033982475330546116,True,726.4651798,186.40513075303173,0.13987357267735193,0.3368185078991433
2024-04-30,Mexico,97.03,0.0446,761.0737495240772,0.03514764576423238,True,726.4651798,179.84072227029185,0.14859382099657908,0.40095711311060883
2024-05-31,Mexico,94.06,0.0471,760.6962279585946,0.03536846796385655,True,733.8902123,180.82309905649802,0.14860930919168533,0.5238722618413199
2024-06-30,Mexico,109.89,0.0454,754.2258819461364,0.036144342846703724,True,728.8411902,173.42898248990016,0.1569665992836456,0.34689147063356346
2024-07-31,Mexico,107.9,0.0454,753.1603830875355,0.035786127306140815,True,728.8411902,172.3953419597132,0.15595139945186043,0.7496655582247703
2024-08-31,Mexico,113.36,0.0425,741.3851336428039,0.03821569834508722,True,720.2281525000001,159.18167688678824,0.1770642178819382,0.7238520409178727
2024-09-30,Mexico,119.72,0.0425,740.5855575752735,0.04869757025738861,True,720.2281525000001,159.30884006129483,0.17424243554083926,1.422469530704951
2024-10-31,Mexico,119.76,0.0409999999999999,735.4111175533146,0.07433970636641335,True,715.7731329999997,162.94716177445014,0.16999253676968404,3.3156955765523706
2024-11-30,Mexico,123.2,0.0463,741.6670200859363,0.03779187560300684,True,731.5142019,161.50981411292148,0.16544151449429542,0.8564544425350917
2024-12-31,Mexico,132.62,0.0463,742.1621515474479,0.02905832161386384,True,731.5142019,161.8997675646392,0.1212022636213989,0.5061019093010024
2015-01-31,Philippines,93.60999,0.022,87.91143959142474,0.10710478945878155,True,86.21814,15.96178565077471,0.1145734434909945,6.883217345026881
2015-02-28,Philippines,84.25,0.0233999999999999,89.60621370565282,0.09796751066070268,True,86.76185799999996,15.989711519080315,0.1148469512523291,5.758779539831991
2015-03-31,Philippines,93.10999,0.0233999999999999,89.63826418814902,0.0907703066430127,True,86.76185799999996,15.742847865260007,0.11758310822798111,4.9436356043553475
2015-04-30,Philippines,90.64999,0.0241,93.1080620335005,0.04051819759799371,True,87.03371700000001,16.13707759671701,0.1181137029386159,0.984571317590502
2015-05-31,Philippines,85.95999,0.0269,93.0729746051483,0.035452957781528495,True,88.121153,16.151934016258124,0.1061689641605652,0.7536519799067671
2015-06-30,Philippines,89.17999,0.0269,92.89819275815752,0.03306760441931172,True,88.121153,15.950484502925093,0.10827287134522984,0.6555709085060676
2015-07-31,Philippines,98.26999,0.0277,92.07387289653406,0.04619292229843084,True,88.43184900000001,15.419635331129834,0.10740109373672664,1.2798493596458795
2015-08-31,Philippines,113.26,0.0277,88.68241269713795,0.09297250018887478,True,88.43184900000001,15.067428038291357,0.11182932287242996,5.186451655297059
2015-09-30,Philippines,130.14,0.0255,91.01821026624405,0.064437460878814,True,87.57743500000001,15.361907478701838,0.1059395278522368,2.46911863862289
2015-10-31,Philippines,104.66,0.025,92.09189282960718,0.05405111976196559,True,87.38325,16.11903681764195,0.09865748562203248,1.752557485191959
2015-11-30,Philippines,99.75,0.025,91.67939173136479,0.07225447385103123,True,87.38325,15.960859353308967,0.09916033611089674,3.1322603344023494
2015-12-31,Philippines,110.07,0.0269,92.14312520710894,0.06733686681677375,True,88.121153,16.20574667757921,0.09961880343182344,2.7203299192815336
2016-01-31,Philippines,125.01,0.0249,86.78770751999788,0.11740843452876183,True,87.119513,16.325455965995918,0.07902817346718143,8.228645440637633
2016-02-29,Philippines,121.81,0.0249,88.1119088217776,0.11150880837793466,True,87.119513,16.403344589235523,0.0790801639273262,7.460964622366987
2016-03-31,Philippines,107.84,0.022,92.11541203922263,0.06532520625645458,True,85.99614,16.896509295228217,0.08094079183843679,2.560185045728421
2016-04-30,Philippines,106.61,0.0220999999999999,95.05547748867075,0.055782197842922175,True,86.03487699999997,18.590527716394067,0.12031816558439495,1.8534513666232515
2016-05-31,Philippines,110.54,0.0220999999999999,95.49474983659744,0.04453733175315954,True,86.03487699999997,18.73043761688696,0.11984853154030553,1.1863909953952416
2016-06-30,Philippines,119.29,0.0222,94.89376541390314,0.04449806057474335,True,86.073614,18.156661234457225,0.12536483610672292,1.1876113463235816
2016-07-31,Philippines,100.48,0.0182,94.75700909876342,0.05177085142630684,True,84.524134,18.07759289656326,0.11710610831126653,1.60775588419445
2016-08-31,Philippines,88.93999,0.0182,95.22324722446132,0.047818575984984,True,84.524134,18.332565998077268,0.1102138434076302,1.3715601776873652
2016-09-30,Philippines,117.35,0.0202,94.5386819505037,0.04735978738071024,True,85.298874,17.69932043022652,0.12149177275544383,1.345356490003473
2016-10-31,Philippines,112.96,0.0202,94.37547406850697,0.051462105687035783,True,85.298874,17.639351774780476,0.11546858816662076,1.5886295870257316
2016-11-30,Philippines,123.73,0.0217,93.82072546397362,0.06042657745718926,True,85.879929,17.439026473817343,0.11573488908395257,2.1905269301744736
2016-12-31,Philippines,110.04,0.0283999999999999,95.94105189947307,0.030352828252456474,True,88.47530799999997,19.18934978107174,0.14573346191763595,0.5522531945461594
2017-01-31,Philippines,97.04999,0.0283999999999999,93.17887316101529,0.031178350273211582,True,85.37934599999997,19.11320156748659,0.14674132235923407,0.5827346328402941
2017-02-28,Philippines,82.76999,0.0275,91.60525864180875,0.034262769081307355,True,85.0429125,17.50084559572615,0.1784923124797855,0.30828442719601895
2017-03-31,Philippines,82.28,0.0283,92.36840908403231,0.036126613646441694,True,85.3419645,18.302865038505562,0.1813637602766555,0.3889328345398172
2017-04-30,Philippines,80.79999,0.0266999999999999,92.83407940327449,0.031252408914928226,True,84.74386049999997,18.68771916331081,0.15487106914468302,0.43168280050536667
2017-05-31,Philippines,79.54999,0.0266999999999999,92.98371622928872,0.03282147821164575,True,84.74386049999997,18.84720271089236,0.15492405452509447,0.6458393391203243
2017-06-30,Philippines,77.56,0.0254,94.19733765834737,0.03426240342330329,True,84.257901,19.995942581436925,0.1610008637681774,0.4387619939679188
2017-07-31,Philippines,70.37999,0.0254,94.16537278874993,0.03419121273859218,True,84.257901,19.965676268564543,0.1607864188590645,0.5528475259683489
2017-08-31,Philippines,65.92,0.0265,93.6097602918069,0.03421947762191449,True,84.6690975,19.45692358469696,0.1641345182476305,0.4581944734322466
2017-09-30,Philippines,66.65999,0.0253,94.59201156911027,0.03514033645425465,True,84.22051950000001,20.38544110824539,0.16269622140051074,0.35803811936115065
2017-10-31,Philippines,63.2,0.0253,94.31216598251937,0.0350566566387472,True,84.22051950000001,20.105335811178,0.16408735954442813,0.30326631414014066
2017-11-30,Philippines,65.62999,0.0265,94.83427682069119,0.035608852705469304,True,84.6690975,20.67817447343349,0.16297627964483788,0.3252498175596807
2017-12-31,Philippines,59.73,0.026,97.55158278463864,0.04303024883618804,True,84.48219,23.376024372335245,0.17912376034331534,0.19563837047580643
2018-01-31,Philippines,56.35999,0.026,95.46579156818717,0.0437521208721565,True,82.60074,22.94335158778596,0.18154035076435257,0.21626669571252263
2018-02-28,Philippines,65.87,0.0273,93.48756652992778,0.040873487485811516,True,83.075877,21.023578154273423,0.18107770886356106,0.3615679259747751
2018-03-31,Philippines,75.01999,0.0297,96.25994168178681,0.05337409863457492,True,83.953053,23.926030833989547,0.2130166298538628,0.29540325356595837
2018-04-30,Philippines,73.78999,0.0297,96.50683932624958,0.05389628764031291,True,83.953053,24.175650354966503,0.21335273112606207,0.41921854353304006
2018-05-31,Philippines,83.82999,0.0296,95.99325942629315,0.054101557421699475,True,83.916504,23.66244028918627,0.21740195876570523,0.38977994753400685
2018-06-30,Philippines,93.14,0.0298,95.56511665903722,0.05289573945663682,True,83.989602,23.24106975349853,0.2155158513919341,0.37195681399376673
2018-07-31,Philippines,71.5,0.0298,95.62806864456728,0.05292947986973333,True,83.989602,23.303079014840414,0.2152590480535226,0.3461353462280432
2018-08-31,Philippines,80.34,0.0297,95.34033944378913,0.051856718336058885,True,83.953053,23.007026338833366,0.21308798615766278,0.2937904351497556
2018-09-30,Philippines,77.68999,0.0308,95.48506160468781,0.05145587064196746,True,84.355092,23.201712792645154,0.21010550479934598,0.3541555298477417
2018-10-31,Philippines,97.54999,0.0308,95.67166276061184,0.05136389543173484,True,84.355092,23.389530216602754,0.20844084924601075,0.5115917470113821
2018-11-30,Philippines,93.85999,0.0327,95.90609399658602,0.09860504631281894,True,85.049523,24.96309398394122,0.21463554873507493,5.833983190442014
2018-12-31,Philippines,87.73,0.0327,95.84003633703405,0.08451767302414123,True,85.049523,24.910760456356606,0.18034375197599395,4.285937368881799
2019-01-31,Philippines,78.35999,0.0298,105.80657214121317,0.05358005288425798,True,90.72503999999999,27.674680524967684,0.20345098223294253,0.8582596682354521
2019-02-28,Philippines,64.35999,0.0289,104.96819504624453,0.04586751558737906,True,90.36971999999999,26.768889068069964,0.1793313819960175,0.5199343247912743
2019-03-31,Philippines,60.79999,0.0279999999999999,105.95478934119333,0.03561714257280273,True,90.01439999999995,27.700941574110498,0.136191433283938,0.35492874728972557
2019-04-30,Philippines,53.42999,0.0279999999999999,106.26096682918755,0.03590833608357917,True,90.01439999999995,28.007432496071917,0.13618371285904277,0.46872759540501036
2019-05-31,Philippines,64.73999,0.0263,106.94511688796318,0.06838651182306936,True,89.34324,29.004431893920035,0.1325869515975609,2.8058186100491014
2019-06-30,Philippines,48.46999,0.0236,107.31325359028376,0.047721694710906586,True,88.27727999999999,28.945456487750967,0.12891416313274268,1.3660057685226032
2019-07-31,Philippines,45.42999,0.0236,107.4555308564431,0.034829392214070914,True,88.27727999999999,29.004770947511606,0.12899726449671797,0.5487000877117992
2019-08-31,Philippines,49.17,0.0191,107.33125515871741,0.03434317234652489,True,86.50067999999999,28.71035764603758,0.1283436393154209,0.6369264977307264
2019-09-30,Philippines,48.37,0.0191,107.39597752981248,0.046028145969191255,True,86.50067999999999,28.845077783261807,0.12871696421361234,1.2707305839660108
2019-10-31,Philippines,40.89999,0.0197,108.08033978241994,0.03959794212459822,True,86.73755999999999,29.502477286583044,0.12829344590262834,0.9403287845071369
2019-11-30,Philippines,41.10999,0.0213,109.75662018838716,0.04147832605060856,True,87.36923999999999,31.243523856949242,0.12547360647033984,1.0318141948658293
2019-12-31,Philippines,34.59999,0.0213,109.80181999681805,0.03559847898685938,True,87.36923999999999,31.25940769965376,0.1250284665869386,0.4201297121324613
2020-01-31,Philippines,40.84999,0.0207,115.28544610739515,0.049914406108851124,True,92.27246299999999,32.25554144713911,0.08473937318982948,1.4944762823564535
2020-02-29,Philippines,51.28999,0.0181,115.01650357449978,0.08243790783565726,True,91.185429,32.813176952921225,0.06824948844874655,4.077571392534991
2020-03-31,Philippines,100.78,0.0181,109.80601625827357,0.15764974079034422,True,91.185429,32.712830842204156,0.06814837912625644,14.913535326937525
2020-04-30,Philippines,88.08,0.0126,114.12754930388235,0.15733183864567069,True,88.88593399999999,37.084446063106725,0.13047962021303475,14.816162811903569
2020-05-31,Philippines,73.77,0.0112,122.80937029267312,0.1355267795351936,True,88.300608,42.4903991141281,0.17263236100640503,10.992933521921893
2020-06-30,Philippines,65.55803,0.0112,125.42096361154739,0.10398307467448283,True,88.300608,42.9408273734087,0.170384738990982,6.487788772842663
2020-07-31,Philippines,57.29884,0.0109,117.06441512001143,0.095953364525468,True,88.175181,34.12623152678668,0.3136104197636871,2.2283680061025595
2020-08-31,Philippines,47.71001,0.0109,117.64284375642187,0.09643398618352413,True,88.175181,34.66286023055002,0.3125380985270058,0.6668639871024125
2020-09-30,Philippines,57.55,0.0113999999999999,117.63585400688642,0.0966827630307648,True,88.38422599999996,34.69778644610834,0.3127009812574189,2.1388541497431084
2020-10-31,Philippines,48.35001,0.0134,116.31303178254402,0.13474997707232564,True,89.220406,35.607727813494954,0.3128024250212123,10.865744796591631
2020-11-30,Philippines,36.12,0.0134,118.82505966299026,0.0978020526202188,True,89.220406,35.9188632990859,0.3094990711738347,2.924743050499077
2020-12-31,Philippines,36.62,0.0139999999999999,119.81869746083245,0.0994559489533262,True,89.47125999999996,36.89604342451573,0.3095878761022575,1.1562523645655316
2021-01-31,Philippines,41.55,0.0163,137.2732128212799,0.09589712699430583,True,106.514772,39.754177902974625,0.3152309999714501,1.472095997379077
2021-02-28,Philippines,40.56,0.0187999999999999,131.86055520313408,0.09961685784091205,True,107.74587199999995,34.90031124549851,0.34810189627827853,1.8480191835805522
2021-03-31,Philippines,44.10001,0.0187999999999999,132.07582159897322,0.10005745865231992,True,107.74587199999995,35.130802651216335,0.3479875938684736,2.499182126389179
2021-04-30,Philippines,46.56,0.022,133.04019028478828,0.09249355247780681,True,109.32168,35.85433185356111,0.32364268350038483,1.2247588712057655
2021-05-31,Philippines,46.75,0.022,133.78513581020889,0.08054447438835852,True,109.32168,36.218418628814355,0.28712225319499796,0.7378257936958166
2021-06-30,Philippines,44.59,0.0222,133.13919617747305,0.0791505628877978,True,109.420168,35.571299621859175,0.2859519476584875,0.6776194714737536
2021-07-31,Philippines,51.00999,0.0187,134.89364725053642,0.045899558759602756,True,107.696628,36.81935571469297,0.16786017470696013,0.6856116203731558
2021-08-31,Philippines,47.82001,0.0187,134.9736666542759,0.04590460874457147,True,107.696628,36.90032591412328,0.16758739969677522,0.7980024549600823
2021-09-30,Philippines,49.59,0.0183,134.53025042517737,0.045863848745479774,True,107.499652,36.446027782602556,0.16848700650067738,1.2616707661279745
2021-10-31,Philippines,56.03,0.0203,135.37680640179119,0.04660540462564368,True,108.484532,37.376896945932614,0.1683942667572289,1.1670206182942497
2021-11-30,Philippines,67.59,0.0203,130.1210208710894,0.14497778210772777,True,108.484532,37.414670468126914,0.16833773635646446,12.612285700108849
2021-12-31,Philippines,56.59,0.019,146.77034001342267,0.055856927090811664,True,116.53866,40.87466116120274,0.18783960426578267,1.871657677120359
2022-01-31,Philippines,71.35001,0.019,146.6402043608595,0.055124047148251455,True,116.53866,40.770431606321196,0.1735322884830019,1.822849461692212
2022-02-28,Philippines,90.14999,0.0215,144.94579057618887,0.0866411573100491,True,117.86901,40.42176200091683,0.09895562724774172,4.504039506080967
2022-03-31,Philippines,89.21001,0.0231,141.46972485244433,0.10398307467448283,True,118.720434,39.43853318062986,0.10559968690905562,6.487788772842663
2022-04-30,Philippines,109.89,0.0299,144.48858572235292,0.08867010951160471,True,122.338986,40.5767666749271,0.1067965398746499,4.717488053591592
2022-05-31,Philippines,101.97,0.0299,145.10691080477912,0.0776948748666999,True,122.338986,40.63939497139661,0.10715722368835819,3.6217990642251072
2022-06-30,Philippines,118.77,0.0326,141.45121278730892,0.07469517135438981,True,123.775764,37.06024285267716,0.14646953779551217,3.3474859995182285
2022-07-31,Philippines,104.43,0.0335,144.93813056511658,0.0661743831472139,True,124.25469,40.195298300468245,0.1637163406360811,2.627194197967079
2022-08-31,Philippines,95.05,0.0335,142.9200606817415,0.08532558111301787,True,124.25469,39.60895229270124,0.1651569925121576,4.368279446037743
2022-09-30,Philippines,146.25,0.0382,138.8307042048167,0.09742980273614668,True,126.755748,35.97733088810894,0.19400766885898424,5.695730774694284
2022-10-31,Philippines,128.58,0.0382,140.67230506556123,0.06994586875723303,True,126.755748,36.442427418484506,0.19256693208868267,2.935262318474189
2022-11-30,Philippines,89.13,0.0428,142.05665732186228,0.0660526841144632,True,129.203592,38.04783808919203,0.19784101084294042,2.617537713373099
2022-12-31,Philippines,96.03999,0.0387,148.08324716764022,0.06625285228158626,True,127.021818,43.4994498128524,0.22325032910150272,1.6368248227597828
2023-01-31,Philippines,86.14,0.0387,153.79442341291735,0.06528964124717952,True,132.798358,44.448881019259716,0.22364246694726006,1.2450008004915414
2023-02-28,Philippines,92.07001,0.0381,149.72169666099327,0.06759335382940192,True,132.464554,40.39544212404521,0.24614787126951537,0.8998332469063908
2023-03-31,Philippines,93.08,0.0394,150.3335195692005,0.0683129723879963,True,133.187796,41.13511035927778,0.2452044069969282,1.4929749047870673
2023-04-30,Philippines,95.06,0.038,148.9536151024128,0.06684538914439156,True,132.40892,39.622762256662256,0.2467439216843679,0.9198728443930486
2023-05-31,Philippines,87.66,0.038,148.6174352267144,0.06656584312632076,True,132.40892,39.307310160205105,0.24677956509402715,1.5447794800719385
2023-06-30,Philippines,84.16,0.0404,148.0245587536485,0.06036548140918828,True,133.744136,38.836378090369514,0.22735023342768523,0.7177224183235064
2023-07-31,Philippines,70.83,0.0404,148.3239094710717,0.056110610608376514,True,133.744136,39.09183115067422,0.2113528359573719,0.42841721785727715
2023-08-31,Philippines,80.67,0.0415,146.8822158702455,0.05533403325127739,True,134.35611,37.75493144004138,0.21358115509359105,0.3476492073565129
2023-09-30,Philippines,85.17,0.0465,145.39727117124554,0.04851085762818758,True,137.13781,36.73742417715073,0.19108034264326945,0.6423973178235787
2023-10-31,Philippines,92.57001,0.0465,145.11344677730716,0.05415772070138598,True,137.13781,36.56035125272724,0.19077727354840157,1.7594795448101133
2023-11-30,Philippines,68.25999,0.0513,146.5562306655251,0.05076947284952091,True,139.808242,38.42155793290982,0.19248493144622295,1.3577120760514123
2023-12-31,Philippines,62.31,0.0432,150.96603394106154,0.04474803868248307,True,135.301888,41.95811415773085,0.16074422389050042,0.9784262453482908
2024-01-31,Philippines,65.28,0.0432,164.08518069436124,0.042611885892710484,True,152.479104,41.267761274020096,0.15889433664999922,1.0890149100682962
2024-02-29,Philippines,60.28999,0.0438999999999999,161.68131053915403,0.03357861401877956,True,152.91798299999994,38.90499637122561,0.13941814148714723,0.5934613687808841
2024-03-31,Philippines,63.32001,0.0446,162.06445407794843,0.033654491884983144,True,153.356862,39.36348691699633,0.13849290158479982,0.3368185078991433
2024-04-30,Philippines,68.75,0.0446,161.0245614089989,0.03239528779037602,True,153.356862,38.32399714500684,0.13603733089384495,0.40095711311060883
2024-05-31,Philippines,65.75,0.0471,161.6202791645831,0.03355250653698757,True,154.92428700000002,39.206475167700056,0.13821078520577412,0.5238722618413199
2024-06-30,Philippines,70.21001,0.0454,162.03853817622385,0.03351857157331859,True,153.858438,39.42764864280032,0.13768842559532482,0.34689147063356346
2024-07-31,Philippines,66.75,0.0454,162.1127605385894,0.03535914453009882,True,153.858438,39.51758713074705,0.13757530273787627,0.7496655582247703
2024-08-31,Philippines,57.78,0.0425,162.93708158593807,0.03474553995952385,True,152.04022500000002,40.02217366752731,0.1322237945755566,0.7238520409178727
2024-09-30,Philippines,58.85001,0.0425,162.92460946683698,0.04869757025738861,True,152.04022500000002,40.19433382801551,0.1275262497657579,1.422469530704951
2024-10-31,Philippines,58.84,0.0409999999999999,160.65820784069723,0.07433970636641335,True,151.09976999999995,38.69394961484782,0.1351260974065721,3.3156955765523706
2024-11-30,Philippines,65.28,0.0463,161.9578195266019,0.03779187560300684,True,154.422711,39.51310417019583,0.12755094639535325,0.8564544425350917
2024-12-31,Philippines,67.23,0.0463,162.48479868086707,0.029058321613191797,True,154.422711,40.0101607847134,0.08858566593304262,0.5061019093010024
2015-01-31,Qatar,79.12999,0.022,88.95829620047971,0.10740714241639493,True,86.13439050000001,16.64171860502802,0.1408749295868968,6.883217345026881
2015-02-28,Qatar,77.64,0.0233999999999999,88.9457395151084,0.09796751066070214,True,86.67758034999997,15.153567155694645,0.138342169356071,5.758779539831991
2015-03-31,Qatar,75.65999,0.0233999999999999,89.41902994942897,0.09077030664301115,True,86.67758034999997,15.154118919033872,0.13833769772060575,4.9436356043553475
2015-04-30,Qatar,74.67,0.0241,92.3299779026195,0.04051819759799371,True,86.949175275,15.440444392227462,0.13611391018024882,0.984571317590502
2015-05-31,Qatar,70.18999,0.0269,93.73411106212083,0.0354529577815307,True,88.035554975,16.84931038106692,0.15254289283136338,0.7536519799067671
2015-06-30,Qatar,61.25,0.0269,93.73615371966544,0.03308480452682189,True,88.035554975,16.843177783420646,0.15254516850517275,0.6555709085060676
2015-07-31,Qatar,58.25999,0.0277,96.22435269537503,0.04619292229843084,True,88.345949175,19.417034719984642,0.20596489456406206,1.2798493596458795
2015-08-31,Qatar,73.87,0.0277,93.93326622648635,0.09325360254939212,True,88.345949175,19.417034719984642,0.20465413577990213,5.186451655297059
2015-09-30,Qatar,74.14999,0.0255,93.44436342983366,0.06415314725542309,True,87.492365125,17.106281756349784,0.24686095324283083,2.46911863862289
2015-10-31,Qatar,74.81,0.025,91.44963324692891,0.05405111976186565,True,87.29836875000001,14.88235875843231,0.2814305032011571,1.752557485191959
2015-11-30,Qatar,77.76999,0.025,90.39201535238077,0.0725848906245258,True,87.29836875000001,14.87477456298702,0.28151926282736134,3.1322603344023494
2015-12-31,Qatar,88.07999,0.0269,90.34487933864074,0.06766525034816129,True,88.035554975,14.630582119606085,0.28156313435023717,2.7203299192815336
2016-01-31,Qatar,131.24,0.0249,88.97920992924941,0.11710467416744352,True,90.771922735,14.653344060685118,0.2789922319909834,8.228645440637633
2016-02-29,Qatar,129.29,0.0249,89.01215006175603,0.11179860528619856,True,90.771922735,14.650143242185592,0.2638783251484865,7.460964622366987
2016-03-31,Qatar,93.12,0.022,94.41904820725983,0.06532520625645423,True,89.6014533,15.207973377689479,0.26694165676316134,2.560185045728421
2016-04-30,Qatar,93.85999,0.0220999999999999,95.58121905873139,0.055837857890518525,True,89.64181431499996,15.891121764345229,0.27001452588309305,1.8534513666232515
2016-05-31,Qatar,107.5,0.0220999999999999,95.93786341447831,0.044646783713187733,True,89.64181431499996,15.887072773821947,0.25367494346859576,1.1863909953952416
2016-06-30,Qatar,114.76,0.0222,95.80784537268596,0.0446621301918924,True,89.68217533,15.768775681366598,0.2536358777198523,1.1876113463235816
2016-07-31,Qatar,106.87,0.0182,99.20350006341468,0.05892195350947143,True,88.06773473000001,19.14483614476416,0.2893187301997743,1.60775588419445
2016-08-31,Qatar,96.56,0.0182,99.21455605951695,0.05886519215033923,True,88.06773473000001,19.144139007855443,0.2893185709550762,1.3715601776873652
2016-09-30,Qatar,95.07999,0.0202,97.81284039748597,0.05101732890131558,True,88.87495503000001,17.72138966215367,0.269447761811342,1.345356490003473
2016-10-31,Qatar,90.64999,0.0202,97.74366108093832,0.051462105687035783,True,88.87495503000001,17.72461677539464,0.2208605355111868,1.5886295870257316
2016-11-30,Qatar,91.14,0.0217,95.3666123309663,0.06042657745718926,True,89.480370255,16.25235682477112,0.242994490583431,2.1905269301744736
2016-12-31,Qatar,88.2,0.0283999999999999,96.481612983695,0.04279936057397241,True,92.18455825999996,16.613947753598126,0.24190817751004215,0.5522531945461594
2017-01-31,Qatar,88.2,0.0283999999999999,114.11345813028235,0.03642815122871032,True,112.55299617999995,16.615157713132405,0.24197310925506404,0.5827346328402941
2017-02-28,Qatar,70.57999,0.0275,116.3403243764309,0.045086298603497735,True,112.10948612499999,18.842426443532265,0.26737932499028333,0.30828442719601895
2017-03-31,Qatar,69.45,0.0283,115.94881767583745,0.0448853008122622,True,112.503717285,18.514974073250567,0.2693354862731103,0.3889328345398172
2017-04-30,Qatar,65.0,0.0266999999999999,117.12024167262285,0.04736260370416184,True,111.71525496499994,19.605234427424534,0.2711377835377783,0.43168280050536667
2017-05-31,Qatar,56.64,0.0266999999999999,117.09973183965533,0.047440156439604135,True,111.71525496499994,19.60380667232684,0.27112484079920857,0.6458393391203243
2017-06-30,Qatar,119.73,0.0254,119.30874525290108,0.05420500611252382,True,111.07462933,21.788345118688163,0.28308567454425804,0.4387619939679188
2017-07-31,Qatar,98.03,0.0254,119.95683995403941,0.04075086842491791,True,111.07462933,22.204848732271635,0.2167407224874612,0.5528475259683489
2017-08-31,Qatar,94.87,0.0265,114.04492169837698,0.058617726744382724,True,111.616697175,17.126152001766258,0.34846085396128224,0.4581944734322466
2017-09-30,Qatar,97.75,0.0253,115.60155194905931,0.06382525536927842,True,111.025350435,18.693856440379303,0.35235904571333915,0.35803811936115065
2017-10-31,Qatar,101.96,0.0253,115.1849202683092,0.06294754178354686,True,111.025350435,18.277669250383493,0.35338858571460524,0.30326631414014066
2017-11-30,Qatar,104.54,0.0265,114.72215158716031,0.058742243961099894,True,111.616697175,17.73006587978974,0.3421795758951871,0.3252498175596807
2017-12-31,Qatar,102.57,0.026,116.29940685979658,0.06586151603295434,True,111.3703027,19.43820080465964,0.35247053464505296,0.19563837047580643
2018-01-31,Qatar,89.68999,0.026,121.3236059169862,0.06328948274011155,True,117.121901,19.43820080465964,0.35247347464063283,0.21626669571252263
2018-02-28,Qatar,84.59999,0.0273,119.79617794627065,0.05667966660086185,True,117.79561105,17.83004527762445,0.3421563657160284,0.3615679259747751
2018-03-31,Qatar,88.46999,0.0297,121.02216863050319,0.06328777444723542,True,119.03938345,19.374470009383,0.35263856383855824,0.29540325356595837
2018-04-30,Qatar,88.03999,0.0297,121.07974459224955,0.06207621882631803,True,119.03938345,19.374470009383,0.34778875900693584,0.41921854353304006
2018-05-31,Qatar,90.65999,0.0296,123.35539396367622,0.07580504706105702,True,118.9875596,22.095006287504724,0.37215998004774725,0.38977994753400685
2018-06-30,Qatar,98.2,0.0298,121.72421168443275,0.06965911278607048,True,119.09120730000001,20.33610222357741,0.3670169609048752,0.37195681399376673
2018-07-31,Qatar,86.34999,0.0298,121.7529104678816,0.06944617902836044,True,119.09120730000001,20.348697450575898,0.3661290886441222,0.3461353462280432
2018-08-31,Qatar,83.0,0.0297,125.29503910435938,0.04942781147361632,True,119.03938345,22.879931153680243,0.2617900376368836,0.2937904351497556
2018-09-30,Qatar,71.82999,0.0308,124.24071296049142,0.04740906463152794,True,119.6094458,21.896442930125,0.2600476317732084,0.3541555298477417
2018-10-31,Qatar,76.37,0.0308,124.23737276369383,0.04696454238953943,True,119.6094458,21.896442930125,0.2576399877848159,0.5115917470113821
2018-11-30,Qatar,77.84999,0.0327,121.1049008348825,0.09860504631281894,True,120.59409895,22.34079808681277,0.25282098851460155,5.833983190442014
2018-12-31,Qatar,81.31,0.0327,121.87887478066028,0.08482726406480637,True,120.59409895,22.34079808681277,0.24038694723505935,4.285937368881799
2019-01-31,Qatar,78.82999,0.0298,162.3704981017379,0.04258656870353659,True,159.639762,25.176200673784532,0.2627526766657222,0.8582596682354521
2019-02-28,Qatar,75.62,0.0289,160.5422644754785,0.03929380916388739,True,159.01454099999998,23.213249407008078,0.26047334989949383,0.5199343247912743
2019-03-31,Qatar,75.70999,0.0279999999999999,162.7880501828803,0.04241114975480761,True,158.3893199999999,25.360567562949843,0.2619071713340431,0.35492874728972557
2019-04-30,Qatar,65.40999,0.0279999999999999,162.7655180880359,0.04246210570199026,True,158.3893199999999,25.35502769870538,0.2619276783669042,0.46872759540501036
2019-05-31,Qatar,71.28,0.0263,162.7150712042715,0.06838651182306936,True,157.20834699999997,26.89937804766307,0.23800343553284906,2.8058186100491014
2019-06-30,Qatar,64.56,0.0236,163.6592401044417,0.047721694710906586,True,155.33268399999997,26.24030587561116,0.2177671685159499,1.3660057685226032
2019-07-31,Qatar,51.85999,0.0236,164.15289283484378,0.035521051286334746,True,155.33268399999997,26.234573419446036,0.21785529746865714,0.5487000877117992
2019-08-31,Qatar,50.23999,0.0191,161.78705872822331,0.03363752833208976,True,152.20657899999998,23.61254736642782,0.22436354652354829,0.6369264977307264
2019-09-30,Qatar,54.06,0.0191,160.94716345771698,0.04602814596919127,True,152.20657899999998,23.617706889724072,0.2186388102407623,1.2707305839660108
2019-10-31,Qatar,47.31999,0.0197,160.09761495638858,0.039817439050482434,True,152.623393,22.31169103378324,0.22764360335634148,0.9403287845071369
2019-11-30,Qatar,43.51999,0.0213,159.33258557302418,0.041478326050615175,True,153.734897,21.729236118424126,0.22826886298956137,1.0318141948658293
2019-12-31,Qatar,37.00999,0.0213,159.7752183236621,0.03190677278525253,True,153.734897,21.727653911512196,0.2282680696870878,0.4201297121324613
2020-01-31,Qatar,45.64999,0.0207,191.90998675724776,0.050246106630501726,True,189.74031435,23.305983126966208,0.20353151232553912,1.4944762823564535
2020-02-29,Qatar,50.75,0.0181,185.2955036678446,0.08243790783565726,True,187.50504105,23.823410360891653,0.18773109981145394,4.077571392534991
2020-03-31,Qatar,125.46,0.0181,163.23026813855685,0.15764974079034422,True,187.50504105,23.57097572660713,0.16248752007690356,14.913535326937525
2020-04-30,Qatar,126.96,0.0126,168.50805385322465,0.15741041243276616,True,182.77657829999998,26.480066272652877,0.20369646004329695,14.816162811903569
2020-05-31,Qatar,94.57001,0.0112,186.47939746325807,0.1353514380221395,True,181.5729696,32.083402290161324,0.27426128536298094,10.992933521921893
2020-06-30,Qatar,76.5609,0.0112,194.69007800231802,0.10398307467448283,True,181.5729696,31.994170834789106,0.2716738714669573,6.487788772842663
2020-07-31,Qatar,56.86955,0.0109,200.95612990312975,0.06094613166975863,True,181.31505345,31.18091173706301,0.274573926479021,2.2283680061025595
2020-08-31,Qatar,46.12,0.0109,202.76740390110294,0.038696332423925776,True,181.31505345,31.3487351859634,0.2423577424705011,0.6668639871024125
2020-09-30,Qatar,58.22,0.0113999999999999,200.4931970417904,0.06004036725684616,True,181.7449136999999,31.040269658215607,0.24362961369283326,2.1388541497431084
2020-10-31,Qatar,50.77,0.0134,178.43793828277646,0.13487104567142508,True,183.4643547,27.487354228080005,0.2734565942949899,10.865744796591631
2020-11-30,Qatar,39.78,0.0134,194.77497080100923,0.07010990341904483,True,183.4643547,27.481349341782007,0.27010669137786625,2.924743050499077
2020-12-31,Qatar,38.57001,0.0139999999999999,198.1584159768765,0.04417636462706882,True,183.98018699999992,27.49160511263626,0.2700716780369553,1.1562523645655316
2021-01-31,Qatar,42.53,0.0163,218.666702348218,0.049870235376149055,True,208.5147141,28.402378337424533,0.2649729669027131,1.472095997379077
2021-02-28,Qatar,42.57001,0.0187999999999999,218.4694258927695,0.05586910120862191,True,210.92473159999992,29.18966660610582,0.2651490109380815,1.8480191835805522
2021-03-31,Qatar,50.5,0.0187999999999999,216.49347857402722,0.06491315850543983,True,210.92473159999992,28.907964374571797,0.2650423378770446,2.499182126389179
2021-04-30,Qatar,45.57001,0.022,218.60643715989224,0.045514682314377455,True,214.009554,28.384347335153116,0.24328157303825057,1.2247588712057655
2021-05-31,Qatar,45.53,0.022,219.0433537321744,0.035079037915765804,True,214.009554,28.01436385334201,0.13396691158956833,0.7378257936958166
2021-06-30,Qatar,40.60001,0.0222,219.0043171499289,0.03361858064044478,True,214.2023554,27.856559122846505,0.13379880394380217,0.6776194714737536
2021-07-31,Qatar,40.63,0.0187,223.69932487515112,0.03391734543673509,True,210.8283309,32.040758292133575,0.20054602498428148,0.6856116203731558
2021-08-31,Qatar,40.63,0.0187,223.16334526854922,0.03648039761097825,True,210.8283309,31.611448290648028,0.20111370594904732,0.7980024549600823
2021-09-30,Qatar,45.13,0.0183,222.38581710993824,0.04586384874472039,True,210.4427281,31.454692635690485,0.20089138746547264,1.2616707661279745
2021-10-31,Qatar,45.16,0.0203,220.076186759523,0.04428600333430237,True,212.3707421,29.842756558793724,0.16327220647165033,1.1670206182942497
2021-11-30,Qatar,42.89999,0.0203,192.64728666501583,0.14497778210772777,True,212.3707421,29.779414691170764,0.16337335174397957,12.612285700108849
2021-12-31,Qatar,45.58,0.019,239.72020111050563,0.055856927090811664,True,235.72108799999998,30.135913718836022,0.16329358228230398,1.871657677120359
2022-01-31,Qatar,48.55,0.019,241.32764598338906,0.055124047148251455,True,235.72108799999998,30.142498647877066,0.16109411095376552,1.822849461692212
2022-02-28,Qatar,56.42,0.0215,230.7047238982423,0.0866411573100491,True,238.411968,29.769392505610522,0.15997279344798349,4.504039506080967
2022-03-31,Qatar,50.41,0.0231,223.9187115274896,0.10398307467448283,True,240.13413119999998,30.322269268426126,0.16026806733894106,6.487788772842663
2022-04-30,Qatar,60.13,0.0299,229.20248227822512,0.08867010951160473,True,247.4533248,30.05615560149898,0.15910931517367605,4.717488053591592
2022-05-31,Qatar,64.16,0.0299,232.68464191411476,0.07769487486671622,True,247.4533248,30.012274801817366,0.15810321611804182,3.6217990642251072
2022-06-30,Qatar,62.13,0.0326,235.46531201593837,0.07469517135438981,True,250.3594752,31.127345140382396,0.1603888239832718,3.3474859995182285
2022-07-31,Qatar,64.14999,0.0335,240.07244922972518,0.0661743831472139,True,251.328192,32.50118449748991,0.08659024906847311,2.627194197967079
2022-08-31,Qatar,49.67,0.0335,235.06246906581646,0.08532558111284165,True,251.328192,32.47007716441309,0.08516793779258958,4.368279446037743
2022-09-30,Qatar,58.66,0.0382,229.58782152635013,0.09742980273614668,True,256.3870464,32.33940186701676,0.08508645893574525,5.695730774694284
2022-10-31,Qatar,59.08,0.0382,234.84993822535355,0.06994586875723303,True,256.3870464,32.53490275986343,0.060432787374919784,2.935262318474189
2022-11-30,Qatar,46.24001,0.0428,233.38795181669357,0.06647260085931074,True,261.3382656,29.38770822323497,0.12490313153026808,2.617537713373099
2022-12-31,Qatar,49.14999,0.0387,237.85678291521631,0.052236601734872386,True,256.9252224,29.25918127030235,0.12411267163805446,1.6368248227597828
2023-01-31,Qatar,45.17999,0.0387,226.60692178270736,0.04590730003690974,True,241.7954616,29.44264123222448,0.12440095501746626,1.2450008004915414
2023-02-28,Qatar,45.5,0.0381,228.5431163075266,0.03873646640724427,True,241.1876808,30.052961547728692,0.12572821353234484,0.8998332469063908
2023-03-31,Qatar,44.09,0.0394,229.87453897407747,0.04988933742508744,True,242.5045392,32.40786892895416,0.14578300045009993,1.4929749047870673
2023-04-30,Qatar,43.86,0.038,229.08642183189204,0.03916514421138835,True,241.086384,30.816159859476734,0.15582165569513515,0.9198728443930486
2023-05-31,Qatar,42.22,0.038,228.10664657155013,0.05074716699862807,True,241.086384,30.822901036227947,0.15578905218605366,1.5447794800719385
2023-06-30,Qatar,37.23,0.0404,229.64829712830496,0.03464961610765303,True,243.5175072,31.44712438914103,0.15268282378123482,0.7177224183235064
2023-07-31,Qatar,36.3,0.0404,230.27119170761503,0.026738166500501682,True,243.5175072,31.458584289335636,0.14556821068318437,0.42841721785727715
2023-08-31,Qatar,37.17,0.0415,228.36355238234924,0.024129255902963644,True,244.631772,29.70192761684376,0.15545326458353184,0.3476492073565129
2023-09-30,Qatar,40.28,0.0465,226.87453351676155,0.0327339812171707,True,249.69661200000002,29.43910305641434,0.15541347677979805,0.6423973178235787
2023-10-31,Qatar,58.72,0.0465,224.81151700081304,0.05415772070138442,True,249.69661200000002,29.428369828660433,0.1549224145988409,1.7594795448101133
2023-11-30,Qatar,42.63,0.0513,222.41486578985828,0.04757666701972046,True,254.55885840000002,27.407916254323425,0.13675505073327276,1.3577120760514123
2023-12-31,Qatar,45.7,0.0432,225.47859576960974,0.04039163244626438,True,246.3538176,28.598179972087955,0.14507660567857303,0.9784262453482908
2024-01-31,Qatar,48.63,0.0432,231.67756355277427,0.04293945963990489,True,254.2525888,28.599222029800114,0.14482842736928614,1.0890149100682962
2024-02-29,Qatar,38.74001,0.0438999999999999,231.6479670984893,0.03146370824464754,True,254.9844013499999,27.779037387411424,0.1447540298126589,0.5934613687808841
2024-03-31,Qatar,37.78,0.0446,233.8136244546759,0.023712575353725774,True,255.7162139,29.385654979674424,0.13373605107273923,0.3368185078991433
2024-04-30,Qatar,47.21001,0.0446,233.77177319071092,0.025868302256963807,True,255.7162139,29.381368864453076,0.12563041201631808,0.40095711311060883
2024-05-31,Qatar,38.28,0.0471,231.1741318803162,0.02956347741074904,True,258.32983015,27.489589981365945,0.14011000673657625,0.5238722618413199
2024-06-30,Qatar,41.17999,0.0454,233.08146600047206,0.02406391842455916,True,256.5525711,28.801173026432114,0.14849476082647806,0.34689147063356346
2024-07-31,Qatar,37.3,0.0454,232.52012773330893,0.035359144530092486,True,256.5525711,28.794872865179986,0.14846296516715973,0.7496655582247703
2024-08-31,Qatar,40.17,0.0425,232.07354968998416,0.03474553995952384,True,253.52077625,27.861321967965637,0.14129401469713915,0.7238520409178727
2024-09-30,Qatar,40.35001,0.0425,230.53695584422564,0.04869757025738861,True,253.52077625,27.861321967965637,0.1413294644378869,1.422469530704951
2024-10-31,Qatar,44.2,0.0409999999999999,227.36130778046254,0.07433970636641335,True,251.9526064999999,28.81064562157906,0.14640178264965578,3.3156955765523706
2024-11-30,Qatar,39.8,0.0463,228.22383376148844,0.03779187560427436,True,257.49347295,25.52546665483917,0.17744054733811457,0.8564544425350917
2024-12-31,Qatar,43.71001,0.0463,229.32736804441794,0.029058321613191475,True,257.49347295,25.522675358090538,0.16969718736210443,0.5061019093010024
2015-01-31,Saudi Arabia,68.35999,0.022,139.59177739261105,0.10710478945878155,True,78.33844979999999,70.42193414135163,0.08169601834560401,6.883217345026881
2015-02-28,Saudi Arabia,74.29999,0.0233999999999999,143.2747047173609,0.09796751066070214,True,78.83247605999995,73.88553364759888,0.08887541072716341,5.758779539831991
2015-03-31,Saudi Arabia,76.28999,0.0233999999999999,143.40308035497668,0.0907703066430104,True,78.83247605999995,73.86336660802797,0.08893672967616392,4.9436356043553475
2015-04-30,Saudi Arabia,72.34,0.0241,143.99730045925656,0.04518786850723161,True,79.07948918999999,73.89514523969954,0.08805627234740572,0.984571317590502
2015-05-31,Saudi Arabia,64.42999,0.0269,144.58811804723982,0.045204228614441615,True,80.06754170999999,74.59684596423293,0.08761756942055156,0.7536519799067671
2015-06-30,Saudi Arabia,61.5,0.0269,144.61609466553182,0.04518855559097359,True,80.06754170999999,74.62482257936682,0.0875712959766061,0.6555709085060676
2015-07-31,Saudi Arabia,61.53,0.0277,147.1526808085651,0.04628714687198168,True,80.34984243,77.19502580612635,0.08823467075177888,1.2798493596458795
2015-08-31,Saudi Arabia,85.17999,0.0277,146.50390416151953,0.09297250018887476,True,80.34984243,77.18055085024041,0.08850682518168634,5.186451655297059
2015-09-30,Saudi Arabia,114.81,0.0255,144.8488733478648,0.06415314725542309,True,79.57351544999999,74.93011269055279,0.09713001449598463,2.46911863862289
2015-10-31,Saudi Arabia,144.42,0.025,144.59387933800554,0.05405111976187886,True,79.3970775,74.6176361939922,0.08207057094078747,1.752557485191959
2015-11-30,Saudi Arabia,149.35,0.025,144.24137219676498,0.07225447385103123,True,79.3970775,74.55326962930702,0.06960984472589803,3.1322603344023494
2015-12-31,Saudi Arabia,149.32,0.0269,142.9530030753178,0.06733686681677375,True,80.06754170999999,73.24696684389438,0.07360294877908032,2.7203299192815336
2016-01-31,Saudi Arabia,178.5,0.0249,137.8720771875773,0.11710912925696279,True,72.69919488,75.04999634281711,0.073867227112388,8.228645440637633
2016-02-29,Saudi Arabia,178.49,0.0249,137.99316150587708,0.1115088083777509,True,72.69919488,75.05281090748767,0.05733751673205127,7.460964622366987
2016-03-31,Saudi Arabia,153.79,0.022,141.1206005266099,0.06532520625645423,True,71.7617664,77.11972898128597,0.06281539344688884,2.560185045728421
2016-04-30,Saudi Arabia,158.72,0.0220999999999999,142.46899898674667,0.055584680143787604,True,71.79409151999997,78.34770359994167,0.06384207130338786,1.8534513666232515
2016-05-31,Saudi Arabia,158.71,0.0220999999999999,142.56853007354303,0.044475203868284977,True,71.79409151999997,78.34476537437641,0.06380535924980618,1.1863909953952416
2016-06-30,Saudi Arabia,177.88,0.0222,144.47199098500136,0.04449806057474335,True,71.82641663999999,80.24005098210107,0.06659025522921862,1.1876113463235816
2016-07-31,Saudi Arabia,178.03,0.0182,147.7717554497008,0.051770851425213205,True,70.53341184,83.46999604464082,0.06932295842424598,1.60775588419445
2016-08-31,Saudi Arabia,158.61,0.0182,147.81624674556343,0.047818575984984,True,70.53341184,83.47938736015541,0.0692919655737416,1.3715601776873652
2016-09-30,Saudi Arabia,168.21,0.0202,146.7167373306921,0.04735978738071024,True,71.17991424,82.46528982730761,0.0611055222405824,1.345356490003473
2016-10-31,Saudi Arabia,131.2,0.0202,146.70242134432834,0.051462105687035783,True,71.17991424,82.49313403162763,0.060286114109486366,1.5886295870257316
2016-11-30,Saudi Arabia,128.32,0.0217,144.56489476182261,0.06042657745718926,True,71.66479104,80.46339972944173,0.068533419150257,2.1905269301744736
2016-12-31,Saudi Arabia,112.7,0.0283999999999999,141.50274309152692,0.04308304448686841,True,73.83057407999996,77.4457676412005,0.07871791010958017,0.5522531945461594
2017-01-31,Saudi Arabia,113.68,0.0283999999999999,164.96444972764363,0.03558890715345178,True,100.83515115999995,77.4777291846103,0.07577538138759887,0.5827346328402941
2017-02-28,Saudi Arabia,102.93,0.0275,165.06532904992443,0.035581235018852526,True,100.43781474999999,77.53032345694949,0.07575395021523311,0.30828442719601895
2017-03-31,Saudi Arabia,101.95,0.0283,163.94588360542642,0.03374369919043069,True,100.79100266999998,76.45373208573754,0.07235932672331703,0.3889328345398172
2017-04-30,Saudi Arabia,88.21999,0.0266999999999999,164.2653920215242,0.032810107388749205,True,100.08462682999995,76.68859432336853,0.07027857529219234,0.43168280050536667
2017-05-31,Saudi Arabia,91.14999,0.0266999999999999,164.26533335978417,0.03282147826396689,True,100.08462682999995,76.68859432336853,0.0702796017987763,0.6458393391203243
2017-06-30,Saudi Arabia,117.68,0.0254,170.35801715372745,0.04979448163322446,True,99.51069645999999,82.71559611485473,0.10255489074820763,0.4387619939679188
2017-07-31,Saudi Arabia,96.06,0.0254,170.35801722570113,0.04579264929386662,True,99.51069645999999,82.71559611485473,0.09431286503972804,0.5528475259683489
2017-08-31,Saudi Arabia,91.14,0.0265,166.06276138535,0.05084335547019295,True,99.99632985,78.47568317849769,0.107589850507936,0.4581944734322466
2017-09-30,Saudi Arabia,86.23999,0.0253,167.04652545521793,0.051585544556881836,True,99.46654797,79.39917499000627,0.1085299094214126,0.35803811936115065
2017-10-31,Saudi Arabia,83.29999,0.0253,167.04057043573872,0.051576996473051674,True,99.46654797,79.39321988522076,0.10851619787876116,0.30326631414014066
2017-11-30,Saudi Arabia,91.14,0.0265,164.52979395660023,0.051489303970271134,True,99.99632985,76.94271575014304,0.11010169649886734,0.3252498175596807
2017-12-31,Saudi Arabia,93.12,0.026,165.24905992839652,0.048819672180507284,True,99.77558739999999,77.63657257298858,0.10391242861631941,0.19563837047580643
2018-01-31,Saudi Arabia,85.23999,0.026,187.00927284630205,0.043139035123205244,True,124.556736,77.63657257298858,0.10391234874054206,0.21626669571252263
2018-02-28,Saudi Arabia,82.32999,0.0273,187.29745975775546,0.04332165081752353,True,125.2732128,78.0083184725646,0.10401496825954963,0.3615679259747751
2018-03-31,Saudi Arabia,86.26999,0.0297,188.6565536681141,0.0439626840844925,True,126.5959392,79.53085394634044,0.10428464660535322,0.29540325356595837
2018-04-30,Saudi Arabia,88.23,0.0297,188.65058809026235,0.04398379713870304,True,126.5959392,79.52488920819926,0.10433923792970708,0.41921854353304006
2018-05-31,Saudi Arabia,87.25,0.0296,189.77264912348315,0.04454385220088902,True,126.5408256,80.63990515205506,0.10482654212099535,0.38977994753400685
2018-06-30,Saudi Arabia,92.62999,0.0298,194.1688622749469,0.039169911275278003,True,126.6510528,85.0502268656934,0.08942453527892327,0.37195681399376673
2018-07-31,Saudi Arabia,88.2,0.0298,194.16886228567725,0.03916991118378059,True,126.6510528,85.0502268656934,0.08942453527892327,0.3461353462280432
2018-08-31,Saudi Arabia,82.28999,0.0297,192.13274736269332,0.03176294062294751,True,126.5959392,83.00704686591578,0.07352027658217754,0.2937904351497556
2018-09-30,Saudi Arabia,73.48,0.0308,190.3121576311093,0.03303180794041939,True,127.20218879999999,81.26528017004048,0.07735597062165553,0.3541555298477417
2018-10-31,Saudi Arabia,97.04999,0.0308,190.29082492321174,0.033029206802933454,True,127.20218879999999,81.24394749431528,0.07736151604895643,0.5115917470113821
2018-11-30,Saudi Arabia,96.04999,0.0327,187.96605401746802,0.09860504631281894,True,128.2493472,80.90185590679722,0.06892993929269092,5.833983190442014
2018-12-31,Saudi Arabia,100.0,0.0327,188.91122965750856,0.08451767302414123,True,128.2493472,80.91399786845398,0.06882504557762707,4.285937368881799
2019-01-31,Saudi Arabia,89.12999,0.0298,221.6606244439957,0.037831655439727475,True,161.31075269999997,82.77429831341917,0.07129297371104434,0.8582596682354521
2019-02-28,Saudi Arabia,88.65999,0.0289,222.9816471038672,0.029452281398155117,True,160.67898734999997,83.9371459785336,0.07180234425888936,0.5199343247912743
2019-03-31,Saudi Arabia,90.12999,0.0279999999999999,224.95010719580256,0.027621078327258075,True,160.0472219999999,85.81173676187417,0.07240693027993204,0.35492874728972557
2019-04-30,Saudi Arabia,78.82999,0.0279999999999999,224.95434823330186,0.027966125605011986,True,160.0472219999999,85.81817330500698,0.07239259902503876,0.46872759540501036
2019-05-31,Saudi Arabia,96.06,0.0263,230.0561525288276,0.06838651182306936,True,158.85388744999997,91.34784666816188,0.09163523417331464,2.8058186100491014
2019-06-30,Saudi Arabia,85.2,0.0236,227.9927426534782,0.047721694710906586,True,156.9585914,88.65657489674949,0.08680943861159217,1.3660057685226032
2019-07-31,Saudi Arabia,71.89999,0.0236,228.14172922471846,0.033733794516443934,True,156.9585914,88.65325006394751,0.08681107768442382,0.5487000877117992
2019-08-31,Saudi Arabia,72.39999,0.0191,229.53601029231513,0.03259442834228528,True,153.79976465,89.7497429173193,0.08159627937730933,0.6369264977307264
2019-09-30,Saudi Arabia,76.39,0.0191,229.3535509028878,0.046028145969191255,True,153.79976465,89.73291317061772,0.07634626402807068,1.2707305839660108
2019-10-31,Saudi Arabia,71.42999,0.0197,227.31450336375104,0.039597942124752795,True,154.22094154999996,87.63016857118437,0.08255106004728884,0.9403287845071369
2019-11-30,Saudi Arabia,69.45,0.0213,225.75197190421352,0.04147832605060856,True,155.34407994999998,86.18554375904525,0.08516661977236159,1.0318141948658293
2019-12-31,Saudi Arabia,58.59,0.0213,225.77135651422282,0.032511309307167204,True,155.34407994999998,86.12090542224404,0.08523042566616748,0.4201297121324613
2020-01-31,Saudi Arabia,66.46999,0.0207,262.1762079794654,0.049914406108851124,True,192.43329575,88.93277259947521,0.08781831964519522,1.4944762823564535
2020-02-29,Saudi Arabia,78.85001,0.0181,261.00003884491576,0.08243790783565756,True,190.16629725,89.55861959224836,0.08740447190811274,4.077571392534991
2020-03-31,Saudi Arabia,158.86,0.0181,249.16893760436983,0.15764974079034422,True,190.16629725,89.45110624683305,0.08563930127037965,14.913535326937525
2020-04-30,Saudi Arabia,163.91,0.0126,254.18840006132888,0.15713426036715425,True,185.3707235,90.78681591478353,0.08627053091880844,14.816162811903569
2020-05-31,Saudi Arabia,139.37,0.0112,262.1436056500107,0.1353514380221395,True,184.150032,95.30012124607832,0.0766919948679562,10.992933521921893
2020-06-30,Saudi Arabia,100.0,0.0112,265.86315705577704,0.10409278583160601,True,184.150032,95.46486404854393,0.06763709964596562,6.487788772842663
2020-07-31,Saudi Arabia,90.13538,0.0109,269.55260581978916,0.06094613166975863,True,183.88845525,96.04508348136963,0.06730106028765404,2.2283680061025595
2020-08-31,Saudi Arabia,85.2,0.0109,270.0948876689086,0.03335094670522651,True,183.88845525,96.04508348136963,0.06730411471585379,0.6668639871024125
2020-09-30,Saudi Arabia,101.97,0.0113999999999999,266.7119648602691,0.059709814277932274,True,184.32441649999993,93.1908479102219,0.07622656429572913,2.1388541497431084
2020-10-31,Saudi Arabia,83.73,0.0134,257.9675915280503,0.1345661918948106,True,186.0682615,91.38828390111047,0.07471924148770158,10.865744796591631
2020-11-30,Saudi Arabia,70.41,0.0134,264.48776352267186,0.06982044741611858,True,186.0682615,91.38828390111047,0.07162046678278597,2.924743050499077
2020-12-31,Saudi Arabia,70.36,0.0139999999999999,264.36358518514726,0.043906943445514955,True,186.59141499999993,90.6102599318577,0.07270635327440475,1.1562523645655316
2021-01-31,Saudi Arabia,67.39,0.0163,315.146781456152,0.049539404938973595,True,243.89869035,90.8521961492967,0.06603923970519765,1.472095997379077
2021-02-28,Saudi Arabia,65.44,0.0187999999999999,313.1334446201248,0.05550319166906628,True,246.7176765999999,89.2701361532688,0.06844479673120299,1.8480191835805522
2021-03-31,Saudi Arabia,73.36,0.0187999999999999,312.706334364692,0.06454242913096152,True,246.7176765999999,89.27683232804328,0.06843772977420733,2.499182126389179
2021-04-30,Saudi Arabia,65.45,0.022,313.96055386975945,0.045188287634409324,True,250.32597900000002,90.09609345938543,0.0673062840988948,1.2247588712057655
2021-05-31,Saudi Arabia,64.42999,0.022,314.08721482487545,0.035079037915765804,True,250.32597900000002,90.09609345938543,0.04099858099555569,0.7378257936958166
2021-06-30,Saudi Arabia,61.48,0.0222,314.39019706158376,0.03361858064044478,True,250.55149790000002,90.39315283851212,0.04129407814087546,0.6776194714737536
2021-07-31,Saudi Arabia,61.5,0.0187,318.01524672207535,0.03381608142319716,True,246.60491715,93.60840818007357,0.05664541552669981,0.6856116203731558
2021-08-31,Saudi Arabia,55.5,0.0187,317.9619427904454,0.03648039761088352,True,246.60491715,93.60138685631439,0.05664237158400717,0.7980024549600823
2021-09-30,Saudi Arabia,57.09,0.0183,315.27133457839864,0.04586384874472039,True,246.15387935,91.09475969152399,0.05506967849110897,1.2616707661279745
2021-10-31,Saudi Arabia,53.62,0.0203,312.77998537149904,0.04411081817624742,True,248.40906835,88.74874828348509,0.05768936695723176,1.1670206182942497
2021-11-30,Saudi Arabia,47.86,0.0203,299.3349878415422,0.1449777821077278,True,248.40906835,88.73210372385853,0.057681008670929214,12.612285700108849
2021-12-31,Saudi Arabia,52.53999,0.019,356.0448521779689,0.05591357891228582,True,293.826168,90.14699951597756,0.059975628244732584,1.871657677120359
2022-01-31,Saudi Arabia,52.50999,0.019,355.7040087187146,0.055124047148251455,True,293.826168,90.20453654442107,0.05989573351923466,1.822849461692212
2022-02-28,Saudi Arabia,55.42999,0.0215,352.1927782507662,0.08664115731359172,True,297.18034800000004,90.00739458101515,0.057048854582807576,4.504039506080967
2022-03-31,Saudi Arabia,49.39,0.0231,346.868793937505,0.10421560811615915,True,299.32702320000004,90.34119409854947,0.0571217550853625,6.487788772842663
2022-04-30,Saudi Arabia,53.12,0.0299,356.8128841977181,0.08885975559251688,True,308.45039280000003,96.25401085419873,0.08468671229551894,4.717488053591592
2022-05-31,Saudi Arabia,64.14,0.0299,357.7234018006224,0.07775334877434002,True,308.45039280000003,96.25040056318689,0.08468938260819854,3.6217990642251072
2022-06-30,Saudi Arabia,64.61,0.0326,357.31912429325314,0.07469517135438981,True,312.07290720000003,94.49933221336222,0.08800980655443896,3.3474859995182285
2022-07-31,Saudi Arabia,66.63,0.0335,357.1833246577977,0.06628173539554788,True,313.280412,94.27465790832788,0.0812038664617915,2.627194197967079
2022-08-31,Saudi Arabia,52.16,0.0335,355.5487008748278,0.08532558111284165,True,313.280412,94.24987113393168,0.0812057655859089,4.368279446037743
2022-09-30,Saudi Arabia,60.14,0.0382,350.7129863632502,0.09742980273614668,True,319.5862704,92.78584479692744,0.07766267484173134,5.695730774694284
2022-10-31,Saudi Arabia,68.06,0.0382,354.7699829402631,0.06994586875723303,True,319.5862704,92.74749922168249,0.07171638541633903,2.935262318474189
2022-11-30,Saudi Arabia,58.67999,0.0428,360.7706799992008,0.0660526841144632,True,325.75796160000004,99.13065637676476,0.09505821957412162,2.617537713373099
2022-12-31,Saudi Arabia,62.11,0.0387,367.31450693439416,0.05224709736085917,True,320.2571064,103.99098848082906,0.10258364577589947,1.6368248227597828
2023-01-31,Saudi Arabia,61.63,0.0387,362.8398203863045,0.045559995649132046,True,314.32051805,104.10822747848263,0.10252623758851478,1.2450008004915414
2023-02-28,Saudi Arabia,65.0,0.0381,362.82318148615633,0.03873646640724455,True,313.53043715,103.81382994457718,0.10262504955437399,0.8998332469063908
2023-03-31,Saudi Arabia,62.72,0.0394,367.08177665986085,0.04988933742508744,True,315.2422791,108.58107266646057,0.10720465436785026,1.4929749047870673
2023-04-30,Saudi Arabia,62.48,0.038,371.0002520832535,0.03916514421138835,True,313.398757,111.98552865763857,0.09560011438852764,0.9198728443930486
2023-05-31,Saudi Arabia,64.63,0.038,370.71642733258386,0.05074716699862807,True,313.398757,111.99392903160155,0.09558393387491575,1.5447794800719385
2023-06-30,Saudi Arabia,57.42,0.0404,372.01031787242994,0.03459823590879287,True,316.5590806,113.44661126576118,0.0894442305446473,0.7177224183235064
2023-07-31,Saudi Arabia,51.24001,0.0404,372.1181504856783,0.02711876912693733,True,316.5590806,113.45937767423938,0.08894217897622066,0.42841721785727715
2023-08-31,Saudi Arabia,48.67,0.0415,368.38699987017657,0.029749051042959794,True,318.00756225,109.96992605886838,0.09965503822933618,0.3476492073565129
2023-09-30,Saudi Arabia,53.47,0.0465,364.88509869652046,0.0327339812171707,True,324.59156974999996,107.66411792279307,0.10151884874653437,0.6423973178235787
2023-10-31,Saudi Arabia,69.67,0.0465,364.3313408174928,0.05415772070138442,True,324.59156974999996,107.62777630287788,0.10150845142117088,1.7594795448101133
2023-11-30,Saudi Arabia,52.39,0.0513,361.0755922891623,0.047576667019720464,True,330.91221695,105.48970710967251,0.0870165108484325,1.3577120760514123
2023-12-31,Saudi Arabia,52.21001,0.0432,368.9131106758086,0.04039163244626438,True,320.2461248,111.08644750414588,0.08912468105072664,0.9784262453482908
2024-01-31,Saudi Arabia,59.12,0.0432,403.2583867034971,0.04261188589271046,True,363.03339520000003,111.08228183688531,0.08919458584833846,1.0890149100682962
2024-02-29,Saudi Arabia,53.2,0.0438999999999999,402.4945742410568,0.03146370824464754,True,364.07831039999985,110.25745398006082,0.08977785700401769,0.5934613687808841
2024-03-31,Saudi Arabia,52.24001,0.0446,408.4648219598771,0.026850583201323358,True,365.12322560000007,116.32439874674401,0.09428296051166969,0.3368185078991433
2024-04-30,Saudi Arabia,56.2,0.0446,408.45876485856354,0.02586830225696485,True,365.12322560000007,116.32003598053593,0.09027623327157139,0.40095711311060883
2024-05-31,Saudi Arabia,50.25999,0.0471,406.9484231588673,0.029563477410749134,True,368.85506560000005,115.53423416631838,0.0907907879948513,0.5238722618413199
2024-06-30,Saudi Arabia,54.16,0.0454,409.18200001173176,0.026090605850403226,True,366.3174144000001,117.25611158164384,0.09104618560633966,0.34689147063356346
2024-07-31,Saudi Arabia,55.23,0.0454,409.04237859188845,0.035359144530092486,True,366.3174144000001,117.25611158164384,0.09104981428722307,0.7496655582247703
2024-08-31,Saudi Arabia,59.13,0.0425,409.5421035407137,0.03474553995952384,True,361.98848000000004,117.00987717563608,0.08353939843889416,0.7238520409178727
2024-09-30,Saudi Arabia,62.25999,0.0425,409.179628480672,0.04869757025738861,True,361.98848000000004,117.0581775684425,0.07875911232002614,1.422469530704951
2024-10-31,Saudi Arabia,66.17,0.0409999999999999,406.0906017268526,0.07445832198965219,True,359.74937599999987,115.81342060787708,0.0804691046569185,3.3156955765523706
2024-11-30,Saudi Arabia,59.25,0.0463,404.115407350938,0.03779187560300684,True,367.66087680000004,112.66346179388262,0.08342985952706362,0.8564544425350917
2024-12-31,Saudi Arabia,64.67999,0.0463,404.30499122508485,0.029058321613191475,True,367.66087680000004,112.74811389763767,0.06647758428006009,0.5061019093010024
2015-01-31,South Africa,205.87,0.022,153.1918326537214,0.10745482856814198,True,161.04102,22.110118998314263,0.10809693281800022,6.883217345026881
2015-02-28,South Africa,188.55,0.0233999999999999,154.42170203965142,0.09796751066070214,True,162.05659399999993,21.933521847924727,0.0974237048598772,5.758779539831991
2015-03-31,South Africa,204.26,0.0233999999999999,155.59814938790575,0.0910899505437072,True,162.05659399999993,21.24514040567846,0.10114582523262003,4.9436356043553475
2015-04-30,South Africa,210.46,0.0241,165.0310838229592,0.04075043852391086,True,162.564381,21.985822473039878,0.1075749960514181,0.984571317590502
2015-05-31,South Africa,203.39,0.0269,164.3470551124829,0.035452957781528495,True,164.595529,21.545532711794184,0.10937754691785469,0.7536519799067671
2015-06-30,South Africa,201.81,0.0269,164.96280316468355,0.03306760441931172,True,164.595529,21.461728514306696,0.10940886992253351,0.6555709085060676
2015-07-31,South Africa,216.57,0.0277,164.13855270692972,0.04619292229843084,True,165.17585699999998,21.502312370933833,0.10421414163348856,1.2798493596458795
2015-08-31,South Africa,246.35,0.0277,152.84196517649713,0.09297250018887476,True,165.17585699999998,20.48306461369009,0.1041621668326611,5.186451655297059
2015-09-30,South Africa,277.8599,0.0255,160.6273758708672,0.06415314725542309,True,163.57995499999998,19.989441056883216,0.09574233902047365,2.46911863862289
2015-10-31,South Africa,252.23,0.025,162.51475426378425,0.05405111976186565,True,163.21724999999998,20.537072817168156,0.09050811493775592,1.752557485191959
2015-11-30,South Africa,262.6399,0.025,159.12391607464437,0.07225447385103123,True,163.21724999999998,19.70809504761184,0.09327782090897528,3.1322603344023494
2015-12-31,South Africa,331.0498,0.0269,159.19789200565674,0.06733686681677375,True,164.595529,19.3113403940247,0.08691995425388375,2.7203299192815336
2016-01-31,South Africa,341.0498,0.0249,131.30480127562683,0.11710467416745025,True,139.586434,19.330298250776924,0.08723094116543509,8.228645440637633
2016-02-29,South Africa,357.5398,0.0249,130.15717666400027,0.1115088083777509,True,139.586434,18.99855310551392,0.08735647719362569,7.460964622366987
2016-03-31,South Africa,315.8699,0.022,140.8357516745879,0.06532520625645423,True,137.78652,19.84478216333894,0.10023435841894442,2.560185045728421
2016-04-30,South Africa,277.5098,0.0220999999999999,143.8862657416317,0.055584680143787604,True,137.84858599999995,21.744086671166116,0.1352437781857645,1.8534513666232515
2016-05-31,South Africa,309.0798,0.0220999999999999,142.39791086141474,0.044475203868284977,True,137.84858599999995,19.69223221224695,0.16684581832502599,1.1863909953952416
2016-06-30,South Africa,290.5,0.0222,143.9397186091998,0.04449806057474335,True,137.910652,21.117344129065074,0.184006267965719,1.1876113463235816
2016-07-31,South Africa,248.06,0.0182,145.28843293095244,0.051770851425213205,True,135.428012,22.507656734294404,0.19525217732586395,1.60775588419445
2016-08-31,South Africa,240.95,0.0182,144.65897813522201,0.047818575984984,True,135.428012,21.732931000569124,0.1917291347968286,1.3715601776873652
2016-09-30,South Africa,251.17,0.0202,145.50839651365854,0.04735978738071024,True,136.669332,22.598356309926054,0.19163808546781497,1.345356490003473
2016-10-31,South Africa,250.46,0.0202,145.11380663113707,0.051462105687035783,True,136.669332,22.433970793128484,0.19142869276708058,1.5886295870257316
2016-11-30,South Africa,244.64,0.0217,144.03735283631784,0.06042657745718926,True,137.600322,22.119831847148628,0.1857629116487174,2.1905269301744736
2016-12-31,South Africa,213.21,0.0283999999999999,146.69091789620808,0.03153577669410251,True,141.75874399999995,23.76247969494361,0.19223700255895076,0.5522531945461594
2017-01-31,South Africa,206.06,0.0283999999999999,165.61648094579945,0.031178350273211582,True,163.1152859999999,24.235835848703132,0.19141488333494788,0.5827346328402941
2017-02-28,South Africa,191.56,0.0275,164.88846433903885,0.02820252986780233,True,162.4725375,23.356090869131734,0.1964117182869148,0.30828442719601895
2017-03-31,South Africa,215.17,0.0283,164.15544769532355,0.027982672472936794,True,163.0438695,22.71076137465426,0.19895816720055803,0.3889328345398172
2017-04-30,South Africa,191.29,0.0266999999999999,165.05513742545378,0.02683973602331775,True,161.90120549999992,23.459151241347346,0.18096372063211288,0.43168280050536667
2017-05-31,South Africa,181.89,0.0266999999999999,165.56549855614224,0.03282147821016215,True,161.90120549999992,24.3686637945675,0.14144074346181568,0.6458393391203243
2017-06-30,South Africa,197.6,0.0254,166.08198682225884,0.027069153526039197,True,160.972791,24.465872922899145,0.1298268524578357,0.4387619939679188
2017-07-31,South Africa,182.0,0.0254,166.1517046415509,0.03036913890361862,True,160.972791,24.552110345983696,0.11711403264462049,0.5528475259683489
2017-08-31,South Africa,173.64,0.0265,166.25190940569203,0.027650522883812863,True,161.7583725,24.683682172087366,0.10780581055156375,0.4581944734322466
2017-09-30,South Africa,184.46,0.0253,165.72282169528214,0.024446826750186258,True,160.9013745,24.016885881914188,0.10914852501570886,0.35803811936115065
2017-10-31,South Africa,185.23,0.0253,164.8820026985321,0.022502748097965646,True,160.9013745,23.150884580449826,0.11650540903295414,0.30326631414014066
2017-11-30,South Africa,185.85,0.0265,165.65117316053272,0.023302526830432,True,161.7583725,24.02052915641965,0.11963366180683505,0.3252498175596807
2017-12-31,South Africa,157.79,0.026,170.95534988510207,0.03840950901652016,True,161.40129,29.318873439327042,0.22058927826397,0.19563837047580643
2018-01-31,South Africa,143.53,0.026,202.39696865922383,0.03413675572749843,True,195.82334999999998,30.566639421866313,0.22191807141348285,0.21626669571252263
2018-02-28,South Africa,143.16,0.0273,200.1819131871803,0.034054124868536144,True,196.94976749999998,28.552472839362707,0.23249277055587902,0.3615679259747751
2018-03-31,South Africa,149.12,0.0297,198.72992731590298,0.03341571743476145,True,199.0293075,27.3599999864332,0.23600261927670052,0.29540325356595837
2018-04-30,South Africa,157.4,0.0297,197.58865230818867,0.033229909716169084,True,199.0293075,26.27492836622463,0.24149979529702548,0.41921854353304006
2018-05-31,South Africa,165.23,0.0296,197.52586241613977,0.03283838649369476,True,198.94266,26.18660155629039,0.23969489961437138,0.38977994753400685
2018-06-30,South Africa,212.4,0.0298,195.68089435583823,0.032686114648561124,True,199.11595499999999,24.420702198543154,0.2514441317680972,0.37195681399376673
2018-07-31,South Africa,180.08,0.0298,196.69026049337302,0.034317503496830506,True,199.11595499999999,25.436415670904932,0.2547718823682471,0.3461353462280432
2018-08-31,South Africa,228.05,0.0297,194.51264304208536,0.03410000680380035,True,199.0293075,23.325072292604453,0.26998398629998455,0.2937904351497556
2018-09-30,South Africa,200.31,0.0308,195.66067200923163,0.036586564109337014,True,199.98243,24.64846426885673,0.2750012207737001,0.3541555298477417
2018-10-31,South Africa,232.25,0.0308,194.84865905757178,0.0356175940712331,True,199.98243,23.877872871269723,0.27427961698218767,0.5115917470113821
2018-11-30,South Africa,228.17,0.0327,187.245186489791,0.09860504631281894,True,201.62873249999998,25.604653649169045,0.2806782143045668,5.833983190442014
2018-12-31,South Africa,220.97,0.0327,186.4602930707658,0.08483513599312205,True,201.62873249999998,24.610298167475644,0.18637351258958074,4.285937368881799
2019-01-31,South Africa,186.31,0.0298,198.9314032668412,0.037831655439727475,True,198.211692,28.55782131993167,0.24361746427372938,0.8582596682354521
2019-02-28,South Africa,182.85,0.0289,195.90022274771647,0.03556182351435848,True,197.435406,25.40859290221569,0.26145163533325355,0.5199343247912743
2019-03-31,South Africa,196.79,0.0279999999999999,195.6234573741274,0.03458232375750159,True,196.65911999999992,24.980987285104817,0.25917297276269874,0.35492874728972557
2019-04-30,South Africa,185.01,0.0279999999999999,195.8086740148009,0.03455612650100339,True,196.65911999999992,25.18379030942121,0.2569907317934471,0.46872759540501036
2019-05-31,South Africa,198.89,0.0263,191.16040113842354,0.06865725521911446,True,195.192802,24.796931885986854,0.2572674644521903,2.8058186100491014
2019-06-30,South Africa,166.34,0.0236,195.65633303194653,0.047721694710906586,True,192.863944,26.01727920587061,0.25158000676543796,1.3660057685226032
2019-07-31,South Africa,169.22,0.0236,196.70243907438444,0.03382592711425336,True,192.863944,25.625298229296472,0.24918258251190056,0.5487000877117992
2019-08-31,South Africa,178.28,0.0191,196.40763405021698,0.03259442834212918,True,188.982514,24.98982042326276,0.23272609278019493,0.6369264977307264
2019-09-30,South Africa,188.79,0.0191,195.31832027691945,0.04634177932471318,True,188.982514,25.035353049030615,0.22639066414016615,1.2707305839660108
2019-10-31,South Africa,163.49,0.0197,196.96984126997802,0.03959794212459762,True,189.50003800000002,26.269296072738523,0.22775245872480293,0.9403287845071369
2019-11-30,South Africa,185.32,0.0213,197.9554055337905,0.04147832605060856,True,190.88010200000002,27.10532156168334,0.21944693902513981,1.0318141948658293
2019-12-31,South Africa,163.59,0.0213,199.75475289231673,0.03140469352822362,True,190.88010200000002,28.308855035143715,0.2168347490748674,0.4201297121324613
2020-01-31,South Africa,186.18,0.0207,207.5696533740376,0.0502968263125577,True,204.5414495,25.740578447559887,0.18314726043192178,1.4944762823564535
2020-02-29,South Africa,212.9,0.0181,199.51052454732448,0.08243790783565726,True,202.1318085,24.297616619628446,0.15191807225622636,4.077571392534991
2020-03-31,South Africa,396.6499,0.0181,168.9409587307627,0.15764974079034422,True,202.1318085,21.598304465666875,0.1901340959633632,14.913535326937525
2020-04-30,South Africa,415.3101,0.0126,179.75446892421675,0.15713426036715428,True,197.034491,25.89134058523264,0.2716427982137834,14.816162811903569
2020-05-31,South Africa,344.1101,0.0112,185.27223905762406,0.13535143802213953,True,195.736992,24.80296234103749,0.27497298357066285,10.992933521921893
2020-06-30,South Africa,304.2644,0.0112,194.85630815987537,0.10424878120784041,True,195.736992,25.25123486215395,0.27085274384736274,6.487788772842663
2020-07-31,South Africa,306.625,0.0109,210.25864079220304,0.06112020101071439,True,195.4589565,28.519092716866098,0.29716543716317534,2.2283680061025595
2020-08-31,South Africa,286.54,0.0109,213.69392419610693,0.043457776462123045,True,195.4589565,29.33684448212921,0.29528585829666687,0.6668639871024125
2020-09-30,South Africa,322.8201,0.0113999999999999,210.56495385526966,0.059709814277932274,True,195.9223489999999,28.223035089278884,0.2997613277834641,2.1388541497431084
2020-10-31,South Africa,276.1299,0.0134,190.0661254295642,0.1345661918948106,True,197.775919,28.562261523384034,0.2969116845850309,10.865744796591631
2020-11-30,South Africa,225.98,0.0134,211.6060744591686,0.06982044741611858,True,197.775919,30.414120866644005,0.30136636652694077,2.924743050499077
2020-12-31,South Africa,211.05,0.0139999999999999,216.14286924902962,0.048593631354211346,True,198.3319899999999,32.14844252416472,0.3030727068837583,1.1562523645655316
2021-01-31,South Africa,226.61,0.0163,197.69974111613647,0.0495635464563658,True,184.29625199999998,28.830931737717734,0.30859125829595874,1.472095997379077
2021-02-28,South Africa,231.98,0.0187999999999999,195.73229070226708,0.05550319166906618,True,186.4263519999999,27.749075314607445,0.3045626001582789,1.8480191835805522
2021-03-31,South Africa,235.54,0.0187999999999999,194.91859332586742,0.06454242913096152,True,186.4263519999999,28.004691977174836,0.27053832047766624,2.499182126389179
2021-04-30,South Africa,212.72,0.022,198.3067705543348,0.045188287634409324,True,189.15287999999998,29.634942831148333,0.2128479220544864,1.2247588712057655
2021-05-31,South Africa,190.9,0.022,200.4598084523179,0.03507903791576686,True,189.15287999999998,31.22068730984983,0.20760634461649186,0.7378257936958166
2021-06-30,South Africa,176.71,0.0222,198.8273377853491,0.03361858064109621,True,189.323288,29.5902003818382,0.2200389738036342,0.6776194714737536
2021-07-31,South Africa,199.75,0.0187,199.14551126315448,0.03381608142319716,True,186.34114799999998,29.676078932032453,0.18550297644032734,0.6856116203731558
2021-08-31,South Africa,189.03,0.0187,198.7108768604204,0.03648039761088352,True,186.34114799999998,29.3560979127201,0.18387882422399232,0.7980024549600823
2021-09-30,South Africa,199.48,0.0183,197.77504839502555,0.04586384874472039,True,186.000332,29.40602028010238,0.17896091977464607,1.2616707661279745
2021-10-31,South Africa,206.73,0.0203,197.7658624834943,0.04411081817624742,True,187.704412,28.985214328468146,0.179531473519288,1.1670206182942497
2021-11-30,South Africa,244.93,0.0203,170.3283141203454,0.14497778210772777,True,187.704412,27.0322941931076,0.17885957160631452,12.612285700108849
2021-12-31,South Africa,199.57,0.019,187.72882511325403,0.05608107338934274,True,175.76173500000002,29.706328984548847,0.1975804352982757,1.871657677120359
2022-01-31,South Africa,211.84,0.019,188.13699180919951,0.05512404714825148,True,175.76173500000002,30.48107003752229,0.1646390376927909,1.822849461692212
2022-02-28,South Africa,216.31,0.0215,184.4853357991926,0.0866411573100491,True,177.7681475,30.07633878007082,0.15936479849715404,4.504039506080967
2022-03-31,South Africa,208.81,0.0231,177.88861530412078,0.10422450891315516,True,179.0522515,29.09750669298919,0.16418301515615624,6.487788772842663
2022-04-30,South Africa,251.03,0.0299,178.02068932997773,0.08867010951160535,True,184.5096935,27.34790860389632,0.1649407096346579,4.717488053591592
2022-05-31,South Africa,234.03,0.0299,180.73076371274425,0.0776948748666999,True,184.5096935,27.767447925056445,0.1543742285259038,3.6217990642251072
2022-06-30,South Africa,275.02,0.0326,182.55232611403056,0.07469517135438983,True,186.67661900000002,27.932186751369702,0.1472338639322756,3.3474859995182285
2022-07-31,South Africa,295.8301,0.0335,182.798633589301,0.06650874254796392,True,187.3989275,27.849754274041725,0.1470159584200696,2.627194197967079
2022-08-31,South Africa,267.1001,0.0335,178.69527227293204,0.08567507804097432,True,187.3989275,27.469584496736907,0.1471641006851735,4.368279446037743
2022-09-30,South Africa,342.79,0.0382,178.18108873588534,0.09742980273614668,True,191.170983,28.21423372872265,0.15059890869403292,5.695730774694284
2022-10-31,South Africa,295.23,0.0382,182.2776838298179,0.06994586875723303,True,191.170983,28.332049147258072,0.15026882836578478,2.935262318474189
2022-11-30,South Africa,238.05,0.0428,184.7804044070923,0.0660526841144632,True,194.862782,29.857107102183978,0.13935828056815708,2.617537713373099
2022-12-31,South Africa,250.51,0.0387,187.46900511295743,0.05249876387718587,True,191.57226550000001,31.09658290905587,0.11057497954449816,1.6368248227597828
2023-01-31,South Africa,249.47,0.0387,191.32568434611943,0.045781438628898975,True,196.0693735,30.763291872749594,0.10868695727504998,1.2450008004915414
2023-02-28,South Africa,263.6201,0.0381,189.2164941309393,0.03873646640724427,True,195.57653050000002,28.042129447780034,0.1433071945797315,0.8998332469063908
2023-03-31,South Africa,269.98,0.0394,192.27879308408575,0.04988933742508744,True,196.644357,31.645227738437672,0.18731866531177727,1.4929749047870673
2023-04-30,South Africa,275.6001,0.038,192.25873294335554,0.03916514421138835,True,195.49439,30.935368486387535,0.17525387707806736,0.9198728443930486
2023-05-31,South Africa,313.29,0.038,189.33269988300069,0.05074716699862807,True,195.49439,28.796431357392137,0.19318930559157596,1.5447794800719385
2023-06-30,South Africa,264.1599,0.0404,191.70206429714872,0.03459823590879382,True,197.465762,30.524483591960642,0.20098083334169214,0.7177224183235064
2023-07-31,South Africa,226.94,0.0404,193.8988588289967,0.03573662433547111,True,197.465762,32.6514250085828,0.20916367676627465,0.42841721785727715
2023-08-31,South Africa,247.29,0.0415,192.0712795225515,0.03577758686632625,True,198.36930750000002,30.991437440476126,0.21792331891540756,0.3476492073565129
2023-09-30,South Africa,277.77,0.0465,191.62490314062381,0.03619813500095057,True,202.4763325,31.304569843602398,0.21716627458745222,0.6423973178235787
2023-10-31,South Africa,281.0901,0.0465,190.77988867371252,0.05415772070138442,True,202.4763325,31.411229371495683,0.21718491060371356,1.7594795448101133
2023-11-30,South Africa,239.52,0.0513,189.62719703172735,0.04757666701972046,True,206.41907650000002,30.608415258220052,0.21404052373424656,1.3577120760514123
2023-12-31,South Africa,203.76,0.0432,191.5050790063471,0.040460631613496986,True,199.765696,30.956519416161875,0.21024340319379942,0.9784262453482908
2024-01-31,South Africa,221.55,0.0432,184.6663802313542,0.04261188589271046,True,192.278784,30.146643394452664,0.21167632276868362,1.0890149100682962
2024-02-29,South Africa,225.38,0.0438999999999999,183.9691958150347,0.03151326786277257,True,192.8322179999999,29.23943212482665,0.19064780083399566,0.5934613687808841
2024-03-31,South Africa,254.23,0.0446,185.61700925814583,0.02582261028539317,True,193.385652,30.90606409667024,0.1544890403860454,0.3368185078991433
2024-04-30,South Africa,241.87,0.0446,185.71596341079376,0.025868302257244912,True,193.385652,31.01104790247645,0.15286643582150342,0.40095711311060883
2024-05-31,South Africa,236.85,0.0471,184.91020997495139,0.02956347741074904,True,195.362202,30.700440635622154,0.132311598503974,0.5238722618413199
2024-06-30,South Africa,210.68,0.0454,184.50321973788675,0.02406391842455916,True,194.018148,29.93752108823672,0.12178065527540176,0.34689147063356346
2024-07-31,South Africa,196.91,0.0454,183.92819356081958,0.035359144530092486,True,194.018148,29.757797934343134,0.09576917994771829,0.7496655582247703
2024-08-31,South Africa,185.38,0.0425,191.85589258477313,0.04690342392046189,True,191.72535,37.04048477673976,0.2374394629515426,0.7238520409178727
2024-09-30,South Africa,178.24,0.0425,193.3332610153973,0.048750862806579066,True,191.72535,38.57916065130569,0.2387372201638399,1.422469530704951
2024-10-31,South Africa,185.31,0.0409999999999999,192.84228130551682,0.07433970636641335,True,190.53941999999992,39.399766123283015,0.2382591339755846,3.3156955765523706
2024-11-30,South Africa,181.74,0.0463,190.76397276711904,0.04995312560223789,True,194.729706,36.575230273713146,0.252699705682717,0.8564544425350917
2024-12-31,South Africa,190.09,0.0463,189.54084527613227,0.049558888953286404,True,194.729706,35.34636596213173,0.2574423116140766,0.5061019093010024
2015-01-31,South Korea,63.46999,0.022,440.9735884738252,0.10710478945878155,True,469.567851,57.90660134103251,0.11954438568584456,6.883217345026881
2015-02-28,South Korea,53.29999,0.0233999999999999,449.9811266242168,0.09796751066070214,True,472.5290896999998,60.647113781418355,0.10596548026603493,5.758779539831991
2015-03-31,South Korea,55.29999,0.0233999999999999,450.17910819758,0.09077030664301082,True,472.5290896999998,60.51286632903203,0.10575432088769751,4.9436356043553475
2015-04-30,South Korea,49.56,0.0241,476.587461702336,0.040518197597993764,True,474.00970905,60.0370768880081,0.10755567626461211,0.984571317590502
2015-05-31,South Korea,47.06999,0.0269,476.8923958964085,0.035452957781528495,True,479.93218645,58.993734522373266,0.09804070565900587,0.7536519799067671
2015-06-30,South Korea,48.84999,0.0269,476.68724254825366,0.03306760441931172,True,479.93218645,58.47172998141261,0.09925852903443366,0.6555709085060676
2015-07-31,South Korea,54.28,0.0277,470.2908194123626,0.046432391436625656,True,481.62432285,57.12022865524599,0.10075479405376572,1.2798493596458795
2015-08-31,South Korea,64.20999,0.0277,445.34959441407545,0.09297250018887476,True,481.62432285,56.48114638845373,0.08858899560534932,5.186451655297059
2015-09-30,South Korea,75.06999,0.0255,466.11754182316713,0.06415314725542309,True,476.97094775000005,56.57038721831358,0.08269061343689914,2.46911863862289
2015-10-31,South Korea,61.5,0.025,476.0301441311509,0.05405111976186565,True,475.91336250000006,61.64446594298678,0.11702561778268743,1.752557485191959
2015-11-30,South Korea,53.31,0.025,465.7914506601734,0.07225447385103123,True,475.91336250000006,60.80945536080781,0.11770002220736105,3.1322603344023494
2015-12-31,South Korea,56.78999,0.0269,465.83753349061743,0.06733686681677375,True,479.93218645,60.168133168409085,0.11933041770395293,2.7203299192815336
2016-01-31,South Korea,64.46999,0.0249,418.8764612431466,0.11710467416744351,True,445.3741929,60.94035345698054,0.1089948142183549,8.228645440637633
2016-02-29,South Korea,69.89999,0.0249,415.20143529335866,0.11150880837775091,True,445.3741929,59.223474913082995,0.10307262032097551,7.460964622366987
2016-03-31,South Korea,68.48,0.022,450.73161752809756,0.06532520625645423,True,439.631262,64.58166087802591,0.1358993351850157,2.560185045728421
2016-04-30,South Korea,64.25,0.0220999999999999,456.0723474878769,0.055584680143787604,True,439.82929409999986,66.62634609744369,0.1373303055365758,1.8534513666232515
2016-05-31,South Korea,58.78,0.0220999999999999,455.8477280119106,0.044475203868284977,True,439.82929409999986,64.2999273014077,0.14217559549787,1.1863909953952416
2016-06-30,South Korea,62.42999,0.0222,456.8029898498964,0.04449806057474335,True,440.02732620000006,65.21436005993749,0.1411978110354268,1.1876113463235816
2016-07-31,South Korea,50.87,0.0182,462.2029846317006,0.051770851425213205,True,432.10604220000005,70.71539117794154,0.1530802276823255,1.60775588419445
2016-08-31,South Korea,44.67,0.0182,462.2051466321465,0.047818575984984,True,432.10604220000005,70.068076504246,0.1526680399462849,1.3715601776873652
2016-09-30,South Korea,42.46999,0.0202,465.0595959493685,0.04735978738071024,True,436.06668420000005,72.97031435746251,0.15308373766283084,1.345356490003473
2016-10-31,South Korea,41.79999,0.0202,461.18404279871265,0.051462105687035783,True,436.06668420000005,70.08289273761334,0.14682864241545093,1.5886295870257316
2016-11-30,South Korea,51.31999,0.0217,454.8676085360607,0.06077797906123324,True,439.03716570000006,68.02021394395712,0.15061232500591404,2.1905269301744736
2016-12-31,South Korea,44.37999,0.0283999999999999,459.28956376827625,0.030352828252456474,True,452.3053163999998,67.28699901427531,0.15064651308859947,0.5522531945461594
2017-01-31,South Korea,47.10999,0.0283999999999999,447.0635262584795,0.031178350273211582,True,436.3882345999998,68.91003630350676,0.15132817377385022,0.5827346328402941
2017-02-28,South Korea,45.12999,0.0275,455.1455047825927,0.028765270846112467,True,434.66866625,76.38593197430538,0.17049332553302152,0.30828442719601895
2017-03-31,South Korea,51.51999,0.0283,452.9030536334701,0.026491639554238822,True,436.19717145000004,74.32823319000612,0.16058944819291593,0.3889328345398172
2017-04-30,South Korea,56.73,0.0266999999999999,453.4795384937118,0.026839736024487994,True,433.14016104999985,74.5603085119406,0.15932696306447636,0.43168280050536667
2017-05-31,South Korea,55.67,0.0266999999999999,454.50221902351785,0.03282147821016215,True,433.14016104999985,75.82952126224353,0.15164338099363023,0.6458393391203243
2017-06-30,South Korea,53.42999,0.0254,454.1412602897835,0.027058611332331704,True,430.6563401,74.95314408802857,0.1537445079635857,0.4387619939679188
2017-07-31,South Korea,55.98999,0.0254,455.3850519597785,0.03036913890361862,True,430.6563401,76.33539392780288,0.13444904174934377,0.5528475259683489
2017-08-31,South Korea,61.10999,0.0265,455.6395763308447,0.027650522883812863,True,432.75803475000004,76.73254440286674,0.13339730152831522,0.4581944734322466
2017-09-30,South Korea,74.89999,0.0253,460.5037294066908,0.024503689959393653,True,430.46527695000003,81.21762761497902,0.1386591522731412,0.35803811936115065
2017-10-31,South Korea,71.73999,0.0253,461.9117742902363,0.022890917086222214,True,430.46527695000003,82.61103543651647,0.12785616618959372,0.30326631414014066
2017-11-30,South Korea,61.82999,0.0265,463.06931338180647,0.023302526830431776,True,432.75803475000004,84.05040624571541,0.11868957434889231,0.3252498175596807
2017-12-31,South Korea,53.35999,0.026,466.83078906101485,0.02191266192492036,True,431.802719,87.67059057724322,0.11663674825552674,0.19563837047580643
2018-01-31,South Korea,46.56999,0.026,496.7116554888722,0.02093174549271402,True,465.582035,87.89330430048888,0.1182153201603596,0.21626669571252263
2018-02-28,South Korea,52.21999,0.0273,494.81144542703123,0.02456683806013691,True,468.26016175,86.45713922757488,0.0817686690983153,0.3615679259747751
2018-03-31,South Korea,53.07999,0.0297,496.4229530447446,0.022209691370031835,True,473.20439575,88.63769007833565,0.07159445567315965,0.29540325356595837
2018-04-30,South Korea,46.57999,0.0297,495.77178439220876,0.02644996319060788,True,473.20439575,88.09021866915789,0.0738057357913355,0.41921854353304006
2018-05-31,South Korea,45.06,0.0296,494.77407663789626,0.025505745217408282,True,472.998386,87.03542365819368,0.07807499604700177,0.38977994753400685
2018-06-30,South Korea,50.7,0.0298,492.26499887263054,0.02491670004910467,True,473.41040549999997,84.55697557341323,0.08523105913544783,0.37195681399376673
2018-07-31,South Korea,40.5,0.0298,492.22494723893806,0.024037723219789694,True,473.41040549999997,84.49191942213784,0.08535320052163703,0.3461353462280432
2018-08-31,South Korea,41.95,0.0297,492.0785740738471,0.022149102313932495,True,473.20439575,84.30421313425441,0.08598271601267446,0.2937904351497556
2018-09-30,South Korea,38.06999,0.0308,494.7414125060477,0.024314136920301706,True,475.470503,87.29783440318205,0.07437906571969374,0.3541555298477417
2018-10-31,South Korea,40.87999,0.0308,492.25996964697373,0.02921531300498982,True,475.470503,84.99126501223625,0.07999514235909294,0.5115917470113821
2018-11-30,South Korea,41.14,0.0327,466.171203385407,0.09860504631282109,True,479.38468825,85.15915284284928,0.07833079039500407,5.833983190442014
2018-12-31,South Korea,39.84999,0.0327,477.15566075201065,0.08451767302414123,True,479.38468825,85.41677426750542,0.06449543465420345,4.285937368881799
2019-01-31,South Korea,35.34999,0.0298,522.6038266441661,0.037831655439727475,True,506.8852566,86.94912998130098,0.06744325769988568,0.8582596682354521
2019-02-28,South Korea,31.29999,0.0289,526.485005960513,0.029452281398155117,True,504.9000663,89.94856623457657,0.07331710324609542,0.5199343247912743
2019-03-31,South Korea,34.67,0.0279999999999999,525.1920327183939,0.024340619773745766,True,502.91487599999977,88.17638284404993,0.07259846340645594,0.35492874728972557
2019-04-30,South Korea,33.0,0.0279999999999999,523.4092628757887,0.027966125605010102,True,502.91487599999977,86.54062669571147,0.07473292662356508,0.46872759540501036
2019-05-31,South Korea,37.46999,0.0263,515.4508587890691,0.06838651182306936,True,499.1650721,85.3054986422376,0.07512739497948082,2.8058186100491014
2019-06-30,South Korea,32.81,0.0236,521.3194377006254,0.047721694710906586,True,493.2095012,88.24450825681153,0.0765264180358596,1.3660057685226032
2019-07-31,South Korea,29.82999,0.0236,523.7183270560107,0.030276851773405954,True,493.2095012,86.16791477757825,0.08127026960818444,0.5487000877117992
2019-08-31,South Korea,33.62999,0.0191,524.5638192976146,0.03259442834212914,True,483.2835497,85.90911042751644,0.0813146671368989,0.6369264977307264
2019-09-30,South Korea,34.57999,0.0191,523.5687234030341,0.046028145969191255,True,483.2835497,86.44571740058532,0.07314156327658004,1.2707305839660108
2019-10-31,South Korea,30.70999,0.0197,528.2300588608169,0.0396971818642643,True,484.6070099,90.72020613723706,0.08203975531989997,0.9403287845071369
2019-11-30,South Korea,28.43999,0.0213,529.1124272480038,0.04147832605060856,True,488.13623709999996,91.57349971639138,0.08203226767038656,1.0318141948658293
2019-12-31,South Korea,22.64999,0.0213,531.9104920753388,0.026478650952136543,True,488.13623709999996,93.31138777730848,0.08290919879213206,0.4201297121324613
2020-01-31,South Korea,26.62999,0.0207,560.8759649753587,0.049914406108851124,True,519.45684495,95.2347435167246,0.08330897082901083,1.4944762823564535
2020-02-29,South Korea,34.75,0.0181,549.5112081797225,0.08243790783565726,True,513.3372808500001,94.75361748141219,0.0788704726268156,4.077571392534991
2020-03-31,South Korea,36.37,0.0181,485.06818313074575,0.15764974079034422,True,513.3372808500001,93.78345945877125,0.07618947835823192,14.913535326937525
2020-04-30,South Korea,37.74001,0.0126,495.3182314883043,0.15713426036715425,True,500.3920491,95.09426964417244,0.07190538116185806,14.816162811903569
2020-05-31,South Korea,28.22,0.0112,510.86547812944053,0.1353514380221395,True,497.0968992,98.88613413136483,0.07373188471213213,10.992933521921893
2020-06-30,South Korea,28.63474,0.0112,541.2492637976409,0.10429474090268269,True,497.0968992,101.15867870741964,0.07096580641376649,6.487788772842663
2020-07-31,South Korea,24.35323,0.0109,569.4439502669231,0.06094613166975863,True,496.39079565000003,104.11334578243198,0.06135045649857601,2.2283680061025595
2020-08-31,South Korea,22.99001,0.0109,574.7601395025575,0.033350946705226515,True,496.39079565000003,105.30310598245865,0.05815303291062736,0.6668639871024125
2020-09-30,South Korea,28.2,0.0113999999999999,569.9635222149763,0.05995509664258568,True,497.56763489999975,106.13354479553237,0.05784706015135376,2.1388541497431084
2020-10-31,South Korea,26.21001,0.0134,544.485607187671,0.1345661918948106,True,502.27499190000003,113.05906730733906,0.06772158352371772,10.865744796591631
2020-11-30,South Korea,21.69,0.0134,579.9986963426294,0.06982044741611858,True,502.27499190000003,116.28969361954952,0.06761236754659364,2.924743050499077
2020-12-31,South Korea,22.77,0.0139999999999999,585.2121274462887,0.04395099588196459,True,503.6871989999998,117.65408466880645,0.06811504737648487,1.1562523645655316
2021-01-31,South Korea,26.07001,0.0163,664.0489734375528,0.049539404938973595,True,595.5043983,118.49056642489069,0.0691772521247261,1.472095997379077
2021-02-28,South Korea,23.64,0.0187999999999999,662.837384760255,0.05550319166906618,True,602.3872507999997,118.69038795118114,0.06699497921867847,1.8480191835805522
2021-03-31,South Korea,22.59,0.0187999999999999,659.7901360695331,0.06454242913096152,True,602.3872507999997,118.26447671228598,0.06409805416017479,2.499182126389179
2021-04-30,South Korea,20.63,0.022,665.1541832984007,0.045188287634409324,True,611.197302,119.68086833564512,0.0643112275252545,1.2247588712057655
2021-05-31,South Korea,19.03999,0.022,666.772939452053,0.035079037915765804,True,611.197302,120.1035987802268,0.06208080073881282,0.7378257936958166
2021-06-30,South Korea,18.75,0.0222,666.4408735690785,0.03361858064044478,True,611.7479302,119.73109343941503,0.06444798059638698,0.6776194714737536
2021-07-31,South Korea,19.22,0.0187,670.5731474142743,0.03381608142319716,True,602.1119367,122.92504807459011,0.06387778423057358,0.6856116203731558
2021-08-31,South Korea,18.53999,0.0187,669.2661796824303,0.036480397610883536,True,602.1119367,121.83051189241216,0.06784205412442934,0.7980024549600823
2021-09-30,South Korea,19.64,0.0183,665.721364944628,0.045863848744753036,True,601.0106803,121.12189900067145,0.07012959161789667,1.2616707661279745
2021-10-31,South Korea,19.28999,0.0203,673.6980693831705,0.04411081817624743,True,606.5169622999999,127.43267319687651,0.06047847728670063,1.1670206182942497
2021-11-30,South Korea,20.39999,0.0203,620.285558448339,0.14497778210772777,True,606.5169622999999,125.19189140831156,0.06278914207269885,12.612285700108849
2021-12-31,South Korea,21.97,0.019,752.2473449765134,0.055856927090811664,True,690.6102585,129.57893979184948,0.06881517075255333,1.871657677120359
2022-01-31,South Korea,24.97,0.019,747.9267948465771,0.0553886498129214,True,690.6102585,127.34670601302334,0.07338363631947206,1.822849461692212
2022-02-28,South Korea,28.87,0.0215,733.5499325183582,0.0866411573100491,True,698.49393725,133.2734871502499,0.08301200215280584,4.504039506080967
2022-03-31,South Korea,29.2,0.0231,711.7744282913885,0.10398307467448283,True,703.53949165,128.96581746856987,0.09269971234281241,6.487788772842663
2022-04-30,South Korea,39.92999,0.0299,727.8309250796547,0.08867010951160471,True,724.98309785,126.85174148997882,0.09545137306881513,4.717488053591592
2022-05-31,South Korea,46.17999,0.0299,737.8407171125082,0.0776948748666999,True,724.98309785,127.95928798258713,0.09551306895729354,3.6217990642251072
2022-06-30,South Korea,50.06,0.0326,729.6030184594234,0.07502757953020166,True,733.4974708999999,124.2238373290874,0.1015447952735598,3.3474859995182285
2022-07-31,South Korea,40.82001,0.0335,734.1064483534072,0.0661743831472139,True,736.33559525,124.54373003302362,0.09833753679206314,2.627194197967079
2022-08-31,South Korea,32.12,0.0335,718.1052111517096,0.08532558111284165,True,736.33559525,120.93701318838434,0.10264377176150105,4.368279446037743
2022-09-30,South Korea,58.17,0.0382,700.7502781633743,0.09742980273614668,True,751.1569113,114.91689756581427,0.11443924578733639,5.695730774694284
2022-10-31,South Korea,67.09,0.0382,716.8140917348688,0.06994586875723303,True,751.1569113,116.3899152484199,0.09981782131469387,2.935262318474189
2022-11-30,South Korea,50.97,0.0428,729.4904033916308,0.06605268411446419,True,765.6628802,122.17445923518171,0.11348826662600564,2.617537713373099
2022-12-31,South Korea,54.0,0.0387,742.5962150125965,0.052236601734872386,True,752.73364705,126.34148288702144,0.11317441020186507,1.6368248227597828
2023-01-31,South Korea,40.5,0.0387,788.9343442181163,0.045559995649132046,True,803.5786566500001,129.61792397911083,0.11499527899098981,1.2450008004915414
2023-02-28,South Korea,44.48,0.0381,782.6655159782744,0.03873646640724427,True,801.5587689500001,121.95196769658091,0.11971988521628603,0.8998332469063908
2023-03-31,South Korea,44.86,0.0394,776.1772232276032,0.050165529126634224,True,805.9351923,120.60720392584459,0.11660877680664429,1.4929749047870673
2023-04-30,South Korea,45.61,0.038,778.8056474178769,0.03916514421138835,True,801.2221210000001,118.28020596960727,0.11694817817746181,0.9198728443930486
2023-05-31,South Korea,40.81,0.038,777.1880173320947,0.05074716699862807,True,801.2221210000001,119.59708597478549,0.11729414579477636,1.5447794800719385
2023-06-30,South Korea,33.25999,0.0404,781.4040608988608,0.03459823590879287,True,809.3016718000001,121.3121743091811,0.11569624132049543,0.7177224183235064
2023-07-31,South Korea,26.75,0.0404,786.3649395577204,0.02673816650050142,True,809.3016718000001,125.41127066194603,0.12095403210353181,0.42841721785727715
2023-08-31,South Korea,34.55,0.0415,781.0582947609092,0.02409014091114943,True,813.0047992500001,120.60576761476038,0.12392263994638965,0.3476492073565129
2023-09-30,South Korea,34.14999,0.0465,776.2727070713277,0.0327339812171707,True,829.8371967500001,119.53842121091398,0.1116161937933551,0.6423973178235787
2023-10-31,South Korea,44.09,0.0465,770.8223265482019,0.05415772070138442,True,829.8371967500001,119.24407525433305,0.1112466054896896,1.7594795448101133
2023-11-30,South Korea,29.53,0.0513,771.2353750537633,0.04757666701972046,True,845.9962983500001,120.52512214985941,0.09985193370761218,1.3577120760514123
2023-12-31,South Korea,27.13,0.0432,780.5880039367357,0.04039163244626439,True,818.7278144000002,124.1470595024276,0.09843057992432971,0.9784262453482908
2024-01-31,South Korea,30.12,0.0432,780.3309712373579,0.042808061448919583,True,823.625376,120.2224458681118,0.09804265052985743,1.0890149100682962
2024-02-29,South Korea,31.06,0.0438999999999999,782.1459460663247,0.03146370824464754,True,825.9960082499996,120.80503054853007,0.07803858873998314,0.5934613687808841
2024-03-31,South Korea,38.64,0.0446,783.0083481519357,0.023712575353725774,True,828.3666404999999,120.54924786901512,0.07725860610853519,0.3368185078991433
2024-04-30,South Korea,38.60001,0.0446,779.793982866162,0.025868302256963807,True,828.3666404999999,117.78684355013408,0.07835494123526097,0.40095711311060883
2024-05-31,South Korea,34.58,0.0471,778.3947003305792,0.02956347741074904,True,836.8331842499999,117.95414401915967,0.0774090029753832,0.5238722618413199
2024-06-30,South Korea,36.09,0.0454,780.1977054714107,0.02406391842455916,True,831.0759345,118.26505014147978,0.07574368146995693,0.34689147063356346
2024-07-31,South Korea,36.66,0.0454,778.6563552333579,0.035359144530092486,True,831.0759345,117.96773756271641,0.06525166982631998,0.7496655582247703
2024-08-31,South Korea,32.11,0.0425,785.2367868714035,0.03474553995952384,True,821.25474375,122.59918851069564,0.06727648140230523,0.7238520409178727
2024-09-30,South Korea,31.13,0.0425,780.5019786490517,0.04869757025738861,True,821.25474375,125.15245002724726,0.06882118102364185,1.422469530704951
2024-10-31,South Korea,33.63,0.0409999999999999,768.6383858848274,0.07433970636641336,True,816.1748174999996,119.82051489743607,0.08358794759977983,3.3156955765523706
2024-11-30,South Korea,34.14999,0.0463,776.3827567592604,0.03791499725823209,True,834.1238902499999,117.67340352271037,0.08467022091800146,0.8564544425350917
2024-12-31,South Korea,37.11,0.0463,772.3924132486433,0.029058321613191475,True,834.1238902499999,111.44358673955577,0.09183243214362564,0.5061019093010024
2015-01-31,Thailand,106.87,0.022,169.5313447371043,0.1073867048731634,True,157.30331700000002,36.50419014063084,0.06784535094067967,6.883217345026881
2015-02-28,Thailand,102.45,0.0233999999999999,172.46396695048037,0.09823093310987936,True,158.29531989999995,37.66385009967571,0.07223955207960482,5.758779539831991
2015-03-31,Thailand,105.88,0.0233999999999999,173.45119293767556,0.09104186355386927,True,158.29531989999995,37.42007114080358,0.07249140698129436,4.9436356043553475
2015-04-30,Thailand,105.39,0.0241,176.6722889037747,0.04051819759799371,True,158.79132135000003,36.162070810579664,0.07900075571661641,0.984571317590502
2015-05-31,Thailand,100.0,0.0269,174.91546111116577,0.03546857373516634,True,160.77532715,34.625846230347655,0.08256124606396062,0.7536519799067671
2015-06-30,Thailand,104.41,0.0269,174.94500740720622,0.03306760441931172,True,160.77532715,34.53248364997017,0.0809639885908962,0.6555709085060676
2015-07-31,Thailand,105.88,0.0277,172.7138399231774,0.04619292229843084,True,161.34218595000002,32.70434984147418,0.09386454883443866,1.2798493596458795
2015-08-31,Thailand,143.53,0.0277,167.89031324513286,0.09297250018887476,True,161.34218595000002,31.93739448935874,0.09432051683139919,5.186451655297059
2015-09-30,Thailand,159.12,0.0255,170.84143421374878,0.06415314725542309,True,159.78332425000002,31.82381640858641,0.0944676725694166,2.46911863862289
2015-10-31,Thailand,129.83,0.025,173.04825876667704,0.05405111976186565,True,159.42903750000002,33.130291613286566,0.1061287978768107,1.752557485191959
2015-11-30,Thailand,127.17,0.025,169.60638660510784,0.07225447385103123,True,159.42903750000002,32.87081620982699,0.10488727200996106,3.1322603344023494
2015-12-31,Thailand,139.14,0.0269,171.08282785651522,0.06756902162608942,True,160.77532715,32.875762788872805,0.10498335707650193,2.7203299192815336
2016-01-31,Thailand,155.22,0.0249,156.83344108244813,0.11710467416744351,True,147.3974359,34.500027104263104,0.11130373950241025,8.228645440637633
2016-02-29,Thailand,156.18,0.0249,157.13180365639522,0.11176987962741033,True,147.3974359,34.500027104263104,0.10445847863370115,7.460964622366987
2016-03-31,Thailand,137.03,0.022,163.78475737943623,0.06550143169012246,True,145.496802,34.97159224434846,0.10653724976344524,2.560185045728421
2016-04-30,Thailand,124.66,0.0220999999999999,164.19040981831125,0.055584680143787604,True,145.56234109999994,34.49134809801486,0.10244980868733967,1.8534513666232515
2016-05-31,Thailand,119.31,0.0220999999999999,163.74294149989998,0.044475203868284977,True,145.56234109999994,33.7088218783903,0.09566939456598927,1.1863909953952416
2016-06-30,Thailand,120.95,0.0222,163.7331477465188,0.04449806057474335,True,145.62788020000002,33.70613027607172,0.0956914308697725,1.1876113463235816
2016-07-31,Thailand,92.37999,0.0182,165.39764090726925,0.051770851425213205,True,143.00631620000001,35.327427613306774,0.08859645939433214,1.60775588419445
2016-08-31,Thailand,84.75999,0.0182,165.62260904995458,0.047818575984984,True,143.00631620000001,35.43797936569085,0.08248258884105632,1.3715601776873652
2016-09-30,Thailand,87.48,0.0202,165.55716093767995,0.04735978738071024,True,144.3170982,35.47324935080263,0.08186905115674756,1.345356490003473
2016-10-31,Thailand,93.85999,0.0202,164.98041961344802,0.051462105687035783,True,144.3170982,35.0437911291358,0.07670318637661858,1.5886295870257316
2016-11-30,Thailand,91.87999,0.0217,163.801306451081,0.06060781350016884,True,145.30018470000002,34.584878577710484,0.0778281798922133,2.1905269301744736
2016-12-31,Thailand,79.56999,0.0283999999999999,167.01826531035724,0.030352828252456474,True,149.69130439999995,37.186035710370604,0.1031942298988109,0.5522531945461594
2017-01-31,Thailand,72.14999,0.0283999999999999,169.34115174048983,0.031178350273211582,True,151.69608539999996,37.79935863005696,0.09500232334476884,0.5827346328402941
2017-02-28,Thailand,54.31,0.0275,169.52625019471586,0.022687794788787095,True,151.09833375000002,37.84515901917131,0.09490415794794663,0.30828442719601895
2017-03-31,Thailand,52.53999,0.0283,170.29270950389437,0.025478056836274545,True,151.62966855000002,38.68687986094676,0.09584084426416724,0.3889328345398172
2017-04-30,Thailand,56.01999,0.0266999999999999,170.56144527201445,0.02683973602331775,True,150.56699894999997,38.838891126613824,0.0929472823774132,0.43168280050536667
2017-05-31,Thailand,58.17999,0.0266999999999999,171.12619014409944,0.03282147821016215,True,150.56699894999997,39.45687416970511,0.08581406619454038,0.6458393391203243
2017-06-30,Thailand,63.39,0.0254,170.06932829550837,0.02705861133233132,True,149.70357990000002,38.247560273636644,0.0960328765178119,0.4387619939679188
2017-07-31,Thailand,61.65999,0.0254,170.66449480246047,0.03036913890361862,True,149.70357990000002,38.88350545162489,0.08790564494689178,0.5528475259683489
2017-08-31,Thailand,57.67999,0.0265,170.32022312436018,0.02765052288381288,True,150.43416525000004,38.5919352250411,0.08918510001606317,0.4581944734322466
2017-09-30,Thailand,52.48,0.0253,171.5546081318486,0.02444682675018629,True,149.63716305000003,39.71257827612954,0.09137314055223943,0.35803811936115065
2017-10-31,Thailand,47.26999,0.0253,171.6803386076358,0.022502748097965646,True,149.63716305000003,39.83171600221088,0.08868236601920741,0.30326631414014066
2017-11-30,Thailand,49.5,0.0265,172.12890232688193,0.023302526830431776,True,150.43416525000004,40.37716846153774,0.08478188477667516,0.3252498175596807
2017-12-31,Thailand,47.03,0.026,175.9072117843591,0.024418306678192222,True,150.10208100000003,44.103311512826004,0.09739162043356886,0.19563837047580643
2018-01-31,Thailand,41.7,0.026,200.55204866473622,0.022907496000696897,True,176.22225699999998,45.812296892898296,0.10027689919948894,0.21626669571252263
2018-02-28,Thailand,42.12,0.0273,198.555080664584,0.025526971462465218,True,177.23592484999998,43.93488083339651,0.11532769439166504,0.3615679259747751
2018-03-31,Thailand,47.14,0.0297,198.99394085163993,0.025762370847985567,True,179.10731164999999,44.60441231725929,0.11490996702035822,0.29540325356595837
2018-04-30,Thailand,44.92,0.0297,198.51753188872283,0.026449963201060016,True,179.10731164999999,44.13152486724307,0.11691636812242903,0.41921854353304006
2018-05-31,Thailand,46.12,0.0296,197.74405439656925,0.02634365079690673,True,179.0293372,43.345853554111514,0.12012480753810069,0.38977994753400685
2018-06-30,Thailand,50.26999,0.0298,195.9680088517365,0.026354439997562012,True,179.18528609999998,41.590471432406716,0.12410600226005676,0.37195681399376673
2018-07-31,Thailand,44.28,0.0298,195.51483974536572,0.026283151076200682,True,179.18528609999998,41.13720671832809,0.12484519202084138,0.3461353462280432
2018-08-31,Thailand,42.71999,0.0297,196.05350803269573,0.026432999200570458,True,179.10731164999999,41.66509155024077,0.12432527037231811,0.2937904351497556
2018-09-30,Thailand,41.34,0.0308,196.6593935921411,0.026433697892624283,True,179.96503059999998,42.38278448767811,0.1225962381185012,0.3541555298477417
2018-10-31,Thailand,45.37999,0.0308,195.69360911507474,0.02921531300498982,True,179.96503059999998,41.43729075081688,0.1257709140963211,0.5115917470113821
2018-11-30,Thailand,45.82999,0.0327,191.1682448971582,0.09860504631281894,True,181.44654514999996,42.01824817799607,0.1258000918583931,5.833983190442014
2018-12-31,Thailand,46.43999,0.0327,193.70873596621144,0.08451767302414123,True,181.44654514999996,42.558542179841645,0.08678983107402297,4.285937368881799
2019-01-31,Thailand,42.67999,0.0298,208.15594635313803,0.037831655439727475,True,187.405347,46.79957468294127,0.12599240659403488,0.8582596682354521
2019-02-28,Thailand,46.42,0.0289,207.64891339234867,0.029452281398169713,True,186.67138350000002,46.118322181317225,0.11843158019051948,0.5199343247912743
2019-03-31,Thailand,43.28,0.0279999999999999,208.80343326557409,0.026970693142033906,True,185.93741999999992,47.15885811581333,0.11937958272351935,0.35492874728972557
2019-04-30,Thailand,37.2,0.0279999999999999,208.4801122119881,0.027966125605291343,True,185.93741999999992,46.84466520688903,0.11888916485500559,0.46872759540501036
2019-05-31,Thailand,38.70999,0.0263,207.2139680188641,0.06838651182306936,True,184.55104450000002,46.752461827762176,0.11657662727297718,2.8058186100491014
2019-06-30,Thailand,35.2,0.0236,209.45446154862867,0.047721694710906586,True,182.349154,48.10639277791419,0.10587472503141875,1.3660057685226032
2019-07-31,Thailand,33.03999,0.0236,209.8254152804315,0.03025513444846835,True,182.349154,47.825845975674625,0.10477692384702156,0.5487000877117992
2019-08-31,Thailand,32.42,0.0191,210.3719196092361,0.032594428342129146,True,178.6793365,48.03570103017174,0.10509384243129172,0.6369264977307264
2019-09-30,Thailand,30.73,0.0191,210.1316270860037,0.046028145969191255,True,178.6793365,48.03570103017174,0.1055547965608995,1.2707305839660108
2019-10-31,Thailand,28.56999,0.0197,210.61419918376964,0.03959794212459762,True,179.16864550000003,48.525636464837625,0.09928260533121142,0.9403287845071369
2019-11-30,Thailand,27.82999,0.0213,211.7072394794082,0.04147832605060856,True,180.47346950000002,49.667271567776694,0.09979805147198856,1.0318141948658293
2019-12-31,Thailand,24.29999,0.0213,211.96587825191966,0.02647865095214974,True,180.47346950000002,49.74225233875275,0.10057407834364737,0.4201297121324613
2020-01-31,Thailand,27.0,0.0207,220.62236806424193,0.049914406108851124,True,190.5828366,49.397508143092075,0.04764539304087992,1.4944762823564535
2020-02-29,Thailand,38.75,0.0181,218.40947240906854,0.08243790783565726,True,188.3376378,49.433856523932846,0.04316566231421977,4.077571392534991
2020-03-31,Thailand,82.03,0.0181,200.93208361723168,0.15764974079034422,True,188.3376378,47.82916468700773,0.05411350269461481,14.913535326937525
2020-04-30,Thailand,72.2,0.0126,205.2615318818936,0.15713426036715425,True,183.5881788,50.44669746561583,0.07413338460930335,14.816162811903569
2020-05-31,Thailand,53.95,0.0112,213.90499641056465,0.13557143193114177,True,182.3792256,54.776977804040605,0.10539394633127337,10.992933521921893
2020-06-30,Thailand,44.85155,0.0112,221.42501658861576,0.10398307467448283,True,182.3792256,56.380376452674284,0.10544250765018512,6.487788772842663
2020-07-31,Thailand,42.5289,0.0109,227.99875362349258,0.06094613166975863,True,182.1201642,56.332243896251924,0.10457152057427596,2.2283680061025595
2020-08-31,Thailand,39.39999,0.0109,228.97634025349637,0.03335094670522651,True,182.1201642,56.57877449975642,0.10457263085916799,0.6668639871024125
2020-09-30,Thailand,47.22,0.0113999999999999,227.2066578900332,0.059709814277932274,True,182.55193319999992,55.512704183304216,0.10891923307173677,2.1388541497431084
2020-10-31,Thailand,49.69,0.0134,217.01288966343537,0.1345661918948106,True,184.27900920000002,56.21570057499794,0.10889992450099178,10.865744796591631
2020-11-30,Thailand,37.21001,0.0134,228.5222373983622,0.06997604108914801,True,184.27900920000002,57.73930368193466,0.10933909759830909,2.924743050499077
2020-12-31,Thailand,35.56,0.0139999999999999,230.69332736250783,0.043906943445514955,True,184.79713199999992,58.5891080375973,0.10867882323293042,1.1562523645655316
2021-01-31,Thailand,38.53,0.0163,248.66163899756384,0.049539404938973595,True,205.62051195,59.57282164833155,0.10633699517382525,1.472095997379077
2021-02-28,Thailand,39.53,0.0187999999999999,248.54427231224324,0.05550319166906618,True,207.99707819999992,59.85764799091523,0.10579661372937511,1.8480191835805522
2021-03-31,Thailand,41.10001,0.0187999999999999,246.8066626264148,0.06454242913096152,True,207.99707819999992,58.66445408788312,0.09992311016287046,2.499182126389179
2021-04-30,Thailand,41.60001,0.022,247.61354523460335,0.045188287634409324,True,211.039083,58.89525204205553,0.09227883846438394,1.2247588712057655
2021-05-31,Thailand,41.03999,0.022,247.51816561580785,0.035079037915765804,True,211.039083,58.66959623802642,0.053704414033370375,0.7378257936958166
2021-06-30,Thailand,38.63,0.0222,246.2988733629187,0.03361858064044478,True,211.2292083,57.448337294614866,0.05343475128189261,0.6776194714737536
2021-07-31,Thailand,41.59,0.0187,245.51069683501805,0.03381608142319716,True,207.90201555000002,56.3521190590621,0.05737079409699766,0.6856116203731558
2021-08-31,Thailand,38.58,0.0187,246.09121199155146,0.03648039761088352,True,207.90201555000002,56.97598773117295,0.05829587376763406,0.7980024549600823
2021-09-30,Thailand,38.64999,0.0183,245.96676525636443,0.04586384874472039,True,207.52176495,57.068023919215165,0.054236126756340534,1.2616707661279745
2021-10-31,Thailand,38.58,0.0203,248.26353225828126,0.04411081817624742,True,209.42301795,59.42794450310466,0.06594453407503865,1.1670206182942497
2021-11-30,Thailand,33.99001,0.0203,232.7117271594719,0.14497778210772777,True,209.42301795,58.60074233724442,0.06358972799172025,12.612285700108849
2021-12-31,Thailand,26.66,0.019,257.58243750637854,0.055856927090811664,True,215.57297849999998,62.321278555123726,0.08727870556869778,1.871657677120359
2022-01-31,Thailand,30.07001,0.019,257.260403956946,0.055124047148251455,True,215.57297849999998,61.948394949420496,0.08696035043438398,1.822849461692212
2022-02-28,Thailand,37.56,0.0215,255.80073524288275,0.0866411573100491,True,218.03385724999998,63.194678509810494,0.08855242874936842,4.504039506080967
2022-03-31,Thailand,42.66,0.0231,249.96745660012408,0.10398307467448283,True,219.60881965,60.11932231037242,0.10162385598630119,6.487788772842663
2022-04-30,Thailand,48.14999,0.0299,248.9816798939782,0.08886228312969921,True,226.30240984999998,59.163000420061394,0.10316864238193149,4.717488053591592
2022-05-31,Thailand,50.36,0.0299,250.64179740454932,0.07769487486671582,True,226.30240984999998,59.36157817001393,0.10309855796096497,3.6217990642251072
2022-06-30,Thailand,58.22,0.0326,249.21301646796076,0.07469517135438981,True,228.96015889999998,56.89139062666337,0.11009636232827842,3.3474859995182285
2022-07-31,Thailand,65.24001,0.0335,247.14435195335574,0.06617438314721416,True,229.84607524999998,54.27633183389518,0.118373939381554,2.627194197967079
2022-08-31,Thailand,56.28,0.0335,243.40063410660778,0.08532558111284165,True,229.84607524999998,54.456606059362244,0.11761911624105978,4.368279446037743
2022-09-30,Thailand,87.12,0.0382,237.46578585436401,0.09742980273614668,True,234.47252729999997,51.27185195232189,0.1301392807376693,5.695730774694284
2022-10-31,Thailand,86.13,0.0382,242.4533334120791,0.06994586875723303,True,234.47252729999997,51.13704852503091,0.11892430248737752,2.935262318474189
2022-11-30,Thailand,66.27,0.0428,245.65822764128973,0.0660526841144632,True,239.00054419999998,54.12703362991847,0.13758750356340124,2.617537713373099
2022-12-31,Thailand,58.28,0.0387,250.38629711310958,0.052236601734872386,True,234.96470304999997,57.27020364674673,0.13489449402712228,1.6368248227597828
2023-01-31,Thailand,48.27,0.0387,258.33398348891564,0.045559995649132046,True,240.40205035,60.44846699159844,0.14810278550378128,1.2450008004915414
2023-02-28,Thailand,49.23,0.0381,254.836994650749,0.03873646640724427,True,239.79777205,56.71722596423742,0.15786543415247262,0.8998332469063908
2023-03-31,Thailand,51.28,0.0394,256.54387913444236,0.04988933742508744,True,241.1070417,58.90349819551419,0.1574552001157959,1.4929749047870673
2023-04-30,Thailand,51.87,0.038,258.2728488764016,0.03916514421138835,True,239.697059,60.12481642727873,0.15806770544686063,0.9198728443930486
2023-05-31,Thailand,54.33,0.038,256.83827798536277,0.05074716699862807,True,239.697059,59.08632392988838,0.15914142442834503,1.5447794800719385
2023-06-30,Thailand,53.23,0.0404,253.25250265807242,0.036569220863791635,True,242.11417219999998,55.45581215496344,0.1663868884615626,0.7177224183235064
2023-07-31,Thailand,45.39,0.0404,254.93715777294832,0.036239414595843025,True,242.11417219999998,57.12369291589822,0.16139602164639916,0.42841721785727715
2023-08-31,Thailand,51.75,0.0415,252.75555746306108,0.03634760544459749,True,243.22201575,55.12875205188339,0.1662503353435797,0.3476492073565129
2023-09-30,Thailand,52.35001,0.0465,250.70910632460922,0.03339880910947767,True,248.25766825,53.97432690047848,0.15472521348861462,0.6423973178235787
2023-10-31,Thailand,68.21001,0.0465,250.68306615609967,0.05415772070138442,True,248.25766825,54.571577728602335,0.15466147532602928,1.7594795448101133
2023-11-30,Thailand,44.27,0.0513,250.94827450753604,0.04757666701972046,True,253.09189464999997,55.47118190956213,0.14497819374600315,1.3577120760514123
2023-12-31,Thailand,41.82001,0.0432,257.7246676138285,0.04039163244626438,True,244.93413759999999,60.44604097689522,0.15931083743270452,0.9784262453482908
2024-01-31,Thailand,43.34,0.0432,250.71438213684402,0.04261188589271046,True,239.001152,58.27575154239423,0.15426964004746616,1.0890149100682962
2024-02-29,Thailand,41.32001,0.0438999999999999,249.3242384190256,0.0324115099510865,True,239.6890664999999,56.88307991884288,0.1418802377620959,0.5934613687808841
2024-03-31,Thailand,42.89,0.0446,249.30663501964773,0.031082860008344308,True,240.376981,56.98126897490194,0.13591674045883337,0.3368185078991433
2024-04-30,Thailand,46.84,0.0446,248.3356429606592,0.03026317295579366,True,240.376981,56.01111040543147,0.1340860079317631,0.40095711311060883
2024-05-31,Thailand,43.33,0.0471,247.2549847698957,0.029965778213173453,True,242.8338185,55.380490527904996,0.1336524547330168,0.5238722618413199
2024-06-30,Thailand,44.32001,0.0454,247.77013243319337,0.02642993110595443,True,241.16316899999998,55.584016781208284,0.11777863978577503,0.34689147063356346
2024-07-31,Thailand,42.85001,0.0454,248.9633672947264,0.0353591445300925,True,241.16316899999998,56.90739708769684,0.11626285974820391,0.7496655582247703
2024-08-31,Thailand,39.31,0.0425,253.0639339317514,0.03474553995952384,True,238.3132375,60.43058950929194,0.1237327579860757,0.7238520409178727
2024-09-30,Thailand,36.45,0.0425,255.79281788824412,0.04869757025738861,True,238.3132375,63.46424126419664,0.12577801643007122,1.422469530704951
2024-10-31,Thailand,37.44,0.0409999999999999,253.2214653782121,0.07433970636641349,True,236.83913499999989,62.62022717680845,0.1286382042599529,3.3156955765523706
2024-11-30,Thailand,40.39999,0.0463,253.51855809559274,0.03779187560300684,True,242.0476305,61.58822485026005,0.1314657431080079,0.8564544425350917
2024-12-31,Thailand,42.33,0.0463,253.9967451122727,0.029058321613191475,True,242.0476305,62.00450427836041,0.10110075803363369,0.5061019093010024
2015-01-31,Turkey,183.42,0.022,397.6277969154941,0.10710478945878155,True,459.07968300000005,40.13963109571946,0.1409644566684024,6.883217345026881
2015-02-28,Turkey,201.52,0.0233999999999999,411.02684595896324,0.09839125822973305,True,461.9747800999998,42.52171725936091,0.14518276096977714,5.758779539831991
2015-03-31,Turkey,214.7,0.0233999999999999,,,False,461.9747800999998,40.87354734582145,0.1495688295050609,4.9436356043553475
2015-04-30,Turkey,227.84,0.0241,445.92910161685217,0.04051819759799371,True,463.42232865000005,39.92898241935906,0.14307740562478363,0.984571317590502
2015-05-31,Turkey,208.37,0.0269,449.5087366072479,0.035452957781528495,True,469.21252285,43.94692881701492,0.178273347472341,0.7536519799067671
2015-06-30,Turkey,214.17,0.0269,451.86370462239984,0.03306760441931172,True,469.21252285,43.91182276009188,0.17789978356348812,0.6555709085060676
2015-07-31,Turkey,233.88,0.0277,449.40288625931817,0.04619292229843084,True,470.86686405,45.004801350044,0.17861578486842222,1.2798493596458795
2015-08-31,Turkey,260.72,0.0277,417.9331903329997,0.09297250018887476,True,470.86686405,42.647941429391594,0.16994190119971528,5.186451655297059
2015-09-30,Turkey,302.0798,0.0255,440.6373557716271,0.06415314725542309,True,466.31742575,43.52851690959263,0.168084275336146,2.46911863862289
2015-10-31,Turkey,252.23,0.025,449.05503221302575,0.05405111976186582,True,465.28346250000004,46.39501528231894,0.18162005267116765,1.752557485191959
2015-11-30,Turkey,267.0498,0.025,437.2549317221458,0.07225447385103123,True,465.28346250000004,46.246248284257504,0.16525720714488315,3.1322603344023494
2015-12-31,Turkey,269.73,0.0269,437.2697272611441,0.06733686681677375,True,469.21252285,45.47449665417442,0.15872648467131953,2.7203299192815336
2016-01-31,Turkey,275.5598,0.0249,393.5150732088305,0.11744499138290512,True,449.38899525,47.29952394472468,0.15564415327541328,8.228645440637633
2016-02-29,Turkey,300.3699,0.0249,401.9866330272108,0.1115088083777509,True,449.38899525,46.705484417908906,0.14974009178131564,7.460964622366987
2016-03-31,Turkey,265.24,0.022,435.43102605729905,0.06532520625645423,True,443.594295,49.1428203535115,0.14578997703922206,2.560185045728421
2016-04-30,Turkey,236.2,0.0220999999999999,435.43476525866816,0.05603817248507297,True,443.7941122499998,48.08122463584338,0.14535063115440747,1.8534513666232515
2016-05-31,Turkey,266.24,0.0220999999999999,436.32890333292556,0.04480812973563178,True,443.7941122499998,45.446636977883635,0.13265744428488194,1.1863909953952416
2016-06-30,Turkey,256.8398,0.0222,441.2489932856115,0.04487133019399103,True,443.99392950000004,48.92428288855364,0.15022863612385434,1.1876113463235816
2016-07-31,Turkey,271.6599,0.0182,448.0866079941285,0.05177085142521322,True,436.0012395,54.94840608703361,0.18454941723218365,1.60775588419445
2016-08-31,Turkey,236.22,0.0182,449.7889492433456,0.047818575984984,True,436.0012395,55.588772974738994,0.1681876383303767,1.3715601776873652
2016-09-30,Turkey,258.0,0.0202,447.9498909125898,0.04735978738071024,True,439.9975845,54.18508841292126,0.17484143357751628,1.345356490003473
2016-10-31,Turkey,248.84,0.0202,444.6464891311233,0.051462105687035783,True,439.9975845,52.307950524061475,0.17475710476519377,1.5886295870257316
2016-11-30,Turkey,293.2,0.0217,433.84811011547055,0.06042657745718926,True,442.99484325000003,47.064722862897874,0.2097134963111935,2.1905269301744736
2016-12-31,Turkey,268.2998,0.0283999999999999,442.4632971210293,0.03035282825245649,True,456.3825989999998,47.65471134710706,0.20897061257864888,0.5522531945461594
2017-01-31,Turkey,267.7998,0.0283999999999999,441.41084946301925,0.03151526666247606,True,460.95322559999977,43.35149932490386,0.22640545835288672,0.5827346328402941
2017-02-28,Turkey,233.51,0.0275,445.2118931964587,0.0248550569227582,True,459.13686,45.596194439123245,0.2334597834619733,0.30828442719601895
2017-03-31,Turkey,235.39,0.0283,444.98089547993857,0.025478056836287948,True,460.7514072,45.71357950120003,0.2264169190110523,0.3889328345398172
2017-04-30,Turkey,203.89,0.0266999999999999,447.6727602518743,0.02683973602331775,True,457.5223127999998,47.99981265548041,0.23198674451146054,0.43168280050536667
2017-05-31,Turkey,194.05,0.0266999999999999,446.47566445663483,0.03282147821016215,True,457.5223127999998,47.65032014929689,0.2240718521077777,0.6458393391203243
2017-06-30,Turkey,193.2,0.0254,449.03325055924205,0.02705861133233132,True,454.8986736,49.15054976455992,0.21337114204431212,0.4387619939679188
2017-07-31,Turkey,181.29,0.0254,448.5189263286649,0.03036913890361862,True,454.8986736,49.055363842280066,0.1722017153856656,0.5528475259683489
2017-08-31,Turkey,170.75,0.0265,448.79781687737,0.02772382587606601,True,457.118676,49.521813659087556,0.17193162796194228,0.4581944734322466
2017-09-30,Turkey,184.28,0.0253,450.1765939429388,0.024446826750186258,True,454.6968552,49.99412060202175,0.1719600706031144,0.35803811936115065
2017-10-31,Turkey,186.49,0.0253,447.31525263230895,0.022502748097965646,True,454.6968552,47.027612739727616,0.17848207119060222,0.30326631414014066
2017-11-30,Turkey,204.42,0.0265,447.1702050932241,0.023302526830431776,True,457.118676,47.26949368430437,0.14401905528320036,0.3252498175596807
2017-12-31,Turkey,166.6,0.026,448.97658282528914,0.018083657655312124,True,456.109584,48.61689467118308,0.14628509744602,0.19563837047580643
2018-01-31,Turkey,163.09,0.026,492.5394692598542,0.019010377225108857,True,505.442672,49.0683306751611,0.10179824501435163,0.21626669571252263
2018-02-28,Turkey,170.48,0.0273,488.6644289166587,0.024755817181369228,True,508.3500856,46.59069400920086,0.10892168186566736,0.3615679259747751
2018-03-31,Turkey,191.4,0.0297,490.0037601358697,0.022209691370031835,True,513.7176184,48.11270997283061,0.11308609005929424,0.29540325356595837
2018-04-30,Turkey,193.48,0.0297,488.6389193254941,0.02644996319060788,True,513.7176184,47.07567509456114,0.10445961982680797,0.41921854353304006
2018-05-31,Turkey,262.8098,0.0296,481.405575372332,0.025505745217408282,True,513.4939712,41.08901457224872,0.17051313244864869,0.38977994753400685
2018-06-30,Turkey,289.96,0.0298,494.7646516966759,0.05232921159547849,True,513.9412656,57.12767188225899,0.3826747772674348,0.37195681399376673
2018-07-31,Turkey,310.2898,0.0298,491.41671472933217,0.05114929394253518,True,513.9412656,53.996132067521614,0.388744543834273,0.3461353462280432
2018-08-31,Turkey,582.0198,0.0297,492.72148237884136,0.05232456386666572,True,513.7176184,55.358920013214366,0.38911549158287767,0.2937904351497556
2018-09-30,Turkey,371.22,0.0308,481.6172786843154,0.053072567459043,True,516.1777376,46.85057981583245,0.427125820451132,0.3541555298477417
2018-10-31,Turkey,388.9299,0.0308,484.7607095909943,0.05744976920154477,True,516.1777376,50.72288023982671,0.4302296834264738,0.5115917470113821
2018-11-30,Turkey,386.5498,0.0327,448.04239879398307,0.09860504631281894,True,520.4270344,45.522288088808075,0.44522546507901517,5.833983190442014
2018-12-31,Turkey,358.7598,0.0327,458.7572468052519,0.08451767302414125,True,520.4270344,45.00027071299939,0.44395358168350557,4.285937368881799
2019-01-31,Turkey,314.6899,0.0298,452.2249120876455,0.05545326092529584,True,485.17674,42.9800307153428,0.44525382529955976,0.8582596682354521
2019-02-28,Turkey,315.6499,0.0289,446.5242314693424,0.052773296839810135,True,483.27657,37.62222601875472,0.46054317974378356,0.5199343247912743
2019-03-31,Turkey,418.98,0.0279999999999999,446.8553092251497,0.07734671985751694,True,481.37639999999976,46.11940241221642,0.5101022724940869,0.35492874728972557
2019-04-30,Turkey,456.0898,0.0279999999999999,444.1003951326562,0.07423846702036109,True,481.37639999999976,43.14726315117421,0.513809100243607,0.46872759540501036
2019-05-31,Turkey,480.47,0.0263,450.1731679217239,0.08338099821386837,True,477.78719,50.336505493675936,0.5164025359830368,2.8058186100491014
2019-06-30,Turkey,394.71,0.0236,458.24308459537093,0.048196184061838995,True,472.08668,44.70351986913594,0.40229395494487846,1.3660057685226032
2019-07-31,Turkey,347.7798,0.0236,459.526935991881,0.04897513752186679,True,472.08668,45.648598623884325,0.4021865989285972,0.5487000877117992
2019-08-31,Turkey,421.6099,0.0191,462.5319464682485,0.05221947564699511,True,462.58583,48.280640280440856,0.4066533596120572,0.6369264977307264
2019-09-30,Turkey,352.3398,0.0191,465.56962369050297,0.0464549734443397,True,462.58583,49.64601115395184,0.37044955207195795,1.2707305839660108
2019-10-31,Turkey,333.5198,0.0197,456.8748989190555,0.04464404467922981,True,463.85260999999997,41.89558685029233,0.39845334737533716,0.9403287845071369
2019-11-30,Turkey,313.45,0.0213,455.6563086624486,0.04171910570047993,True,467.23069,40.47471532262628,0.3864786616288315,1.0318141948658293
2019-12-31,Turkey,278.5,0.0213,454.82142800651263,0.04021643434722195,True,467.23069,39.09066614756064,0.3872919936178999,0.4201297121324613
2020-01-31,Turkey,239.82,0.0207,434.35753755245673,0.049914406108851124,True,452.20514095,35.46392784975218,0.3955738672684834,1.4944762823564535
2020-02-29,Turkey,373.4199,0.0181,423.97864072282886,0.08243790783565726,True,446.87784884999996,41.25094410397025,0.40577680031371577,4.077571392534991
2020-03-31,Turkey,486.9199,0.0181,362.6288447028035,0.15796031941010225,True,446.87784884999996,39.899087320244035,0.3456731801432111,14.913535326937525
2020-04-30,Turkey,594.6699,0.0126,369.2738678736481,0.15741705279746726,True,435.6085771,42.5513980254906,0.3479343475344716,14.816162811903569
2020-05-31,Turkey,550.47,0.0112,409.81526677573083,0.1353514380221395,True,432.74003519999997,53.929688662767354,0.3949596624430504,10.992933521921893
2020-06-30,Turkey,486.9998,0.0112,428.4213834082578,0.10398307467448283,True,432.74003519999997,53.65388050383049,0.3715658245347856,6.487788772842663
2020-07-31,Turkey,553.6787,0.0109,461.3547198304929,0.06094613166975863,True,432.12534765,58.83057919654337,0.3794944030774638,2.2283680061025595
2020-08-31,Turkey,523.0,0.0109,460.0254661988688,0.05514638361557614,True,432.12534765,55.91878336120128,0.3837819433078241,0.6668639871024125
2020-09-30,Turkey,539.6101,0.0113999999999999,450.4255009736559,0.059709814277932274,True,433.14982689999977,49.64320256284066,0.40479575370299453,2.1388541497431084
2020-10-31,Turkey,552.24,0.0134,392.5138227342541,0.13490627494419954,True,437.2477439,44.65807503825966,0.3798371325351184,10.865744796591631
2020-11-30,Turkey,380.72,0.0134,441.6525783839071,0.07026053679458147,True,437.2477439,47.58433454853113,0.3812636729394797,2.924743050499077
2020-12-31,Turkey,320.3601,0.0139999999999999,442.75715906616966,0.04804676217809006,True,438.4771189999998,40.39571199382635,0.4190303045701711,1.1562523645655316
2021-01-31,Turkey,307.48,0.0163,453.60033715512753,0.049539404938973595,True,457.9661499,40.11048996045198,0.404992345136616,1.472095997379077
2021-02-28,Turkey,316.23,0.0187999999999999,450.1347545345594,0.05550319166906618,True,463.25933239999983,39.27319605161367,0.37514936467485616,1.8480191835805522
2021-03-31,Turkey,455.8201,0.0187999999999999,438.5208120849552,0.0650628776318086,True,463.25933239999983,35.83150490332084,0.38453934419177793,2.499182126389179
2021-04-30,Turkey,414.3301,0.022,455.2037105829821,0.06937599779317835,True,470.03460600000005,47.59684578906203,0.48084508856158514,1.2247588712057655
2021-05-31,Turkey,406.1001,0.022,460.7142285267506,0.051249150960210446,True,470.03460600000005,46.09773253669529,0.4122782223784863,0.7378257936958166
2021-06-30,Turkey,375.73,0.0222,462.9006421026054,0.055714252117142864,True,470.4580606,49.1126134694284,0.4193452575523477,0.6776194714737536
2021-07-31,Turkey,377.5601,0.0187,466.9212485644467,0.05686504036526751,True,463.04760510000006,52.14607593818708,0.412192119126653,0.6856116203731558
2021-08-31,Turkey,364.1499,0.0187,467.63782992247695,0.05696885041495706,True,463.04760510000006,52.78522902307366,0.4102114528587129,0.7980024549600823
2021-09-30,Turkey,417.3301,0.0183,462.2707690998018,0.05132521030480472,True,462.2006959,46.99426077983137,0.40935972977672014,1.2616707661279745
2021-10-31,Turkey,443.52,0.0203,467.25833386424233,0.056706318718492264,True,466.43524190000005,52.735781673654444,0.40940601613162725,1.1670206182942497
2021-11-30,Turkey,493.4399,0.0203,390.0063201982484,0.14497778210772777,True,466.43524190000005,40.79990797032486,0.4851989968861671,12.612285700108849
2021-12-31,Turkey,559.5,0.019,460.2683027635286,0.0679591918909645,True,468.6165285,47.45284614949139,0.4804606013318173,1.871657677120359
2022-01-31,Turkey,531.1599,0.019,459.56032955748094,0.06715229718502841,True,468.6165285,46.66249230010605,0.4810104513823299,1.822849461692212
2022-02-28,Turkey,559.96,0.0215,443.68017389739543,0.08700032276283698,True,473.96603225,44.46318408268451,0.48384809282299873,4.504039506080967
2022-03-31,Turkey,581.9099,0.0231,427.58734259579495,0.10398307467448283,True,477.38971465000003,43.248990156679156,0.473235043925022,6.487788772842663
2022-04-30,Turkey,612.8799,0.0299,437.18367265590746,0.08867010951160471,True,491.94036485000004,43.0852950686714,0.371931561982161,4.717488053591592
2022-05-31,Turkey,703.3501,0.0299,440.2877887905569,0.0776948748666999,True,491.94036485000004,39.438878124673856,0.38004653039110603,3.6217990642251072
2022-06-30,Turkey,787.55,0.0326,,,False,497.71782890000003,37.44085891275628,0.37218873780420786,3.3474859995182285
2022-07-31,Turkey,816.0901,0.0335,431.29056918163855,0.06669033875674943,True,499.64365025000006,31.621594972316622,0.38688808661591306,2.627194197967079
2022-08-31,Turkey,739.3,0.0335,414.18716974668376,0.08532558111284165,True,499.64365025000006,31.196573526608336,0.3838248065179483,4.368279446037743
2022-09-30,Turkey,765.8,0.0382,388.08274598809385,0.09742980273614668,True,509.7007173,23.57385143393691,0.44732384932154157,5.695730774694284
2022-10-31,Turkey,654.25,0.0382,412.80691263492594,0.06994586875723303,True,509.7007173,23.464814194153565,0.41143667800738576,2.935262318474189
2022-11-30,Turkey,528.29,0.0428,410.3820697414108,0.06671090075391584,True,519.5438042000001,22.46386105854932,0.3560263419377501,2.617537713373099
2022-12-31,Turkey,506.8101,0.0387,422.07571251503845,0.05284595051266454,True,510.77061805,22.53006998291405,0.2894934423427857,1.6368248227597828
2023-01-31,Turkey,549.6899,0.0387,447.1299089642899,0.04630096294068421,True,537.3671688,22.403733149259192,0.2916076108513899,1.2450008004915414
2023-02-28,Turkey,571.1299,0.0381,452.42560066086384,0.038736466407244284,True,536.0164344,22.997235952824756,0.3044059751363446,0.8998332469063908
2023-03-31,Turkey,514.3999,0.0394,449.92262660551,0.04988933742508744,True,538.9430256,24.023136700781233,0.31936268770569387,1.4929749047870673
2023-04-30,Turkey,532.4399,0.038,464.75598066391865,0.03916514421138835,True,535.7913120000001,29.521140955275964,0.40834150590494567,0.9198728443930486
2023-05-31,Turkey,664.1799,0.038,455.906762273746,0.051390991134170276,True,535.7913120000001,28.774497315430796,0.40359274085411445,1.5447794800719385
2023-06-30,Turkey,481.96,0.0404,468.6534284638007,0.040751576097363115,True,541.1942496,33.3565990330308,0.43769954930852956,0.7177224183235064
2023-07-31,Turkey,384.48,0.0404,469.83878889551346,0.03455685625589822,True,541.1942496,32.31420531751406,0.40338804028127995,0.42841721785727715
2023-08-31,Turkey,380.78,0.0415,467.8237114088827,0.0334594206147426,True,543.670596,30.655988892233818,0.4068960450834826,0.3476492073565129
2023-09-30,Turkey,392.3301,0.0465,476.40366228313167,0.046593793547695876,True,554.9267159999999,42.92144332660267,0.413370592974191,0.6423973178235787
2023-10-31,Turkey,405.4099,0.0465,470.7628911104302,0.05467486135824812,True,554.9267159999999,41.80277745836036,0.4170631807652136,1.7594795448101133
2023-11-30,Turkey,332.5801,0.0513,470.8284238476026,0.04797407004760698,True,565.7325912,40.909957947721146,0.4123379275605811,1.3577120760514123
2023-12-31,Turkey,280.23,0.0432,469.7577969200576,0.045111604701539645,True,547.4976768,36.42897927472572,0.4431403164833097,0.9784262453482908
2024-01-31,Turkey,311.78,0.0432,508.42970204696604,0.042678480787480634,True,598.1872448,35.46183823107641,0.44603476226778344,1.0890149100682962
2024-02-29,Turkey,286.0,0.0438999999999999,509.7472980760621,0.04215659418844601,True,599.9090008499998,36.18836110834266,0.4462472102782494,0.5934613687808841
2024-03-31,Turkey,300.79,0.0446,511.56992935970453,0.04554839552522038,True,601.6307568999999,38.86802337351213,0.44750912564682804,0.3368185078991433
2024-04-30,Turkey,296.1299,0.0446,514.3847207068746,0.03885131222222117,True,601.6307568999999,38.80502819612001,0.41010035066353573,0.40095711311060883
2024-05-31,Turkey,259.2,0.0471,518.0642316742488,0.04968240078938094,True,607.77988565,46.13951848312224,0.4320767678156248,0.5238722618413199
2024-06-30,Turkey,271.3501,0.0454,524.1550315588113,0.05202127927309823,True,603.5984781,51.058212722599336,0.42173152471043046,0.34689147063356346
2024-07-31,Turkey,255.55,0.0454,524.0623686146814,0.0507911244432977,True,603.5984781,50.72395273319713,0.41808882210809706,0.7496655582247703
2024-08-31,Turkey,265.75,0.0425,529.5597025086166,0.05146594571588551,True,596.46548875,54.3790348373626,0.4070267681777008,0.7238520409178727
2024-09-30,Turkey,267.8701,0.0425,528.2616766198332,0.04914453581603126,True,596.46548875,54.286395947955874,0.25877295477883133,1.422469530704951
2024-10-31,Turkey,271.25,0.0409999999999999,515.8411407429072,0.07433970636641342,True,592.7760114999998,53.90160410835493,0.25573399852272777,3.3156955765523706
2024-11-30,Turkey,251.12,0.0463,530.987647552532,0.03779187560300684,True,605.81216445,53.7454247940094,0.2529923881940202,0.8564544425350917
2024-12-31,Turkey,257.6799,0.0463,531.6438583754422,0.029058321613191475,True,605.81216445,53.18557661300864,0.2078325680536376,0.5061019093010024
2015-01-31,UAE (Abu Dhabi),68.7,0.022,197.34951248961465,0.10710478945878155,True,228.096897,17.845119441975672,0.10564295188233555,6.883217345026881
2015-02-28,UAE (Abu Dhabi),69.18999,0.0233999999999999,196.93136877075975,0.09840872053553205,True,229.53534589999992,17.441853424324744,0.11134289267226645,5.758779539831991
2015-03-31,UAE (Abu Dhabi),67.20999,0.0233999999999999,201.4033225214978,0.0907703066430104,True,229.53534589999992,17.441853424324744,0.11134289267226645,4.9436356043553475
2015-04-30,UAE (Abu Dhabi),64.23,0.0241,217.94813339528497,0.04095327479585929,True,230.25457035000002,17.582610767940732,0.11094014721590671,0.984571317590502
2015-05-31,UAE (Abu Dhabi),63.73,0.0269,219.638454350245,0.035452957781528495,True,233.13146815000002,17.88858737301186,0.09122723368073063,0.7536519799067671
2015-06-30,UAE (Abu Dhabi),60.25999,0.0269,218.55230100613815,0.03306760441931172,True,233.13146815000002,17.88924443636873,0.09122723360522302,0.6555709085060676
2015-07-31,UAE (Abu Dhabi),56.79999,0.0277,217.44893644060835,0.04619292229843152,True,233.95343895000002,18.11687089185767,0.08717441009226236,1.2798493596458795
2015-08-31,UAE (Abu Dhabi),64.71999,0.0277,204.6782472180133,0.09297250018887478,True,233.95343895000002,18.11687089185767,0.08611960998896127,5.186451655297059
2015-09-30,UAE (Abu Dhabi),66.56999,0.0255,210.68061122141657,0.06415314725581604,True,231.69301925000002,17.71386149557264,0.0911976438108889,2.46911863862289
2015-10-31,UAE (Abu Dhabi),75.15999,0.025,215.15084682454818,0.05405111976186565,True,231.17928750000002,18.307537765800184,0.07797939009361417,1.752557485191959
2015-11-30,UAE (Abu Dhabi),78.60999,0.025,208.59534097514708,0.07225447385103123,True,231.17928750000002,18.307537765800184,0.060386127908457266,3.1322603344023494
2015-12-31,UAE (Abu Dhabi),89.07999,0.0269,208.6362919428785,0.06733686681677375,True,233.13146815000002,18.46470264900716,0.06100050021256536,2.7203299192815336
2016-01-31,UAE (Abu Dhabi),127.27,0.0249,233.43623256946418,0.11710467416744376,True,283.78725375,18.474733399124116,0.053365486729214005,8.228645440637633
2016-02-29,UAE (Abu Dhabi),121.87,0.0249,233.82274318686467,0.1115088083777509,True,283.78725375,18.473376358972736,0.045684748795266183,7.460964622366987
2016-03-31,UAE (Abu Dhabi),91.17,0.022,254.51603558566333,0.06532520625645423,True,280.127925,19.30728233658679,0.05979319567511565,2.560185045728421
2016-04-30,UAE (Abu Dhabi),93.37999,0.0220999999999999,259.3414009098603,0.055584680143787604,True,280.2541087499999,19.50336874424333,0.059812716508057646,1.8534513666232515
2016-05-31,UAE (Abu Dhabi),96.29999,0.0220999999999999,262.36777968761174,0.044475203868284977,True,280.2541087499999,19.501936098606212,0.05960007056794399,1.1863909953952416
2016-06-30,UAE (Abu Dhabi),99.98999,0.0222,262.3115645683328,0.04449806057474335,True,280.3802925,19.62025713141365,0.05911349054333765,1.1876113463235816
2016-07-31,UAE (Abu Dhabi),87.21999,0.0182,261.97246034794034,0.051770851425213205,True,275.3329425,19.912818613145692,0.05934931979127358,1.60775588419445
2016-08-31,UAE (Abu Dhabi),78.81999,0.0182,263.6369545945958,0.047818575984984,True,275.3329425,19.912818613145692,0.05934931979127358,1.3715601776873652
2016-09-30,UAE (Abu Dhabi),74.39,0.0202,264.5920824945883,0.04735978738071024,True,277.8566175,19.999277915337778,0.04964110602367921,1.345356490003473
2016-10-31,UAE (Abu Dhabi),70.45999,0.0202,262.6414736844684,0.051462105687035783,True,277.8566175,19.999277915337778,0.04367224798383988,1.5886295870257316
2016-11-30,UAE (Abu Dhabi),70.42999,0.0217,260.44158785232224,0.06042657745718927,True,279.74937375,19.643691111075913,0.05017366061272609,2.1905269301744736
2016-12-31,UAE (Abu Dhabi),66.98,0.0283999999999999,267.2529365440261,0.030352828252456474,True,288.2036849999999,19.270388445465468,0.05589784267216522,0.5522531945461594
2017-01-31,UAE (Abu Dhabi),62.01999,0.0283999999999999,280.7138061301554,0.031178350273211582,True,304.2872703999999,19.270388445465468,0.05593243660728855,0.5827346328402941
2017-02-28,UAE (Abu Dhabi),49.89,0.0275,281.5901655618902,0.02293114368898967,True,303.08824000000004,19.268914064928243,0.05593265054501047,0.30828442719601895
2017-03-31,UAE (Abu Dhabi),44.79999,0.0283,282.76143943828487,0.025478056836274545,True,304.1540448,20.151486696803275,0.056435827511520695,0.3889328345398172
2017-04-30,UAE (Abu Dhabi),42.70999,0.0266999999999999,282.498863373434,0.02683973602331775,True,302.0224351999999,19.85686549445113,0.05871472297300175,0.43168280050536667
2017-05-31,UAE (Abu Dhabi),39.67,0.0266999999999999,281.3544379965079,0.03282147821016215,True,302.0224351999999,19.85686549445113,0.058712625597159916,0.6458393391203243
2017-06-30,UAE (Abu Dhabi),54.95,0.0254,284.1669647577123,0.02705861133233132,True,300.29050240000004,21.685152863775738,0.10483099481731528,0.4387619939679188
2017-07-31,UAE (Abu Dhabi),55.95999,0.0254,284.20132620538806,0.03036913890361862,True,300.29050240000004,21.684356378525305,0.10488322353226823,0.5528475259683489
2017-08-31,UAE (Abu Dhabi),55.53999,0.0265,282.6736837787326,0.027650522883812863,True,301.755984,20.331641307451086,0.1270733036417749,0.4581944734322466
2017-09-30,UAE (Abu Dhabi),63.12999,0.0253,283.5295061743608,0.024446826750186258,True,300.15727680000003,20.250105404218736,0.1271614199551143,0.35803811936115065
2017-10-31,UAE (Abu Dhabi),63.84,0.0253,283.4747936535456,0.022848869294892254,True,300.15727680000003,20.250105404218736,0.1271614199551143,0.30326631414014066
2017-11-30,UAE (Abu Dhabi),66.48999,0.0265,283.4244679554298,0.023663358909123147,True,301.755984,20.38604349527819,0.12552606103779404,0.3252498175596807
2017-12-31,UAE (Abu Dhabi),61.06999,0.026,286.27302776272273,0.018083657655302655,True,301.08985600000005,22.284359009996788,0.14902482363593186,0.19563837047580643
2018-01-31,UAE (Abu Dhabi),51.92,0.026,338.9775022644846,0.019010377225108857,True,361.624295,22.283540546799777,0.14902808399844777,0.21626669571252263
2018-02-28,UAE (Abu Dhabi),56.25,0.0273,336.50133148504443,0.025072146648518097,True,363.70443475,21.568045206115965,0.15535415737366945,0.3615679259747751
2018-03-31,UAE (Abu Dhabi),60.28999,0.0297,336.6790071199033,0.022209691370031835,True,367.54469275,21.968680265208448,0.15097617721761478,0.29540325356595837
2018-04-30,UAE (Abu Dhabi),62.60999,0.0297,336.6320358634337,0.02644996319060788,True,367.54469275,21.967873366132725,0.1493549954717738,0.41921854353304006
2018-05-31,UAE (Abu Dhabi),61.67999,0.0296,336.36687916750884,0.025959381429107746,True,367.384682,21.875867269938684,0.14967172644376103,0.38977994753400685
2018-06-30,UAE (Abu Dhabi),66.62,0.0298,337.6632723089274,0.02491670004910467,True,367.7047035,22.600564736689233,0.1256757304362325,0.37195681399376673
2018-07-31,UAE (Abu Dhabi),63.2,0.0298,337.31158108127704,0.02450929029433174,True,367.7047035,22.600564736689233,0.12567462552792563,0.3461353462280432
2018-08-31,UAE (Abu Dhabi),62.04999,0.0297,336.5963970945938,0.022149102313932495,True,367.54469275,21.85026021684835,0.1104327818297752,0.2937904351497556
2018-09-30,UAE (Abu Dhabi),61.26999,0.0308,336.24365905792473,0.02480087483037771,True,369.30481100000003,22.004556837842156,0.10989040103839577,0.3541555298477417
2018-10-31,UAE (Abu Dhabi),68.81999,0.0308,335.0734415914277,0.02921531300498982,True,369.30481100000003,22.003748621037147,0.10989293189111661,0.5115917470113821
2018-11-30,UAE (Abu Dhabi),69.21999,0.0327,295.1541406125316,0.09860504631281894,True,372.34501525,22.97455690883214,0.11571166319699877,5.833983190442014
2018-12-31,UAE (Abu Dhabi),69.32999,0.0327,313.2596907379454,0.08451767302414123,True,372.34501525,22.975400784269056,0.07717263722034212,4.285937368881799
2019-01-31,UAE (Abu Dhabi),63.82999,0.0298,349.7458632666533,0.037831655439727475,True,385.55464830000005,23.091959639298754,0.07715494790902798,0.8582596682354521
2019-02-28,UAE (Abu Dhabi),61.53,0.0289,351.28340325863877,0.029452281398155117,True,384.04464315,23.19610761487099,0.06668656087894523,0.5199343247912743
2019-03-31,UAE (Abu Dhabi),61.75999,0.0279999999999999,354.8437332157275,0.024340619773745766,True,382.53463799999986,23.979650875131146,0.07117261011228113,0.35492874728972557
2019-04-30,UAE (Abu Dhabi),58.2,0.0279999999999999,354.09195304811055,0.027966125605010102,True,382.53463799999986,23.979650875131146,0.07116848955548827,0.46872759540501036
2019-05-31,UAE (Abu Dhabi),61.84999,0.0263,337.56109012502856,0.0688569059879305,True,379.68240605000005,26.758897689197088,0.12317518607338337,2.8058186100491014
2019-06-30,UAE (Abu Dhabi),60.67,0.0236,349.77936138402714,0.047721694710906586,True,375.15239060000005,25.34588198479941,0.14042725373197623,1.3660057685226032
2019-07-31,UAE (Abu Dhabi),49.25,0.0236,355.116155143261,0.030804584113945228,True,375.15239060000005,25.34588198479941,0.14042725373197623,0.5487000877117992
2019-08-31,UAE (Abu Dhabi),47.92999,0.0191,356.0637683514697,0.03259442834212914,True,367.60236485,25.292171221188728,0.13315664961326487,0.6369264977307264
2019-09-30,UAE (Abu Dhabi),52.34,0.0191,349.24080641211526,0.04664766138693512,True,367.60236485,25.292171221188728,0.13363880060975,1.2707305839660108
2019-10-31,UAE (Abu Dhabi),47.23999,0.0197,352.06676399729116,0.03959794212459762,True,368.60903495,25.06541367093189,0.1347871347799859,0.9403287845071369
2019-11-30,UAE (Abu Dhabi),42.07999,0.0213,351.57771862431906,0.042088336215001056,True,371.29348855,25.64154262113369,0.13093434644379576,1.0318141948658293
2019-12-31,UAE (Abu Dhabi),35.75999,0.0213,357.56519457624375,0.026478650952136546,True,371.29348855,25.64154262113369,0.1309371411361048,0.4201297121324613
2020-01-31,UAE (Abu Dhabi),40.70999,0.0207,385.9672531759159,0.049914406108851124,True,417.98450245000004,25.81150108546517,0.1308935952545901,1.4944762823564535
2020-02-29,UAE (Abu Dhabi),47.49001,0.0181,364.9826754981607,0.08296226633235079,True,413.06035335,26.389467740113624,0.13137934119496789,4.077571392534991
2020-03-31,UAE (Abu Dhabi),111.91,0.0181,317.47296504250016,0.15764974079034422,True,413.06035335,26.389467740113624,0.12936497062703703,14.913535326937525
2020-04-30,UAE (Abu Dhabi),126.6,0.0126,311.97306005854347,0.15713426036715425,True,402.64388410000004,27.91959531065404,0.13758937095306098,14.816162811903569
2020-05-31,UAE (Abu Dhabi),94.57001,0.0112,334.78116536686406,0.1353514380221395,True,399.99241920000003,28.82208543526217,0.09229459344032219,10.992933521921893
2020-06-30,UAE (Abu Dhabi),74.91974,0.0112,363.58788860384817,0.10398307467448283,True,399.99241920000003,28.82208543526217,0.06563076409255152,6.487788772842663
2020-07-31,UAE (Abu Dhabi),54.90273,0.0109,392.4232055343999,0.06094613166975863,True,399.42424815000004,29.713642672037796,0.06725751444281164,2.2283680061025595
2020-08-31,UAE (Abu Dhabi),47.64,0.0109,403.7586519853473,0.03335094670522651,True,399.42424815000004,29.713642672037796,0.06676025846920325,0.6668639871024125
2020-09-30,UAE (Abu Dhabi),56.10001,0.0113999999999999,391.69020949407036,0.059709814277932274,True,400.37119989999985,28.8433985587129,0.07881151016247434,2.1388541497431084
2020-10-31,UAE (Abu Dhabi),50.57001,0.0134,329.71441893871935,0.13456619189481087,True,404.1590069,29.80287824098719,0.07833139500771905,10.865744796591631
2020-11-30,UAE (Abu Dhabi),39.16,0.0134,386.19240956931793,0.06982044741611858,True,404.1590069,29.80287824098719,0.0789985678221036,2.924743050499077
2020-12-31,UAE (Abu Dhabi),39.56,0.0139999999999999,397.3890281470033,0.043906943445514955,True,405.2953489999998,29.89074138218539,0.0785426300120001,1.1562523645655316
2021-01-31,UAE (Abu Dhabi),41.55,0.0163,421.6759976109286,0.049539404938973595,True,444.84604079999997,28.647750451083322,0.0961180946466445,1.472095997379077
2021-02-28,UAE (Abu Dhabi),41.58,0.0187999999999999,422.54022538583257,0.05550319166906618,True,449.98758079999976,28.452511280232486,0.09606120237842515,1.8480191835805522
2021-03-31,UAE (Abu Dhabi),45.53999,0.0187999999999999,417.05712673063107,0.06454242913096152,True,449.98758079999976,28.452511280232486,0.09606120237842515,2.499182126389179
2021-04-30,UAE (Abu Dhabi),47.53,0.022,424.1799721461486,0.045188287634409324,True,456.568752,28.5057923915187,0.07900449264659933,1.2247588712057655
2021-05-31,UAE (Abu Dhabi),45.50999,0.022,430.73706134682493,0.03507903791576581,True,456.568752,28.5057923915187,0.07187353938815713,0.7378257936958166
2021-06-30,UAE (Abu Dhabi),45.53,0.0222,431.8780457150024,0.03361858064044478,True,456.9800752,28.116266166926415,0.07298980692569407,0.6776194714737536
2021-07-31,UAE (Abu Dhabi),45.56,0.0187,431.5078006774228,0.03381608142319716,True,449.7819192,27.389969645276228,0.0671964566547798,0.6856116203731558
2021-08-31,UAE (Abu Dhabi),45.56,0.0187,426.6709692482415,0.03648039761088352,True,449.7819192,27.389969645276228,0.0671964566547798,0.7980024549600823
2021-09-30,UAE (Abu Dhabi),44.61,0.0183,421.73776554954554,0.04586384874472039,True,448.9592728,26.740167227095316,0.06528390686581573,1.2616707661279745
2021-10-31,UAE (Abu Dhabi),44.63,0.0203,426.35241272704724,0.044110818176247485,True,453.0725048,27.12215913812583,0.05501641338772351,1.1670206182942497
2021-11-30,UAE (Abu Dhabi),44.87,0.0203,335.0765714951076,0.14497778210772777,True,453.0725048,27.12215913812583,0.05501641338772351,12.612285700108849
2021-12-31,UAE (Abu Dhabi),44.61,0.019,457.35918456684834,0.055856927090811664,True,493.48627799999997,27.891199327042777,0.06513067450817281,1.871657677120359
2022-01-31,UAE (Abu Dhabi),47.57001,0.019,448.2516861932118,0.055124047148251455,True,493.48627799999997,27.891199327042777,0.051426253057996564,1.822849461692212
2022-02-28,UAE (Abu Dhabi),53.46001,0.0215,426.87416795920245,0.0866411573100491,True,499.11968299999995,27.343960565073058,0.0542543686606428,4.504039506080967
2022-03-31,UAE (Abu Dhabi),48.42,0.0231,401.5445415295293,0.10445466920926351,True,502.72506219999997,27.76146725276387,0.05729442147588684,6.487788772842663
2022-04-30,UAE (Abu Dhabi),55.13,0.0299,433.22480232228764,0.08867010951160471,True,518.0479238,29.658449171841813,0.08920244090983266,4.717488053591592
2022-05-31,UAE (Abu Dhabi),63.16,0.0299,442.07066381855054,0.0776948748666999,True,518.0479238,29.658449171841813,0.08920244090983266,3.6217990642251072
2022-06-30,UAE (Abu Dhabi),62.13,0.0326,435.8895911596081,0.07469517135439013,True,524.1320012,28.090104789073212,0.10541998531592466,3.3474859995182285
2022-07-31,UAE (Abu Dhabi),63.14999,0.0335,445.2306658973363,0.0661743831472139,True,526.160027,29.830389857066514,0.11681488105800233,2.627194197967079
2022-08-31,UAE (Abu Dhabi),48.67,0.0335,424.7292663589048,0.08585872858234614,True,526.160027,29.830389857066514,0.11681488105800233,4.368279446037743
2022-09-30,UAE (Abu Dhabi),58.16,0.0382,424.49983057742185,0.09742980273614668,True,536.7508284,30.30360852350479,0.11192224917624041,5.695730774694284
2022-10-31,UAE (Abu Dhabi),59.10001,0.0382,446.80114276983875,0.06994586875723303,True,536.7508284,30.30360852350479,0.11230068359234106,2.935262318474189
2022-11-30,UAE (Abu Dhabi),46.24001,0.0428,442.74154169019124,0.0660526841144632,True,547.1162936,29.768956343223426,0.11527048694085447,2.617537713373099
2022-12-31,UAE (Abu Dhabi),45.16,0.0387,459.4102405375627,0.052236601734872386,True,537.8775094,33.555332777531646,0.1604792181897499,1.6368248227597828
2023-01-31,UAE (Abu Dhabi),43.19,0.0387,457.62785767199836,0.04617655126309699,True,529.80073685,33.551635766959045,0.16049079550421186,1.2450008004915414
2023-02-28,UAE (Abu Dhabi),42.00999,0.0381,463.94679540189003,0.03873646640724427,True,528.46902155,34.48063196117912,0.15606899526149665,0.8998332469063908
2023-03-31,UAE (Abu Dhabi),42.34,0.0394,462.89183745495194,0.04988933742508744,True,531.3544047,36.91061498146025,0.16333733548784907,1.4929749047870673
2023-04-30,UAE (Abu Dhabi),42.85001,0.038,467.8279572997131,0.03967873020040965,True,528.247069,38.29892382311162,0.1575874666012198,0.9198728443930486
2023-05-31,UAE (Abu Dhabi),42.21001,0.038,461.2343962110053,0.05074716699862807,True,528.247069,38.30033027053271,0.1575820544903743,1.5447794800719385
2023-06-30,UAE (Abu Dhabi),36.96001,0.0404,470.4355851034442,0.0350505871007655,True,533.5739302,39.278042296808586,0.1342840677028503,0.7177224183235064
2023-07-31,UAE (Abu Dhabi),36.07001,0.0404,472.559214851704,0.026942719205913426,True,533.5739302,39.27948495947716,0.13200056771208254,0.42841721785727715
2023-08-31,UAE (Abu Dhabi),36.64999,0.0415,471.9935598264357,0.02409014091114943,True,536.0154082500001,37.855322463319816,0.14365146936310774,0.3476492073565129
2023-09-30,UAE (Abu Dhabi),39.75999,0.0465,465.41324094599946,0.0327339812171707,True,547.11303575,35.941524516931,0.16067007333560837,0.6423973178235787
2023-10-31,UAE (Abu Dhabi),50.75999,0.0465,456.0964412328015,0.05415772070138442,True,547.11303575,35.94020440199635,0.16067362352171,1.7594795448101133
2023-11-30,UAE (Abu Dhabi),41.16,0.0513,454.1899115203901,0.04757666701972046,True,557.76675815,35.685615537430614,0.15869297815653602,1.3577120760514123
2023-12-31,UAE (Abu Dhabi),41.25,0.0432,468.14797350852234,0.04039163244626438,True,539.7886016,39.02002089814286,0.13844801485265978,0.9784262453482908
2024-01-31,UAE (Abu Dhabi),44.14999,0.0432,507.91375770573774,0.04261188589271046,True,592.5268864000002,39.018587765108286,0.13844069318121446,1.0890149100682962
2024-02-29,UAE (Abu Dhabi),37.75,0.0438999999999999,511.9424456179989,0.03146370824464754,True,594.2323502999999,38.716171334078474,0.13881391573108381,0.5934613687808841
2024-03-31,UAE (Abu Dhabi),36.28999,0.0446,517.2663993336286,0.023712575353725774,True,595.9378142000002,41.90941208914706,0.14427652522006396,0.3368185078991433
2024-04-30,UAE (Abu Dhabi),47.21001,0.0446,516.2403126019574,0.025868302256963807,True,595.9378142000002,41.904794654993985,0.14162992695252868,0.40095711311060883
2024-05-31,UAE (Abu Dhabi),38.27,0.0471,514.8308656825517,0.02956347741074904,True,602.0287567000001,41.934351481847735,0.1415930868806371,0.5238722618413199
2024-06-30,UAE (Abu Dhabi),43.17999,0.0454,516.207564875515,0.02406391842455916,True,597.8869158000001,41.31572403182655,0.1418126836350221,0.34689147063356346
2024-07-31,UAE (Abu Dhabi),38.27,0.0454,513.0339611763334,0.035359144530092486,True,597.8869158000001,41.31572403182655,0.1418138688579659,0.7496655582247703
2024-08-31,UAE (Abu Dhabi),42.14999,0.0425,513.9434638659865,0.03525522449370913,True,590.8214225000002,41.959926359422674,0.13473404164204172,0.7238520409178727
2024-09-30,UAE (Abu Dhabi),40.31,0.0425,,,False,590.8214225000002,41.95838524911033,0.1183325698695445,1.422469530704951
2024-10-31,UAE (Abu Dhabi),45.17,0.0409999999999999,490.682278482007,0.07433970636692597,True,587.1668569999999,41.6303377504136,0.11951618631996826,3.3156955765523706
2024-11-30,UAE (Abu Dhabi),39.78999,0.0463,510.29810920212964,0.03779187560300684,True,600.0796551000001,41.583100818294525,0.11860658950376918,0.8564544425350917
2024-12-31,UAE (Abu Dhabi),44.21001,0.0463,514.866567982959,0.029058321613191475,True,600.0796551000001,41.583100818294525,0.08438857611313029,0.5061019093010024
