date,SPX_Index,MXEF_Index,VIX_Index,MOVE_Index,DXY_Curncy,JPEIDIVR_Index,USGG10YR_Index,USGG2YR_Index,USGG30YR_Index,r_SPX_Index,r_MXEF_Index,r_VIX_Index,r_MOVE_Index,r_DXY_Curncy,r_JPEIDIVR_Index,d_USGG10YR_Index,d_USGG2YR_Index,d_USGG30YR_Index
2000-01-07,1441.47,492.1,21.72,98.89,100.72,171.98,6.515,6.308,6.546,,,,,,,,,
2000-01-14,1465.15,515.63,19.66,97.81,101.72,171.44,6.679,6.43,6.697,0.016294200080897,0.0467075061396942,-0.0996473803467142,-0.0109812999794983,0.00987955081782754,-0.00314483981742875,0.164000000000001,0.122,0.151
2000-01-21,1441.36,507.49,20.82,94.61,101.81,171.74,6.765,6.458,6.695,-0.0163705139808172,-0.0159124477233172,0.0573279484678024,-0.0332636425860482,0.000884390565185633,0.00174835407901686,0.0859999999999994,0.0280000000000005,-0.00199999999999978
2000-01-28,1360.16,499.05,26.14,96.6,104.48,170.88,6.658,6.557,6.452,-0.0579847724383962,-0.0167707151557144,0.227552645009253,0.0208155625021194,0.025887334409016,-0.00502014947250817,-0.106999999999999,0.0990000000000002,-0.243
2000-02-04,1424.37,515.43,21.54,102.58,104.29,173.54,6.549,6.618,6.271,0.0461272708131988,0.0322952126093901,-0.193555036467833,0.0600642407426495,-0.00182018539499929,0.0154465645935131,-0.109,0.0609999999999999,-0.181
2000-02-11,1387.12,529.45,24.42,118.86,104.1,175.2,6.604,6.645,6.269,-0.0264999554458303,0.026837228134478,0.125490796954316,0.147303347977393,-0.00182350451219815,0.0095200581369479,0.0549999999999997,0.0269999999999992,-0.00199999999999978
2000-02-18,1346.09,518.6,26,106.07,104.63,176.1,6.489,6.638,6.158,-0.0300255614825469,-0.0207058587718993,0.0626940693389235,-0.113847076421136,0.00507834177203215,0.00512383699986874,-0.115,-0.00699999999999967,-0.111
2000-02-25,1333.36,505.52,25.2,101.13,105.26,177.24,6.326,6.395,6.129,-0.00950202151994972,-0.0255452706393644,-0.0312525435041047,-0.0476924356032997,0.00600316253267774,0.00645273082912912,-0.163,-0.243,-0.0290000000000008
2000-03-03,1409.17,516.31,19.21,111.68,106,179.93,6.388,6.495,6.132,0.0552988063321296,0.0211197578169919,-0.271413017736912,0.099230821099983,0.00700561418643364,0.0150631400331385,0.0620000000000003,0.100000000000001,0.00300000000000011
2000-03-10,1395.07,518.63,21.24,94.85,105.71,181.57,6.383,6.537,6.176,-0.0100562853580488,0.00448335920168752,0.100455219593273,-0.163340942633039,-0.00273959833149551,0.00907336791814828,-0.00499999999999989,0.0419999999999998,0.0440000000000005
2000-03-17,1464.47,499.91,22.37,100.52,105.2,181.55,6.194,6.485,6,0.0485488090428694,-0.0367626372636316,0.0518345791283004,0.0580600162943679,-0.00483619547696179,-0.000110156422231,-0.189,-0.0519999999999996,-0.176
2000-03-24,1527.46,514.12,23.31,101.67,104.77,182.8,6.191,6.624,5.986,0.0421128228726273,0.0280286190216836,0.0411616775456274,0.0113755616116791,-0.00409582893873584,0.00686156115970515,-0.00300000000000011,0.138999999999999,-0.0140000000000002
2000-03-31,1498.58,499.4,24.11,102.31,105.44,181.24,6.004,6.479,5.828,-0.0190882320717467,-0.0290493233962579,0.0337442391454141,0.0062751456037784,0.00637459938932317,-0.00857053922111284,-0.187,-0.145,-0.157999999999999
2000-04-07,1516.35,500.3,24.39,106.45,105.97,179.79,5.853,6.366,5.709,0.0117881382164251,0.00180054064848623,0.0115465200347491,0.0396679714486403,0.00501396443254798,-0.00803261666073318,-0.151,-0.113,-0.119000000000001
2000-04-14,1356.56,464.27,33.49,106.93,105.47,178.33,5.85,6.235,5.776,-0.111354047669304,-0.0747416389523297,0.317073674578285,0.00449902342907649,-0.00472948289822206,-0.00815373667378161,-0.00300000000000011,-0.130999999999999,0.0670000000000002
2000-04-21,1434.54,450.56,25.85,123.75,107.45,178.04,5.987,6.362,5.827,0.0558921567140249,-0.0299750260122069,-0.258936285851675,0.146088986680234,0.018599070799997,-0.00162752231676855,0.137,0.127,0.0510000000000002
2000-04-28,1452.43,451.36,26.2,104.44,110.14,177.76,6.212,6.676,5.96,0.0123937754807768,0.00177399372406306,0.0134488098126129,-0.169650657617871,0.0247266607458156,-0.00157391825633368,0.225,0.314,0.133
2000-05-05,1432.63,446.25,27.53,103.83,111.31,173.15,6.505,6.824,6.188,-0.0137260998860507,-0.0113859141598374,0.0495169083874649,-0.00585779751556625,0.0105668176707994,-0.0262760550428895,0.293,0.148,0.228
2000-05-12,1420.96,431.91,26.05,108.99,109.9,170.13,6.512,6.897,6.201,-0.00817921639742902,-0.0326620998874745,-0.05525855095514,0.048501188585858,-0.0127482400955588,-0.0175954201543842,0.00699999999999967,0.0730000000000004,0.0129999999999999
2000-05-19,1406.95,425.34,25.44,110.17,111.47,170.57,6.494,6.84,6.206,-0.00990845862994583,-0.0153283841113927,-0.0236950297274547,0.0107684924507536,0.0141846349919561,0.00258291895873519,-0.0179999999999998,-0.0570000000000004,0.00500000000000078
2000-05-26,1378.02,410.21,24.47,108.89,109.12,171.48,6.331,6.672,6.059,-0.0207765546238692,-0.0362196254018246,-0.0388748610173413,-0.011686428994004,-0.0213073023063801,0.00532087207699483,-0.162999999999999,-0.168,-0.147
2000-06-02,1477.26,448.7,21.48,103.78,108.12,178.1,6.152,6.51,5.945,0.0695413342814062,0.0896852892887807,-0.130325607813916,-0.0480649244183757,-0.00920647268690544,0.0378785485658399,-0.179,-0.162,-0.114
2000-06-09,1456.95,453.12,22.14,98.23,106.99,179.25,6.126,6.542,5.895,-0.0138438110213359,0.00980247808336276,0.0302636576398267,-0.0549616062528155,-0.0105063492577315,0.00643628918411299,-0.0259999999999998,0.032,-0.0500000000000007
2000-06-16,1464.46,443.93,20.5,102.64,105.96,180.67,5.971,6.35,5.869,0.0051413643021947,-0.0204900987200078,-0.0769610411361281,0.0439160526206024,-0.00967370774664644,0.00789068330610654,-0.155,-0.192,-0.0259999999999998
2000-06-23,1441.48,439.09,22.34,92.95,108.1,179.44,6.185,6.539,6.041,-0.0158162102727886,-0.010962488892563,0.085953907496692,-0.099166006139928,0.0199950602412935,-0.00683127257388261,0.214,0.189,0.172000000000001
2000-06-30,1454.6,445.52,19.54,100.69,106.84,181.57,6.031,6.362,5.896,0.00906058517458508,0.014537735828684,-0.133915147026418,0.0799847757600709,-0.0117243364034021,0.0118003640706226,-0.154,-0.177,-0.145
2000-07-07,1478.9,451.7,19.22,96.62,107.65,183.39,6.001,6.276,5.869,0.0165676194522835,0.0137761033791453,-0.0165122430724902,-0.0412607308012634,0.00755283556861208,0.00997377842616753,-0.0299999999999994,-0.0860000000000003,-0.0270000000000001
2000-07-14,1509.98,454.95,19.32,101.11,108.45,184.32,6.096,6.395,5.876,0.0207978375154179,0.0071692801421408,0.00518942524222554,0.0454232739770477,0.00740401346251129,0.00505834479878331,0.0949999999999998,0.119,0.00700000000000056
2000-07-21,1480.19,442.43,18.94,96.65,108.44,185.6,5.998,6.324,5.789,-0.0199259477914016,-0.0279052629587993,-0.0198647410264399,-0.0451128274489685,-9.22126424187653e-05,0.00692044284457349,-0.0979999999999999,-0.0709999999999997,-0.0870000000000006
2000-07-28,1419.89,421.13,20.84,90.1,109.74,186.51,6.034,6.28,5.785,-0.0415910540907181,-0.0493406852283309,0.0955981291272341,-0.0701760410400478,0.0119169070003649,0.00489103659725565,0.0359999999999996,-0.0439999999999996,-0.00399999999999956
2000-08-04,1462.93,423.5,18.62,86.05,110.85,188.67,5.901,6.135,5.708,0.0298618701794515,0.00561193947654015,-0.112637945036245,-0.0459916419567437,0.0100640044314906,0.0115146002741655,-0.133,-0.145,-0.077
2000-08-11,1471.84,425.76,18.55,89.78,111.21,190.34,5.79,6.244,5.706,0.00607204474337397,0.00532229313726962,-0.00376648279547709,0.0424337106962378,0.00324236976843029,0.00881248942067625,-0.111,0.109,-0.00199999999999978
2000-08-18,1491.72,429.85,17.05,84.06,111.01,189.41,5.773,6.252,5.69,0.0134164978627771,0.00956050339107417,-0.0843195853239185,-0.0658314037768149,-0.00180001848619504,-0.00489796897554751,-0.0170000000000003,0.00800000000000001,-0.016
2000-08-25,1506.45,426.79,16.53,80.38,111.35,191.63,5.729,6.197,5.669,0.00982607291583282,-0.00714422164541517,-0.0309732918965926,-0.0447654405559161,0.00305810635882153,0.011652451811754,-0.0439999999999996,-0.0549999999999997,-0.0210000000000008
2000-09-01,1520.77,423.72,17.53,75.81,111.42,193.21,5.679,6.078,5.661,0.00946089601243472,-0.00721922924674256,0.05873678710021,-0.0585351789528428,0.000628450889292864,0.00821125079288798,-0.0499999999999998,-0.119,-0.00800000000000001
2000-09-08,1494.5,419.29,18.46,77.86,114.34,192.65,5.739,6.094,5.7,-0.0174250827958993,-0.0105100551085737,0.0516925301415632,0.0266821321140975,0.0258696212431557,-0.00290260920112573,0.0599999999999996,0.016,0.0390000000000006
2000-09-15,1465.81,405.85,18.52,86.6,116.1,190.52,5.84,6.067,5.9,-0.0193837120423881,-0.0325791714125367,0.00324500014332685,0.106387473386079,0.0152754228680205,-0.011117895139507,0.101,-0.0270000000000001,0.2
2000-09-22,1448.72,377.62,20.74,86.71,113.82,188.38,5.848,6.083,5.913,-0.0117275827485175,-0.0720952342367989,0.113212973583348,0.00126940182067958,-0.019833635528868,-0.0112959765379879,0.00800000000000001,0.016,0.0129999999999999
2000-09-29,1436.51,386.03,20.57,85.23,113.25,190.68,5.802,5.979,5.885,-0.00846384717354543,0.02202668768164,-0.00823049913651541,-0.0172157328548623,-0.00502048881183459,0.0121354309419539,-0.0460000000000003,-0.104,-0.0280000000000005
2000-10-06,1408.99,383.29,22.71,82.81,114.85,190.91,5.812,5.969,5.837,-0.0193434251181266,-0.00712320383099652,0.0989716524526014,-0.0288046574885978,0.0140291647719639,0.00120548246994279,0.0100000000000007,-0.00999999999999979,-0.048
2000-10-13,1374.17,355.18,27.6,79.23,115.86,187.38,5.724,5.857,5.804,-0.0250232231661602,-0.07616717959458,0.195010416605637,-0.0441938120684577,0.00875563653337075,-0.0186634722835262,-0.0880000000000001,-0.112,-0.0329999999999995
2000-10-20,1396.93,358.51,24.24,88.89,117.16,185.83,5.632,5.829,5.727,0.0164270591533482,0.00933185042698437,-0.129811611521991,0.115044635276433,0.0111579562910542,-0.00830636323748291,-0.0920000000000005,-0.0280000000000005,-0.077
2000-10-27,1379.58,357.06,26.47,84.59,117.39,185.12,5.713,5.93,5.741,-0.0124978666266387,-0.00405271876861857,0.0880078550378962,-0.0495835939376601,0.00196120293089841,-0.00382801384019249,0.0810000000000004,0.101,0.0139999999999993
2000-11-03,1426.69,369.45,23.67,85.23,114.97,187.15,5.827,5.932,5.859,0.0335779709122113,0.0341115783498411,-0.111803592713117,0.00753742821828318,-0.0208305001247817,0.0109061709050717,0.114,0.00200000000000067,0.118
2000-11-10,1365.98,365.18,28.53,82.94,115.79,185.63,5.783,5.89,5.869,-0.0434849561790589,-0.0116250305260692,0.186747741699516,-0.0272360297159713,0.00710698085853245,-0.00815498912930668,-0.0439999999999996,-0.0420000000000007,0.00999999999999979
2000-11-17,1367.72,353.97,24.81,85.71,117.31,187.92,5.704,5.873,5.776,0.00127300013533116,-0.03117821892865,-0.139709367521699,0.032852050092556,0.0130417978934476,0.0122608951295256,-0.0790000000000006,-0.0169999999999995,-0.093
2000-11-24,1341.77,338.9,26,73.41,118.48,187.85,5.624,5.865,5.667,-0.0191554820181361,-0.0435070851669312,0.0468497403177723,-0.154909338788102,0.00992416644191429,-0.000372568330679002,-0.0800000000000001,-0.00800000000000001,-0.109
2000-12-01,1315.23,329.31,27.48,75.93,114.73,187.15,5.503,5.604,5.635,-0.0199780825915674,-0.0287055222456711,0.0553619293326664,0.0337516971024527,-0.0321626281484919,-0.00373333766953987,-0.121,-0.261,-0.032
2000-12-08,1369.89,348.24,22.41,87.69,114.05,190.24,5.299,5.442,5.502,0.0407188893670503,0.0558923408767074,-0.203951179541313,0.143996004566122,-0.00594459308065432,0.0163759985920331,-0.204,-0.162,-0.133
2000-12-15,1312.15,340.92,26.55,98.44,112.9,190.61,5.18,5.371,5.419,-0.0430634313905607,-0.021244051589945,0.169522459875112,0.115639357731591,-0.0101344775747805,0.00194302279851044,-0.119000000000001,-0.0709999999999997,-0.0830000000000002
2000-12-22,1305.97,330.81,27.55,110.01,110.82,193.47,5.006,5.076,5.402,-0.00472095356821534,-0.0301036532154004,0.0369727879109756,0.111124045228489,-0.0185952077164133,0.0148930059494141,-0.174,-0.295000000000001,-0.0169999999999995
2000-12-29,1320.28,333.79,26.85,121.36,109.56,194.23,5.112,5.096,5.457,0.0108977756289956,0.00896786028156882,-0.0257367146440499,0.0981900642889331,-0.0114349190443264,0.00392056215364534,0.106,0.0200000000000005,0.0549999999999997
2001-01-05,1298.35,348.56,28.67,104.91,108.42,197.47,4.931,4.569,5.398,-0.0167496077731935,0.0432983290889215,0.0655854589404048,-0.145658495296883,-0.0104597705626848,0.0165436502251772,-0.181,-0.527,-0.0590000000000002
2001-01-12,1318.32,353.23,24.56,117.05,109.27,198.29,5.25,4.891,5.618,0.0152639711776539,0.0133090210259592,-0.154732176616337,0.109498354193525,0.00780930975046168,0.0041439315414955,0.319,0.322,0.220000000000001
2001-01-19,1342.54,370.48,23.24,110.86,110.67,200.14,5.168,4.735,5.553,0.0182051433949644,0.0476800593373499,-0.0552441712952314,-0.054333049945261,0.0127309166940401,0.00928651605159558,-0.0819999999999999,-0.156,-0.0650000000000004
2001-01-26,1354.95,370.79,22.57,109.61,111.46,201.08,5.268,4.771,5.64,0.00920121116652339,0.000836402439252204,-0.0292533411542659,-0.0113395327640271,0.00711298186469644,0.00468571716206512,0.0999999999999996,0.0359999999999996,0.0869999999999997
2001-02-02,1349.47,376.73,21.95,104.24,110.32,203.4,5.148,4.637,5.509,-0.00405263050872762,0.0158928858852354,-0.0278544513082641,-0.0502326784110423,-0.0102805486563442,0.0114716447900847,-0.12,-0.134,-0.130999999999999
2001-02-09,1314.76,368.18,22.03,101.34,111.52,202.87,5.03,4.636,5.389,-0.0260577833059603,-0.0229568014785677,0.00363802129307178,-0.0282147327688262,0.0108187135271676,-0.00260910380122148,-0.117999999999999,-0.000999999999999446,-0.12
2001-02-16,1301.53,369.21,22.12,104.53,112.26,203.53,5.109,4.719,5.454,-0.0101136439537628,0.00279363883393913,0.00407701583988196,0.0309929114968526,0.00661366250183981,0.00324803435155019,0.0789999999999997,0.0830000000000002,0.0649999999999995
2001-02-23,1245.86,348.09,27.21,107.02,112.03,200.27,5.097,4.53,5.478,-0.0437144410114829,-0.0589045208247914,0.207102376141021,0.0235416213385431,-0.00205091694342219,-0.0161469580474556,-0.0119999999999996,-0.189,0.024
2001-03-02,1234.18,344.01,27.43,112.96,111.17,203.42,4.947,4.463,5.367,-0.00941927255740094,-0.0117903403092408,0.00805275215435719,0.0540180408617728,-0.00770613132510789,0.0156063510801179,-0.15,-0.0670000000000002,-0.111
2001-03-09,1233.42,346.43,25.62,110.68,111.44,205.21,4.929,4.469,5.322,-0.00061598316099154,0.00701005130078514,-0.0682640084809236,-0.0203906188262062,0.00242576822602647,0.00876103785522275,-0.0179999999999998,0.00600000000000023,-0.0449999999999999
2001-03-16,1150.53,326.44,29.91,98.57,115.32,202.85,4.77,4.24,5.271,-0.0695680930108829,-0.0594346134180661,0.154819576173268,-0.115876199241378,0.0342245432986514,-0.0115670554002172,-0.159000000000001,-0.229,-0.0510000000000002
2001-03-23,1139.83,317.19,30.45,115.01,115.94,199.14,4.815,4.261,5.314,-0.00934357729314161,-0.0287452011884977,0.017893121514049,0.154252125427143,0.00536194314138516,-0.0184586946925176,0.0450000000000008,0.0209999999999999,0.0430000000000002
2001-03-30,1160.33,313.14,28.64,111.01,117.37,200.64,4.917,4.18,5.444,0.017825318939872,-0.0128505885291679,-0.0612816520634612,-0.0353987937599349,0.0122585222004457,0.00750416248461772,0.101999999999999,-0.0810000000000004,0.13
2001-04-06,1128.43,304.98,31.69,111.55,114.75,202.67,4.89,4.079,5.464,-0.0278771613101441,-0.02640417419651,0.101196831610385,0.0048526335339858,-0.0225754891713779,0.0100667830866659,-0.0270000000000001,-0.101,0.0200000000000005
2001-04-13,1183.5,312.83,26.12,109.3,115.54,202.45,5.163,4.346,5.603,0.0476488638626984,0.0254137113138064,-0.193299869294599,-0.0203765256960482,0.00686094141246496,-0.00108609805305182,0.273000000000001,0.267,0.138999999999999
2001-04-20,1242.98,319.11,25.38,98.25,114.32,198.67,5.288,4.236,5.797,0.0490355723226399,0.01987595893101,-0.0287398421219889,-0.106581144433123,-0.0106152567315077,-0.0188477856981981,0.125,-0.11,0.194
2001-04-27,1253.05,323.73,24.02,109.1,115.62,200.45,5.328,4.259,5.8,0.00806885705308602,0.0143739641120693,-0.055074645634404,0.104749642089654,0.0113074180327182,0.00891968230854356,0.04,0.0230000000000006,0.00300000000000011
2001-05-04,1266.61,329.55,23.91,103.68,114.93,202.53,5.205,4.145,5.676,0.0107634608737754,0.017818252454977,-0.00459003518160417,-0.0509556602350605,-0.00598570427366241,0.0103231846333731,-0.123,-0.114000000000001,-0.124
2001-05-11,1245.67,326.97,23.54,99.5,116.84,201.99,5.447,4.314,5.854,-0.0166705024464759,-0.0078596639293993,-0.0155956796381029,-0.0411515884394174,0.0164822301388723,-0.00266983249658992,0.242,0.169,0.178
2001-05-18,1291.96,333.5,21.23,109.28,116.41,206.02,5.405,4.359,5.767,0.0364869073538987,0.0197744417863479,-0.103285826116966,0.093755751657933,-0.00368703525939029,0.0197550602302483,-0.0419999999999998,0.0449999999999999,-0.0869999999999997
2001-05-25,1277.89,335.56,20.6,107.92,118.18,206.58,5.511,4.268,5.853,-0.0109501648653687,0.00615791262241583,-0.0301241999196296,-0.0125231839229798,0.0150904436573791,0.00271449512294009,0.106,-0.0910000000000002,0.0859999999999994
2001-06-01,1260.67,329.44,21.59,111.15,118.89,205.82,5.364,4.213,5.705,-0.0135669545951478,-0.0184065346986149,0.0469391687311807,0.0294904285107052,0.00598980995292475,-0.00368574617054129,-0.147,-0.0549999999999997,-0.148
2001-06-08,1264.96,334.64,19.92,96.78,119.21,211.53,5.356,4.153,5.737,0.00339717545787455,0.0156610838544644,-0.0805059923702638,-0.138440279045033,0.00268794785945659,0.0273648319911128,-0.00800000000000001,-0.0600000000000005,0.032
2001-06-15,1214.36,326.99,22.81,99.34,118.29,210.99,5.232,3.976,5.677,-0.0408233120858421,-0.0231257377440546,0.135474784139844,0.0261079483140314,-0.00774740717226408,-0.00255609341102225,-0.124,-0.177,-0.0600000000000005
2001-06-22,1225.35,322.63,20.02,98.6,118.91,211.35,5.115,3.897,5.575,0.00900932843350954,-0.0134234336021581,-0.130467262409222,-0.00747704807061478,0.00522766789184193,0.00170478802476204,-0.117,-0.0790000000000002,-0.101999999999999
2001-06-29,1224.42,322.89,19.06,96.9,119.47,209.48,5.412,4.242,5.759,-0.000759254986938629,0.000805552156585954,-0.0491398756610186,-0.0173917427118688,0.0046983893796444,-0.00888725760151132,0.297,0.345,0.184
2001-07-06,1190.59,311.42,21.63,96.6,119.9,206.39,5.359,4.12,5.732,-0.0280182799115236,-0.0361692245310383,0.126489341738912,-0.0031007776782479,0.00359276820433596,-0.0148606865900032,-0.0529999999999999,-0.122,-0.0270000000000001
2001-07-13,1215.68,301.84,21.14,92.87,119.33,198.6,5.217,4.071,5.619,0.0208546084417351,-0.0312454077572237,-0.0229142595228757,-0.0393780754305553,-0.00476529765190392,-0.0384748312102117,-0.142,-0.0490000000000004,-0.113
2001-07-20,1210.85,297.69,22.34,99.19,117.21,203.45,5.129,3.946,5.549,-0.00398099869275015,-0.0138443990617949,0.0552118131989627,0.0658365369699849,-0.0179255666464755,0.0241275228366264,-0.0880000000000001,-0.125,-0.0699999999999994
2001-07-27,1205.82,299.95,22,92.9,116.94,202.94,5.098,3.863,5.543,-0.00416275889017026,0.00756311750484251,-0.0153363402827384,-0.0655135569381091,-0.00230621498756456,-0.0025099055967619,-0.0309999999999997,-0.0830000000000002,-0.00600000000000023
2001-08-03,1214.35,306.89,19.89,94.71,116.14,204.65,5.157,3.895,5.585,0.00704912078188968,0.0228735830921698,-0.100825360492435,0.0192959454182171,-0.00686462280362044,0.00839083408747499,0.0590000000000002,0.032,0.0419999999999998
2001-08-10,1190.16,301.69,20.55,89.8,115.29,207.83,4.98,3.687,5.504,-0.0201212023492419,-0.017089377084365,0.0326438480763631,-0.0532346159298562,-0.00734566669904169,0.0154192348925699,-0.177,-0.208,-0.0810000000000004
2001-08-17,1161.97,300.45,23.84,93.96,112.99,207.44,4.839,3.643,5.42,-0.0239709113263489,-0.00411864932697004,0.148503901254905,0.0452841844825578,-0.0201513740237074,-0.00187829660057304,-0.141,-0.044,-0.0839999999999996
2001-08-24,1184.93,298.74,19.71,102.72,113.33,209.28,4.922,3.768,5.449,0.0195668605718309,-0.00570772089779048,-0.19023872103252,0.0891376801509392,0.0030045975237023,0.00883092703842525,0.0829999999999993,0.125,0.0289999999999999
2001-08-31,1133.58,298.17,24.92,95.12,113.42,211.4,4.832,3.629,5.368,-0.0443029347811885,-0.00190983623412233,0.234544572754624,-0.0768675875591249,0.00079382584102472,0.0100790051673032,-0.0899999999999999,-0.139,-0.0809999999999995
2001-09-07,1085.78,290.16,30.99,94.28,114.05,211.34,4.79,3.505,5.369,-0.043082143610027,-0.0272312986733771,0.217993877880404,-0.00887017431459558,0.00553920614451542,-0.000283862423252401,-0.0419999999999998,-0.124,0.000999999999999446
2001-09-14,1092.54,260.87,31.84,105.41,114.15,206.1,4.553,2.866,5.35,0.00620663786855236,-0.106410296028327,0.0270587891765253,0.111588430199167,0.00087642424540757,-0.0251067231164717,-0.237,-0.639,-0.0190000000000001
2001-09-21,965.8,245.64,42.66,145.47,112.92,204.76,4.691,2.867,5.583,-0.123303766132366,-0.060155149485122,0.292538352067022,0.322112371518273,-0.0108337695905165,-0.00652292630703055,0.138,0.00099999999999989,0.233000000000001
2001-09-28,1040.94,251.4,31.93,120.4,113.41,206.1,4.588,2.851,5.421,0.0749226566268497,0.0231782466949486,-0.289715706316513,-0.18915034691065,0.0043299674419508,0.00652292630703055,-0.103,-0.016,-0.162
2001-10-05,1071.38,252.79,33.39,115.96,112.79,203.55,4.504,2.721,5.308,0.0288233860418776,0.00551380837213245,0.0447104472288724,-0.0375742288212653,-0.00548188817541373,-0.0124498129474251,-0.0840000000000005,-0.13,-0.113
2001-10-12,1091.65,262.86,35.27,107.44,113.61,206.03,4.669,2.803,5.426,0.0187427760009564,0.039062466525583,0.0547762902923976,-0.076312751838473,0.00724384792998745,0.0121101143053792,0.165,0.0819999999999999,0.118
2001-10-19,1073.48,264.01,34.11,109.31,114.88,210.51,4.621,2.754,5.358,-0.0167846056112575,0.00436541016294978,-0.0334421478174063,0.0172553300907623,0.011116574718101,0.02151136867794,-0.0479999999999992,-0.0489999999999999,-0.0680000000000005
2001-10-26,1104.61,271.53,28.42,108.65,115.54,210.65,4.529,2.625,5.271,0.0285866239791188,0.0280856492903769,-0.1824974737616,-0.00605617560330529,0.00572868505320567,0.000664830492718593,-0.0920000000000005,-0.129,-0.0869999999999997
2001-11-02,1087.2,269.96,30.71,105.97,114.46,207.3,4.358,2.486,4.956,-0.015886747640053,-0.00579883063198317,0.0774952117837762,-0.0249756715156941,-0.00939137337216334,-0.0160309689832916,-0.171,-0.139,-0.315
2001-11-09,1120.31,279.98,27.44,116.07,115.1,212.46,4.303,2.426,4.873,0.0299998488683935,0.0364443721714736,-0.112586531595047,0.0910374221937866,0.0055758987468808,0.0245867159101332,-0.0549999999999997,-0.0600000000000001,-0.0830000000000002
2001-11-16,1138.65,291.64,25.07,119.65,116.41,210.39,4.843,3.012,5.268,0.0162379174255598,0.0408019928915504,-0.0903298906874821,0.030377356973851,0.0113171265323127,-0.00979078413493895,0.54,0.586,0.395
2001-11-23,1150.34,297.73,23.25,146.71,117.34,210.99,4.987,3.15,5.36,0.0102142007038299,0.0206668705961404,-0.0753667801368367,0.20388703479717,0.00795726123756424,0.00284778777110795,0.144,0.138,0.0920000000000005
2001-11-30,1139.45,294.43,23.84,144.32,116.13,210.99,4.752,2.841,5.286,-0.00951186100593659,-0.0111457516974101,0.0250597101637835,-0.0164247928372392,-0.0103654502400472,0,-0.235,-0.309,-0.0740000000000007
2001-12-07,1158.31,317.15,23.49,138.92,116.07,211.66,5.167,3.201,5.584,0.0164163564142195,0.0743335642429459,-0.0147900435263275,-0.0381348284384409,-0.000516795877135046,0.00317047467754161,0.415,0.36,0.298
2001-12-14,1123.09,309,24.63,165.03,114.93,213.37,5.188,3.153,5.585,-0.0308782312402816,-0.0260335711821602,0.047390413461625,0.172229047679603,-0.00987020999986399,0.00804653425121416,0.0209999999999999,-0.048,0.00100000000000033
2001-12-21,1144.89,305.38,22.5,159.9,116.98,212.73,5.084,3.129,5.442,0.019224747501621,-0.0117843741423807,-0.0904499029220722,-0.0315786557155677,0.0176797326342122,-0.00300399193277734,-0.104,-0.024,-0.143
2001-12-28,1161.02,315.22,21.4,141.22,117.25,213.45,5.113,3.157,5.535,0.0139903665740322,0.0317139049920296,-0.0501243871825685,-0.124229661751707,0.00230542731150862,0.00337885721995601,0.0290000000000008,0.028,0.093
2002-01-04,1172.51,332.53,20.45,137.36,116.33,216.67,5.128,3.155,5.548,0.00984782099034121,0.0534592738423427,-0.0454080395389949,-0.0277137414989808,-0.00787742749771336,0.0149728455146452,0.0149999999999997,-0.00200000000000022,0.0129999999999999
2002-01-11,1145.6,325.83,22.6,135.25,116.64,216.66,4.866,2.727,5.371,-0.0232182328623312,-0.0203543086296829,0.0999670237894295,-0.015480298862629,0.00266128843167301,-4.61542011951366e-05,-0.262,-0.428,-0.177
2002-01-18,1127.58,320.6,22.52,120.51,117.64,217.38,4.894,2.936,5.358,-0.0158547739098172,-0.0161815327846018,-0.00354610300675073,-0.115392180687291,0.00853684542544642,0.00331766961762003,0.0280000000000005,0.209,-0.0130000000000008
2002-01-25,1133.28,328.45,21.01,119.67,119.85,217.5,5.071,3.183,5.467,0.00504233970874779,0.0241903791630289,-0.0694052884145804,-0.00699478245387564,0.0186118471945989,0.000551876393697803,0.177,0.247,0.109
2002-02-01,1122.2,327.03,21.12,117.59,119.69,216.73,4.985,3.069,5.393,-0.0098250386884402,-0.00433270953010467,0.00522194398115161,-0.0175339567501007,-0.00133589399511447,-0.00354651132842765,-0.0859999999999994,-0.114,-0.0739999999999998
2002-02-08,1096.22,324.85,23.26,115.05,118.98,217.88,4.879,2.905,5.375,-0.0234231460254595,-0.00668837248183696,0.0965146882524577,-0.0218371813539493,-0.00594965512551937,0.00529211331516244,-0.106000000000001,-0.164,-0.0179999999999998
2002-02-15,1104.18,334.42,22.37,116.47,118.55,220.87,4.875,2.944,5.366,0.00723507973374549,0.0290341507079832,-0.0390143715884803,0.0122669126331854,-0.0036205992483449,0.0136298406299042,-0.00399999999999956,0.0390000000000001,-0.00900000000000034
2002-02-22,1089.84,326.82,22.86,111.9,118.48,221.85,4.831,2.945,5.344,-0.0130720815673522,-0.0229881274108852,0.0216678828646262,-0.04002811379668,-0.000590642551871135,0.00442718467954073,-0.0439999999999996,0.00099999999999989,-0.0219999999999994
2002-03-01,1131.78,336.7,19.96,108.64,119.4,223.55,4.981,3.184,5.504,0.037760718127883,0.0297827655433904,-0.135658387483347,-0.029565951507494,0.00773503099895834,0.00763362485507102,0.149999999999999,0.239,0.159999999999999
2002-03-08,1164.31,346.71,19.27,108.13,117.99,222.73,5.325,3.559,5.717,0.0283370222720682,0.0292963694884305,-0.0351807884570428,-0.00470545685294077,-0.0118793258466736,-0.00367482711659672,0.344,0.375,0.213
2002-03-15,1166.16,346.7,18.42,126.35,117.18,223.5,5.327,3.581,5.76,0.00158766290800028,-2.88429644816901e-05,-0.0451124515991142,0.155721626876758,-0.0068886609951857,0.00345113849023093,0.00199999999999978,0.0219999999999998,0.0430000000000002
2002-03-22,1148.7,351.31,17.77,124.59,118.05,222.71,5.404,3.705,5.812,-0.0150854316143985,0.0132091718744967,-0.0359253886606008,-0.0140274875234319,0.0073970494148794,-0.00354093734086547,0.077,0.124,0.0520000000000005
2002-03-29,1147.39,351.43,17.4,127.03,118.62,223.74,5.396,3.711,5.795,-0.0011410703780248,0.000341520338008827,-0.0210414359460769,0.0193949327245972,0.00481684287905893,0.00461418670602587,-0.00800000000000001,0.00599999999999978,-0.0170000000000003
2002-04-05,1122.73,354.58,19.13,119.52,117.69,225.18,5.206,3.472,5.666,-0.0217265783687344,0.00892344556675173,0.0947875772316782,-0.0609395576508618,-0.00787105752100992,0.00641541895620001,-0.19,-0.239,-0.129
2002-04-12,1111.01,352.31,19.42,120.67,117.74,228.42,5.156,3.363,5.647,-0.0104937079053871,-0.00642252062665261,0.0150456794110174,0.00957582570100257,0.000424754710544484,0.0142859572474769,-0.0500000000000007,-0.109,-0.0190000000000001
2002-04-19,1125.17,363.42,18.3,114.03,116.29,228.01,5.1962,3.314,5.6837,0.0126646238342856,0.0310477203773285,-0.0594024030158034,-0.0565979754162429,-0.0123917322951632,-0.0017965519807035,0.0402000000000005,-0.0489999999999999,0.0366999999999997
2002-04-26,1076.32,358.17,22.14,100.46,115.04,227.35,5.0537,3.204,5.5873,-0.0443863200562022,-0.0145514561955036,0.190484867433115,-0.126701933347368,-0.0108071773322154,-0.00289880737073833,-0.1425,-0.11,-0.0964
2002-05-03,1073.43,354.06,20.19,100.27,113.59,226.09,5.054,3.1456,5.536,-0.00268868635049913,-0.0115413437282745,-0.0921984949557446,-0.00189309078606481,-0.0126844197294069,-0.00555753018279415,0.000300000000000189,-0.0584000000000002,-0.0513000000000004
2002-05-10,1054.99,349.25,22.41,93.02,113.92,225.26,5.1163,3.1597,5.5986,-0.0173278407345387,-0.0136783921600614,0.10431985548809,-0.0750520237398833,0.0029009734203358,-0.0036778594686746,0.0622999999999996,0.0141,0.0626000000000007
2002-05-17,1106.59,360.73,17.7,103.19,113,225.98,5.2506,3.3659,5.7556,0.047751926541963,0.0323417579246126,-0.235942648233052,0.103757425331672,-0.0081086289513248,0.00319120916154958,0.134300000000001,0.2062,0.157
2002-05-24,1083.82,356.52,18.9,100.88,112.8,225.65,5.1443,3.2221,5.6612,-0.0207913771832491,-0.0117394167991671,0.0655972824858133,-0.0226402574709583,-0.00177147964838209,-0.00146137350809017,-0.1063,-0.1438,-0.0944000000000003
2002-05-31,1067.14,346.28,19.98,103.02,111.81,226.19,5.0427,3.1928,5.6147,-0.0155096648591773,-0.0291426429149437,0.0555698511548108,0.0209914524807751,-0.00881533690468217,0.00239022776688014,-0.1016,-0.0293000000000001,-0.0465
2002-06-07,1027.53,340.31,23.51,104.51,110.99,222.84,5.0658,3.1344,5.6591,-0.0378243086673393,-0.0173907294364408,0.162694089331571,0.0143596164689725,-0.00736089499538828,-0.0149213288872749,0.0231000000000003,-0.0584000000000002,0.0443999999999996
2002-06-14,1007.28,336.24,25.96,106.68,110.76,222.08,4.7967,2.885,5.4111,-0.0199042353310102,-0.012031776214271,0.0991310292839112,0.0205509387074017,-0.00207440886112753,-0.00341634783417533,-0.2691,-0.2494,-0.247999999999999
2002-06-21,989.14,324.11,27.23,110.83,108.19,213.98,4.7661,2.8397,5.3971,-0.018173028960585,-0.0367422263508717,0.0477624148497791,0.0381637964737482,-0.0234767576032784,-0.0371551246079793,-0.0306000000000006,-0.0452999999999997,-0.0140000000000002
2002-06-28,989.81,319.75,25.4,115.78,106.11,218.1,4.7965,2.8104,5.5076,0.000677126785011417,-0.0135435238870372,-0.0695701326611777,0.0436943428632963,-0.0194126488139839,0.0190711204971228,0.0304000000000002,-0.0293000000000001,0.1105
2002-07-05,989.03,326.21,27.11,119.6,107.74,216.08,4.856,2.8666,5.5244,-0.000788340684842126,0.0200019052973142,0.0651534894860832,0.0324610028656736,0.015244625366889,-0.0093049637232232,0.0594999999999999,0.0562,0.0167999999999999
2002-07-12,921.39,328.12,32.94,109.82,105.89,220.13,4.5718,2.521,5.3275,-0.0708412654398147,0.00583804937828258,0.19478506123892,-0.0853101796658056,-0.0173200978100247,0.0185695714408798,-0.2842,-0.3456,-0.1969
2002-07-19,847.76,321.25,38.17,120.19,104.06,220.43,4.5194,2.4102,5.3233,-0.0832858225266344,-0.0211597589251191,0.147362142007645,0.0902311621139713,-0.017433163580205,0.00136190324300678,-0.0523999999999996,-0.1108,-0.00419999999999998
2002-07-26,852.84,292.32,35.51,114.96,106.61,214.8,4.3817,2.2179,5.3096,0.0059743797602243,-0.0943705435797328,-0.0722355198021423,-0.0444895821939282,0.024209660100226,-0.0258728215335369,-0.1377,-0.1923,-0.0137
2002-08-02,864.24,293.25,41.29,133.88,106.67,215.48,4.2904,2,5.2171,0.0132785513819247,0.0031763949038881,0.150805992943003,0.152359634572356,0.000562640675007664,0.00316073517762305,-0.0913000000000004,-0.2179,-0.0924999999999994
2002-08-09,908.64,292.81,35.33,134.8,108.18,216.82,4.255,2.0625,5.1091,0.0500984681203933,-0.00150155302416444,-0.155887878526945,0.00684832213508102,0.0140565498058898,0.00619941842081317,-0.0354000000000001,0.0625,-0.108000000000001
2002-08-16,928.77,298.2,28.81,145.52,106.65,216.76,4.3244,2.2579,5.0917,0.021912153991309,0.0182404678212178,-0.204009912274616,0.0765213357316608,-0.0142440615259218,-0.000276765535232926,0.0693999999999999,0.1954,-0.0173999999999994
2002-08-23,940.86,301.54,29.32,158.55,107.97,220.58,4.2334,2.1582,5.0321,0.0129332205005639,0.0111382750201345,0.0175473279220135,0.0857564667744892,0.0123009658416899,0.0174696901800875,-0.0910000000000002,-0.0996999999999999,-0.0596000000000005
2002-08-30,916.07,298.89,32.64,152.29,106.98,222.95,4.1409,2.149,4.9251,-0.0267015696526904,-0.00882706462589855,0.107268653077456,-0.0402834031207568,-0.00921150965594553,0.0106870901954848,-0.0924999999999994,-0.00919999999999987,-0.107
2002-09-06,893.92,289.1,36.33,137.63,106.84,223.53,4.0113,2.0437,4.8588,-0.0244764952574661,-0.0333029637025737,0.107105316137204,-0.101217672872158,-0.00130951286134362,0.00259810216026057,-0.1296,-0.1053,-0.0663
2002-09-13,889.81,292.52,35.82,141.73,108.06,224.55,3.9052,2.0429,4.7669,-0.0046083289214911,0.0117603913804496,-0.0141374496005446,0.0293549141873726,0.0113542401741595,0.00455276630000157,-0.106100000000001,-0.000799999999999912,-0.0918999999999999
2002-09-20,845.39,281.26,38.98,137.31,107.53,221.66,3.785,1.9182,4.7422,-0.0512098974467508,-0.0392535319606484,0.0845422974468488,-0.0316826958451539,-0.00491675001348479,-0.0129537231862402,-0.1202,-0.1247,-0.0246999999999993
2002-09-27,827.37,270.7,36.97,143.45,107.53,219.65,3.6584,1.7951,4.6784,-0.0215460641307139,-0.0382683118218461,-0.0529419211308744,0.043745399093714,0,-0.00910930592571901,-0.1266,-0.1231,-0.0638000000000005
2002-10-04,800.58,269.62,39.46,143.28,107.6,223.59,3.6646,1.7862,4.7136,-0.0329155302294986,-0.00399763635733752,0.0651807276459291,-0.00118578467491748,0.000650769325249101,0.0177786471399237,0.00620000000000021,-0.00889999999999991,0.0351999999999997
2002-10-11,835.32,255.98,35.7,139.87,107.25,222,3.7782,1.8177,4.8041,0.0424784199861907,-0.0519142438352729,-0.100136811808876,-0.0240873379612436,-0.00325808991955778,-0.00713663568943268,0.1136,0.0315000000000001,0.0905000000000005
2002-10-18,884.39,276.85,33.53,137.19,108.52,223.46,4.1053,2.0479,5.0581,0.0570832568499311,0.078376526841331,-0.0627101283074563,-0.0193465934531396,0.0117719299826051,0.00655504524691253,0.3271,0.2302,0.254
2002-10-25,897.65,279.99,30,148.77,107.92,226.12,4.0914,1.9809,5.0833,0.0148820954983311,0.0112780449767884,-0.111243178815982,0.0810346628310787,-0.00554427589123119,0.0118334046878985,-0.0138999999999996,-0.0669999999999997,0.0252000000000008
2002-11-01,900.96,282.09,29.3,134.76,106.08,230.23,4.0045,1.7636,5.0408,0.0036806241894709,0.00747228071133055,-0.0236098656391337,-0.0989060706308003,-0.0171966854619479,0.0180129774491888,-0.0869,-0.2173,-0.0425000000000004
2002-11-08,894.74,292.75,29.41,135.24,104.5,232.38,3.8558,1.8486,4.7634,-0.00692768822885892,0.037092833520731,0.00374723654288189,0.00355555930133367,-0.0150064550326867,0.0092951534984369,-0.1487,0.085,-0.2774
2002-11-15,909.83,292.44,26.65,124.24,105.04,233.33,4.0287,1.8707,4.9096,0.0167245955948765,-0.00105948505271147,-0.0985456019540503,-0.0848357989992543,0.00515415858967483,0.00407979780425105,0.1729,0.0221,0.1462
2002-11-22,930.55,297.33,23.16,132.35,106.12,236.2,4.1776,2.0583,5.0214,0.0225180403176468,0.0165831156616116,-0.140362497907059,0.0632347498326791,0.0102292992749984,0.0122251432042946,0.1489,0.1876,0.1118
2002-11-29,936.31,302.36,27.5,126.27,106.38,236.27,4.2052,2.0563,5.0353,0.00617080903533473,0.0167757273372491,0.171759351967731,-0.0470274572225211,0.00244706004463247,0.000296315112122691,0.0275999999999996,-0.00200000000000022,0.0139000000000005
2002-12-06,912.23,299.28,28.88,127.52,105.36,237.1,4.0827,1.8623,4.9773,-0.0260544669638243,-0.0102387703840847,0.0489633093520996,0.00985074359131577,-0.00963453187914531,0.00350677419597556,-0.1225,-0.194,-0.0580000000000007
2002-12-13,889.48,298.58,28.18,128.46,103.98,239.46,4.0672,1.8446,4.9484,-0.0252551289502518,-0.00234168641444654,-0.024536807554091,0.00734435678774137,-0.0131844844794564,0.00990439521733766,-0.0155000000000003,-0.0177000000000001,-0.0288999999999993
2002-12-20,895.75,301.89,26.71,116.21,103.47,240.83,3.9573,1.7279,4.8933,0.00702433387383206,0.0110248089879068,-0.053574479348665,-0.100218672594864,-0.00491685733870995,0.00570490210354535,-0.1099,-0.1167,-0.0551000000000004
2002-12-27,875.4,295.99,29.55,125.25,102.41,241.41,3.8083,1.5906,4.7812,-0.0229804314282687,-0.0197370426437598,0.101045716730238,0.0749128407301916,-0.0102973515295135,0.00240544243390861,-0.149,-0.1373,-0.1121
2003-01-03,908.59,299.98,24.68,123.87,102.47,242.38,4.0169,1.7499,4.9531,0.0372130225647327,0.0133901357976223,-0.18009054481492,-0.0110791113988649,0.00058570872428021,0.00401000971418952,0.2086,0.1593,0.1719
2003-01-10,927.57,302.86,24.32,130.87,101.23,243.94,4.132,1.758,5.045,0.0206743160103304,0.00955484676129537,-0.0146941419392208,0.0549718355012807,-0.0121749172009658,0.00641555087475076,0.1151,0.0081,0.0918999999999999
2003-01-17,901.78,301.96,25.7,120.02,100.55,244.33,4.0091,1.6759,4.9213,-0.0281976754572959,-0.00297609425708512,0.0551919348032079,-0.0865460685060224,-0.00674003939199963,0.00159747714558733,-0.1229,-0.0821000000000001,-0.1237
2003-01-24,861.4,293.9,31.51,116.02,99.22,243.16,3.9278,1.6422,4.8616,-0.0458116152545518,-0.0270549848465524,0.203813963868009,-0.0338958055234491,-0.013315509345758,-0.0048001076801576,-0.0813000000000002,-0.0336999999999998,-0.0596999999999994
2003-01-31,855.7,290.44,31.17,109.41,99.91,245.32,3.9625,1.6891,4.8411,-0.00663912519600096,-0.0118425589128259,-0.0108488619899378,-0.0586602965492196,0.00693017387202399,0.00884381787726163,0.0347,0.0468999999999999,-0.0205000000000002
2003-02-07,829.69,284.59,34.01,110.89,99.57,246.09,3.9294,1.6168,4.8063,-0.0308677103755164,-0.0203474665080483,0.0871985052398583,0.0134364254764261,-0.00340886634493387,0.00313384192498489,-0.0331000000000001,-0.0723,-0.0347999999999997
2003-02-14,834.89,279.25,32.62,115.49,100.04,246.43,3.961,1.617,4.8798,0.00624784259739819,-0.0189421100546872,-0.0417290018262362,0.0406452271618711,0.00470919160942529,0.00138065481202521,0.0316000000000001,0.000199999999999978,0.0735000000000001
2003-02-21,848.17,286.75,30.25,116.34,100.09,248.81,3.8882,1.5919,4.8455,0.0157811077523595,0.0265033180601701,-0.0754294127160171,0.00733299235561979,0.000499675221509399,0.00961157548856217,-0.0728,-0.0250999999999999,-0.0343
2003-02-28,841.15,281.29,29.63,104.85,99.71,251.46,3.6897,1.508,4.6692,-0.00831108423308091,-0.0192245903812491,-0.0207088228913768,-0.103986181134687,-0.00380380839022632,0.01059437818168,-0.1985,-0.0839000000000001,-0.1763
2003-03-07,828.89,274.43,31.08,105.36,98.04,253.67,3.6406,1.3952,4.6839,-0.0146825468219074,-0.0246899463064647,0.047777163913973,0.00485230008709703,-0.0168904141807893,0.0087502785466711,-0.0491000000000001,-0.1128,0.0147000000000004
2003-03-14,833.27,275.25,30.98,104.6,99.99,253.16,3.7002,1.5325,4.7062,0.00527026295677402,0.00298355628102254,-0.00322269051072421,-0.00723950580420318,0.0196946223278456,-0.00201250980460177,0.0596000000000001,0.1373,0.0222999999999995
2003-03-21,895.79,282.19,28.67,110.35,102,250.55,4.1031,1.7804,5.0399,0.0723482912047819,0.0249008273269684,-0.0774905550934442,0.0535135810719227,0.019902632296513,-0.0103631985013708,0.4029,0.2479,0.3337
2003-03-28,863.5,277.32,27.75,124.18,99.96,252.48,3.8976,1.5374,4.9129,-0.0367121129180852,-0.0174085288554675,-0.0326154397028349,0.118074993234002,-0.0202027073175195,0.00767353625177503,-0.2055,-0.243,-0.127000000000001
2003-04-04,878.85,281.02,29.13,114.5,100.4,257.72,3.9517,1.5526,4.9643,0.0176203370721746,0.0132537671039046,0.0485327307788999,-0.0811573029424526,0.00439210129087808,0.0205416866129324,0.0541,0.0151999999999999,0.0514000000000001
2003-04-11,868.3,284.7,24.44,114.37,100.18,257.24,3.9712,1.633,4.9482,-0.0120769575923081,0.0130101531057978,-0.175547436667949,-0.0011360162011691,-0.00219363932815853,-0.00186422300377931,0.0194999999999999,0.0804,-0.0160999999999998
2003-04-18,893.58,297.28,21.5,103.66,99.28,261.41,3.9558,1.6741,4.8897,0.028698589059232,0.0432384613414811,-0.128168199169778,-0.0983224940315646,-0.00902442703311923,0.0160805547387888,-0.0154000000000001,0.0410999999999999,-0.0584999999999996
2003-04-25,898.81,285.77,20.8,96.2,98.36,263.23,3.888,1.5692,4.8146,0.00583580006915518,-0.0394871641487331,-0.0330999484263446,-0.0746869550899003,-0.00930992354835958,0.00693811871320182,-0.0678000000000001,-0.1049,-0.0750999999999999
2003-05-02,930.08,296.71,20.63,91.66,96.75,269.14,3.919,1.5608,4.8318,0.0341989377580543,0.0375679393302599,-0.00820665962411216,-0.048343278590683,-0.0165038854381008,0.0222035155947422,0.0310000000000001,-0.00839999999999996,0.0171999999999999
2003-05-09,933.41,302.46,19.69,90.67,94.98,272.83,3.6796,1.439,4.6704,0.00357394302574754,0.0191938065155943,-0.046635434432126,-0.0108595374230127,-0.0184639887889153,0.0136172002840675,-0.2394,-0.1218,-0.1614
2003-05-16,944.3,303.02,18.4,82.56,94.08,272.99,3.4185,1.3071,4.4139,0.0115993652902349,0.00184977260909491,-0.0677602280360943,-0.0937012399247124,-0.00952085897065924,0.000586273879971344,-0.2611,-0.1319,-0.2565
2003-05-23,933.22,307.08,19.17,94.64,93.05,277.33,3.3354,1.3446,4.2591,-0.0118029407183125,0.013309490028008,0.0409958924426133,0.136554917936879,-0.0110085010620571,0.015772968372664,-0.0831,0.0375000000000001,-0.1548
2003-05-30,963.59,315.44,19.47,99.53,93.29,277.74,3.3699,1.3217,4.3762,0.0320249213860526,0.0268601896096747,0.0155282623265549,0.0503788865878407,0.00257593788461019,0.00147729142113651,0.0345,-0.0228999999999999,0.1171
2003-06-06,987.76,324.48,21.25,99.81,93.48,282.44,3.351,1.2419,4.3962,0.0247738603227248,0.0282554113933919,0.0874820759863177,0.00280927244052265,0.0020345886977875,0.0167807143769121,-0.0188999999999999,-0.0798000000000001,0.0200000000000005
2003-06-13,988.61,330.16,20.66,103.35,92.22,285.75,3.1121,1.08,4.173,0.000860162876797688,0.0173534844815624,-0.0281574316789333,0.0348529074292827,-0.0135704828920975,0.011651164026774,-0.2389,-0.1619,-0.2232
2003-06-20,995.69,336.28,19.14,103.18,93.91,280.84,3.3648,1.1599,4.432,0.00713604802162138,0.0183667608227696,-0.0764190776666842,-0.00164625031127308,0.0181598500379625,-0.0173321905258721,0.2527,0.0798999999999999,0.259
2003-06-27,976.22,333.57,19.16,113.39,95.04,276.69,3.5415,1.3474,4.5824,-0.0197479933097293,-0.00809140788382834,0.00104438651790595,0.0943581681672443,0.0119609787978128,-0.0148873662333111,0.1767,0.1875,0.150399999999999
2003-07-04,985.7,344.82,19.39,108.19,94.55,276.4,3.6474,1.3015,4.6838,0.00966407782321532,0.0331698033644372,0.0119326967118463,-0.0469442632842663,-0.00516906050986865,-0.0010486540222221,0.1059,-0.0458999999999998,0.1014
2003-07-11,998.14,346.42,18.47,107.51,95.8,275.05,3.6265,1.2705,4.6818,0.0125414983627952,0.00462936999442931,-0.0486096750434122,-0.00630507420234583,0.0131338898723481,-0.00489619257204765,-0.0209000000000001,-0.0310000000000001,-0.00199999999999978
2003-07-18,993.32,344.54,19.11,98.87,96.63,275.44,3.9989,1.4852,4.9326,-0.00484067911172659,-0.00544171772391078,0.0340639640410334,-0.0837780105880945,0.00862656703440301,0.00141691970880053,0.3724,0.2147,0.2508
2003-07-25,998.68,350.41,17.75,104.92,94.96,275.06,4.175,1.5,5.1163,0.00538153909225958,0.0168937034495746,-0.0738262423307572,0.0593922990896312,-0.0174335017098048,-0.00138056334370607,0.1761,0.0147999999999999,0.1837
2003-08-01,980.15,353.23,20.75,115.93,96.66,266.51,4.3834,1.773,5.314,-0.0187287858382881,0.0080155053673483,0.156160730755283,0.0997884056836371,0.0177439161155251,-0.0315774893324923,0.2084,0.273,0.1977
2003-08-08,977.59,349.61,19.59,157.22,96.36,270.73,4.2694,1.6943,5.2305,-0.00261526194398964,-0.0103011553438623,-0.0575270147202582,0.304659537683301,-0.00310848867026703,0.0157102479158571,-0.114,-0.0787,-0.0834999999999999
2003-08-15,990.67,362.18,18.27,130.96,96.65,269.16,4.5285,1.7945,5.3969,0.0132911226689858,0.0353230783219125,-0.0697588615665339,-0.182754165302732,0.00300502790766899,-0.00581601594980974,0.2591,0.1002,0.166399999999999
2003-08-22,993.06,372.85,18.55,140.59,98.83,274.01,4.4732,1.9136,5.2581,0.0024096032790748,0.0290348681766073,0.0152094186635288,0.0709559200289371,0.0223049967337525,0.0178586037523427,-0.0552999999999999,0.1191,-0.1388
2003-08-29,1008.01,375.52,18.63,135.09,98.1,274.88,4.4636,1.9679,5.2228,0.014942284036521,0.00713553811290968,0.00430339556005288,-0.0399066301102264,-0.00741383581677457,0.00317003672343041,-0.00960000000000072,0.0543,-0.0352999999999994
2003-09-05,1021.39,384.73,18.17,126.55,97.09,278.77,4.3474,1.7175,5.1878,0.0131863544649411,0.0242300574588068,-0.0250013022054172,-0.0653037359904571,-0.0103489831892638,0.0140524302835345,-0.116199999999999,-0.2504,-0.0350000000000001
2003-09-12,1018.63,383.97,18.68,124.73,96,281.09,4.2516,1.6174,5.1594,-0.00270585747589003,-0.00197736502571022,0.0276815503926167,-0.0144860858535152,-0.0112901919142177,0.00828783367163499,-0.0958000000000006,-0.1001,-0.0284000000000004
2003-09-19,1036.3,382.83,17.54,120.87,94.78,283.17,4.1602,1.6627,5.0679,0.0171980899840953,-0.00297339812181541,-0.0629694458566594,-0.0314358132662518,-0.0127897749283941,0.00737252125390331,-0.0914000000000001,0.0453000000000001,-0.0914999999999999
2003-09-26,996.85,376.66,22.23,112.4,93.85,283.95,4.0005,1.5533,4.934,-0.0388116489013362,-0.0162481026473937,0.236958741032068,-0.0726516504117747,-0.00986065350692389,0.00275074231847849,-0.1597,-0.1094,-0.1339
2003-10-03,1029.85,390.32,19.5,113.5,93.1,283.11,4.1987,1.633,5.0955,0.0325681322616509,0.0356239917409811,-0.131028262406404,0.00973889946186635,-0.00802357874949689,-0.00296265162208975,0.1982,0.0797000000000001,0.1615
2003-10-10,1038.06,407.88,18.45,124.8,91.52,286.08,4.269,1.6411,5.1799,0.0079404259729996,0.0440060979884427,-0.0553500950831647,0.0949096190138699,-0.0171166566515337,0.0104359772837972,0.0703000000000005,0.0081,0.0843999999999996
2003-10-17,1039.32,409.65,17.62,118.27,92.29,284.64,4.3876,1.8548,5.2488,0.00121306660746789,0.00433012309179937,-0.0460297499785027,-0.0537423096723018,0.00837826564599808,-0.0050462680676242,0.1186,0.2137,0.0689000000000002
2003-10-24,1028.91,400.68,17.71,125.55,91.43,284.22,4.2297,1.7242,5.119,-0.0100666636789155,-0.0221400328442609,0.00509483128670896,0.0597339393405685,-0.00936214110115063,-0.00147663775380913,-0.1579,-0.1306,-0.1298
2003-10-31,1050.71,409.11,16.1,119.56,92.73,285.05,4.2927,1.8175,5.1314,0.020966136661948,0.0208209647942894,-0.0953101798043252,-0.0488857481878569,0.0141183926357993,0.00291601731387559,0.0629999999999997,0.0932999999999999,0.0124000000000004
2003-11-07,1053.21,416.47,16.93,118.76,93.02,284.94,4.4383,2.0065,5.2529,0.00237651733586031,0.0178303616633206,0.0502679241546269,-0.00671368752017809,0.00312247898381646,-0.000385971688505293,0.1456,0.189,0.1215
2003-11-14,1050.35,417.67,16.94,120.57,91.37,287.86,4.2171,1.8047,5.0505,-0.00271920150815763,0.00287721684090858,0.000590493078864274,0.0151258472336604,-0.0178973267854214,0.0101956190454393,-0.2212,-0.2018,-0.2024
2003-11-21,1035.28,403.72,18.98,114.25,90.6,288.6,4.1592,1.8147,5.0146,-0.0144515204282749,-0.0339700786714232,0.113708103957873,-0.0538414673549053,-0.00846298396159551,0.00256739550524543,-0.0579000000000001,0.01,-0.0359000000000007
2003-11-28,1058.2,413.33,16.32,114.44,90.23,287.93,4.3316,2.0437,5.1311,0.021897429956617,0.0235247370116669,-0.150994443645821,0.00166163840759559,-0.0040922470425242,-0.00232425130216907,0.1724,0.229,0.1165
2003-12-05,1061.5,419.68,17.09,104.91,89.14,291.7,4.2303,1.8668,5.0616,0.00311365067327962,0.0152462107362386,0.0461021475915384,-0.0869478284385155,-0.0121537984879998,0.0130084818360743,-0.1013,-0.1769,-0.0694999999999997
2003-12-12,1074.14,426.37,16.41,116.42,88.6,292.68,4.2379,1.8015,5.0904,0.0118373392476832,0.0158149977851423,-0.0406025920255,0.104101502100195,-0.00607630990737462,0.00335398514215335,0.00760000000000005,-0.0652999999999999,0.0287999999999995
2003-12-19,1088.67,427.76,16.42,111.05,88.15,295.82,4.1332,1.7842,4.9645,0.0134364263159767,0.0032547767367701,0.00060919892228295,-0.0472237915031535,-0.00509194876715569,0.0106712992273952,-0.104699999999999,-0.0173000000000001,-0.1259
2003-12-26,1095.89,433.36,17.45,109.23,87.63,295.56,4.1503,1.8111,4.9694,0.00661005080058619,0.0130065007091673,0.0608395446241539,-0.0165247994849844,-0.00591650377612041,-0.000879299322777527,0.0170999999999992,0.0268999999999999,0.00490000000000013
2004-01-02,1108.48,450.7,18.22,116.23,86.92,295.76,4.3794,1.8991,5.1698,0.0114228889864041,0.0392331383469591,0.0431802431833761,0.0621152358001647,-0.00813524967952972,0.000676452707929265,0.229100000000001,0.0880000000000001,0.2004
2004-01-09,1121.86,468.07,16.75,118.01,85.11,303.74,4.0803,1.656,4.9592,0.0119983146197598,0.0378159276857435,-0.0841216335607369,0.0151983799820412,-0.0210436178993598,0.0266237576737476,-0.2991,-0.2431,-0.2106
2004-01-16,1139.83,459.11,15,102.82,87.73,302.66,4.0299,1.6699,4.8919,0.0158911063478913,-0.0193280246174927,-0.110348057168865,-0.137789480010299,0.0303193786514226,-0.00356200904324311,-0.0504000000000007,0.0139,-0.0673000000000004
2004-01-23,1141.55,467.9,14.84,104.53,86.56,302.58,4.072,1.6598,4.9429,0.00150785956385047,0.0189647651073175,-0.0107239633629757,0.0164942249172571,-0.0134261010421204,-0.000264357942191928,0.0421000000000005,-0.0101,0.0510000000000002
2004-01-30,1131.13,457.19,16.63,112.22,87.2,297.68,4.1319,1.8189,4.961,-0.00916985498599221,-0.0231555384566837,0.113882055465602,0.0709871187782101,0.00736651581676195,-0.0163266212783215,0.0598999999999998,0.1591,0.0181000000000005
2004-02-06,1142.76,459.98,16,116.75,86.02,296.73,4.0772,1.7456,4.9166,0.010229255954485,0.00608395086157731,-0.038619570965055,0.0395736662261808,-0.0136245035593436,-0.00319644961850774,-0.0546999999999995,-0.0732999999999999,-0.0444000000000004
2004-02-13,1145.81,480.05,15.58,115.11,85.55,299.88,4.0402,1.6707,4.9165,0.00266542146905646,0.0427072548665679,-0.0266006817971789,-0.0141467036220364,-0.005478827017388,0.0105597602150018,-0.0370000000000008,-0.0749,-9.99999999997669e-05
2004-02-20,1144.11,475.48,16.04,96.33,87.24,297.35,4.0961,1.7018,4.9525,-0.00148476829959954,-0.0095654450312086,0.0290975619957661,-0.178108396157438,0.0195619409952261,-0.0084724984822584,0.0559000000000003,0.0310999999999999,0.0359999999999996
2004-02-27,1144.94,477.73,14.55,92.83,87.31,299.37,3.9711,1.641,4.8374,0.00072519170518337,0.00472089923267749,-0.0974946088208668,-0.037009933357691,0.000802062489287714,0.00677037041172834,-0.125,-0.0608,-0.1151
2004-03-05,1156.87,488.31,14.48,90.14,88.17,303.15,3.8491,1.5605,4.7628,0.0103658484617117,0.0219047307264155,-0.00482260665993106,-0.0294058461493387,0.00980176527621968,0.0125474659534088,-0.122,-0.0805,-0.0745999999999993
2004-03-12,1120.57,466.8,18.3,92.3,89.12,304.24,3.777,1.5193,4.717,-0.0318805979299617,-0.0450495496591161,0.234132672889805,0.0236801242463045,0.0107170070800384,0.003589131102264,-0.0720999999999998,-0.0411999999999999,-0.0458000000000007
2004-03-19,1109.78,476.81,19.15,97.75,88.13,306.69,3.771,1.51,4.7042,-0.00967568693602239,0.0212171882731678,0.0454016557792794,0.0573690573566683,-0.0111707790674052,0.00802060181702835,-0.00600000000000023,-0.00930000000000009,-0.0127999999999995
2004-03-26,1108.06,466.63,17.33,97.6,88.89,306.15,3.8292,1.5797,4.761,-0.00155105899869135,-0.0215814362657962,-0.0998636118991403,-0.001535705446428,0.00858665314201446,-0.00176228751306873,0.0582000000000003,0.0697000000000001,0.0568
2004-04-02,1141.81,487.02,15.64,105.3,88.51,303.85,4.1435,1.846,4.9777,0.0300039841274185,0.0427685375813667,-0.102607368610349,0.0759359257208825,-0.00428411027279729,-0.00754101934259932,0.3143,0.2663,0.216699999999999
2004-04-09,1139.32,493.89,16.26,112.16,88.97,304,4.1909,1.8579,5.0277,-0.00218312940424781,0.0140076303269012,0.0388763690024994,0.0631130041463504,0.00518369427588983,0.000493542824857585,0.0473999999999997,0.0119,0.0500000000000007
2004-04-16,1134.61,482.35,14.94,115.5,89.94,299.89,4.3383,1.9846,5.1687,-0.00414261365634694,-0.0236428287114778,-0.0846659244149932,0.029344106675568,0.0108435470858854,-0.0136119606553464,0.1474,0.1267,0.141
2004-04-23,1140.6,478.23,14.01,117.46,91.08,297.99,4.4578,2.232,5.2391,0.00526546018998264,-0.00857820330289716,-0.0642708193557557,0.016827320132526,0.0125954598529772,-0.00635581185550116,0.1195,0.2474,0.0703999999999994
2004-04-30,1107.31,441.3,17.19,114.68,90.48,291.85,4.5053,2.3145,5.2844,-0.0296207890829061,-0.0803668720381641,0.204556459045842,-0.023952209079205,-0.00660940938767318,-0.0208199572455738,0.0475000000000003,0.0824999999999996,0.0453000000000001
2004-05-07,1098.7,433.52,18.13,122.93,91.13,278.93,4.7709,2.6178,5.466,-0.00780598793269682,-0.0177869850176426,0.0532402053720014,0.0694694466640806,0.00715822670017019,-0.0452791173654639,0.2656,0.3033,0.1816
2004-05-14,1095.7,409.14,18.47,122.89,91.66,283.31,4.7678,2.5301,5.4853,-0.00273423429548725,-0.057880535497242,0.018579769444389,-0.000325441382743819,0.00579902057294213,0.0155808501995498,-0.00309999999999988,-0.0876999999999999,0.0192999999999994
2004-05-21,1093.56,419.41,18.49,114.53,90.49,283.47,4.7558,2.541,5.4582,-0.00195499911531272,0.024791566009025,0.00108225118788496,-0.0704528488868803,-0.0128467317179357,0.000564592978758327,-0.0120000000000005,0.0108999999999999,-0.0270999999999999
2004-05-28,1120.68,434.13,15.5,107.77,88.9,286.98,4.6468,2.5323,5.3445,0.0244972146135911,0.0344950666483692,-0.176390021473833,-0.0608374708008848,-0.0177272048431831,0.0123062294576162,-0.109,-0.00869999999999971,-0.1137
2004-06-04,1122.5,422.33,16.78,106.12,88.54,287.53,4.7715,2.6874,5.4572,0.00162269670678317,-0.0275570294559548,0.0793476771138595,-0.0154287973392018,-0.00405771521586384,0.00191467569937576,0.1247,0.1551,0.1127
2004-06-11,1136.47,419.24,15.04,102.33,90.01,287.48,4.7995,2.8046,5.4742,0.0123686264954053,-0.00734345066007958,-0.109474382517367,-0.0363676441708751,0.0164663479649994,-0.000173910019394263,0.0280000000000005,0.1172,0.0169999999999995
2004-06-18,1135.02,417.14,14.99,98.71,89.08,289.12,4.7096,2.7824,5.3767,-0.00127669520618756,-0.00502165143348776,-0.00333000640718728,-0.0360166266688671,-0.010385932879827,0.0056885342436761,-0.0899000000000001,-0.0222000000000002,-0.0975000000000001
2004-06-25,1134.43,431.17,15.19,99.12,88.88,290.21,4.6459,2.7338,5.3347,-0.000519949779278939,0.0330805470221067,0.013254004493175,0.00414497889109011,-0.00224769705779249,0.00376297200626841,-0.0636999999999999,-0.0486,-0.0419999999999998
2004-07-02,1125.38,429.97,15.08,100.95,87.99,294.74,4.4589,2.5224,5.2054,-0.00800956574412037,-0.00278700507870866,-0.0072679540278715,0.0182941074379599,-0.0100639736739057,0.0154888129349304,-0.187,-0.2114,-0.1293
2004-07-09,1112.81,429.25,15.78,94.71,87.42,294.34,4.4565,2.5122,5.2065,-0.0112324084726101,-0.00167593903430152,0.0453739528379185,-0.0638057535208363,-0.00649908222230078,-0.00135805004915035,-0.00239999999999974,-0.0102000000000002,0.0011000000000001
2004-07-16,1101.4,428.58,14.34,97.07,87.14,300.45,4.3491,2.4933,5.115,-0.0103062500812365,-0.00156208138264891,-0.0956904802462542,0.0246127764861246,-0.00320806874587198,0.02054578904397,-0.1074,-0.0188999999999999,-0.0914999999999999
2004-07-23,1086.2,421.41,16.5,99.71,89.26,298.55,4.4301,2.6491,5.1659,-0.0138967312276366,-0.0168711868840079,0.140307545735061,0.0268336051165665,0.0240374385118276,-0.00634392778693549,0.0810000000000004,0.1558,0.0508999999999995
2004-07-30,1101.72,423.14,15.32,90.53,89.96,299.46,4.4747,2.6771,5.1969,0.0141872283428643,0.00409686204424276,-0.0742012165940897,-0.0965846853533527,0.00781166788999066,0.00304342971657157,0.0446,0.028,0.0310000000000006
2004-08-06,1063.97,421.28,19.34,97.21,88.36,304.11,4.2196,2.3833,5.0355,-0.0348653999282416,-0.00440539780717142,0.233016325712703,0.0711922993456291,-0.0179457485391978,0.0154086253528449,-0.255100000000001,-0.2938,-0.1614
2004-08-13,1064.8,421.79,17.98,103.11,87.9,306.25,4.2268,2.4534,5.0168,0.000779793065533774,0.00120986409719315,-0.0729154609816738,0.0589227926968743,-0.00521957386078498,0.00701228379651919,0.0072000000000001,0.0700999999999996,-0.0186999999999999
2004-08-20,1098.35,432.2,16,96.13,88.12,308.4,4.2325,2.4339,5.0239,0.0310220655792932,0.0243808842275932,-0.116671306803693,-0.0700949374521276,0.00249971724301101,0.00699587983023697,0.00570000000000004,-0.0194999999999999,0.00710000000000033
2004-08-27,1107.77,438.12,14.71,100.88,89.77,309.71,4.2265,2.4797,5.0195,0.00853993187163304,0.0136044013827599,-0.084061187626435,0.04823024957894,0.0185513218344546,0.00423873408093201,-0.00600000000000023,0.0457999999999998,-0.0044000000000004
2004-09-03,1113.63,442.46,13.91,102,89.63,309.71,4.2945,2.5784,5.0578,0.00527596434063415,0.00985721942629514,-0.0559195286779946,0.0110411216276063,-0.0015607583993269,0,0.0680000000000005,0.0987,0.0383000000000004
2004-09-10,1123.92,450.56,13.76,89.29,88.39,312.49,4.1856,2.4813,4.9841,0.00919762467093399,0.0181411886477818,-0.010842173430154,-0.133083313755145,-0.0139312442964137,0.00893609289433961,-0.1089,-0.0970999999999997,-0.0737000000000005
2004-09-17,1128.55,460.68,14.03,96.58,88.84,315.5,4.1064,2.4736,4.9095,0.00411104833436937,0.0222124052710839,0.0194320616091721,0.0784821809162706,0.00507815795336963,0.00958621331682252,-0.0792000000000002,-0.00770000000000026,-0.0745999999999993
2004-09-24,1110.11,461.29,14.28,93.66,88.4,316.15,4.0273,2.567,4.798,-0.0164745133822777,0.00132325366120156,0.0176620627970685,-0.0307004766899999,-0.00496502938262822,0.00205810252335414,-0.0790999999999995,0.0934000000000004,-0.1115
2004-10-01,1131.5,470.55,12.75,95.63,87.63,315.46,4.1871,2.6216,4.9436,0.0190850765781043,0.0198753108428891,-0.113328685307003,0.0208153746060553,-0.00874856457583917,-0.00218489344529438,0.1598,0.0545999999999998,0.1456
2004-10-08,1122.14,481.7,15.05,93.08,87.51,319.68,4.1286,2.5817,4.9067,-0.00830660959137486,0.0234192903313781,0.16584671959045,-0.0270272399273601,-0.00137033252001917,0.0132886044008611,-0.0585000000000004,-0.0398999999999998,-0.0369000000000002
2004-10-15,1108.2,466.45,15.04,91.38,87.09,319.39,4.0531,2.5162,4.8451,-0.0125004990489677,-0.0321706802292052,-0.000664672673191369,-0.0184327022989654,-0.00481100584309147,-0.00090756887322474,-0.0754999999999999,-0.0655000000000001,-0.0615999999999994
2004-10-22,1095.73,468.15,15.28,90.59,85.87,320,3.974,2.5162,4.7605,-0.0113162696394875,0.00363792397792828,0.0158314652166807,-0.00868280445392955,-0.0141075420202554,0.00190806920680764,-0.0790999999999995,0,-0.0846
2004-10-29,1130.2,474.27,16.27,85.84,84.91,320.63,4.0235,2.5484,4.7889,0.0309738004019815,0.0129880223913075,0.0627781374925722,-0.0538587333587532,-0.0112426526731211,0.00196681455157854,0.0495000000000001,0.0322,0.0283999999999995
2004-11-05,1166.17,490.35,13.84,96.45,84.01,321.95,4.1727,2.7613,4.8969,0.0313302666858855,0.0333426420621237,-0.161759971041423,0.116539641029295,-0.0106560326345164,0.00410844363884166,0.1492,0.2129,0.108
2004-11-12,1184.17,497.78,13.33,92.68,83.69,323.07,4.1786,2.8138,4.8967,0.0153172323366269,0.0150387905102312,-0.0375458159989064,-0.0398720397875625,-0.00381634333197312,0.00347276402470698,0.00590000000000046,0.0525000000000002,-0.000199999999999534
2004-11-19,1170.34,505.8,13.5,85.93,83.31,324.56,4.2035,2.9168,4.8844,-0.0117478023513602,0.0159831218873041,0.0126725512537664,-0.0756196882390432,-0.00455090605796471,0.00460140088929251,0.0248999999999997,0.103,-0.0122999999999998
2004-11-26,1182.65,511.7,12.78,87.6,81.78,324.93,4.2459,3.0291,4.8853,0.0104633783487174,0.0115971815751807,-0.0548082364949951,0.0192479866172137,-0.0185358750503211,0.00113935561756406,0.0423999999999998,0.1123,0.000899999999999679
2004-12-03,1191.17,520.82,12.96,84.9,80.98,324.62,4.2497,2.9157,4.9268,0.00717833414933722,0.0176659768037153,0.0139862419747403,-0.031306904625044,-0.00983050433248156,-0.000954507038831487,0.00380000000000003,-0.1134,0.0415000000000001
2004-12-10,1188,503.92,12.76,78.12,82.67,326.23,4.1489,2.9323,4.8176,-0.0026647964423594,-0.0329869673010874,-0.0155524130074851,-0.083227987308824,0.0206545686605688,0.00494738659890004,-0.1008,0.0165999999999999,-0.1092
2004-12-17,1194.22,520.91,11.95,82.98,82.16,328.67,4.199,2.9994,4.8265,0.00522203166352675,0.0331597567959161,-0.0655839995391241,0.0603535088962444,-0.00618821364428079,0.00745155379510187,0.0500999999999996,0.0670999999999999,0.00890000000000057
2004-12-24,1210.13,531.6,11.23,86.43,81.28,330.03,4.2144,2.9922,4.8443,0.0132345392501483,0.0203140447295009,-0.0621425096271677,0.0407352228598246,-0.0107685817901313,0.00412935154852789,0.0154000000000005,-0.0072000000000001,0.0177999999999994
2004-12-31,1211.92,542.17,13.29,80.67,80.85,330.33,4.2182,3.0651,4.8261,0.00147808701380292,0.0196882785582249,0.168423103974802,-0.0689680788156641,-0.00530439780705638,0.000908595374155219,0.00380000000000003,0.0729000000000002,-0.0181999999999993
2005-01-07,1186.19,518.96,13.49,86.6,83.6,327.89,4.269,3.1891,4.835,-0.0214593887625485,-0.0437527964925151,0.0149367974945105,0.0709330566195066,0.0334479340675404,-0.00741396851082765,0.0507999999999997,0.124,0.00889999999999969
2005-01-14,1184.52,528.16,12.43,92.38,82.97,329.02,4.208,3.2244,4.7276,-0.00140886086972358,0.0175724592000828,-0.0818357646970447,0.0646106894340699,-0.00756442341446206,0.00344035290849298,-0.0609999999999999,0.0353000000000003,-0.1074
2005-01-21,1167.87,525.49,14.36,76.61,83.26,330.42,4.1399,3.1419,4.6427,-0.0141560523939441,-0.00506810746465902,0.144333658097458,-0.187182888473729,0.00348914509063558,0.00424603331117091,-0.0681000000000003,-0.0825,-0.0849000000000002
2005-01-28,1171.36,535.71,13.24,76.3,83.48,332.11,4.1397,3.2551,4.6079,0.0029838900744803,0.0192618092369186,-0.0812040131112157,-0.00405467823831884,0.00263884044217111,0.00510166683914104,-0.000199999999999534,0.1132,-0.0347999999999997
2005-02-04,1203.03,549.46,11.21,78.62,84.39,335.17,4.0753,3.2808,4.4817,0.0266779074212682,0.0253430078683721,-0.166436313424794,0.029953181703303,0.0108418289608752,0.0091716264544015,-0.0644,0.0257000000000001,-0.1262
2005-02-11,1205.3,553.84,11.43,75.51,84.57,336.37,4.0844,3.3236,4.4805,0.00188512427469689,0.00793985862425561,0.0194352407226508,-0.0403610221783799,0.00213068262425509,0.0035738787779156,0.00909999999999922,0.0427999999999997,-0.00119999999999987
2005-02-18,1201.59,566.62,11.18,81.95,83.49,334.85,4.2655,3.435,4.6495,-0.00308281885607453,0.0228130486740614,-0.0221150100797662,0.0818442073745045,-0.0128527295882215,-0.0045290742178441,0.181100000000001,0.1114,0.169
2005-02-25,1211.37,581.73,11.49,78.46,82.66,335.4,4.2638,3.5219,4.6386,0.00810627076695525,0.0263175375188043,0.0273506241337111,-0.0435203644084323,-0.00999105512232301,0.00164117903304906,-0.00170000000000048,0.0869,-0.0108999999999995
2005-03-04,1222.13,585.26,11.94,80.7,82.52,336.89,4.3076,3.556,4.6489,0.00884328754681807,0.00604977037748711,0.0384170161037916,0.0281496344944969,-0.00169512088053558,0.00443261818452978,0.0438000000000001,0.0341,0.0103
2005-03-11,1200.08,585.03,12.8,83,81.42,333.25,4.5423,3.716,4.8093,-0.0182070168313615,-0.000393064971864199,0.0695510629611156,0.0281020325206951,-0.0134197451282176,-0.0108635085148201,0.2347,0.16,0.1604
2005-03-18,1189.65,564.03,13.14,93.7,82.05,329.89,4.5066,3.6937,4.81,-0.00872907502319631,-0.0365556863954559,0.0262158421308931,0.121257581447778,0.00770787446126686,-0.0101336934995304,-0.0357000000000003,-0.0223,0.000699999999999257
2005-03-25,1171.42,548.44,13.42,90.1,84.15,323.22,4.5929,3.8507,4.844,-0.0154424581003481,-0.0280295570843485,0.0210851184870711,-0.0391780246300844,0.0252721031007148,-0.0204260596387904,0.0863000000000005,0.157,0.0340000000000007
2005-04-01,1172.92,555.86,14.09,88.37,84.43,327.47,4.4475,3.7251,4.721,0.00127967803705698,0.0134385794943963,0.0487191943670533,-0.0193876190843785,0.00332186804459411,0.0130632419055585,-0.1454,-0.1256,-0.123
2005-04-08,1181.2,555.44,12.62,75.16,84.4,328.38,4.4683,3.7412,4.7683,0.0070345047356204,-0.000755871537832853,-0.110182468797522,-0.161913370984649,-0.000355387079497227,0.00277502655782591,0.0208000000000004,0.0161000000000002,0.0472999999999999
2005-04-15,1142.62,535.99,17.74,81.4,84.56,327.37,4.2406,3.4902,4.6084,-0.0332069997942117,-0.0356450882646726,0.340539119768366,0.0797560984632302,0.00189393996007059,-0.00308044467760293,-0.2277,-0.251,-0.1599
2005-04-22,1152.12,537.62,15.38,83.84,83.5,330.51,4.2449,3.597,4.5793,0.00827985242197649,0.00303648671755497,-0.142754012803935,0.0295349475642368,-0.0126147097051721,0.00954588631380382,0.00430000000000064,0.1068,-0.0290999999999997
2005-04-29,1156.85,531.99,15.31,84.18,84.43,331.01,4.1976,3.6495,4.5133,0.00409707065615805,-0.0105272987254033,-0.00456175440790574,0.00404714276969287,0.0110761568245987,0.00151167038098521,-0.0472999999999999,0.0525000000000002,-0.0659999999999998
2005-05-06,1171.35,550.78,14.05,82.53,84.62,333.44,4.2576,3.7156,4.6278,0.0124561356231032,0.0347107632021242,-0.0858838138898372,-0.0197954997378318,0.00224785661051286,0.00731435272387948,0.0599999999999996,0.0660999999999996,0.1145
2005-05-13,1154.05,537.3,16.32,78.4,86.1,333.6,4.1173,3.5826,4.4805,-0.0148794350910348,-0.0247788576398458,0.149768953756206,-0.0513379362482302,0.017338766141763,0.000479731359644298,-0.1403,-0.133,-0.1473
2005-05-20,1189.28,544.38,13.14,87.1,86.63,335.51,4.121,3.6577,4.4381,0.0300705872912239,0.0130909346748167,-0.216730336479496,0.105232956502094,0.00613676446836386,0.00570909174226131,0.00370000000000026,0.0751000000000004,-0.0423999999999998
2005-05-27,1198.78,550.5,12.15,76.6,86.42,338.21,4.0709,3.6389,4.4293,0.00795629097633999,0.0111794237531422,-0.0783318432699072,-0.128459807111912,-0.00242704539826111,0.00801524210327287,-0.0501000000000005,-0.0188000000000002,-0.00880000000000081
2005-06-03,1196.02,555.79,12.15,73.75,88.04,342.36,3.9732,3.5573,4.2812,-0.00230499517453708,0.00956356890032595,0,-0.0379160815266157,0.0185721261544733,0.0121958106832833,-0.0977000000000001,-0.0815999999999999,-0.148099999999999
2005-06-10,1198.11,556.16,11.96,78.9,88.69,340.73,4.0514,3.6908,4.3244,0.00174593738093698,0.000665497573912433,-0.0157614212640715,0.0675002326318994,0.00735588673010046,-0.00477244021655743,0.0782000000000003,0.1335,0.0431999999999997
2005-06-17,1216.96,569.96,11.48,82.53,87.65,342.4,4.0705,3.7007,4.3607,0.0156106305801718,0.0245101602906157,-0.0409613576310655,0.044980635752764,-0.0117955320211181,0.00488926947073498,0.0190999999999999,0.00990000000000002,0.0362999999999998
2005-06-24,1191.57,567.25,12.18,72.4,88.78,344.47,3.917,3.5751,4.2207,-0.0210841804513295,-0.00476605926763707,0.0591888713903304,-0.130955564212922,0.0128097880386457,0.0060273596656133,-0.1535,-0.1256,-0.14
2005-07-01,1194.44,568.16,11.4,76,90.13,345.8,4.0489,3.7401,4.2942,0.00240569099386878,0.00160294553482654,-0.066181906881301,0.0485270408946601,0.0150916731624298,0.00385356931599024,0.1319,0.165,0.0735000000000001
2005-07-08,1211.86,564.09,11.45,78.85,90.25,344.95,4.0914,3.7657,4.3413,0.014478913123698,-0.00718925595928521,0.00437637459979889,0.0368139731227162,0.00133052464467198,-0.00246109425707264,0.0425000000000004,0.0255999999999998,0.0471000000000004
2005-07-15,1227.92,582.83,10.33,80.12,89.72,346.17,4.1635,3.8591,4.3963,0.0131653115990211,0.0326817353955979,-0.102937446868701,0.01597819738857,-0.00588988756098274,0.00353050488256823,0.0720999999999998,0.0934000000000004,0.0549999999999997
2005-07-22,1233.68,596.12,10.52,77.5,89.64,345.1,4.2185,3.9036,4.4399,0.00467989154424764,0.0225464404495011,0.0182259241780165,-0.0332475744383158,-0.000892060719281496,-0.00309575377072857,0.0549999999999997,0.0444999999999998,0.0435999999999996
2005-07-29,1234.18,602.56,11.57,75.54,89.35,346.09,4.276,4.0147,4.4706,0.000405209377227322,0.010745256388196,0.0951373338960213,-0.0256156190749906,-0.00324040732728914,0.00286462673650423,0.0575000000000001,0.1111,0.0307000000000004
2005-08-05,1226.42,615.71,12.48,74.8,88.06,347.22,4.3861,4.0988,4.582,-0.00630742560897524,0.0215888279926233,0.0757118217356965,-0.0098444323038791,-0.0145428412778292,0.00325972797334106,0.1101,0.0840999999999994,0.1114
2005-08-12,1230.39,621.3,12.74,75.97,86.98,347.73,4.2423,4.0333,4.4484,0.00323183596246768,0.00903798360823682,0.0206192872027358,0.0155206405346986,-0.0123401931581153,0.00146773175496051,-0.1438,-0.0655000000000001,-0.1336
2005-08-19,1219.71,604.18,13.42,74.01,88.6,347.83,4.2054,4.0176,4.4189,-0.00871806672714293,-0.0279418902869262,0.0519994813995184,-0.0261383063057554,0.0184536504415425,0.000287538100779194,-0.0369000000000002,-0.0156999999999998,-0.0295000000000005
2005-08-26,1205.1,604.76,13.72,73.3,87.86,349.1,4.186,4.0657,4.372,-0.0120505745196313,0.000959518329278986,0.0221084907542037,-0.00963961031676952,-0.00838721906340201,0.00364455944144826,-0.0194000000000001,0.0480999999999998,-0.0468999999999999
2005-09-02,1218.02,624,13.57,73.63,86.3,353.99,4.0362,3.7522,4.2961,0.0106640384629317,0.0313186832574273,-0.0109931484509618,0.00449194248801987,-0.0179150404582513,0.013910250036214,-0.1498,-0.313499999999999,-0.0758999999999999
2005-09-09,1241.48,633.59,11.98,80.66,86.89,355.04,4.1181,3.8661,4.399,0.0190776267772774,0.0152516891779557,-0.124622881159474,0.0911902380645966,0.00681335276173289,0.00296179503707883,0.0819000000000001,0.1139,0.1029
2005-09-16,1237.91,640.21,11.22,79.91,88.06,355.36,4.271,3.9738,4.5646,-0.00287974257147283,0.0103941899850994,-0.0655406925927529,-0.00934178805885022,0.0133754494764933,0.000900900961833706,0.1529,0.1077,0.1656
2005-09-23,1215.29,640.73,12.96,82.5,89.29,356.75,4.2456,4.0157,4.5191,-0.0184417422801477,0.000811903802777181,0.144169790829578,0.0318972919542633,0.0138710992015172,0.00390389621082843,-0.0254000000000003,0.0418999999999996,-0.0455000000000005
2005-09-30,1228.81,661.32,11.92,78.17,89.52,358.67,4.324,4.1649,4.5668,0.0110634899591924,0.031629686347884,-0.0836500292869253,-0.0539123511083961,0.00257256447454424,0.00536748933378561,0.0784000000000003,0.1492,0.0476999999999999
2005-10-07,1195.9,637.9,14.59,76.71,89.17,354.6,4.354,4.183,4.5645,-0.0271471814063657,-0.0360563064352348,0.202118700897491,-0.0188538642610343,-0.00391740385688166,-0.0114123520506233,0.0300000000000003,0.0180999999999996,-0.00229999999999997
2005-10-14,1186.57,618.36,14.87,77.48,89.46,348.24,4.4793,4.2517,4.7023,-0.00783224778905289,-0.0311107191197761,0.0190093979373693,0.00998776056759088,0.00324693785791386,-0.0180984963960658,0.1253,0.0686999999999998,0.1378
2005-10-21,1179.59,607.83,16.13,80.7,90.31,351.26,4.3837,4.2026,4.6017,-0.0058998717305041,-0.0171755745219633,0.0813351316650537,0.0407187367371078,0.00945659825800593,0.00863479274954759,-0.0956000000000001,-0.0490999999999993,-0.1006
2005-10-28,1198.41,605.69,14.25,78.4,89.59,351.8,4.5648,4.3819,4.7719,0.0158287577322147,-0.0035269335789021,-0.123923985422458,-0.0289146479195406,-0.00800448965322076,0.00153614230986765,0.1811,0.1793,0.170199999999999
2005-11-04,1220.14,637.38,13.17,80.2,91.26,351.66,4.659,4.4661,4.8571,0.0179699280544963,0.0509977199927088,-0.0788153909594698,0.0226995875161062,0.0184688688897694,-0.000398032587064279,0.0941999999999998,0.0842000000000001,0.0852000000000004
2005-11-11,1234.71,646.64,11.63,76.5,91.98,354.12,4.5333,4.426,4.7412,0.0118705184323771,0.0144237014056126,-0.124353549224617,-0.0472327740399789,0.00785858661252181,0.00697103902645502,-0.1257,-0.0400999999999998,-0.1159
2005-11-18,1248.27,657.74,11.12,79.88,91.93,356.8,4.4881,4.3844,4.6831,0.0109224680094719,0.0170199910345055,-0.0448426777081368,0.0432347677151244,-0.000543744236114918,0.00753956196300631,-0.0451999999999995,-0.0415999999999999,-0.0581000000000005
2005-11-25,1268.25,667.16,10.88,76.51,92.04,360.05,4.4274,4.316,4.6581,0.0158794047630346,0.014220180748878,-0.0218190473946396,-0.0431040573038537,0.00119584729150191,0.00906750998902162,-0.0607000000000006,-0.0684000000000005,-0.0249999999999995
2005-12-02,1265.08,679.1,11.01,72.06,91.93,359.15,4.5115,4.4157,4.7135,-0.00250263617809399,0.0177384949107733,0.0118777093067917,-0.0599223459238134,-0.00119584729150191,-0.00250278217406574,0.0841000000000003,0.0997000000000003,0.0553999999999997
2005-12-09,1259.37,683.73,11.69,69.39,91.25,359.13,4.5233,4.4001,4.7273,-0.00452376536486376,0.00679471073160354,0.0599298247493887,-0.0377563404084897,-0.00742442541306243,-5.5688589422509e-05,0.0118,-0.0156000000000001,0.0137999999999998
2005-12-16,1267.32,689.64,10.68,71.89,89.71,360.32,4.4327,4.3503,4.6426,0.00629283864254226,0.00860661945630081,-0.0903609419519285,0.0353944080843229,-0.0170207468914088,0.00330808557988327,-0.0906000000000002,-0.0498000000000003,-0.0846999999999998
2005-12-23,1268.66,703.32,10.27,70.27,90.78,362.51,4.372,4.351,4.5447,0.00105679076704845,0.0196422579686883,-0.0391458095915818,-0.0227922077916745,0.0118567514571275,0.00605953460986264,-0.0606999999999998,0.000700000000000145,-0.0979000000000001
2005-12-30,1248.29,706.48,12.07,67.89,91.17,364.19,4.3911,4.3996,4.5348,-0.0161866105833308,0.00448291288420855,0.161496011168973,-0.0344562168905505,0.00428689856849207,0.00462364935444448,0.0190999999999999,0.0486000000000004,-0.00990000000000002
2006-01-06,1285.45,744.63,11,72.09,88.91,367.15,4.3733,4.3494,4.5607,0.0293342368479479,0.0525925575550836,-0.0928277623110696,0.0600265901029315,-0.0251012734637639,0.00809477442204099,-0.0177999999999994,-0.0502000000000002,0.0259
2006-01-13,1287.61,756.75,11.23,69.12,88.89,367.3,4.3534,4.332,4.5284,0.00167893520352269,0.016145497186197,0.0206934959519813,-0.0420712139206865,-0.000224971879464242,0.000408468928002392,-0.0199000000000007,-0.0174000000000003,-0.0322999999999993
2006-01-20,1261.48,754.22,14.56,64.9,88.97,369.69,4.3493,4.3481,4.5214,-0.0205021519680324,-0.0033488452642283,0.259689274018188,-0.062996500785756,0.000899584003092535,0.00648586379251981,-0.00409999999999933,0.0160999999999998,-0.00700000000000056
2006-01-27,1283.72,779.37,11.97,66.2,89.32,369.79,4.5092,4.4906,4.6918,0.0174764781201411,0.03280179837917,-0.195874523198658,0.0198328392329179,0.00392619271528094,0.000270460325118904,0.159899999999999,0.1425,0.1704
2006-02-03,1264.03,767.59,12.96,73.7,89.89,370.19,4.5232,4.5662,4.6242,-0.0154570833313139,-0.0152301645866357,0.079464171354247,0.107322336252329,0.0063612736133507,0.00108111040557901,0.0140000000000002,0.0756000000000006,-0.0675999999999997
2006-02-10,1266.99,771.21,12.87,68.74,90.55,372.71,4.5845,4.6772,4.5518,0.00233897902779923,0.00470497358711342,-0.00696866931609375,-0.069671527773604,0.00731548374411517,0.00678425000797578,0.0613000000000001,0.111,-0.0724
2006-02-17,1287.24,778.56,12.01,72.4,90.64,373.99,4.5372,4.6714,4.5057,0.0158563827671721,0.00948534957791036,-0.069159385516143,0.0518750279699836,0.00099343239032823,0.0034284217323366,-0.0472999999999999,-0.00579999999999981,-0.0461
2006-02-24,1289.43,786.06,11.46,62.53,90.61,375.43,4.5727,4.7161,4.5258,0.00169986884416229,0.00958706579847668,-0.0468769248052987,-0.146559857812465,-0.000331034485781423,0.00384297662783428,0.0354999999999999,0.0446999999999997,0.0201000000000002
2006-03-03,1287.23,784.85,11.96,55.24,89.66,374.73,4.6801,4.7414,4.6594,-0.00170763743342484,-0.00154050867241828,0.0427050372358924,-0.123959113038115,-0.0105398435066757,-0.00186626907105847,0.1074,0.0252999999999997,0.1336
2006-03-10,1281.58,752.45,11.85,63.11,90.85,370.95,4.7567,4.7335,4.7476,-0.00439893110888079,-0.0421580674884883,-0.00923988094134565,0.133191907055057,0.0131850561148861,-0.0101384840103931,0.0766,-0.00789999999999935,0.0882000000000005
2006-03-17,1307.25,782.39,12.12,62.5,88.92,373.64,4.6705,4.6321,4.7173,0.0198320023690455,0.0390187882201056,0.022529113060028,-0.00971267885379223,-0.0214727057461843,0.00722548436911374,-0.0862000000000007,-0.1014,-0.0303000000000004
2006-03-24,1302.95,774.14,11.19,64.51,90.07,372.44,4.6686,4.7089,4.6893,-0.00329476966507514,-0.0106006016666873,-0.0798364583173346,0.0316536938017942,0.0128500566996559,-0.00321681598431933,-0.00190000000000001,0.0767999999999995,-0.0279999999999996
2006-03-31,1294.83,787.8,11.39,65.7,89.73,370.5,4.8472,4.8161,4.8898,-0.00625151201800378,0.0174915147506596,0.0177152551352573,0.0182786749464148,-0.00378198448568501,-0.00522250628418775,0.1786,0.1072,0.2005
2006-04-07,1295.5,814.06,12.26,68.6,89.69,367.22,4.9774,4.8932,5.0553,0.000517308617003387,0.0327898228229913,0.0736061530489742,0.0431936092412748,-0.000445881180055174,-0.00889232124209993,0.1302,0.0771000000000006,0.1655
2006-04-14,1289.12,809.06,12.38,70.8,89.59,366.63,5.0448,4.9467,5.1124,-0.00493690597327845,-0.00616099341485121,0.00974033674838504,0.0315664659678339,-0.00111557352042446,-0.00160795837602201,0.0674000000000001,0.0534999999999997,0.0571000000000002
2006-04-21,1311.28,843.6,11.59,71.7,88.05,369.98,5.0079,4.8973,5.0928,0.0170439443522188,0.0418053686596744,-0.06593960990479,0.0126317469059014,-0.0173388716672713,0.00909578500522379,-0.0369000000000002,-0.0493999999999994,-0.0195999999999996
2006-04-28,1310.61,841.58,11.59,66,86.11,370.34,5.0505,4.8583,5.1615,-0.000511081711730199,-0.00239737116210392,0,-0.0828360055791499,-0.0222792862341414,0.000972552486426359,0.0426000000000002,-0.0390000000000006,0.0686999999999998
2006-05-05,1325.76,870.38,11.62,63,85.14,370.55,5.0997,4.9247,5.1875,0.0114932022196621,0.0336488204539887,0.00258509407210505,-0.0465200156348926,-0.0113285883080678,0.000566885787698368,0.0491999999999999,0.0663999999999998,0.0259999999999998
2006-05-12,1291.24,856.95,14.19,65.6,83.91,366.88,5.1938,5.0009,5.3106,-0.026382882918865,-0.0155503240579238,0.199809739748186,0.0404409695585111,-0.0145521645180278,-0.00995356928777369,0.0941000000000001,0.0762000000000001,0.1231
2006-05-19,1267.03,786.47,17.18,65.8,84.88,365.88,5.0584,4.9587,5.1376,-0.0189274179498726,-0.0858249957422439,0.191208425384158,0.00304414238122774,0.0114936984237488,-0.00272940832143043,-0.135400000000001,-0.0421999999999994,-0.173
2006-05-26,1280.16,769.7,14.26,68.8,85.16,365.19,5.0481,4.9414,5.1545,0.0103094910815145,-0.0215537495560652,-0.186287501569959,0.0445839066080262,0.00329334571955187,-0.00188764469854874,-0.0103,-0.0173000000000005,0.0168999999999997
2006-06-02,1288.22,767.11,14.32,67.1,84.04,365.34,4.9898,4.908,5.0949,0.00627635042996921,-0.00337062154996559,0.00419874654634977,-0.0250197009616615,-0.0132389640484796,0.00041066075892271,-0.0583,-0.0333999999999994,-0.0595999999999997
2006-06-09,1252.3,706.1,18.12,65.5,85.72,365.76,4.9714,4.9921,5.0199,-0.0282795599617964,-0.0828733364680048,0.235359139082334,-0.0241339013364295,0.0197932946285766,0.00114895375790791,-0.0183999999999998,0.0840999999999994,-0.0750000000000002
2006-06-16,1251.54,706.75,17.25,66.1,85.94,363.88,5.1264,5.155,5.1686,-0.000607067562895303,0.000920126051398462,-0.0492041571374644,0.00911860421643418,0.00256320774147323,-0.00515323765258469,0.155,0.162900000000001,0.1487
2006-06-23,1244.5,699.76,15.89,65.4,86.88,359.04,5.2223,5.261,5.2536,-0.00564095019944411,-0.0099395774621005,-0.0821221629287443,-0.0106464883944879,0.0108784778387756,-0.0133903400595843,0.0958999999999994,0.106,0.085
2006-06-30,1270.2,747.54,13.08,70.7,85.16,362.27,5.1364,5.1498,5.1859,0.0204405255612272,0.0660503964272277,-0.194605634519572,0.0779233144393743,-0.0199960161603459,0.00895598727246494,-0.0858999999999996,-0.1112,-0.0676999999999994
2006-07-07,1265.48,751.51,13.97,65.5,85.01,364.96,5.1261,5.1663,5.1738,-0.00372287153860817,0.0052967002855624,0.0658278272398181,-0.0763954302613206,-0.00176294339601135,0.00739796836933682,-0.0103,0.0164999999999997,-0.0121000000000002
2006-07-14,1236.2,722.67,18.05,64,86.1,365.47,5.0629,5.0895,5.115,-0.0234093386050933,-0.0391318293974745,0.25623351151002,-0.0231670592815352,0.0127405148044168,0.00139643794169597,-0.0632000000000001,-0.0767999999999995,-0.0587999999999997
2006-07-21,1240.29,729.88,17.4,68.9,85.93,369.6,5.0404,5.0715,5.0931,0.00330306499810007,0.00992745064141953,-0.0366754785584069,0.0737730946599413,-0.00197640010855249,0.0112371432897547,-0.0225,-0.0179999999999998,-0.0219000000000005
2006-07-28,1278.55,755.4,14.33,66.1,85.38,373.4,4.9896,4.9751,5.0703,0.030381400073332,0.0343672732100222,-0.194114964380403,-0.041487431161972,-0.0064211299953163,0.010228891340093,-0.0507999999999997,-0.0964,-0.0228000000000002
2006-08-04,1279.36,763.4,14.34,63.7,84.58,376.98,4.8925,4.8989,4.988,0.000633329575375541,0.0105347300327727,0.00069759333139352,-0.0369841842795235,-0.00941404928547307,0.00954190453528891,-0.0971000000000002,-0.0762000000000001,-0.0822999999999992
2006-08-11,1266.74,768.47,14.3,62.5,85.49,377.89,4.9691,4.965,5.0939,-0.00991328176460637,0.00661938482032376,-0.00279329790561267,-0.0190180058357612,0.0107015779937996,0.00241101233541574,0.0766,0.0660999999999996,0.105899999999999
2006-08-18,1302.3,777.22,11.64,58.8,85.09,381.05,4.841,4.8705,4.9786,0.0276852608662832,0.0113219254426893,-0.20581209496257,-0.0610247018377752,-0.00468989017667632,0.00832745213380015,-0.1281,-0.0945,-0.1153
2006-08-25,1295.09,766,12.31,59.3,85.38,380.01,4.7793,4.8516,4.9243,-0.00555174118539981,-0.0145412808335514,0.0559644978930702,0.00846745109909897,0.00340236146834982,-0.00273303194847596,-0.0617000000000001,-0.0188999999999995,-0.0543000000000005
2006-09-01,1311.01,778.57,11.96,58.3,84.92,383.3,4.7236,4.7579,4.8716,0.0122176417114162,0.0162767339973167,-0.0288441916738762,-0.0170072126472336,-0.00540224449476057,0.00862040422285837,-0.0556999999999999,-0.0937000000000001,-0.0526999999999998
2006-09-08,1298.92,770.11,13.16,56.7,85.95,383.32,4.7708,4.8068,4.918,-0.00926468256081758,-0.0109255419504306,0.0956141773746855,-0.0278278826227396,0.0120560949938033,5.21770890520301e-05,0.0472000000000001,0.0488999999999997,0.0464000000000002
2006-09-15,1319.87,771.51,11.76,56.4,85.98,383.56,4.7885,4.8566,4.9096,0.0160000969431247,0.00181627169453513,-0.11247798342669,-0.00530505222969335,0.000348979239277014,0.000625912809919527,0.0176999999999996,0.0498000000000003,-0.00839999999999996
2006-09-22,1314.78,764.86,12.59,55.9,85.16,383,4.5888,4.6678,4.7343,-0.00386389564661371,-0.00865682293916326,0.068198905585775,-0.00890477834296011,-0.00958287104285649,-0.00146107310483501,-0.1997,-0.188800000000001,-0.1753
2006-09-29,1335.85,778.16,11.98,69.5,86.03,385.43,4.6276,4.6829,4.7619,0.015898442108762,0.0172393480183359,-0.0496642553689526,0.217762372409693,0.0101642326079778,0.00632460497409504,0.0388000000000002,0.0151000000000003,0.0275999999999996
2006-10-06,1349.58,783.79,11.56,63.1,86.5,387,4.6943,4.7333,4.8343,0.0102256395721332,0.00720896876623378,-0.035687729443072,-0.0966059830235784,0.00544834130457694,0.00406509887504125,0.0667,0.0503999999999998,0.0724
2006-10-13,1365.62,803.67,10.75,63.7,87.12,387.07,4.7977,4.861,4.9334,0.0118151050337589,0.0250476098336154,-0.0726451086705597,0.00946379303094957,0.00714206468687095,0.000180862196418552,0.1034,0.1277,0.0991
2006-10-20,1368.6,807.13,10.63,60.3,86.27,389.49,4.7855,4.8713,4.908,0.00217978156837617,0.00429600859372847,-0.0112255622198147,-0.0548524588449775,-0.00980456553621778,0.00623263581407141,-0.0122,0.0103,-0.0253999999999994
2006-10-27,1377.34,814.83,10.8,56.6,85.56,392.25,4.6715,4.7425,4.793,0.00636578331236315,0.00949475677134259,0.0158659417763172,-0.0633231185240026,-0.00826402887428213,0.00706120057286963,-0.114,-0.1288,-0.115
2006-11-03,1364.3,826.91,11.16,59.5,85.71,392.88,4.715,4.816,4.8086,-0.00951262626193206,0.0147163594896362,0.0327898228229908,0.049967327342447,0.00175162069658619,0.00160483011784773,0.0434999999999999,0.0735000000000001,0.0156000000000001
2006-11-10,1380.9,842.7,10.79,60.9,85.07,395.21,4.5877,4.7308,4.6972,0.012093983922477,0.0189151607625666,-0.0337161776831216,0.023256862164267,-0.00749505792299843,0.00591304746631671,-0.1273,-0.0851999999999995,-0.111400000000001
2006-11-17,1401.2,843.76,10.05,63.5,85.31,395.48,4.5993,4.7629,4.6881,0.0145935518320268,0.00125707119005103,-0.0710471447649583,0.0418067311827945,0.0028172339328103,0.000682947831625924,0.0116000000000005,0.0320999999999998,-0.00909999999999922
2006-11-24,1400.95,862.97,10.73,65,83.66,396.03,4.548,4.7268,4.6311,-0.000178434416904238,0.0225118340542938,0.0654709221375223,0.023347363996991,-0.0195307149065505,0.00138974893184596,-0.0513000000000004,-0.0361000000000002,-0.0570000000000004
2006-12-01,1396.71,875.71,11.66,63,82.48,397.2,4.4327,4.5168,4.5463,-0.00303110688667463,0.0146550578762046,0.0831206242797391,-0.0312525435041042,-0.014205126305348,0.00294996621023991,-0.1153,-0.21,-0.0848000000000004
2006-12-08,1409.84,885.44,12.07,72.25,83.29,399.74,4.5437,4.6662,4.6532,0.00935675173636064,0.0110497106997034,0.034558854187094,0.136997600601009,0.00977265423854501,0.00637440359537767,0.111000000000001,0.1494,0.1069
2006-12-15,1427.09,891.64,10.05,71.1,84.04,400.88,4.5928,4.717,4.7138,0.0121611831082467,0.00697776707417042,-0.183150400604355,-0.0160449901833468,0.00896438202954997,0.00284779488507336,0.0491000000000001,0.0507999999999997,0.0606
2006-12-22,1410.77,892.95,11.36,64.25,83.81,400.87,4.6185,4.7175,4.7578,-0.0115017512593196,0.00146812459477719,0.12252577878792,-0.101305613033865,-0.00274054386598444,-2.49454318685949e-05,0.0256999999999996,0.000500000000000611,0.0439999999999996
2006-12-29,1418.3,912.65,11.56,65.3,83.65,400.11,4.7022,4.808,4.8095,0.00532331669552111,0.0218218672412851,0.0174524499512261,0.0162103125070558,-0.00191090467798194,-0.00189767591718759,0.0837000000000003,0.0904999999999996,0.0517000000000003
2007-01-05,1409.71,893.96,12.14,66.8,84.64,401.12,4.6442,4.7494,4.7385,-0.00607496184096146,-0.0206914240655713,0.0489549223871211,0.0227110442602152,0.011765540677156,0.0025211251075703,-0.0580000000000007,-0.0586000000000002,-0.0709999999999997
2007-01-12,1430.73,884.53,10.15,67.4,85.02,400.06,4.775,4.8758,4.86,0.0148007940493997,-0.010604600951071,-0.179032080143556,0.00894193737566074,0.0044795548206551,-0.00264609855087627,0.130800000000001,0.1264,0.1215
2007-01-19,1430.5,896.78,10.4,61.2,84.86,401.28,4.7752,4.9107,4.8623,-0.000160770018835521,0.0137541395006133,0.0243321006595307,-0.0964978283999809,-0.00188368315646503,0.00304490214539488,0.000199999999999534,0.0349000000000004,0.00229999999999997
2007-01-26,1422.18,901.99,11.13,57.2,85.23,398.39,4.8733,4.9663,4.9722,-0.00583312785935775,0.00579286353390263,0.0678383591401266,-0.0675932911325283,0.00435064476002722,-0.00722801301068543,0.0981000000000005,0.0556000000000001,0.1099
2007-02-02,1448.39,919.62,10.08,60.3,84.96,401.23,4.8204,4.9331,4.922,0.0182616890667271,0.0193571077122039,-0.0990909026442313,0.052778205347388,-0.00317292704057781,0.0071034039713842,-0.0529000000000002,-0.0332000000000008,-0.0502000000000002
2007-02-09,1438.06,924.16,11.1,56.1,84.88,402.05,4.7797,4.8993,4.8635,-0.0071576116694656,0.00492467558548082,0.0963918456750661,-0.0721962912044889,-0.000942063187901354,0.00204163002895807,-0.0407000000000002,-0.0337999999999994,-0.0584999999999996
2007-02-16,1455.54,937.11,10.02,60.1,84.06,405.3,4.6882,4.8224,4.7875,0.0120819827449479,0.0139154544682096,-0.10236201266157,0.0688740290125107,-0.00970766472875617,0.00805107464010479,-0.0914999999999999,-0.0769000000000002,-0.0760000000000005
2007-02-23,1451.19,940.24,10.58,60.7,84.05,406.42,4.6703,4.7997,4.7765,-0.00299305628483904,0.00333449053203694,0.0543823307734348,0.0099338565242908,-0.000118969722346485,0.00275957401753413,-0.0179,-0.0227000000000004,-0.0109999999999992
2007-03-02,1387.17,877.6,18.61,57.8,83.74,405.62,4.497,4.5252,4.6382,-0.0451182089933297,-0.0689442528635782,0.564733644224006,-0.0489549223871206,-0.0036950992636271,-0.00197034692581077,-0.1733,-0.2745,-0.1383
2007-03-09,1402.85,889.33,14.09,76.7,84.25,406.9,4.5871,4.6651,4.7214,0.0112401811356939,0.0132774612734234,-0.278233744743571,0.282912932694878,0.00607180864147328,0.00315069428165771,0.0901000000000005,0.1399,0.0831999999999997
2007-03-16,1386.95,882.88,16.79,63.6,83.19,407.8,4.5435,4.5876,4.6931,-0.0113987899921675,-0.00727907920552262,0.17531814517886,-0.187288238027134,-0.0126614209366744,0.0022094031327109,-0.0436000000000005,-0.0774999999999997,-0.0282999999999998
2007-03-23,1436.11,923.44,12.95,67,83.28,409.38,4.6105,4.6028,4.8022,0.0348309777073466,0.0449165362777357,-0.259687682943903,0.0520791490448893,0.00108127601091734,0.00386696191503244,0.0670000000000002,0.0152000000000001,0.1091
2007-03-30,1420.86,929.03,14.64,68.7,82.93,409.86,4.6443,4.5744,4.8432,-0.010675747269735,0.0060352037737248,0.122661720387619,0.0250565798373383,-0.00421154584360117,0.00117181791642551,0.0338000000000003,-0.0284000000000004,0.0410000000000004
2007-04-06,1443.76,950.45,13.23,67.9,82.992,410.89,4.7485,4.7342,4.9203,0.0159884995770572,0.022794525571781,-0.101270530406302,-0.0117131646636537,0.00074733914593228,0.00250990079979463,0.1042,0.159800000000001,0.0770999999999997
2007-04-13,1452.85,968.99,12.2,64,82.129,409.38,4.7608,4.7611,4.9296,0.00627632290131874,0.0193187352679125,-0.0810510263876534,-0.0591529512049789,-0.0104530357498938,-0.00368171871622014,0.0122999999999998,0.0268999999999995,0.00929999999999964
2007-04-20,1484.35,979.57,12.07,57.8,81.643,412.84,4.6703,4.6434,4.8452,0.0214498214215517,0.0108594079441966,-0.0107129166297706,-0.10189430768134,-0.00593509789985269,0.00841628864234512,-0.0904999999999996,-0.1177,-0.0843999999999996
2007-04-27,1494.07,975.81,12.45,59.1,81.529,412.76,4.6924,4.6489,4.8806,0.00652697370222999,-0.00384580453340533,0.0309975878012763,0.0222421487337208,-0.00139729878346984,-0.000193798450219163,0.0221,0.0055000000000005,0.0354000000000001
2007-05-04,1505.62,995.29,12.91,57.8,81.741,412.39,4.6382,4.6665,4.8051,0.00770083380544495,0.0197662566487349,0.0362815819478346,-0.0222421487337208,0.00259692679787449,-0.000896806701322639,-0.0541999999999998,0.0175999999999998,-0.0754999999999999
2007-05-11,1505.85,990.84,12.95,57.1,82.116,412.93,4.6717,4.7013,4.8493,0.000152749322056778,-0.00448108376226397,0.00309358328699538,-0.0121846590163672,0.00457716978465772,0.00130858352410623,0.0335000000000001,0.0347999999999997,0.0442
2007-05-18,1522.75,1005.71,12.76,52.4,82.197,413.24,4.8001,4.8138,4.9576,0.011160387910949,0.0148959705067213,-0.0147805102289027,-0.0858975253349681,0.000985923287400325,0.00075045091094772,0.128399999999999,0.1125,0.1083
2007-05-25,1515.73,1004.87,13.34,56.7,82.331,411.76,4.8572,4.8513,5.0024,-0.00462073963986409,-0.000835579831564459,0.0444517625708341,0.0788676194067102,0.00162890243154745,-0.00358788263674548,0.0571000000000002,0.0375000000000005,0.0447999999999995
2007-06-01,1536.34,1031.52,12.78,56.9,82.322,410.9,4.9516,4.9665,5.0572,0.0135057933023353,0.026175262669816,-0.0428855915380892,0.00352113039857827,-0.000109320814185132,-0.00209077945513503,0.0944000000000003,0.1152,0.0548000000000002
2007-06-08,1507.67,1006.86,14.84,58,82.691,404.37,5.0991,4.9836,5.207,-0.0188375516498214,-0.0241968653211844,0.149444788789846,0.0191476694141342,0.00447238235857306,-0.0160195754710761,0.1475,0.0171000000000001,0.1498
2007-06-15,1532.91,1049.36,13.94,79.1,82.851,404.79,5.1627,5.0182,5.259,0.016602477004291,0.0413438772657644,-0.0625638324068567,0.310269864227189,0.00193304478406819,0.00103811369251794,0.0636000000000001,0.0346000000000002,0.0520000000000005
2007-06-22,1502.56,1064.22,15.75,70.6,82.336,404.46,5.13,4.9074,5.2481,-0.0199975696772308,0.0140616819386601,0.122077959939265,-0.113682730274412,-0.00623537770643079,-0.000815570017403289,-0.0327000000000002,-0.1108,-0.0109000000000004
2007-06-29,1503.35,1059.69,16.23,76.3,81.92,403.57,5.0244,4.8582,5.1239,0.000525631185356978,-0.00426572394229474,0.0300210162548575,0.077642793791215,-0.00506527480813634,-0.00220288939744862,-0.1056,-0.0491999999999999,-0.1242
2007-07-06,1530.44,1105.99,14.72,77.5,81.465,403.89,5.1824,4.9835,5.2684,0.0178593245004759,0.0427644489468291,-0.0976542682257695,0.0156049980688904,-0.00556968113627931,0.000792608963299024,0.158,0.1253,0.1445
2007-07-13,1552.5,1146.12,15.15,74.4,80.576,404.63,5.0928,4.9161,5.1849,0.0143112590654972,0.0356414633845619,0.0287934186546481,-0.0408219945202548,-0.0109726417330362,0.00183050563159703,-0.0895999999999999,-0.0674000000000001,-0.0834999999999999
2007-07-20,1534.1,1151.04,16.95,73.1,80.288,404.88,4.9497,4.7623,5.0581,-0.0119226449569059,0.00428355667261293,0.112267301871081,-0.0176275750833135,-0.00358066823786984,0.000617657614972345,-0.1431,-0.1538,-0.1268
2007-07-27,1458.95,1085.33,24.17,72.2,80.946,397.65,4.757,4.4929,4.9317,-0.0502268909631516,-0.0587817933107253,0.354844360888932,-0.0123883208569522,0.00816209550072333,-0.0180185055026785,-0.1927,-0.2694,-0.126399999999999
2007-08-03,1433.06,1080.33,25.16,92.6,80.177,401.29,4.6842,4.4167,4.8652,-0.0179049807335643,-0.00461753819530486,0.0401432371168484,0.248849095753353,-0.00954557498478081,0.00911213654603582,-0.0728,-0.0762000000000001,-0.0665000000000005
2007-08-10,1453.64,1043.57,28.3,95.4,80.679,401.78,4.8076,4.4562,5.0331,0.0142587374359655,-0.0346190227980729,0.117606372816952,0.0297894368021074,0.00624162766372916,0.00122031718482329,0.1234,0.0395000000000003,0.1679
2007-08-17,1445.94,957.96,29.99,116.4,81.426,396.92,4.6847,4.1846,4.9863,-0.00531112650809185,-0.085596782757448,0.0580021881117259,0.198953956843097,0.00921631396360478,-0.0121699260879629,-0.1229,-0.2716,-0.0468000000000002
2007-08-24,1479.37,1039.79,20.72,106.9,80.667,400.12,4.6156,4.2904,4.8843,0.0228566923749893,0.0819680252235777,-0.369764575369635,-0.0851387172663385,-0.0093650626158448,0.00802975307093945,-0.0691000000000006,0.1058,-0.102
2007-08-31,1473.99,1086.98,23.38,104.4,80.791,403.57,4.5292,4.132,4.8224,-0.00364331199112211,0.0443844390186259,0.12078153865264,-0.0236641425824606,0.00153600347309535,0.00858545257897436,-0.0863999999999994,-0.1584,-0.0618999999999996
2007-09-07,1453.55,1088.49,26.23,111,79.959,405.05,4.3816,3.8998,4.6973,-0.0139641693336774,0.00138820598996503,0.11502283783486,0.0613005258637953,-0.01035156988367,0.00366056158054562,-0.147600000000001,-0.2322,-0.1251
2007-09-14,1484.25,1107.74,24.92,116.9,79.617,408.87,4.4544,4.0327,4.7191,0.0209007540187089,0.0175304890533701,-0.0512330999595299,0.0517886671656891,-0.00428636541369976,0.0093867408310313,0.0728,0.1329,0.0217999999999998
2007-09-21,1525.75,1161.14,19,123.4,78.597,412.84,4.6203,4.0327,4.8852,0.0275764982738194,0.0470803773987543,-0.271231714752812,0.0541122429932646,-0.0128941071193545,0.00966285159020153,0.165900000000001,0,0.1661
2007-09-28,1526.75,1204.9,18,103.2,77.719,413.16,4.5865,3.9835,4.836,0.00065520067864,0.0369942947992294,-0.0540672212702757,-0.178762258423825,-0.0112337730423304,0.000774818440699931,-0.0338000000000003,-0.0492000000000004,-0.0491999999999999
2007-10-05,1557.59,1246.04,16.91,103.7,78.308,414.94,4.6356,4.0743,4.8655,0.0199984618005979,0.0335739466316181,-0.0624665949856755,0.00483326218801938,0.00755001118881182,0.00429900432656094,0.0491000000000001,0.0908000000000002,0.0294999999999996
2007-10-12,1561.8,1276.5,17.73,98.1,78.224,417.4,4.6812,4.2258,4.9011,0.00269924732473292,0.0241514351206895,0.0473529571756277,-0.0555147486641641,-0.00107326307800637,0.00591106317810652,0.0455999999999994,0.1515,0.0355999999999996
2007-10-19,1500.63,1263.26,22.96,79.6,77.407,419.13,4.3915,3.7798,4.6856,-0.0399539823135848,-0.0104262764514003,0.258495451365249,-0.20897327372098,-0.0104992900535077,0.00413613968740556,-0.2897,-0.446,-0.2155
2007-10-26,1535.28,1311.52,19.56,95.8,77.027,421.49,4.4006,3.7723,4.6979,0.022827754895002,0.0374910886745825,-0.160266906844694,0.185248592126477,-0.00492120604156465,0.00561491803755931,0.00910000000000011,-0.00749999999999984,0.0122999999999998
2007-11-02,1509.65,1310.15,23.01,102.04,76.337,423.41,4.3165,3.6741,4.6159,-0.0168349389475004,-0.00104513544779117,0.162442239440603,0.0631022082967965,-0.00899826107422985,0.00454492438161402,-0.0841000000000003,-0.0981999999999998,-0.0819999999999999
2007-11-09,1453.7,1278.03,28.5,103.64,75.4,420.4,4.2133,3.4254,4.6028,-0.0377658054302126,-0.0248218046165594,0.21397518322733,0.015558462420298,-0.0123504736530773,-0.00713433774688266,-0.103199999999999,-0.2487,-0.0130999999999997
2007-11-16,1458.74,1245.8,25.49,112.08,75.827,419.99,4.167,3.3403,4.5344,0.00346101896075712,-0.0255419360203248,-0.111617868886581,0.078289546334843,0.00564715473777255,-0.00097573753264335,-0.0463000000000005,-0.0850999999999997,-0.0684000000000005
2007-11-23,1440.7,1186.06,25.61,99.14,75.053,417.72,3.9989,3.0776,4.4246,-0.0124439428256089,-0.0491410043227925,0.00469668182340977,-0.122679909436324,-0.010259899120026,-0.00541954985880544,-0.1681,-0.2627,-0.1098
2007-11-30,1481.14,1242.06,22.87,112.1,76.147,422.18,3.9379,2.9947,4.379,0.0276829549551092,0.0461344020080645,-0.113156892176744,0.122858337485686,0.0144711520043863,0.0106204117665767,-0.0609999999999999,-0.0829,-0.0456000000000003
2007-12-07,1504.66,1282.74,20.85,131.5,76.288,423.47,4.1048,3.1,4.5697,0.0157548975168513,0.0322271235350549,-0.0924720597898792,0.159615521539705,0.00184996936678683,0.003050909952381,0.1669,0.1053,0.190700000000001
2007-12-14,1467.95,1224.65,23.27,139.9648,77.436,422.97,4.234,3.3076,4.6583,-0.0247000893904836,-0.0463433261713613,0.10981102906939,0.0623841108065939,0.0149361367388732,-0.00118141878492573,0.1292,0.2076,0.0885999999999996
2007-12-21,1484.46,1215.99,18.47,139.3754,77.721,423.98,4.1679,3.1914,4.5823,0.0111842000925249,-0.00709652906092373,-0.231017183103052,-0.00421995025899147,0.00367370238573894,0.00238502976272681,-0.0660999999999996,-0.1162,-0.0759999999999996
2007-12-28,1478.49,1247.07,20.74,145.5,76.218,424.39,4.0732,3.1039,4.4949,-0.00402977308353947,0.0252382400197906,0.115916408590233,0.0430050744461257,-0.0195278358580637,0.000966559477397766,-0.0947000000000005,-0.0874999999999999,-0.0873999999999997
2008-01-04,1411.63,1225.03,23.94,144,75.793,425.85,3.8651,2.744,4.3761,-0.0462762316031489,-0.0178314663530017,0.143486497328446,-0.0103627870355467,-0.00559171517037793,0.00343432780158626,-0.2081,-0.3599,-0.1188
2008-01-11,1401.02,1213.7,23.68,138.1,75.978,426.74,3.7835,2.5511,4.375,-0.00754452230214042,-0.00929178836256028,-0.0109198901140224,-0.0418352391607542,0.00243788459752548,0.00208775688964735,-0.0815999999999999,-0.1929,-0.0011000000000001
2008-01-18,1325.19,1136.25,27.18,130.9,76.383,426.76,3.6297,2.3461,4.281,-0.0556446973861187,-0.0659401786206271,0.137850598707193,-0.0535443874993922,0.00531633362723305,4.68658465226923e-05,-0.1538,-0.205,-0.0940000000000003
2008-01-25,1330.61,1111.14,29.08,137.1,75.973,427.29,3.5494,2.1818,4.2634,0.00408163831964803,-0.0223468511897194,0.0675692439423212,0.0462769136524139,-0.0053821443162283,0.00124114529134456,-0.0803000000000003,-0.1643,-0.0175999999999998
2008-02-01,1395.42,1120,24.02,178.8,75.445,428.48,3.5926,2.0685,4.3084,0.04755796152409,0.0079421699871709,-0.191163836013481,0.265557276171146,-0.00697410004191656,0.00278112288820243,0.0432000000000001,-0.1133,0.0449999999999999
2008-02-08,1331.29,1095.37,28.01,144.7,76.67,424.3,3.6428,1.9218,4.4166,-0.0470470482555276,-0.0222364795703536,0.153674772620179,-0.211605229101976,0.0161065836051888,-0.00980331029452852,0.0501999999999998,-0.1467,0.1082
2008-02-15,1350,1133.82,25.02,153,76.101,424.42,3.7686,1.9113,4.5762,0.0139561954777836,0.0345002568112154,-0.112886084233252,0.0557752877549973,-0.00744909218503231,0.000282778774624681,0.1258,-0.0105,0.1596
2008-02-22,1353.11,1150.3,24.06,146.6,75.52,424.91,3.8016,2.0169,4.5733,0.00230105424658866,0.0144303153719623,-0.0391247944922322,-0.0427301319398845,-0.00766388354852587,0.00115385081031949,0.0329999999999999,0.1056,-0.00290000000000035
2008-02-29,1330.63,1167.66,26.54,161.5,73.714,427.54,3.5092,1.6158,4.4023,-0.0167531324056887,0.0149789682191646,0.0981023183575287,0.0967973532101603,-0.0242047813874988,0.00617046945791167,-0.2924,-0.4011,-0.170999999999999
2008-03-07,1293.37,1117.5,27.49,155.2,73.027,426.08,3.5317,1.5158,4.5399,-0.0284012992105707,-0.0439076986334044,0.0351692732730928,-0.0397905349135925,-0.00936350467011948,-0.00342072918551217,0.0225,-0.0999999999999999,0.1376
2008-03-14,1288.14,1092.54,31.16,172.6,71.657,425.91,3.4679,1.4787,4.3635,-0.00405189765327663,-0.0225887869159171,0.125312918825393,0.106262170900209,-0.018938389138631,-0.000399065722030301,-0.0637999999999996,-0.0371000000000001,-0.1764
2008-03-21,1329.51,1052.01,26.62,167.2,72.709,428.11,3.3335,1.5958,4.1599,0.0316111358699303,-0.0378026406159089,-0.157472408035582,-0.031786077998726,0.014574326659992,0.00515211556275474,-0.1344,0.1171,-0.2036
2008-03-28,1315.22,1112.76,25.71,158.6,71.678,427.61,3.4414,1.6463,4.3177,-0.0108065012805136,0.0561407956442368,-0.0347827916891674,-0.0528053914498541,-0.0142813068092886,-0.00116860668653729,0.1079,0.0505,0.1578
2008-04-04,1370.4,1145.21,22.45,145.9,72.021,429.88,3.4657,1.8145,4.3055,0.041098716010965,0.028744610684897,-0.135589407089535,-0.0834638536720069,0.00477387666456952,0.00529453475314323,0.0243000000000002,0.1682,-0.0122
2008-04-11,1332.83,1160.36,23.46,140.2,71.808,432.52,3.4694,1.7417,4.299,-0.0277981668470542,0.0131422754959694,0.0440062290370662,-0.0398514809282506,-0.00296185269609151,0.00612246810438322,0.00369999999999981,-0.0728,-0.00649999999999995
2008-04-18,1390.33,1175.85,20.13,129.4,72.012,431.52,3.7061,2.1294,4.4961,0.0422366278565125,0.0132609885218393,-0.153085603573629,-0.0801615925336892,0.00283688133519888,-0.00231470868591632,0.2367,0.3877,0.1971
2008-04-25,1397.84,1189.01,19.59,144.1,72.79,429.15,3.8703,2.4148,4.5914,0.00538705901141423,0.0111297377815056,-0.027192007695251,0.107599120938676,0.0107458113347905,-0.00550735122719104,0.1642,0.2854,0.0952999999999999
2008-05-02,1413.9,1207.46,18.18,131,73.5,433,3.8551,2.4492,4.5775,0.0114236555670129,0.0153979515996978,-0.0746971432071164,-0.0953101798043248,0.00970682308862436,0.00893121983826095,-0.0151999999999997,0.0343999999999998,-0.0139000000000005
2008-05-09,1388.28,1188.61,19.41,111.8,73.05,432.43,3.7692,2.2391,4.5216,-0.0182862727689974,-0.0157344225275784,0.0654663084315859,-0.158485762480153,-0.00614126802208226,-0.00131726444061631,-0.0859000000000001,-0.2101,-0.0558999999999994
2008-05-16,1425.35,1240.31,16.47,121.1,72.844,433.42,3.8446,2.4386,4.5737,0.0263518267508518,0.0425767911978241,-0.16424785299137,0.0799050898380482,-0.00282396996313494,0.00228677122231158,0.0753999999999997,0.1995,0.0520999999999994
2008-05-23,1375.93,1207.96,19.55,122.5,71.888,433.13,3.8425,2.4252,4.5678,-0.0352875314734131,-0.0264283619905443,0.171434742241826,0.0114943794257352,-0.0132108159057696,-0.000669320895104519,-0.00209999999999999,-0.0134000000000003,-0.00589999999999957
2008-05-30,1400.38,1210.04,17.83,120.4,72.879,431.87,4.0595,2.6411,4.7147,0.0176137622384713,0.00172043053188187,-0.0920928545563262,-0.0172914971100617,0.013691179344252,-0.0029132968581882,0.217,0.2159,0.1469
2008-06-06,1360.68,1182.84,23.56,130.2,72.39,433.07,3.9092,2.3724,4.6237,-0.0287590535729594,-0.0227350904302792,0.278667926908337,0.0782521968997481,-0.00673236336700622,0.0027747607231241,-0.1503,-0.2687,-0.0909999999999993
2008-06-13,1360.03,1120.03,21.22,139.6,74.146,428.15,4.2565,3.0306,4.7893,-0.000477816461414093,-0.0545628558206532,-0.104606225597549,0.0697094605538036,0.0239679541171478,-0.0114257762818157,0.3473,0.6582,0.1656
2008-06-20,1317.93,1110.48,22.87,153.7,73.03,427,4.1641,2.8917,4.7243,-0.0314444344322089,-0.00856311637784124,0.0748818748488529,0.0962214602162783,-0.0151658067901792,-0.00268958824357579,-0.0923999999999996,-0.1389,-0.0649999999999995
2008-06-27,1278.38,1084.79,23.44,137.8,72.36,422.99,3.9652,2.6248,4.521,-0.0304686725441874,-0.0234059344122972,0.0246179566741223,-0.109199291964992,-0.00921665510492353,-0.00943547512373044,-0.198900000000001,-0.2669,-0.2033
2008-07-04,1262.9,1030.32,24.78,132.5,72.731,422.32,3.975,2.5326,4.5328,-0.0121829876818138,-0.0515169862701415,0.0555929114921843,-0.0392207131532816,0.00511404302922536,-0.00158521758953345,0.00980000000000025,-0.0922000000000001,0.0118
2008-07-11,1239.49,1043,27.49,125.1,72.096,423.01,3.9576,2.5952,4.5398,-0.0187106589786854,0.0122317424163576,0.103785425976158,-0.057469227953411,-0.00876913930648637,0.00163249891341977,-0.0174000000000003,0.0626000000000002,0.00699999999999967
2008-07-18,1260.68,1022.16,24.05,129.2,72.189,423.99,4.0828,2.6337,4.6475,0.0169512532355194,-0.0201831407177053,-0.133687305625384,0.0322481738756357,0.00128911547117294,0.00231405061938883,0.1252,0.0385,0.1077
2008-07-25,1257.76,1024.52,22.91,131,72.86,425.3,4.0969,2.7096,4.6852,-0.00231889686351217,0.0023061749232518,-0.048561500086366,0.0138357318526499,0.00925211185941066,0.00308493221141859,0.0141,0.0758999999999999,0.0377000000000001
2008-08-01,1260.31,1029.81,22.57,123.4,73.424,427.61,3.9307,2.4907,4.5608,0.00202536138526277,0.0051501089819963,-0.0149519056359599,-0.0597662117298636,0.00771106607206029,0.00541676296022153,-0.1662,-0.2189,-0.1244
2008-08-08,1296.32,990.02,20.66,118.3,75.845,426.9,3.9276,2.4963,4.5333,0.0281717585836168,-0.0394044532435363,-0.0884221271379517,-0.0422073404869465,0.0324409263911578,-0.0016617714558933,-0.00309999999999988,0.00560000000000027,-0.0275000000000007
2008-08-15,1298.2,971.89,19.58,109.1,77.18,429.22,3.8349,2.3787,4.4634,0.00144920858504261,-0.0184825156126829,-0.0536908265891283,-0.0809588781453163,0.0174485720658373,0.00541981422941973,-0.0926999999999998,-0.1176,-0.0698999999999996
2008-08-22,1292.2,956.22,18.81,112.1,76.805,429.08,3.8704,2.3999,4.4662,-0.00463249747530359,-0.0162546172324989,-0.0401199937894252,0.0271264372390894,-0.00487061390836363,-0.000326226264107277,0.0354999999999999,0.0212000000000003,0.00279999999999969
2008-08-29,1282.83,956.25,20.65,109.8,77.381,430.94,3.8116,2.3669,4.4227,-0.00727761723614506,3.13730411480861e-05,0.0933266760941027,-0.0207308010026841,0.00747153022373226,0.00432548754685858,-0.0588000000000002,-0.0330000000000004,-0.0434999999999999
2008-09-05,1242.31,873.68,23.06,103,78.932,429.69,3.6986,2.3017,4.3019,-0.0320960251152398,-0.0903052092512722,0.110384195433871,-0.0639315408457941,0.0198454498823377,-0.00290485081620417,-0.113,-0.0651999999999999,-0.1208
2008-09-12,1251.7,855.47,25.66,111.8,78.966,426.27,3.7187,2.2026,4.3147,0.00753007756129787,-0.0210631503842507,0.106833844346578,0.0819825724913628,0.000430657773062393,-0.00799107014178979,0.0201000000000002,-0.0991,0.0128000000000004
2008-09-19,1255.08,845.56,32.07,125.4,77.68,416.17,3.8105,2.1679,4.3823,0.00269668822019931,-0.0116518957577378,0.222987654517573,0.114797067477822,-0.0164195560971718,-0.0239791176869177,0.0918000000000001,-0.0347,0.0675999999999997
2008-09-26,1213.01,823.69,34.74,162.3,76.953,409.26,3.852,2.0962,4.3702,-0.0340944416210256,-0.0262048842163338,0.0799707471078954,0.257937846321725,-0.00940297810335355,-0.0167431797364923,0.0414999999999997,-0.0716999999999999,-0.0121000000000002
2008-10-03,1099.23,741.73,45.14,183.6,80.313,398.28,3.6031,1.5822,4.0872,-0.0984949392610828,-0.10480894998629,0.261877010576431,0.123313003665845,0.0427366548713772,-0.0271953753747995,-0.2489,-0.514,-0.282999999999999
2008-10-10,899.22,591.9,69.95,204.8,82.997,349.79,3.8705,1.6342,4.1363,-0.200837492787109,-0.225647593848182,0.438011929722101,0.109274414978962,0.0328729618139603,-0.129822301108457,0.2674,0.0520000000000001,0.0491000000000001
2008-10-17,940.55,567.92,70.33,264.6,82.413,347.96,3.9299,1.6148,4.3229,0.04493708965407,-0.0413571379655489,0.00541774920843618,0.256185358515503,-0.00706127110323873,-0.00524544377208702,0.0594000000000001,-0.0194000000000001,0.186599999999999
2008-10-24,876.77,473.98,79.13,207.3,86.44,306.5,3.6856,1.5122,4.0687,-0.0702201102591031,-0.180815437019077,0.117893619301175,-0.244052232239121,0.0477073401768706,-0.126869775263073,-0.2443,-0.1026,-0.2542
2008-10-31,968.75,570.52,59.89,239.4,85.633,337.69,3.953,1.548,4.3664,0.0997618803876303,0.185383098943168,-0.27858252334473,0.143968773682139,-0.00937980876373423,0.0969105594950799,0.2674,0.0358000000000001,0.2977
2008-11-07,930.99,564.76,56.1,207.2,85.907,349.87,3.7929,1.3228,4.2733,-0.0397580445867369,-0.010147363513898,-0.0653737337477205,-0.144451282738546,0.00319459289989332,0.0354333420440076,-0.1601,-0.2252,-0.0930999999999997
2008-11-14,873.29,530.28,66.31,178.1,86.365,341.85,3.7349,1.2076,4.2279,-0.0639808475454275,-0.0629956932106754,0.167204902852125,-0.151339320089711,0.00531718537040327,-0.0231896125555506,-0.0579999999999998,-0.1152,-0.0453999999999999
2008-11-21,800.03,467.63,72.67,189.5,88.191,333.6,3.1974,1.0986,3.6937,-0.0876184615705729,-0.125727783991247,0.0915879292477682,0.0620438342268646,0.0209224158446526,-0.0244293738752113,-0.5375,-0.109,-0.5342
2008-11-28,896.24,526.97,55.84,212.9,86.517,347.7,2.92,0.9807,3.4369,0.113559007285648,0.119466235985409,-0.263438186174428,0.116433547376953,-0.0191639905700018,0.0413973685292239,-0.2774,-0.1179,-0.2568
2008-12-05,876.07,497.51,59.93,214,87.121,347.49,2.7037,0.9224,3.1254,-0.022762237830805,-0.0575279640256632,0.0706867560159772,0.00515344312241695,0.00695703055949881,-0.000604151401451425,-0.2163,-0.0583,-0.3115
2008-12-12,879.73,551.71,54.28,216.4,83.644,354.98,2.5705,0.7588,3.0436,0.00416904579244282,0.103406889007971,-0.0990213795034256,0.0111525319504757,-0.0407282595548439,0.0213255622478359,-0.1332,-0.1636,-0.0817999999999999
2008-12-19,887.88,582.06,44.93,222.7,81.298,369.58,2.1231,0.7378,2.5502,0.00922155651335466,0.0535509892941279,-0.1890501118846,0.0286970272909954,-0.0284482814193821,0.0403057758890792,-0.4474,-0.021,-0.4934
2008-12-26,872.8,551.58,43.38,195.8,80.892,371.69,2.1318,0.8829,2.6056,-0.0171301642065993,-0.0537866480975282,-0.0351072176833402,-0.128731844166913,-0.00500648434586903,0.00569294777529006,0.00870000000000015,0.1451,0.0554000000000001
2009-01-02,931.8,580.96,39.19,193.5,81.839,373.77,2.3688,0.8194,2.7948,0.0654117648638355,0.0518950205623074,-0.101576893187188,-0.0118162176265733,0.0116389709455849,0.00558046145431224,0.237,-0.0635,0.1892
2009-01-09,890.35,571.25,42.82,183.1,82.663,378.94,2.39,0.7467,3.06,-0.0455035555353733,-0.0168549654576111,0.0885836709499968,-0.055245060789372,0.0100181990695702,0.0137372462253342,0.0212000000000003,-0.0727,0.2652
2009-01-16,850.12,537.84,46.11,138,84.212,377.59,2.3188,0.721,2.8747,-0.0462371278568332,-0.0602658240476339,0.0740245630570775,-0.28277876652326,0.0185653272338513,-0.0035689303344002,-0.0712000000000002,-0.0257000000000001,-0.1853
2009-01-23,831.95,507.29,47.27,126.9,85.608,374.35,2.6172,0.8095,3.3212,-0.0216051731289735,-0.0584782859842772,0.0248459985865308,-0.0838543104368634,0.0164413078163914,-0.00861776219312116,0.2984,0.0885,0.4465
2009-01-30,825.88,529.53,44.84,155.3,85.999,378.59,2.8403,0.9463,3.603,-0.00732285834483815,0.0429069884837938,-0.0527752466011857,0.2019593554343,0.00455693155422576,0.011262636648798,0.2231,0.1368,0.2818
2009-02-06,868.6,557.53,43.37,162.9,85.346,377.38,2.9917,0.9951,3.6961,0.0504332355840429,0.0515264928853734,-0.0333326403566847,0.0477777854533574,-0.007622085983229,-0.00320118796592439,0.1514,0.0488,0.0930999999999997
2009-02-13,826.84,554.31,42.93,182.1,86.041,374.48,2.8894,0.964,3.6728,-0.0492715141696856,-0.00579221651049977,-0.0101970756108054,0.111419471125563,0.00811034453745396,-0.00771424036775326,-0.1023,-0.0311,-0.0232999999999999
2009-02-20,770.05,502.51,49.3,158.7,86.488,373.52,2.7879,0.9402,3.5673,-0.0711557581265607,-0.0981085568024405,0.138353198812175,-0.137540359201199,0.00518174915731962,-0.00256684632913373,-0.1015,-0.0237999999999999,-0.1055
2009-02-27,735.09,499.3,46.35,165.5,88.008,374.4,3.0131,0.9701,3.7083,-0.0464625071083109,-0.00640842272616737,-0.0617027890367803,0.041955567284754,0.0174220434466639,0.00235319394075528,0.2252,0.0298999999999999,0.141
2009-03-06,683.38,488.31,49.33,166.6,88.512,370.36,2.8717,0.947,3.5536,-0.0729418668807318,-0.0222566674350464,0.0623111232337825,0.00662453491562509,0.00571041660515892,-0.0108492390235897,-0.1414,-0.0231,-0.1547
2009-03-13,756.55,527.98,42.36,159.2,87.428,377.08,2.8902,0.9558,3.6729,0.101717551082148,0.0781079541294467,-0.152327894512441,-0.04543445632246,-0.0123225385543524,0.0179818609481028,0.0185,0.00880000000000003,0.1193
2009-03-20,768.54,552.99,45.89,143.8,83.841,384.69,2.6344,0.8668,3.6606,0.0157239861735201,0.0462815139752282,0.0800427076735368,-0.101737828123336,-0.0418934495054248,0.0199804486111841,-0.2558,-0.089,-0.0122999999999998
2009-03-27,815.94,591.32,41.04,124,85.111,388.54,2.7571,0.9066,3.6124,0.0598482117778225,0.0670174078566976,-0.111700027544228,-0.148141879681909,0.0150341389379749,0.009958309471501,0.1227,0.0397999999999999,-0.0482
2009-04-03,842.5,617.11,39.7,117.9,84.165,395.53,2.8853,0.9467,3.6899,0.0320328393775942,0.0426899639918741,-0.0331960131693694,-0.0504447580617118,-0.0111771290494458,0.0178305130705434,0.1282,0.0401,0.0775000000000001
2009-04-10,856.56,636.04,36.53,119.7,85.786,400.49,2.9226,0.9475,3.7499,0.0165507056234979,0.0302141644194327,-0.0832173468859536,0.0151518050206025,0.0190766651460024,0.0124621597264971,0.0373000000000001,0.000800000000000023,0.0599999999999996
2009-04-17,869.6,643.4,33.94,119.7,85.981,406.47,2.9451,0.9643,3.7981,0.0151089679569854,0.0115051603607297,-0.073539581001111,0,0.00227051859522298,0.0148213281187743,0.0225,0.0168,0.0482
2009-04-24,866.23,647.84,36.82,115.8,84.714,405.71,2.9903,0.957,3.8813,-0.00388287359250761,0.00687713747892538,0.0814469159988516,-0.0331240474250327,-0.0148454643568279,-0.00187150686258608,0.0451999999999999,-0.00730000000000008,0.0832000000000002
2009-05-01,877.52,662.83,35.3,125.8,84.546,409.73,3.1533,0.9068,4.0703,0.0129492848885864,0.0228747947668708,-0.0421582118656807,0.0828287791274454,-0.00198511231441945,0.00985978751866412,0.163,-0.0501999999999999,0.189
2009-05-08,929.23,725.13,32.05,129.2,82.529,422.12,3.2856,0.9793,4.2676,0.0572565391092788,0.0898324020746015,-0.0965857805725721,0.0266682470821609,-0.0241460182158493,0.029791227620362,0.1323,0.0724999999999999,0.1973
2009-05-15,882.88,707.93,33.12,130.5,83.024,419.85,3.1341,0.8507,4.0838,-0.0511669951834364,-0.024005730376067,0.03284014615038,0.010011635414247,0.00597997590020949,-0.005392129173317,-0.1515,-0.1286,-0.1838
2009-05-22,887,746.42,32.63,122.3,79.958,423.4,3.4495,0.8831,4.3836,0.00465569128065813,0.05294322570892,-0.0149052189118297,-0.0648961840696218,-0.0376282258122549,0.00841985407119239,0.3154,0.0324,0.2998
2009-05-29,919.14,773.12,28.92,147.2,79.348,426.18,3.4594,0.9146,4.3361,0.0355934679430803,0.0351458314081645,-0.120698713314666,0.18531516360165,-0.00765825494726613,0.00654443353700884,0.00990000000000002,0.0315,-0.0475000000000003
2009-06-05,940.09,786.96,29.62,165.4,80.67,428.93,3.8279,1.2923,4.6331,0.0225371651090116,0.0177431453381613,0.0239164115490889,0.116574576294815,0.0165235170830202,0.00643194321337326,0.3685,0.3777,0.297
2009-06-12,946.21,790.19,28.15,183.4,80.142,430.52,3.7916,1.2638,4.6443,0.00648891636967974,0.00409600166866841,-0.0509024542539533,0.103302777232773,-0.00656669772585961,0.00370004494495024,-0.0363000000000002,-0.0285,0.0112000000000005
2009-06-19,921.23,750.47,27.99,171.8,80.264,426.24,3.7808,1.2018,4.5041,-0.0267547980971123,-0.0515737459497094,-0.00570005105833715,-0.0653385502722088,0.00152114040028817,-0.00999121248412749,-0.0107999999999997,-0.0620000000000001,-0.1402
2009-06-26,918.9,761.92,25.93,182.3,79.878,429.7,3.5363,1.1092,4.336,-0.00253243112739909,0.0151418863750363,-0.0764467039767891,0.0593226721344617,-0.00482073094547619,0.0080847228689791,-0.2445,-0.0926,-0.1681
2009-07-03,896.42,766.32,27.95,159,80.382,432.72,3.4985,0.9813,4.3209,-0.0247682493608696,0.0057582737761388,0.0750166000505352,-0.136749479464386,0.00628979984506906,0.00700357678222296,-0.0378000000000003,-0.1279,-0.0151000000000003
2009-07-10,879.13,736.02,29.02,149.1,80.233,433.4,3.3026,0.8998,4.1989,-0.0194762710606211,-0.0403425448019208,0.0375680478549336,-0.0642869804495385,-0.00185536895984928,0.0015702215390867,-0.1959,-0.0814999999999999,-0.122
2009-07-17,940.38,782.68,24.34,135.9,79.347,437.01,3.6433,0.9868,4.535,0.0673512668086831,0.0614666356371822,-0.175864159896661,-0.0926979006135946,-0.0111042624887112,0.008294989026707,0.3407,0.087,0.3361
2009-07-24,979.26,823.71,23.09,156.3,78.749,441.71,3.6578,0.9936,4.5391,0.0405131354966279,0.0510945983059692,-0.0527214641929774,0.139857916270333,-0.00756505986192479,0.010697480018008,0.0145,0.00680000000000003,0.00410000000000021
2009-07-31,987.48,844.02,25.92,143.6,78.347,446.08,3.4796,1.1113,4.2983,0.00835905901496226,0.0243576647817925,0.11561524811767,-0.0847455808133075,-0.00511790086904984,0.00984474998513107,-0.1782,0.1177,-0.2408
2009-08-07,1010.48,852.93,24.76,138.5,78.975,452.56,3.8502,1.2977,4.6045,0.0230245010600978,0.0105012898206631,-0.0457854236676782,-0.0361613309867304,0.00798366834477982,0.0144220429027957,0.3706,0.1864,0.3062
2009-08-14,1004.09,852.74,24.27,153.4,78.885,451.6,3.5688,1.0485,4.4206,-0.00634380679733582,-0.000222786354671101,-0.0199884280778857,0.102178563305762,-0.00114025097873149,-0.00212351875939376,-0.2814,-0.2492,-0.1839
2009-08-21,1026.13,845.51,25.01,144.7,78.044,454.25,3.5649,1.0899,4.3748,0.0217127856888695,-0.0085146988738467,0.030034725151018,-0.0583862552957175,-0.0107183255017649,0.00585087500077375,-0.00389999999999979,0.0414000000000001,-0.0458000000000007
2009-08-28,1028.93,851.46,24.76,132.3,78.366,455.52,3.4456,1.0158,4.2004,0.002724982951956,0.00701252748469639,-0.0100462970731323,-0.0895905625165279,0.00411738961578667,0.00279191625344666,-0.1193,-0.0741000000000001,-0.174399999999999
2009-09-04,1016.4,853.32,25.26,129.1,78.136,458.27,3.4378,0.9281,4.2666,-0.0122524548632006,0.00218210060892599,0.0199926691059495,-0.0244847732683136,-0.00293926167826353,0.00601890653666626,-0.00780000000000003,-0.0877,0.0662000000000003
2009-09-11,1042.73,894.3,24.15,127.6,76.608,465.43,3.347,0.9033,4.1797,0.0255753013943609,0.0469066656687085,-0.0449377368237633,-0.0116869269419073,-0.0197493882096671,0.0155031794032841,-0.0908000000000002,-0.0248,-0.0869
2009-09-18,1068.3,918.9,23.92,114.7,76.425,474.29,3.4632,0.9918,4.2169,0.0242263261114717,0.0271360131547036,-0.00956945101615059,-0.106580346775364,-0.0023916421586101,0.0188572394892965,0.1162,0.0885,0.0371999999999995
2009-09-25,1044.38,908.07,25.61,121.4,76.812,473.57,3.3184,0.9842,4.09,-0.0226451920612796,-0.011855834366008,0.0682679711290026,0.0567708544900727,0.00505101017096798,-0.00151921199012595,-0.1448,-0.00760000000000005,-0.1269
2009-10-02,1025.21,901.39,28.68,110.7,77.003,477.09,3.2188,0.8648,3.9962,-0.018525938253914,-0.00738345179982591,0.113217115519986,-0.0922670389108067,0.00248350418581733,0.00740541536708594,-0.0996000000000001,-0.1194,-0.0937999999999999
2009-10-09,1071.49,946.29,23.12,107.8,76.431,485.66,3.3802,0.9597,4.2229,0.0441527335222816,0.0486110596440286,-0.215501971927243,-0.0265461812396941,-0.00745600909689248,0.0178036382609834,0.1614,0.0949,0.2267
2009-10-16,1087.68,966.04,21.43,114.7,75.597,484.56,3.4115,0.9513,4.2443,0.0149967843488215,0.0206561652376971,-0.0759062343186909,0.0620423656604281,-0.0109717731783592,-0.00226752792422591,0.0313000000000003,-0.00839999999999996,0.0213999999999999
2009-10-23,1079.6,967.95,22.27,117.4,75.468,482.04,3.49,0.9999,4.2923,-0.00745638536390114,0.00197519182722772,0.0384486717837906,0.0232668832586711,-0.00170787450906573,-0.00521416451350021,0.0785,0.0486,0.048
2009-10-30,1036.2,914.26,30.69,113.4,76.3,478.03,3.3828,0.8891,4.2253,-0.0410304267631618,-0.0570654381530238,0.320696387362368,-0.0346655161003442,0.0109642129410448,-0.00835360613088021,-0.1072,-0.1108,-0.0670000000000002
2009-11-06,1069.3,936.36,24.19,113.5,75.819,477.23,3.4971,0.8401,4.3974,0.0314440533819234,0.0238850230197354,-0.237997544009709,0.000881445627805455,-0.00632401742135436,-0.00167493705803157,0.1143,-0.049,0.1721
2009-11-13,1093.48,962.51,23.36,105,75.334,482.52,3.4177,0.8063,4.3515,0.0223610422921157,0.0275444378016871,-0.0349141666619097,-0.0778424867639345,-0.00641736074651522,0.0110238157269036,-0.0794000000000001,-0.0337999999999999,-0.0459000000000005
2009-11-20,1091.38,965.08,22.19,97.2,75.656,484.2,3.3656,0.7232,4.2948,-0.00192232055754626,0.00266654373888819,-0.0513834210155237,-0.0771896386911299,0.00426518959066957,0.00347567380677472,-0.0520999999999998,-0.0831000000000001,-0.0566999999999993
2009-11-27,1091.49,941.01,24.85,87.3,74.996,484.43,3.2051,0.6791,4.1998,0.00010078474677222,-0.025257232935771,0.113216015598135,-0.107420248620836,-0.00876197093250664,0.00047489754462049,-0.1605,-0.0440999999999999,-0.0950000000000006
2009-12-04,1105.98,983.32,21.25,88.9,75.911,483.5,3.4722,0.8297,4.3947,0.0131880844921843,0.043980834730319,-0.156500857172212,0.0181616796743018,0.0121268226561311,-0.00192162715522937,0.2671,0.1506,0.194900000000001
2009-12-11,1106.41,972.79,21.59,95.3,76.573,484.53,3.5498,0.7982,4.5009,0.000388719896053047,-0.0107663696979898,0.0158733491562901,0.069517668140298,0.0086829327561313,0.00212803402518258,0.0775999999999999,-0.0315,0.106199999999999
2009-12-18,1102.47,950.21,21.68,94,77.821,485.2,3.5368,0.7906,4.4575,-0.00356742256576581,-0.0234852187561714,0.00415993204472942,-0.0137350283901529,0.0161667834479307,0.00138182815136378,-0.0129999999999999,-0.00760000000000005,-0.0434000000000001
2009-12-25,1126.48,974.19,19.47,93.8,77.734,484.83,3.803,0.964,4.6834,0.0215446095426319,0.0249233436894425,-0.107515357187337,-0.00212992625782515,-0.00111857554011507,-0.000762863041233075,0.2662,0.1734,0.2259
2010-01-01,1115.1,989.47,21.68,105,77.86,485.04,3.835,1.1356,4.6281,-0.01015363963774,0.0155630897533374,0.107515357187337,0.112795494145344,0.00161960008152739,0.000433047734813563,0.032,0.1716,-0.0552999999999999
2010-01-08,1144.98,1016.41,18.13,107.5,77.471,489.26,3.8297,0.9759,4.715,0.0264430826155611,0.0268626438033994,-0.178822151804686,0.023530497410194,-0.00500866939927125,0.00866268375196189,-0.00530000000000008,-0.1597,0.0869
2010-01-15,1136.03,1010.77,17.91,96.3,77.323,490.03,3.6744,0.8621,4.5814,-0.0078474412037739,-0.00556439443202894,-0.012208808694139,-0.110022528763637,-0.00191221940253339,0.00157256820488794,-0.1553,-0.1138,-0.1336
2010-01-22,1091.76,963.85,27.31,89.8,78.277,488.08,3.6071,0.7875,4.5312,-0.0397486554532449,-0.0475320147681826,0.421893719412993,-0.0698833434959258,0.0122623644477358,-0.00398728687672811,-0.0672999999999999,-0.0746,-0.0502000000000002
2010-01-29,1073.87,933.59,24.62,88.3,79.462,486.87,3.5844,0.8118,4.4884,-0.016522127017863,-0.0318983111539843,-0.103693814729306,-0.0168448676982393,0.0150251021382593,-0.00248217984769727,-0.0226999999999999,0.0243,-0.0427999999999997
2010-02-05,1066.19,897.7,26.11,86.3,80.441,483.96,3.5654,0.7633,4.5186,-0.00717739967067654,-0.0392014329269736,0.0587592619547301,-0.0229105095205329,0.0122450764867361,-0.00599488832262285,-0.0190000000000001,-0.0485,0.0301999999999998
2010-02-12,1075.51,921.75,22.73,89.1,80.218,485.96,3.6928,0.8265,4.6463,0.00870342142416902,0.0264381003516112,-0.138632744846586,0.0319297363873821,-0.0027760678606672,0.00412405731326437,0.1274,0.0632,0.1277
2010-02-19,1109.17,933.35,20.02,87,80.643,486.89,3.7726,0.9157,4.7031,0.0308170201903568,0.0125062273643524,-0.126953863977378,-0.0238512158221802,0.00528407741945003,0.00191190889303172,0.0798000000000001,0.0892,0.0568
2010-02-26,1104.49,935.93,19.5,84.9,80.362,493.5,3.6117,0.8118,4.5566,-0.00422829790718904,0.00276042287756262,-0.0263173083173736,-0.0244340253372819,-0.00349057837100464,0.0134846339939632,-0.1609,-0.1039,-0.1465
2010-03-05,1138.7,974.92,17.42,81.2,80.432,498.43,3.6796,0.891,4.6423,0.0305035708679036,0.0408147289932366,-0.112795494145344,-0.0445588461496698,0.000870679309205258,0.00994029940457608,0.0679000000000003,0.0792000000000001,0.0856999999999992
2010-03-12,1149.99,992.68,17.58,78.9,79.833,503.6,3.7006,0.9476,4.6248,0.00986598585075527,0.0180529399696781,0.00914292083267387,-0.0287340193158032,-0.00747515414142086,0.0103191438920796,0.0209999999999999,0.0566,-0.0175000000000001
2010-03-19,1159.9,997.94,16.97,76.4,80.724,505.94,3.6892,0.989,4.5794,0.00858054782051632,0.00528479794460601,-0.035314813010896,-0.0321985316793541,0.0110989760226703,0.00463578301135748,-0.0114000000000001,0.0414,-0.0453999999999999
2010-03-26,1166.59,993.08,17.77,79.4,81.676,504.7,3.8468,1.0396,4.7457,0.00575116887657146,-0.00488192951598343,0.0460645629204253,0.0385156720806155,0.0117242722293192,-0.00245389183533273,0.1576,0.0506000000000001,0.166300000000001
2010-04-02,1178.1,1028.54,17.47,87.4,81.173,506.24,3.9446,1.1038,4.806,0.00981800788767107,0.0350843751787417,-0.0170265180205949,0.0959969144083992,-0.00617752150290496,0.0030466717930171,0.0977999999999999,0.0641999999999998,0.0602999999999998
2010-04-09,1194.37,1044,16.14,90.1,81.093,507.88,3.8825,1.0563,4.7397,0.0137158784438007,0.0149191685161361,-0.0791844613041626,0.0304248819528024,-0.000986035355301951,0.0032343340623564,-0.0621,-0.0474999999999999,-0.0663
2010-04-16,1192.13,1032.08,18.36,89.8,80.824,512.62,3.7626,0.9513,4.6705,-0.00187722661454792,-0.0114833060257027,0.128873722350542,-0.00333518930613774,-0.00332269307715016,0.0092896307444601,-0.1199,-0.105,-0.0692000000000004
2010-04-23,1217.28,1024.07,16.62,82.9,81.352,511.99,3.8092,1.0656,4.6597,0.02087723839559,-0.0077912997788232,-0.0995675957650421,-0.0799499131669048,0.00651146736340547,-0.00122973634728041,0.0466000000000002,0.1143,-0.0107999999999997
2010-04-30,1186.69,1020.03,22.05,85.2,81.866,509.93,3.6532,0.9603,4.5172,-0.025450942570914,-0.00395284502755278,0.282705812465553,0.0273663716940211,0.00629834576040889,-0.00403163220267544,-0.156,-0.1053,-0.1425
2010-05-07,1110.89,927.04,40.95,85.5,84.45,497.09,3.4255,0.808,4.2749,-0.0660064230691662,-0.0955906030295193,0.619039208406223,0.00351494210744452,0.0310758790045638,-0.0255023651745354,-0.2277,-0.1523,-0.2423
2010-05-14,1135.68,959.81,31.24,112.6,86.095,507.04,3.4534,0.782,4.3357,0.0220700946212959,0.0347386336261417,-0.270652485327593,0.275325339762875,0.0192916944843402,0.0198187997210511,0.0278999999999998,-0.026,0.0608000000000004
2010-05-21,1087.69,886.66,40.1,99.8,85.371,498.72,3.2379,0.7636,4.0991,-0.0431754091120915,-0.0792737539247508,0.249677009341038,-0.120673532388172,-0.00844487306777708,-0.0165450799235831,-0.2155,-0.0184000000000001,-0.2366
2010-05-28,1089.41,917.05,32.07,108.7,86.48,502.26,3.2922,0.7658,4.2088,0.00158008392619102,0.0337004021146647,-0.22345532060746,0.0854236108097455,0.0129067086605801,0.0070730978809932,0.0543,0.00220000000000009,0.1097
2010-06-04,1064.88,913.49,35.48,112.1,88.233,501.73,3.2023,0.7261,4.1299,-0.0227741485334674,-0.00388956754639658,0.101048143736315,0.0307995359509503,0.0200678693651266,-0.00105578750631441,-0.0898999999999997,-0.0397000000000001,-0.0789
2010-06-11,1091.6,917.18,28.79,106.4,87.507,504.13,3.2346,0.7259,4.1493,0.0247823930954194,0.00403131640037646,-0.208941052817294,-0.0521857531705701,-0.00826225253233925,0.00477204492569694,0.0322999999999998,-0.000199999999999978,0.0194000000000001
2010-06-18,1117.51,953.48,23.95,105.9,85.699,510.89,3.2195,0.7094,4.1439,0.0234584861593632,0.0388147042155076,-0.18405978076716,-0.00471032430018337,-0.02087763323952,0.0133201315237734,-0.0150999999999999,-0.0165,-0.00539999999999985
2010-06-25,1076.77,947.56,28.53,94.4,85.313,511.58,3.1078,0.6486,4.0625,-0.0371371768180842,-0.00622818997660257,0.174987841368484,-0.114954179455905,-0.00451431075625486,0.00134967305591971,-0.1117,-0.0608000000000001,-0.0814000000000004
2010-07-02,1022.58,913.55,30.12,84.7,84.427,511.81,2.977,0.625,3.9425,-0.0516369737102629,-0.0365521506322519,0.0542332377062844,-0.108425471493447,-0.0104395905115462,0.00044948651808685,-0.1308,-0.0236,-0.12
2010-07-09,1077.96,951.85,24.98,88.2,83.947,517.45,3.052,0.625,4.0361,0.0527415205639157,0.0410693504941237,-0.187113898234261,0.0404913613547366,-0.0057016083282786,0.0109594396969994,0.0750000000000002,0,0.0936000000000003
2010-07-16,1064.88,948.92,26.25,85.1,82.486,522.6,2.9215,0.5846,3.9379,-0.0122082492903512,-0.0030829635576346,0.0495904843402011,-0.035779927433417,-0.0175570653573613,0.00990345097233014,-0.1305,-0.0404,-0.0982000000000003
2010-07-23,1102.66,981.42,23.47,81.2,82.464,528.84,2.9943,0.5842,4.0142,0.0348633257692175,0.0336760067043258,-0.1119429791747,-0.0469117884116965,-0.000266747500824671,0.0118695755553837,0.0728,-0.000399999999999956,0.0762999999999998
2010-07-30,1101.6,991.41,23.5,78.9,81.539,532.8,2.9052,0.5461,3.9881,-0.000961774093537038,0.0101276697831292,0.00127741128718117,-0.0287340193158032,-0.0112804010735976,0.00746019058428349,-0.0891000000000002,-0.0381,-0.0260999999999996
2010-08-06,1121.64,1010.95,21.74,78.2,80.407,540.08,2.8166,0.5056,3.994,0.0180282315680476,0.0195175895316915,-0.0778465394570502,-0.00891158030056349,-0.0139801963247281,0.0135711575074353,-0.0885999999999996,-0.0405,0.00590000000000002
2010-08-13,1079.25,980.47,26.24,80.4,82.948,543.86,2.6716,0.5285,3.8538,-0.0385255445469053,-0.030613713279366,0.188131082382825,0.0277445286336553,0.0311126683639653,0.00697458406020068,-0.145,0.0228999999999999,-0.1402
2010-08-20,1071.69,988.16,25.49,84.3,83.057,551.37,2.6106,0.4871,3.6601,-0.00702951372965721,0.00781257942235847,-0.028998745687864,0.0473676888228889,0.00131321364614934,0.0137142293516765,-0.0610000000000004,-0.0414,-0.1937
2010-08-27,1064.59,970.04,24.45,93.2,82.918,546.12,2.6447,0.5481,3.6896,-0.006647093210713,-0.018507320195698,-0.0416560024671431,0.100365856683736,-0.00167495143842888,-0.00956735832894129,0.0341,0.0610000000000001,0.0295000000000001
2010-09-03,1104.51,1003.75,21.31,109.2,82.102,547.31,2.697,0.51,3.7811,0.0368120491944985,0.034160957500367,-0.137453769810355,0.158433341619259,-0.00988979094571274,0.00217663768110832,0.0523000000000002,-0.0381,0.0914999999999999
2010-09-10,1109.55,1012.98,21.99,95.3,82.698,543.77,2.7917,0.5673,3.8687,0.00455273001227141,0.00915349545618582,0.0314113584561442,-0.136151252650648,0.00723304124275526,-0.00648900616199644,0.0947,0.0573,0.0876000000000001
2010-09-17,1125.59,1035.94,22.01,107.3,81.398,545.47,2.7372,0.4639,3.9033,0.0143528149080527,0.0224127453672143,0.000909090971700444,0.118598838976496,-0.0158447152582806,0.00312144500811051,-0.0545,-0.1034,0.0346000000000002
2010-09-24,1148.67,1053.27,21.71,103.6,79.395,548.86,2.605,0.4403,3.794,0.0202974087207792,0.0165903834385226,-0.01372391164817,-0.0350913198112703,-0.0249153087040153,0.0061955915379377,-0.1322,-0.0236,-0.1093
2010-10-01,1146.24,1086.09,22.5,83.7,78.088,554.78,2.5097,0.4145,3.7147,-0.00211773089852674,0.0306844804653919,0.0357423253201739,-0.213298352329953,-0.0165989981053967,0.0107282388825078,-0.0952999999999999,-0.0258,-0.0792999999999999
2010-10-08,1165.15,1101.27,20.71,86.5,77.325,561.26,2.392,0.3431,3.7489,0.0163628136440552,0.013879968277668,-0.0828986338028814,0.0329054364424044,-0.00981907730153075,0.0116126175054552,-0.1177,-0.0714,0.0341999999999998
2010-10-15,1176.19,1121.43,19.03,80.1,77.041,563.48,2.5597,0.3589,3.9791,0.00943056695791711,0.018140597339726,-0.0845999940994346,-0.0768685598635202,-0.00367957089551663,0.00394758412243235,0.1677,0.0158,0.2302
2010-10-22,1183.08,1105.19,18.78,88.1,77.472,561.96,2.5541,0.3506,3.9293,0.00584080634068585,-0.0145873907334373,-0.0132242075279412,0.0951966788678202,0.0055788330800306,-0.00270116740865589,-0.00559999999999983,-0.00829999999999997,-0.0497999999999998
2010-10-29,1183.26,1105.75,21.2,92.4,77.266,564.38,2.5993,0.3357,3.9828,0.000152133675082489,0.000506571876193185,0.12120870789785,0.0476544457055041,-0.00266256668302489,0.00429711050625237,0.0451999999999999,-0.0149,0.0535000000000001
2010-11-05,1225.85,1155.94,18.26,99.8,76.548,570.05,2.5304,0.3671,4.1192,0.0353611398580886,0.0443900280226872,-0.149288306511144,0.0770412046697802,-0.00933601902480419,0.00999629279002612,-0.0688999999999997,0.0314,0.1364
2010-11-12,1199.21,1121.17,20.61,81.7,78.082,560.2,2.7871,0.5036,4.2844,-0.0219714742619068,-0.0305410828844881,0.121063519735545,-0.200114181451461,0.0198415614830649,-0.0174302134537205,0.2567,0.1365,0.1652
2010-11-19,1199.73,1112.02,18.04,97.7,78.504,554.99,2.8713,0.5047,4.2444,0.000433524813579389,-0.0081946016263359,-0.13318488026789,0.17884755718278,0.00539002237330966,-0.00934376725991815,0.0842000000000001,0.00109999999999999,-0.04
2010-11-26,1189.4,1081.06,22.22,94.5,80.357,553.85,2.8663,0.5079,4.2093,-0.00864755318730026,-0.0282361399985778,0.208401269577006,-0.0333017245490401,0.0233296283397113,-0.00205620360314818,-0.00500000000000034,0.00319999999999998,-0.0350999999999999
2010-12-03,1224.71,1121.78,18.01,100.8,79.377,552.13,3.0055,0.4683,4.3143,0.029255102986375,0.0369746681636594,-0.210065625023619,0.0645385211375711,-0.01227055349809,-0.00311036616694782,0.1392,-0.0396,0.105
2010-12-10,1240.4,1114.79,17.61,102.7,80.07,548.57,3.319,0.6363,4.4289,0.0127298269674254,-0.00625066307669364,-0.0224602366797502,0.0186737612972445,0.00869259833872782,-0.00646863343959225,0.3135,0.168,0.114599999999999
2010-12-17,1243.91,1115.42,16.11,110.8,80.373,540.12,3.3279,0.6052,4.4367,0.00282573618876025,0.000564969233173507,-0.0890267253192314,0.0759146573786707,0.00377704680439184,-0.0155235552635604,0.00890000000000013,-0.0311,0.00780000000000047
2010-12-24,1256.77,1126.83,16.47,119.1,80.474,543.34,3.3933,0.6474,4.4698,0.0102852930950572,0.0101773651341004,0.0221003470006655,0.0722367020480705,0.00125585199940925,0.00594393790323178,0.0653999999999999,0.0422,0.0331000000000001
2010-12-31,1257.64,1151.38,17.75,106.8,79.028,544.41,3.2935,0.5934,4.3341,0.000692011274787241,0.021552842216817,0.074844971731876,-0.109005549835159,-0.0181319308371846,0.00196736445896928,-0.0998000000000001,-0.0539999999999999,-0.1357
2011-01-07,1271.5,1147.14,17.14,110.4,81.012,547.16,3.3237,0.5931,4.4846,0.0109603570772752,-0.00368933471041011,-0.0349706027517911,0.0331522073169008,0.024795071796575,0.00503862476620132,0.0302000000000002,-0.000300000000000078,0.1505
2011-01-14,1293.24,1160.03,15.46,107.5,79.162,548.72,3.3231,0.5685,4.5301,0.0169533915345665,0.0111739786125904,-0.103158870010358,-0.0266192862752783,-0.0231009061470324,0.00284702896982214,-0.000599999999999934,-0.0246,0.0454999999999997
2011-01-21,1283.35,1136.65,18.47,96.4,78.213,544.7,3.4042,0.6087,4.565,-0.00767685085436387,-0.0203605270896023,0.177891751051873,-0.108984645951217,-0.0120605115566343,-0.00735310880143736,0.0810999999999997,0.0402,0.0349000000000004
2011-01-28,1276.34,1126.29,20.04,95.3,78.133,540.78,3.3214,0.5385,4.5282,-0.0054772394509337,-0.00915629436025966,0.0815824820055155,-0.0114763909563429,-0.00102337133002361,-0.00722264259325556,-0.0827999999999998,-0.0702,-0.0368000000000004
2011-02-04,1310.87,1129.69,15.93,90.3,78.044,542.63,3.6356,0.7444,4.7275,0.0266944318096423,0.00301421340102248,-0.229526152294707,-0.0538923502372173,-0.00113973260639089,0.00341514624764461,0.3142,0.2059,0.1993
2011-02-11,1329.15,1091.16,15.69,105.1,78.46,538.65,3.6288,0.8342,4.6876,0.013848601260336,-0.0347019082602964,-0.0151805571770161,0.151774817459966,0.00531617057375389,-0.00736167870381621,-0.00680000000000014,0.0898000000000001,-0.0399000000000003
2011-02-18,1343.01,1122.01,16.43,97.2,77.664,540.11,3.5799,0.7469,4.6836,0.0103737233504759,0.0278803691730731,0.0460853653042359,-0.0781415664165124,-0.0101971112372157,0.00270681317704025,-0.0489000000000002,-0.0873,-0.00399999999999956
2011-02-25,1319.88,1099.46,19.22,94.3,77.275,541.53,3.4125,0.7117,4.496,-0.017372540154871,-0.0203025695386598,0.15684247149297,-0.0302895218269814,-0.0050213415260103,0.00262564405123822,-0.1674,-0.0352,-0.1876
2011-03-04,1321.15,1138.47,19.06,93.1,76.4,544.98,3.49,0.6807,4.5963,0.000961746059598312,0.0348661055352464,-0.00835950531609075,-0.0128070053563905,-0.0113877918457055,0.00635063017369753,0.0775000000000001,-0.031,0.1003
2011-03-11,1304.28,1108.52,20.08,94.6,76.776,546.92,3.4025,0.641,4.548,-0.0128514050535289,-0.0266594634022388,0.0521323965974725,0.0159832917748108,0.00490939514285138,0.00355344269870361,-0.0875000000000004,-0.0397,-0.0483000000000002
2011-03-18,1279.21,1098.6,24.44,91.7,75.718,547.3,3.2678,0.5845,4.4166,-0.0194084644880403,-0.00898915038472303,0.196496839479866,-0.0311350967954125,-0.0138761784239341,0.000694558708991266,-0.1347,-0.0565,-0.1314
2011-03-25,1313.8,1143.94,17.91,100.3,76.217,548.6,3.4388,0.7315,4.5002,0.0266810015833174,0.0404418021033548,-0.310861918230774,0.0896433157054704,0.00656862203160902,0.00237248035363091,0.171,0.147,0.0836000000000006
2011-04-01,1332.41,1185.12,17.4,93.5,75.833,550.72,3.4422,0.7976,4.4853,0.0140656310866651,0.0353655912531039,-0.0288890098521373,-0.0702042586732485,-0.00505098081416211,0.00385693451967128,0.00340000000000007,0.0660999999999999,-0.0149000000000008
2011-04-08,1328.17,1206.03,17.87,87.5,75.066,552.23,3.5772,0.8061,4.6417,-0.00318727765330884,0.0174899383346494,0.0266531229508535,-0.0663226429310724,-0.0101658275455208,0.00273811313913708,0.135,0.00850000000000006,0.156400000000001
2011-04-15,1319.68,1181.57,15.32,88.5,74.832,552.44,3.4079,0.6934,4.4684,-0.00641277194324275,-0.0204899110074122,-0.153964164858892,0.0113637586503144,-0.00312212557978775,0.000380204047416122,-0.1693,-0.1127,-0.1733
2011-04-22,1337.39,1205.96,14.69,81.5,74.108,553.19,3.3907,0.652,4.4646,0.0133306704488811,0.0204318676490072,-0.0419921741266593,-0.0823995317670665,-0.00972211229576381,0.00135669277251615,-0.0172000000000003,-0.0414,-0.00380000000000003
2011-04-29,1363.61,1204.03,14.75,76.6,72.933,556.62,3.2863,0.6013,4.3968,0.0194156413683846,-0.00160166673935702,0.00407609260004316,-0.0620059435002718,-0.015982277202407,0.006181257910991,-0.1044,-0.0507000000000001,-0.0678000000000001
2011-05-06,1340.2,1163.34,18.4,76.8,74.841,560.22,3.1459,0.5493,4.2855,-0.0173167382266817,-0.0343790853308974,0.221107581829111,0.00260756340708124,0.0258246516698497,0.00644678283065492,-0.1404,-0.0519999999999999,-0.1113
2011-05-13,1337.77,1144.69,17.07,84.1,75.757,562.69,3.1709,0.5325,4.3078,-0.00181480798286682,-0.0161613201980364,-0.0750281278085909,0.090801926825276,0.0121649862057227,0.00439929109839277,0.0249999999999999,-0.0168,0.0223000000000004
2011-05-20,1333.27,1140.55,17.43,82.1,75.435,565.4,3.1451,0.5114,4.2976,-0.00336947725044645,-0.00362325578858513,0.0208703227255804,-0.0240685505205196,-0.00425949106889423,0.0048045904372076,-0.0258000000000003,-0.0211,-0.0102000000000002
2011-05-27,1331.1,1147.82,15.98,79.8,74.954,563.94,3.0735,0.4764,4.2424,-0.00162890325278386,0.00635388897654643,-0.0868549191938008,-0.0284145120026196,-0.00639676625489294,-0.00258558239922468,-0.0715999999999997,-0.035,-0.0552000000000001
2011-06-03,1300.16,1155.51,17.95,73.9,73.783,567.48,2.9859,0.4248,4.2224,-0.0235183342536107,0.00667731377831782,0.116252174596159,-0.0768106765016068,-0.0157462392694079,0.00625764358351955,-0.0876000000000001,-0.0516,-0.0199999999999996
2011-06-10,1270.98,1128.85,18.86,75.9,74.795,568.94,2.9693,0.3981,4.1816,-0.0226990773749423,-0.0233423895552294,0.0494531622710235,0.026703856447428,0.0136226850586869,0.00256947396784124,-0.0165999999999999,-0.0267,-0.0407999999999999
2011-06-17,1271.5,1103.74,21.85,78.1,74.988,567.02,2.9445,0.3749,4.205,0.000409049437753772,-0.0224950025295048,0.147157644336288,0.0285733724440558,0.00257706290852067,-0.00338040393735817,-0.0247999999999999,-0.0232,0.0233999999999996
2011-06-24,1268.45,1115.67,21.1,85.3,75.665,566.87,2.8636,0.329,4.1832,-0.00240162323351267,0.0107507084345002,-0.0349278810595783,0.0881843976519932,0.00898760140404509,-0.000264575930425615,-0.0809000000000002,-0.0459,-0.0217999999999998
2011-07-01,1339.67,1156.74,15.87,84.8,74.349,570.57,3.1823,0.4719,4.3908,0.0546276323304742,0.0361505825504551,-0.284842505943703,-0.00587891169977617,-0.0175454792224024,0.0065058606178372,0.3187,0.1429,0.207599999999999
2011-07-08,1343.8,1163.93,15.95,90.5,75.179,572.01,3.0268,0.3909,4.2824,0.00307810652691387,0.0061965061865763,0.00502829469253596,0.0650543079080235,0.0111017137210307,0.00252061258278324,-0.1555,-0.081,-0.1084
2011-07-15,1316.14,1135.6,19.53,85.8,75.126,571.54,2.9058,0.3529,4.2465,-0.0207982112803311,-0.0246410644271933,0.202492915657734,-0.0533308442119642,-0.000705232722752136,-0.000822001707777353,-0.121,-0.038,-0.0358999999999998
2011-07-22,1345.02,1153.18,17.52,90.4,74.201,574.94,2.9621,0.3872,4.2575,0.0217056726081415,0.0153621979696004,-0.108608659380342,0.0522252609042146,-0.0123890767433981,0.00593121548996489,0.0562999999999998,0.0343,0.0110000000000001
2011-07-29,1292.28,1137.73,25.25,84.3,73.897,580.87,2.7961,0.3554,4.1184,-0.0400007826850697,-0.0134882943803332,0.365483070213124,-0.0698624023903216,-0.00410539544051503,0.0102612921375504,-0.166,-0.0318,-0.1391
2011-08-05,1199.38,1041.07,32,88,74.598,582.07,2.5585,0.2878,3.8458,-0.0746033435375786,-0.0887860187982827,0.236909747078358,0.0429549494703974,0.00944146546790225,0.00206373574887841,-0.2376,-0.0676,-0.2726
2011-08-12,1178.81,989.74,36.36,100.7,74.607,573.44,2.2548,0.1872,3.7257,-0.0172993015603966,-0.0505620270161069,0.127733366509552,0.13480898524631,0.000120639388907051,-0.0149374050665685,-0.3037,-0.1006,-0.1201
2011-08-19,1123.53,970.16,43.05,109.1,74.009,582.13,2.0623,0.1893,3.3904,-0.0480299404922375,-0.019981276025157,0.168892961564461,0.0801190931145079,-0.00804762915728041,0.0150404801396711,-0.1925,0.00209999999999999,-0.3353
2011-08-26,1176.8,975.92,35.59,100.3,73.814,579.15,2.1899,0.1876,3.535,0.0463233757486501,0.00591960949194625,-0.190297531351638,-0.0840991978711347,-0.00263829191816534,-0.00513227910782721,0.1276,-0.00170000000000001,0.1446
2011-09-02,1173.97,1021.88,33.92,101.5,74.756,584.62,1.9857,0.1961,3.2969,-0.00240772288837743,0.0460187311995259,-0.0480598885983987,0.0118931035139518,0.0126810610957397,0.00940055214020941,-0.2042,0.00850000000000001,-0.2381
2011-09-09,1154.23,992.31,38.52,99.4,77.192,584.48,1.9183,0.1688,3.2463,-0.0169577124306599,-0.0293637885730904,0.127172776006222,-0.0209066848193133,0.0320663481100265,-0.000239500471591825,-0.0674000000000001,-0.0273,-0.0505999999999998
2011-09-16,1216.01,976.84,30.98,100.7,76.599,578.96,2.0479,0.1652,3.313,0.0521415522083188,-0.0157126864679027,-0.217835751941202,0.0129936860619884,-0.0077118028870391,-0.00948917248909975,0.1296,-0.00359999999999999,0.0667
2011-09-23,1136.43,861.53,41.25,97.6,78.501,559.62,1.8334,0.2164,2.9002,-0.0676832373897005,-0.125612993654168,0.286309277791967,-0.0312683063054697,0.0245273417296836,-0.0339754085910453,-0.2145,0.0512,-0.4128
2011-09-30,1131.42,880.43,42.96,104.5,78.553,558.42,1.9154,0.243,2.9134,-0.00441828881992201,0.0217005461471693,0.0406183374199194,0.0683095779858185,0.00066219264584344,-0.00214661454115284,0.0820000000000001,0.0266,0.0132000000000003
2011-10-07,1155.46,883.9,36.2,100.6,78.726,559.53,2.0764,0.2882,3.0167,0.0210250520994686,0.00393350957488536,-0.171210331368884,-0.0380348137392268,0.00219991314506274,0.00198577819179135,0.161,0.0452,0.1033
2011-10-14,1224.58,935.5,28.24,106.4,76.623,570.83,2.2477,0.2654,3.2315,0.0580993949806672,0.0567372116472429,-0.248319706206684,0.0560533192419053,-0.0270761765778236,0.0199942964176971,0.1713,-0.0228,0.2148
2011-10-21,1238.25,920.07,31.32,109.2,76.395,572.74,2.2192,0.2668,3.2638,0.0111011644213246,-0.0166313916090024,0.103517458497561,0.0259754864032606,-0.0029800437691323,0.00334041952140307,-0.0285000000000002,0.00139999999999996,0.0322999999999998
2011-10-28,1285.09,1010.12,24.53,107.5,75.067,583.34,2.3167,0.2892,3.3754,0.0371296623188693,0.0933746605537786,-0.244360012852204,-0.0156902157430876,-0.0175362009197757,0.0183383451990071,0.0975000000000001,0.0224,0.1116
2011-11-04,1253.23,989.63,30.16,107.4,76.962,587.03,2.0327,0.2184,3.0916,-0.0251045362788211,-0.0204932787612409,0.206619684869357,-0.00093066549295262,0.0249307454608667,0.00630571909197197,-0.284,-0.0708,-0.2838
2011-11-11,1263.86,971.15,30.04,106.6,76.945,585.28,2.0564,0.23,3.13,0.00844631157045139,-0.0188501996195383,-0.00398671624382141,-0.00747667034302069,-0.000220912629953496,-0.00298556064504396,0.0236999999999998,0.0116,0.0383999999999998
2011-11-18,1215.65,934.08,32,113.7,78.064,580.23,2.0104,0.2782,2.9941,-0.0388916169308038,-0.0389188486123917,0.0632060759037927,0.0644798890247467,0.0144381221576664,-0.00866578854375266,-0.0459999999999998,0.0482,-0.1359
2011-11-25,1158.67,877.4,34.47,109.8,79.686,574.36,1.9635,0.2735,2.9191,-0.0480061175650421,-0.0625990989336369,0.0743534777290473,-0.0349028716810604,0.0205649085726876,-0.010168199232572,-0.0469000000000002,-0.00469999999999998,-0.0750000000000002
2011-12-02,1244.28,960.83,27.52,102.3,78.625,580.86,2.0331,0.25,3.0237,0.071284253775187,0.0908345055262192,-0.225176367463631,-0.0707508561178489,-0.0134041966255642,0.0112533865338582,0.0696000000000001,-0.0235,0.1046
2011-12-09,1255.19,934.18,26.38,98.6,78.632,582.13,2.0611,0.2221,3.1072,0.00872990617102865,-0.0281283551114226,-0.0423068657759744,-0.0368384113489917,8.90262437236444e-05,0.00218402652614724,0.028,-0.0279,0.0835000000000004
2011-12-16,1219.66,904.09,24.29,99.9,80.256,581.12,1.8474,0.2218,2.8511,-0.0287148241673672,-0.0327402261881309,-0.0825414042750876,0.0130984240459187,0.0204427843060726,-0.00173651451330858,-0.2137,-0.000299999999999995,-0.2561
2011-12-23,1265.33,927.7,20.73,89.4,79.93,582.73,2.0244,0.2824,3.0568,0.036760826344441,0.0257794917004466,-0.158482816566393,-0.111049003475039,-0.00407027393247361,0.00276668131972713,0.177,0.0606,0.2057
2011-12-30,1257.61,916.39,23.4,94.2,80.178,584.4,1.8762,0.2391,2.8941,-0.00611986340901805,-0.0122663664048108,0.121154095915967,0.0522994994028485,0.00309791138905169,0.00286172258394402,-0.1482,-0.0433,-0.1627
2012-01-06,1277.81,927.06,20.63,91.1,81.254,582.97,1.9578,0.2559,3.0156,0.0159345807912015,0.0115762501359669,-0.125989695280496,-0.0334623773164049,0.0133308877403042,-0.0024499528260451,0.0815999999999999,0.0168,0.1215
2012-01-13,1289.09,952.92,20.91,81.7,81.515,581.22,1.8636,0.2213,2.91,0.00878886798040846,0.0275126663047383,0.013481186357382,-0.108903802399955,0.00320700162433418,-0.00300638438415124,-0.0942000000000001,-0.0346,-0.1056
2012-01-20,1315.38,995.08,18.28,79.2,80.223,586.56,2.0246,0.2403,3.0998,0.0201890541822474,0.0432921812414548,-0.134419947414538,-0.0310777030455771,-0.0159767955911514,0.00914562198499169,0.161,0.019,0.1898
2012-01-27,1316.33,1016.61,18.53,84.6,78.902,592.46,1.891,0.2108,3.0574,0.000721964077549764,0.0214057057384514,0.0135834742712642,0.0659579677917979,-0.0166036807274477,0.0100083955304839,-0.1336,-0.0295,-0.0424000000000002
2012-02-03,1344.9,1048.36,17.1,75.4,78.924,597.76,1.9224,0.2302,3.1192,0.0214720995008246,0.0307534756697931,-0.0803125767886539,-0.115126991598268,0.000278788034195898,0.00890597541859961,0.0314000000000001,0.0194,0.0618000000000003
2012-02-10,1342.64,1042.15,20.79,76.7,79.114,597.61,1.9862,0.2739,3.1404,-0.00168183582957937,-0.00594115145713925,0.195393638361307,0.0170944333592997,0.00240448615575062,-0.000250968320750111,0.0637999999999999,0.0437,0.0211999999999999
2012-02-17,1361.23,1062.46,17.78,80.7,79.331,600.85,2.0017,0.2904,3.1476,0.0137508777609838,0.0193010871434005,-0.156397871784163,0.0508368669026931,0.00273912254315967,0.0054069520776352,0.0155000000000001,0.0165,0.0072000000000001
2012-02-24,1365.74,1067.56,17.31,81.5,78.352,605.9,1.9757,0.3049,3.0992,0.00330770350385556,0.00478869658118875,-0.0267898608976407,0.00986444497091377,-0.0124174778461628,0.00836963659363477,-0.026,0.0145,-0.0484
2012-03-02,1369.63,1079.94,17.29,77.1,79.403,611.62,1.9739,0.2737,3.1024,0.00284422408842833,0.011529813407174,-0.00115606949291891,-0.0554997396775336,0.0133246559546691,0.00939621868113161,-0.00180000000000002,-0.0312,0.00319999999999965
2012-03-09,1370.87,1060.01,17.11,76,80.041,613.3,2.0279,0.3178,3.1778,0.000904944414976683,-0.0186271419955659,-0.0104652117910971,-0.0143699402829522,0.00800285247597898,0.00274303799986342,0.0539999999999998,0.0441,0.0754000000000001
2012-03-16,1404.17,1063.34,14.47,73.2,79.786,612.33,2.294,0.3587,3.4061,0.024000806108762,0.00313655565972582,-0.16758554726071,-0.0375379193190648,-0.0031909529224885,-0.00158285975787731,0.2661,0.0409,0.2283
2012-03-23,1397.11,1041.96,14.82,84.9,79.345,610.69,2.2317,0.3517,3.3051,-0.00504056356233207,-0.0203113428230486,0.0239000792245485,0.148278672350036,-0.00554261745331619,-0.002681887431077,-0.0623,-0.00700000000000001,-0.101
2012-03-30,1408.47,1041.45,15.5,86.2,79.004,609.21,2.2088,0.3287,3.3358,0.00809819152047009,-0.000489581993162069,0.0448624040572598,0.015196084352346,-0.0043069489181935,-0.00242642958624817,-0.0228999999999999,-0.023,0.0307
2012-04-06,1398.08,1036.71,16.7,78.6,79.886,609.23,2.0545,0.3136,3.2157,-0.00740414207199702,-0.00456173559275808,0.0745686954975087,-0.0922984782344871,0.0111021342991906,3.2828863139045e-05,-0.1543,-0.0151,-0.1201
2012-04-13,1370.26,1027.31,19.55,78.5,79.888,612.48,1.9823,0.266,3.1273,-0.0200993639251434,-0.00910850184495082,0.157566567008665,-0.00127307464679749,2.50353624515753e-05,0.00532042410466005,-0.0722,-0.0476,-0.0884
2012-04-20,1378.53,1021.51,17.44,72.6,79.194,615.91,1.9629,0.2642,3.124,0.00601721117475407,-0.00566181069471572,-0.114208867950541,-0.0781337029576132,-0.00872511538338117,0.00558456013866682,-0.0193999999999999,-0.00180000000000002,-0.00329999999999986
2012-04-27,1403.36,1019.5,16.32,71.4,78.709,617.82,1.9348,0.2578,3.1224,0.0178516471903896,-0.00196961372045745,-0.0663750689448728,-0.0166670524852108,-0.00614303116718507,0.00309630393351235,-0.0281,-0.00640000000000002,-0.00160000000000027
2012-05-04,1369.1,1012.96,19.16,64.1,79.498,623.09,1.8786,0.254,3.0709,-0.0247157715633612,-0.00643557321869359,0.160433423006753,-0.107853505418915,0.00997435690344606,0.00849381773636271,-0.0562,-0.00379999999999997,-0.0514999999999999
2012-05-11,1353.39,971.01,19.89,57.8,80.264,618.64,1.8376,0.258,3.0103,-0.0115410336674637,-0.0422952498963483,0.0373923203231663,-0.103455588248292,0.00958933751217739,-0.00716745033229671,-0.0410000000000001,0.004,-0.0606
2012-05-18,1295.22,906.61,25.1,61.5,81.292,606.85,1.7226,0.2924,2.8064,-0.0439319910974056,-0.0686243982307415,0.232650753271858,0.0620483991341407,0.0127264091047499,-0.0192418767484099,-0.115,0.0344,-0.2039
2012-05-25,1317.82,902.13,21.76,70.6,82.402,605.33,1.738,0.2853,2.8412,0.0172982912995465,-0.00495373482247885,-0.142794424149996,0.137992969686723,0.0135620977374691,-0.0025078796823319,0.0154000000000001,-0.0071,0.0348000000000002
2012-06-01,1278.05,893.86,26.66,71.2,82.89,604.17,1.452,0.2461,2.5194,-0.0306433773715442,-0.00920947048829657,0.203090892762821,0.0084626739187339,0.00590471913790491,-0.00191814858315897,-0.286,-0.0392,-0.3218
2012-06-08,1325.66,905.17,21.23,80.6,82.511,614.14,1.6353,0.2659,2.7454,0.0365749698078242,0.0125736080051224,-0.227749039035398,0.124005831094653,-0.00458280981756509,0.0163672998985591,0.1833,0.0198,0.226
2012-06-15,1342.84,925.22,21.11,86,81.628,622.22,1.5773,0.2701,2.684,0.0128763255531821,0.0219087757082548,-0.00566841385493566,0.0648486467409244,-0.010759277419031,0.0130708127666335,-0.0580000000000001,0.00419999999999998,-0.0613999999999999
2012-06-22,1335.02,917.18,18.11,95.4,82.256,622.76,1.6742,0.3028,2.7616,-0.00584050116830959,-0.00872780182030741,-0.153282589964907,0.103731282200734,0.0076639949463102,0.000867483869401831,0.0969,0.0327,0.0775999999999999
2012-06-29,1362.16,937.35,17.08,75.1,81.627,626.02,1.6449,0.3011,2.7533,0.0201254021168484,0.021752999792179,-0.0585560835348984,-0.239258019684152,-0.00767624571964021,0.00522110765005923,-0.0292999999999999,-0.00170000000000003,-0.0083000000000002
2012-07-06,1354.68,946.01,17.1,73.2,83.377,632.55,1.5491,0.2698,2.6616,-0.00550641105093241,0.00919639477733192,0.00117027514819057,-0.0256251378028232,0.0212124023605682,0.0103769493891459,-0.0958000000000001,-0.0313,-0.0916999999999999
2012-07-13,1356.78,926.13,16.74,66.8,83.349,640.07,1.4876,0.238,2.5727,0.00154898130150194,-0.0212385262590358,-0.0212773984472854,-0.0914923404246659,-0.000335880429725322,0.0118182765120292,-0.0614999999999999,-0.0318,-0.0888999999999998
2012-07-20,1362.66,936.87,16.27,63.3,83.478,645.39,1.4567,0.2015,2.5448,0.00432442647259901,0.0115299183898641,-0.0284781438303825,-0.0538177513924696,0.00154651256344263,0.00827723985799445,-0.0308999999999999,-0.0365,-0.0279000000000003
2012-07-27,1385.97,941.76,16.7,61.3,82.709,644.77,1.5463,0.2386,2.6277,0.0169615836583894,0.00520593309374728,0.026085798191763,-0.0321054862079651,-0.00925470089353375,-0.000961121175245161,0.0895999999999999,0.0371,0.0829
2012-08-03,1390.99,952.79,15.64,69.7,82.375,653.75,1.5631,0.2376,2.6435,0.00361546833104587,0.0116440575588737,-0.0655769843055443,0.128420474824313,-0.00404643037158969,0.0138313513236756,0.0167999999999999,-0.001,0.0158
2012-08-10,1405.87,979.25,14.74,71.9,82.553,651.93,1.6573,0.2606,2.7508,0.0106406043889127,0.0273924499419591,-0.0592668483559748,0.0310759469605229,0.00215851849427029,-0.00278782117937837,0.0942000000000001,0.023,0.1073
2012-08-17,1418.16,971.05,13.45,70.1,82.596,648.56,1.8105,0.2862,2.9309,0.00870392849162371,-0.00840901227448043,-0.0915857807133422,-0.0253534706864569,0.000520741887286569,-0.00518267352030311,0.1532,0.0256,0.1801
2012-08-24,1411.13,965.47,15.18,74,81.593,654.17,1.6865,0.2674,2.8011,-0.00496945485788292,-0.00576293086906343,0.120999665919636,0.054142299163626,-0.0122177792275764,0.0086127358374215,-0.124,-0.0188,-0.1298
2012-08-31,1406.58,947.33,17.47,66.4,81.208,656.92,1.5484,0.2205,2.6723,-0.00322957575816396,-0.0189675280684893,0.140506352178481,-0.108368036721782,-0.00472970949452112,0.00419498895248704,-0.1381,-0.0469,-0.1288
2012-09-07,1437.92,968.82,14.38,68.7,80.252,663.63,1.6678,0.25,2.8245,0.0220363988205818,0.0224313347876777,-0.194646771853065,0.0340521427459155,-0.0118420806641755,0.010162519781681,0.1194,0.0295,0.1522
2012-09-14,1465.77,1014.07,14.51,68.4,78.847,665.47,1.866,0.25,3.0884,0.0191830767328636,0.0456483791774112,0.00899971460319593,-0.00437637459979889,-0.0176624180572507,0.00276879267998797,0.1982,0,0.2639
2012-09-21,1460.15,1006.6,13.98,68.3,79.328,666.4,1.7528,0.2581,2.9434,-0.00384153149188204,-0.00739362095673624,-0.0372103300904323,-0.00146305805176095,0.0060818900920756,0.00139653292160347,-0.1132,0.0081,-0.145
2012-09-28,1440.67,1002.66,15.73,59.6,79.935,667.61,1.6335,0.2304,2.823,-0.0134308870113626,-0.00392184689891373,0.117941980264522,-0.13625419250544,0.0076226485640758,0.00181407985222215,-0.1193,-0.0277,-0.1204
2012-10-05,1460.93,1009.16,14.33,60.5,79.337,672.68,1.7428,0.2579,2.9712,0.013964936074407,0.00646183318331861,-0.0932144752301056,0.0149877909654919,-0.00750920199413674,0.00756556294969446,0.1093,0.0275,0.1482
2012-10-12,1428.59,996.7,16.14,60.4,79.667,676.02,1.656,0.26,2.8317,-0.0223852753777196,-0.0124237586532541,0.118945421001722,-0.00165426009602676,0.0041508449323473,0.00495292774958056,-0.0868,0.00209999999999999,-0.1395
2012-10-19,1433.19,1006.07,17.06,61.4,79.621,679.16,1.7633,0.2945,2.9339,0.00321478517684071,0.00935710877049356,0.0554358792217302,0.0164207302123272,-0.000577570203389222,0.00463407904368118,0.1073,0.0345,0.1022
2012-10-26,1411.94,990.7,17.81,68.5,80.068,674.12,1.7451,0.297,2.9042,-0.01493808378072,-0.0153951667649199,0.0430235552380371,0.109423910115083,0.00559839647678295,-0.00744860383999146,-0.0182,0.0025,-0.0297000000000001
2012-11-02,1414.2,1004.68,17.59,73,80.593,673.59,1.7147,0.2816,2.9066,0.00159935493764962,0.0140125978514147,-0.0124295385521034,0.0636256958802113,0.00653552347732589,-0.000786519395600038,-0.0304000000000002,-0.0154,0.00240000000000018
2012-11-09,1379.85,990.98,18.61,72.3,81.026,676.06,1.6063,0.258,2.7408,-0.0245892025788645,-0.0137300093387758,0.0563685119046928,-0.00963531198367207,0.00535829371545837,0.00366021228848989,-0.1084,-0.0236,-0.1658
2012-11-16,1359.88,969.82,16.41,59.1,81.257,674.06,1.58,0.2379,2.7324,-0.014578337048258,-0.0215838652241924,-0.12580816555216,-0.201593204752666,0.00284688052372761,-0.00296270177900304,-0.0263,-0.0201,-0.00839999999999996
2012-11-23,1409.15,995.94,15.14,55,80.192,675.77,1.6899,0.2703,2.8284,0.0355902251705533,0.0265765275387526,-0.0805506570926964,-0.0718977391795814,-0.0131932120713687,0.00253365374123415,0.1099,0.0324,0.0959999999999996
2012-11-30,1416.18,1007.02,15.87,53.7,80.153,681.47,1.6156,0.2461,2.8089,0.00497642010527155,0.0110637386883399,0.0470902865290146,-0.0239201837176521,-0.000486451099430241,0.00839944816179461,-0.0743,-0.0242,-0.0194999999999999
2012-12-07,1418.07,1024.06,15.9,51.8,80.408,682.99,1.6215,0.2381,2.8104,0.00133368635804754,0.0167796441383832,0.00188857468786852,-0.0360228522493817,0.00317636554826617,0.0022279885504366,0.00590000000000002,-0.00800000000000001,0.00150000000000006
2012-12-14,1413.58,1042.82,17,53.1,79.58,683.97,1.7015,0.234,2.864,-0.00317129854540177,0.0181534633756257,0.0668942348300301,0.0247867789824561,-0.0103508687236564,0.0014338388363937,0.0800000000000001,-0.00409999999999999,0.0535999999999999
2012-12-21,1430.15,1043.03,17.84,52.8,79.617,684.71,1.7623,0.2661,2.9312,0.0116538402262529,0.000201356761713178,0.0482297830956471,-0.00566573753567745,0.000464832888386724,0.00108133394526977,0.0608,0.0321,0.0672000000000002
2012-12-28,1402.43,1055.18,22.72,55.3,79.678,686.1,1.7009,0.2465,2.8672,-0.019572887579919,0.0115814297003913,0.241802466701087,0.0462617178160731,0.000765874672546296,0.00202799874000981,-0.0613999999999999,-0.0196,-0.0640000000000001
2013-01-04,1466.47,1077.9,13.83,56.7,80.499,688.6,1.8991,0.2635,3.0972,0.04465170606034,0.0213033353169463,-0.496405448176284,0.0250013022054176,0.0102512494273954,0.00363716120757829,0.1982,0.017,0.23
2013-01-11,1472.05,1073.04,13.36,62,79.563,684.23,1.8677,0.2489,3.0479,0.00379783476508511,-0.00451896219374781,-0.034574977568167,0.089360174311385,-0.0116956013215965,-0.00636643249375002,-0.0314000000000001,-0.0146,-0.0493000000000001
2013-01-18,1485.98,1080.74,12.46,59.2,80.036,686.68,1.8416,0.2503,3.0289,0.00941850013368306,0.00715025007741765,-0.0697416547491927,-0.0462128431551312,0.00592737278873212,0.00357427199205507,-0.0261,0.00140000000000001,-0.0189999999999997
2013-01-25,1502.96,1069.12,12.89,55.9,79.748,686.16,1.9487,0.2718,3.1333,0.011362009722113,-0.0108101115028614,0.033928303591789,-0.0573571617289073,-0.00360487047366576,-0.000757553720561965,0.1071,0.0215,0.1044
2013-02-01,1513.17,1072.82,12.9,66.2,79.125,676.48,2.0149,0.2618,3.2178,0.00677029106801275,0.0034548154291798,0.000775494416530353,0.169116082781909,-0.00784278251624038,-0.0142079534403479,0.0661999999999998,-0.01,0.0844999999999998
2013-02-08,1517.93,1060.87,13.02,65,80.246,677.28,1.9499,0.25,3.1635,0.00314077655828537,-0.0112013694094459,0.00925932541279684,-0.0182931930473256,0.0140680360667593,0.00118189353079501,-0.065,-0.0118,-0.0543
2013-02-15,1519.79,1066.52,12.46,61.5,80.58,675.43,2.0017,0.2661,3.1753,0.00122460281556247,0.00531168547759098,-0.0439631234211162,-0.0553500950831642,0.00415356323210148,-0.00273525168500743,0.0518000000000001,0.0161,0.0118
2013-02-22,1515.6,1053.39,14.17,59.1,81.482,673.21,1.9619,0.248,3.1525,-0.0027607672564578,-0.0123874767315453,0.128603540343282,-0.03980625040042,0.0111316571949924,-0.00329220845466161,-0.0398000000000001,-0.0181,-0.0228000000000002
2013-03-01,1518.2,1053.13,15.36,58.6,82.313,675.93,1.8412,0.2342,3.0506,0.00171402243822172,-0.000246852630234606,0.0806396740169366,-0.00849622782908543,0.0101469169383988,0.00403220375245983,-0.1207,-0.0138,-0.1019
2013-03-08,1551.18,1065.94,12.59,55,82.696,674.6,2.0427,0.25,3.2438,0.0214905090187152,0.0120903566595469,-0.19886387966327,-0.063401511350496,0.00464217936959077,-0.00196959775785466,0.2015,0.0158,0.1932
2013-03-15,1560.7,1042.24,11.3,58.1,82.261,673.02,1.9895,0.25,3.2115,0.00611850694712501,-0.0224847958756147,-0.108100122337961,0.0548324786253946,-0.00527411396108768,-0.00234487574236208,-0.0531999999999999,0,-0.0322999999999998
2013-03-22,1556.89,1015.47,13.57,55.8,82.376,671.38,1.925,0.25,3.1476,-0.00244419689361042,-0.0260206836012946,0.183058748128483,-0.0403917944706009,0.00139701304935436,-0.00243975128457752,-0.0645,0,-0.0638999999999999
2013-03-29,1569.19,1034.9,12.7,61.8894,82.976,670.81,1.8486,0.2421,3.1023,0.00786932098622017,0.0189532441875535,-0.0662594803822318,0.103575051697526,0.00725727700180379,-0.000849358189626059,-0.0764,-0.00789999999999999,-0.0453000000000001
2013-04-05,1553.28,1008.13,13.92,57.3202,82.496,683.07,1.7128,0.2282,2.875,-0.0101907385429358,-0.0262076741045361,0.0917246614417278,-0.0766958289473756,-0.00580160203953195,0.0181114059271996,-0.1358,-0.0139,-0.2273
2013-04-12,1588.85,1019.61,12.06,54.8462,82.311,688.39,1.7208,0.226,2.9177,0.0226416599895911,0.0113230716520247,-0.143432463607234,-0.0441201876702833,-0.00224505121389118,0.00775819445557424,0.00800000000000001,-0.00219999999999998,0.0427
2013-04-19,1555.25,1011.17,14.97,53.1198,82.714,685.37,1.7049,0.2298,2.8847,-0.0213741796926437,-0.00831212499063838,0.216154007132498,-0.0319831643662822,0.00488411817745238,-0.00439669937246467,-0.0159,0.0038,-0.0329999999999999
2013-04-26,1582.24,1022.36,13.61,51.3114,82.502,687.75,1.6633,0.2112,2.8611,0.0172052601265511,0.0110056039962707,-0.0952433817681624,-0.0346367903896039,-0.00256633880924806,0.00346656138339085,-0.0416000000000001,-0.0186,-0.0236000000000001
2013-05-03,1614.42,1042.26,12.85,50.2379,82.125,693.52,1.7382,0.2158,2.9537,0.0201341945043962,0.0192777521146388,-0.0574610053221458,-0.0211432277879773,-0.0045800586662601,0.00835467875570117,0.0749,0.00459999999999999,0.0926
2013-05-10,1633.7,1050.74,12.59,49.0404,83.143,690.33,1.8973,0.2367,3.0943,0.0118716220063861,0.00810324548639319,-0.0204409632849729,-0.0241252737217259,0.0123195400829319,-0.00461033442979275,0.1591,0.0209,0.1406
2013-05-17,1667.47,1045.76,12.45,55.3227,84.252,687.2,1.9506,0.2418,3.1669,0.0204601265909785,-0.00475078403675155,-0.0111822251455393,0.120538864345427,0.0132502909354058,-0.00454437346054615,0.0532999999999999,0.00509999999999999,0.0726
2013-05-24,1649.6,1026.68,13.99,61.3274,83.7,678.96,2.0081,0.2472,3.1721,-0.0107746733607463,-0.0184135985633622,0.116622165766673,0.10304341258394,-0.00657333032768293,-0.012063155008625,0.0575000000000003,0.00540000000000002,0.00519999999999987
2013-05-31,1630.74,1008.88,16.3,65.1208,83.375,665.71,2.1282,0.2933,3.2791,-0.0114989347530763,-0.0174894905805481,0.152822319135327,0.0600172815002003,-0.00389047325964143,-0.0197080753860055,0.1201,0.0461,0.107
2013-06-07,1643.38,980.64,15.14,79.9852,81.669,658.13,2.1718,0.3017,3.3343,0.00772119702172702,-0.028390663910197,-0.0738248598034139,0.205597610928161,-0.0206740113387545,-0.0114516600751049,0.0436000000000001,0.00840000000000002,0.0551999999999997
2013-06-14,1626.73,953.68,17.15,81.5289,80.67,656.8,2.1295,0.2701,3.3046,-0.0101832316839579,-0.0278772343276756,0.124657925602646,0.0191159410583834,-0.012307733948151,-0.00202292206209265,-0.0423,-0.0316,-0.0296999999999996
2013-06-21,1592.43,900.54,18.9,78.4531,82.318,627.8,2.531,0.3676,3.5818,-0.021310713411121,-0.0573336020134683,0.0971637484536481,-0.0384565646042923,0.0202230368493144,-0.0451579137303648,0.4015,0.0975,0.2772
2013-06-28,1606.28,940.33,16.86,103.7298,83.136,633,2.4857,0.3554,3.4994,0.0086597950756504,0.0432362940890716,-0.114217969491887,0.279288447345994,0.00988802524993737,0.00824877773632249,-0.0453000000000001,-0.0122,-0.0823999999999998
2013-07-05,1631.89,917.58,14.89,99.7542,84.449,634.26,2.7391,0.3948,3.713,0.0158179057797367,-0.0244911078972629,-0.124254105877792,-0.0390802812126276,0.0156699808093368,0.00198854286445105,0.2534,0.0394,0.2136
2013-07-12,1680.19,945.36,13.84,117.8877,82.988,635.48,2.5821,0.339,3.625,0.0291680299489618,0.0298260377426738,-0.0731268965063938,0.167023316254546,-0.0174517828265781,0.00192165384319587,-0.157,-0.0558,-0.0880000000000001
2013-07-19,1692.09,950.47,12.54,94.4621,82.607,649.57,2.4839,0.2982,3.5604,0.00705756900029719,0.00539079176400925,-0.0986394149847492,-0.221533780547986,-0.00460159633196788,0.0219299866632019,-0.0981999999999998,-0.0408,-0.0646
2013-07-26,1691.65,961.53,12.72,75.9024,81.657,646.08,2.5624,0.3127,3.6209,-0.00026006726431671,0.0115691666953657,0.0142520227072014,-0.218750391398264,-0.0115668751752143,-0.00538727039055154,0.0784999999999996,0.0145,0.0604999999999998
2013-08-02,1709.67,955.35,11.98,81.6379,81.908,639.82,2.596,0.2974,3.6843,0.0105959854404585,-0.0064480003046512,-0.0599369652246726,0.0728453104708269,0.00306911866260329,-0.00973644832895371,0.0336000000000003,-0.0153,0.0634000000000001
2013-08-09,1691.42,951.37,13.41,73.1565,81.126,641.21,2.5784,0.3018,3.6345,-0.0107319566147792,-0.00417471446291451,0.112762104606284,-0.109692632897491,-0.00959316458163784,0.00217012957621954,-0.0176000000000003,0.00440000000000001,-0.0497999999999998
2013-08-16,1655.83,958.11,14.37,75.4038,81.257,634.92,2.8251,0.3386,3.8483,-0.0212660191314926,0.00705954290365973,0.0691420027973466,0.0302566895936032,0.00161346974029541,-0.00985800966769812,0.2467,0.0368,0.2138
2013-08-23,1663.5,932.76,13.98,94.654,81.361,626.44,2.8146,0.3761,3.7916,0.00462142278774813,-0.0268146608961004,-0.0275149632852694,0.227370466101835,0.00127907137191219,-0.0134460071058076,-0.0105,0.0375,-0.0567000000000002
2013-08-30,1632.97,929.54,17.01,99.7944,82.087,624.23,2.7839,0.3987,3.6995,-0.0185233737529584,-0.00345809290537336,0.196173669602106,0.0528839317948204,0.00888361772028912,-0.00353410939772747,-0.0307,0.0226,-0.0920999999999998
2013-09-06,1655.17,955.73,15.85,103.5277,82.146,622.7,2.9342,0.4545,3.8657,0.0135032798635848,0.0277856062584494,-0.0706319060844809,0.0367271402297629,0.000718491442500913,-0.00245402832209951,0.1503,0.0558,0.1662
2013-09-13,1687.99,986.84,14.16,105.4876,81.452,628.19,2.8846,0.4312,3.8349,0.0196347493985805,0.0320324725133023,-0.112748412057716,0.0187542007148718,-0.00848426219140563,0.00877780660214533,-0.0496000000000003,-0.0233,-0.0307999999999997
2013-09-20,1709.91,1013.17,13.12,96.1705,80.431,645.45,2.7337,0.3304,3.7613,0.0129022655649305,0.0263313896335529,-0.0762833047496305,-0.0924707526258324,-0.0126142156778801,0.0271050794721672,-0.1509,-0.1008,-0.0736000000000003
2013-09-27,1691.75,999.88,15.46,77.7286,80.287,642.38,2.6245,0.3324,3.6864,-0.0106772414203338,-0.0132040367484993,0.164118259643333,-0.212899385821434,-0.00179195906536123,-0.00476771905512763,-0.1092,0.00199999999999995,-0.0749
2013-10-04,1690.5,1007.92,16.74,77.9955,80.122,643.12,2.6447,0.3292,3.7198,-0.000739152964394307,0.00800880862081321,0.079545021902053,0.00342786070164625,-0.00205724190280332,0.0011513031221142,0.0202,-0.00319999999999998,0.0334000000000003
2013-10-11,1703.2,1023.21,15.72,82.4795,80.362,648.57,2.6871,0.3501,3.7472,0.00748449143132923,0.0150559430748602,-0.0628672780602684,0.0558986448970407,0.00299095459879073,0.00843860731477708,0.0424000000000002,0.0209,0.0273999999999996
2013-10-18,1744.5,1042.06,13.04,77.1074,79.654,656.98,2.5777,0.3106,3.6412,0.0239591470475595,0.0182547787522189,-0.186912230502554,-0.0673505224033741,-0.00884917283468756,0.0128836372864747,-0.1094,-0.0395,-0.106
2013-10-25,1759.77,1027.27,13.09,72.4643,79.194,659.82,2.5088,0.2989,3.5999,0.00871513704757376,-0.0142947251981722,0.00382702342330177,-0.0621052284192611,-0.00579171643145404,0.00431349392994118,-0.0689000000000002,-0.0117,-0.0413000000000001
2013-11-01,1761.64,1027.87,13.28,61.14,80.716,655.57,2.6218,0.3091,3.6961,0.0010620746665575,0.000583901843229207,0.0144105641264791,-0.169927710329351,0.0190362824287647,-0.00646198433774448,0.113,0.0102,0.0962000000000001
2013-11-08,1770.61,995.3,12.9,69.5623,81.303,646.93,2.7477,0.3098,3.8454,0.00507892662304421,-0.0321997796224922,-0.0290318326806611,0.129056437456633,0.00724609543832955,-0.0132669892191792,0.1259,0.000700000000000034,0.1493
2013-11-15,1798.18,1005.17,12.19,69.9217,80.849,646.82,2.7033,0.2902,3.7947,0.0154509222914712,0.00986776116505084,-0.0566113678744462,0.00515329063353409,-0.00559969887913958,-0.000170048309588111,-0.0444,-0.0196,-0.0507
2013-11-22,1804.76,1009.17,12.26,62.1778,80.708,647.75,2.7427,0.2784,3.8292,0.00365257668209118,0.00397152939194001,0.00572598701488492,-0.117378021699671,-0.00174551441039572,0.00143677075783266,0.0394000000000001,-0.0118,0.0345
2013-11-29,1805.81,1018.28,13.7,66.8119,80.68,647,2.7445,0.2814,3.8106,0.000581625632296579,0.00898671859829925,0.111053902326014,0.0718831855362829,-0.000346989866420344,-0.00115852494131818,0.0017999999999998,0.003,-0.0186000000000002
2013-12-06,1805.09,1002.2,13.79,67.965,80.315,643.17,2.8553,0.3016,3.8893,-0.000398792550080351,-0.0159173458816841,0.00654785897113142,0.0171116583977433,-0.00453431007628158,-0.00593721951495141,0.1108,0.0202,0.0787
2013-12-13,1775.32,990.48,15.76,69.2368,80.214,648.11,2.8646,0.3242,3.8731,-0.0166297636689174,-0.0117631884131875,0.133531392624522,0.0185396463927221,-0.0012583397806889,0.00765136004631994,0.00929999999999964,0.0226,-0.0162
2013-12-20,1818.32,988.26,13.79,72.6109,80.575,650.73,2.8886,0.3756,3.823,0.0239323094990382,-0.00224385308979702,-0.133531392624522,0.0475825351223218,0.00449036447246076,0.00403437460138534,0.024,0.0514,-0.0501
2013-12-27,1841.4,997.56,12.46,67.3065,80.392,649.77,3,0.3874,3.9367,0.0126131540038417,0.00936647630835719,-0.101420178445903,-0.0758582338487912,-0.0022737589548445,-0.00147635551614034,0.1114,0.0118,0.1137
2014-01-03,1831.37,979.49,13.76,65.8279,80.791,650.89,2.9948,0.3965,3.9248,-0.00546183122506072,-0.0182802692889705,0.0992423191458904,-0.0222130538318899,0.00495090443788193,0.0017222029997459,-0.00519999999999987,0.0091,-0.0119000000000002
2014-01-10,1842.37,970.15,12.14,72.7462,80.658,653.28,2.8579,0.3699,3.7999,0.00598846563623123,-0.0095813293247442,-0.125260046873845,0.0999329103888265,-0.00164757948436822,0.00366517045400538,-0.1369,-0.0266,-0.1249
2014-01-17,1838.7,972.27,12.44,61.1819,81.225,656.28,2.8194,0.3712,3.748,-0.00199398610511992,0.00218284494783116,0.024411301679681,-0.173125276869246,0.00700508785499299,0.00458169957541621,-0.0385,0.00129999999999997,-0.0518999999999998
2014-01-24,1790.29,949.9,18.14,60.2776,80.458,649.49,2.715,0.3355,3.6325,-0.0266811822742037,-0.0232768277689761,0.377202357375957,-0.0148908353758639,-0.00948777241430054,-0.0104000876133687,-0.1044,-0.0357,-0.1155
2014-01-31,1782.59,936.53,18.41,63.5076,81.311,645.86,2.644,0.3277,3.5985,-0.00431025498817306,-0.014175160355296,0.0147745505579957,0.0521990250110429,0.0105459996135124,-0.00560467750376237,-0.0709999999999997,-0.00780000000000003,-0.0339999999999998
2014-02-07,1797.02,937.3,15.29,64.725,80.691,653.84,2.6829,0.3034,3.6726,0.00806237448475056,0.000821846211598754,-0.185694975304016,0.0189879418612682,-0.00765426386132351,0.0122799111783234,0.0388999999999999,-0.0243,0.0741000000000001
2014-02-14,1838.63,957.31,13.57,64.7498,80.136,654.02,2.7428,0.3107,3.6969,0.0228909916771221,0.0211238661914797,-0.119337546094193,0.000383086134187138,-0.00690185358358875,0.000275258821488933,0.0598999999999998,0.00729999999999997,0.0242999999999998
2014-02-21,1836.25,959.26,14.68,57.2949,80.237,656.81,2.731,0.3142,3.6934,-0.0012952805712052,0.0020348859398549,0.0786245493395921,-0.122318997247898,0.00125956380878378,0.00425685132790843,-0.0118,0.0035,-0.00349999999999984
2014-02-28,1859.45,966.42,14,58.3839,79.691,665.44,2.6476,0.3169,3.5822,0.0125552965668811,0.00743636844686879,-0.0474286935711112,0.0188285523707075,-0.0068280991613987,0.0130536926373299,-0.0833999999999997,0.00270000000000004,-0.1112
2014-03-07,1878.04,966.72,14.11,57.6628,79.719,664.52,2.7879,0.3693,3.7206,0.00994793474094013,0.000310375867663915,0.00782643624946422,-0.0124279153361373,0.000351295405407015,-0.00138350047632319,0.1403,0.0524,0.1384
2014-03-14,1841.13,937.69,17.82,58.1573,79.446,663.23,2.6543,0.3424,3.5992,-0.019849166259017,-0.0304894942211886,0.233437656177941,0.00853915693031926,-0.00343040577658105,-0.00194313749711483,-0.1336,-0.0269,-0.1214
2014-03-21,1866.52,944.96,15,62.8359,80.105,664.78,2.7426,0.4245,3.6068,0.013696221002772,0.00772319457843995,-0.172271220940453,0.0773751577032522,0.00826072851300275,0.0023343208316744,0.0882999999999998,0.0821,0.00759999999999961
2014-03-28,1857.62,984.91,14.41,60.8191,80.176,673.23,2.7208,0.4496,3.5473,-0.00477963607346155,0.0414076678836111,-0.0401277910907791,-0.0326226818161954,0.000885944118691917,0.012630865750757,-0.0217999999999998,0.0251,-0.0594999999999999
2014-04-04,1865.09,1002.04,13.96,61.9359,80.423,678.23,2.7207,0.4107,3.5837,0.00401321082001882,0.0172429345685332,-0.0317263126772045,0.0181960948882738,0.00307598670917209,0.00739943884863159,-0.000100000000000211,-0.0389,0.0364
2014-04-11,1815.69,1015.44,17.03,58.7747,79.452,681.92,2.6247,0.355,3.4827,-0.026843748542527,0.013284094072219,0.198780397340371,-0.0523884890619781,-0.0121471391958323,0.0054258854580258,-0.0960000000000001,-0.0557,-0.101
2014-04-18,1864.85,1011.87,13.36,58.6405,79.847,681.13,2.7215,0.3952,3.5219,0.0267150601452171,-0.003521911982034,-0.242711326566097,-0.0022859060570859,0.00495923777994189,-0.00115916523745696,0.0968,0.0402,0.0392000000000001
2014-04-25,1863.4,993.35,14.06,59.4777,79.749,679.61,2.6623,0.43,3.4428,-0.000777844872585476,-0.018472313883815,0.0510687182740193,0.0141758682392767,-0.00122810110926608,-0.00223407944531218,-0.0591999999999997,0.0348,-0.0791
2014-05-02,1881.14,1003.39,12.91,58.073,79.516,684.83,2.5843,0.4224,3.3668,0.00947520001052382,0.0100564766712097,-0.085331681523968,-0.0239006125472914,-0.00292594312911021,0.00765152805170377,-0.0780000000000003,-0.0076,-0.0760000000000001
2014-05-09,1878.48,1006.95,12.92,55.3438,79.903,692.61,2.6233,0.383,3.4634,-0.0014150368621566,0.00354169316758846,0.000774293495904743,-0.0481362014099513,0.00485513972875307,0.0112964379331553,0.0390000000000001,-0.0394,0.0966
2014-05-16,1877.86,1031.95,12.44,56.0906,80.043,695.36,2.5231,0.3589,3.346,-0.000330108566120479,0.0245242562025139,-0.0378594110434225,0.013403602129908,0.00175059127147037,0.00396262685572246,-0.1002,-0.0241,-0.1174
2014-05-23,1900.53,1042.92,11.36,58.6954,80.393,697.53,2.5321,0.3424,3.3933,0.0119999640257973,0.0105742549819849,-0.0908186740180281,0.0453931186408116,0.00436311744545659,0.00311582645520847,0.0089999999999999,-0.0165,0.0472999999999999
2014-05-30,1923.57,1027.69,11.4,58.228,80.369,704.11,2.4759,0.373,3.3277,0.0120500398995693,-0.014710906119773,0.00351494210744452,-0.00799502049538603,-0.000298578024387375,0.00938907042900983,-0.0561999999999996,0.0306,-0.0655999999999999
2014-06-06,1949.44,1044.93,10.73,58.295,80.409,707.62,2.5869,0.3988,3.432,0.0133593173027498,0.0166363323917436,-0.0605697987578426,0.00114998768284025,0.000497580525013142,0.00497263249015845,0.111,0.0258,0.1043
2014-06-13,1936.16,1049.14,12.18,59.2726,80.576,704.09,2.6033,0.4493,3.4134,-0.0068355217769458,0.00402088342041829,0.126751705639144,0.0166308155014585,0.00207472820330157,-0.00500103754626036,0.0164,0.0505,-0.0185999999999997
2014-06-20,1962.87,1043.86,10.85,58.3924,80.372,702.75,2.6052,0.4561,3.4337,0.0137010578681727,-0.00504540009618992,-0.115630182295282,-0.0149613975073857,-0.00253498159957566,-0.0019049791095398,0.00190000000000001,0.00680000000000003,0.0202999999999998
2014-06-27,1960.96,1046.18,11.26,54.88,80.039,707.16,2.534,0.4607,3.3665,-0.000973538685852482,0.00222005411654358,0.0370915427250758,-0.0620367609616972,-0.00415184093794441,0.00625573885118058,-0.0712000000000002,0.00459999999999999,-0.0672000000000002
2014-07-04,1985.44,1062.4,10.32,53.2783,80.269,705.76,2.6383,0.5059,3.4694,0.0124064027942472,0.0153850647720573,-0.0871728626581274,-0.0296198646014396,0.0028694782271188,-0.00198171228119204,0.1043,0.0452,0.1029
2014-07-11,1967.57,1058.67,12.08,56.8914,80.187,710.36,2.516,0.4479,3.3366,-0.0090412732227847,-0.00351709641360021,0.157467432453252,0.0656150685379293,-0.00102208714088015,0.0064966474297643,-0.1223,-0.058,-0.1328
2014-07-18,1978.22,1063.26,12.06,54.7685,80.524,709.93,2.4809,0.4777,3.2881,0.00539817165230083,0.00432625690673927,-0.00165700120762935,-0.0380289761893247,0.00419386966598179,-0.000605510160794687,-0.0350999999999999,0.0298,-0.0484999999999998
2014-07-25,1978.34,1078.69,12.69,54.4105,81.029,712.89,2.4655,0.4877,3.2385,6.06587540872283e-05,0.0144076817050083,0.0509200904272569,-0.00655806122195779,0.0062518386516679,0.00416075718680808,-0.0154000000000001,0.01,-0.0495999999999999
2014-08-01,1925.15,1060.13,17.03,54.4272,81.302,705.92,2.4925,0.4723,3.2807,-0.0272542224458734,-0.0173557998246245,0.294162212948301,0.000306878960710577,0.00336350120893592,-0.00982521418732496,0.0270000000000001,-0.0154,0.0421999999999998
2014-08-08,1931.59,1045.51,15.77,52.2603,81.389,702.14,2.4203,0.4442,3.2303,0.00333961116665549,-0.0138867374712159,-0.0768670936996498,-0.0406270282994297,0.00106951224459806,-0.00536910228339949,-0.0722,-0.0281,-0.0503999999999998
2014-08-15,1955.06,1074.51,13.15,62.4736,81.424,710.16,2.3397,0.4074,3.1323,0.0120773855549103,0.02735993906904,-0.181687642351174,0.178507066902228,0.000429941104692411,0.0113574824183811,-0.0806,-0.0368,-0.0980000000000003
2014-08-22,1988.4,1083.07,11.47,60.3933,82.336,711.51,2.4024,0.4918,3.1566,0.016909411734912,0.00793485749109646,-0.136686827482494,-0.0338658958707656,0.0111383662528572,0.00189917548484875,0.0627,0.0844,0.0243000000000002
2014-08-29,2003.37,1087.88,11.98,59.8425,82.748,715.42,2.3431,0.4882,3.0792,0.00750046730175047,0.00443124703078457,0.043503661546024,-0.00916206076717163,0.00499140868146863,0.0054803105772665,-0.0592999999999999,-0.00359999999999999,-0.0773999999999999
2014-09-05,2007.71,1096.83,12.09,60.4894,83.739,715.05,2.4587,0.5079,3.2263,0.0021640065486892,0.00819335295623347,0.00914007193939792,0.0107520322063452,0.0119049740145067,-0.000517312503235168,0.1156,0.0197,0.1471
2014-09-12,1985.54,1061.53,13.31,60.2652,84.24,708.01,2.6105,0.5602,3.3441,-0.0111038516436528,-0.0327129375341331,0.096136967780319,-0.00371332036410532,0.00596504903041062,-0.00989425243118625,0.1518,0.0523,0.1178
2014-09-19,2010.4,1053.92,12.11,65.5969,84.735,706.44,2.5745,0.5649,3.284,0.012442789802078,-0.00719471774511504,-0.0944840748420193,0.0847736160252293,0.00585887161961551,-0.00221994505958723,-0.036,0.00469999999999993,-0.0601000000000003
2014-09-26,1982.85,1023.91,14.85,59.8303,85.64,706.94,2.5276,0.5748,3.214,-0.0137985035358641,-0.0288879137805367,0.203968307683708,-0.0920162171395891,0.0106237242761464,0.000707523837690793,-0.0468999999999999,0.00990000000000002,-0.0699999999999998
2014-10-03,1967.9,997.27,14.55,64.5379,86.694,703.17,2.434,0.5575,3.1233,-0.00756821938047381,-0.026362365375765,-0.020408871631207,0.0757404265372017,0.0122322135180477,-0.00534711332098947,-0.0935999999999999,-0.0173,-0.0907
2014-10-10,1906.13,989.87,21.24,62.5016,85.912,706.26,2.2804,0.4239,3.0124,-0.031891975758481,-0.00744792436108277,0.378295202756236,-0.0320604917188092,-0.00906116068361396,0.00438475830757223,-0.1536,-0.1336,-0.1109
2014-10-17,1886.76,976.76,21.99,68.6927,85.11,708.84,2.1936,0.3709,2.9678,-0.0102139362843783,-0.0133326494579293,0.0347016081929321,0.0944507780701995,-0.00937897906704599,0.00364638945470031,-0.0868000000000002,-0.053,-0.0446
2014-10-24,1964.58,984.38,16.11,82.9222,85.732,710.97,2.2685,0.3859,3.0423,0.0404174097294137,0.0077710294491089,-0.311147607377787,0.188259884327461,0.00728161398601657,0.00300040371307375,0.0749,0.015,0.0745
2014-10-31,2018.05,1016.07,14.03,81.609,86.917,714.47,2.3353,0.4914,3.0662,0.0268532166139481,0.031685522036712,-0.138242303074513,-0.0159632688065825,0.0137274888216155,0.00491077426442921,0.0668000000000002,0.1055,0.0238999999999998
2014-11-07,2031.92,987.65,13.12,68.691,87.642,710.26,2.2976,0.4985,3.028,0.00684946023106381,-0.0283691394288805,-0.0670601105984265,-0.172321363726089,0.00830669480022728,-0.00590990890001208,-0.0377000000000001,0.0071,-0.0381999999999998
2014-11-14,2039.82,990.81,13.31,66.6283,87.525,709.9,2.3204,0.5119,3.0487,0.00388040980657145,0.00319440644452218,0.0143778488910771,-0.0304887740634312,-0.00133586825599963,-0.000506985139295146,0.0227999999999997,0.0134,0.0207000000000002
2014-11-21,2063.5,1004.35,12.9,66.9532,88.31,713.26,2.3099,0.501,3.0175,0.0115420015414545,0.0135730546620261,-0.0312883210393937,0.00486445564203919,0.00892888463998176,0.00472189527946298,-0.0105,-0.0109,-0.0312000000000001
2014-11-28,2067.56,1004.72,13.33,66.9589,88.356,715.12,2.164,0.4685,2.8888,0.001965597840349,0.00036832962931399,0.0327898228229908,8.51304699649447e-05,0.000520756693869195,0.0026043504547939,-0.1459,-0.0325,-0.1287
2014-12-05,2075.37,985.68,11.82,66.5733,89.334,709.2,2.3065,0.6433,2.9667,0.00377028298890636,-0.0191324163934583,-0.120224122212665,-0.00577540206505134,0.0110080463268885,-0.00831278657954471,0.1425,0.1748,0.0779000000000001
2014-12-12,2002.33,938.41,21.08,64.8222,88.363,687.53,2.0817,0.5401,2.7372,-0.0358279485657143,-0.0491448045974394,0.578531711695209,-0.0266554589838126,-0.0109288245114225,-0.0310321092477279,-0.2248,-0.1032,-0.2295
2014-12-19,2070.65,944.6,16.49,55.4181,89.598,696.6,2.1618,0.638,2.7542,0.0335510651743576,0.00657460374304275,-0.245570587101654,-0.156741882084356,0.0138796683131401,0.013105892979576,0.0800999999999998,0.0979,0.0169999999999999
2014-12-26,2088.77,952.53,14.5,70.7046,90.03,698.21,2.2499,0.7393,2.8165,0.00871280833795485,0.00836004510584143,-0.128605487144979,0.243604379240178,0.00480994981719896,0.00230855918015216,0.0880999999999999,0.1013,0.0623
2015-01-02,2058.2,953.72,17.79,55.4181,91.08,698.54,2.1105,0.6647,2.688,-0.0147435615664993,0.0012485247523486,0.204487852251215,-0.243604379240178,0.0115952930751533,0.000472525514430444,-0.1394,-0.0746,-0.1285
2015-01-09,2044.81,961.37,17.55,70.0036,91.935,696.19,1.9449,0.561,2.5281,-0.0065269387768998,0.00798922315933659,-0.0135825517658685,0.233640414103361,0.0093435644102664,-0.0033698310408985,-0.1656,-0.1037,-0.1599
2015-01-16,2019.42,957.46,20.95,80.6171,92.52,699.24,1.8368,0.4835,2.4531,-0.0124945341720535,-0.00407540575427934,0.177084696456272,0.141164116520634,0.00634303175743334,0.00437141935739849,-0.1081,-0.0775000000000001,-0.0749999999999997
2015-01-23,2051.82,990.89,16.66,92.6188,94.762,705.01,1.7968,0.4864,2.3735,0.0159168626918147,0.0343195844529625,-0.22912800962945,0.138781358984681,0.0239436476564974,0.00821795616585064,-0.04,0.00290000000000001,-0.0796000000000001
2015-01-30,1994.99,961.61,20.97,89.9391,94.804,705.07,1.6407,0.4488,2.2222,-0.0280881663647792,-0.0299945661169128,0.230082208175132,-0.0293593701823189,0.000443117443921892,8.5101554573086e-05,-0.1561,-0.0376,-0.1513
2015-02-06,2055.47,978.57,17.29,88.2724,94.698,707.05,1.9567,0.6435,2.5287,0.0298654944622978,0.0174833592845642,-0.192964545218629,-0.0187052866533213,-0.00111872181882244,0.00280429609037824,0.316,0.1947,0.3065
2015-02-13,2096.99,986.65,14.69,93.6954,94.201,706.62,2.0504,0.6411,2.6478,0.0199984509309639,0.008223044269557,-0.162961309509413,0.0596216072217048,-0.00526208340761158,-0.000608345672272748,0.0936999999999997,-0.00239999999999996,0.1191
2015-02-20,2110.3,984.42,14.3,91.3656,94.253,704.84,2.1117,0.6321,2.7142,0.00632713428493226,-0.00226273136058897,-0.0269074529199242,-0.0251800551886054,0.00055185882305242,-0.00252221238098205,0.0613000000000001,-0.00900000000000001,0.0663999999999998
2015-02-27,2104.5,990.28,13.34,98.3365,95.293,711.08,1.993,0.6184,2.5903,-0.00275220824764144,0.00593509616823873,-0.0694924967783837,0.0735262305418649,0.0109736996460983,0.00881411435395396,-0.1187,-0.0137,-0.1239
2015-03-06,2071.26,971.23,15.2,91.3865,97.615,706.15,2.2414,0.7234,2.8409,-0.0159207914790933,-0.019424421973838,0.130528387364753,-0.0732975053989957,0.0240748144283911,-0.00695726153941134,0.2484,0.105,0.2506
2015-03-13,2053.4,939.56,16,86.586,100.33,700.1,2.114,0.657,2.6987,-0.00866016186666752,-0.0331516288776115,0.0512932943875506,-0.0539596254620314,0.0274335828027565,-0.00860449753192061,-0.1274,-0.0664,-0.1422
2015-03-20,2108.1,969.53,13.02,86.102,97.909,707.5,1.9303,0.5812,2.5059,0.026290112001397,0.0313997374177788,-0.206102085459358,-0.0056054997143784,-0.0244262770850412,0.0105144475342405,-0.1837,-0.0758,-0.1928
2015-03-27,2061.02,958.11,15.07,86.5223,97.291,711.82,1.9615,0.5944,2.5404,-0.0225860619957157,-0.0118488240631844,0.146219375857981,0.00486954421282082,-0.0063319883692996,0.0060874409442393,0.0312000000000001,0.0132,0.0345
2015-04-03,2066.96,994.32,14.67,86.2012,96.545,718.74,1.8389,0.4762,2.4858,0.00287792290651012,0.0370964925110266,-0.0269014204835134,-0.00371808549399955,-0.00769726658867853,0.00967460850966262,-0.1226,-0.1182,-0.0546000000000002
2015-04-10,2102.06,1034.59,12.58,79.2665,99.338,724.35,1.9473,0.556,2.5791,0.0168388874960383,0.0397014055142115,-0.153696340882596,-0.0838685057073105,0.0285189557050449,0.00777502201636615,0.1084,0.0798,0.0933000000000002
2015-04-17,2081.18,1042.68,13.89,77.8265,97.52,723.86,1.8653,0.5081,2.5194,-0.00998277574359729,0.00778910868764715,0.0990609054939577,-0.018333602824991,-0.0184706914265309,-0.000676697466110987,-0.0820000000000001,-0.0479000000000001,-0.0596999999999999
2015-04-24,2117.69,1060.5,12.29,74.3685,96.922,728.19,1.9086,0.5041,2.6098,0.01739083142472,0.0169461733656222,-0.122383233188309,-0.0454495250654885,-0.00615095386186937,0.00596399963441829,0.0433000000000001,-0.004,0.0903999999999998
2015-05-01,2108.29,1045.99,12.7,71.6049,95.297,723.24,2.1135,0.595,2.8273,-0.00444867959751338,-0.0137766896550131,0.0328160698866022,-0.0378689577094784,-0.0169082006847816,-0.00682088587301521,0.2049,0.0909,0.2175
2015-05-08,2116.1,1034.94,12.86,78.8811,94.794,724.24,2.1478,0.5719,2.9006,0.0036975794840215,-0.0106203513451311,0.0125197253449274,0.096778148051242,-0.0052922145075982,0.00138171188423186,0.0343,-0.0231,0.0732999999999997
2015-05-15,2122.73,1043.4,12.38,80.9146,93.135,722.48,2.1424,0.5363,2.9292,0.00312822425369586,0.00814115758370004,-0.0380394515530229,0.0254526220670321,-0.0176560626338018,-0.00243309122464108,-0.00540000000000029,-0.0356,0.0286
2015-05-22,2126.06,1037.62,12.13,84.4957,96.014,723.66,2.2092,0.6142,2.9841,0.00156750542240847,-0.00555498252124576,-0.0204005443004913,0.0433063679969026,0.0304439606835576,0.00163193088066294,0.0668000000000002,0.0779,0.0549000000000004
2015-05-29,2107.39,1004.22,13.84,87.6771,96.907,721.45,2.1214,0.6053,2.8818,-0.00882028654629963,-0.0327185083134456,0.131881227233565,0.0369601023408563,0.00925774154114034,-0.00305859307994183,-0.0878000000000001,-0.00890000000000002,-0.1023
2015-06-05,2092.83,982.14,14.21,82.6996,96.306,713.04,2.4076,0.7087,3.1136,-0.00693299794800861,-0.0222325353692829,0.0263829919194856,-0.0584459825766261,-0.006221133550528,-0.0117255559208029,0.2862,0.1034,0.2318
2015-06-12,2094.11,979.46,13.78,88.9414,94.972,709.36,2.3918,0.7256,3.103,0.000611425069323879,-0.00273246499539948,-0.030727676523497,0.0727629606490403,-0.0139485108441395,-0.00517436475071076,-0.0158,0.0169,-0.0105999999999997
2015-06-19,2109.99,974.56,13.96,87.6824,94.085,711.32,2.2577,0.6169,3.0471,0.00755456603054316,-0.00501531230074459,0.0129778317487141,-0.0142565308197522,-0.00938348231838848,0.00275924380370896,-0.1341,-0.1087,-0.0559000000000003
2015-06-26,2101.49,980.63,14.02,84.7442,95.472,711.37,2.4726,0.7117,3.2402,-0.00403659119436828,0.00620913517516186,0.00428878427221768,-0.0340838877473662,0.0146343817831189,7.02893814121808e-05,0.2149,0.0948,0.1931
2015-07-03,2076.78,964.31,16.79,84.3188,96.113,712.53,2.3823,0.627,3.1865,-0.011827999664928,-0.0167824025840302,0.180298589483005,-0.00503245414776732,0.00669157180200308,0.00162932826268936,-0.0903,-0.0847,-0.0537000000000001
2015-07-10,2076.62,932.85,16.83,87.9611,96.025,712.83,2.3972,0.637,3.1899,-7.70453123131176e-05,-0.033168403461298,0.00237953711326533,0.0422898181000351,-0.000916008349761022,0.000420946293469449,0.0149000000000004,0.01,0.00340000000000007
2015-07-17,2126.64,941.68,11.95,90.2308,97.862,713.61,2.3469,0.6655,3.0828,0.0238016974563777,0.00942109788621703,-0.342431729825195,0.0254761609050815,0.0189497487796624,0.00109363180749611,-0.0503,0.0285,-0.1071
2015-07-24,2079.65,910.4,13.74,74.2116,97.244,710.92,2.2624,0.6781,2.9618,-0.0223436591014181,-0.0337814507321585,0.139580008416683,-0.19545036001163,-0.00633503907449029,-0.00377668872873649,-0.0845000000000002,0.0126000000000001,-0.121
2015-07-31,2103.84,901.68,12.12,73.0107,97.336,713.7,2.1801,0.6606,2.9061,0.0115646360328698,-0.00962437343824352,-0.125454306153035,-0.0163144664364774,0.000945626548007006,0.00390280008523103,-0.0823,-0.0175000000000001,-0.0557000000000003
2015-08-07,2077.57,885.07,13.39,75.7512,97.563,710.48,2.1623,0.7169,2.8191,-0.0125653048324832,-0.018592952008623,0.099651179061913,0.03684828009842,0.0023294126972937,-0.00452190802677333,-0.0177999999999998,0.0563,-0.0869999999999997
2015-08-14,2091.54,863.83,12.83,76.2278,96.52,709.58,2.1977,0.7218,2.8416,0.00670169522312936,-0.0242907477400465,-0.0427219810755362,0.00627193970670348,-0.0107480824256099,-0.00126755224497721,0.0354000000000001,0.00490000000000002,0.0225
2015-08-21,1970.89,812.38,28.03,77.0784,95.008,703.17,2.0365,0.6128,2.7233,-0.0594154193678191,-0.0614077791965366,0.781489186549152,0.0110968601214738,-0.0157891421754819,-0.00907456236039916,-0.1612,-0.109,-0.1183
2015-08-28,1988.87,820.25,26.05,88.5202,96.106,706.93,2.1807,0.7156,2.9119,0.00908142087938835,0.00964096085259403,-0.0732575969773208,0.13840768888037,0.0114906504094954,0.0053329677489069,0.1442,0.1028,0.1886
2015-09-04,1921.22,788.59,27.8,91.0788,96.229,706.69,2.1244,0.7067,2.8836,-0.0346062373440237,-0.0393626311780597,0.0650182524972154,0.0284942913214703,0.00127901855375168,-0.000339553773017087,-0.0562999999999998,-0.00890000000000002,-0.0283000000000002
2015-09-11,1961.05,802.49,23.2,86.7756,95.194,707.76,2.1883,0.7053,2.9524,0.0205196431698065,0.0174728532041897,-0.180883742024327,-0.0483995897203524,-0.0108138529435333,0.00151295585436895,0.0638999999999999,-0.00139999999999996,0.0688
2015-09-18,1958.03,829.86,22.28,83.7805,94.863,715.04,2.1336,0.6777,2.9356,-0.00154117833663303,0.0335376179973306,-0.0404628636131812,-0.0351251926452871,-0.0034831690982573,0.0102334320100104,-0.0547,-0.0276000000000001,-0.0167999999999999
2015-09-25,1931.34,789.15,23.62,75.7821,96.269,701.72,2.1623,0.6918,2.9556,-0.0137248032280075,-0.0503005950197455,0.058404395710133,-0.100338166508741,0.014712610781161,-0.0188040211241569,0.0287000000000002,0.0141,0.02
2015-10-02,1951.36,804.1,20.94,75.8591,95.83,702.26,1.9929,0.5794,2.8274,0.010312502857869,0.0187672227091777,-0.120432605326825,0.00101555522665109,-0.00457056792829569,0.000769241765022244,-0.1694,-0.1124,-0.1282
2015-10-09,2014.89,859.32,17.08,78.8806,94.813,713.66,2.0881,0.637,2.9174,0.0320380379601088,0.0664177392527448,-0.203753017081967,0.0390576445258732,-0.0106692576945759,0.0161029526226963,0.0952,0.0576,0.0900000000000003
2015-10-16,2033.11,865.28,15.05,78.2372,94.54,718.96,2.0334,0.6088,2.8812,0.0090020370753523,0.00691177516764174,-0.126530197165539,-0.0081900789912055,-0.00288350529600478,0.00739906490141529,-0.0547,-0.0282,-0.0362
2015-10-23,2075.15,868.56,14.46,74.6965,97.127,718.73,2.0866,0.6413,2.9008,0.0204667998133941,0.0037835139491067,-0.0399917744642662,-0.0463120008070312,0.0269963751312998,-0.000319957712667573,0.0531999999999999,0.0325,0.0195999999999996
2015-10-30,2079.36,847.84,15.07,70.8085,96.946,717.23,2.1421,0.724,2.9222,0.00202671383199071,-0.0241447291791452,0.0413197959077851,-0.053454186967441,-0.00186527803948877,-0.00208919544498709,0.0555000000000003,0.0827,0.0214000000000003
2015-11-06,2099.2,852.47,14.33,73.0792,99.168,717.48,2.3252,0.8859,3.0853,0.00949616570908862,0.00544607917818052,-0.0503507707983233,0.0315647345517442,0.0226612591484363,0.000348502488350277,0.1831,0.1619,0.1631
2015-11-13,2023.04,821.12,20.08,74.2542,98.998,712.36,2.2658,0.8347,3.0519,-0.0369549891625711,-0.0374687559354152,0.337369052983448,0.0159505571972094,-0.0017157336950131,-0.00716167107300869,-0.0594000000000001,-0.0512,-0.0334000000000003
2015-11-20,2089.17,843.48,15.47,68.3001,99.565,718.88,2.2623,0.9172,3.0199,0.0321655273083765,0.0268669289885972,-0.260821630238553,-0.0835831110350824,0.00571104930031385,0.0091110437140447,-0.00349999999999984,0.0825,-0.032
2015-11-27,2090.11,826.36,15.12,70.5107,100.02,717.96,2.2201,0.9185,2.9968,0.000449838257235768,-0.0205056770523866,-0.022884293833588,0.0318532406469885,0.00455946878011915,-0.0012805881319089,-0.0422000000000002,0.00129999999999997,-0.0230999999999999
2015-12-04,2091.69,812.27,14.81,69.6086,98.354,712.1,2.2693,0.9388,3.0095,0.000755655495328966,-0.0171977167164474,-0.0207157424716797,-0.0128763484260457,-0.0167969509100354,-0.00819550620186149,0.0491999999999999,0.0203,0.0127000000000002
2015-12-11,2012.37,773.56,24.39,71.264,97.565,705.96,2.127,0.875,2.8709,-0.038659219715143,-0.0488295607128828,0.498870583948122,0.0235031681494977,-0.00805439253376061,-0.00865977232371407,-0.1423,-0.0638,-0.1386
2015-12-18,2005.55,789.71,20.7,74.9966,98.703,705.25,2.204,0.9522,2.922,-0.00339479459512848,0.0206625529658586,-0.164039511956505,0.051051488100434,0.0115965185673295,-0.00100622878226009,0.0770000000000004,0.0772,0.0511000000000004
2015-12-25,2060.99,804.29,15.74,67.8121,97.847,706.13,2.241,0.9983,2.9603,0.027268112527234,0.0182941112010724,-0.273928457282066,-0.100702134075521,-0.0087103069144101,0.00124700663752542,0.0369999999999999,0.0460999999999999,0.0383
2016-01-01,2043.94,794.21,18.21,65.4655,98.683,706.84,2.2694,1.0477,3.0158,-0.0083071321797874,-0.0126119907563176,0.145765650750259,-0.0352173587803373,0.00850765829628664,0.0010049754202246,0.0284,0.0494000000000001,0.0554999999999999
2016-01-08,1922.03,740.07,27.01,67.8473,98.54,705.14,2.1156,0.9318,2.9094,-0.0614973985359972,-0.0706031335856876,0.394236274065008,0.0357363055070659,-0.00145013538035066,-0.00240796728201076,-0.1538,-0.1159,-0.1064
2016-01-15,1880.33,709.19,27.02,71.0073,98.956,694.36,2.0347,0.85,2.814,-0.0219346258143531,-0.0426213026131927,0.000370164727528266,0.0455230968308298,0.00421274977962316,-0.0154058066574958,-0.0809000000000002,-0.0818,-0.0954000000000002
2016-01-22,1906.9,710.66,22.34,78.0636,99.574,698.44,2.0519,0.8691,2.8238,0.0140315935056163,0.00207064200475493,-0.190198538890998,0.0947411904021056,0.00622577944044345,0.00585871865357834,0.0171999999999999,0.0191,0.00979999999999981
2016-01-29,1940.24,742.37,20.2,77.3486,99.606,705.54,1.9209,0.7737,2.7438,0.0173327899053826,0.0436536554621618,-0.100696189233895,-0.00920140175176876,0.000321317404110566,0.0101141904094524,-0.131,-0.0953999999999999,-0.0800000000000001
2016-02-05,1880.05,739.61,23.38,74.0039,97.031,705.43,1.8357,0.7221,2.6683,-0.0315133045309484,-0.00372475092911717,0.146198351636763,-0.0442046827896316,-0.0261918886649939,-0.000155921104237677,-0.0851999999999999,-0.0516000000000001,-0.0754999999999999
2016-02-12,1864.78,711.24,25.4,81.6695,95.94,701.18,1.7481,0.7137,2.604,-0.00815528856170644,-0.0391130946558826,0.0828682179805682,0.098562820634216,-0.0113075190010825,-0.00604291585163885,-0.0876000000000001,-0.00839999999999996,-0.0642999999999998
2016-02-19,1917.78,740.98,20.53,93.716,96.6,710.44,1.7449,0.7418,2.6048,0.028025183395771,0.0409637087907813,-0.212861942993648,0.137588317252043,0.00685574514455478,0.013119866291623,-0.00320000000000009,0.0281,0.000799999999999912
2016-02-26,1948.05,740.02,19.81,90.099,98.148,717.25,1.7623,0.7934,2.6363,0.0156606051751291,-0.00129642151850984,-0.0357003703203831,-0.0393598666308268,0.0158978023223648,0.0095399584623479,0.0174000000000001,0.0516,0.0314999999999999
2016-03-04,1999.99,790.97,16.86,82.5424,97.34,727.14,1.8741,0.8616,2.6947,0.0263133083053733,0.0665828275133054,-0.16124290813675,-0.0875969650606097,-0.00826653913552899,0.0136945763469774,0.1118,0.0682,0.0584000000000002
2016-03-11,2022.19,800.91,16.5,78.01,96.172,730.13,1.9839,0.9554,2.7532,0.0110389020062023,0.012488540831666,-0.0215835716671746,-0.0564750771127347,-0.0120717493909757,0.00410356927101496,0.1098,0.0938,0.0585
2016-03-18,2049.58,826.75,14.02,81.4223,95.086,740.42,1.8732,0.8353,2.6753,0.0134538115575147,0.0317537706569118,-0.162875499300091,0.0428121676631976,-0.0113565097594694,0.0139949922807627,-0.1107,-0.1201,-0.0779000000000001
2016-03-25,2035.94,812.32,14.74,71.2631,96.273,737.19,1.9,0.8689,2.673,-0.00667726540525493,-0.0176080006628174,0.0500800051547463,-0.13327052936565,0.0124061604053498,-0.00437193189649854,0.0267999999999999,0.0336,-0.00229999999999997
2016-04-01,2072.78,826.19,13.1,72.6776,94.619,743.38,1.7705,0.7224,2.5997,0.0179330727290532,0.0169304200834555,-0.117952656554085,0.0196545596210296,-0.0173296041032094,0.00836169322078373,-0.1295,-0.1465,-0.0733000000000001
2016-04-08,2047.6,816.82,15.36,66.997,94.235,743.79,1.7167,0.695,2.5525,-0.0122223258336689,-0.0114060189336191,0.15915449751242,-0.0813853792497161,-0.00406663908841232,0.000551382841757153,-0.0538000000000001,-0.0274000000000001,-0.0471999999999997
2016-04-15,2080.73,846.7,13.62,70.8799,94.696,752.57,1.7518,0.7335,2.5593,0.0160504180778016,0.0359276882993109,-0.12022742699816,0.0563390531915333,0.00488009818300128,0.0117352786261788,0.0351000000000001,0.0385000000000001,0.0067999999999997
2016-04-22,2091.58,845.21,13.22,66.4853,95.116,753.51,1.8878,0.8178,2.707,0.00520096754927391,-0.00176132345715452,-0.0298084662978257,-0.0640060248661207,0.00442543870205814,0.00124827382616832,0.136,0.0842999999999999,0.1477
2016-04-29,2065.3,840.19,15.7,67.7807,93.082,755.62,1.8333,0.7816,2.6781,-0.0126442669169,-0.00595706045473676,0.171929877930722,0.0192966230613267,-0.0216163742574045,0.00279631492967081,-0.0545,-0.0362,-0.0288999999999997
2016-05-06,2057.14,805.34,14.72,64.921,93.888,752.85,1.7789,0.734,2.6276,-0.00395882567467876,-0.0423635082383127,-0.064453599053532,-0.0431063475544358,0.00862175742427063,-0.00367259953923682,-0.0544,-0.0476,-0.0505
2016-05-13,2046.61,796.07,15.04,65.1538,94.608,758.37,1.7001,0.7459,2.5486,-0.00513190282556408,-0.0115774268216207,0.0215062052209634,0.00357948270635422,0.00763945655795695,0.00730538842733708,-0.0788,0.0119,-0.0790000000000002
2016-05-20,2052.32,785.26,15.2,64.066,95.334,752.28,1.8384,0.8763,2.6286,0.00278609475817948,-0.0136722485409031,0.0105821093305369,-0.0168368268210619,0.00764447605581076,-0.00806279812251187,0.1383,0.1304,0.0800000000000001
2016-05-27,2099.06,808.29,13.12,68.5137,95.521,754.42,1.851,0.9086,2.6464,0.0225187649010437,0.0289060318835741,-0.147157644336287,0.0671199232841673,0.00195960346693269,0.0028406470286324,0.0125999999999999,0.0323,0.0177999999999998
2016-06-03,2099.13,816.18,13.47,66.7644,94.029,761.22,1.7004,0.7716,2.5097,3.33477046092767e-05,0.0097140138543157,0.0263272069063296,-0.0258637209198511,-0.0157428732725373,0.00897316727805197,-0.1506,-0.137,-0.1367
2016-06-10,2096.07,823.82,17.03,67.5923,94.571,766.81,1.6404,0.7265,2.4511,-0.00145881032736117,0.00931714057120203,0.234511504252324,0.0123240668847755,0.00574762982069199,0.00731664291611622,-0.0599999999999998,-0.0450999999999999,-0.0586000000000002
2016-06-17,2071.22,806.22,19.41,75.0982,94.206,763.4,1.6078,0.6927,2.4196,-0.0119263572011965,-0.0215954013292228,0.130811902506322,0.105302519204471,-0.00386700132793205,-0.00445691198554865,-0.0326000000000002,-0.0338000000000001,-0.0314999999999999
2016-06-24,2037.41,805.87,25.76,82.5806,95.448,767.72,1.5599,0.627,2.4101,-0.0164584122683609,-0.000434218940008613,0.283034504055234,0.0949781956730709,0.0130977227520592,0.00564294302654833,-0.0478999999999998,-0.0657,-0.00950000000000006
2016-07-01,2102.95,839.25,14.77,77.9402,95.649,783.94,1.4441,0.5893,2.2253,0.0316617275010556,0.0405861966847798,-0.556224804692865,-0.057832920129572,0.00210364447504752,0.0209074034718686,-0.1158,-0.0377,-0.1848
2016-07-08,2129.9,828.84,13.2,74.3476,96.302,791.71,1.3579,0.605,2.0983,0.0127339093832237,-0.0124815029712622,-0.112381266950963,-0.0471904733564807,0.00680384597185579,0.00986267633518434,-0.0861999999999998,0.0156999999999999,-0.127
2016-07-15,2161.74,867.84,12.67,72.3051,96.58,795.45,1.5509,0.6674,2.2655,0.0148384227034768,0.0459802329830392,-0.0409798352592774,-0.0278567265312413,0.0028825934249932,0.00471282910651816,0.193,0.0624,0.1672
2016-07-22,2175.03,869.3,12.02,74.7729,97.467,795.51,1.5663,0.7025,2.283,0.00612900458307752,0.00168092421309751,-0.0526650652259861,0.0335608537728653,0.00914217872890966,7.54261578270743e-05,0.0154000000000001,0.0351,0.0175000000000001
2016-07-29,2173.6,873.47,11.87,69.908,95.53,793.75,1.4531,0.6554,2.1827,-0.00065767841897113,0.00478549430857633,-0.0125577204854852,-0.0672754279647689,-0.0200735248923882,-0.00221486820217454,-0.1132,-0.0471,-0.1003
2016-08-05,2182.87,885.52,11.39,64.1468,96.194,797.9,1.5885,0.7221,2.314,0.00425574558807007,0.0137012586837733,-0.0412784311624854,-0.0860058851731882,0.00692665138228055,0.00521472610733387,0.1354,0.0667,0.1313
2016-08-12,2184.05,910.08,11.55,66.5854,95.722,805.73,1.5135,0.7057,2.2306,0.000540426675423866,0.0273574646573982,0.0139496595087119,0.0373111275641529,-0.00491882856733916,0.00976542247846357,-0.075,-0.0164,-0.0834000000000001
2016-08-19,2183.87,910.34,11.34,64.3692,94.511,809.05,1.5781,0.7459,2.2869,-8.24190919717083e-05,0.00028564836880296,-0.0183491386681967,-0.0338500764575445,-0.0127319272549604,0.00411202105311848,0.0646,0.0402,0.0563000000000002
2016-08-26,2169.04,901.39,13.65,64.8151,95.566,808.77,1.6296,0.8428,2.2869,-0.00681385894863862,-0.00988013976256408,0.185403223331363,0.00690334306601592,0.0111008784219537,-0.00034614481561146,0.0514999999999999,0.0969,0
2016-09-02,2179.98,899.61,11.98,71.2373,95.844,807.29,1.6024,0.7858,2.2782,0.00503102909410291,-0.0019766802660488,-0.130500928943666,0.0944779567435363,0.00290476145940044,-0.00183161567486412,-0.0271999999999999,-0.0569999999999999,-0.00870000000000015
2016-09-09,2127.81,909.32,17.5,66.4643,95.336,808.33,1.6749,0.7821,2.3946,-0.0242224206680817,0.0107357313561893,0.378962288242165,-0.0693515962418587,-0.0053143759347476,0.00128743162828915,0.0725,-0.00370000000000004,0.1164
2016-09-16,2139.16,885.45,15.37,69.1197,96.108,799.18,1.6926,0.7621,2.4452,0.00531994683290726,-0.0266010770763376,-0.129783323378964,0.0391748228033748,0.00806506534104123,-0.0113841889874431,0.0177000000000001,-0.02,0.0505999999999998
2016-09-23,2164.69,917.5,12.29,69.2109,95.477,811.86,1.6184,0.754,2.3471,0.0118639355234196,0.0355565895739174,-0.223631633972561,0.00131858046178923,-0.00658717834525202,0.0157417095074202,-0.0742,-0.0081,-0.0980999999999996
2016-09-30,2168.27,903.46,13.29,59.7525,95.463,811.22,1.5944,0.7619,2.3154,0.00165245043324891,-0.015420743150977,0.0782259491472104,-0.146947333729899,-0.000146642924741869,-0.000788624138267302,-0.024,0.00790000000000002,-0.0317000000000003
2016-10-07,2153.74,914.81,13.48,60.556,96.632,807.81,1.7181,0.8301,2.4508,-0.00672374878368043,0.0124845566622458,0.0141952327590071,0.0133575258091385,0.0121712114434249,-0.00421240501084341,0.1237,0.0681999999999999,0.1354
2016-10-14,2132.98,897.03,16.12,62.8398,98.019,803.95,1.7977,0.8348,2.5583,-0.00968580280461939,-0.0196270871244106,0.178853631594321,0.0370200739465361,0.0142513881267918,-0.00478980416407637,0.0796000000000001,0.00470000000000004,0.1075
2016-10-21,2141.16,911.24,13.34,64.9764,98.695,808.52,1.7347,0.8234,2.4846,0.00382767526901961,0.0157170030101703,-0.189293696591005,0.033435496348007,0.00687294916518155,0.00566833768837594,-0.0630000000000002,-0.0114,-0.0737000000000001
2016-10-28,2126.41,903.5,16.19,57.0892,98.348,801.5,1.8468,0.8526,2.6154,-0.00691262649936686,-0.00853019929347099,0.193626727202066,-0.12940917012818,-0.0035220775030016,-0.0087204438291888,0.1121,0.0292,0.1308
2016-11-04,2085.18,880.12,22.51,64.375,97.065,799.4,1.7762,0.7838,2.561,-0.019579929290118,-0.0262178482203428,0.329565887229097,0.120110402067905,-0.0131313519146099,-0.00262352577238456,-0.0706,-0.0688,-0.0544000000000002
2016-11-11,2164.45,849.1,14.17,74.6135,99.06,782.8,2.1501,0.9151,2.935,0.0373111051502724,-0.0358812968066227,-0.462832601216052,0.147596097001051,0.0203448699827531,-0.0209842107553024,0.3739,0.1313,0.374
2016-11-18,2181.9,844.53,12.85,82.5707,101.21,768.61,2.3548,1.0678,3.0296,0.00802976923647947,-0.0053967054097388,-0.0977832423613605,0.101333440063774,0.0214718390407178,-0.0182935468070671,0.2047,0.1527,0.0945999999999998
2016-11-25,2213.35,855.78,12.34,81.6473,101.49,767.87,2.3572,1.1168,3.0045,0.0143111480658957,0.0132330741678066,-0.0404977928639871,-0.0112461451520645,0.00276270525991684,-0.000963240728439452,0.00240000000000018,0.0489999999999999,-0.0250999999999997
2016-12-02,2191.95,853.07,14.12,79.693,100.77,764.82,2.3831,1.0957,3.0615,-0.00971564630572974,-0.00317172633273621,0.134746213587854,-0.0242269983178156,-0.00711957916841577,-0.00397993596352997,0.0259,-0.0211000000000001,0.0569999999999999
2016-12-09,2259.53,877.85,11.75,82.058,101.59,773.26,2.4675,1.1329,3.1529,0.0303652684481541,0.0286341287845682,-0.183738991474928,0.0292445617277517,0.00810441281114294,0.0109748318867346,0.0843999999999996,0.0372000000000001,0.0913999999999997
2016-12-16,2258.07,856.4,12.2,75.5479,102.95,770.7,2.5916,1.2524,3.1741,-0.000646360922095468,-0.0247381794996899,0.0375827111490428,-0.0826594221356514,0.0132983283703449,-0.00331615112567185,0.1241,0.1195,0.0212000000000003
2016-12-23,2263.79,841.6,11.44,78.2199,103.01,775.83,2.5373,1.2016,3.1138,0.00252993372237764,-0.0174327147320819,-0.0643199657875591,0.0347571987101949,0.000582637421802978,0.00663423123451068,-0.0543,-0.0508,-0.0603000000000002
2016-12-30,2238.83,862.27,14.04,72.5726,102.21,778.59,2.4443,1.1883,3.0651,-0.0110869918740493,0.024263604693525,0.204794412646013,-0.0749366507559648,-0.00779655055461692,0.00355116751004392,-0.093,-0.0133000000000001,-0.0486999999999997
2017-01-06,2276.98,881.11,11.32,71.6297,102.22,789.46,2.4193,1.2098,3.0088,0.0168965955749627,0.0216140295808609,-0.215339325822628,-0.0130776476968926,9.78329991490057e-05,0.0138645759058473,-0.0250000000000004,0.0215000000000001,-0.0563000000000002
2017-01-13,2274.64,895.98,11.23,75.2375,101.18,791.62,2.3964,1.1931,2.9886,-0.00102820543285986,0.0167356150394005,-0.00798230402468469,0.0491399844456062,-0.0102262444763435,0.00273231126039697,-0.0228999999999999,-0.0166999999999999,-0.0202
2017-01-20,2271.31,893.28,11.54,74.5005,100.74,788.27,2.4668,1.1885,3.0488,-0.00146504057264618,-0.00301800973518152,0.0272304923296014,-0.00984394010150069,-0.00435816854628612,-0.00424080793049875,0.0704000000000002,-0.00460000000000016,0.0602
2017-01-27,2294.69,915.92,10.58,76.7057,100.53,789.73,2.4843,1.2182,3.0588,0.0102410005856894,0.0250289430535062,-0.0868538346498,0.0291701843545544,-0.0020867499001751,0.00185044412750823,0.0175000000000001,0.0297000000000001,0.0100000000000002
2017-02-03,2297.42,918.87,10.97,72.1877,99.868,794.68,2.4648,1.1969,3.0902,0.00118899604827316,0.00321562962735111,0.0361988478569857,-0.0607063498518974,-0.00660687639665358,0.00624840300810714,-0.0195000000000003,-0.0212999999999999,0.0313999999999997
2017-02-10,2316.1,930.16,10.85,67.3897,100.8,799.65,2.4073,1.1895,3.0056,0.00809798248708926,0.0122119601174449,-0.0109991943006706,-0.0687774840258939,0.00928904161659272,0.00623461403701686,-0.0574999999999997,-0.00740000000000007,-0.0846
2017-02-17,2351.16,939.03,11.49,69.6282,100.95,799.12,2.4147,1.1882,3.0231,0.0150240867170091,0.00949081321934475,0.0573120118741959,0.0326774704448383,0.0014869891215783,-0.000663009712985385,0.00739999999999963,-0.00130000000000008,0.0175000000000001
2017-02-24,2367.34,943.52,11.47,69.7839,101.09,804.89,2.3117,1.1428,2.951,0.00685813856842099,0.00477013467249687,-0.00174216071938504,0.0022336664426641,0.00138586440712007,0.00719449989502596,-0.103,-0.0453999999999999,-0.0720999999999998
2017-03-03,2383.12,931.07,10.96,69.8485,101.54,803.68,2.478,1.3051,3.0713,0.0066435915850338,-0.0132830998316766,-0.0454826496214098,0.000925286747331278,0.00444160035328167,-0.00150444211718614,0.1663,0.1623,0.1203
2017-03-10,2372.6,926.14,11.66,65.787,101.25,797.05,2.5745,1.3534,3.1647,-0.0044241532971272,-0.00530905129711012,0.0619118994024768,-0.0599063604609764,-0.00286010353259947,-0.00828376792207841,0.0964999999999998,0.0483,0.0933999999999999
2017-03-17,2378.25,965.57,11.28,67.7001,100.3,803.53,2.5005,1.3146,3.1096,0.00237852285956297,0.0416931894117356,-0.0331329348524334,0.0286654065990044,-0.00942701101875887,0.00809710905306282,-0.0739999999999998,-0.0387999999999999,-0.0550999999999999
2017-03-24,2343.98,969.13,12.96,60.7216,99.627,808.96,2.4123,1.2566,3.0134,-0.0145145838492722,0.00368016128384774,0.138836444854216,-0.108788173820673,-0.0067324827767079,0.00673495094566512,-0.0882000000000001,-0.0580000000000001,-0.0962000000000001
2017-03-31,2362.72,958.37,12.37,64.4514,100.35,808.69,2.3874,1.254,3.0095,0.00796315848816942,-0.0111648371180131,-0.0465935045197323,0.059611968213253,0.0072308630511646,-0.000333817577977236,-0.0249000000000001,-0.00259999999999994,-0.00389999999999979
2017-04-07,2355.54,961.61,12.87,60.6987,101.18,812.34,2.3822,1.2862,3.0078,-0.00304349719696884,0.00337503836033548,0.0396248352036386,-0.0599891703824378,0.00823703362144368,0.00450331723466846,-0.00519999999999987,0.0322,-0.00170000000000003
2017-04-14,2328.95,960.43,15.96,68.6602,100.51,815.27,2.2374,1.2053,2.8923,-0.0113524783159953,-0.00122786221749038,0.215186570413628,0.123247419897313,-0.00664388382714165,0.0036003749854796,-0.1448,-0.0809,-0.1155
2017-04-21,2348.69,961.78,14.63,74.4847,99.977,817.78,2.248,1.1802,2.9015,0.00844020368595722,0.00140463343959496,-0.0870113769896297,0.0814240342374015,-0.00531706550261379,0.00307400505375988,0.0106000000000002,-0.0251000000000001,0.00919999999999987
2017-04-28,2384.2,977.96,10.82,77.1537,99.05,820.74,2.2802,1.2619,2.9508,0.0150059123854449,0.0166830351194793,-0.301677941613697,0.0352058010146852,-0.00931538638947504,0.00361302055509327,0.0321999999999996,0.0817000000000001,0.0493000000000001
2017-05-05,2399.29,978.27,10.57,60.1925,98.648,819.55,2.3487,1.3102,2.9832,0.00630922195148997,0.00031693615024242,-0.0233764735361892,-0.248251776345708,-0.00406681457633074,-0.00145096319403848,0.0685000000000002,0.0483,0.0324
2017-05-12,2390.9,1002.37,10.4,58.7242,99.252,822.59,2.3257,1.2904,2.9889,-0.00350299615650318,0.0243367694084755,-0.0162139937348194,-0.0246958522018828,0.00610411192954086,0.00370249001035461,-0.0230000000000001,-0.0198,0.00570000000000004
2017-05-19,2381.73,995.67,12.04,55.7115,97.142,823.1,2.2346,1.2703,2.8966,-0.00384274971419796,-0.00670659757857628,0.146428633733348,-0.0526653188156274,-0.0214882449512706,0.000619800832874162,-0.0911,-0.0201,-0.0923000000000003
2017-05-26,2415.82,1017,9.81,57.8248,97.442,827.41,2.2465,1.2937,2.912,0.014211659603248,0.021196518665521,-0.204832166303403,0.0372311605815545,0.00308350365600329,0.00522264002837236,0.0119000000000002,0.0234000000000001,0.0154000000000001
2017-06-02,2439.07,1015.08,9.75,54.0528,96.715,830.68,2.1591,1.2879,2.81,0.00957804512313931,-0.00188968994463679,-0.00613498856751571,-0.0674564027711577,-0.00748881984844196,0.00394430246780786,-0.0874000000000001,-0.00580000000000003,-0.102
2017-06-09,2431.77,1018.19,10.7,53.736,97.274,832.08,2.2005,1.3347,2.8556,-0.00299743184568957,0.00305911406289194,0.0929764564581044,-0.00587817866417062,0.00576322933007401,0.0016839475700996,0.0413999999999999,0.0468,0.0455999999999999
2017-06-16,2433.15,1003.12,10.38,52.5578,97.164,832.46,2.1514,1.3151,2.7752,0.00056732691884509,-0.014911398284533,-0.0303628637301179,-0.0221696515896523,-0.00113146619215687,0.000456582607328393,-0.0490999999999997,-0.0196000000000001,-0.0804
2017-06-23,2438.3,1011.67,10.02,51.4839,97.264,830.03,2.1423,1.3404,2.7155,0.00211436098845308,0.00848728783069497,-0.0352977820810239,-0.0206443789406876,0.0010286585143886,-0.00292332793644867,-0.00910000000000011,0.0253000000000001,-0.0596999999999999
2017-06-30,2423.41,1010.8,11.18,51.1575,95.628,826.82,2.3037,1.3817,2.8348,-0.00612543592984149,-0.000860334198938162,0.109543372070235,-0.00636002821937609,-0.0169632668027555,-0.00387482755387758,0.1614,0.0412999999999999,0.1193
2017-07-07,2425.18,1002.48,11.19,55.2201,96.008,819.45,2.3856,1.399,2.9289,0.000730109198189943,-0.00826516665700883,0.000894054596880523,0.0764179082235872,0.00396585712552877,-0.00895363365204371,0.0819000000000001,0.0173000000000001,0.0941000000000001
2017-07-14,2459.27,1047.05,9.51,55.7569,95.153,828.14,2.3319,1.3556,2.9195,0.0139588094995036,0.0434997563651312,-0.162676645766535,0.00967415205945699,-0.00894539891953805,0.0105488387082557,-0.0537000000000001,-0.0434000000000001,-0.00939999999999985
2017-07-21,2472.54,1060.18,9.36,51.0294,93.858,834.41,2.2375,1.3402,2.8087,0.00538140440299983,0.0124620187883959,-0.0158985860677983,-0.0885992322806701,-0.0137031206019138,0.00754266605629095,-0.0944000000000003,-0.0153999999999999,-0.1108
2017-07-28,2472.1,1062.97,10.29,47.4498,93.259,833.01,2.2889,1.3472,2.8953,-0.000177970489726675,0.00262817191997211,0.0947272593564574,-0.0727296271332865,-0.00640243319570288,-0.00167924137767628,0.0514000000000001,0.0069999999999999,0.0866000000000002
2017-08-04,2476.83,1067.26,10.03,48.5291,93.542,837.51,2.262,1.3509,2.842,0.00191152489134261,0.00402773953949431,-0.0255919478721141,0.0224913079314706,0.00302996468446271,0.0053875570297377,-0.0268999999999999,0.00370000000000004,-0.0533000000000001
2017-08-11,2441.32,1042.8,15.51,47.2827,93.069,835.83,2.1888,1.294,2.7855,-0.0144406401102266,-0.0231852134106774,0.435904375214603,-0.0260191399490974,-0.00506937975739064,-0.00200796080230781,-0.0731999999999999,-0.0569,-0.0565000000000002
2017-08-18,2425.55,1059.54,14.26,52.0646,93.434,839.95,2.1939,1.3054,2.7762,-0.00648057383579914,0.0159254485937419,-0.0840265622022973,0.0963407771817275,0.00391415115039262,0.00491712313208659,0.0051000000000001,0.0113999999999999,-0.00930000000000009
2017-08-25,2443.05,1085.37,11.28,50.1582,92.74,844.4,2.1659,1.3315,2.7469,0.00718895590855162,0.0240860910143574,-0.234427168916237,-0.0373032447347224,-0.00745542572613456,0.00528394971794288,-0.028,0.0261,-0.0292999999999997
2017-09-01,2476.55,1091.36,10.13,50.5552,92.814,848.84,2.1657,1.342,2.777,0.0136192039207712,0.00550368223896403,-0.107529927809321,0.00788379810965356,0.000797611519267605,0.00524439556868295,-0.000199999999999978,0.0105000000000002,0.0301
2017-09-08,2461.43,1091.17,12.12,49.4378,91.352,854.63,2.0507,1.262,2.6692,-0.00612398075890486,-0.000174109863763761,0.179355662380576,-0.0223504948454907,-0.0158773140832356,0.00679791519322848,-0.115,-0.0800000000000001,-0.1078
2017-09-15,2500.23,1102.16,10.17,54.8588,91.872,852.72,2.2023,1.3803,2.77,0.015640245775006,0.0100213756936975,-0.1754147705807,0.104047297632008,0.00567612753930646,-0.00223738635519588,0.1516,0.1183,0.1008
2017-09-22,2502.22,1102.25,9.59,50.6332,92.171,849.34,2.2499,1.431,2.7801,0.000795610192994012,8.16545017032766e-05,-0.0587213211651219,-0.080155123790723,0.00324924352525979,-0.00397166309417951,0.0475999999999996,0.0507,0.0101
2017-09-29,2519.36,1081.72,9.51,50.5164,93.076,848.6,2.3336,1.4827,2.8601,0.00682656317855646,-0.0188011783579194,-0.00837701233804777,-0.00230945158287099,0.00977081626078746,-0.000871644518477766,0.0837000000000003,0.0516999999999999,0.0800000000000001
2017-10-06,2549.33,1103.12,9.65,52.8752,93.8,849.07,2.3589,1.504,2.8936,0.0118256785347892,0.0195901616533583,0.0146140387935958,0.0456363838293084,0.00774849228747776,0.000553700085420772,0.0253000000000001,0.0213000000000001,0.0335000000000001
2017-10-13,2553.17,1125.91,9.61,54.9815,93.091,852.08,2.273,1.4929,2.805,0.00150514482114605,0.0204490690196186,-0.00415369236869356,0.0390623451479724,-0.00758734664907301,0.00353878628126569,-0.0859000000000001,-0.0111000000000001,-0.0886
2017-10-20,2575.21,1119.69,9.97,50.8509,93.701,851.73,2.3845,1.5763,2.8969,0.00859535981855952,-0.00553973629048521,0.0367763609915457,-0.0780989435601853,0.0065313521829129,-0.000410843937907579,0.1115,0.0834000000000001,0.0918999999999999
2017-10-27,2581.07,1110.22,9.8,53.9818,94.916,849.07,2.4064,1.5875,2.9179,0.00227295745106648,-0.00849366739670909,-0.0171981982972205,0.0597491312645047,0.0128834283834927,-0.00312794234335811,0.0219,0.0111999999999999,0.0209999999999999
2017-11-03,2587.84,1126.18,9.14,54.6722,94.941,850.26,2.3325,1.6145,2.8129,0.00261950928579324,0.0142731809618981,-0.0697220002104677,0.0127084008284446,0.000263356106380286,0.00140055221118907,-0.0739000000000001,0.0270000000000001,-0.105
2017-11-10,2582.3,1128.49,11.29,45.83,94.391,843.47,2.3984,1.6541,2.8797,-0.0021430762495136,0.00204908107018387,0.211256992695512,-0.176416455024902,-0.00580991641253714,-0.00801784980495679,0.0659000000000001,0.0395999999999999,0.0668000000000002
2017-11-17,2578.85,1136.45,11.43,47.2888,93.662,848.64,2.3435,1.7213,2.7778,-0.00133691154640303,0.00702891270617645,0.012324099645149,0.0313345824691678,-0.00775317226293559,0.00611073285751118,-0.0549,0.0672000000000002,-0.1019
2017-11-24,2602.42,1154.26,9.67,49.0879,92.782,851.97,2.3418,1.7443,2.7638,0.00909821823171875,0.0155500773797961,-0.167213168341517,0.0373390875947579,-0.00943990189924904,0.00391624682439051,-0.00170000000000003,0.0229999999999999,-0.0140000000000002
2017-12-01,2642.22,1115.94,11.43,46.1607,92.885,853.28,2.3615,1.772,2.7615,0.0151776915220472,-0.0337623469288735,0.167213168341517,-0.0614837818553822,0.00110951338219767,0.00153643191051334,0.0196999999999998,0.0277000000000001,-0.00229999999999997
2017-12-08,2651.5,1110.78,9.58,50.1704,93.901,853.8,2.376,1.7945,2.7685,0.00350604471187843,-0.00463462782595059,-0.17656388582395,0.083296424626969,0.0108788669414057,0.00060922747156944,0.0145,0.0225,0.00700000000000012
2017-12-15,2675.81,1118.5,9.42,47.4922,93.932,857.39,2.353,1.8358,2.6873,0.00912662065544012,0.00692603070104436,-0.0168425033944972,-0.0548597243262901,0.000330080446795833,0.00419591660428331,-0.0229999999999997,0.0413000000000001,-0.0811999999999999
2017-12-22,2683.34,1141.09,9.9,46.4338,93.347,855.82,2.481,1.8906,2.8309,0.00281014898083765,0.0199954439982086,0.0496996685522726,-0.0225378447118518,-0.00624738387861701,-0.00183281727225193,0.128,0.0548,0.1436
2017-12-29,2673.61,1158.45,11.04,50.3803,92.124,858.44,2.4054,1.883,2.7399,-0.00363266810404372,0.0150989587549892,0.108990283708405,0.0815725833322776,-0.0131882367191905,0.00305671489738835,-0.0755999999999997,-0.00760000000000005,-0.0910000000000002
2018-01-05,2743.15,1201.01,9.22,46.5962,91.949,862.96,2.4763,1.9599,2.8105,0.025677275984874,0.0360799647566079,-0.180150003280446,-0.0780812329084379,-0.00190142011837224,0.00525155151389178,0.0709,0.0769,0.0706000000000002
2018-01-12,2786.24,1208.17,10.16,46.0677,90.974,859.84,2.5462,1.9976,2.8491,0.0155861215459581,0.00594394863026793,0.0970834045818334,-0.0114069390693152,-0.0106603241083558,-0.00362201464004652,0.0698999999999996,0.0377000000000001,0.0385999999999997
2018-01-19,2810.3,1232.6,11.27,47.6086,90.572,858.13,2.6592,2.0647,2.9331,0.00859822255476672,0.0200189414578844,0.103685885901349,0.0329013635140853,-0.00442863689675832,-0.00199072226491026,0.113,0.0671000000000002,0.0840000000000001
2018-01-26,2872.87,1273.07,11.08,51.9902,89.067,860.56,2.6599,2.1163,2.9114,0.0220202908917324,0.0323055467342783,-0.0170026467325468,0.0880418220948456,-0.0167562190079273,0.00282773696153349,0.000700000000000145,0.0515999999999997,-0.0217000000000001
2018-02-02,2762.13,1230.84,17.31,55.6349,89.195,853.32,2.8411,2.1413,3.0868,-0.03930940888264,-0.033734443155101,0.44614268786898,0.067755462896514,0.00143608870088308,-0.00844871644032263,0.1812,0.0250000000000004,0.1754
2018-02-09,2619.55,1142.85,29.06,60.3309,90.442,836.87,2.8512,2.0732,3.1596,-0.0529995739258622,-0.0741717205201917,0.518078288954019,0.081033708114294,0.0138837770708262,-0.0194658818637548,0.0101,-0.0681000000000003,0.0728
2018-02-16,2732.22,1199.73,19.46,71.7787,89.1,840.38,2.8749,2.1895,3.1316,0.0421119182566843,0.0485713888726655,-0.401001581384278,0.173743364368391,-0.0149494267972932,0.00418542867665384,0.0236999999999998,0.1163,-0.028
2018-02-23,2747.3,1216.43,16.49,63.0303,89.883,839.23,2.866,2.238,3.1555,0.00550414564468316,0.0138238079791133,-0.165606940186351,-0.129972211509098,0.00874949012045345,-0.00136936572145085,-0.00889999999999969,0.0485000000000002,0.0238999999999998
2018-03-02,2691.25,1182.06,19.59,64.6014,89.935,839.26,2.8643,2.2418,3.1398,-0.020612841501042,-0.0286616603398615,0.172265095384942,0.0246205192283915,0.000578362582716707,3.57464149365327e-05,-0.00170000000000003,0.00380000000000003,-0.0156999999999998
2018-03-09,2786.57,1207.23,14.64,65.3027,90.093,840.42,2.8938,2.258,3.158,0.0348056791351716,0.021069799940447,-0.291261723423284,0.0107973006735849,0.00175528296228045,0.00138121568919836,0.0295000000000001,0.0162,0.0181999999999998
2018-03-16,2752.01,1213.14,15.8,58.9669,90.233,841.07,2.8445,2.2909,3.077,-0.012479895046182,0.00488356056777217,0.0762524314997553,-0.102057113526261,0.00155274367676927,0.000773123875106307,-0.0493000000000001,0.0329000000000002,-0.081
2018-03-23,2588.26,1172.1,24.87,59.0088,89.436,836.36,2.8135,2.2538,3.0608,-0.0613457185143931,-0.0344150278781301,0.453652317782392,0.000710315798282402,-0.0088719281314269,-0.00561574835089473,-0.0310000000000001,-0.0371000000000001,-0.0162
2018-03-30,2640.87,1170.88,19.97,56.1683,89.974,843.46,2.7389,2.2661,2.9737,0.0201225730535608,-0.00104140889829285,-0.219431110387589,-0.0493340445057751,0.00599745401738616,0.00845333700015871,-0.0745999999999998,0.0122999999999998,-0.0871
2018-04-06,2604.47,1161.97,21.49,58.5414,90.108,846.89,2.7735,2.2661,3.0182,-0.0138792087134521,-0.00763876230820237,0.073356563226695,0.041381655429201,0.00148821120080456,0.00405833668494804,0.0345999999999997,0,0.0445000000000002
2018-04-13,2656.3,1170.09,17.41,56.0682,89.8,844.71,2.8267,2.3566,3.027,0.0197049774317,0.00696382838765697,-0.210542956874321,-0.0431653893578376,-0.00342397559759355,-0.0025774429023997,0.0532000000000004,0.0905,0.00879999999999992
2018-04-20,2670.14,1168.24,16.88,51.1426,90.316,838.3,2.9602,2.4573,3.1451,0.00519672845160724,-0.00158232617808007,-0.0309152646122866,-0.0919509974917596,0.00572965657292723,-0.00761734154211702,0.1335,0.1007,0.1181
2018-04-27,2669.91,1156.3,15.41,52.7054,91.542,832.02,2.9568,2.4838,3.1245,-8.61415155819501e-05,-0.0102730905973001,-0.0911128398357866,0.0301001076913363,0.0134832514780392,-0.00751955264998383,-0.00340000000000007,0.0265,-0.0206
2018-05-04,2663.42,1136.17,14.77,51.2666,92.566,821.52,2.9497,2.4969,3.1221,-0.00243375272238477,-0.017562295162624,-0.0424185527887362,-0.027678449078651,0.0111240202430247,-0.0127001961037889,-0.00709999999999988,0.0131000000000001,-0.00239999999999974
2018-05-11,2727.72,1164.49,12.65,48.4818,92.537,824.32,2.9695,2.5349,3.1041,0.0238550841607728,0.0246202659386752,-0.154940881369759,-0.0558509982277946,-0.0003133390624388,0.00340252114584061,0.0198,0.0379999999999998,-0.0180000000000002
2018-05-18,2712.97,1137.75,13.42,47.0574,93.637,817.05,3.0559,2.5467,3.1974,-0.00542211967111594,-0.0232305950142164,0.0590889163700061,-0.0298203366305061,0.0118170399790163,-0.00885851153808659,0.0863999999999998,0.0118,0.0933000000000002
2018-05-25,2721.33,1136.62,13.22,53.2606,94.253,827.52,2.9313,2.4758,3.092,0.00307675564283993,-0.000993681848582284,-0.0150152971199953,0.123828712658209,0.00655705154155317,0.0127329836456447,-0.1246,-0.0709,-0.1054
2018-06-01,2734.62,1130.22,13.46,54.095,94.156,820.82,2.9022,2.4716,3.0506,0.00487175516102312,-0.00564664202598575,0.0179914897930415,0.0155449143271569,-0.00102967489419559,-0.00812943555205603,-0.0290999999999997,-0.00419999999999998,-0.0413999999999999
2018-06-08,2779.03,1135.39,12.18,56.9385,93.535,819.24,2.9461,2.4977,3.0896,0.0161094594021867,0.00456390020692332,-0.0999270619348311,0.0512299778438643,-0.0066172833652125,-0.00192675937319287,0.0438999999999998,0.0261,0.0389999999999997
2018-06-15,2779.66,1113.76,11.98,59.5738,94.788,814.3,2.9205,2.5471,3.0465,0.000226672112565218,-0.0192345258087503,-0.0165566695944475,0.0452441421212413,0.0133071211694142,-0.00604823274510391,-0.0255999999999998,0.0493999999999999,-0.0430999999999999
2018-06-22,2754.88,1088,13.77,53.0803,94.52,816.72,2.8949,2.5412,3.0394,-0.00895473357730126,-0.0234005300044684,0.13925372005326,-0.115410018810337,-0.00283136665157535,0.00296747038767453,-0.0256000000000003,-0.00590000000000002,-0.00709999999999988
2018-06-29,2718.37,1069.52,16.09,53.0257,94.47,813.57,2.8601,2.5282,2.989,-0.0133414485162904,-0.017131198741021,0.155705648263728,-0.00102915961056338,-0.000529128537663404,-0.00386434796258328,-0.0347999999999997,-0.0129999999999999,-0.0504000000000002
2018-07-06,2759.82,1059.97,13.37,51.1681,93.963,824.62,2.8217,2.5365,2.9293,0.0151330242398453,-0.00896934385605253,-0.18518456989044,-0.0356604106876413,-0.0053812360198302,0.0134907032643419,-0.0384000000000002,0.0083000000000002,-0.0596999999999999
2018-07-13,2801.31,1075.64,12.18,50.1345,94.677,832.24,2.8271,2.578,2.9315,0.0149217047019796,0.014675227430347,-0.0932181288321008,-0.0204068971426468,0.00757001070449537,0.00919818660012162,0.00540000000000029,0.0414999999999997,0.0022000000000002
2018-07-20,2801.83,1070.07,12.86,48.2815,94.476,830.43,2.8931,2.5931,3.0258,0.000185610211949516,-0.00519176637229357,0.0543264565277224,-0.0376609293412127,-0.00212526447537797,-0.00217722183595637,0.0659999999999998,0.0151000000000003,0.0942999999999996
2018-07-27,2818.82,1092.36,13.03,49.0476,94.669,835.68,2.9542,2.6694,3.0822,0.00604558253844623,0.0206164264283304,0.0131326723272807,0.0157427906384275,0.0020407630863355,0.00630212576130518,0.0611000000000002,0.0762999999999998,0.0564
2018-08-03,2840.35,1073.33,11.64,48.8313,95.161,831.73,2.9488,2.6432,3.0886,0.00760892635299637,-0.0175745280297379,-0.112806948833462,-0.00441975445380693,0.00518359691994164,-0.00473789576530947,-0.00540000000000029,-0.0261999999999998,0.00640000000000018
2018-08-10,2833.28,1062.37,13.16,47.666,96.357,820.85,2.8732,2.6042,3.0303,-0.00249223289479428,-0.0102637039037967,0.12273448359388,-0.0241531452168551,0.0124898500151023,-0.013167480182152,-0.0755999999999997,-0.0390000000000001,-0.0583
2018-08-17,2850.13,1022.94,12.64,50.6302,96.101,820.67,2.8605,2.6059,3.0199,0.00592955615377377,-0.0378214271664685,-0.04031553717846,0.0603298807211474,-0.00266032226234003,-0.000219308934062745,-0.0127000000000002,0.00170000000000003,-0.0104000000000002
2018-08-24,2874.69,1050.19,11.99,50.6949,95.146,824.49,2.8098,2.6202,2.9589,0.0085802350733486,0.0262902659574191,-0.0527934196792885,0.00127707762032125,-0.00998716777683928,0.00464393355687243,-0.0507,0.0143,-0.0609999999999999
2018-08-31,2901.52,1055.96,12.86,49.1577,95.14,819.92,2.8604,2.6269,3.0191,0.00928989526244894,0.00547920559829507,0.0700487497700504,-0.0307918162230223,-6.30629683948669e-05,-0.00555823884002926,0.0505999999999998,0.00669999999999993,0.0602
2018-09-07,2871.68,1022.98,14.88,50.7097,95.365,817.2,2.9388,2.7025,3.1014,-0.0103375132457293,-0.0317303693425242,0.145896310595473,0.0310837161980744,0.00236214382425448,-0.00332291157984077,0.0784000000000003,0.0756000000000001,0.0823
2018-09-14,2904.98,1028.53,12.07,49.4302,94.927,822.34,2.9959,2.7777,3.1309,0.0115292812331651,0.00541066194149931,-0.209294994295506,-0.0255556403600106,-0.00460345966726816,0.00627007189748419,0.0570999999999997,0.0751999999999997,0.0295000000000001
2018-09-21,2929.67,1051.44,11.68,47.45,94.22,826.31,3.0628,2.7999,3.1998,0.00846328310102784,0.022030054813869,-0.0328450577093591,-0.0408850483805798,-0.00747570188922708,0.00481607093503644,0.0669000000000004,0.0222000000000002,0.0689000000000002
2018-09-28,2913.98,1047.91,12.12,48.8315,95.132,832.32,3.0612,2.8188,3.2057,-0.00536994436814187,-0.0033629488430762,0.0369790032410871,0.0286990713662161,0.00963292758755596,0.00724697648429906,-0.00160000000000027,0.0188999999999999,0.00590000000000002
2018-10-05,2885.57,1000.76,14.82,46.1634,95.624,821.81,3.2328,2.885,3.4036,-0.00979739022967419,-0.0460379930022983,0.201120639226773,-0.0561883200890869,0.00515843371622893,-0.0127077574742067,0.1716,0.0661999999999998,0.1979
2018-10-12,2767.13,980.09,21.31,55.1865,95.221,820.98,3.1613,2.8528,3.3347,-0.0419117721093576,-0.0208705861458016,0.363198826242585,0.178531081821642,-0.00422332886907384,-0.00101047616630634,-0.0714999999999999,-0.0322,-0.0688999999999997
2018-10-19,2767.78,971.47,19.89,54.3741,95.713,819.64,3.1921,2.9038,3.3758,0.000234872835506827,-0.00883401592422839,-0.0689593532446451,-0.0148304206069794,0.0051536246970505,-0.00163352915114157,0.0307999999999997,0.0510000000000002,0.0410999999999997
2018-10-26,2658.69,939.55,24.16,52.0433,96.359,818.37,3.0755,2.8062,3.3098,-0.0402120345460499,-0.0334093510231872,0.194481280200733,-0.0438118731545125,0.00672666953906109,-0.00155066239459156,-0.1166,-0.0975999999999999,-0.0659999999999998
2018-11-02,2723.06,996.72,19.51,62.7013,96.542,817.23,3.2121,2.9034,3.454,0.0239227276877125,0.0590688507554464,-0.213771218431594,0.186306116683032,0.00189734687636545,-0.00139398408486535,0.1366,0.0972,0.1442
2018-11-09,2781.01,976.17,17.36,61.416,96.905,816.82,3.1819,2.9241,3.3842,0.0210579231045855,-0.0208331364172789,-0.116758445402816,-0.0207117935506513,0.00375297033362809,-0.00050182064025428,-0.0301999999999998,0.0207000000000002,-0.0698000000000003
2018-11-16,2736.27,986.3,18.14,53.5442,96.465,812.55,3.0628,2.7998,3.3163,-0.0162184919723369,0.0103238163866184,0.0439507354547866,-0.137162906488453,-0.00455086889777512,-0.00524130157690372,-0.1191,-0.1243,-0.0678999999999999
2018-11-23,2632.56,969.17,21.52,60.4328,96.916,806.86,3.039,2.8094,3.3015,-0.0386389223128125,-0.0175205328602406,0.170863290606593,0.121024522864927,0.00466437569024603,-0.00702727958403493,-0.0238,0.00960000000000027,-0.0148000000000001
2018-11-30,2760.17,994.72,18.07,57.3123,97.272,810.93,2.9879,2.7865,3.29,0.0473355152460604,0.0260212554213206,-0.174729630689446,-0.0530167435316074,0.00366655404893557,0.00503156600864418,-0.0511000000000004,-0.0228999999999999,-0.0114999999999998
2018-12-07,2633.08,981.37,23.23,52.4322,96.514,817.75,2.845,2.7109,3.1403,-0.047138008389652,-0.0135117359079571,0.251191442178181,-0.088994353956831,-0.00782310245172457,0.00837492922186733,-0.1429,-0.0756000000000001,-0.1497
2018-12-14,2599.95,971.9,21.63,60.7438,97.443,822.59,2.8895,2.733,3.1433,-0.0126620495721683,-0.00969663610364524,-0.0713633068173505,0.147144112985624,0.00957951612258778,0.00590123272723009,0.0444999999999998,0.0221,0.00300000000000011
2018-12-21,2416.62,957.33,30.11,56.1275,96.956,821.69,2.7902,2.6389,3.0308,-0.0731223444060927,-0.015104758909632,0.330776102528675,-0.0790391308990239,-0.00501032432036386,-0.00109470417432345,-0.0992999999999999,-0.0941000000000001,-0.1125
2018-12-28,2485.74,962.63,28.34,61.6148,96.402,822.32,2.7182,2.5161,3.0222,0.0282005322720496,0.00552096237676381,-0.0605831082311084,0.0932762129217517,-0.00573031905536414,0.000766418733266328,-0.0720000000000001,-0.1228,-0.00859999999999994
2019-01-04,2531.94,964.97,21.38,66.6613,96.179,829.73,2.6677,2.4937,2.981,0.0184154053794456,0.00242789079628292,-0.281818328665635,0.0787224732176437,-0.00231590966575634,0.00897073295924322,-0.0505,-0.0223999999999998,-0.0412000000000003
2019-01-11,2596.26,1001.11,18.19,65.8207,95.67,835.82,2.7007,2.5408,3.0334,0.0250861405912692,0.0367676506147951,-0.161583913066868,-0.0126901961156563,-0.00530626893342046,0.00731293223326457,0.0329999999999999,0.0470999999999999,0.0524
2019-01-18,2670.71,1018,17.8,55.9434,96.336,843.67,2.7842,2.6139,3.0974,0.0282724067553719,0.016730533722833,-0.0216735352319914,-0.162593913190645,0.00693731103201589,0.00934814397954131,0.0834999999999999,0.0731000000000002,0.0640000000000001
2019-01-25,2664.76,1032.34,17.42,53.7818,95.794,852.25,2.7585,2.6063,3.0662,-0.00223035738801602,0.0139881520362204,-0.0215794858736826,-0.039405345361371,-0.00564202818681459,0.0101184881412966,-0.0256999999999996,-0.00760000000000005,-0.0312000000000001
2019-02-01,2706.53,1050.2,16.14,52.496,95.579,858.84,2.6842,2.5019,3.0253,0.0155533743425256,0.0171525520570706,-0.0763183085825543,-0.0241981437532104,-0.00224692187983777,0.00770273052049397,-0.0743,-0.1044,-0.0408999999999997
2019-02-08,2707.88,1036.03,15.72,48.7887,96.637,858.45,2.6339,2.465,2.9802,0.000498669302094079,-0.0135845212746339,-0.026366875840742,-0.073238247550242,0.0110085600028622,-0.000454204015285065,-0.0503,-0.0369000000000002,-0.0451000000000001
2019-02-15,2775.6,1030.64,14.91,49.628,96.904,859.26,2.6626,2.5141,2.9936,0.024700899121318,-0.00521613244585595,-0.0529016582244135,0.0170564619121216,0.00275910705619964,0.000943116195444738,0.0286999999999997,0.0491000000000001,0.0133999999999999
2019-02-22,2792.67,1058.65,13.51,45.7323,96.507,863.73,2.6518,2.4933,3.0159,0.00613118741505581,0.0268145430186761,-0.0986019768045399,-0.0817503589644018,-0.00410525314027321,0.00518866624708991,-0.0107999999999997,-0.0207999999999999,0.0223
2019-03-01,2803.69,1051.54,13.57,47.2184,96.527,864.61,2.7531,2.5526,3.1226,0.00393827925415291,-0.0067387551887661,0.00443132187467032,0.0319788155195897,0.000207217382135028,0.00101831824298948,0.1013,0.0592999999999999,0.1067
2019-03-08,2743.07,1030.13,16.05,47.9044,97.306,862.02,2.6285,2.461,3.0119,-0.0218586755784242,-0.0205707484615294,0.167847375729247,0.0144237110999437,0.00803789028814261,-0.00300006595806313,-0.1246,-0.0916000000000001,-0.1107
2019-03-15,2822.48,1057.3,12.88,45.8253,96.595,870.44,2.5871,2.4378,3.0111,0.0285381999657925,0.0260334808868308,-0.220033128899817,-0.0443710178865731,-0.00733367219998815,0.00972035867741017,-0.0413999999999999,-0.0231999999999997,-0.000799999999999912
2019-03-22,2800.71,1059.63,16.48,46.054,96.651,876.14,2.439,2.3166,2.8739,-0.0077429746339055,0.00220130182942224,0.246471803805118,0.00497828068624395,0.000579572167780817,0.0065270645904647,-0.1481,-0.1212,-0.1372
2019-03-29,2834.4,1058.13,13.71,52.2586,97.284,879.01,2.405,2.26,2.8143,0.0119573181031969,-0.00141659135203298,-0.184022030907102,0.126389849566937,0.00652798358127171,0.00327037866618518,-0.0340000000000003,-0.0566000000000004,-0.0596000000000001
2019-04-05,2892.74,1085.14,12.82,58.5478,97.395,881.24,2.4954,2.3393,2.9032,0.0203738752810514,0.0252058116928096,-0.0671190420816994,0.113639044012955,0.00114033883498976,0.0025337323596224,0.0904000000000003,0.0793000000000004,0.0889000000000002
2019-04-12,2907.41,1089.09,12.01,49.2196,96.972,878.33,2.5651,2.3914,2.9769,0.00505850065320423,0.00363347423750149,-0.0652668154006317,-0.173551596463165,-0.00435259758924911,-0.00330762931062623,0.0697000000000001,0.0520999999999998,0.0737000000000001
2019-04-19,2905.03,1092.52,12.09,48.8439,97.378,880.18,2.5596,2.3802,2.961,-0.000818933230454455,0.00314446929215606,0.00663902853480902,-0.00766241951784608,0.00417803540616202,0.00210405477649012,-0.00550000000000006,-0.0112000000000001,-0.0159000000000002
2019-04-26,2939.88,1078.06,12.73,49.228,98.006,880.01,2.4982,2.2821,2.9233,0.0119250469181242,-0.0133238248911907,0.0515827479426139,0.00783306867578126,0.00642838884075214,-0.000193160966178496,-0.0613999999999999,-0.0981000000000001,-0.0377000000000001
2019-05-03,2945.64,1082.77,12.87,49.4279,97.52,883.17,2.525,2.333,2.9186,0.00195734678974091,0.00435944286163981,0.0109376090387201,0.00405247478503101,-0.0049712161132085,0.00358443651057172,0.0267999999999997,0.0509000000000004,-0.0046999999999997
2019-05-10,2881.4,1033.44,16.04,45.7821,97.33,880.98,2.4672,2.2661,2.8867,-0.0220498238355562,-0.0466295291246235,0.220186580830333,-0.0766218570631354,-0.00195021873461432,-0.00248278335172092,-0.0577999999999999,-0.0669000000000004,-0.0319000000000003
2019-05-17,2859.53,996.39,15.96,53.4923,97.995,881.44,2.3909,2.1981,2.8253,-0.00761901148239463,-0.0365095750765674,-0.00500001041670561,0.1556445332781,0.00680919052242146,0.000522009521505495,-0.0763000000000003,-0.0679999999999996,-0.0613999999999999
2019-05-24,2826.06,986.65,15.85,56.9732,97.613,883.25,2.3202,2.1641,2.7512,-0.0117737602033836,-0.00982338059216037,-0.00691609169837326,0.0630432635187379,-0.00390577569036132,0.00205135251484823,-0.0707,-0.0340000000000003,-0.0741000000000001
2019-05-31,2752.06,998,18.71,60.5383,97.75,884.77,2.1246,1.9221,2.5685,-0.0265337933004464,0.0114379096960295,0.165888639962709,0.0606952407626187,0.00140251759501275,0.00171943798654528,-0.1956,-0.242,-0.1827
2019-06-07,2873.34,1007.39,16.3,72.681,96.544,897.67,2.0809,1.8494,2.572,0.0431253940314047,0.00936483040723957,-0.137893032473281,0.182803779785188,-0.0124143358888249,0.0144747932416527,-0.0436999999999999,-0.0727,0.00350000000000028
2019-06-14,2886.98,1015.08,15.28,68.6928,97.572,899.91,2.0804,1.8405,2.5856,0.00473585685987477,0.0076045993852194,-0.0646203240743426,-0.0564356121340461,0.0105917040370507,0.00249224085652511,-0.000500000000000167,-0.00889999999999991,0.0135999999999998
2019-06-21,2950.46,1053.22,15.4,80.8203,96.22,913.83,2.054,1.7678,2.5841,0.0217501173486658,0.0368847110834656,0.00782272568120934,0.162583781353341,-0.0139533307423934,0.0153498002072086,-0.0264000000000002,-0.0727,-0.00150000000000006
2019-06-28,2941.76,1054.86,15.08,74.6269,96.13,914.84,2.0051,1.7549,2.5291,-0.00295304870570323,0.00155591849536396,-0.0209981468397737,-0.0797271395707595,-0.000935794193583028,0.00110462806597234,-0.0488999999999997,-0.0129000000000001,-0.0549999999999997
2019-07-05,2990.41,1059.93,13.28,70.4339,97.286,920.78,2.0338,1.8593,2.5419,0.0164024600545591,0.00479481150692429,-0.127110218531522,-0.0578263506705952,0.0119536518697245,0.00647195033135972,0.0286999999999997,0.1044,0.0127999999999999
2019-07-12,3013.77,1050.91,12.39,65.2773,96.81,917.15,2.1219,1.8471,2.6467,0.00778128499393027,-0.00854641271015044,-0.0693694484072367,-0.0760303318481972,-0.00490479921546871,-0.00395010116815886,0.0881000000000003,-0.0122,0.1048
2019-07-19,2976.61,1057.49,14.45,62.7766,97.151,921.54,2.0552,1.8183,2.5792,-0.0124067176567371,0.00624172013142044,0.15380471891739,-0.0390619569340895,0.00351617439927487,0.00477514789523248,-0.0667,-0.0287999999999999,-0.0674999999999999
2019-07-26,3025.86,1048.66,12.16,63.8649,98.01,925.95,2.0703,1.8519,2.5922,0.0164102795135781,-0.00838501696012539,-0.17254253802042,0.0171875221183653,0.00880304514983354,0.00477405385242236,0.0150999999999999,0.0336000000000001,0.0129999999999999
2019-08-02,2932.05,1003.76,17.61,58.9008,98.074,925.49,1.8452,1.7118,2.382,-0.0314935115135802,-0.0437602097993777,0.370315045970094,-0.0809152417823933,0.000652781484186349,-0.000496910523122729,-0.2251,-0.1401,-0.2102
2019-08-09,2918.65,981.19,17.97,66.1145,97.491,932.76,1.7447,1.6466,2.2586,-0.00458065647883288,-0.0227421071211644,0.0202367782873529,0.115533414491582,-0.00596222971439886,0.00782460604523738,-0.1005,-0.0651999999999999,-0.1234
2019-08-16,2888.68,970.27,18.47,78.9672,98.142,926.54,1.5538,1.4763,2.0348,-0.010321530227543,-0.0111917374497041,0.027444093415681,0.177644488978586,0.00665534345356722,-0.00669071500405583,-0.1909,-0.1703,-0.2238
2019-08-23,2847.11,973.66,19.87,89.5162,97.64,928.16,1.5351,1.5332,2.0252,-0.0144952056671981,0.00348778344539991,0.0730632623525769,0.125387038109444,-0.00512816397968408,0.00174691369168123,-0.0187000000000002,0.0569,-0.00960000000000027
2019-08-30,2926.46,984.33,18.98,91.8222,98.916,932.86,1.4961,1.504,1.9626,0.0274890567399586,0.010899039957379,-0.0458252633819436,0.0254344839677598,0.0129837595943316,0.0050510042798555,-0.0389999999999999,-0.0291999999999999,-0.0626
2019-09-06,2978.71,1007.96,15,86.8897,98.394,940.11,1.5602,1.5402,2.025,0.0176968194377327,0.0237225586209044,-0.235335592079572,-0.0552146002517437,-0.0052911785297276,0.00774175369658003,0.0641000000000001,0.0362,0.0624
2019-09-13,3007.39,1026.61,13.74,78.821,98.257,926.52,1.8958,1.7999,2.3708,0.00958227208009088,0.0183336256667674,-0.087738914308007,-0.0974600393822618,-0.0013933315585879,-0.0145612575854654,0.3356,0.2597,0.3458
2019-09-20,2992.07,1021.27,15.32,85.5301,98.513,933.43,1.7215,1.683,2.1616,-0.00510713740873037,-0.00521516114524534,0.108847877518242,0.0816889019507894,0.00260202413414579,0.00743034145188215,-0.1743,-0.1169,-0.2092
2019-09-27,2961.79,1001.5,17.22,80.0726,99.109,929,1.6801,1.6315,2.1286,-0.0101716402701229,-0.0195480747199079,0.116912334687139,-0.0659346376276986,0.00603173540358082,-0.00475723474676837,-0.0414000000000001,-0.0515000000000001,-0.0329999999999999
2019-10-04,2952.01,996.58,17.04,79.9722,98.808,932.36,1.529,1.4036,2.0151,-0.00330752102399412,-0.00492473769192703,-0.0105079775984152,-0.00125464886294679,-0.00304168143278893,0.00361026738463099,-0.1511,-0.2279,-0.1135
2019-10-11,2970.27,1011.54,15.58,83.1527,98.301,929.15,1.729,1.5914,2.1941,0.00616656350717193,0.0148997836418188,-0.0895754809585672,0.0389996022671468,-0.00514437309435678,-0.00344881647880957,0.2,0.1878,0.179
2019-10-18,2986.2,1024.02,14.25,79.86,97.282,930.66,1.7536,1.5736,2.2492,0.00534881833689038,0.0122621356029562,-0.0892311337279428,-0.040403574913837,-0.0104202228243109,0.00162382214505463,0.0246,-0.0177999999999998,0.0550999999999999
2019-10-25,3022.55,1035.84,12.65,78.35,97.831,931.85,1.7943,1.6176,2.287,0.0120991698567448,0.011476634079159,-0.11909969154113,-0.019089132833046,0.00562752301339931,0.00127784566195999,0.0407,0.0439999999999998,0.0377999999999998
2019-11-01,3066.91,1049.19,12.3,67.07,97.239,933.68,1.7103,1.552,2.1897,0.0145696940979292,0.0128057461381257,-0.0280579527951574,-0.155449118690384,-0.00606963466921417,0.0019619095774237,-0.0840000000000001,-0.0655999999999999,-0.0972999999999997
2019-11-08,3093.08,1064.85,12.07,57.28,98.353,927.2,1.9417,1.6742,2.4243,0.00849681815947001,0.0148155062774995,-0.0188762272689318,-0.157785327459256,0.0113911821131456,-0.00696447507855602,0.2314,0.1222,0.2346
2019-11-15,3120.46,1048.79,12.05,64.44,97.999,927.72,1.8308,1.6101,2.3047,0.00881306862665277,-0.0151968254558019,-0.00165837517277634,0.117783035656384,-0.00360577313749921,0.000560671094842036,-0.1109,-0.0640999999999998,-0.1196
2019-11-22,3110.29,1048.55,12.34,61.7,98.27,925.59,1.7706,1.6277,2.2209,-0.00326445741894155,-0.000228861320574758,0.0237813585405777,-0.0434506273974318,0.0027615178374587,-0.00229859110221753,-0.0602,0.0175999999999998,-0.0838000000000001
2019-11-29,3140.98,1040.05,12.62,62.17,98.273,926.79,1.7758,1.6119,2.2054,0.00981888370503903,-0.00813946847429126,0.0224368386358256,0.00758863736990367,3.05276707921465e-05,0.00129563066742922,0.00520000000000009,-0.0157999999999998,-0.0154999999999998
2019-12-06,3145.91,1048.96,13.62,56.57,97.7,927.94,1.8363,1.6149,2.2774,0.00156834333367506,0.00853040821257345,0.0762564436082989,-0.0943937589261816,-0.00584776099639051,0.00124007283795535,0.0605,0.00299999999999989,0.0720000000000001
2019-12-13,3168.8,1086.91,12.63,64.07,97.172,938.3,1.8226,1.6037,2.2524,0.00724977085457468,0.035539610889832,-0.0754643643589663,0.124497426295866,-0.00541895492490063,0.0111026517724531,-0.0137,-0.0112000000000001,-0.0249999999999999
2019-12-20,3221.22,1107.64,12.51,56.44,97.69,942.12,1.9171,1.6294,2.3421,0.0164072024606678,0.0188928177600864,-0.00954661188358008,-0.126798108666317,0.00531659554101438,0.00406292770216066,0.0945,0.0257000000000001,0.0896999999999997
2019-12-27,3240.02,1118.61,13.43,54.19,96.919,945.73,1.8752,1.5812,2.316,0.00581933283845437,0.00985521732831085,0.0709626860563266,-0.0406817374065906,-0.00792362155762127,0.00382446105372569,-0.0419000000000001,-0.0482,-0.0261
2020-01-03,3234.85,1123.87,14.02,55.3,96.838,947.52,1.7881,1.5246,2.2444,-0.00159694359847329,0.00469124330806281,0.0429938710712978,0.0202765189502663,-0.000836098873523206,0.00189092886133579,-0.0871,-0.0566,-0.0715999999999997
2020-01-10,3265.35,1133.63,12.56,60.12,97.356,950.16,1.8196,1.5702,2.2786,0.00938439550669834,0.0086467869859197,-0.109967720566392,0.0835696563564845,0.00533488396722159,0.00278234655275877,0.0315000000000001,0.0456000000000001,0.0341999999999998
2020-01-17,3329.62,1146.83,12.1,53.32,97.606,953.99,1.8215,1.5592,2.2807,0.0194912288338092,0.011576741028299,-0.0373117084373571,-0.120031069574265,0.00256460373841882,0.00402279774706926,0.00189999999999979,-0.0110000000000001,0.00209999999999999
2020-01-24,3295.47,1119.39,14.56,49.67,97.853,954.4,1.6839,1.4947,2.1324,-0.0103093852202374,-0.0242177203557201,0.185072590165845,-0.0709103661912489,0.00252738560495747,0.00042968157065193,-0.1376,-0.0645,-0.1483
2020-01-31,3225.52,1062.34,18.84,59.94,97.39,959.85,1.5068,1.3132,1.9996,-0.0214546205864981,-0.0523098718364699,0.257704226379677,0.187942932769258,-0.00474281657119668,0.00569415146987318,-0.1771,-0.1815,-0.1328
2020-02-07,3327.71,1091.65,15.47,72.98,98.684,961.78,1.5834,1.4011,2.0484,0.0311902021790331,0.0272162908853941,-0.197079604563242,0.196841369119785,0.0131992899293536,0.00200871202983866,0.0766,0.0879000000000001,0.0488
2020-02-14,3380.16,1106.3,13.68,65.59,99.124,966.24,1.5848,1.4279,2.0391,0.0156386659136363,0.0133308009317394,-0.122967752390571,-0.106762185702658,0.00444876572927999,0.00462651627617294,0.00140000000000007,0.0267999999999999,-0.00930000000000009
2020-02-21,3337.75,1084.22,17.08,62.38,99.262,970.92,1.4713,1.3543,1.9147,-0.0126261183645937,-0.0201602796037301,0.22197327616602,-0.0501785341259877,0.00139122742792797,0.00483182504815805,-0.1135,-0.0735999999999999,-0.1244
2020-02-28,2954.22,1005.52,40.11,74.54,98.132,950.57,1.1486,0.913,1.6752,-0.12206227066428,-0.0753560138205529,0.853717491421538,0.178091182871456,-0.0114493079218834,-0.0211822709411944,-0.3227,-0.4413,-0.2395
2020-03-06,2972.37,1012.08,41.94,109.67,95.951,961.37,0.7623,0.5062,1.2874,0.00612495777219735,0.00650279848983271,0.0446143456918122,0.386139962721004,-0.0224758666435454,0.0112975458129885,-0.3863,-0.4068,-0.3878
2020-03-13,2711.02,891.19,57.83,125.21,98.749,861.72,0.9603,0.4903,1.5293,-0.0920346665551381,-0.127205249822202,0.321267646696353,0.132516470908739,0.0287436326534376,-0.109428958569317,0.198,-0.0159,0.2419
2020-03-20,2304.92,803.23,66.04,138.4,102.817,782.66,0.8454,0.3134,1.4169,-0.162278979152894,-0.103916549446654,0.132752946881801,0.100155715502713,0.040369431851139,-0.0962320175541906,-0.1149,-0.1769,-0.1124
2020-03-27,2541.47,842.54,65.54,133.37,98.365,817.48,0.6746,0.2418,1.2635,0.0976966850944745,0.0477800400067334,-0.00759997578125837,-0.0370208225492661,-0.0442656592705886,0.0435280632842998,-0.1708,-0.0716,-0.1534
2020-04-03,2488.65,831.72,46.8,88.33,100.576,814.29,0.5948,0.2289,1.2094,-0.0210022590070906,-0.0129252931263979,-0.336777440347068,-0.412047419877263,0.0222286108869287,-0.00390986972896279,-0.0798,-0.0129,-0.0541
2020-04-10,2789.82,888.16,41.67,65.01,99.482,831.85,0.7191,0.2254,1.3435,0.11423668284765,0.0656560612239572,-0.116101757489239,-0.306538696540663,-0.0109369373384203,0.0213355681943792,0.1243,-0.0035,0.1341
2020-04-17,2874.56,901.31,38.15,74.39,99.782,837.85,0.6417,0.2019,1.2601,0.0299225414357176,0.0146973536438404,-0.0882556877038963,0.134780419986873,0.00301108305228759,0.00718695074098097,-0.0773999999999999,-0.0235,-0.0833999999999999
2020-04-24,2836.74,879.41,35.93,69.84,100.38,824.85,0.6008,0.2245,1.1696,-0.0132441135367918,-0.0245980325140511,-0.0599531566050389,-0.0631146126719031,0.00597517789776259,-0.0156375352247995,-0.0409000000000001,0.0226,-0.0905
2020-05-01,2830.71,916.77,37.19,66.09,99.079,838.59,0.6118,0.19,1.2486,-0.00212794194051558,0.041605394840353,0.0344673068115515,-0.0551894620489861,-0.0130454725108207,0.0165203584073312,0.011,-0.0345,0.079
2020-05-08,2929.8,911.65,27.98,48.11,99.734,851.3,0.6831,0.1568,1.3828,0.0344065977321355,-0.00560047842677935,-0.284549938699644,-0.317527393770999,0.00658913018588336,0.0150426828607468,0.0713,-0.0332,0.1342
2020-05-15,2863.7,901.16,31.89,57.4,100.402,858.37,0.6428,0.1451,1.3266,-0.0228196663050033,-0.0115733221762717,0.130802511784631,0.176554247614158,0.00667548547609709,0.00827064907391062,-0.0403,-0.0117,-0.0562
2020-05-22,2955.45,905.25,28.16,56.53,99.863,885.72,0.6591,0.1676,1.3705,0.03153642851942,0.00452832633680877,-0.124389949732125,-0.0152728326383214,-0.00538288069785509,0.0313656316060396,0.0163,0.0225,0.0439000000000001
2020-05-29,3044.31,930.35,27.51,51.67,98.344,888.13,0.6526,0.1603,1.4064,0.029623350970807,0.0273497107878997,-0.0233529563533583,-0.0898941283881061,-0.0153277103150522,0.0027172551036978,-0.00650000000000006,-0.0073,0.0359
2020-06-05,3193.93,1002.65,24.52,51.55,96.937,909.93,0.8951,0.2062,1.6656,0.0479778589612288,0.0748409144893918,-0.115060463868473,-0.00232513183612459,-0.014410253404189,0.0242495448015818,0.2425,0.0459,0.2592
2020-06-12,3041.31,987.01,36.09,61.97,97.319,909.5,0.7034,0.193,1.4568,-0.0489637898090365,-0.0157216028286271,0.386526707586687,0.184098186511047,0.00393295952148964,-0.000472675517064758,-0.1917,-0.0132,-0.2088
2020-06-19,3097.74,1001.36,35.12,55.81,97.623,918.15,0.6937,0.1855,1.4582,0.0183844697088418,0.0144341839253528,-0.0272450498877812,-0.104697332173674,0.00311887891195983,0.0094657780070122,-0.00970000000000004,-0.00750000000000001,0.00139999999999985
2020-06-26,3009.05,998.9,34.73,53.4523,97.433,919.1,0.6413,0.1661,1.3701,-0.0290483990337229,-0.00245968148166398,-0.0111669020109333,-0.0431633973851171,-0.00194815909372359,0.00103415439887478,-0.0524,-0.0194,-0.0880999999999999
2020-07-03,3130.01,1033.09,27.68,51.21,97.172,927.02,0.6693,0.1526,1.4272,0.0394117851090687,0.0336549166653759,-0.226893736006514,-0.0428548419407657,-0.0026823581767399,0.00858020994208619,0.028,-0.0135,0.0570999999999999
2020-07-10,3185.04,1069.27,27.29,50.96,96.652,927.98,0.6447,0.1529,1.3359,0.0174286483798305,0.0344218614281635,-0.0141897960292217,-0.00489381421055102,-0.00536570546062887,0.00103504052367143,-0.0246,0.000299999999999995,-0.0912999999999999
2020-07-17,3224.73,1055.06,25.68,49.19,95.942,934.6,0.6266,0.1451,1.3289,0.0123843779977442,-0.0133785353007152,-0.0608078558984864,-0.0353506604566598,-0.00737305644426289,0.00710844943650457,-0.0181,-0.0078,-0.00700000000000012
2020-07-24,3215.63,1060.47,25.84,45.68,94.435,946.62,0.5888,0.1473,1.2293,-0.00282593086596528,0.00511456873054073,0.00621120009264065,-0.0740297854594934,-0.0158320750711356,0.0127791152310914,-0.0378000000000001,0.00219999999999998,-0.0995999999999999
2020-07-31,3271.12,1078.92,24.46,42.48,93.349,953.47,0.5282,0.1054,1.1925,0.0171091389653224,0.0172483347232131,-0.0548845486553748,-0.0726271884140717,-0.011566609590246,0.00721021601714611,-0.0606,-0.0419,-0.0368000000000002
2020-08-07,3351.28,1089.32,22.21,41.98,93.435,966.03,0.564,0.129,1.2336,0.0242099284995216,0.00959310755011256,-0.0964964923526903,-0.0118400625411965,0.000920849816655078,0.0130869281163513,0.0357999999999999,0.0236,0.0411000000000001
2020-08-14,3372.85,1093.16,22.05,41.46,93.096,962.16,0.7094,0.145,1.4471,0.0064157218815577,0.0035189362216661,-0.00723003601348093,-0.0124642073848533,-0.00363478856844246,-0.00401413262855321,0.1454,0.016,0.2135
2020-08-21,3397.16,1091.85,22.54,43.09,93.247,960.92,0.6282,0.1432,1.3407,0.00718170415880159,-0.00119907932408392,0.021978906718775,0.0385618446201135,0.00162066761886326,-0.00128959811536689,-0.0812000000000001,-0.0018,-0.1064
2020-08-28,3508.01,1121.6,22.96,45.14,92.371,957.11,0.7211,0.127,1.501,0.0321091366810631,0.026882732047949,0.0184620628397356,0.0464778197616429,-0.00943880985295564,-0.00397283151069061,0.0929,-0.0162,0.1603
2020-09-04,3426.96,1099.5,30.75,48.19,92.719,967.98,0.718,0.1428,1.4714,-0.0233753543249993,-0.0199007062855099,0.292136422801161,0.0653827592628518,0.00376033724203229,0.0112930985298041,-0.00309999999999999,0.0158,-0.0295999999999999
2020-09-11,3340.97,1091.79,26.87,47.04,93.333,962.8,0.6658,0.127,1.4116,-0.0254123868212091,-0.00703697987576835,-0.134879571625127,-0.0241532270618698,0.00660032925247478,-0.00536571999719104,-0.0522,-0.0158,-0.0598000000000001
2020-09-18,3319.47,1108.53,25.83,43.12,92.926,958.14,0.6937,0.1391,1.4532,-0.0064560523562136,0.0152162621705649,-0.0394738155196506,-0.0870113769896301,-0.00437026557408426,-0.00485180082808601,0.0279,0.0121,0.0416000000000001
2020-09-25,3298.46,1059.1,26.38,37.24,94.642,940.23,0.6544,0.1289,1.4007,-0.00634943874760019,-0.0456153224399891,0.0210695401814194,-0.146603474191875,0.018297874668173,-0.0188693788951948,-0.0393,-0.0102,-0.0525
2020-10-02,3348.44,1081.71,27.63,36.97,93.844,941.55,0.7005,0.1289,1.4868,0.0150388728534825,0.0211236314512933,0.0462959916461565,-0.00727667946032584,-0.00846752297756037,0.00140292724601476,0.0461,0,0.0860999999999999
2020-10-09,3477.13,1122.51,25,39.97,93.057,955.17,0.7737,0.1529,1.5717,0.0377126751436681,0.0370241269617795,-0.100026314067124,0.0780223997746918,-0.00842162055212814,0.0143618816782993,0.0732,0.024,0.0849000000000002
2020-10-16,3483.81,1124.08,27.41,57.52,93.682,955.38,0.7456,0.1431,1.5287,0.00191928160580623,0.00139767403538826,0.092032085446494,0.364003540689559,0.00669385970510295,0.000219831986439267,-0.0281,-0.0098,-0.0430000000000002
2020-10-23,3465.39,1136.45,27.55,57.25,92.768,945.14,0.8429,0.1554,1.641,-0.00530134206526434,0.0109444453060839,0.00509462528422899,-0.00470507097844219,-0.00980431559644845,-0.0107761024273518,0.0972999999999999,0.0123,0.1123
2020-10-30,3269.96,1103.46,38.02,58.46,94.038,940.35,0.8737,0.1525,1.6598,-0.0580474280022383,-0.0294586708652238,0.32210980146136,0.0209151172487507,0.0135972031607405,-0.00508091828095036,0.0308000000000001,-0.00290000000000001,0.0187999999999999
2020-11-06,3509.44,1176.36,24.86,61.91,92.229,961.77,0.8185,0.1527,1.6,0.0706787281712629,0.0639742273226904,-0.424852250977718,0.0573389578480406,-0.0194243411702075,0.0225231904531018,-0.0552,0.000200000000000006,-0.0597999999999999
2020-11-13,3585.15,1188.35,23.1,39.88,92.755,971.56,0.8963,0.179,1.6469,0.0213438335907501,0.0101408652657407,-0.0734274685548173,-0.439806772437503,0.00568699366055814,0.0101276902339187,0.0778,0.0263,0.0468999999999999
2020-11-20,3557.54,1209.26,23.7,42.95,92.392,976.07,0.8243,0.1573,1.5196,-0.00773101941078025,0.0174428119301124,0.0256424306133378,0.0741617033366269,-0.00392121357755038,0.00463127807760966,-0.072,-0.0217,-0.1273
2020-11-27,3638.35,1230.72,20.84,42.31,91.79,977.93,0.8373,0.1524,1.5699,0.0224609874056672,0.0175907617028725,-0.128600831255919,-0.0150131836982883,-0.0065370355817862,0.00190378767838606,0.013,-0.00489999999999999,0.0503
2020-12-04,3699.12,1251.04,20.79,39.64,90.701,984.42,0.9659,0.1507,1.7344,0.0165646713490926,0.0163758414158437,-0.0024021150152449,-0.065184755270189,-0.0119349768123636,0.00661454242374227,0.1286,-0.00170000000000001,0.1645
2020-12-11,3663.46,1257.66,23.31,43.89,90.976,986.02,0.8964,0.115,1.627,-0.00968689748670215,0.0052776460843198,0.114410351177744,0.101847794238355,0.00302735304995316,0.00162400311773148,-0.0695,-0.0357,-0.1074
2020-12-18,3709.41,1268.36,21.57,47.52,90.016,992.16,0.9462,0.121,1.6918,0.0124647782854588,0.0084718759132798,-0.0775789926466004,0.079464171354247,-0.0106083031611428,0.00620774622899045,0.0498000000000001,0.00599999999999999,0.0648
2020-12-25,3703.06,1255.2,21.53,44.64,90.223,991.8,0.9231,0.1189,1.6602,-0.00171332944440117,-0.0104298049549811,-0.00185614902479347,-0.062520356981334,0.00229695117050888,-0.000362910546534145,-0.0231,-0.00209999999999999,-0.0316000000000001
2021-01-01,3756.07,1291.75,22.75,42.11,89.937,995.16,0.9132,0.1211,1.6449,0.0142136931412704,0.0287029657484714,0.0551178340206877,-0.0583450758992195,-0.00317495826208436,0.00338205419607895,-0.00990000000000002,0.00219999999999999,-0.0152999999999999
2021-01-08,3824.68,1353.53,21.56,48.98,90.098,987.11,1.1153,0.1329,1.8733,0.0181016056280132,0.0467181063994619,-0.0537253993561633,0.151126809350186,0.00178854159378261,-0.00812204619273782,0.2021,0.0118,0.2284
2021-01-15,3768.25,1358.03,24.34,44.81,90.772,980.6,1.0835,0.133,1.8331,-0.0148641009395742,0.00331912561862691,0.121281341518585,-0.08898072272597,0.00745290119772246,-0.00661685284124136,-0.0318000000000001,0.000100000000000017,-0.0402
2021-01-22,3841.47,1392.85,21.91,45.14,90.238,982.83,1.0855,0.1209,1.8466,0.0192444031371242,0.0253168875329193,-0.105177933952006,0.00733744259133795,-0.00590024362380071,0.00227153599453622,0.002,-0.0121,0.0135000000000001
2021-01-29,3714.24,1329.57,33.09,43.09,90.584,984.36,1.0655,0.1093,1.8291,-0.033681024647505,-0.0464964260485665,0.412287968326146,-0.0464778197616429,0.00382697262816301,0.00155551859098946,-0.02,-0.0116,-0.0175000000000001
2021-02-05,3886.83,1395.35,20.87,47.41,91.042,989.82,1.1635,0.1013,1.9711,0.0454198341868537,0.0482896981739254,-0.460918400844412,0.0955422252862799,0.00504334149053509,0.00553142461322942,0.0980000000000001,-0.00799999999999999,0.142
2021-02-12,3934.83,1428.87,19.97,47.2,90.48,986.65,1.2082,0.109,2.0086,0.0122737635181203,0.023738642239751,-0.0440815736613853,-0.00443928432251717,-0.0061921066944084,-0.00320774180045369,0.0447,0.0077,0.0374999999999999
2021-02-19,3906.71,1430.03,22.05,47.01,90.364,975.56,1.3364,0.1048,2.1335,-0.00717209133368435,0.000811500971463097,0.0990814544651313,-0.00403354755547047,-0.00128287381288938,-0.0113037015242137,0.1282,-0.0042,0.1249
2021-02-26,3811.15,1339.26,27.95,60.43,90.879,959.23,1.4049,0.127,2.1513,-0.0247646067041636,-0.0655782004558994,0.237104597708253,0.251125325337428,0.00568299339619927,-0.0168807858036164,0.0685,0.0222,0.0177999999999998
2021-03-05,3841.94,1339.31,24.66,75.66,91.977,951.37,1.5661,0.1369,2.2974,0.00804646649295826,3.73333532488473e-05,-0.12523470186491,0.224763948831415,0.0120095944026559,-0.00822782826503499,0.1612,0.00989999999999999,0.1461
2021-03-12,3943.34,1348.2,20.69,69.37,91.679,950.96,1.6247,0.147,2.3776,0.0260506325796275,0.00661581346711415,-0.175532005978746,-0.0867951218076728,-0.00324520039125176,-0.000431050350200302,0.0586,0.0101,0.0802000000000001
2021-03-19,3913.1,1336.84,20.95,70.83,91.919,953.65,1.721,0.1492,2.4333,-0.00769818119659327,-0.00846174938354061,0.0124881546106947,0.0208281423683214,0.0026144090535043,0.00282472715006676,0.0963000000000001,0.00220000000000001,0.0556999999999999
2021-03-26,3974.54,1307.48,18.86,68.8,92.766,953.35,1.676,0.1387,2.3781,0.0155791193981614,-0.0222069995808232,-0.105095369162835,-0.0290788948262337,0.00917243889242858,-0.000314630311982533,-0.0450000000000002,-0.0105,-0.0552000000000001
2021-04-02,4019.87,1338.23,17.33,61.49,93.022,953.46,1.7216,0.1862,2.3564,0.0113405456601772,0.0232462248161243,-0.0846041734777967,-0.11232918497392,0.00275583096882759,0.000115375942146834,0.0456000000000001,0.0475,-0.0217000000000001
2021-04-09,4128.8,1330.36,16.69,63.71,92.163,959.31,1.6585,0.1548,2.3293,0.0267372440528035,-0.00589826298989671,-0.0376293660537708,0.0354669761630184,-0.00927727581623294,0.00611680258466407,-0.0630999999999999,-0.0314,-0.0270999999999999
2021-04-16,4185.47,1348.69,16.25,61.21,91.556,973.1,1.5798,0.1612,2.2649,0.0136321956374683,0.0136841686667797,-0.0267168288979973,-0.0400309612654182,-0.00660794157070477,0.0142725757906792,-0.0787,0.00640000000000002,-0.0644
2021-04-23,4180.17,1353.02,17.33,62.57,90.859,973.23,1.5577,0.1575,2.2339,-0.00126708792372199,0.00320538007955484,0.0643461949517681,0.0219753551472941,-0.00764195260291967,0.000133584746875748,-0.0221,-0.00370000000000001,-0.0309999999999997
2021-04-30,4181.17,1347.61,18.61,59.98,91.28,971.04,1.6259,0.1584,2.2967,0.000239196110856099,-0.00400647792308728,0.0712599669266449,-0.0422747566894097,0.00462285122633777,-0.00225277448727468,0.0681999999999998,0.000900000000000012,0.0627999999999997
2021-05-07,4232.6,1348.57,16.69,58.13,90.233,977.6,1.5771,0.1448,2.2769,0.0122253497672329,0.000712118657188121,-0.108889332980416,-0.0313292916076033,-0.0115364917348364,0.00673292632978662,-0.0488,-0.0136,-0.0198
2021-05-14,4173.85,1307.53,18.81,54.13,90.321,975.05,1.6284,0.147,2.3401,-0.0139775901862649,-0.0309049105351127,0.119578905639195,-0.0712933209043727,0.000974777706038488,-0.00261183668308185,0.0513000000000001,0.00219999999999998,0.0632000000000001
2021-05-21,4155.86,1330.04,20.15,54.99,90.017,976.99,1.6216,0.1533,2.3176,-0.00431948482513,0.0170691557249949,0.0688156450797526,0.0157627897108363,-0.00337145014312856,0.00198766484161705,-0.00680000000000014,0.0063,-0.0225
2021-05-28,4204.11,1360.78,16.76,54.59,90.031,981.34,1.5943,0.1407,2.2824,0.0115432317961837,0.0228490477852068,-0.184209193338755,-0.00730063472605647,0.000155514085446562,0.004442568059976,-0.0272999999999999,-0.0126,-0.0352000000000001
2021-06-04,4229.89,1381.56,16.42,52.04,90.136,984.31,1.5534,0.1448,2.2313,0.00611336976291987,0.0151552307368465,-0.0204949910296546,-0.0478380621493622,0.00116558539452427,0.00302190345193143,-0.0409000000000002,0.00410000000000002,-0.0510999999999999
2021-06-11,4247.44,1381.99,15.65,49.78,90.555,993.77,1.4518,0.1469,2.1379,0.00414046051580819,0.000311193937847953,-0.0480291870381202,-0.0443993567048584,0.00463776005463501,0.00956490346441008,-0.1016,0.00209999999999999,-0.0933999999999999
2021-06-18,4166.45,1361.25,20.7,50.85,92.225,990.24,1.4381,0.2541,2.0127,-0.0192520942196346,-0.0151210941642512,0.279662783285161,0.0212668255551232,0.0182738425662397,-0.0035584535611326,-0.0137,0.1072,-0.1252
2021-06-25,4280.7,1379.59,15.62,60.45,91.851,987.85,1.5241,0.2661,2.1487,0.0270521933344039,0.0133829583114258,-0.281581555859784,0.172936454566233,-0.00406354456459468,-0.00241647363163722,0.0860000000000001,0.012,0.136
2021-07-02,4352.34,1355.38,15.07,55.58,92.226,988.07,1.4238,0.2336,2.0404,0.0165970838795406,-0.0177044957570995,-0.0358461317731358,-0.0839931527464444,0.00407438755270562,0.000222681081125664,-0.1003,-0.0325,-0.1083
2021-07-09,4369.55,1318.17,16.18,52.41,92.13,990.7,1.3595,0.2126,1.9889,0.00394639747480952,-0.0278374467486326,0.0710698989919418,-0.058726011500283,-0.00104146335000976,0.0026582185384445,-0.0643,-0.021,-0.0515000000000001
2021-07-16,4327.16,1340.08,18.45,59.92,92.687,993.42,1.2903,0.2215,1.9192,-0.00974859129733474,0.0164849026025671,0.13128845885619,0.13391292639489,0.00602760229209309,0.00274177136858977,-0.0691999999999999,0.00889999999999999,-0.0696999999999999
2021-07-23,4411.79,1311.3,17.2,58.24,92.912,992.69,1.2763,0.1981,1.9151,0.0193690651174734,-0.021710302118052,-0.0701549866671289,-0.0284379353205342,0.00242458321676065,-0.000735105339455089,-0.014,-0.0234,-0.00409999999999999
2021-07-30,4395.26,1277.8,18.24,65.28,92.174,992.66,1.2223,0.1839,1.8922,-0.0037538152753811,-0.0258791623691357,0.0587076008267782,0.114113306767421,-0.00797471349700452,-3.02213715492883e-05,-0.0540000000000001,-0.0142,-0.0228999999999999
2021-08-06,4436.52,1292.53,16.15,61.19,92.8,994.23,1.2969,0.2083,1.9454,0.00934359781963856,0.011461688776695,-0.12169693497752,-0.0647019331814018,0.00676854465946519,0.00158035958383351,0.0746,0.0244,0.0531999999999999
2021-08-13,4468,1280.86,15.45,62.64,92.518,992.05,1.2767,0.2071,1.9291,0.0070705958657058,-0.00906981063823586,-0.044311046324911,0.0234202742080987,-0.00304341961025312,-0.00219505897992356,-0.0202,-0.00120000000000001,-0.0163
2021-08-20,4441.67,1220.78,18.56,55.45,93.496,994.38,1.255,0.2241,1.8688,-0.00591044935439378,-0.0480417286105768,0.1833997240143,-0.121922337886172,0.010515434448954,0.00234591812302742,-0.0217000000000001,0.017,-0.0603
2021-08-27,4509.37,1272.67,16.39,59.95,92.686,998.46,1.307,0.2151,1.9167,0.0151270223258138,0.041627057090369,-0.124337334602316,0.0780291676771476,-0.00870121827566006,0.00409466459980035,0.0520000000000001,-0.00899999999999998,0.0479000000000001
2021-09-03,4535.43,1315.91,16.41,57.98,92.035,1004.09,1.3223,0.2061,1.942,0.00576244297536199,0.0334113857023795,0.00121951234626083,-0.0334127579800141,-0.00704849687051024,0.00562284570507643,0.0153000000000001,-0.00900000000000001,0.0252999999999999
2021-09-10,4458.58,1308.94,20.95,53.26,92.582,1004.08,1.3411,0.2127,1.9337,-0.01708956746746,-0.00531079214592367,0.244247741266147,-0.0849125431077233,0.00592579882309874,-9.95931619307555e-06,0.0187999999999999,0.00659999999999999,-0.00829999999999997
2021-09-17,4432.99,1279.35,20.81,51.73,93.195,1002.39,1.3616,0.2217,1.8989,-0.00575602973461109,-0.0228655129097222,-0.00670500596260348,-0.0291476963703627,0.00659933387598244,-0.00168455087755603,0.0205,0.00900000000000001,-0.0347999999999999
2021-09-24,4455.48,1265.1,17.75,56.06,93.327,989.99,1.4509,0.2695,1.9833,0.0050604992748724,-0.0112009660126047,-0.159048124484118,0.0803846617212183,0.00141538287211596,-0.0124475854071155,0.0893000000000002,0.0478,0.0844
2021-10-01,4357.04,1246.6,21.15,58.46,94.035,980.77,1.4616,0.2638,2.0287,-0.0223418715045014,-0.0147313250458732,0.175254389570862,0.0419202139464581,0.00755759833815883,-0.0093568646290656,0.0106999999999999,-0.00570000000000004,0.0454000000000001
2021-10-08,4391.34,1257.04,18.77,57.38,94.067,975.49,1.6118,0.3178,2.164,0.00784149196899797,0.00833990550712649,-0.119380054893869,-0.0186469491298809,0.000340240936393066,-0.00539806858108616,0.1502,0.0540000000000001,0.1353
2021-10-15,4471.37,1283.67,16.3,59.65,93.937,980.35,1.5703,0.3949,2.0414,0.0180604296724329,0.0209634119896736,-0.141094742785701,0.0387983379907064,-0.00138294951936402,0.00496974190406352,-0.0414999999999999,0.0771,-0.1226
2021-10-22,4544.9,1293.14,15.43,62.7,93.642,976.68,1.6324,0.4534,2.0683,0.0163108758237023,0.00735020636764983,-0.0548514414376475,0.0498672990949496,-0.00314534402259881,-0.00375058563448061,0.0621,0.0585000000000001,0.0268999999999999
2021-10-29,4605.38,1264.75,16.26,72.04,94.123,981.86,1.5521,0.497,1.9328,0.0132194601166802,-0.022198895067155,0.0523944377445953,0.13886007266888,0.00512343676586369,0.00528966687254417,-0.0803000000000001,0.0436,-0.1355
2021-11-05,4697.53,1264.07,16.48,75.45,94.32,987.51,1.4513,0.4008,1.887,0.0198116533569728,-0.000537800251808385,0.013439420361661,0.0462486649061029,0.00209081867478034,0.00573789130678737,-0.1008,-0.0962,-0.0458000000000001
2021-11-12,4682.85,1285.48,16.29,66.9,95.128,982.71,1.5613,0.5115,1.9308,-0.00312993972193354,0.0167955155160984,-0.0115961018673718,-0.120271218079675,0.00853009690616169,-0.00487256194408747,0.11,0.1107,0.0438000000000001
2021-11-19,4697.96,1269.22,17.91,78.61,96.031,979.66,1.5462,0.5067,1.91,0.00322147300019715,-0.0127296508936814,0.0948077934586666,0.161299950671483,0.00944770287286012,-0.00310848867026792,-0.0150999999999999,-0.00479999999999992,-0.0208000000000002
2021-11-26,4594.62,1223.13,28.62,73.39,96.089,962.89,1.4731,0.498,1.8213,-0.0222423181365716,-0.0369893915110415,0.468746558055684,-0.0687112312486944,0.000603789316698133,-0.0172663937940394,-0.0730999999999999,-0.00870000000000004,-0.0887
2021-12-03,4538.43,1224.64,30.67,89.45,96.117,973.61,1.343,0.5873,1.6727,-0.0123049165350189,0.00123377620572551,0.0691792039978556,0.197892123397757,0.000291354070092176,0.0110716338812686,-0.1301,0.0893000000000001,-0.1486
2021-12-10,4712.02,1238.54,18.69,79.14,96.097,978.37,1.4837,0.6543,1.8777,0.0375355535549549,0.0112863433041648,-0.495296356658689,-0.12246137399745,-0.000208101387746851,0.0048771088179036,0.1407,0.067,0.205
2021-12-17,4620.64,1216.3,21.57,74.36,96.565,976.2,1.4021,0.6376,1.8064,-0.0195834671844111,-0.0181198029171119,0.143314838933593,-0.062300273104035,0.00485825871738221,-0.00222043814401207,-0.0816000000000001,-0.0167,-0.0712999999999999
2021-12-24,4725.79,1220.55,17.96,72.46,96.019,974.59,1.4927,0.6881,1.9052,0.0225015190992082,0.00348811318638553,-0.183156397527012,-0.0258834773863121,-0.00567026817298011,-0.00165061371602349,0.0906,0.0505000000000001,0.0988
2021-12-31,4766.18,1232.01,17.22,77.29,95.67,977.29,1.5101,0.7322,1.9032,0.00851040274606163,0.00934540513286386,-0.042075563874469,0.064529895651849,-0.00364131886150698,0.00276656528282793,0.0174000000000001,0.0440999999999999,-0.002
2022-01-07,4677.03,1226.1,18.76,77.1,95.719,962.13,1.762,0.8621,2.1159,-0.0188818523919476,-0.00480858170529874,0.0856554445784941,-0.00246130054949667,0.000512046158040569,-0.0156338583489397,0.2519,0.1299,0.2127
2022-01-14,4662.85,1257.46,19.19,74.69,95.165,950.8,1.7841,0.9668,2.1219,-0.00303644391468794,0.0252554130845022,0.02266236644153,-0.0317570662003082,-0.00580458870836953,-0.011845841184873,0.0221,0.1047,0.00600000000000023
2022-01-21,4397.94,1244.31,28.85,76.59,95.642,952.01,1.7581,1.0014,2.071,-0.0584905997019671,-0.0105126539264404,0.4077206829345,0.0251203055525266,0.00499982698413426,0.00127180345183842,-0.026,0.0346000000000001,-0.0509
2022-01-28,4431.85,1191.14,27.66,81.03,97.27,948.76,1.7694,1.1623,2.0733,0.00768085463218604,-0.0436703276706032,-0.0421226667174963,0.0563529365511322,0.0168785627574675,-0.0034196700991318,0.0113000000000001,0.1609,0.00229999999999997
2022-02-04,4500.53,1221.1,23.22,85.29,95.485,946.62,1.9085,1.3099,2.2101,0.0153780635119016,0.0248412601131767,-0.174973349966867,0.0512377578583845,-0.0185214497939716,-0.00225812334132858,0.1391,0.1476,0.1368
2022-02-11,4418.64,1240.51,27.36,87.68,96.082,937.5,1.9371,1.4997,2.2385,-0.0183632111838712,0.0157704935260066,0.164068116484604,0.0276366088686872,0.00623282645437939,-0.00968098765285141,0.0286,0.1898,0.0284
2022-02-18,4348.87,1231.77,27.75,94.03,96.043,934.26,1.9286,1.4654,2.2399,-0.0159159151953734,-0.0070704260116381,0.0141537474380939,0.0699200570892797,-0.000405985691978472,-0.00346198576317747,-0.00849999999999995,-0.0343,0.00139999999999985
2022-02-25,4384.65,1171.99,27.59,94.36,96.615,905.11,1.9617,1.5697,2.2738,0.00819376383914161,-0.0497490006759964,-0.005782451963249,0.00350337425048863,0.00593800081718587,-0.0316982888063695,0.0330999999999999,0.1043,0.0339
2022-03-04,4328.87,1144.91,31.98,93.34,98.648,867.84,1.7307,1.4759,2.1554,-0.0128032670997875,-0.0233771273984438,0.147657319176614,-0.0108685140178046,0.0208239499012652,-0.0420491174030975,-0.231,-0.0938000000000001,-0.1184
2022-03-11,4204.31,1085.66,30.75,131.82,99.124,865.06,1.9917,1.748,2.3537,-0.0291963483868987,-0.053137934309837,-0.0392207131532816,0.345188615102904,0.00481363306351224,-0.00320849718377492,0.261,0.2721,0.1983
2022-03-18,4463.12,1122.98,23.87,99.03,98.233,881.71,2.1494,1.9362,2.4202,0.0597378834373288,0.033797769171783,-0.253267553901788,-0.286014521091362,-0.00902938384326202,0.0190643350667292,0.1577,0.1882,0.0665
2022-03-25,4543.06,1125.01,20.81,91.77,98.789,869.47,2.4731,2.2696,2.5846,0.0177527207925703,0.00180605834705272,-0.137188799945196,-0.07613738770229,0.00564405473463836,-0.0139793731434601,0.3237,0.3334,0.1644
2022-04-01,4545.86,1145.85,19.63,125.27,98.632,877.27,2.3822,2.4564,2.4317,0.000616134829787285,0.0183547951675749,-0.0583746321171734,0.311185961025179,-0.00159050995686627,0.00893098211012333,-0.0909,0.1868,-0.1529
2022-04-08,4488.28,1127.93,21.16,108.34,99.796,862.25,2.7,2.5115,2.7182,-0.012747373785583,-0.0157626252606615,0.0750535987017291,-0.145196977626347,0.0117323497876152,-0.0172695609045883,0.3178,0.0550999999999999,0.2865
2022-04-15,4392.59,1112.9,22.7,124.86,100.5,853.63,2.8275,2.4539,2.9147,-0.0215505245262104,-0.0134148734154369,0.0702523174972582,0.141918679403846,0.00702962514526373,-0.0100474071798837,0.1275,-0.0575999999999999,0.1965
2022-04-22,4271.78,1075.6,28.21,119.66,101.22,841.46,2.8987,2.6672,2.9444,-0.0278884281354195,-0.0340905755846705,0.217311600526548,-0.042538721671713,0.0071386382868015,-0.0143593663011714,0.0711999999999997,0.2133,0.0297000000000001
2022-04-29,4131.93,1076.19,33.4,128.12,102.959,830.19,2.9336,2.7146,2.9972,-0.0332859920392785,0.000548380664270987,0.168879374968749,0.0683129367790718,0.0170344849450599,-0.0134838880797936,0.0349000000000004,0.0474000000000001,0.0528
2022-05-06,4123.34,1031.5,30.19,128.4,103.66,818.04,3.1265,2.7308,3.2254,-0.00208109561534542,-0.0424129725476741,-0.101045156263907,0.00218306651490341,0.00678546203056918,-0.0147433550934073,0.1929,0.0162,0.2282
2022-05-13,4023.89,1004.52,28.87,121.42,104.563,814.54,2.9185,2.578,3.0786,-0.0244144181101476,-0.0265042380513405,-0.0447077500439037,-0.0558947815535724,0.00867344780309853,-0.00428769844308174,-0.208,-0.1528,-0.1468
2022-05-20,3901.36,1035.31,29.43,114.61,103.15,811.92,2.7811,2.5807,2.9859,-0.0309238861433609,0.0301910833014816,0.0192115685705376,-0.0577205491936805,-0.0136055210473982,-0.00322172357904993,-0.1374,0.00270000000000037,-0.0926999999999998
2022-05-27,4158.24,1043.17,25.72,111.1,101.668,833.39,2.7378,2.4758,2.9635,0.0637666975314559,0.00756325532872015,-0.134745662875963,-0.0311043638630233,-0.0144716369098585,0.0260999067357242,-0.0432999999999999,-0.1049,-0.0224000000000002
2022-06-03,4108.54,1060.74,24.79,98.48,102.14,827.68,2.9332,2.6525,3.0862,-0.0120241735727404,0.016702623655819,-0.0368285533223194,-0.120577214769386,0.00463181861209527,-0.00687511362108229,0.1954,0.1767,0.1227
2022-06-10,3900.86,1054.64,27.75,97.73,104.148,807.96,3.1555,3.0632,3.1935,-0.0518706926083272,-0.00576730129627201,0.112795494145344,-0.00764490752545388,0.0194685432306096,-0.0241140539100151,0.2223,0.4107,0.1073
2022-06-17,3674.84,1004.63,31.13,114.23,104.7,788.72,3.2256,3.1785,3.2795,-0.0596874473446807,-0.0485801619477559,0.114936144261073,0.156005385395112,0.0052861534263835,-0.0241011740784041,0.0701000000000001,0.1153,0.0860000000000003
2022-06-24,3911.74,1011.18,27.23,133.75,104.185,790.87,3.1301,3.0632,3.2571,0.0624726934941204,0.00649865121402549,-0.133852677767848,0.157758426030259,-0.00493095285432776,0.00272222706869307,-0.0954999999999999,-0.1153,-0.0224000000000002
2022-07-01,3825.33,992.84,26.7,127,105.138,786.21,2.8803,2.8329,3.1031,-0.0223375497293024,-0.0183037215485724,-0.0196557412794647,-0.0517852993175243,0.00910560793217385,-0.00590967301878997,-0.2498,-0.2303,-0.154
2022-07-08,3899.38,999.57,24.64,144.17,107.007,778.19,3.0803,3.1047,3.2436,0.0191728280719925,0.00675566333821465,-0.0802924267408849,0.126806072365221,0.0176204799284854,-0.0102532220158515,0.2,0.2718,0.1405
2022-07-15,3863.16,961.85,24.23,145.25,108.063,759.71,2.9152,3.1201,3.0751,-0.00933206472585546,-0.0384666731534358,-0.0167796038368846,0.00746323690820905,0.00982013750197819,-0.0240339287875999,-0.1651,0.0154000000000001,-0.1685
2022-07-22,3961.63,990.37,23.03,129.85,106.73,782.3,2.7504,2.97,2.9717,0.0251700553243026,0.0292200973277668,-0.0507938209958403,-0.112076457623264,-0.0124121094589276,0.0293015171777977,-0.1648,-0.1501,-0.1034
2022-07-29,4130.29,993.78,21.33,123.7,105.903,801.32,2.6487,2.8844,3.0097,0.0416920656881423,0.00343724351216057,-0.0766831813493347,-0.0485206587103146,-0.00777870010786153,0.0240220692224167,-0.1017,-0.0856000000000003,0.0380000000000003
2022-08-05,4145.19,1002.87,21.15,116.36,106.621,808.57,2.8268,3.2257,3.0662,0.00360100347072745,0.00910531420306437,-0.00847462699097257,-0.0611704457714417,0.00675690963597742,0.00900688744245048,0.1781,0.3413,0.0564999999999998
2022-08-12,4280.15,1016.83,19.53,122.58,105.631,820.81,2.8312,3.2422,3.1078,0.0320394298123734,0.0138240553721198,-0.0796881606036992,0.0520750444305849,-0.00932860165625105,0.015024402222255,0.00439999999999996,0.0165000000000002,0.0416000000000003
2022-08-19,4228.48,1001.46,20.6,106.28,108.169,806.91,2.9721,3.2338,3.212,-0.0121454652892261,-0.0152310095489208,0.0533393309069479,-0.142686757165973,0.0237429300943228,-0.0170795196910589,0.1409,-0.00839999999999996,0.1042
2022-08-26,4057.66,1006.5,25.56,123.81,108.803,805.92,3.0409,3.3966,3.192,-0.041236137641695,0.00502003086146452,0.215737553713799,0.152671011540988,0.00584408867905051,-0.00122765588975771,0.0688,0.1628,-0.02
2022-09-02,3924.26,972.02,25.47,122.95,109.534,789.48,3.1894,3.3873,3.3435,-0.0334286543500717,-0.0348578646994051,-0.00352734051796855,-0.00697036377039861,0.00669609577269181,-0.0206099811114333,0.1485,-0.00929999999999964,0.1515
2022-09-09,4067.36,970.29,22.79,120.72,109.003,794.79,3.3097,3.5565,3.4474,0.0358163419147424,-0.00178138449319487,-0.111179445733772,-0.018303954202608,-0.00485959855762896,0.00670342793102297,0.1203,0.1692,0.1039
2022-09-16,3873.33,944.12,26.3,121.54,109.764,782.57,3.4494,3.8671,3.5131,-0.0488795381722174,-0.027341719176567,0.143247095926126,0.00676961224761552,0.00695720167605352,-0.0154945535346389,0.1397,0.3106,0.0657000000000001
2022-09-23,3693.23,905.84,29.92,124.95,113.192,767.07,3.6846,4.2011,3.6059,-0.0476131882498105,-0.0413905867048943,0.128958213922558,0.0276702305737526,0.030752885431423,-0.0200053134118656,0.2352,0.334,0.0928
2022-09-30,3585.62,875.79,31.62,137.28,112.117,743.24,3.8286,4.2787,3.7759,-0.0295700120042834,-0.0337363538356676,0.0552626786750494,0.0941089784586904,-0.00954252300106173,-0.0315590545058715,0.144,0.0775999999999995,0.17
2022-10-07,3639.66,897.74,31.36,141.89,112.795,747.54,3.8814,4.3078,3.8417,0.0149588687765814,0.0247541579155293,-0.00825663629911899,0.0330294737795693,0.00602904294779805,0.00576880817427306,0.0528000000000004,0.0291000000000006,0.0657999999999999
2022-10-14,3583.07,863.33,32.02,148.46,113.311,732.34,4.0184,4.4959,3.9916,-0.0156702958595076,-0.0390834890714871,0.0208275120863615,0.0452634521701798,0.00456423885954038,-0.0205429285410483,0.137,0.1881,0.1499
2022-10-21,3752.75,865.04,29.69,152.89,112.012,722.8,4.2167,4.4723,4.3335,0.0462689297250822,0.00197874362312245,-0.0755504187929001,0.0294031468831211,-0.0115302422870762,-0.0131123282797052,0.198300000000001,-0.0236000000000001,0.3419
2022-10-28,3901.06,845.58,25.75,156.95,110.752,747.52,4.0123,4.4142,4.1414,0.038759406519711,-0.0227529662058066,-0.142375661665923,0.0262085747154401,-0.0113125409599171,0.0336285020416796,-0.204400000000001,-0.0580999999999996,-0.1921
2022-11-04,3770.55,884.98,24.55,144.6,110.877,747.85,4.1584,4.6584,4.2463,-0.034027431664482,0.0455422634510398,-0.0477227728692156,-0.0819559735632982,0.00112801134557472,0.000441362345582341,0.146100000000001,0.2442,0.1049
2022-11-11,3992.93,935.73,22.52,128.44,106.292,769.68,3.8125,4.3321,4.0153,0.0573044178353541,0.0557619274435837,-0.0863080509690399,-0.118509440503352,-0.0422314549844725,0.0287724209476741,-0.3459,-0.326300000000001,-0.231
2022-11-18,3965.34,943.01,23.12,111.69,106.93,782.34,3.8288,4.5329,3.926,-0.00693369552300993,0.00774991370500278,0.0262942405326871,-0.139734692668577,0.00598439095452896,0.0163145846104262,0.0163000000000002,0.2008,-0.0892999999999997
2022-11-25,4026.12,941.01,20.5,129.33,105.959,794.57,3.6776,4.4526,3.7326,0.0152115313069938,-0.00212312050962638,-0.120273157659814,0.146640100874418,-0.0091221879328236,0.0155116591591256,-0.1512,-0.0802999999999994,-0.1934
2022-12-02,4071.7,973.85,19.06,129.6,104.545,812.68,3.4862,4.2717,3.5478,0.0112574696311185,0.0343035211544338,-0.0728329879183067,0.00208550649102079,-0.013434626112355,0.0225363403068481,-0.1914,-0.1809,-0.1848
2022-12-09,3934.38,978.28,22.83,118.62,104.81,812.63,3.5783,4.3443,3.559,-0.0343072935641864,0.00453863995180104,0.180483562315648,-0.0885276775075932,0.00253158645869966,-6.15267241519391e-05,0.0920999999999998,0.0725999999999996,0.0112000000000001
2022-12-16,3852.36,957.3,22.62,132.79,104.701,814.31,3.4822,4.1783,3.5451,-0.0210673615867645,-0.0216791056754024,-0.00924098985372979,0.112843826591655,-0.00104051825283058,0.00206522747873095,-0.0960999999999999,-0.165999999999999,-0.0139
2022-12-23,3844.82,954.78,20.87,113.65,104.314,808.27,3.7472,4.3211,3.8235,-0.00195915969530169,-0.0026358745021593,-0.0805217495988653,-0.155645382703684,-0.00370308774240691,-0.00744496776554016,0.265,0.1428,0.2784
2022-12-30,3839.5,956.38,21.67,113.17,103.522,803.5,3.8748,4.4258,3.963,-0.00138463802912092,0.0016743761629634,0.0376160944591586,-0.00423243732070233,-0.00762143068270937,-0.00591897594088131,0.1276,0.104699999999999,0.1395
2023-01-06,3895.08,988.68,21.13,121.61,103.879,811.19,3.558,4.2474,3.6874,0.0143720684760851,0.0332153965023876,-0.0252349839203023,0.0719280900150583,0.00344260975196686,0.00952512016719531,-0.3168,-0.1784,-0.2756
2023-01-13,3999.09,1029.84,18.35,113.87,102.204,825.46,3.5035,4.2321,3.6103,0.0263526169732948,0.0407880092358797,-0.141064257127386,-0.0657617561703949,-0.0162559443091626,0.017438501359889,-0.0545,-0.0152999999999999,-0.0770999999999997
2023-01-20,3972.61,1036.24,19.85,113.55,102.012,832.15,3.4787,4.1702,3.6547,-0.00664352582117544,0.00619532687062208,0.0785744326326201,-0.00281417827094632,-0.00188036252372203,0.00807190632808386,-0.0247999999999999,-0.0618999999999996,0.0444
2023-01-27,4070.56,1051.19,18.51,114.76,101.927,833.97,3.5035,4.199,3.619,0.0243572727104997,0.0143240785255019,-0.0698928805477932,0.0105997225615972,-0.000833582639140573,0.0021847174560099,0.0247999999999999,0.0287999999999995,-0.0356999999999998
2023-02-03,4136.48,1038.71,18.33,100.7,102.915,838.03,3.5246,4.2886,3.614,0.0160646025038069,-0.0119432971411912,-0.00977206473379288,-0.130697191388648,0.00964653402688231,0.00485646887522329,0.0211000000000001,0.0895999999999999,-0.00500000000000034
2023-02-10,4090.46,1013.67,20.53,98.99,103.63,818.35,3.732,4.517,3.8158,-0.0111877514628222,-0.024402150210487,0.113348169179229,-0.0171269647928005,0.00692345838516228,-0.0237637814120752,0.2074,0.228400000000001,0.2018
2023-02-17,4079.09,999.42,20.02,109.63,103.862,812,3.8148,4.6169,3.8693,-0.00278350884471124,-0.0141575766787527,-0.025155457143768,0.102092224754732,0.00223623172633936,-0.00778977779021517,0.0827999999999998,0.0998999999999999,0.0535000000000001
2023-02-24,3970.04,971.87,21.67,110.11,105.214,810.82,3.9432,4.8136,3.9309,-0.0270977541083468,-0.0279530600572402,0.0791970416611934,0.00436880643905191,0.0129332763747154,-0.00145425889249839,0.1284,0.1967,0.0615999999999999
2023-03-03,4045.64,988.03,18.49,122.84,104.521,808.77,3.9517,4.8565,3.8757,0.0188635878046171,0.016491010999518,-0.158698770149234,0.109402829447122,-0.00660836314365643,-0.00253150623897369,0.00850000000000017,0.0428999999999995,-0.0551999999999997
2023-03-10,3861.59,955.28,24.8,122.52,104.576,810.89,3.6987,4.5862,3.7065,-0.0465607422590821,-0.0337085704342206,0.293613607771903,-0.00260841360804776,0.000526071643959014,0.0026178348674506,-0.253,-0.2703,-0.1692
2023-03-17,3916.64,951.56,25.51,140.06,103.708,808.99,3.4286,3.8374,3.6197,0.0141551276276157,-0.00390174814806343,0.0282268789827835,0.133796620262798,-0.00833482192522794,-0.00234585385499297,-0.2701,-0.7488,-0.0868000000000002
2023-03-24,3970.99,972.17,21.74,180.11,103.116,814.83,3.3762,3.7667,3.6438,0.0137812905003347,0.0214279432099973,-0.159916650460657,0.251496873121594,-0.00572468975316909,0.00719294648344171,-0.0524,-0.0707,0.0241000000000002
2023-03-31,4109.31,990.28,18.7,173.66,102.506,818.46,3.4676,4.0253,3.6499,0.0342396973139234,0.0184570451360218,-0.150630357832522,-0.0364684107164672,-0.00593323466845686,0.00444502320697904,0.0914000000000001,0.2586,0.00609999999999999
2023-04-07,4105.02,987.07,18.4,135.93,102.092,821.69,3.3906,3.9806,3.6076,-0.001044516202791,-0.00324677251863204,-0.016172859245601,-0.244959317285343,-0.00404696590424614,0.0039386692383161,-0.077,-0.0446999999999997,-0.0423
2023-04-14,4137.64,1000.49,17.07,139.2,101.552,822.34,3.5128,4.0989,3.7348,0.00791496198902486,0.0135042000668868,-0.0750281278085909,0.023771700553163,-0.00530338498226879,0.000790739869550805,0.1222,0.118300000000001,0.1272
2023-04-21,4133.52,980.74,16.77,118.84,101.822,815.12,3.5718,4.1816,3.7757,-0.000996232775269945,-0.0199377702120183,-0.0177309609712317,-0.158133697305913,0.00265520822354759,-0.0088185931749214,0.0590000000000002,0.0827,0.0409000000000002
2023-04-28,4169.48,977.05,15.78,120.84,101.659,822.81,3.422,4.0064,3.6733,0.00866198358171566,-0.00376956095336833,-0.060848260417389,0.0166893059240651,-0.00160211552789047,0.00938996966069716,-0.1498,-0.1752,-0.1024
2023-05-05,4136.25,981.66,17.19,122.46,101.214,822.25,3.437,3.9139,3.7535,-0.00800174754149552,0.00470718841708795,0.0855845039770298,0.0133170895313368,-0.00438698805354232,-0.000680826257560163,0.0149999999999997,-0.0925000000000002,0.0802000000000001
2023-05-12,4124.08,973,17.03,130.21,102.681,823.88,3.4625,3.9872,3.7888,-0.00294661564502796,-0.00886093403703558,-0.00935132472016109,0.0613640856908289,0.0143900077442227,0.00198040316711001,0.0255000000000001,0.0733000000000001,0.0353000000000003
2023-05-19,4191.98,977.24,16.81,120.52,103.198,814.81,3.6726,4.2659,3.9271,0.0163302114063359,0.00434818963859218,-0.0130025472540729,-0.0773328174785366,0.00502237806425754,-0.0110699310085209,0.2101,0.2787,0.1383
2023-05-26,4205.45,972.86,17.95,127.51,104.206,811.97,3.7983,4.5619,3.9607,0.00320812714196173,-0.00449208488310227,0.0656161675137637,0.0563790786333502,0.00972023622069873,-0.00349156356139879,0.1257,0.295999999999999,0.0336000000000003
2023-06-02,4282.37,984.36,14.6,145.37,104.015,822.15,3.6907,4.4969,3.8877,0.0181252914980199,0.0117514968611641,-0.206568586219997,0.131087423542783,-0.00183458972506223,0.012459466493878,-0.1076,-0.0649999999999995,-0.073
2023-06-09,4298.86,1002.33,13.83,120.95,103.557,825.6,3.7394,4.5956,3.8804,0.00384327661593886,0.0180908849385695,-0.0541813830376241,-0.183904979382198,-0.00441293376039909,0.00418753456706344,0.0486999999999997,0.0987,-0.00730000000000031
2023-06-16,4409.59,1030.03,13.54,115.77,102.243,831.21,3.7613,4.7141,3.8522,0.025431843344272,0.0272606382718852,-0.0211918781925378,-0.0437717728383991,-0.0127698528282068,0.0067720757841947,0.0219,0.1185,-0.0282
2023-06-23,4348.33,991.91,13.44,104.43,102.903,834.23,3.7347,4.7412,3.8115,-0.0139898512721288,-0.0377108296505275,-0.00741293238912544,-0.10308847372618,0.00643446401223002,0.00362667320360988,-0.0265999999999997,0.0270999999999999,-0.0406999999999997
2023-06-30,4450.38,989.48,13.59,105.74,102.912,836.35,3.8367,4.8954,3.8605,0.0231976224477233,-0.0024528247526332,0.0110988930680489,0.0124662603158461,8.74571824764914e-05,0.00253804204291441,0.102,0.1542,0.0489999999999999
2023-07-07,4398.95,980.66,14.83,110.64,102.272,825.92,4.0616,4.9459,4.0453,-0.0116236097083888,-0.00895373823632006,0.0873179279867884,0.0452984365491993,-0.00623832341269193,-0.012549269227768,0.2249,0.0504999999999996,0.1848
2023-07-14,4505.42,1028.49,13.34,130.41,99.914,846.68,3.8322,4.7656,3.9278,0.0239152403770166,0.0476211717746882,-0.105885115662363,0.164401646312307,-0.0233261147278192,0.0248249027217202,-0.229400000000001,-0.1803,-0.1175
2023-07-21,4536.34,1014.58,13.6,112.48,101.071,847.44,3.8349,4.8372,3.8974,0.0068394030652783,-0.0136169734118718,0.0193027522545286,-0.147907905606456,0.0115134241944688,0.000897221036271212,0.00270000000000037,0.0716000000000001,-0.0303999999999998
2023-07-28,4582.23,1043.2,13.33,106.66,101.622,849.54,3.9507,4.8744,4.0105,0.0100652596675967,0.0278181784359397,-0.0200526585513892,-0.0531292228898987,0.00543680696663529,0.00247498623669351,0.1158,0.0371999999999995,0.1131
2023-08-04,4478.03,1018.02,17.1,109.76,102.017,841.61,4.0338,4.7641,4.2007,-0.0230025616187763,-0.0244333478894854,0.249061329317997,0.0286499588051194,0.00387941892655252,-0.00937830248280314,0.0831000000000004,-0.1103,0.1902
2023-08-11,4464.05,997.72,14.84,115.91,102.842,843.52,4.1522,4.8947,4.2614,-0.00312679184037812,-0.0201421674583182,-0.14175222576938,0.0545178639230777,0.008054363830718,0.00226688839190192,0.118399999999999,0.1306,0.0606999999999998
2023-08-18,4369.71,964.44,17.3,112.13,103.375,828.06,4.2546,4.9425,4.3751,-0.0213597803837189,-0.0339250538119575,0.153380263764499,-0.0331551154278635,0.00516932344954491,-0.0184979969060297,0.1024,0.0477999999999996,0.1137
2023-08-25,4405.71,971.04,15.68,120.51,104.077,833.29,4.2354,5.0779,4.2841,0.00820478152728654,0.00682004007491699,-0.0983204865814717,0.0720738245665107,0.00676785646342371,0.00629610530813185,-0.0191999999999997,0.1354,-0.0910000000000002
2023-09-01,4515.77,985.68,13.09,110.37,104.236,838.17,4.1788,4.8785,4.2936,0.0246742880871693,0.0149640962288684,-0.180537435000453,-0.0878943792545073,0.00152654928763063,0.00583922303365014,-0.0566000000000004,-0.1994,0.00950000000000006
2023-09-08,4457.49,973.86,13.84,102.92,105.09,834.78,4.2641,4.9906,4.3376,-0.012989887621206,-0.0120642021713788,0.0557143702677152,-0.0698863703712496,0.008159566782596,-0.0040527267879451,0.0853000000000002,0.1121,0.0440000000000005
2023-09-15,4450.32,984.99,13.79,104.34,105.322,834.48,4.3324,5.0325,4.4172,-0.00160982363755835,0.011363932691256,-0.0036192583843131,0.0137028101807033,0.00220519831583754,-0.000359440714124304,0.0682999999999998,0.0419000000000001,0.0796000000000001
2023-09-22,4320.06,964.24,17.2,96.61,105.583,827.59,4.4337,5.1097,4.5245,-0.0297067126566422,-0.0212912625562023,0.220965692014197,-0.0769725420648282,0.00247504927088205,-0.00829091370127788,0.1013,0.0772000000000004,0.1073
2023-09-29,4288.05,952.78,17.52,101.11,106.174,817.67,4.5711,5.0436,4.6992,-0.00743720690017824,-0.0119561992233708,0.0184337016888381,0.0455267775738895,0.00558188427775885,-0.0120590304435204,0.1374,-0.0661000000000005,0.174700000000001
2023-10-06,4308.5,937.34,17.45,113.55,106.044,799.98,4.8009,5.0813,4.9676,0.00475773154940384,-0.0163379504440311,-0.0040034368598092,0.116034235448259,-0.00122515541811641,-0.0218721048674952,0.2298,0.0377000000000001,0.2684
2023-10-13,4327.78,951.31,19.32,126.64,106.648,808.7,4.6124,5.0538,4.7533,0.00446489276154161,0.0147939054755168,0.101801180135936,0.109105147021189,0.00567958948750835,0.0108412927463544,-0.1885,-0.0274999999999999,-0.2143
2023-10-20,4224.16,925.58,21.71,128.33,106.163,796.99,4.9137,5.0731,5.0755,-0.0242342839847698,-0.0274194140480608,0.116632155105828,0.0132566556836133,-0.00455804295535955,-0.0145858884417196,0.3013,0.0193000000000003,0.3222
2023-10-27,4117.37,919.78,21.27,135.45,106.559,804.1,4.8346,5.0021,5.0144,-0.025605814459384,-0.00628605702808027,-0.0204753546780547,0.0539974972747341,0.00372317350764462,0.00888150789404651,-0.0791000000000004,-0.0709999999999997,-0.0610999999999997
2023-11-03,4358.34,948.26,14.91,129.16,105.021,827.92,4.5724,4.8386,4.7666,0.0568766409033472,0.0304942152434968,-0.355265500435499,-0.0475506226410296,-0.0145384922034708,0.0291928918058142,-0.2622,-0.163500000000001,-0.2478
2023-11-10,4415.24,948.32,14.17,118.74,105.861,822.96,4.6518,5.0623,4.7618,0.0129709417959454,6.32717839694763e-05,-0.0509050750740578,-0.0841157170475455,0.00796658266372674,-0.00600893453714324,0.0793999999999997,0.2237,-0.00480000000000036
2023-11-17,4514.02,976.52,13.8,116.79,103.917,834.9,4.4354,4.8855,4.5889,0.0221259163313334,0.0293032333782701,-0.0264584615394301,-0.0165587785520547,-0.0185344092385487,0.0144043603771804,-0.2164,-0.176799999999999,-0.1729
2023-11-24,4559.34,980.33,12.46,113.11,103.403,842.72,4.4665,4.9484,4.5973,0.00998976716310374,0.00389401825829427,-0.102145078803852,-0.0320166537471849,-0.0049585283922724,0.0093227985351243,0.0311000000000004,0.0629,0.00839999999999996
2023-12-01,4594.63,982.14,12.63,107.43,103.268,855.42,4.1956,4.5384,4.3888,0.00771035404989817,0.00184461470822583,0.0135514230030926,-0.0515213238648382,-0.00130642440594819,0.0149578206588448,-0.2709,-0.41,-0.2085
2023-12-08,4604.37,975.01,12.35,111.51,104.01,864.06,4.2256,4.7209,4.3036,0.00211762227193724,-0.00728613702881109,-0.0224188732884136,0.0372748002988192,0.00715949757789414,0.0100496344434218,0.0300000000000003,0.1825,-0.0851999999999995
2023-12-15,4719.19,1000.89,12.28,121.65,102.55,886.09,3.911,4.4428,4.008,0.0246313221706256,0.0261971558114622,-0.00568414035498988,0.0870337962522614,-0.0141365638466517,0.0251763147442627,-0.3146,-0.2781,-0.2956
2023-12-22,4754.63,992.28,13.03,115.75,101.698,890.32,3.895,4.3231,4.0493,0.00748170543991478,-0.00863955764489433,0.0592824684177575,-0.0497153762631886,-0.0083428473406304,0.00476242308356145,-0.016,-0.1197,0.0412999999999997
2023-12-29,4769.83,1023.74,12.45,111.38,101.333,892.61,3.8791,4.2499,4.0282,0.00319178471097636,0.0312125415877285,-0.0455337682260373,-0.0384849148048207,-0.00359551391874202,0.00256880669377324,-0.0158999999999998,-0.0731999999999999,-0.0210999999999997
2024-01-05,4697.24,1002.08,13.35,114.62,102.412,875.46,4.0457,4.3807,4.2021,-0.0153355626681346,-0.021384748332701,0.0697957619355418,0.0286745309620686,0.0105917699804712,-0.0194002928549573,0.1666,0.1308,0.1739
2024-01-12,4783.83,996.3,12.7,116.19,102.404,885.13,3.939,4.1441,4.1751,0.0182663787158681,-0.00578470172629242,-0.0499143913817126,0.0136044730711795,-7.81188970009339e-05,0.0109850643716412,-0.1067,-0.2366,-0.0270000000000001
2024-01-19,4839.81,970.91,13.3,106.51,103.288,876.01,4.1226,4.3845,4.3285,0.0116339828597614,-0.0258146410058453,0.0461620417631625,-0.0869879047396962,0.00859542852992945,-0.0103570204792787,0.1836,0.2404,0.1534
2024-01-26,4890.97,985.1,13.26,104.97,103.433,876.9,4.1373,4.3489,4.3688,0.0105151840637738,0.0145093828166685,-0.00301205046999176,-0.0145642824073677,0.00140285722089306,0.00101545438896089,0.0146999999999995,-0.0355999999999996,0.0403000000000002
2024-02-02,4958.61,988.21,13.85,100.23,103.922,883.66,4.0199,4.3638,4.2205,0.01373481170282,0.00315206690784198,0.0435332478756312,-0.0462070500109322,0.00471655765735868,0.00767941248425075,-0.1174,0.0148999999999999,-0.1483
2024-02-09,5026.61,995.53,12.93,106.72,104.111,883.22,4.1754,4.4799,4.3722,0.0136203411123663,0.00738003289095346,-0.0687350398495816,0.0627410371305386,0.00181701991510508,-0.000498053075586036,0.1555,0.116099999999999,0.1517
2024-02-16,5005.57,1016.23,14.24,106.21,104.275,882.77,4.2792,4.6416,4.4356,-0.00419450824206891,0.0205797218111323,0.0965047132000638,-0.00479031583386469,0.00157400241723504,-0.000509629170878156,0.103800000000001,0.161700000000001,0.0633999999999997
2024-02-23,5088.8,1028.31,13.75,109.2,103.936,888.57,4.248,4.6896,4.3703,0.0164907539859183,0.0118169765047842,-0.0350160818712495,0.0277627969773562,-0.00325631498385093,0.00654873793648125,-0.0312000000000001,0.048,-0.0652999999999997
2024-03-01,5137.08,1024.68,13.11,108.31,103.861,895.15,4.1798,4.5313,4.3275,0.00944277827321471,-0.00353630926883053,-0.0476635263369718,-0.0081835774631589,-0.000721858383487373,0.00737787303770432,-0.0682,-0.158300000000001,-0.0428000000000006
2024-03-08,5123.69,1037.09,14.74,106.48,102.712,904.4,4.0749,4.4735,4.2526,-0.00260994206104037,0.0120383455699677,0.117189588985582,-0.0170403117607894,-0.0111245114268881,0.0102804384065331,-0.1049,-0.0578000000000003,-0.0748999999999995
2024-03-15,5117.09,1034.74,14.41,100.88,103.432,897.86,4.3063,4.7276,4.4289,-0.00128896449563065,-0.00226852686542856,-0.0226424767497595,-0.054025482430192,0.00698543666346918,-0.00725758626005035,0.2314,0.2541,0.176299999999999
2024-03-22,5234.18,1039.32,13.06,97.82,104.43,909.83,4.1981,4.5891,4.3779,0.0226242759411122,0.00441646571889986,-0.0983682861631459,-0.0308026365454532,0.00960259853920586,0.0132436147285615,-0.1082,-0.1385,-0.0509999999999993
2024-03-29,5254.35,1043.2,13.01,91.04,104.487,910.78,4.2003,4.62,4.3427,0.0038461109161787,0.00372625904143487,-0.00383583132387111,-0.0718300847331905,0.000545671260972824,0.00104360635855194,0.0022000000000002,0.0308999999999999,-0.0352000000000006
2024-04-05,5204.34,1045.71,16.03,86.38,104.298,907.69,4.4016,4.7505,4.5528,-0.00956341208204314,0.00240316835860099,0.208743674097048,-0.0525428028454655,-0.00181047538497214,-0.00339846461477134,0.2013,0.1305,0.210100000000001
2024-04-12,5123.41,1041.7,17.31,94.31,106.038,899.25,4.5216,4.8966,4.6294,-0.0156726598878123,-0.00384208654058682,0.0768224025666564,0.0878310610232385,0.0165453340682564,-0.0093418280403732,0.12,0.146100000000001,0.0766
2024-04-19,4967.23,1004.17,18.71,112.82,106.154,892.43,4.6207,4.9858,4.7106,-0.0309578923162235,-0.036692664363037,0.0777737710978803,0.179206399756036,0.00109334952831119,-0.00761300337038939,0.0991,0.0892,0.0811999999999999
2024-04-26,5099.96,1041.52,15.03,111.26,105.938,891.64,4.663,4.9934,4.7754,0.0263703558920536,0.0365198549617753,-0.219009936521115,-0.0139238236646824,-0.00203685263638231,-0.000885615532612682,0.0423,0.00760000000000005,0.0648
2024-05-03,5127.79,1061.45,13.49,104.4,105.03,901.21,4.5077,4.816,4.6645,0.00544207057949464,0.0189547132888697,-0.108099533545219,-0.0636401291986086,-0.0086079936929595,0.0106758411398173,-0.1553,-0.1774,-0.1109
2024-05-10,5222.68,1071.64,12.55,95.96,105.301,906.2,4.4963,4.8655,4.6386,0.0183359129646696,0.00955428745674958,-0.0722280046418713,-0.0842982374770447,0.00257689213631629,0.00552172742048906,-0.0114000000000001,0.0495000000000001,-0.0259
2024-05-17,5303.27,1099.79,11.99,94.23,104.445,913.65,4.4198,4.8245,4.5586,0.0153129313291132,0.0259290671353325,-0.0456476965383703,-0.0181928357528287,-0.00816229870838114,0.00818753371756564,-0.0764999999999994,-0.0410000000000004,-0.0800000000000001
2024-05-24,5304.72,1082.98,11.93,89.35,104.724,908.86,4.465,4.9461,4.57,0.000273378841614047,-0.0154027518603073,-0.00501673292959826,-0.053177360613228,0.00266770090655566,-0.00525649903625425,0.0451999999999995,0.121600000000001,0.0114000000000001
2024-05-31,5277.51,1048.96,12.92,83.57,104.671,907.95,4.4985,4.8727,4.6472,-0.00514259470204515,-0.0319173034943754,0.0797202622446314,-0.0668766375920926,-0.000506220312154859,-0.00100175590854334,0.0335000000000001,-0.0734000000000004,0.0771999999999995
2024-06-07,5346.99,1073.14,12.22,91.14,104.885,909.86,4.4335,4.8868,4.5546,0.0130793901821384,0.0227897333070155,-0.0557025446110067,0.0867121818223922,0.00204241419373297,0.00210143051571077,-0.0649999999999995,0.0141,-0.0926
2024-06-14,5431.6,1076.89,12.66,91.82,105.55,917.45,4.2209,4.7044,4.3488,0.0156999640852504,0.00348832695602574,0.035373462972581,0.00743335298533943,0.00632026244357675,0.00830734100944586,-0.2126,-0.1824,-0.2058
2024-06-21,5464.62,1086.93,13.2,100.16,105.796,916.76,4.2554,4.7322,4.3971,0.00606083597411278,0.00927995124505188,0.0417694128762949,0.0869387685307119,0.00232793723179459,-0.000752367539756271,0.0344999999999995,0.0278,0.0483000000000002
2024-06-28,5460.48,1086.25,12.44,94.09,105.866,913.54,4.3961,4.7535,4.5583,-0.000757887835931115,-0.000625811043901692,-0.0592997422812918,-0.0625171363331134,0.000661431929700029,-0.00351855250180044,0.1407,0.0213000000000001,0.1612
2024-07-05,5567.19,1104.88,12.48,98.59,104.875,918.99,4.2784,4.6035,4.4768,0.0193537403311144,0.0170053341900713,0.00321027563024812,0.0467180655682755,-0.0094049786684538,0.00594807841426004,-0.117699999999999,-0.149999999999999,-0.0815000000000001
2024-07-12,5615.35,1123.56,12.46,98.78,104.093,928.53,4.1829,4.4514,4.3959,0.00861348097249426,0.0167654839691247,-0.00160384958197435,0.00192531852552857,-0.00748443446290459,0.010327449544838,-0.0955000000000004,-0.152100000000001,-0.0808999999999998
2024-07-19,5505,1089.61,16.52,86.79,104.396,924.54,4.2389,4.5109,4.4468,-0.0198471491096495,-0.0306823817057822,0.282048254733525,-0.129403747456325,0.00290663021382009,-0.00430637392668665,0.0560000000000001,0.0595000000000008,0.0508999999999995
2024-07-26,5459.1,1072.28,16.39,94.29,104.316,927.16,4.1939,4.3832,4.4523,-0.00837282916947402,-0.0160326114776401,-0.00790037533709365,0.0828837318214326,-0.000766606653358259,0.0028298339346593,-0.0449999999999999,-0.1277,0.0055000000000005
2024-08-02,5346.56,1061.23,23.39,97.76,103.208,935.05,3.7904,3.8798,4.1072,-0.0208305775586055,-0.0103586098082253,0.355637187840349,0.0361403559456992,-0.0106783844620928,0.0084738533382529,-0.4035,-0.503400000000001,-0.3451
2024-08-09,5344.16,1063.43,20.37,112.26,103.135,934.8,3.9398,4.0531,4.2186,-0.000448987540655921,0.0020709203225584,-0.138245350357373,0.138302114090768,-0.000707559772277655,-0.000267401130026101,0.1494,0.1733,0.111400000000001
2024-08-16,5554.25,1093.65,14.8,108.26,102.463,944.38,3.8826,4.0497,4.1402,0.0385590245691922,0.02802119285084,-0.319436049468645,-0.0362818681452222,-0.0065370518492287,0.010196024855234,-0.0571999999999999,-0.00340000000000007,-0.0784000000000003
2024-08-23,5634.61,1100.68,15.86,102.81,100.718,952.05,3.799,3.9153,4.0908,0.0143645343286831,0.00640744468842414,0.0691730354366325,-0.0516531168142045,-0.0171772252917783,0.00808892690065211,-0.0836000000000001,-0.1344,-0.0494000000000003
2024-08-30,5648.4,1099.92,15,105.63,101.698,952.18,3.9034,3.9165,4.1955,0.00244438440917705,-0.000690720739994433,-0.0557500151044916,0.0270597972804438,0.0096831046682091,0.000136538128484354,0.1044,0.00120000000000031,0.1047
2024-09-06,5408.42,1074.89,22.38,107.77,101.177,955.63,3.708,3.6462,4.018,-0.0434153207659964,-0.0230191191242302,0.400117501781569,0.0200569047736696,-0.00513617888202678,0.00361671629845972,-0.1954,-0.2703,-0.1775
2024-09-13,5626.02,1082.3,16.56,107.24,101.114,961.88,3.6513,3.5824,3.9795,0.0394452665379514,0.00687007555635244,-0.301177553926665,-0.00493001324098241,-0.000622865100639913,0.00651889391273652,-0.0567000000000002,-0.0638000000000001,-0.0385
2024-09-20,5702.55,1106.44,16.15,100.6,100.723,968.08,3.7413,3.591,4.0833,0.0135111782372253,0.022059247685883,-0.0250700992884481,-0.0639170557021194,-0.00387441835849867,0.00642502572952708,0.0899999999999999,0.00860000000000039,0.103800000000001
2024-09-27,5738.17,1174.52,16.96,91,100.381,969.04,3.7506,3.5592,4.1038,0.0062269009459115,0.0597118994897761,0.0489375806950916,-0.100292751148789,-0.00340122851557467,0.000991162218749508,0.00930000000000009,-0.0318000000000001,0.0204999999999993
2024-10-04,5751.07,1179.34,19.21,92.53,102.52,965.63,3.9672,3.9217,4.2497,0.00224558028569888,0.00409540647013262,0.124573346416708,0.0166734097440893,0.0210849551748513,-0.00352515264231457,0.2166,0.3625,0.1459
2024-10-11,5815.03,1159.56,20.46,100.15,102.89,960.5,4.1003,3.9554,4.4106,0.011060020574936,-0.016914337147675,0.0630407837430154,0.0791361458508879,0.00360255489184791,-0.00532675585762021,0.1331,0.0337000000000001,0.1609
2024-10-18,5864.67,1155.12,18.03,118.47,103.493,963.13,4.0828,3.9483,4.3924,0.00850026950910809,-0.00383638813625353,-0.126434723308255,0.167990701854841,0.00584352118025944,0.00273441528642682,-0.0175000000000001,-0.00709999999999988,-0.0181999999999993
2024-10-25,5808.12,1134.88,20.33,123.13,104.257,955.15,4.2399,4.1046,4.4995,-0.00968927607171466,-0.0176773162091868,0.120060590425029,0.0385809438381122,0.00735502713969538,-0.00832000128537747,0.1571,0.156299999999999,0.1071
2024-11-01,5728.8,1122.28,21.88,128.4,104.282,950.51,4.3836,4.2054,4.5782,-0.0137508537554876,-0.0111645881374454,0.0734753499135255,0.041909683451081,0.000239763306813856,-0.00486971355798271,0.143700000000001,0.1008,0.0786999999999996
2024-11-08,5995.54,1135.65,14.94,132.58,104.997,960.14,4.3043,4.2539,4.4696,0.0455097747749225,0.0118428439010936,-0.381530797849109,0.0320358455573846,0.00683301030629391,0.0100804245108899,-0.0793000000000008,0.0484999999999998,-0.1086
2024-11-15,5870.62,1085,16.14,99.85,106.687,950.1,4.4394,4.3033,4.617,-0.0210556094173082,-0.045625187242865,0.0772584831371312,-0.283517176951421,0.0159675356382447,-0.0105118649498639,0.1351,0.0494000000000003,0.1474
2024-11-22,5969.34,1087.27,15.24,102.47,107.554,954.46,4.4002,4.373,4.5877,0.0166761184610778,0.00208998036734176,-0.0573771125833025,0.0259010129498023,0.00809373306682737,0.00457849331752058,-0.0392000000000001,0.0697000000000001,-0.0293000000000001
2024-11-29,6032.38,1078.57,13.51,99.14,105.737,964.44,4.1685,4.1509,4.3599,0.0105052575396005,-0.00803387765833374,-0.120493398286393,-0.0330370802191986,-0.0170381680982352,0.0104018864824029,-0.2317,-0.2221,-0.2278
2024-12-06,6090.27,1105.08,12.77,95.22,106.055,971.74,4.1529,4.1039,4.3359,0.00955078964552314,0.0242816408377076,-0.0563314819276592,-0.0403429888260547,0.00300294854356142,0.00754065695412365,-0.0156000000000001,-0.0469999999999997,-0.024
2024-12-13,6051.09,1107.01,13.81,83.2,107.003,964.32,4.3967,4.2448,4.6013,-0.00645399461021867,0.00174495657022788,0.0782942973767526,-0.13494265593921,0.00889904398086383,-0.00766508923201759,0.2438,0.140899999999999,0.265400000000001
2024-12-20,5930.85,1072.25,18.36,85.66,107.621,952.1,4.5222,4.3102,4.7204,-0.0200708794121329,-0.0319034426945137,0.284781417771144,0.029138624360062,0.00575892451922844,-0.0127531184430882,0.1255,0.0654000000000004,0.1191
2024-12-27,5970.84,1082.87,15.95,91.75,107.998,950.62,4.6253,4.3262,4.8171,0.00672007933223107,0.00985567946454946,-0.140715555961491,0.0686815147474551,0.00349691246295958,-0.00155566798948747,0.1031,0.016,0.0967000000000002
