country,year,total_exports_usd,exports_oil_crude_usd,exports_oil_refined_usd,exports_nat_gas_lng_usd,exports_energy_total_usd,exports_copper_ore_usd,exports_copper_metal_usd,exports_aluminum_usd,exports_nickel_usd,exports_steel_primary_usd,exports_steel_articles_usd,exports_iron_ore_usd,exports_gold_usd,exports_precious_total_usd,exports_wheat_usd,exports_corn_usd,exports_cereals_total_usd,exports_soybeans_usd,exports_oilseeds_total_usd,exports_live_cattle_usd,exports_meat_beef_fresh_usd,exports_meat_beef_frozen_usd,exports_livestock_total_usd,gdp_usd,share_oil_crude,share_oil_refined,share_nat_gas_lng,share_energy_total,share_copper_ore,share_copper_metal,share_aluminum,share_nickel,share_steel_primary,share_steel_articles,share_iron_ore,share_gold,share_precious_total,share_wheat,share_corn,share_cereals_total,share_soybeans,share_oilseeds_total,share_live_cattle,share_meat_beef_fresh,share_meat_beef_frozen,share_livestock_total,expgdp_oil_crude,expgdp_oil_refined,expgdp_nat_gas_lng,expgdp_energy_total,expgdp_copper_ore,expgdp_copper_metal,expgdp_aluminum,expgdp_nickel,expgdp_steel_primary,expgdp_steel_articles,expgdp_iron_ore,expgdp_gold,expgdp_precious_total,expgdp_wheat,expgdp_corn,expgdp_cereals_total,expgdp_soybeans,expgdp_oilseeds_total,expgdp_live_cattle,expgdp_meat_beef_fresh,expgdp_meat_beef_frozen,expgdp_livestock_total
AGO,2004,13253676784.371,12354817267.36,0,0,24740036292.456,0,5860.827,989204.192,4789.819,667202.349,7995897.388,0,0,765225998.147,0,12.19,152.413,0,39684.001,0,0,0,0,2.6998e+10,0.932180365370691,0,0,1.86665456649961,0,4.42203857491923e-07,7.46362091134205e-05,3.61395488808679e-07,5.03409250017911e-05,0.0006032965431471,0,0,0.0577368839301536,0,9.19744777115335e-10,1.14996768428613e-08,0,2.99418807668497e-06,0,0,0,0,0.457619722474257,0,0,0.916365519388695,0,2.17083746944218e-07,3.66399063634343e-05,1.77413845470035e-07,2.47130287058301e-05,0.000296166285947107,0,0,0.0283438031760501,0,4.51514927031632e-10,5.64534409956293e-09,0,1.46988669531076e-06,0,0,0,0
AGO,2005,23668205179.913,22217114075.799,250940703.494,51913883.341,45078545554.693,0,17843.497,383395.813,0,1867826.921,8135574.163,0,0,965812011.412,0,0,695734.298,0,0,0,0,0,0,4.1397e+10,0.938690276973535,0.0106024390775086,0.00219340177873136,1.90460346325503,0,7.53901568131732e-07,1.6198770041312e-05,0,7.89171340539674e-05,0.000343734309431481,0,0,0.0408063055086102,0,0,2.93953129403519e-05,0,0,0,0,0,0,0.536684157687731,0.00606180891112883,0.00125404940795227,1.0889326655239,0,4.31033577312366e-07,9.26143954875957e-06,0,4.51198618498925e-05,0.000196525694204894,0,0,0.0233304831609054,0,0,1.68063941348407e-05,0,0,0,0,0,0
AGO,2006,31844185776.488,30013717104.476,222421902.704,248904541.909,61033484854.296,0,39089.598,728950.917,5716.186,1538827.976,27848337.889,0,0,1144951936.604,0,0,977.638,0,3007.713,0,0,0,0,5.8654e+10,0.942517962781026,0.00698469429443613,0.00781632614682136,1.91662884027513,0,1.22752700522372e-06,2.28911777527129e-05,1.79504856557536e-07,4.83236716052632e-05,0.000874518760958922,0,0,0.0359548190253735,0,0,3.07006750576689e-08,0,9.44509312032946e-08,0,0,0,0,0.511707933039111,0.00379210118157329,0.00424360728865892,1.04056815996004,0,6.6644385719644e-07,1.24279830361101e-05,9.74560302792649e-08,2.62356868414771e-05,0.00047479008914993,0,0,0.019520440832748,0,0,1.66678828383401e-08,0,5.12789068094248e-08,0,0,0,0
AGO,2007,44177783071,42286185648,0,0,85238704875,0,0,0,0,0,0,0,0,1181943962,0,0,0,0,0,0,0,0,0,7.3038e+10,0.957182156018107,0,0,1.92944731377782,0,0,0,0,0,0,0,0,0.0267542615278011,0,0,0,0,0,0,0,0,0,0.578961439907993,0,0,1.16704598804732,0,0,0,0,0,0,0,0,0.0161825893644404,0,0,0,0,0,0,0,0,0
AGO,2008,65772699298.792,62786729938.715,784056215.169,0,127252995837.676,0,28175.778,639861.243,0,3302172.181,43588420.98,0,0,1239911709.658,0,0,23003.495,0,5907.559,0,0,0,0,9.879e+10,0.954601690489965,0.01192069389774,0,1.93473883836805,0,4.28381050198399e-07,9.72837134284607e-06,0,5.02058181617103e-05,0.000662712971258587,0,0,0.0188514645571308,0,0,3.49742298023984e-07,0,8.98177977030129e-08,0,0,0,0,0.635557545689999,0.00793659495059217,0,1.28811616396068,0,2.85208806559368e-07,6.47698393562102e-06,0,3.34261785707055e-05,0.000441223008199211,0,0,0.0125509840030165,0,0,2.32852464824375e-07,0,5.97991598339913e-08,0,0,0,0
AGO,2009,40639411732,39262457163,0,0,79055085761,0,0,0,0,0,0,0,0,813613812,0,0,0,0,0,0,0,0,0,8.1705e+10,0.966117753424177,0,0,1.94528125265039,0,0,0,0,0,0,0,0,0.0200203146976006,0,0,0,0,0,0,0,0,0,0.480539222360933,0,0,0.967567294057891,0,0,0,0,0,0,0,0,0.00995794396915733,0,0,0,0,0,0,0,0,0
AGO,2010,52612114761,50788866848,0,0,102300097501,0,0,0,0,0,0,0,0,1072039839,0,0,0,0,0,0,0,0,0,9.5547e+10,0.965345473732002,0,0,1.94442093737757,0,0,0,0,0,0,0,0,0.0203762924921367,0,0,0,0,0,0,0,0,0,0.531558990318901,0,0,1.07067827876333,0,0,0,0,0,0,0,0,0.0112200261546673,0,0,0,0,0,0,0,0,0
AGO,2011,66427390220,64140141220,0,0,129332636770,0,0,0,0,0,0,0,0,1209184374,0,0,0,0,0,0,0,0,0,1.25552e+11,0.965567682360772,0,0,1.94697753956109,0,0,0,0,0,0,0,0,0.0182030992034358,0,0,0,0,0,0,0,0,0,0.510865149260864,0,0,1.03011211904231,0,0,0,0,0,0,0,0,0.00963094474002804,0,0,0,0,0,0,0,0,0
AGO,2012,70863076413,68863266749,0,0,138571391500,0,0,0,0,0,0,0,0,1110222942,0,0,0,0,0,0,0,0,0,1.43573e+11,0.971779242939654,0,0,1.95548088672282,0,0,0,0,0,0,0,0,0.0156671569764974,0,0,0,0,0,0,0,0,0,0.479639394238471,0,0,0.965163307167782,0,0,0,0,0,0,0,0,0.00773281147569529,0,0,0,0,0,0,0,0,0
AGO,2013,67712526547,65464178236,0,0,131969566539,0,0,0,0,0,0,0,0,1156063734,0,0,0,0,0,0,0,0,0,1.53761e+11,0.966795681306628,0,0,1.9489682820711,0,0,0,0,0,0,0,0,0.017073114724165,0,0,0,0,0,0,0,0,0,0.425752812715838,0,0,0.858277238955262,0,0,0,0,0,0,0,0,0.0075185758027068,0,0,0,0,0,0,0,0,0
AGO,2014,58672369190,56439535479,0,0,113775771094,0,0,0,0,0,0,0,0,1274009584,0,0,0,0,0,0,0,0,0,1.64448e+11,0.96194403359153,0,0,1.93917124303533,0,0,0,0,0,0,0,0,0.0217139618118087,0,0,0,0,0,0,0,0,0,0.343205970756713,0,0,0.691864729847733,0,0,0,0,0,0,0,0,0.00774718807160926,0,0,0,0,0,0,0,0,0
AGO,2015,33924937478.31,31393669832.41,282327062.76,115574576.82,63686410060.84,0,529507.81,878379.9,74759.72,1128451.39,72388967.57,660.4,0,1087529125.92,0,882.18,17157787.88,0,104612.9,0,0,0,0,1.31661e+11,0.925386225176734,0.00832211003897963,0.00340677346550433,1.87727420578323,0,1.56082177111908e-05,2.58918649610362e-05,2.20368040612596e-06,3.32631825989798e-05,0.00213379811285672,1.94665060303273e-08,0,0.0320569235128382,0,2.60038799058664e-08,0.000505757391328131,0,3.08365785690495e-06,0,0,0,0,0.238443197548325,0.00214434846127555,0.000877819375669333,0.483715071743645,0,4.02175139183205e-06,6.67152687584023e-06,5.67819779585451e-07,8.57088575964029e-06,0.000549813289964378,5.01591207722864e-09,0,0.00826007037710484,0,6.70038963702235e-09,0.00013031792163207,0,7.94562550793325e-07,0,0,0,0
AGO,2016,28057499522.39,25577532560.88,237226735.54,101086721.5,51925444486.09,0,192641.41,3954503.41,149530.5,5795654.28,137327013.43,0,0,978584560.9,0,235.43,729121.46,0,27422.78,0,0,0,0,1.14764e+11,0.911611262452986,0.00845502056769856,0.00360284142281932,1.850679688853,0,6.8659507539605e-06,0.00014094283087644,5.32943072424091e-06,0.000206563463553659,0.00489448510265188,0,0,0.0348778250933974,0,8.39098294600793e-09,2.59866870680389e-05,0,9.77377901338518e-07,0,0,0,0,0.222870696044753,0.00206708319281308,0.00088082257066676,0.452454118766251,0,1.67858744902583e-06,3.44576993656547e-05,1.30293907497125e-06,5.05006298142275e-05,0.00119660358152382,0,0,0.00852692970705099,0,2.0514272768464e-09,6.35322453034053e-06,0,2.38949322087066e-07,0,0,0,0
AGO,2017,34904881109.37,31057113479.83,347951501.19,1517603634.05,65974537679.81,0,626308.06,7977792.47,125461.82,12506723.43,37069028.24,0,495.05,1131455139.46,99.01,549,18640.25,33850.98,101004.44,0,0,0,0,1.39835e+11,0.88976419608812,0.00996856285227669,0.0434782639509581,1.89012354670647,0,1.79432801400338e-05,0.000228558076018154,3.59439184470737e-06,0.000358308724525139,0.0010620012749463,0,1.41828301448392e-08,0.0324153844247379,2.83656602896783e-09,1.57284592455645e-08,5.34029895176928e-07,9.69806483337739e-07,2.89370531541177e-06,0,0,0,0,0.222098283547252,0.00248830050552437,0.0108528167772732,0.471802750955126,0,4.47890771266135e-06,5.70514711624414e-05,8.97213287088354e-07,8.94391492115708e-05,0.00026509120205957,0,3.54024385883363e-09,0.00809135866885973,7.08048771766725e-10,3.92605570851361e-09,1.33301748489291e-07,2.42078020524189e-07,7.22311581506776e-07,0,0,0,0
AGO,2018,40664718814.96,36580105348.991,268388333.118,1910332153.567,77663734866.413,0,231267.532,1051984.737,112323.569,5608919.628,26150919.025,1528853.371,0,1180883245.055,0,4552.122,395004.207,11927.742,45033.056,0,0,0,0,1.14189e+11,0.899553874095243,0.00660002923761183,0.0469776309596469,1.9098554503675,0,5.68717892904549e-06,2.58697162468265e-05,2.76218727863618e-06,0.000137930859758867,0.000643086188398269,3.75965558241498e-05,0,0.0290395035172497,0,1.11942788064363e-07,9.71368347085885e-06,2.93319180547535e-07,1.10742327286013e-06,0,0,0,0,0.320347015465509,0.00235038692972178,0.0167295637370237,0.680133242837865,0,2.02530481920325e-06,9.21266266452986e-06,9.83663654117297e-07,4.91196142185324e-05,0.000229014344858086,1.33887972659363e-05,0,0.0103414798715726,0,3.98648030896146e-08,3.45921417124241e-06,1.04456138507212e-07,3.94372978132745e-07,0,0,0,0
AGO,2019,35432454858.832,31534121190.558,257683880.824,1454541279.537,66634046914.789,0,227515.311,409632.059,65013.345,14939061.41,22578794.088,0.907,0,1229993203.036,99297.263,631485.84,2902212.468,5436.833,119645.123,0,0,0,0,9.4671e+10,0.88997844818245,0.00727253818146808,0.0410511008997853,1.88059357389344,0,6.42109929742248e-06,1.15609279862779e-05,1.83485296909352e-06,0.000421620840822894,0.000637234822649381,2.55980005792322e-11,0,0.0347137450096661,2.80243814309831e-06,1.78222435480672e-05,8.19083091917518e-05,1.53442176717959e-07,3.37670995353507e-06,0,0,0,0,0.333091666831004,0.00272188823213022,0.015364169381722,0.703848558848951,0,2.40322074341667e-06,4.32690115241204e-06,6.86729251830022e-07,0.000157799763496741,0.000238497471115759,9.58054736931056e-12,0,0.0129922912300071,1.04886673849436e-06,6.67031973888519e-06,3.06557707006369e-05,5.74287057282589e-08,1.26379908314056e-06,0,0,0,0
AGO,2020,22134505473.377,18379869211.6,159021964.165,1051448755.707,39278198089.298,0,940900.59,1955920.743,26044.03,12243325.014,17799512.113,0,0,1108221882.588,155166.037,103117.971,663703.616,0,18106.075,0,0,0,0,6.6521e+10,0.830371802690916,0.00718434682700587,0.047502699211946,1.7745234081033,0,4.25083176640969e-05,8.83652334294321e-05,1.17662579050277e-06,0.000553132981838066,0.000804152237980151,0,0,0.0500676142921264,7.0101424758114e-06,4.65869775694915e-06,2.99850212058404e-05,0,8.18002237356406e-07,0,0,0,0,0.276301757514168,0.00239055282038755,0.0158062680312533,0.590463133285699,0,1.41444143954541e-05,2.94030568241608e-05,3.91515912268306e-07,0.000184052028893131,0.000267577338178921,0,0,0.0166597297483201,2.33258725815908e-06,1.55015665729619e-06,9.97735476015093e-06,0,2.7218585108462e-07,0,0,0,0
AGO,2021,34472161956.832,27481273609.393,225752716.974,3494202000.179,62520146926.025,0,2358369.984,5494230.049,171307.51,20512769.945,23234088.08,9466679.576,3058992.774,1540458834.786,509.783,11097.908,74178.297,101.078,2721.629,0,0,0,0,8.4375e+10,0.797201917414017,0.00654884127246502,0.101363007186919,1.81364159881577,0,6.84137533048634e-05,0.000159381649920309,4.96944491658287e-06,0.000595053190185381,0.000673995675382793,0.000274618098738765,8.87380599403845e-05,0.0446870386810972,1.47882514777686e-08,3.21938264675637e-07,2.15183187793357e-06,2.93216306324435e-09,7.89515030536286e-08,0,0,0,0,0.325703983518732,0.00267558775672889,0.0414127644465659,0.740979519123259,0,2.79510516622222e-05,6.51168005807407e-05,2.03031122962963e-06,0.000243114310459259,0.000275366969837037,0.000112197683863704,3.62547291733333e-05,0.01825728989376,6.04187259259259e-09,1.31530761481481e-07,8.79150186666667e-07,1.19796148148148e-09,3.22563437037037e-08,0,0,0,0
AGO,2022,51274951711.647,40311108896.754,480172846.807,6548986938.512,94916579125.759,0,3634461.294,5568085.824,243446.821,32150650.744,26545598.181,6169054.787,5735824.587,1993273617.003,1506.098,22196.701,245482.621,5354.253,34256.653,0,0,0,0,1.42442e+11,0.786175462893657,0.00936466697242992,0.127722927470342,1.85112956633363,0,7.08818082255637e-05,0.000108592707318635,4.74787031237129e-06,0.000627024495796786,0.000517710837257994,0.000120313224704582,0.000111864066089352,0.0388742173412956,2.93729774426661e-08,4.3289560026944e-07,4.78757390900164e-06,1.04422389905124e-07,6.68097225964206e-07,0,0,0,0,0.283000160744401,0.00337100607129218,0.0459765163260274,0.666352474170252,0,2.55153767428146e-05,3.90901968801337e-05,1.70909437525449e-06,0.000225710469833336,0.000186360751611182,4.33092401609076e-05,4.0267790307634e-05,0.0139935806644318,1.05734123362491e-08,1.5582974824841e-07,1.72338650819281e-06,3.75890046475057e-08,2.40495450779967e-07,0,0,0,0
AGO,2023,39505783208.732,32047478607.041,301440756.968,2713124543.902,70177590696.133,25909.888,4141029.6,6552292.669,31863.168,52468683.467,48578269.949,3218.694,2377350.191,1593147604.984,32507.175,128174.197,553674.327,547.429,80741.818,0,0,0,0,1.12483e+11,0.811209802820907,0.00763029441475222,0.0686766423428941,1.77638778417185,6.55850508344639e-07,0.000104820845548626,0.000165856543949032,8.06544394567458e-07,0.00132812664894599,0.00122964958553872,8.14739954146402e-08,6.01772702097584e-05,0.0403269464768355,8.22845982529842e-07,3.24444135995941e-06,1.40150196257246e-05,1.38569332269054e-08,2.04379742513632e-06,0,0,0,0,0.2849095295026,0.00267987835466693,0.0241203074589227,0.623895083667159,2.30344923232844e-07,3.68147151125059e-05,5.82514039365949e-05,2.83270965390326e-07,0.000466458784589671,0.000431872104664705,2.86149373683134e-08,2.11351954606474e-05,0.0141634522993163,2.88996337224292e-07,1.13949838642284e-06,4.92229338655619e-06,4.86677097872567e-09,7.17813518487238e-07,0,0,0,0
AGO,2024,39250263061.7,31257304278.03,360272638.43,2538534699.94,68354438396.09,16.76,4883771.41,6482539.12,40885.33,72913556.88,44078930.26,76.98,2776441.81,1536985530.5,12041.89,287504.97,1135438.71,145377.07,401471.11,0,0,0,0,1.15214e+11,0.796359102839506,0.00917885920569919,0.0646756098411243,1.7415026821257,4.27003507560036e-10,0.000124426463137913,0.000165159125425725,1.04165747719269e-06,0.0018576577885703,0.00112302254358677,1.96126074057109e-09,7.07368968619531e-05,0.0391586045699596,3.06797689000723e-07,7.32491829540231e-06,2.89281808943581e-05,3.70384957093084e-06,1.02284947585931e-05,0,0,0,0,0.27129779608407,0.00312698663730102,0.0220332138450188,0.593282399674432,1.45468432655754e-10,4.23886976409117e-05,5.62652031871127e-05,3.5486425260819e-07,0.000632853271998195,0.0003825831084764,6.68147968128873e-10,2.40981287864322e-05,0.013340267072578,1.04517593348031e-07,2.49539960421477e-06,9.85504114083358e-06,1.26180038884163e-06,3.48456880240249e-06,0,0,0,0
ARE,2000,37719889281,22010923216,4832960816,1912425866,57516475293,0,20907184,930522603,4080018,99598258,189235870,2184159,0,388522664,1733797,735940,67698297,219089,15306030,0,0,0,0,1.02987e+11,0.583536262580898,0.128127651170875,0.0507007285136257,1.52483149843104,0,0.000554274797686939,0.0246692824591274,0.000108166224179644,0.00264047058192636,0.0050168723611636,5.79047033709134e-05,0,0.0103002069042579,4.59650606894368e-05,1.95106617232491e-05,0.00179476393728707,5.80831503422143e-06,0.000405781413778164,0,0,0,0,0.213725258683135,0.0469278726052803,0.018569585151524,0.558482869614612,0,0.000203007991299873,0.00903534041189665,3.96168254245681e-05,0.000967095439230194,0.00183747337042539,2.12081039354482e-05,0,0.00377254084496101,1.68351054016526e-05,7.14595045976677e-06,0.000657347985668094,2.12734616990494e-06,0.000148620990998864,0,0,0,0
ARE,2001,32669157299,16607162575,3785998382,1755298488,44300814943,152426,25553801,835404994,1345384,101900613,199519261,136729,506259684,1613187097,233261,583102,71331269,355602,14169613,0,0,0,0,1.03312e+11,0.508343769721552,0.115889073824255,0.0537295306375634,1.35604400620263,4.66574630636909e-06,0.000782199576380937,0.0255716725826158,4.11820846092404e-05,0.003119168702987,0.00610726683807382,4.18526253213716e-06,0.0154965639109245,0.0493795135955154,7.14009846856809e-06,1.78487003709107e-05,0.00218344380135521,1.08849456000778e-05,0.000433730593976286,0,0,0,0,0.160747663146585,0.0366462596987765,0.0169902672293635,0.428806091673765,1.4753949202416e-06,0.000247345913349853,0.00808623387409014,1.30225336843735e-05,0.000986338595710082,0.00193123026366734,1.32345710082081e-06,0.00490029893913582,0.0156147117179031,2.25783064890816e-06,5.64408781167725e-06,0.000690445146739972,3.44202028805947e-06,0.000137153602679263,0,0,0,0
ARE,2002,52163400000,14357497236,7527057768,962688663,45698449908,29904,36428341,747415222,1657071,136308833,318353312,9122,522109619,1822312515,5394902,760846,98277692,54726,14908315,0,0,0,0,1.09816e+11,0.27524082471618,0.144297683203165,0.0184552514406653,0.876063483361897,5.73275515016276e-07,0.000698350586809909,0.0143283455833017,3.17669285361e-05,0.0026131125080037,0.00610300156814932,1.7487357035776e-07,0.0100091178680838,0.0349346958787196,0.000103423128093644,1.45858207095396e-05,0.00188403539646572,1.04912639896939e-06,0.000285800292925691,0,0,0,0,0.130741396845633,0.0685424507175639,0.00876637887921614,0.416136536643112,2.72310045894952e-07,0.000331721616157937,0.00680606853281853,1.50895224739564e-05,0.00124124747759889,0.00289897020470605,8.30662198586727e-08,0.00475440390289211,0.01659423503861,4.91267392729657e-05,6.92837109346543e-06,0.000894930538355067,4.98342682304947e-07,0.000135757221169957,0,0,0,0
ARE,2003,6.7135e+10,21010178986,4316020129,484168823,51624046196,1406744,45047523,704788140,2710551,208039165,371812831,163330,838070809,3076785879,17000420,1429574,121200223,46188,16619115,0,0,0,0,1.24346e+11,0.312954181663812,0.064288674000149,0.00721186896551724,0.768958757667387,2.09539584419453e-05,0.000670999076487674,0.0104980731362181,4.03746332017577e-05,0.00309881827660684,0.00553828600580919,2.4328591643703e-06,0.0124833664854398,0.0458298336039324,0.000253227377671855,2.12940195129217e-05,0.00180532096521933,6.87986892083116e-07,0.000247547702390705,0,0,0,0,0.168965459170379,0.0347097625094494,0.00389372254033101,0.415164510285815,1.13131423608319e-05,0.000362275609991475,0.0056679598861242,2.17984575297959e-05,0.00167306680552651,0.00299014709761472,1.31351229633442e-06,0.00673982925868142,0.0247437463127081,0.000136718672092387,1.14967429591623e-05,0.000974701421839062,3.71447412864105e-07,0.000133652188248918,0,0,0,0
ARE,2004,9.0638e+10,28580147615,9704185060,533109834,77642928657,4014,50044478,713907575,3152051,278223175,382116672,2561,2701483375,8254628972,8796288,8373264,143043794,55959,79534153,0,0,0,0,1.47812e+11,0.315321913711688,0.107065304397714,0.00588174754517973,0.856626675974757,4.42860610340034e-08,0.00055213572673713,0.00787647096140692,3.47762638187074e-05,0.00306960849753966,0.00421585507182418,2.82552571769015e-08,0.0298051962201284,0.0910724968776893,9.70485668262759e-05,9.23813852909376e-05,0.00157818789028884,6.17390057150423e-07,0.000877492365233125,0,0,0,0,0.193354718256975,0.065652214028631,0.00360667492490461,0.525281632458799,2.71561172299949e-08,0.000338568438286472,0.0048298350269261,2.13247300625118e-05,0.00188227731848564,0.00258515324872135,1.73260628365762e-08,0.0182764821191784,0.0558454589072606,5.95099721267556e-05,5.66480664628041e-05,0.000967741414770113,3.78582253132357e-07,0.000538076428165508,0,0,0,0
ARE,2005,115452993193,40579914443,9368239504,1497050473,102900237144,42000,109270010,751819691,5881648,329504383,507402422,5434,2220822022,9940442121,504541,5160060,135230935,296605,109609039,0,0,0,0,1.80616e+11,0.3514842995466,0.0811433228789429,0.0129667532352099,0.891273879508556,3.63784418562363e-07,0.000946445882241753,0.00651191164652787,5.09440928063926e-05,0.00285401334246203,0.00439488321581917,4.70667745349496e-08,0.0192357249524705,0.0860994751724003,4.3700989125208e-06,4.46940339725454e-05,0.00117130731096714,2.56905422542119e-06,0.000949382393376057,0,0,0,0,0.224675081072552,0.0518682702750587,0.00828858170372503,0.569718281569739,2.32537538202596e-07,0.0006049852172565,0.00416253095517562,3.25643796784338e-05,0.00182433662023298,0.00280928833547416,3.00859281569739e-08,0.0122958210900474,0.0550363318919697,2.79344576338752e-06,2.85692297470877e-05,0.000748720683660362,1.64218563139478e-06,0.000606862287947912,0,0,0,0
ARE,2006,1.42505e+11,53963666148,16175412812,2438484837,145166027279,5073798,174373238,824333574,7084508,362847941,724531783,206309,3104845450,11351561285,2000886,4615046,136764394,144977,57899835,0,0,0,0,2.22117e+11,0.378679107034841,0.113507686130311,0.0171115738886355,1.01867322044139,3.5604350724536e-05,0.00122362891126627,0.0057845940423143,4.97141012596049e-05,0.00254621199957896,0.00508425516999404,1.4477316585383e-06,0.0217876246447493,0.0796572842005544,1.40408126030666e-05,3.23851513981966e-05,0.000959716459071612,1.01734675976282e-06,0.000406300375425424,0,0,0,0,0.242951535217926,0.0728238397421179,0.0109783800294439,0.653556581796981,2.28429071165197e-05,0.000785051292787135,0.00371125836383528,3.18953884664389e-05,0.00163358923900467,0.00326193755093037,9.28830301147593e-07,0.0139784233084365,0.0511062245798386,9.00825240751496e-06,2.07775451676369e-05,0.000615731321780863,6.52705556080804e-07,0.000260672686016829,0,0,0,0
ARE,2007,1.56634e+11,59075496289,16071313069,2496856077,155332645177,1065494,191314702,781897423,6555518,549608049,826759873,571,4540909569,18431964009,1175734,7700610,201616432,315379,70989355,0,0,0,0,2.57883e+11,0.377156276983286,0.10260424345289,0.0159407030210555,0.991691747494158,6.80244391383735e-06,0.00122141234980911,0.00499187547403501,4.18524585977502e-05,0.00350886811930998,0.00527829125860286,3.64544096428617e-09,0.0289905740069206,0.11767537066665,7.50625023941162e-06,4.9163080812595e-05,0.00128718178684066,2.013477278241e-06,0.000453218043336696,0,0,0,0,0.229078676333841,0.0623201725937731,0.00968212746478054,0.602337669319032,4.13169538123878e-06,0.000741866280445008,0.00303198513667051,2.54205124029114e-05,0.00213123024394784,0.00320594949259936,2.21418240054598e-09,0.017608409895185,0.0714741336536336,4.55917606046153e-06,2.98608671374228e-05,0.00078181358212833,1.22295382014324e-06,0.00027527737384783,0,0,0,0
ARE,2008,2.1e+11,80481747754,22797149669,2744776,209250803057,11324982,205538651,684235974,10302496,764046357,986235562,3521,7960681688,31684543271,11145561,23259565,590364269,8674,91452767,0,0,0,0,3.15464e+11,0.38324641787619,0.108557855566667,1.30703619047619e-05,0.996432395509524,5.39284857142857e-05,0.000978755480952381,0.00325826654285714,4.90595047619048e-05,0.00363831598571429,0.00469635981904762,1.67666666666667e-08,0.0379080080380952,0.150878777480952,5.30741e-05,0.000110759833333333,0.00281125842380952,4.13047619047619e-08,0.000435489366666667,0,0,0,0,0.255121813436715,0.0722654555480182,8.70075824816778e-06,0.663311195752923,3.58994433596227e-05,0.000651543919432962,0.0021689827492202,3.26582304161489e-05,0.00242197638082317,0.00312630145436563,1.11613369512845e-08,0.0252348340476251,0.100437905025613,3.53306906651789e-05,7.37312815408414e-05,0.00187141565757107,2.74960058833972e-08,0.000289899218294322,0,0,0,0
ARE,2009,1.74725e+11,42073289611,8784078254,7798632135,117333046172,3282,301232661,515907725,7893003,665674647,1719343596,10155,10520750792,32889324185,1151257,17461607,557999648,3833223,104542158,0,0,0,0,2.53547e+11,0.240797193366719,0.0502737344627271,0.0446337509514952,0.671529810685363,1.87838031191873e-08,0.00172403869509229,0.00295268407497496,4.51738617828015e-05,0.00380984202031764,0.00984028385176706,5.81199027042495e-08,0.0602131966919445,0.188234792874517,6.58896551724138e-06,9.99376563170697e-05,0.00319358791243382,2.19386063814566e-05,0.00059832398340249,0,0,0,0,0.165938818487302,0.0346447729770023,0.0307581321609011,0.462766454235309,1.29443456242827e-08,0.00118807424658939,0.0020347617009864,3.11303348097197e-05,0.00262544872153881,0.00678116323995157,4.00517458301617e-08,0.0414942822908573,0.129716873735442,4.54060588372176e-06,6.88693102265063e-05,0.00220077401034128,1.51183922507464e-05,0.000412318654923939,0,0,0,0
ARE,2010,1.98362e+11,65482110207,6514146480,2030743313,148078099964,0,612454417,732162022,8768410,853889800,972192178,31722,11508385063,43285859002,6944258,16438799,571556478,82396,80736709,0,0,0,0,3.07736e+11,0.330114186220143,0.03283968945665,0.0102375621994132,0.74650437061534,0,0.00308755919480546,0.00369103972535062,4.42040814268862e-05,0.00430470453010153,0.00490110090642361,1.59919742692653e-07,0.0580170852431413,0.218216488047106,3.50080055655821e-05,8.28727225980783e-05,0.00288138089956746,4.15381978403122e-07,0.000407017014347506,0,0,0,0,0.212786642469519,0.0211679702082304,0.00659897871227286,0.481185496542491,0,0.00199019424766683,0.00237918872670081,2.84932864533236e-05,0.00277474783580732,0.00315917597551148,1.03081862375543e-07,0.0373969410891153,0.14065906816882,2.25656341799464e-05,5.34185113213924e-05,0.0018572948176359,2.6774897964489e-07,0.000262357049548964,0,0,0,0
ARE,2011,2.52556e+11,91935769559,10087290519,2519939922,209128753271,82778,1104470499,1143051078,27814800,1059402442,1155812056,108140,18201384414,59916142021,47318955,28186374,592621876,200529,97325724,0,0,0,0,3.68881e+11,0.364021324217203,0.0399408072625477,0.00997774720062085,0.828049039702086,3.27760971824071e-07,0.00437317069877572,0.00452593119149812,0.000110133198181789,0.00419472292085716,0.00457645851217156,4.28182264527471e-07,0.0720687071936521,0.237239036178115,0.000187360248816104,0.000111604452081915,0.00234649691949508,7.939981627837e-07,0.000385362945247787,0,0,0,0,0.24922880158913,0.0273456494614794,0.00683130853039327,0.566927419061974,2.24402991750727e-07,0.00299411056411146,0.00309869870771333,7.54031788029202e-05,0.00287193550765694,0.00313329246017008,2.93156871728281e-07,0.0493421575358991,0.162426750147066,0.000128277018876006,7.64104792602492e-05,0.00160653944225916,5.43614336330687e-07,0.000263840436346681,0,0,0,0
ARE,2012,3.50123e+11,96590217801,13760944469,7728837730,236336621304,12556,1741762386,2073735616,69806973,1811898555,2773729381,7709301,33751875278,92768970260,9151264,30774137,409579880,6922,79013670,0,0,0,0,3.92793e+11,0.27587510046755,0.0393031719395755,0.0220746358565418,0.675010271544572,3.58616828942971e-08,0.00497471570276731,0.00592287743450159,0.000199378427009936,0.00517503435935371,0.00792215701624858,2.20188362375508e-05,0.0964000516332832,0.264961085846974,2.61372831833384e-05,8.78952168238019e-05,0.00116981712141162,1.97701950457411e-08,0.000225674034553571,0,0,0,0,0.245906158717187,0.0350335786763002,0.0196766177859585,0.601682365276367,3.19659464399824e-08,0.00443430098296049,0.00527946174193532,0.000177719493473662,0.00461285856672599,0.00706155502007419,1.96268798069212e-05,0.0859278940256064,0.236177758412192,2.32979304621009e-05,7.83469588307327e-05,0.00104273721782211,1.76225136394997e-08,0.000201158549159481,0,0,0,0
ARE,2013,371217682109.22,106910826083.204,10593319849.755,13031566653.461,261156645561.774,4235301.692,2127527263.991,2153918050.12,24653510.735,1863499694.425,1630524645.31,285605.04,21870938699.709,67443309462.044,40862803.891,32952086.148,301873422.02,357245.352,90098349.026,0,0,0,0,4.09633e+11,0.28800035999295,0.0285366790438561,0.035104918977504,0.703513485882217,1.1409213235575e-05,0.00573121207993815,0.00580230456125275,6.64125442379828e-05,0.00501996479218552,0.00439236793906349,7.69373480210377e-07,0.0589167481878574,0.181681295672227,0.00011007774106778,8.87675553620444e-05,0.000813197852819906,9.62360817432428e-07,0.000242710283933865,0,0,0,0,0.260991731826303,0.0258605138007802,0.0318127852332722,0.63753810254978,1.03392590245415e-05,0.0051937399183928,0.00525816535806441,6.01843863531503e-05,0.00454919328868768,0.00398045236909624,6.97221757036176e-07,0.0533915448699421,0.164643252526149,9.97546679369094e-05,8.04429480730312e-05,0.000736936286920243,8.72110772325472e-07,0.000219948951930142,0,0,0,0
ARE,2014,343043069617.814,71930898754.381,18039569862.419,13034993347.743,206081716418.046,36834.348,1714292358.389,4240781626.269,19474516.462,1736553328.467,2053572479.687,56956.694,12272954525.526,49462132212.377,39113882.998,28068468.94,307155910.067,211193.22,78800334.378,0,0,0,0,4.24936e+11,0.209684745517581,0.0525868949415506,0.0379981247318751,0.600745896565241,1.07375286843828e-07,0.00499730940578074,0.0123622425341333,5.67698874770933e-05,0.00506220204478027,0.00598634008835945,1.66033653043788e-07,0.0357767161400443,0.14418636198505,0.000114020327073149,8.18219967867919e-05,0.000895385848806694,6.15646368356287e-07,0.000229709740137855,0,0,0,0,0.169274664312699,0.0424524395730628,0.0306751919059411,0.484971187233009,8.66821074232355e-08,0.00403423658713077,0.00997981255122889,4.58292930276559e-05,0.00408662322906744,0.00483266298851356,1.34035934823126e-07,0.0288818893328078,0.116399015880926,9.20465270017132e-05,6.6053403194834e-05,0.00072282863788194,4.97000065892276e-07,0.000185440476631775,0,0,0,0
ARE,2015,300478647816.83,31559126795.68,23222221594.544,7659872506.662,124944733003.08,89273.548,1195651280.868,5290378527.52,14382196.378,1519373037.669,1981166402.205,1799708.854,16253350026.887,56707824585.81,13011678.691,33753025.373,572829505.732,139803.173,75511414.7,0,0,0,0,3.81973e+11,0.105029515491291,0.0772840990974511,0.0254922356790271,0.415819007143714,2.97104465321012e-07,0.00397915555582792,0.0176065040426599,4.7864287470993e-05,0.00505650916864882,0.00659336833615115,5.98947335218672e-06,0.0540915307792351,0.188724972632261,4.33031724068854e-05,0.000112330861504594,0.00190639005431492,4.65268244568324e-07,0.000251303762342645,0,0,0,0,0.0826213549012103,0.0607954530674786,0.0200534396584628,0.327103572773678,2.33716906692358e-07,0.00313019841943802,0.0138501373854173,3.76523900328034e-05,0.00397769747513306,0.00518666607902915,4.71161274226189e-06,0.042551044254141,0.148460295847638,3.40643937948494e-05,8.83649508551652e-05,0.00149965967681485,3.66002761975323e-07,0.000197687833171454,0,0,0,0
ARE,2016,295046691148.668,25160688952.513,16309730473.463,6026867887.401,95051242914.775,3028.454,1305053238.679,5081904370.535,9264674.71,1322245000.884,1819158197.178,679057.925,16471012404.927,58750536728.512,4777322.304,30296405.952,551715740.948,130245.153,42096946.69,0,0,0,0,3.81717e+11,0.0852769738055969,0.0552784727392345,0.0204268275774839,0.322156613737046,1.02643211764541e-08,0.00442320919986664,0.0172240683355921,3.14007070336258e-05,0.00448147713752108,0.00616566208587428,2.30152699681637e-06,0.0558251046327701,0.199122845607202,1.61917501443621e-05,0.000102683428965263,0.00186992688784299,4.41439124407506e-07,0.00014267893168403,0,0,0,0,0.0659145098397845,0.0427272834939576,0.0157888380328909,0.249009719018998,7.93376768653217e-09,0.00341890258667809,0.0133132775604309,2.42710560703348e-05,0.00346394056561274,0.00476572486207845,1.77895646512993e-06,0.0431498005195656,0.15391123981513,1.25153511737753e-05,7.93687625963738e-05,0.00144535281621725,3.41208678156854e-07,0.000110283133027871,0,0,0,0
ARE,2017,313599362102.95,31346144521.214,24204294608.65,7493062780.201,126136119222.333,6199.046,1808397355.812,6206387607.898,124229181.205,1199189978.721,2330576046.745,129796.559,16645664954.01,63144527114.22,13917684.529,24104260.795,377353301.304,1126269.522,35459352.998,0,0,0,0,4.03365e+11,0.0999560213101566,0.077182218886989,0.0238937436924414,0.402220586089472,1.97674062805171e-08,0.00576658493080203,0.0197908170676079,0.000396139776471284,0.0038239554145755,0.00743169893942548,4.13892930551911e-07,0.0530793967257672,0.201354131241793,4.43804618595845e-05,7.68632328629767e-05,0.00120329741353275,3.59142797500418e-06,0.000113072146448943,0,0,0,0,0.0777116123640227,0.0600059365801445,0.0185763831274429,0.312709628307694,1.53683289328524e-08,0.00448327781491205,0.0153865298374871,0.000307982053983365,0.00297296487975159,0.00577783408760056,3.21784386349832e-07,0.041267003716262,0.156544388120486,3.45039468694607e-05,5.97579383312881e-05,0.00093551324806069,2.79218455245249e-06,8.79088493002616e-05,0,0,0,0
ARE,2018,387964272061.879,73289908401.987,33822929537.898,14340297079.666,243041777309.776,49723.082,3114848955.33,6379987467.48,98918788.027,1886502531.905,3383255320.993,130000.593,15716679237.141,61593883136.439,30561015.118,20780787.975,396124298.096,236234.029,61913739.766,0,0,0,0,4.4056e+11,0.188908911669829,0.0871805265937049,0.0369629321881959,0.626454018608733,1.28164074840555e-07,0.00802870052640618,0.0164447809422575,0.000254968808084531,0.00486256768407816,0.00872053321562915,3.35083930046181e-07,0.0405106355634579,0.158761740634238,7.87727564591969e-05,5.3563664160512e-05,0.00102103293169434,6.08906659740878e-07,0.000159586189307981,0,0,0,0,0.166356247507688,0.0767725838430588,0.0325501567996777,0.551665555905611,1.12863360268749e-07,0.00707020373009352,0.0144815404654985,0.000224529662309334,0.00428205586504676,0.00767944280232659,2.95080336390049e-07,0.0356743218565939,0.139808160378698,6.93685652760124e-05,4.71690302682949e-05,0.000899138138042492,5.36213067459597e-07,0.000140534183234974,0,0,0,0
ARE,2019,389427993903.956,127284293029.93,60756046522.794,24762780675.619,425871544420.01,3752772.534,2774620294.805,5539327660.644,503779384.053,2797897464.022,3773634189.823,247819.865,19113230537.414,66944217680.226,28990302.417,20342925.679,217351906.932,72144.67,134816915.418,0,0,0,0,4.33926e+11,0.326849366307554,0.156013556996054,0.063587572191141,1.09358225676257,9.63662754795573e-06,0.00712486091970394,0.0142242667382822,0.00129363936835328,0.00718463363656399,0.00969019754330677,6.36368902285744e-07,0.0490802685903671,0.171903968713498,7.4443293422172e-05,5.22379643925063e-05,0.000558131183002743,1.85258048032862e-07,0.000346192152409181,0,0,0,0,0.293331796273858,0.140014764090638,0.0570668286196702,0.981438181671552,8.64841593727963e-06,0.00639422457931767,0.0127656044132963,0.00116097994601153,0.00644786775630407,0.00869649246604951,5.71110892179773e-07,0.0440472120532395,0.154275654559132,6.68093232878417e-05,4.688109419348e-05,0.000500896251738776,1.66260307056964e-07,0.000310691028926591,0,0,0,0
ARE,2020,335296907869.73,105123364795.736,47548148715.619,20488752708.5,346507819924.081,697221.738,2149420591.181,4446737390.033,651812026.924,2350562020.141,3402553231.255,171963.772,29303479807.21,74414500924.886,21174434.637,26746179.199,187552290.989,243349.207,159611917.114,0,0,0,0,3.57162e+11,0.313523215777995,0.141809088004153,0.0611062978142951,1.03343577525238,2.0794159493737e-06,0.00641049929400511,0.0132620888700848,0.00194398460476481,0.00701038979176701,0.0101478813296333,5.12870139759272e-07,0.0873956160031008,0.221936138324895,6.3151297074373e-05,7.97686425709344e-05,0.000559361827046339,7.25772296995194e-07,0.00047603158086985,0,0,0,0,0.29432964535907,0.133127680760044,0.0573654327966021,0.970169894681072,1.95211623296991e-06,0.00601805508755411,0.0124501973615138,0.00182497585668128,0.0065812209029544,0.0095266384196947,4.8147275466035e-07,0.0820453458296515,0.208349435059962,5.92852392947738e-05,7.48852879057683e-05,0.000525118268430012,6.8134125970848e-07,0.000446889414646575,0,0,0,0
ARE,2021,425159796503.562,99039151474.408,88832764668.116,29157850039.708,434352631523.694,5847952.828,3433575295.055,8149499495.227,1934786260.743,4193712680.072,3768412811.421,12446942.89,33786922894.627,95351435397.804,34405983.464,21168105.364,197405464.982,225401.6,109798489.334,0,0,0,0,4.22441e+11,0.232945711915586,0.208939710195227,0.0685809201140299,1.02162207032681,1.37547173464954e-05,0.00807596419814881,0.0191680858873464,0.00455072722457376,0.00986385052058154,0.00886352106293152,2.92759169431386e-05,0.0794687625040858,0.224271994158331,8.09248281397927e-05,4.97885866398533e-05,0.000464308870700916,5.30157371072388e-07,0.000258252285933343,0,0,0,0,0.234444931894414,0.210284429466165,0.0690223014331185,1.02819714829691,1.38432416077038e-05,0.00812794045808764,0.019291450155707,0.00458001534117901,0.00992733347395731,0.00892056597589012,2.94643344040943e-05,0.079980217106358,0.225715390783101,8.14456538640899e-05,5.01090220030726e-05,0.000467297125473143,5.33569421528687e-07,0.000259914376999392,0,0,0,0
ARE,2022,515621189049.101,154476104445.767,81260137198.01,33411051294.768,538688768662.736,832467.386,4188777357.327,8279399556.25,1516864169.933,4128601251.652,4811454577.779,1125377.208,35626328590.164,107078612420.539,55579836.874,39169103.459,348254933.362,106857.437,181577137.132,0,0,0,0,5.11403e+11,0.299592235010064,0.157596582382249,0.0647976693052201,1.04473745475079,1.61449413577285e-06,0.0081237494623754,0.0160571359984618,0.00294181892084453,0.00800704342516623,0.00933137481539926,2.1825658679299e-06,0.0690939964198628,0.207669146836288,0.00010779199546958,7.59648833113995e-05,0.00067540849902667,2.07240197395814e-07,0.000352152202020365,0,0,0,0,0.302063352083908,0.158896481244752,0.0653321378536458,1.05335472936752,1.62781091624414e-06,0.00819075632588585,0.0161895795610311,0.00296608383199356,0.00807308766599336,0.00940834249658097,2.20056825634578e-06,0.0696639022261582,0.209382057634662,0.000108681092746816,7.65914620348336e-05,0.000680979449400962,2.08949570104204e-07,0.000355056847793228,0,0,0,0
ARE,2023,570245383584.532,162767463924.951,83673850758.866,35188334062.515,563706443968.371,2613849.032,4490571632.766,7862971761.282,153675783.379,3500223959.081,5005901331.886,9944861.307,52829324883.559,143032702160.246,26739657.761,36285357.1,205315306.223,683719.303,136063450.376,0,0,0,0,5.22622e+11,0.285434075593569,0.146733061183059,0.0617073545450259,0.988533112578558,4.58372677314718e-06,0.00787480576263241,0.0137887512773111,0.000269490622463267,0.00613810135047263,0.00877850391426086,1.74396173880219e-05,0.0926431434683025,0.250826584971456,4.68914936109012e-05,6.36311281854001e-05,0.000360047292154123,1.19899138630843e-06,0.000238605088778996,0,0,0,0,0.311443957439509,0.160103958040163,0.0673303727407476,1.07861215939698,5.00141408513228e-06,0.00859238920819636,0.0150452368275388,0.000294047673804394,0.0066974294214193,0.00957843590948334,1.9028784297255e-05,0.10108515310025,0.273682895400971,5.11644319622978e-05,6.94294482436637e-05,0.000392856225384695,1.30824822338133e-06,0.000260347728140032,0,0,0,0
ARG,2000,26341029193,2808667093,1163316052,451836804,9067015502,614036764,31817908,398934777,90012,447846557,464516915,10935,96177491,198456268,1218154214,1020369020,4659833257,778352017,1795188436,0,0,0,0,3.17759e+11,0.106627082503913,0.0441636522049467,0.0171533466171502,0.344216447867934,0.0233110391967212,0.00120792197475926,0.0151449958191465,3.41717855215468e-06,0.0170018625209608,0.0176347291366824,4.15131843174371e-07,0.0036512427170294,0.00753411214671668,0.0462455056358891,0.0387368698665411,0.176903993494617,0.0295490358898673,0.0681517955447642,0,0,0,0,0.00883898518373988,0.00366100111090481,0.00142194809273695,0.0285342523799483,0.00193239771021434,0.00010013220081886,0.00125546334486199,2.83271284212249e-07,0.00140939062937635,0.00146185289795096,3.44128726487684e-08,0.000302674325510843,0.000624549636674335,0.00383357895134363,0.00321114121079183,0.0146646774977263,0.00244950423748816,0.00564952821477913,0,0,0,0
ARG,2001,26610055335,2394117965,1273464257,621742002,8821149878,799941470,30185649,348277007,203291,409279152,567590990,364,99254250,205426877,1301503366,988869398,4732461314,1244389236,2643054624,0,0,0,0,3.00421e+11,0.0899704241445539,0.0478565054062485,0.0233649270613214,0.331496863382979,0.0300616236956051,0.00113437001990361,0.0130881729712871,7.63963086287209e-06,0.0153806201019687,0.0213299439950225,1.36790395742332e-08,0.00372995278478251,0.00771989664861026,0.04891020892723,0.0371614934862367,0.177844850543224,0.0467638725411918,0.0993254087872418,0,0,0,0,0.00796920975897158,0.0042389322217821,0.00206956904477383,0.02936262737292,0.00266273486207689,0.000100477826117349,0.00115929647727689,6.76687049174325e-07,0.00136235200601822,0.00188931862286591,1.21163300834496e-09,0.000330383861314622,0.000683796662017635,0.00433226494153205,0.00329161209768958,0.0157527646669174,0.00414215130100759,0.00879783578378342,0,0,0,0
ARG,2002,25709371110,2223884389,1385850158,624929052,8609525233,1123311690,19347328,369533691,347042,531865525,588157544,836,113435054,230863962,1097361637,924807823,4148805919,1118763363,2406776027,0,0,0,0,1.12458e+11,0.0865009252651455,0.0539044752230814,0.0243074421900941,0.334878873394581,0.0436926942006401,0.000752539916951706,0.0143735017639644,1.34986576884805e-05,0.020687613194596,0.0228771657417644,3.25173259362547e-08,0.00441220648745772,0.00897975920967598,0.0426833325601328,0.0359716236948435,0.161373294634433,0.0435157810050376,0.0936147374707214,0,0,0,0,0.0197752439933131,0.0123232687581141,0.00555699951982073,0.076557694721585,0.0099887219228512,0.00017204047733376,0.00328597068238809,3.08596987319711e-06,0.00472945922033115,0.00523001959842786,7.43388642871116e-09,0.00100868816802717,0.00205289051912714,0.0097579686371801,0.0082235841202938,0.0368920478667592,0.0099482772501734,0.0214015545981611,0,0,0,0
ARG,2003,29938752000,2298635334,1814799786,872050808,10105515036,934690200,7997450,381913890,135288,580250376,511356364,240,110925985,226743703,940518150,1235310772,4483300572,1840327420,3832835801,0,0,0,0,1.42431e+11,0.0767779276170229,0.060617082034682,0.0291278276395756,0.337539622092464,0.031220078913109,0.000267127033217684,0.0127565066840462,4.51882563441522e-06,0.0193812479558266,0.01708008283044,8.01636621326099e-09,0.00370509715969457,0.00757358566582869,0.0314147413359114,0.041261264731409,0.149749080121977,0.0614697439626074,0.128022564233806,0,0,0,0,0.016138588748236,0.0127416067148303,0.00612261942975897,0.0709502498472945,0.00656240706026076,5.6149644389213e-05,0.00268139583377214,9.49849400762474e-07,0.00407390509088611,0.00359020412691057,1.68502643385218e-09,0.000778805070525377,0.00159195472193553,0.00660332476778229,0.00867304710350977,0.0314769998946858,0.0129208347901791,0.0269101235054167,0,0,0,0
ARG,2004,34575705522,2255856362,1940004801,1106767589,10839082978,1808368918,9837735,377414476,68892,571391162,639866145,4,139479915,286084536,1365480409,1193804887,5248069342,1740114228,3573182340,0,0,0,0,1.64911e+11,0.0652439719723039,0.0561088999258628,0.0320099784600427,0.313488410846837,0.0523017214167723,0.000284527382781543,0.010915597246739,1.99249730294484e-06,0.0165257990653707,0.0185062353852147,1.1568816715699e-10,0.00403404393039069,0.00827414890544949,0.0394924814514968,0.0345272748300219,0.151784880822193,0.0503276564202802,0.103343728958081,0,0,0,0,0.0136792352359758,0.011763950258018,0.0067113023934122,0.0657268646603319,0.0109657264706417,5.96548138086604e-05,0.00228859491483285,4.17752605951089e-07,0.0034648456561418,0.00388006952234842,2.42555075161754e-11,0.000845789031659501,0.00173478140330239,0.00828010508092244,0.00723908585236885,0.0318236463425727,0.0105518384340644,0.0216673377761338,0,0,0,0
ARG,2005,40106386092,2508982815,2587085674,1253393003,12931011323,1523818342,11655141,445371891,195158,699411058,1053243755,91,142427566,291709948,1280585285,1367415982,5457472049,2295680055,4739435887,0,0,0,0,1.99273e+11,0.0625581873481357,0.0645055794372868,0.0312517064021885,0.322417763927609,0.0379944066389955,0.000290605615107387,0.0111047624679611,4.86600811033752e-06,0.0174388950526637,0.0262612480861269,2.26896534111189e-09,0.00355124407552666,0.00727340397439068,0.031929710197834,0.0340947194509943,0.136074889332614,0.0572397635063389,0.118171601802471,0,0,0,0,0.0125906812011662,0.0129826201944067,0.00628982854174926,0.0648909351643223,0.00764688814841951,5.8488310006875e-05,0.00223498362046037,9.79349937021071e-07,0.00350981346193413,0.00528543131784035,4.56659958950786e-10,0.000714735894978246,0.00146387091076062,0.00642628597451737,0.00686202336493153,0.0273869116689165,0.0115202764800048,0.0237836329407396,0,0,0,0
ARG,2006,46546224081,2406092876,2882923668,1511646427,13911215889,2670028856,11867721,474544016,190704,525225990,1311134209,1555007,547421689,1108122904,1472080853,1263925427,5692773360,1779100240,3739717309,0,0,0,0,2.32892e+11,0.0516925470004378,0.0619367891793569,0.03247624177569,0.29886883766966,0.0573629528219862,0.000254966353003151,0.0101951130380457,4.09708851287563e-06,0.0112839655712137,0.0281684333130515,3.34078011847743e-05,0.0117608184081135,0.0238069344158108,0.0316262142002814,0.0271541989055978,0.122303655611106,0.0382222247910808,0.0803441607313221,0,0,0,0,0.0103313676553939,0.0123788007660203,0.00649076149889219,0.0597324763796094,0.0114646654071415,5.09580449306975e-05,0.00203761407004105,8.1885165656184e-07,0.0022552341428645,0.00562979496504818,6.67694467821995e-06,0.00235053882915686,0.0047580977620528,0.00632087342201535,0.00542708820826821,0.0244438338800818,0.00763916424780585,0.0160577319487144,0,0,0,0
ARG,2007,55779579836,1296002689,3280561740,1296295197,11968872949,2716101600,15301257,544294659,243147,548024320,1496909212,31390,562235403,1141610714,2015981138,2253082844,8931269612,3435061164,7130949604,0,0,0,0,2.87921e+11,0.0232343573187614,0.0588129517942825,0.0232396013166699,0.214574455099702,0.0486934754256975,0.00027431646213521,0.00975795552064581,4.35906833136584e-06,0.00982481979267808,0.0268361507275804,5.62750743054916e-07,0.0100795919340564,0.0204664631278418,0.0361419204649313,0.040392610532822,0.160117190524906,0.0615827722994611,0.127841579749543,0,0,0,0,0.00450124405305622,0.0113939648028452,0.00450225998450964,0.0415699895075385,0.00943349599369271,5.31439422619399e-05,0.00189043056602332,8.44492065531865e-07,0.00190338433111861,0.00519902755269675,1.09022961159485e-07,0.0019527419083707,0.00396501371556781,0.00700185515471258,0.0078253508566586,0.0310198617398523,0.0119305683295071,0.0247670354159648,0,0,0,0
ARG,2008,70018850811,1618156132,3160749449,1442475437,12782902021,2243860900,19987700,802521969,17591,599907278,1856490416,1165,699957233,1483842417,2547286523,3531046463,12853296287,4583262865,9470303560,0,0,0,0,3.63545e+11,0.0231102926320206,0.0451414070980931,0.0206012440977307,0.182563722096847,0.032046525671448,0.000285461697364218,0.0114615130026373,2.5123234380814e-07,0.00856779668691384,0.0265141514677408,1.66383764729966e-08,0.00999669695935707,0.0211920418546328,0.036380010432845,0.0504299402532506,0.183569083727103,0.0654575562425536,0.135253627420463,0,0,0,0,0.00445104768873179,0.00869424541391025,0.0039678043625961,0.0351618149637597,0.00617216823226836,5.49799887221665e-05,0.00220749004662421,4.83874073360932e-08,0.0016501596171038,0.00510663168521091,3.20455514448005e-09,0.00192536613899242,0.00408159214677688,0.00700679839634708,0.00971281811880235,0.0353554478455212,0.0126071404227812,0.0260498798223054,0,0,0,0
ARG,2009,55672118600,2466356802,1635839300,1085919699,10847666136,2252530086,11196027,583849710,104913,513170357,1287505706,0,1040382922,2249743930,1001972356,1613352467,5833294877,1675490452,3656102385,0,0,0,0,3.34633e+11,0.044301471975956,0.0293834569464364,0.0195056291426998,0.194849170622366,0.0404606496509368,0.000201106537375425,0.0104872910297328,1.88448010670821e-06,0.00921772639347697,0.0231265800256432,0,0.0186876833173006,0.0404106038457821,0.0179977407218701,0.0289795414216552,0.104779466341344,0.0300956833354641,0.0656720541078888,0,0,0,0,0.00737033347577794,0.004888457803026,0.00324510642704097,0.0324166060609683,0.00673134474483987,3.34576297017927e-05,0.00174474636392705,3.13516598781352e-07,0.0015335318303933,0.00384751565446325,0,0.00310902667100973,0.006723018739933,0.00299424251642845,0.00482125931094662,0.0174319175843387,0.00500694926083202,0.010925707820209,0,0,0,0
ARG,2010,68174446579,2583534304,1593836184,1046146881,10611652122,2988946954,23425653,762677114,124522,504490696,1201448695,3427419,2012268359,4270362066,901822741,3145799482,8671261265,4986276734,10324643304,0,0,0,0,4.24729e+11,0.037895933647312,0.0233787916731099,0.0153451466567863,0.155654393317345,0.0438426287852067,0.000343613394394842,0.0111871405236303,1.8265201442553e-06,0.00739999693896158,0.0176231528862911,5.02742474928393e-05,0.029516460491809,0.0626387492717163,0.0132281637219449,0.046143381279299,0.127192250177665,0.0731399664274787,0.151444475490327,0,0,0,0,0.00608278291334004,0.00375259561744077,0.00246309265672935,0.0249845245368223,0.00703730367834549,5.51543525400903e-05,0.00179567939556753,2.93179886468784e-07,0.00118779432532274,0.00282874184479986,8.06966088964964e-06,0.00473777010517295,0.010054321852287,0.00212328977065376,0.00740660393333161,0.0204159858756996,0.0117399017585331,0.0243087787836479,0,0,0,0
ARG,2011,82981091282,2182223595,1416873602,1129151038,9684293702,2884328250,20467832,859194384,108548,516664524,1494118975,25261281,2315085812,5049127598,2444755067,4354220867,14952982331,5258163595,11053865028,0,0,0,0,5.27644e+11,0.026297841608084,0.0170746561669688,0.0136073293391953,0.116704824585751,0.0347588613916633,0.000246656577827385,0.0103540983942974,1.30810523606052e-06,0.00622629223137336,0.0180055353806139,0.000304422135329035,0.0278989559697702,0.0608467244765584,0.0294615921438275,0.0524724464300279,0.180197465470589,0.0633658043509074,0.133209443949525,0,0,0,0,0.00413578775651765,0.0026852832629576,0.00213998650226289,0.0183538402824632,0.00546642859579565,3.87909878630289e-05,0.00162836000030323,2.05722039860209e-07,0.000979191507910637,0.00283168002478944,4.78756149979911e-05,0.00438759051936533,0.00956919361918263,0.00463334192561651,0.00825219440948822,0.0283391497505894,0.00996536224234522,0.0209494754569369,0,0,0,0
ARG,2012,79982379582,2611223721,1305499429,809964689,9708629782,3026503294,15733125,728074394,70359,549306472,1391476846,34563957,2253987473,4821033214,2951957334,4841077685,17327364401,3191608577,6987796789,0,0,0,0,5.79666e+11,0.0326474872921592,0.0163223379427161,0.0101267890907097,0.121384607869118,0.0378396255502395,0.000196707388330076,0.00910293489397323,8.79681254392614e-07,0.00686784357843263,0.0173972924195563,0.000432144644615932,0.0281810504361045,0.0602761913210816,0.0369075957658096,0.0605268024069827,0.216639771054017,0.0399038962541478,0.0873667028352905,0,0,0,0,0.00450470395193094,0.00225215801685798,0.00139729549257676,0.0167486617845449,0.00522111577011589,2.71417074660235e-05,0.00125602397587576,1.21378517974144e-07,0.000947625825906643,0.0024004803559291,5.96273664489551e-05,0.00388842449445025,0.00831691562727502,0.00509251419610603,0.00835149497296719,0.0298919798659918,0.00550594407296616,0.0120548674391805,0,0,0,0
ARG,2013,75962981361,1736775154,1007608178,707678648,7009699387,1900555592,14005265,733369901,60065,460282699,1174789695,41492352,1846550566,3900380263,734256490,5849118089,14896023396,4090223565,8706150011,0,0,0,0,6.11471e+11,0.0228634411509772,0.0132644632944503,0.00931609891187509,0.0922778340371832,0.0250194971017259,0.000184369606735715,0.00965430645112249,7.90714094205337e-07,0.00605930271236448,0.0154652920929608,0.000546218055908249,0.0243085583650885,0.0513458028255127,0.00966597778081645,0.0769995856429482,0.196095823638219,0.0538449583167618,0.11461043069947,0,0,0,0,0.0028403230145011,0.00164784295248671,0.0011573380389258,0.0114636661215332,0.003108169630285,2.29042178615176e-05,0.00119935352780426,9.82303330820268e-08,0.00075274657179163,0.0019212516946838,6.78566146227703e-05,0.00301984978191934,0.00637868396538838,0.00120080345592841,0.00956565084689217,0.0243609646181094,0.00668915380287863,0.014238042378134,0,0,0,0
ARG,2014,68404346618.25,1619632669.31,900394812.35,600996087.35,6322031200.92,1858277789.48,15067940.34,634407717.44,47658.11,407208232.13,1075299453.77,24968401.05,1826087362.33,3893879584.43,603571634.3,3525199093.09,9367475521.82,3776220424.64,7987452647.44,0,0,0,0,5.63614e+11,0.0236773355697529,0.0131628303881756,0.00878593418491416,0.0924214836259149,0.0271660776156616,0.000220277527451449,0.00927437726991961,6.96711720177224e-07,0.00595295843409691,0.0157197533041433,0.00036501190764007,0.0266954872403212,0.056924446719167,0.0088235859874286,0.0515347235573111,0.13694269421354,0.0552043928686912,0.116768203225685,0,0,0,0,0.00287365585189509,0.00159753805325986,0.00106632568983382,0.0112169520290837,0.00329707528464517,2.67345032948082e-05,0.0011256067404997,8.45580663361804e-08,0.000722494885027696,0.00190786505262467,4.43005337873083e-05,0.00323996097032721,0.00690877015906276,0.00107089538992999,0.00625463365546278,0.0166203740890397,0.00670001175385991,0.0141718492575415,0,0,0,0
ARG,2015,56783952503.68,670929750.82,399519737.53,312696407.01,2825127703.66,931464759.38,9840133.73,539042269.46,659714.5,238246541.33,456516767.08,9575543,2260839549.75,4769418777.1,1032844375.11,3129963996.36,9005593131.76,4269722174.83,9015277749.95,0,0,0,0,6.42464e+11,0.0118154816851912,0.00703578599084148,0.00550677424206663,0.0497522201096676,0.0164036619204983,0.000173290750223178,0.00949286278416541,1.1617974285204e-05,0.00419566674782915,0.00803953840744732,0.000168631146262308,0.0398147619189327,0.0839923704992341,0.0181890187204398,0.0551205729498516,0.158593981832744,0.0751924088861777,0.158764533859557,0,0,0,0,0.00104430715311675,0.000621855446421901,0.000486714285952209,0.00439733230758455,0.00144983183397046,1.5316241423644e-05,0.000839023306301987,1.02685053170294e-06,0.0003708325156429,0.000710571747335259,1.49044039821687e-05,0.00351901359414691,0.00742363584123002,0.00160762996076045,0.00487181226708423,0.0140172727682174,0.00664585435889015,0.014032346948545,0,0,0,0
ARG,2016,57879346239.27,748543642.78,326073503.31,302946917.53,2823232490.27,1265926051.86,4702523.56,621683084.88,69923.11,172203419.22,364937262.63,7592133.47,2041253659.11,4278906657.56,1867825124.89,4187164747.98,13031718978.13,3234922076.95,7074490300.41,0,0,0,0,5.56774e+11,0.0129328282265933,0.00563367633701373,0.00523411090853781,0.0487778918337971,0.0218718097925075,8.12470054613269e-05,0.0107410177424948,1.20808396333541e-06,0.00297521361952018,0.00630513795234261,0.000131171721232209,0.0352673931504266,0.0739280405806803,0.0322710128267261,0.072342986229846,0.225153182004814,0.0558907846605076,0.122228234423458,0,0,0,0,0.00134442995323057,0.000585647863064726,0.000544111107073965,0.00507069742888497,0.00227368025780658,8.44601860000647e-06,0.0011165806680628,1.25586162428562e-07,0.000309287824539221,0.000655449540801115,1.3635933915736e-05,0.00366621584181373,0.00768517685373239,0.0033547276361504,0.00752040279894535,0.0234057606463844,0.00581011698992769,0.0127062152694091,0,0,0,0
ARG,2017,58384194969.28,575226736.36,537325849.51,405170242.53,3144245756.24,818473588.88,12516306.23,793333952.26,99283.47,140977337.57,627420098.27,1784820.03,2259822941.48,4772217599.24,2361855335.02,3883602173.21,13212361312.02,2732359077.37,5881785478.14,0,0,0,0,6.43861e+11,0.00985243928879497,0.00920327581450296,0.00693972474473937,0.0538543994294073,0.0140187526660367,0.000214378330241356,0.0135881629039748,1.70051963638858e-06,0.00241464899266279,0.0107464031764098,3.05702601695393e-05,0.0387060734959016,0.0817381759181744,0.0404536764832115,0.0665180392613692,0.226300308139419,0.0467996360797247,0.1007427691901,0,0,0,0,0.000893402048516683,0.000834537034406495,0.000629282162656225,0.0048834232174957,0.00127119609493353,1.94394539038706e-05,0.00123215096466473,1.54200161214921e-07,0.000218956168443189,0.000974465138081045,2.77205799077751e-06,0.00350979938446342,0.00741187554338592,0.00366826898200077,0.00603174003893698,0.0205205181118596,0.0042437095543448,0.00913517898760757,0,0,0,0
ARG,2018,61559407361.54,1474856038.88,798671240.14,203383903.83,5413850348.59,0,11370449.32,808882541.55,0,282562745.22,644795441.33,0,2244300842.84,4742630524.21,2419212652.67,4233790511.2,14191818159.69,1386599732.41,3162808147.01,0,0,0,0,5.24431e+11,0.0239582559691995,0.0129739916995851,0.00330386390231993,0.0879451343121989,0,0.000184706932820536,0.0131398688879412,0,0.00459008228523874,0.0104743607673657,0,0.0364574796774628,0.0770415234239733,0.0392988294780341,0.0687756866523233,0.230538576766035,0.0225245789691649,0.0513781448290226,0,0,0,0,0.00281229759278151,0.0015229291177295,0.00038781823315174,0.0103232843759999,0,2.16814973180457e-05,0.00154240031872639,0,0.000538798707971115,0.00122951435237429,0,0.00427949690777242,0.00904338325577626,0.00461302373938612,0.00807311259479321,0.0270613639538662,0.00264400794844317,0.00603093285295873,0,0,0,0
ARG,2019,65115326623.66,1119911767.13,659551190.9,562675147.5,5356609857.07,0,7021510.54,724035912.61,13060.2,368068056.46,688296623.73,0,1945810393.25,4326851034.59,2295534974.69,5948632239.53,17559633465.48,3404761138.47,7478607894.55,0,0,0,0,4.46762e+11,0.017198896560907,0.0101289700151845,0.00864120901599761,0.082263426059874,0,0.0001078319176771,0.0111192855837863,2.00570290854604e-07,0.00565255640330706,0.0105704241907297,0,0.0298825252692963,0.0664490413999984,0.0352533741857313,0.0913553313478817,0.269669744067591,0.0522881680091713,0.114851729728291,0,0,0,0,0.00250673013177038,0.00147629205460626,0.00125945167113586,0.0119898510998473,0,1.57164453109262e-05,0.00162063002809102,2.92330144461704e-08,0.000823857124061581,0.0015406337686061,0,0.00435536234784964,0.00968491284977236,0.0051381607538018,0.013314991515684,0.0393042234242841,0.00762097299786016,0.016739579226859,0,0,0,0
ARG,2020,54883822445.7,570359836.68,566622926.38,326131182.99,3677400977.74,0,2403625.49,498282553.45,26835.26,241342339.82,360582616.9,0,1071168109.3,2944857743.35,2029493549.31,6046744927.39,17046593678.56,2186202074.11,5608911679.44,0,0,0,0,3.85218e+11,0.0103921303448624,0.0103240426983852,0.0059422097160354,0.0670033684584976,0,4.37947902112331e-05,0.00907886024051955,4.88946629520016e-07,0.00439733110897615,0.0065699253592759,0,0.0195170099597158,0.0536562070956981,0.0369779920361397,0.110173538539019,0.310594140840414,0.0398332691982769,0.10219608309879,0,0,0,0,0.0014806157466162,0.0014709149789989,0.000846614600018691,0.00954628542212462,0,6.23964999039505e-06,0.00129350797068154,6.96625287499546e-08,0.000626508470061108,0.000936048203614576,0,0.00278068031426361,0.00764465249118681,0.00526842865419062,0.0156969428411705,0.0442518098286165,0.00567523343693701,0.0145603571988848,0,0,0,0
ARG,2021,77934314986.58,1161542098.58,602447739.71,294873615.49,5839384763.98,0,2776767.04,606938969.03,0,362460188.11,498065802.91,0,696342895.25,2572122497.5,2454059219.64,8379754679.41,23629260382.87,2232370596.24,5954786870.8,0,0,0,0,4.8604e+11,0.0149041163546509,0.00773019869121502,0.00378361721073414,0.0749270044265549,0,3.56295816608916e-05,0.00778782708405806,0,0.00465084203501903,0.00639084083815666,0,0.00893499731626444,0.0330037224031918,0.0314888149085878,0.107523299343209,0.303194560533943,0.0286442576241853,0.0764077655885651,0,0,0,0,0.00238980762608016,0.00123950238603819,0.000606685901345568,0.0120142061640606,0,5.71304221874743e-06,0.00124874283809974,0,0.000745741478293968,0.00102474241401942,0,0.0014326863946383,0.00529199756707267,0.00504908900427948,0.0172408745770101,0.0486158760243396,0.0045929771134886,0.0122516395169122,0,0,0,0
ARG,2022,88445718838.32,3072569252.61,949915086.07,1376154892.41,12219530693.4,0,4283164.55,746265802.97,254528.3,329980410.92,685614990.5,0,960206836.86,3187180702.82,4000807861.34,9260946900.96,28724127560.64,3081556643.64,7426659945.58,0,0,0,0,6.3352e+11,0.0347396040528168,0.0107400911943116,0.0155593160470054,0.138158532192355,0,4.84270421028482e-05,0.00843755710023889,2.87779107166602e-06,0.00373088053615358,0.00775181658880871,0,0.0108564535341193,0.036035443486487,0.0452346129794426,0.104707689898356,0.324765606949819,0.0348412188188908,0.0839685633530328,0,0,0,0,0.00484999566329398,0.00149942398988193,0.00217223590795871,0.019288310855853,0,6.76089870880162e-06,0.00117796723539904,4.01768373532012e-07,0.000520868182409395,0.0010822310116492,0,0.00151566933460664,0.00503090778952519,0.00631520372101907,0.0146182392046976,0.0453405220997601,0.00486418209944437,0.0117228500214358,0,0,0,0
ARG,2023,66788515986.35,3733440372.73,827480545.55,1295948505.24,12237633910.26,0,2003287.3,852167838.26,58248.24,329134468.73,572951191.41,0,1535082453.71,4093402952.26,999431507.64,6159860849.43,15777632944.83,1023976336.28,3119412309.44,0,0,0,0,6.48895e+11,0.0558994359673005,0.0123895632853875,0.0194037625496105,0.183229612599284,0,2.99944873817742e-05,0.0127591970816385,8.72129574070856e-07,0.00492800991112405,0.00857858844366444,0,0.0229842276181692,0.0612890238959134,0.0149641220931494,0.092229341503694,0.236232722225099,0.0153316228270333,0.0467058185583512,0,0,0,0,0.0057535354298153,0.00127521485841315,0.00199716210671989,0.0188591897152236,0,3.08722875041417e-06,0.00131325998545219,8.97652778954993e-08,0.000507223000223457,0.000882964410898527,0,0.00236568698126816,0.00630826705747463,0.00154020528381325,0.00949284683874895,0.0243146163012968,0.00157803086212715,0.00480726821664522,0,0,0,0
ARG,2024,79703206722.25,4931109474.66,953996240.95,1104911135.72,14540398510.14,0,3650807.21,978067806.13,14154.74,237620986.68,304906423.05,0,1628280075.67,4339348853.26,1949261599.93,6550709357.82,18614367254.82,1806213924.34,4937635512.46,0,0,0,0,6.37234e+11,0.0618683949799404,0.0119693583254999,0.0138628190904589,0.182431787980758,0,4.580502291109e-05,0.0122713733405781,1.77593105498584e-07,0.00298132279053793,0.00382552265572625,0,0.0204292919021971,0.0544438427475293,0.0244565015648968,0.0821887804420208,0.233546026820319,0.0226617472322576,0.0619502742175317,0,0,0,0,0.00773830253040484,0.00149708935956022,0.00173391742392904,0.0228179891690337,0,5.7291469224806e-06,0.00153486443932684,2.2212782117715e-08,0.000372894394649375,0.000478484235069064,0,0.00255523100724381,0.00680966309591139,0.00305894161317507,0.0102799118656883,0.0292111959732532,0.00283445943615689,0.00774854372563297,0,0,0,0
BHR,2000,6194679351,0,11367853,40,4500708436,0,1579191,795178866,0,8778044,20259253,197417860,0,1514910,38731,0,127218,0,55941,0,0,0,0,9.448e+09,0,0.00183509950328017,6.45715423406747e-09,0.726544213345515,0,0.000254926996301281,0.128364814535822,0,0.00141702959953576,0.00327042803219985,0.0318689392644885,0,0.000244550188018279,6.25230101599168e-06,0,2.05366561837399e-05,0,9.03049162519921e-06,0,0,0,0,0,0.00120320205334462,4.23370025402202e-09,0.476366261219306,0,0.000167145533446232,0.0841637241744285,0,0.000929090177815411,0.00214429011430991,0.0208952011007621,0,0.000160341871295512,4.09938611346317e-06,0,1.34650719729043e-05,0,5.92093564775614e-06,0,0,0,0
BHR,2001,5551309153,0,3681260121,0,7362552995,0,2007499,840428865,0,6236644,8540794,240282485,0,14287032,62409,0,161901,0,22894,0,0,0,0,9.579e+09,0,0.663133689646991,0,1.3262732793437,0,0.000361626229898423,0.151392913245666,0,0.0011234546353142,0.00153851889069886,0.0432839314795048,0,0.00257363292265557,1.12422130131725e-05,0,2.91644719358688e-05,0,4.1240722447655e-06,0,0,0,0,0,0.384305263701848,0,0.768613946654139,0,0.000209572919929011,0.0877365972439712,0,0.00065107464244702,0.000891616452656854,0.0250842974214427,0,0.00149149514563107,6.5151894769809e-06,0,1.69016598809897e-05,0,2.39001983505585e-06,0,0,0,0
BHR,2002,5794198135,0,3956596132,0,7913262620,0,1611580,784122294,11266,20880263,7661317,197867636,0,2926274,699696,0,1544324,0,39372,0,0,0,0,1.0001e+10,0,0.682854821290988,0,1.3657217850732,0,0.00027813684697201,0.135328871352101,1.94435877709246e-06,0.00360365015374125,0.00132223938869498,0.0341492699058349,0,0.000505035197592531,0.000120758038247513,0,0.000266529373697367,0,6.7950731201566e-06,0,0,0,0,0,0.395620051194881,0,0.791247137286271,0,0.000161141885811419,0.0784043889611039,1.12648735126487e-06,0.00208781751824818,0.000766055094490551,0.0197847851214879,0,0.000292598140185981,6.9962603739626e-05,0,0.00015441695830417,0,3.93680631936806e-06,0,0,0,0
BHR,2003,6631600766,0,4680737918,0,9361665594,0,1626843,897006937,6253,8874466,11467595,241460778,0,834788,64045,0,282638,0,15433,0,0,0,0,1.1546e+10,0,0.705823236826618,0,1.41167508786068,0,0.000245316788118605,0.135262505788787,9.42909596135359e-07,0.00133820872412873,0.0017292348264983,0.0364106324430689,0,0.000125880315998504,9.65754759067473e-06,0,4.26198756488894e-05,0,2.32719075598225e-06,0,0,0,0,0,0.405399092153127,0,0.810814619262082,0,0.000140901004676944,0.0776898438420232,5.41572839078469e-07,0.000768618222761129,0.000993209336566776,0.0209129376407414,0,7.23010566429933e-05,5.54694266412611e-06,0,2.44793001905422e-05,0,1.33665338645418e-06,0,0,0,0
BHR,2004,7516028525,0,5552499611,0,11105068666,0,1965215,945589329,0,11920687,12267732,198204813,119718,2289007,72008,1596,369848,0,14574,0,0,0,0,1.3709e+10,0,0.738754462217797,0,1.47751816388962,0,0.000261469869820644,0.125809704667133,0,0.00158603535901296,0.00163220934555993,0.0263709500756585,1.5928358920112e-05,0.000304550068215714,9.58059163299942e-06,2.12346187177356e-07,4.92079026536159e-05,0,1.9390559723827e-06,0,0,0,0,0,0.405025867021665,0,0.810056799620687,0,0.000143352177401707,0.068975806331607,0,0.00086955190021154,0.0008948670216646,0.0144580066379751,8.73280326792618e-06,0.000166971113866803,5.25260777591363e-06,1.1641987015829e-07,2.69784812896637e-05,0,1.06309723539281e-06,0,0,0,0
BHR,2005,10238577799,0,7786586214,0,15573830921,0,3855462,1344270207,6912,18862083,29706809,189639985,4148929,14307888,21423,4622,149032,0,7484,0,0,0,0,1.6647e+10,0,0.7605144353897,0,1.52109318566892,0,0.000376562260471036,0.131294622494473,6.75093761623328e-07,0.00184225615806155,0.00290145854074591,0.0185221022609724,0.000405225128084217,0.00139744877471141,2.09238044780911e-06,4.51429885159581e-07,1.45559278764826e-05,0,7.3096089583174e-07,0,0,0,0,0,0.467747114435033,0,0.935533785126449,0,0.000231601009190845,0.0807514991890431,4.15209947738331e-07,0.00113306199315192,0.00178451426683487,0.0113918414729381,0.000249229831200817,0.00085948747522076,1.28689854027753e-06,2.77647624196552e-07,8.95248393103863e-06,0,4.49570493181955e-07,0,0,0,0
BHR,2006,11661614411,0,9219018592,0,18439554527,0,5148318,1457019773,19455,18243645,46970081,142743260,319885,3318662,5963,7979,99200,0,140619,0,0,0,0,1.9291e+10,0,0.790543939036778,0,1.58121799239105,0,0.000441475581214876,0.124941515098085,1.66829388404823e-06,0.00156441847217924,0.00402775116245438,0.0122404372987462,2.74305931173872e-05,0.000284579980355861,5.1133571989615e-07,6.84210583439775e-07,8.5065409045276e-06,0,1.20582789864291e-05,0,0,0,0,0,0.477892208387331,0,0.955863072261676,0,0.000266876678243741,0.075528473018506,1.00850137369758e-06,0.00094570758384739,0.00243481836089368,0.0073994743662848,1.65820849100617e-05,0.000172031620963143,3.09107874138199e-07,4.13612565445026e-07,5.14229433414546e-06,0,7.28935773158468e-06,0,0,0,0
BHR,2007,13664874240,0,10804850374,9191,21614512330,0,2831926,1348092565,26096,25749220,60770762,195783980,240585,6956850,0,0,157785,0,15181,0,0,0,0,2.2653e+10,0,0.790702510995081,6.72600408798201e-07,1.58175713514653,0,0.00020724127791168,0.0986538581565461,1.90971387966465e-06,0.00188433640498692,0.00444722438953086,0.0143275361749689,1.76060895822778e-05,0.000509104575557367,0,0,1.15467582964013e-05,0,1.11095058274023e-06,0,0,0,0,0,0.476972161479716,4.05729925396195e-07,0.954156726702865,0,0.000125013287423299,0.0595105533483424,1.15198869906856e-06,0.00113668035138834,0.00268268052796539,0.00864273959298989,1.06204476228314e-05,0.000307105019202755,0,0,6.96530260892597e-06,0,6.70154063479451e-07,0,0,0,0
BHR,2008,13082979789,0,8636229392,2019,17322062193,0,4720601,1774293580,2338,63705116,121621157,633347407,0,11602762,0,0,321085,31133,74984,0,0,0,0,2.6803e+10,0,0.660111804136641,1.54322641520669e-07,1.32401505409067,0,0.000360820017773705,0.135618460672989,1.78705466010561e-07,0.00486931242174374,0.00929613581626546,0.0484100271661744,0,0.000886859277253906,0,0,2.45421918537216e-05,2.37965666095244e-06,5.73141602366806e-06,0,0,0,0,0,0.322211296944372,7.53273887251427e-08,0.646273260194754,0,0.000176122113196284,0.0661975741521472,8.72290415252024e-08,0.00237679050852517,0.00453759493340298,0.0236297208148342,0,0.000432890422713875,0,0,1.1979442599709e-05,1.16154908032683e-06,2.79759728388613e-06,0,0,0,0
BHR,2009,8383999812,0,5372403254,16391,10798366112,0,357545,1149518287,32269,62319616,53922787,260612437,0,18168169,10511,0,296944,0,52548,0,0,0,0,2.3913e+10,0,0.640792387221967,1.95503344078558e-06,1.28797308613298,0,4.26461125975035e-05,0.137108577382683,3.84887890309986e-06,0.00743316047202221,0.00643163027303751,0.0310844993850055,0,0.00216700493885937,1.25369754719646e-06,0,3.54179397254977e-05,0,6.26765281229947e-06,0,0,0,0,0,0.224664544557354,6.85443064441935e-07,0.451568858445197,0,1.49519090034709e-05,0.0480708521306402,1.34943336260611e-06,0.00260609777108686,0.00225495701083093,0.010898358089742,0,0.000759761175929411,4.39551708275833e-07,0,1.24176807594196e-05,0,2.19746581357421e-06,0,0,0,0
BHR,2010,16059213418,0,11507915070,109867,23032526057,0,4163404,1768170408,37258,122181542,61747214,1187258000,0,17088732,1404,0,265008,0,500449,0,0,0,0,2.6806e+10,0,0.71659269794007,6.84136869847283e-06,1.43422504312596,0,0.000259253295390759,0.110103176411999,2.32003891038893e-06,0.00760818969271886,0.0038449712568606,0.0739300219193338,0,0.0010641076592734,8.74264488213554e-08,0,1.65019290236822e-05,0,3.11627342494291e-05,0,0,0,0,0,0.429303703275386,4.0985973289562e-06,0.859230249086026,0,0.000155316123255987,0.0659617402074163,1.38991270611057e-06,0.00455799231515332,0.00230348481683205,0.0442907558009401,0,0.000637496530627471,5.2376333656644e-08,0,9.88614489293442e-06,0,1.86692904573603e-05,0,0,0,0
BHR,2011,22561916650,23715935,15526109443,19031,31138066023,0,4604178,2153035100,152702,300874951,53793350,2611200608,0,3024,403084,0,1439938,0,75050,0,0,0,0,2.9915e+10,0.00105114895014914,0.68815560680657,8.43501032967427e-07,1.38011617124736,0,0.000204068567020435,0.0954278456657626,6.76813066765762e-06,0.0133355226715635,0.00238425444231929,0.115734875210613,0,1.34031166186406e-07,1.7865680751019e-05,0,6.38216168571831e-05,0,3.32640179308525e-06,0,0,0,0,0.00079277736921277,0.519007502690958,6.36169145913421e-07,1.04088470743774,0,0.000153908674577971,0.0719717566438242,5.10452950025071e-06,0.0100576617416012,0.00179820658532509,0.0872873343807454,0,1.01086411499248e-07,1.34743105465486e-05,0,4.81343138893532e-05,0,2.50877486210931e-06,0,0,0,0
BHR,2012,16621225728,0,9888524326,11449,19814577450,0,2914859,2185471975,2372932,108152425,46317297,1368587860,385638,90628186,1069724,21,2823511,0,20683,0,0,0,0,3.1963e+10,0,0.59493351981508,6.88818032277433e-07,1.19212492353199,0,0.000175369677766282,0.131486811548343,0.000142765162980885,0.00650688624111561,0.00278663545986107,0.0823397673791583,2.32015379798589e-05,0.00545255731936354,6.43589117617211e-05,1.26344472686052e-09,0.000169873813532508,0,1.24437272788839e-06,0,0,0,0,0,0.309374098989457,3.58195413446798e-07,0.619922330507149,0,9.11947877233051e-05,0.0683750578794231,7.42399649594844e-05,0.00338367565622751,0.0014490910427682,0.0428178787973595,1.20651378155993e-05,0.00283540925445046,3.34675718799862e-05,6.57009667427964e-10,8.83368582423427e-05,0,6.47091950067265e-07,0,0,0,0
BHR,2013,20036210162,0,10131466351,0,20308752047,0,8906318,3211206355,142281,546695691,89139856,609891928,634402,661019811,0,64,582848,0,39497,0,0,0,0,3.3823e+10,0,0.505657819971114,0,1.01360246687355,0,0.000444511109036549,0.160270147350035,7.10119323213356e-06,0.0272853841410011,0.00444893796178379,0.0304394854650058,3.16627742906783e-05,0.0329912596072519,0,3.19421684452982e-09,2.90897328031331e-05,0,1.97128097981866e-06,0,0,0,0,0,0.299543693669988,0,0.600442067439317,0,0.000263321349377642,0.0949415000147828,4.20663453862756e-06,0.0161634299441209,0.00263548047186826,0.0180318696744819,1.8756526623895e-05,0.0195435003104396,0,1.89220353014221e-09,1.72322975490051e-05,0,1.16775566921917e-06,0,0,0,0
BHR,2014,23745958554,5431103985,8810851409,153453366,29374251711,53984,6517169,2707397461,545822,631480814,82361479,592539055,0,474331676,0,1140,452856,0,151467,0,0,0,0,3.4773e+10,0.228716982414051,0.371046356750076,0.00646229402157155,1.23702109747227,2.27339738158965e-06,0.000274453818538405,0.11401508407602,2.29858903677761e-05,0.0265931911135096,0.00346844195877392,0.0249532590420607,0,0.0199752591549984,0,4.80081693652231e-08,1.90708662684715e-05,0,6.37864332389671e-06,0,0,0,0,0.156187386334225,0.253381974779283,0.00441300336467949,0.844743096971789,1.55246886952521e-06,0.000187420383630978,0.077859185603773,1.5696718718546e-05,0.0181600901273977,0.00236854683231243,0.0170402051879332,0,0.0136408039570931,0,3.27840565956345e-08,1.30232076611164e-05,0,4.35587956172893e-06,0,0,0,0
BHR,2015,13882170668.552,0,5123243704.665,6914.882,10292999919.699,45839.922,6283321.917,2201360599.82,929856.337,352263371.707,232919634.333,392443144.657,209540.605,272002094.285,763.297,472.739,1149920.09,563.829,244760.014,0,0,0,0,3.2523e+10,0,0.369052061596602,4.98112446900299e-07,0.741454644626742,3.30207163522658e-06,0.000452618114776094,0.158574667635146,6.69820562793146e-05,0.0253752370661312,0.0167783295490413,0.0282695807469088,1.50942248156251e-05,0.0195936284590695,5.49839804036653e-08,3.40536801691194e-08,8.28343144206528e-05,4.06153341189841e-08,1.76312494525419e-05,0,0,0,0,0,0.15752678734019,2.12615133905236e-07,0.316483716745042,1.40946167327737e-06,0.000193196258555484,0.0676862712486548,2.85907307751437e-05,0.0108312078131476,0.00716168970676137,0.0120666342175384,6.44284367985733e-06,0.00836337651154568,2.34694523875411e-08,1.45355287027642e-08,3.53571346431756e-05,1.73363158380223e-08,7.52575143744427e-06,0,0,0,0
BHR,2016,10545888964.255,0,3857574126.126,0,7748609860.372,0,5126754.951,1807504574.69,825226.087,345734040.017,198530248.277,778482058.584,1779723.34,216839135.869,19177.095,2097.736,927325.942,4428.583,808508.349,0,0,0,0,3.3885e+10,0,0.365789374343039,0,0.734751701505269,0,0.000486137770687421,0.171394235309748,7.82509743651845e-05,0.0327837739605315,0.0188253687242406,0.0738185335748028,0.000168759916402716,0.0205614848216182,1.81844271876939e-06,1.98915047096572e-07,8.79324583392776e-05,4.1993453705141e-07,7.66657369274811e-05,0,0,0,0,0,0.113843120145374,0,0.228673745326014,0,0.000151298655776892,0.0533423218146673,2.43537284048989e-05,0.0102031589203777,0.00585894195889037,0.0229742381166888,5.25224535930353e-05,0.0063992662201269,5.65946436476317e-07,6.19075106979489e-08,2.73668567802863e-05,1.30694496089715e-07,2.38603614873838e-05,0,0,0,0
BHR,2017,12485359226.994,0,5532452157.273,234.042,11099515118.315,0,4893087.285,2035844601.158,417215.469,379330059.427,388434832.881,863513276.29,1266003.378,233797966.766,39372.088,1237.498,490331.224,22184.271,1109186.993,0,0,0,0,3.7205e+10,0,0.443115176478987,1.87453156729355e-08,0.889002464127525,0,0.000391906007351466,0.163058552352775,3.34163768470481e-05,0.0303819900197079,0.0311112260223305,0.069162068995423,0.000101399035060428,0.0187257701212566,3.15346056802879e-06,9.91159307074213e-08,3.92724962962922e-05,1.7768228047485e-06,8.88390131860908e-05,0,0,0,0,0,0.148701845377584,6.29060610133047e-09,0.298333963669265,0,0.000131516927429109,0.0547196506157237,1.1213962343771e-05,0.0101956742219325,0.0104403933041527,0.0232096029106303,3.40277752452627e-05,0.00628404694976482,1.05824722483537e-06,3.32616046230345e-08,1.31791754871657e-05,5.9627122698562e-07,2.98128475473727e-05,0,0,0,0
BHR,2018,14347737494.17,0,6906979364.447,0,13831791987.365,0,9719727.235,2069829662.707,10961399.829,695603142.741,341917428.45,989712408.424,51099192.744,292054151.529,47975.451,17685.662,962486.548,0,124219.738,0,0,0,0,3.9568e+10,0,0.481398503928132,0,0.964039939606182,0,0.000677439717512916,0.14426174604519,0.000763981069032941,0.0484817305183935,0.0238307557960921,0.0689803816682704,0.00356148087911167,0.0203554150365291,3.34376420111493e-06,1.23264465963266e-06,6.70828099824863e-05,0,8.65779277398091e-06,0,0,0,0,0,0.174559729186388,0,0.349570157383871,0,0.000245646159396482,0.0523106970963152,0.000277026886094824,0.0175799419414931,0.00864126133365346,0.0250129500713708,0.0012914272327133,0.00738106933706531,1.21248107056207e-06,4.4696881318237e-07,2.43248723210675e-05,0,3.13939895875455e-06,0,0,0,0
BHR,2019,14167263135.073,0,5962470737.6,833426.1,11935149194.71,0,28999007.83,2048543853.44,1341349.95,468715688.21,359594300.66,1353956772.29,356702506.64,889582796.49,39971.05,42343.98,1156525.59,815.79,1607654.56,0,0,0,0,4.0447e+10,0,0.420862567508829,5.88276007902147e-05,0.842445649587951,0,0.00204690260592457,0.144597007474828,9.46795395279491e-05,0.0330844203104854,0.0253820584280513,0.0955693953998846,0.0251779403854605,0.0627914360034519,2.82136709249412e-06,2.98886098156614e-06,8.16336633952159e-05,5.75827520264235e-08,0.000113476720568564,0,0,0,0,0,0.147414412381635,2.06053872969565e-05,0.295081197485846,0,0.000716963132741612,0.0506476093020496,3.31631505426855e-05,0.0115883919254827,0.00889050611071279,0.0334748379926818,0.00881901022671644,0.0219937893166366,9.88232749029594e-07,1.04690038816229e-06,2.85936062007071e-05,2.01693574307118e-08,3.97471891611244e-05,0,0,0,0
BHR,2020,11559232443.05,0,3442823155.12,1540.32,6889694115.26,0,57677949.26,2792707932.18,1025102.41,615752327.24,289707979.84,806262821.7,173931073.13,437521363.81,4519232.73,65449.33,9743689.42,6431.76,2660802.23,0,0,0,0,3.5838e+10,0,0.297841848243998,1.33254522528969e-07,0.596033875882688,0,0.004989773286779,0.241599772817019,8.86825673807039e-05,0.0532693092100784,0.025062908049244,0.0697505501054931,0.0150469396637643,0.0378503820184929,0.000390963046401683,5.66208269644681e-06,0.000842935676568941,5.56417567661865e-07,0.000230188487264119,0,0,0,0,0,0.0960662747675652,4.29800770132262e-08,0.192245496826274,0,0.00160940759138345,0.0779258868290641,2.86037839723199e-05,0.0171815482794799,0.0080838210793013,0.0224974279172945,0.00485325836067861,0.01220830860567,0.000126101700150678,1.82625509236006e-06,0.000271881506222445,1.79467604218985e-07,7.42452768011608e-05,0,0,0,0
BHR,2021,18198973799.994,0,11541759.726,0,5793965895.685,0,114808470.422,4488704183.695,631554.413,975120590.36,286715343.969,2358723717.883,201421612.978,556804752.031,1040.133,24323.644,1352041.698,1770.479,2515113.158,0,0,0,0,4.084e+10,0,0.000634198381339711,0,0.318367725530047,0,0.00630851341859934,0.246646005045432,3.47027486242223e-05,0.0535810755637398,0.0157544786381908,0.129607512149052,0.0110677456427827,0.0305953928034768,5.71533874069506e-08,1.33653931629969e-06,7.42921943214428e-05,9.72845512861051e-08,0.00013820082305964,0,0,0,0,0,0.000282609199951028,0,0.141869879913932,0,0.00281117704265426,0.109909504987635,1.54641139324192e-05,0.0238766060323213,0.00702045406388345,0.0577552330529628,0.00493196897595495,0.0136338088156464,2.5468486777669e-08,5.95583839373164e-07,3.31058202252693e-05,4.33515915768854e-08,6.15845533300686e-05,0,0,0,0
BHR,2022,22252183289.268,0,14654386.525,0,7156857281.914,0,159156728.771,6869300134.117,1364936.299,700828812.471,425438377.696,2150001040.033,90480664.778,445605284.576,3057.979,87884.867,1928929.622,7956.037,3311622.011,0,0,0,0,4.6458e+10,0,0.000658559492095666,0,0.321624947488442,0,0.00715240957267144,0.308702298773082,6.13394326865128e-05,0.0314948337140923,0.0191189499100155,0.0966197793755332,0.0040661477393833,0.0200252388173933,1.37423773669653e-07,3.94949411738784e-06,8.66849601643495e-05,3.57539612925852e-07,0.00014882234106876,0,0,0,0,0,0.000315433004541737,0,0.154050051270266,0,0.00342581963861983,0.147860435966185,2.93800055749279e-05,0.0150852127183908,0.00915748369916914,0.0462783813343881,0.0019475798522967,0.00959157270170907,6.5822441775367e-08,1.89170577726118e-06,4.15198592707392e-05,1.71252249343493e-07,7.12820614533557e-05,0,0,0,0
BHR,2023,12406927759.432,0,33826429.272,68.013,68822166.692,0,100901640.167,4755274242.988,893362.17,644907116.34,482778478.413,1831371467.111,97804880.509,508636325.452,2981.532,70342.332,677372.578,2743.723,3469519.345,0,0,0,0,4.6192e+10,0,0.00272641462317571,5.48185669480465e-09,0.00554707563600344,0,0.00813268539347241,0.383275725884109,7.2005107736752e-05,0.0519795979185684,0.0389120084983151,0.147608779757644,0.00788308616004045,0.0409961543513723,2.40311869127583e-07,5.6696011586369e-06,5.45963183742283e-05,2.21144432626696e-07,0.000279643712954031,0,0,0,0,0,0.000732300599064773,1.47239781780395e-09,0.0014899152816938,0,0.00218439643589799,0.102945840036976,1.93401924575684e-05,0.0139614460586249,0.0104515604090102,0.0396469403167432,0.00211735539723329,0.0110113510012989,6.45465015587115e-08,1.52282499134049e-06,1.46642833824039e-05,5.93982291305854e-08,7.51108275242466e-05,0,0,0,0
BHR,2024,12452725986.221,0,6945539.394,30.005,13899803.115,0,221958421.573,4900845368.881,2378832.995,501114425.118,472862221.57,1772307569.149,160264932.585,538379624.97,0,29726.346,555251.73,4110.851,2197575.129,0,0,0,0,4.711e+10,0,0.000557752527573904,2.40951258649718e-09,0.00111620565090569,0,0.0178240830014728,0.39355602735528,0.000191029096571481,0.0402413435959713,0.0379725870538888,0.142322859357065,0.0128698674300176,0.0432338771097766,0,2.3871356386459e-06,4.45887696087097e-05,3.3011655476469e-07,0.000176473418866811,0,0,0,0,0,0.000147432379409892,6.36913606452982e-10,0.000295049949373806,0,0.00471149271010401,0.104029831646805,5.04952875185736e-05,0.0106371136726385,0.0100374065287625,0.0376206234164509,0.00340193021831883,0.0114281389295266,0,6.30998641477393e-07,1.17862816811717e-05,8.72606877520696e-08,4.6647742071747e-05,0,0,0,0
BRA,2000,54993153735,158584973,701508556,2135029,2744851185,0,137437757,1482187349,161686086,3434293416,573931813,3048240096,375360231,976584323,203057,9364531,26241556,2187827236,4400686812,0,0,0,0,6.55454e+11,0.00288372210410384,0.0127562888897119,3.8823541750092e-05,0.0499125981795268,0,0.00249917940080837,0.026952215836581,0.00294011299623095,0.0624494720297205,0.0104364229730423,0.0554294469214987,0.00682558110430944,0.0177582891082397,3.69240507606615e-06,0.000170285396708209,0.000477178598020625,0.0397836291866923,0.0800224484888783,0,0,0,0,0.000241946762091619,0.00107026359744543,3.25732850817906e-06,0.00418770986980017,0,0.000209683298904271,0.00226131406475512,0.000246678006389464,0.00523956435691902,0.000875624853918048,0.00465057821906648,0.000572672118867228,0.00148993571326134,3.09795958221324e-07,1.42870910849579e-05,4.00356943431576e-05,0.00333788066897143,0.00671395217971055,0,0,0,0
BRA,2001,58032294243,720871546,1332498971,653607,5202973065,0,117139890,1165244061,108174497,2845420380,647545542,2931415681,335670218,920383760,151254,497328063,1008027188,2725507890,5482265351,0,0,0,0,5.59982e+11,0.0124219032765011,0.0229613353802694,1.12628151019351e-05,0.0896565116521754,0,0.00201852936417605,0.0200792347812538,0.00186403964225571,0.049031671367072,0.0111583653627154,0.0505135238790528,0.00578419692653267,0.0158598547930236,2.60637636290322e-06,0.00856985010652046,0.0173701074746255,0.0469653651566388,0.094469216192694,0,0,0,0,0.00128731199574272,0.00237953893339429,1.16719287405667e-06,0.00929132197999221,0,0.000209185098806747,0.00208085985085235,0.000193174953837802,0.00508127114800119,0.00115636849398731,0.00523483912161462,0.00059943037097621,0.00164359525841902,2.7010511052141e-07,0.000888114373319142,0.0018001064105632,0.00486713481861917,0.00979007423631474,0,0,0,0
BRA,2002,60144460644,1691370883,1186826427,19738067,6784559829,0,172514660,1262895388,107369171,3450811035,729059196,3048850425,349176578,990257147,231189,267596796,543323804,3029955564,6097576132,0,0,0,0,5.09798e+11,0.0281218064787606,0.0197329299205944,0.000328177637452454,0.112804400544189,0,0.00286833830003279,0.0209977007770538,0.00178518802646726,0.0573753758542392,0.0121218012131718,0.0506921234699634,0.00580563154546858,0.0164646442315181,3.84389514054215e-06,0.00444923427917872,0.0090336466265111,0.0503779655109812,0.101382173299251,0,0,0,0,0.00331772757641262,0.00232803272472626,3.87174272947324e-05,0.0133083296305596,0,0.000338398071392983,0.00247724665063417,0.000210611204830148,0.0067689771929274,0.00143009426478723,0.0059805068380025,0.000684931243355211,0.00194245004295819,4.53491382861447e-07,0.000524907504541014,0.00106576291786158,0.00594344341091962,0.0119607690340095,0,0,0,0
BRA,2003,72772250490,2121931508,1599764477,26510856,8665555987,0,150010881,1500140207,137878834,4701312235,700316503,3455920298,327128151,940620251,7412392,375135989,801474832,4286800347,8621423848,0,0,0,0,5.58232e+11,0.0291585253130462,0.0219831661962939,0.00036429897140041,0.11907775187179,0,0.00206137476840315,0.0206141791259588,0.00189466222456521,0.0646030898226245,0.00962340037973999,0.0474895344685664,0.00449523202590735,0.0129255347287804,0.000101857396879853,0.00515493181087686,0.011013467724351,0.0589070740307677,0.118471310011015,0,0,0,0,0.00380116422562662,0.00286576992540736,4.74907493658551e-05,0.0155232161305694,0,0.000268724976353917,0.00268730600717981,0.000246991992576563,0.00842178921129566,0.00125452590141733,0.00619083158615056,0.000586007521962195,0.00168499880157354,1.32783358890211e-05,0.000672007317746027,0.00143573788675676,0.00767924509343785,0.0154441591453016,0,0,0,0
BRA,2004,95115400894,2527656409,1817346142,15953749,10120723704,343079888,278634191,1865433328,243591063,6709002437,1007276490,4758875217,412813238,1153777885,207774038,597336147,1640200919,5372628651,10823400992,0,0,0,0,6.6929e+11,0.0265746281384748,0.0191067495370736,0.000167730450064332,0.106404679041188,0.0036069856697796,0.00292943296649215,0.0196123163069975,0.00256100548082078,0.0705353956766344,0.0105900462021134,0.0500326463671584,0.00434013034818677,0.012130295137859,0.00218444159460097,0.00628012016335496,0.0172443253519785,0.0564853704079684,0.1137923079782,0,0,0,0,0.00377662359963543,0.00271533437224522,2.38368255912982e-05,0.0151215821303172,0.000512602740217245,0.000416313094473248,0.00278718242914133,0.000363954433802985,0.0100240589834003,0.00150499258916165,0.00711033366253791,0.000616792777420849,0.0017238833465314,0.000310439477655426,0.00089249226344335,0.00245065803911608,0.00802735533326361,0.0161714667662747,0,0,0,0
BRA,2005,118592084489,4164752018,2796700857,55466130,16138813184,607427738,425323932,1888620352,255119269,8543114944,1256384030,7296640242,458879984,1319879142,14628777,121142329,366373031,5311765923,10703861339,0,0,0,0,8.91633e+11,0.0351182967728871,0.0235825255037102,0.000467705161259264,0.136086765432451,0.00512199225283321,0.00358644452395515,0.0159253491507283,0.0021512335338339,0.072037817539099,0.0105941643189224,0.0615272113095946,0.00386939807978975,0.0111295719919859,0.000123353738683604,0.00102150434004081,0.00308935484673079,0.0447902231071138,0.0902578058655579,0,0,0,0,0.00467092628693644,0.00313660537126822,6.2207354371137e-05,0.0181002869835459,0.00068125309179898,0.000477016812971256,0.00211815887478368,0.00028612587129458,0.00958142525456101,0.00140908202141464,0.0081834569178126,0.000514651189446779,0.00148029418157471,1.64067245155798e-05,0.000135865685769818,0.000410901156641802,0.00595734559286164,0.0120047837383767,0,0,0,0
BRA,2006,137574211351,6894527813,3607536168,14616496,23545666575,1039937422,970728507,2788331205,322124127,8792804392,1468568026,8948871317,658603722,1819222939,64387612,481893916,1227142836,5647357557,11384832477,0,0,0,0,1.107628e+12,0.0501149724595524,0.0262224739111599,0.00010624444695313,0.171148839188522,0.00755910146085995,0.00705603541148662,0.0202678334668842,0.00234145719489642,0.063913173156897,0.0106747333790137,0.0650475930708285,0.00478726147533328,0.0132235752699212,0.000468020942062496,0.00350279250208108,0.0089198609532213,0.0410495361124885,0.0827541176881858,0,0,0,0,0.00622458786975411,0.00325699257151318,1.31962138913065e-05,0.0212577386767037,0.000938886902461837,0.000876403004438313,0.00251738959740996,0.000290823387454994,0.00793840927820532,0.00132586755300516,0.00807931121008136,0.000594607324841915,0.0016424493954649,5.81310801099286e-05,0.000435068376747428,0.00110790160234302,0.00509860490796549,0.0102785704920786,0,0,0,0
BRA,2007,159816180731,8905065606,4258705167,24598206,29283228820,2064623418,1067777109,3003333903,568259774,9530585939,1551565003,10557911454,790875501,2123009841,29146726,1918840061,4255460654,6683731589,13476564185,0,0,0,0,1.397114e+12,0.0557206758744214,0.0266475218436623,0.00015391561660082,0.183230688445052,0.0129187383189637,0.00668128285957018,0.0187924269574128,0.00355570863601406,0.0596346746331132,0.00970843500265827,0.0660628442358468,0.00494865724723574,0.013284073185139,0.000182376564542356,0.0120065443450295,0.0266272203135847,0.041821369766369,0.0843254051207965,0,0,0,0,0.00637390048771969,0.00304821594157671,1.76064415645395e-05,0.0209597991430907,0.00147777734529895,0.000764273430085161,0.00214966989307959,0.000406738300525226,0.00682162367494707,0.00111055003600279,0.00755694342337132,0.000566078001508825,0.00151956808177429,2.08620957201775e-05,0.00137343127404063,0.00304589364504257,0.00478395577526243,0.00964600181874922,0,0,0,0
BRA,2008,195764624177,13682759497,4785437221,4871643,41766772200,2392682556,1000557428,2771404125,351038597,12844071325,2077732933,16538542577,1032512145,2663024191,204090873,1405171666,3930296976,10952173105,22047988453,0,0,0,0,1.695855e+12,0.0698939328518761,0.0244448517760454,2.48852059991969e-05,0.213351990307691,0.0122222417153196,0.0051110226487874,0.01415681784516,0.0017931666585614,0.0656097667236705,0.0106134238590596,0.0844817731831198,0.00527425294197412,0.0136031941531593,0.00104253193782076,0.00717786306850577,0.0200766455764063,0.0559456191385101,0.112624988021663,0,0,0,0,0.0080683546040198,0.00282184338932279,2.87267661445112e-06,0.024628740193,0.00141090043429421,0.00059000175604636,0.00163422233917405,0.000206998002187687,0.00757380278679486,0.00122518312768486,0.00975233293943173,0.000608844591666151,0.00157031361230766,0.000120346888737539,0.00082859187017758,0.00231759022793812,0.00645820138219364,0.0130011047247554,0,0,0,0
BRA,2009,151791674186,9351031046,3085531771,8640883,28713427656,1606025696,595540357,1685842054,220627719,6722998844,1595150977,13239763470,1400507643,3202574736,62739642,1302149964,3443692893,11424264951,22988966151,0,0,0,0,1.669204e+12,0.0616043738640209,0.0203274111544425,5.6925935143266e-05,0.189163389955207,0.0105804597295108,0.00392340594563999,0.0111062880295676,0.00145349025355403,0.0442909591718574,0.0105088173350362,0.0872232521381672,0.00922651160223629,0.0210984874708983,0.000413327294375323,0.00857853351300673,0.0226869682508424,0.0752627903491012,0.151450771422615,0,0,0,0,0.00560209000577521,0.00184850489874216,5.17664886976068e-06,0.0172018684690427,0.000962150639466476,0.000356781050728371,0.00100996765763801,0.000132175407559531,0.00402766758526819,0.000955635726370174,0.00793178273596277,0.000839027250713514,0.0019186239285312,3.75865634158557e-05,0.000780102350581475,0.00206307491055617,0.00684413945269721,0.0137724125697039,0,0,0,0
BRA,2010,200433952776,16293417491,3060946264,2971978,42769598745,2475482578,666687915,1765792473,430879590,8386011778,1402499881,28867719633,1801951425,4142488468,226607963,2214738258,5705460361,11042999979,22220743687,0,0,0,0,2.208704e+12,0.081290705817737,0.0152715955635562,1.48277173544614e-05,0.213384998662369,0.0123506149717385,0.00332622245765454,0.00880984707702395,0.00214973353582235,0.0418392775368353,0.00699731687957778,0.144026095545109,0.00899025040440038,0.0206675985312206,0.00113058670879605,0.0110497160153057,0.0284655383081542,0.0550954557651287,0.110863171529792,0,0,0,0,0.00737691310877329,0.00138585625959839,1.34557550491148e-06,0.0193641152209622,0.00112078512014285,0.000301845749815276,0.000799469948440352,0.000195082541617166,0.00379680200606328,0.000634987703648837,0.0130699811441461,0.000815841065620382,0.00187552902878792,0.000102597705713396,0.00100273203561908,0.0025831711089399,0.00499976455831112,0.0100605349050846,0,0,0,0
BRA,2011,253665436795,21603315936,4311347249,56615044,57589837018,3145584978,934482408,1758436210,601182628,12011275552,1692233239,41817213855,2324295606,5365541523,698395311,2715091157,7888372822,16322085276,32848144466,0,0,0,0,2.614027e+12,0.0851646018825132,0.0169961950807047,0.000223187852138301,0.227030681616043,0.0124005265271599,0.00368391697271396,0.00693210802471715,0.00236998242880778,0.0473508559296036,0.00667112264241021,0.164851839428147,0.00916283919231134,0.0211520402258671,0.00275321431182763,0.0107034335907347,0.0310975469171821,0.0643449319790095,0.129493970014316,0,0,0,0,0.00826438133041472,0.00164931243977205,2.16581710900461e-05,0.0220310796399578,0.00120334831201055,0.00035748766481754,0.000672692443498097,0.000229983327639692,0.00459493170958066,0.000647366396368515,0.0159972386876647,0.000889162815074213,0.0020525960607905,0.000267172187203881,0.00103866224679393,0.00301770900683122,0.00624403851834736,0.0125661075673664,0,0,0,0
BRA,2012,239952538158,20289442464,5367784063,155222917,57215587178,3021288480,707740338,1483905399,477425735,10706176411,1666805295,30989292517,2663980757,5982679902,619049590,5381496441,13132173417,17449785616,35126052270,0,0,0,0,2.464053e+12,0.0845560652108632,0.0223701908060898,0.000646890081645193,0.238445434323039,0.0125911920048564,0.00294950136153167,0.00618416212802426,0.00198966736782602,0.0446178919097341,0.00694639576557623,0.129147592081709,0.0111021153493524,0.024932763570355,0.00257988348342612,0.0224273370155246,0.054728212161494,0.0727218213649816,0.146387500376724,0,0,0,0,0.00823417453439516,0.00217843693418932,6.29949587123329e-05,0.0232201122208004,0.00122614589864747,0.00028722610187362,0.000602221380384269,0.000193756276752164,0.00434494566918812,0.000676448637671349,0.0125765527433866,0.0010811377665172,0.00242798344921964,0.000251232254338685,0.00218400190296231,0.00532950119863493,0.0070817411865735,0.0142553964017819,0,0,0,0
BRA,2013,232543660117,12956638294,4531874325,69514960,39957742043,3651936066,1042682095,1251457857,448664745,8372048231,1707754912,32491530731,2667541210,5948729396,348251871,6307398694,14447554009,22812299141,45839178760,0,0,0,0,2.471718e+12,0.0557170136888751,0.0194882729665469,0.000298932940012318,0.171828989114973,0.0157043028572037,0.00448381217735798,0.00538160385181154,0.00192937852949533,0.0360020489347582,0.00734380335779,0.139722281461694,0.0114711414134356,0.0255811291221915,0.00149757628664133,0.0271235031341063,0.0621283504427985,0.0980989940965168,0.197120741700448,0,0,0,0,0.00524195652335744,0.00183349165438776,2.81241468484673e-05,0.0161659793079146,0.00147748896354681,0.00042184508710136,0.000506310937170017,0.000181519390561545,0.00338713729923883,0.000690918184032321,0.0131453226990296,0.00107922554676545,0.00240671848325739,0.000140894661526922,0.00255182779508018,0.0058451465778054,0.00922932921190848,0.0185454727278759,0,0,0,0
BRA,2014,220920757240,16356785878,3923444109,62127593,45543129854,3610508600,749460329,1182040068,281930270,9598110106,1814687648,25819090176,2322608207,5197222465,100700882,3931808559,9151201548,23277378054,46777477057,0,0,0,0,2.456055e+12,0.0740391535967379,0.0177595086945032,0.000281221166250607,0.206151429240864,0.016343003007534,0.00339243961664415,0.00535051609802277,0.00127616016494874,0.0434459406436534,0.00821420164710277,0.116870367902782,0.0105133090978717,0.0235252790635419,0.000455823541699173,0.0177973704604345,0.0414230046208762,0.10536528275934,0.211738714104545,0,0,0,0,0.00665977996339659,0.00159745775603559,2.52956847464735e-05,0.0185432043883382,0.00147004387116738,0.000305148023558104,0.000481275894880204,0.000114789884591347,0.00390793777256617,0.0007388627893105,0.0105124234498006,0.000945666203321994,0.00211608553757957,4.10010696014544e-05,0.00160086340045317,0.00372597582220268,0.00947754755247745,0.0190457774996895,0,0,0,0
BRA,2015,186774916313,11781324149,1689737256,13145058,30029787853,3968227712,1053826939,1053375282,255222425,8907351601,1433394156,14037103623,2324351715,5120955432,353322906,5008861373,11297532456,20983574666,42190425906,0,0,0,0,1.800046e+12,0.0630776572227541,0.00904691748418891,7.0379140087373e-05,0.16078062539552,0.0212460419757329,0.0056422294802905,0.00563981129154805,0.00136647056274031,0.047690298980367,0.00767444678490927,0.0751551862535782,0.0124446674151085,0.0274177899960519,0.00189170426615476,0.0268176341442235,0.060487418112759,0.112346856206512,0.225889143675464,0,0,0,0,0.00654501282133901,0.00093871893051622,7.30262337740258e-06,0.0166827891359443,0.00220451461351543,0.000585444449197409,0.000585193535054104,0.000141786612675454,0.00494840220805468,0.000796309736528955,0.00779819161454763,0.00129127350912143,0.00284490253693517,0.000196285487148662,0.00278262965113114,0.0062762465270332,0.0116572435737753,0.0234385265187667,0,0,0,0
BRA,2016,179526127510,10073804866,1151573323,94680992,24848991875,3856556942,910141747,990171273,94235698,7891897310,1242867555,13289341907,2893029964,6310213081,115375105,3739923215,8173785371,19331323434,38889234337,0,0,0,0,1.796622e+12,0.0561133078829368,0.00641451658859992,0.000527393941557203,0.13841434792613,0.0214818700513951,0.00506968963027013,0.00551547168500499,0.000524913556076961,0.0439596030920926,0.00692304553236002,0.0740245561541439,0.0161148129474293,0.0351492741949135,0.000642664700677473,0.0208321945494629,0.0455297815664447,0.107679721621151,0.216621585261086,0,0,0,0,0.00560708088067496,0.000640965836441945,5.26994504130529e-05,0.0138309515718944,0.00214656001206709,0.000506584995062957,0.000551129437911814,5.24515997243716e-05,0.0043926308984305,0.000691780215871786,0.00739684914634241,0.0016102607916412,0.00351226528507388,6.42177959526267e-05,0.0020816416669728,0.00454952982374701,0.0107598167193767,0.0216457520485667,0,0,0,0
BRA,2017,214988108353,16625024187,1778618062,47607024,39674187255,4970516472,735677736,974459126,55325692,10761291671,1490808676,19199154200,2800415727,6135983873,102807663,4631045783,9990503021,25717736995,51726196826,0,0,0,0,2.063519e+12,0.0773299710126409,0.00827309973386805,0.000221440266462699,0.184541310488936,0.0231199600297829,0.00342194617942334,0.00453261872698552,0.0002573430336396,0.0500552879572785,0.00693437738217671,0.0893033309938982,0.0130259098908013,0.0285410384788586,0.000478201626069451,0.0215409392569567,0.0464700261681269,0.119623997773741,0.240600269578949,0,0,0,0,0.00805663732051898,0.000861934424640626,2.30707950835442e-05,0.0192264705364962,0.00240875730826806,0.000356516095078359,0.000472231719698244,2.68113315166955e-05,0.00521501942603872,0.000722459389033975,0.00930408404284138,0.00135710682915932,0.00297355336829949,4.98215247836342e-05,0.00224424673724836,0.00484148826398012,0.0124630483145539,0.0250669835489763,0,0,0,0
BRA,2018,231889523399,25251318666,4001657625,475186,60947471158,5280508928,855644128,884394478,52271508,11781499625,1671734439,20220359432,2812731419,6182867345,40494932,3993651596,9068073486,33055027250,66436803006,0,0,0,0,1.916934e+12,0.108893745158773,0.0172567417723075,2.04919132626088e-06,0.262829774560927,0.0227716580318038,0.00368987833282894,0.0038138612949679,0.000225415565282176,0.0508065196405109,0.00720918485016477,0.0871982448176751,0.012129618353479,0.0266629869878229,0.000174630278274032,0.0172222165859918,0.0391051452134689,0.142546445244635,0.286501960210103,0,0,0,0,0.0131727637289547,0.00208753020448278,2.4788855537019e-07,0.0317942459980365,0.0027546639206149,0.00044636076568103,0.000461358856382119,2.7268287797076e-05,0.00614601213448142,0.000872087635255048,0.0105482814911729,0.00146730738721312,0.00322539395983378,2.11248441521722e-05,0.00208335372840171,0.00473050897213989,0.0172436960531766,0.0346578458131579,0,0,0,0
BRA,2019,221126807647,24199539301,5865551976,531677,60383986685,4651370020,948659529,782188350,59655746,10954266099,1462920366,22682390645,3658465023,7903282856,116593368,7289549269,15544207246,26077190195,52494538963,0,0,0,0,1.873286e+12,0.109437383727944,0.0265257389568233,2.40439866001572e-06,0.273074021768519,0.0210348535733637,0.00429011542786079,0.00353728414172497,0.000269780704722299,0.0495383902818651,0.00661575311273593,0.102576394451502,0.0165446472181711,0.035740953076194,0.000527269258940897,0.0329654705667203,0.0702954445524049,0.11792866940235,0.237395635208557,0,0,0,0,0.0129182299451338,0.00313115668189481,2.83820516461448e-07,0.0322342593095769,0.0024830004708304,0.000506414679338873,0.000417548815290351,3.18455089078763e-05,0.00584762075785545,0.000780938076727206,0.0121083436512097,0.00195296661748393,0.00421894086434212,6.22400252817776e-05,0.00389131679252394,0.00829782918678728,0.0139205600185983,0.0280227039346902,0,0,0,0
BRA,2020,209180241655,19613857928,5058434271,25682954,49570546707,4817861326,570750923,786088864,57820799,8672768178,1154597600,25789230614,4903472709,10372694862,111730957,5853003283,12655628716,28564147240,57607249512,0,0,0,0,1.476092e+12,0.0937653469219576,0.0241821800710167,0.000122779062672462,0.236975281770429,0.023032105173423,0.00272851259031117,0.00375794987987677,0.000276416159301334,0.0414607427039116,0.00551963029999876,0.123287125064776,0.0234413760602078,0.0495873548091011,0.00053413724028619,0.0279806698600785,0.0605010713051612,0.13655279778819,0.275395271829791,0,0,0,0,0.0132876934012243,0.00342690988840804,1.73992908301109e-05,0.0335822880328597,0.00326393024689518,0.000386663516230696,0.000532547337157847,3.91715414757346e-05,0.00587549297604756,0.00078219894152939,0.0174712894684071,0.00332192892380692,0.00702713303913306,7.56937623129182e-05,0.00396520222520005,0.00857373979128672,0.0193511971069554,0.0390268692683112,0,0,0,0
BRA,2021,280814577460,30608981810,7263332260,35706576,76261239387,6738207582,980805821,1168847522,75257685,14263074996,1260618954,44660652234,5294257228,11559746706,284037396,4188846447,9375919851,38638730742,77796391596,0,0,0,0,1.67065e+12,0.109000686812137,0.025865225109386,0.000127153569885759,0.27157151198058,0.0239952200592571,0.00349271690191977,0.0041623463161078,0.000267997785872494,0.0507917898173633,0.00448915068940666,0.159039650426843,0.0188532136610826,0.0411650520801279,0.00101147667820222,0.0149167699372611,0.0333882946384275,0.137595174337072,0.277038294449231,0,0,0,0,0.0183216004608985,0.00434760857151408,2.13728644539551e-05,0.0456476457588364,0.00403328499805465,0.00058708037051447,0.000699636382246431,4.50469487923862e-05,0.0085374405147697,0.00075456795498758,0.0267325006638135,0.00316898047346841,0.00691931087061922,0.000170016099123096,0.00250731538443121,0.00561213889863227,0.0231279626145512,0.0465665409247898,0,0,0,0
BRA,2022,334463079195,42688098560,13036328436,3714328,112579494192,5488152206,878222625,1584674389,64380341,16661351909,1692852795,28888657635,4907612561,10547002459,967323339,12264069555,27320493759,46664334131,93836297231,0,0,0,0,1.951849e+12,0.127631721452615,0.0389768833898689,1.11053453461584e-05,0.336597673091335,0.0164088431500694,0.00262576852163696,0.0047379650776823,0.00019248863328937,0.0498152201106958,0.00506140408404548,0.0863732334956984,0.014673107037141,0.0315341307159671,0.00289216777328067,0.036667932330581,0.081684632649906,0.139520135505879,0.280558013927424,0,0,0,0,0.02187059478474,0.00667896360630356,1.90297917513086e-06,0.0576783830060625,0.00281177089313774,0.000449943937773875,0.000811883700532162,3.29842836203005e-05,0.00853618897209774,0.000867307253276252,0.0148006621593166,0.00251434027990895,0.00540359549278658,0.000495593326635411,0.00628330857305048,0.0139972373677472,0.0239077583004628,0.048075592543788,0,0,0,0
BRA,2023,339695766008,42611148597,11254337022,47235042,109078136173,6931627238,693688938,1497096574,75321972,14619802697,2032902980,30593438988,3486260220,7571324025,724300843,13613016930,29801085155,53244619427,107277389585,0,0,0,0,2.191137e+12,0.125439151325767,0.0331306367290282,0.000139051017783035,0.321105374538083,0.0204053978048015,0.00204208885542501,0.00440716877809052,0.000221733620307255,0.0430379302892333,0.00598448136074832,0.0900612902760746,0.0102628898233542,0.0222885439932792,0.00213220450614313,0.0400741436667757,0.0877287506559566,0.156742075571663,0.315804317627184,0,0,0,0,0.0194470489964799,0.00513630002231718,2.15573202405874e-05,0.0497815226400723,0.00316348418104391,0.000316588573877398,0.000683251012602133,3.43757473859462e-05,0.00667224491074725,0.000927784515527783,0.0139623578936415,0.00159107359329882,0.00345543159784167,0.000330559359364567,0.0062127639348886,0.013600740234408,0.024299995585397,0.0489596906012723,0,0,0,0
BRA,2024,337036275422,44842761197,11694053448,4846329,113696991933,8320342662,799764325,1586882089,63151649,11915251894,2126032956,29845780006,3960421422,8416734220,608160986,8179619010,19035968924,42941655396,86770737470,0,0,0,0,2.179413e+12,0.133050251462852,0.034696720503922,1.4379250405411e-05,0.337343485625223,0.0246867867608084,0.00237293248033501,0.00470834211247166,0.000187373447920193,0.0353530250685361,0.00630802412392557,0.0885536133124851,0.0117507274759703,0.0249727843374173,0.00180443777227993,0.0242692541025692,0.0564804749879378,0.127409595131068,0.257452220421541,0,0,0,0,0.0205756142580594,0.00536568949896142,2.22368546025925e-06,0.0521686306968895,0.0038176989225998,0.000366963179993879,0.000728123622736948,2.89764487043071e-05,0.0054671840050509,0.000975507146190282,0.0136944122137475,0.00181719638361339,0.00386192714276734,0.00027904806753011,0.00375312940227483,0.0087344477269797,0.0197033124956124,0.0398138110904175,0,0,0,0
CHL,2000,18214503759,0,173896270,23714149,400560089,4787324972,5090381553,27797560,41570,64127585,73661331,141697374,293475822,684928574,8113,66637465,133650423,1133584,137415331,0,0,0,0,7.825e+10,0,0.00954713190657614,0.00130193769282803,0.0219912710387226,0.262830381510368,0.27946858285858,0.00152612227968412,2.28224718883487e-06,0.00352068801041663,0.00404410309359118,0.00777937054310281,0.016112205190053,0.0376034715555492,4.45414275752161e-07,0.00365848369418649,0.00733758244354924,6.22352392905507e-05,0.00754428080051873,0,0,0,0,0,0.00222231654952077,0.000303056217252396,0.00511897877316294,0.0611798718466454,0.065052799399361,0.000355240383386581,5.31246006389776e-07,0.000819521853035144,0.000941358862619808,0.00181082906070288,0.00375048973801917,0.00875308081789138,1.03680511182109e-07,0.000851596996805112,0.00170799262619808,1.4486696485623e-05,0.00175610646645367,0,0,0,0
CHL,2001,18745414508,1391168,245803891,22368763,542030406,4320186230,4844017682,28637110,41624,50474431,89161635,134880618,239555184,591025942,15308,65291684,132899173,706378,120513381,0,0,0,0,7.1517e+10,7.42137763561478e-05,0.0131127477013164,0.00119329252444397,0.0289153598480672,0.230466295005441,0.25841080654326,0.0015276861436048,2.22048970868241e-06,0.00269262816132761,0.00475645043548909,0.00719539266215942,0.0127794018050529,0.0315290943151866,8.16626380465846e-07,0.00348307496599424,0.0070896897448324,3.76827090005686e-05,0.00642895258190041,0,0,0,0,1.9452270089629e-05,0.0034369994686578,0.000312775465973125,0.00757904282897773,0.0604078223359481,0.0677323948431841,0.000400423815316638,5.8201546485451e-07,0.000705768292853447,0.00124671945131927,0.00188599379168589,0.0033496257393347,0.00826413219234588,2.14047009801865e-07,0.00091295333976537,0.00185828786162731,9.87706419452718e-06,0.00168510117874072,0,0,0,0
CHL,2002,17423088183,0,185448031,17381706,409840652,3467977504,4680823229,26827465,52601,64630056,71624902,140028683,240580873,586891306,64011,65088222,132890434,844710,101793337,0,0,0,0,7.0295e+10,0,0.0106438094700654,0.00099762486520384,0.0235228478267067,0.199044937818989,0.26865634724659,0.0015397652079943,3.01903999150528e-06,0.00370944894046169,0.00411091887085124,0.00803696115919498,0.0138081648025371,0.0336846889504146,3.67391815547697e-06,0.00373574542677846,0.00762726059836301,4.84822203232718e-05,0.00584243940745944,0,0,0,0,0,0.00263813971121701,0.00024726802759798,0.00583029592431894,0.0493346255636959,0.0665882812291059,0.000381641155131944,7.48289352016502e-07,0.00091941185006046,0.00101891887047443,0.00199201483747066,0.00342244644711573,0.00834897654171705,9.10605306209546e-07,0.000925929610925386,0.00189046779998577,1.20166441425421e-05,0.00144808787253716,0,0,0,0
CHL,2003,21746916120.53,0,572924207.29,35142992.973,1219306152.586,5528136889.98,5324901408.47,28995639.565,35597.1,101268463.738,81028369.363,137446168.45,282271866.99,664649937.059,62004.51,68757201.87,142154732.1,1329806.58,120545078.59,0,0,0,0,7.6508e+10,0,0.0263450782683222,0.00161599892040893,0.0560680027378652,0.254203256192321,0.244857771049343,0.00133332190202485,1.63688036513806e-06,0.00465668158081496,0.00372597056584523,0.00632026020095075,0.0129798572554167,0.0305629512421553,2.85118633172384e-06,0.00316169895027508,0.00653677658533846,6.11492026101396e-05,0.00554308840489804,0,0,0,0,0,0.00748842222107492,0.000459337493765358,0.0159369759056046,0.0722556711713808,0.0695992760034245,0.000378988335402834,4.65272912636587e-07,0.00132363234874784,0.00105908361691588,0.00179649407186177,0.00368944250261411,0.00868732599282428,8.10431719558739e-07,0.000898692971584671,0.001858037487583,1.73812748993569e-05,0.00157558789394573,0,0,0,0
CHL,2004,33117189672.479,0,683966360.406,47166132.118,1465439986.388,10983118807.7,10071741548.187,35907949.386,34926.61,224024596.786,98023674.526,161014387.25,311101472,763298763.704,54998.04,75879657.78,157984605.28,599042.64,136625993.39,0,0,0,0,9.9079e+10,0,0.0206529106838552,0.00142421904106181,0.0442501311518534,0.331644046983467,0.30412428251896,0.00108426921913124,1.05463689236363e-06,0.00676460167669869,0.00295990316495543,0.00486195805991974,0.00939395749085953,0.023048415981333,1.66070975659219e-06,0.00229124688810951,0.0047704713727955,1.80885710993109e-05,0.0041255310230487,0,0,0,0,0,0.00690324246718275,0.000476045702096307,0.0147906214877825,0.11085213625188,0.101653645557454,0.000362417357724644,3.52512742357109e-07,0.00226107042648795,0.000989348646292352,0.0016251111461561,0.00313993350760504,0.00770394093303324,5.55092804731578e-07,0.000765850056823343,0.00159453168966179,6.04611108307512e-06,0.00137896015694547,0,0,0,0
CHL,2005,42081063484.579,0,1114114567.881,48790371.779,2328476173.51,15284717812.66,12498925481.618,46768140.293,16445.73,537859362.843,162095958.256,308261901.37,336799119.07,796669977.512,31215.79,80178783.56,164331283.15,932689.12,159841216.61,0,0,0,0,1.22315e+11,0,0.0264754375394832,0.00115943770757789,0.0553331113973223,0.363220806391008,0.297020190238261,0.00111138209019215,3.908107029193e-07,0.0127815059388911,0.0038519929116193,0.00732543039181901,0.00800357907288686,0.0189317928669732,7.41801357074526e-07,0.00190534118961566,0.00390511240787013,2.21641052475252e-05,0.0037984120023149,0,0,0,0,0,0.00910856859650084,0.000398891156268651,0.0190367180927114,0.124961924642603,0.102186367016457,0.0003823581759637,1.3445390998651e-07,0.00439732954129093,0.00132523368561501,0.00252022974590197,0.0027535389696276,0.00651326474685852,2.55208191963373e-07,0.000655510636961943,0.00134350883497527,7.62530450067449e-06,0.00130679979242121,0,0,0,0
CHL,2006,59515580670.26,0,1404625109.655,54416696.375,2920326714.07,24992045299.94,22068133265.768,59896338.274,93437.99,646267271.896,196484681.687,327797824.5,521068415.03,1311422026.015,33685.51,100590680.87,206442244.53,2053137.46,161746765.73,0,0,0,0,1.5384e+11,0,0.0236009645514035,0.000914326899984227,0.0490682722268942,0.419924413380185,0.370795899447478,0.00100639761217906,1.56997527282282e-06,0.0108587913386341,0.00330139905339416,0.00550776487112056,0.00875515972728093,0.0220349362510768,5.65994813805668e-07,0.00169015709394339,0.00346870923890959,3.44974784229225e-05,0.00271772137494787,0,0,0,0,0,0.0091304284298947,0.000353722675344514,0.0189828829567733,0.162454792641316,0.143448604171659,0.000389341772451898,6.07371229849194e-07,0.00420090530353614,0.00127720151902626,0.0021307710900936,0.00338708018090224,0.0085245841524636,2.18964573582943e-07,0.000653865580278211,0.00134192826657566,1.33459273270931e-05,0.00105139603308632,0,0,0,0
CHL,2007,68715323371.857,0,1200564338.61,54572006.113,2513759991.586,29365032182.94,25025600267.911,72684672.861,347929.58,841662305.575,225151662.606,402001234.98,568111362.97,1628949370.277,54126.62,116654490.69,243235798.99,2478104.91,179974202.78,0,0,0,0,1.72565e+11,0,0.0174715664526975,0.000794175206273576,0.0365822333103584,0.427343287377539,0.364192425210364,0.00105776512856765,5.06334777931785e-06,0.0122485388160119,0.00327658594266636,0.00585024147822963,0.00826760808350755,0.0237057659099099,7.87693593568506e-07,0.00169764886441293,0.00353976066842784,3.60633522247955e-05,0.00261912764065824,0,0,0,0,0,0.00695717172433576,0.000316240292718686,0.0145670326635529,0.170167949369455,0.145021297875647,0.000421201708695274,2.01622333613421e-06,0.0048773639241735,0.00130473539017761,0.00232956413513748,0.00329215868206183,0.00943962779403123,3.13659316779185e-07,0.000676003191203315,0.00140953147503839,1.4360414394576e-05,0.00104293572149625,0,0,0,0
CHL,2008,64692345179.432,0,1477869660.237,35924070.164,3037291190.772,19673747102.322,22441451579.105,90716024.506,82229.5,935066496.709,374882167.541,593485396.07,732339998.22,1828750657.408,23920.01,177076681.74,367322336.02,4759228.14,231223917.56,0,0,0,0,1.79663e+11,0,0.0228445831749947,0.000555306351383,0.0469497771698909,0.304112442480706,0.346895007699303,0.00140226829394402,1.27108547034315e-06,0.01445405162103,0.00579484584306256,0.00917396632358739,0.0113203501308967,0.028268424221378,3.69750237584601e-07,0.00273721228143541,0.00567798763518601,7.35670986544035e-05,0.00357420830731476,0,0,0,0,0,0.00822578750347595,0.00019995252313498,0.0169054907842572,0.109503610105152,0.124908587628532,0.00050492324243723,4.57687448166846e-07,0.0052045579596745,0.00208658525985317,0.00330332564896501,0.00407618707368796,0.0101787828178757,1.33138208757507e-07,0.000985604613860394,0.00204450741677474,2.64897510338801e-05,0.00128698684514897,0,0,0,0
CHL,2009,55620204938.705,0,780417430.098,16018414.74,1601207482.906,19731019285.51,20063936766.179,74844469.432,56582.96,308594039.163,219316314.334,534036241,883487599.86,2125013888.177,7298.46,195162568.04,399303371.035,28114990.64,312622827.02,0,0,0,0,1.71794e+11,0,0.0140311858066334,0.000287996327191759,0.0287882341438795,0.354745533700462,0.360731083035203,0.00134563454979141,1.01730944829053e-06,0.00554823628397413,0.00394310511037657,0.00960147920325937,0.0158842924227559,0.038205790333186,1.31219581230294e-07,0.00350884302305384,0.00717910643218671,0.000505481608185074,0.00562067017488553,0,0,0,0,0,0.00454275137721923,9.32419918041375e-05,0.00932050876576598,0.114852784646204,0.116790672352812,0.00043566404782472,3.29365169912803e-07,0.00179630277636588,0.00127662383048302,0.0031085849389385,0.00514271511147072,0.0123695465975354,4.2483788723704e-08,0.00113602668335332,0.00232431499956343,0.000163655253617705,0.0018197540485698,0,0,0,0
CHL,2010,71419914497.583,0,764150342.418,11245575.16,1562657541.506,27507122317.94,27977104058.298,82758298.716,59956.3,462723372.978,274272675.053,1182567097.57,1025375884.734,2461260451.461,6779.29,166374757.85,347263550.34,25913875.46,330123370.83,0,0,0,0,2.17105e+11,0,0.0106994015295812,0.000157457135577789,0.0218798573548962,0.385146391051349,0.391726932958521,0.00115875661988927,8.39489943691112e-07,0.00647891244666303,0.00384028288163635,0.0165579461399386,0.0143570024123832,0.0344618229911812,9.49215642120298e-08,0.002329528941898,0.00486227899855232,0.000362838231357404,0.00462228739914232,0,0,0,0,0,0.0035197270556551,5.17978635222588e-05,0.00719770406718408,0.126699626070058,0.128864393073849,0.000381190201589093,2.76162686257802e-07,0.00213133448321319,0.00126331809517515,0.00544698232454342,0.00472294919386472,0.0113367285482186,3.1225858455586e-08,0.00076633314686442,0.0015995188979526,0.000119361025586698,0.00152057009663527,0,0,0,0
CHL,2011,81857173311.667,0,1035091668.622,720,2099247823.654,29067304952.954,30481194713.12,120245743.157,103353.95,651440359.381,401299748.926,1609622881.59,1447933834.63,3579239981.606,59164.34,167146654.82,372351852.24,22098420.55,393446206.21,0,0,0,0,2.51225e+11,0,0.0126450942140519,8.79580824588991e-09,0.0256452518298087,0.355097834154152,0.372370477503107,0.00146897013776875,1.2626132300768e-06,0.0079582562288179,0.00490243838982897,0.0196637975203644,0.0176885393918633,0.0437254285336512,7.22775263381436e-07,0.00204193045102593,0.00454879929486802,0.000269963152353935,0.00480649636791114,0,0,0,0,0,0.00412017780325207,2.86595681162305e-09,0.00835604666595283,0.115702278646448,0.121330260575659,0.000478637648152055,4.11399940292566e-07,0.00259305546574187,0.00159737187352373,0.00640709675227386,0.0057634942168574,0.0142471488968295,2.35503393372475e-07,0.000665326519335257,0.00148214489895512,8.796266514081e-05,0.00156611088152055,0,0,0,0
CHL,2012,78283508361.609,0,990671792.999,1420770.76,1996789694.828,31824567936,26435306553.185,114846509.227,124262.171,492094064.806,377452381.198,1338595893.8,1636303184.54,3801765947.913,15409.55,273815231.86,567785015.658,13740168.9,400810177.663,0,0,0,0,2.67165e+11,0,0.0126549232875827,1.81490430070807e-05,0.0255071564448081,0.406529658698933,0.337686788781545,0.00146705879221072,1.58733523318865e-06,0.0062860502180473,0.00482160788520697,0.0170993344807278,0.0209022719955466,0.0485640721459722,1.96842864129439e-07,0.00349773838182094,0.0072529326743415,0.000175518052110428,0.00511998230599948,0,0,0,0,0,0.00370808973106133,5.31795242640316e-06,0.00747399432870324,0.119119525147381,0.0989474914497969,0.00042987108800554,4.65113959538113e-07,0.00184191067245335,0.00141280624781689,0.00501037147006532,0.00612469142492467,0.0142300299362304,5.76780266876275e-08,0.00102489185282503,0.00212522229954523,5.14295244511819e-05,0.00150023460282223,0,0,0,0
CHL,2013,77069413216.839,0,965214370.122,35279481.633,2064904962.98,33302902789.544,23487820609.747,128052155.128,2591313.75,347517835.286,347996047.338,1375060894.66,1377303973.718,3046878553.951,28528.5,370116807.31,760221655.199,14048709.51,461380019.136,0,0,0,0,2.77218e+11,0,0.0125239615800151,0.000457762426888333,0.0267927946612267,0.43211569154996,0.304761897481466,0.00166151719317907,3.36231150834015e-05,0.00450915377165568,0.00451535872420482,0.0178418497983265,0.0178709544581958,0.039534212429754,3.7016630605106e-07,0.00480238257775048,0.00986411630071809,0.000182286447030201,0.00598655160170848,0,0,0,0,0,0.0034817882320845,0.000127262593457135,0.00744866842333471,0.120132541139262,0.0847268958355771,0.000461918616857491,9.34756671644698e-06,0.0012535904424893,0.00125531548217648,0.00496021504613698,0.00496830643651567,0.01099091167944,1.0290998420016e-07,0.00133511102204763,0.00274232429062687,5.06774794926736e-05,0.00166432201060537,0,0,0,0
CHL,2014,75343198548.585,0,853226711.83,26514707.422,1842712361.619,31576723945.64,21703825927.307,122468184.698,4368373.761,476048905.277,345161217.166,1096693663.55,1080910235.673,2359627193.352,45612.96,279959118.7,583791145.299,7015362.74,398404818.515,0,0,0,0,2.59394e+11,0,0.0113245353033399,0.000351919057496637,0.0244575807387674,0.419105168800045,0.288066160521594,0.0016254710054422,5.79796696337899e-05,0.0063184058342044,0.00458118614307864,0.0145559743238509,0.014346487227722,0.031318383594113,6.05402489921987e-07,0.00371578488958719,0.00774842529312772,9.3112090741358e-05,0.00528786706948855,0,0,0,0,0,0.00328930781679607,0.000102217890244185,0.00710391281841137,0.121732669011774,0.0836712719928256,0.000472131910136703,1.68406893027595e-05,0.00183523483687749,0.00133064456836319,0.00422790682725892,0.00416705951437967,0.00909669149383563,1.75844314055067e-07,0.00107928139702537,0.0022505961791676,2.70452005057943e-05,0.00153590606766155,0,0,0,0
CHL,2015,62118220376.333,0,506915030.425,12496331.484,1079666585.767,25997646448,17001960366.985,129079724.495,208006.413,194806233.525,326189721.015,664861567.61,796874627.86,1747327082.738,34471.03,94318456.904,245546038.846,8448599.28,342906445.884,0,0,0,0,2.42515e+11,0,0.00816048861918353,0.000201170146348254,0.0173808357552103,0.418518854701528,0.273703275206235,0.00207796881032637,3.34855718241488e-06,0.00313605625442581,0.00525111181612791,0.0107031650871845,0.0128283557228824,0.0281290589484391,5.54926232451009e-07,0.00151837023553777,0.00395288270266598,0.000136008392204663,0.00552022327437196,0,0,0,0,0,0.00209024196616704,5.15280765478424e-05,0.00445195796452591,0.107200158538647,0.0701068402654887,0.000532254600725728,8.57705350184525e-07,0.000803274987217286,0.00134502905393481,0.00274152760699338,0.00328587768946251,0.00720502683437313,1.42139785167928e-07,0.000388918033540193,0.00101249835616766,3.48374297672309e-05,0.00141395973809455,0,0,0,0
CHL,2016,60768690454.603,0,401008401.403,94732234.571,1043979664.394,25024440802,15446101507.371,111993656.899,98538.744,171145427.547,298515476.306,848393319,762820380,1717196193.195,51510.754,84380191.024,194282990.316,9349026,360406983.372,0,0,0,0,2.49306e+11,0,0.00659893110091901,0.00155889873325095,0.0171795649467533,0.411798256878588,0.25417861388522,0.00184294998067573,1.62153805294871e-06,0.00281634220297792,0.00491232366655992,0.0139610268487485,0.0125528520409677,0.0282579101235993,8.4765285568365e-07,0.00138854713492692,0.00319709029209932,0.00015384609953022,0.00593080055989096,0,0,0,0,0,0.00160849879827601,0.00037998377323851,0.00418754327771494,0.100376408116933,0.0619563969875214,0.000449221666943435,3.95252196096364e-07,0.000686487399208202,0.00119738584833899,0.00340302005968569,0.00305977545666771,0.00688790559872205,2.06616583636174e-07,0.000338460329972002,0.000779295284975091,3.75002045678804e-05,0.0014456410329956,0,0,0,0
CHL,2017,68903578704.28,0,572721094.2,101527665.005,1406756899.7,33119136284,17904693260.749,144006187.023,99675.838,233858167.43,312443449.241,998511829,665017788,1622446745.367,555073.183,82255457.246,192991279.927,12760860,411461968.902,0,0,0,0,2.76357e+11,0,0.00831192087508257,0.00147347448295445,0.0204163111140789,0.4806591603339,0.259851427131126,0.0020899667293196,1.44659885414353e-06,0.00339399160141843,0.00453450249053018,0.0144914364068869,0.00965142595646766,0.0235466252388749,8.05579613480252e-06,0.00119377627102684,0.00280088906202215,0.0001851987986686,0.00597156166108455,0,0,0,0,0,0.00207239582930774,0.000367378662400446,0.00509036101745206,0.119841857756453,0.0647882748066776,0.000521087531790402,3.60677811671136e-07,0.000846217636716276,0.00113057910326498,0.00361312298584802,0.00240637214906805,0.00587083643753189,2.00853672242787e-06,0.000297642025517718,0.000698340479622373,4.61752732878125e-05,0.00148887840330442,0,0,0,0
CHL,2018,74837981347.413,0,706336391.831,123664292.079,1713453594.757,36093939212,17929312078.458,160612750.213,202320.784,492710501.82,275813100.42,964630108,727241618,1750154295.126,383810.705,86991431.977,190993246.946,13719879,447027330.429,0,0,0,0,2.95428e+11,0,0.00943820743309529,0.00165242688074289,0.0228955079213428,0.482294398674981,0.239575036039876,0.00214613953130835,2.70345057893513e-06,0.00658369577785294,0.00368546953637913,0.0128895794706433,0.00971754722543888,0.023385909983347,5.12855502098959e-06,0.00116239682592677,0.00255208977456742,0.000183327753541475,0.00597326815048376,0,0,0,0,0,0.0023908918309402,0.000418593674529835,0.00579990249657108,0.122175078909244,0.0606892781945449,0.000543661231206927,6.84839568355065e-07,0.00166778538872416,0.000933605143791381,0.0032651952692365,0.00246165433878982,0.00592413141315651,1.29916834220182e-06,0.000294458995007244,0.000646496767219086,4.64406860554856e-05,0.00151315153075876,0,0,0,0
CHL,2019,68792008183.082,0,605234249.621,50485004.368,1341827858.344,35266856952.48,15081848838.638,118092623.356,138120.995,430454389.037,271708182.248,640289419.61,707432163.089,1669452002.875,505662.442,62073915.676,136822130.344,10936785.792,409903732.182,0,0,0,0,2.7804e+11,0,0.00879803142263617,0.000733878915609499,0.0195055776649648,0.512659215567909,0.219238385925577,0.00171666195645445,2.00780582872951e-06,0.0062573313442369,0.00394970563331834,0.00930761343535638,0.0102836387797584,0.0242681097262337,7.3505986430028e-06,0.000902341962612829,0.00198892478876127,0.000158983377297156,0.00595859523523559,0,0,0,0,0,0.00217678841037621,0.000181574609293627,0.00482602452288879,0.126840947174795,0.0542434500022946,0.000424732496604805,4.96766634297223e-07,0.00154817432397137,0.000977226953848367,0.00230286800320098,0.00254435391702273,0.00600435909536398,1.81866796863761e-06,0.00022325534338944,0.000492095131434326,3.93352963314631e-05,0.00147426173277946,0,0,0,0
CHL,2020,74080745459.905,11870850.66,383133498.489,69991743.802,969196301.878,43523369218.838,16867117047.749,109747508.039,75396.24,330224837.231,196943695.884,1693707799.12,839699790.277,2067795201.39,176544.501,104694670.173,236043141.736,15290644.26,368472119.526,0,0,0,0,2.5406e+11,0.000160242051916512,0.0051718364348313,0.00094480344882439,0.013082971774394,0.58751257089326,0.227685573937401,0.00148145793293075,1.01775757697804e-06,0.00445763383158352,0.00265850046002294,0.0228629961618933,0.0113349263032386,0.0279127212955647,2.38313612942181e-06,0.00141325076473028,0.00318629544385126,0.000206405107900484,0.00497392564341067,0,0,0,0,4.6724595213729e-05,0.00150804336963316,0.000275492969385185,0.00381483233046524,0.171311380063127,0.0663902898832914,0.000431974762020783,2.96765488467291e-07,0.00129979074718964,0.000775185766685035,0.00666656616200897,0.0033051239481894,0.00813900339049831,6.94892942611981e-07,0.000412086397595056,0.000929084238904196,6.01851698811304e-05,0.00145033503710147,0,0,0,0
CHL,2021,94676809206.281,0,612014661.776,123276026.514,1507560102,59585120590.844,23962308829.738,130172451.543,301751.345,655641390.733,245195843.189,2521401531,858601579.499,2161915264.504,38052.399,100415385.739,235985424.12,14871159,387229972,0,0,0,0,3.15411e+11,0,0.00646425103366705,0.00130207204433144,0.0159232246485551,0.629352859378905,0.253095864030748,0.00137491380026741,3.18717273564371e-06,0.0069250473925932,0.00258981946312501,0.0266316699109113,0.00906876337190754,0.022834686578776,4.01918899876439e-07,0.00106061227222197,0.00249253672676946,0.000157072879036289,0.00409001924807486,0,0,0,0,0,0.0019403719647571,0.000390842508707686,0.00477966875600407,0.188912626987784,0.0759716967060058,0.000412707393030047,9.56692521820736e-07,0.00207868904614297,0.000777385199593546,0.00799401901328743,0.00272216751951898,0.00685427985867329,1.2064385516041e-07,0.000318363613631104,0.000748183874753893,4.7148510990422e-05,0.00122769964268843,0,0,0,0
CHL,2022,98557005169.484,37836314.78,1258359665.09,363080782.428,3328284384.856,45526693147.92,21659867329.449,161076193.449,115501.89,766960789.294,314465222.645,1594129021.47,838381963.204,2099164372.581,131535.18,87860433.129,213561466.408,9032138.03,486266102.551,0,0,0,0,3.0127e+11,0.000383902846022306,0.0127678358623627,0.00368396728171302,0.0337701452994894,0.461932594944721,0.219769942199456,0.00163434545491723,1.17192978623261e-06,0.00778190031216038,0.00319069377264689,0.0161746901575251,0.00850656898271485,0.0212989870072773,1.33461015555216e-06,0.000891468170911955,0.00216688266897668,9.16437955320156e-05,0.004933856317111,0,0,0,0,0.000125589387526139,0.00417685021771169,0.00120516739943572,0.0110475134758058,0.151115919766057,0.0718952014121851,0.000534657262419093,3.83383310651575e-07,0.00254575891822618,0.00104379866115113,0.00529136330026222,0.00278282591430942,0.00696771790281475,4.36602316858632e-07,0.000291633528492714,0.000708870668861818,2.99802105420387e-05,0.00161405417914495,0,0,0,0
CHL,2023,94935525007.931,19212069.09,1511613131.942,134759853.973,3379580299.509,48644340477.464,19717825257.646,165492697.389,121116.45,772620903.455,296352258.579,1652679173.34,1009359447.813,2555417452.004,90142.546,86032595.862,185101997.08,8575696.61,514804274.742,0,0,0,0,3.35627e+11,0.000202369651280646,0.0159225235423275,0.00141948816274774,0.0355986897341819,0.512393442532711,0.207697016011643,0.00174321148353237,1.27577584881826e-06,0.00813837500124905,0.00312161604999016,0.0174084377076119,0.0106320520977651,0.0269173994854984,9.49513324885172e-07,0.000906221310250433,0.00194976534932036,9.03317973886338e-05,0.00542267264755731,0,0,0,0,5.72423228464933e-05,0.00450384841488319,0.000401516725331991,0.0100694529924857,0.144935718751662,0.058749222373784,0.000493085173090961,3.60866229474983e-07,0.00230202249358663,0.000882980983588925,0.0049241544135007,0.00300738453048473,0.00761386137588454,2.68579542170326e-07,0.000256333953650928,0.00055151104374797,2.5551271530598e-05,0.00153385834495437,0,0,0,0
CHL,2024,99093542747.754,10113086.01,1081703382.36,179952576.032,2579926233.269,62587302044.626,19563821226.537,181025465.436,95524.824,583738778.17,264860677.279,1554435993.26,1202822168.059,2909072893.482,26435.855,72643442.916,150962259.987,6467385.38,430334911.346,0,0,0,0,3.3021e+11,0.000102055953693605,0.0109159825389785,0.00181598690532314,0.0260352608427402,0.631598188026682,0.197427810975912,0.00182681394182067,9.6398636430995e-07,0.0058907852316465,0.00267283487838569,0.0156865518191924,0.0121382497255227,0.0293568361047212,2.66776767354997e-07,0.000733079481282815,0.0015234318584338,6.52654572706412e-05,0.00434271395908644,0,0,0,0,3.0626225765422e-05,0.00327580443463251,0.000544964041161685,0.00781298638220829,0.189537876032301,0.0592466043624875,0.000548213153556828,2.89285073135278e-07,0.00176778043720663,0.000802097687165743,0.0047074164721238,0.00364259764410224,0.00880976618964296,8.00577057024318e-08,0.00021999165051331,0.00045717046723903,1.9585673904485e-05,0.00130321586670906,0,0,0,0
CIV,2000,3611252483,69360647,641742582,2459920,1447680784,0,2713295,1820901,18102,15918002,12416898,0,33409471,66819993,0,40503,259220,21474,4544213,0,0,0,0,1.4851e+10,0.0192068118544787,0.177706373348584,0.000681181947698227,0.400880522980592,0,0.00075134458550679,0.000504229767531322,5.01266529693377e-06,0.00440788952723027,0.00343839098995505,0,0.00925149131977765,0.0185032736743154,0,1.12157762966362e-05,7.17811898282605e-05,5.9464133568863e-06,0.0012583481829066,0,0,0,0,0.00467043613224699,0.0432120787825736,0.000165640024240792,0.0974803571476668,0,0.00018270116490472,0.000122611339303751,1.21890781765538e-06,0.00107184714834018,0.000836098444549189,0,0.0022496445357215,0.00449935984108814,0,2.72729109150899e-06,1.74547168540839e-05,1.445963234799e-06,0.000305987004242139,0,0,0,0
CIV,2001,3649815674,55262749,463375810,1627962,1061879510,3438,2060060,1676596,1162,15543442,17314504,0,30864344,61782941,0,1066677,3497803,21774,4220230,0,0,0,0,1.5485e+10,0.0151412438150431,0.126958688160864,0.000446039511418899,0.290940585729974,9.41965377728826e-07,0.00056442850379408,0.000459364567899546,3.18372242269022e-07,0.00425869232540317,0.00474393929626157,0,0.00845641170864236,0.0169276880035668,0,0.000292255032931836,0.000958350588748116,5.9657807256159e-06,0.00115628579000946,0,0,0,0,0.00356879231514369,0.0299241724249274,0.000105131546658056,0.0685747181143042,2.22021310946077e-07,0.000133035841136584,0.000108272263480788,7.50403616402971e-08,0.00100377410397159,0.00111814685179206,0,0.00199317688085244,0.00398985734581853,0,6.88845334194382e-05,0.000225883306425573,1.40613496932515e-06,0.00027253664836939,0,0,0,0
CIV,2002,4985289857,91142201,458730689,1298255,1117500987,0,1532636,1994784,0,17010567,13756744,0,31541946,63111608,0,807003,2799010,0,5935225,0,0,0,0,1.7148e+10,0.0182822270348081,0.0920168540161977,0.000260417154717108,0.224159681594217,0,0.000307431672773847,0.000400134005688568,0,0.00341215204891546,0.00275946723151588,0,0.00632700342502873,0.0126595664064313,0,0.000161876846311526,0.000561453813175943,0,0.00119054762516289,0,0,0,0,0.00531503388150222,0.026751264812223,7.57088290179613e-05,0.0651680071728482,0,8.93769535805925e-05,0.000116327501749475,0,0.000991985479356193,0.000802236062514579,0,0.00183939503149055,0.00368040634476324,0,4.70610566829951e-05,0.000163226615348729,0,0.000346117623046419,0,0,0,0
CIV,2003,5326972525,189378407,288462731,29599,1172661624,0,993900,1613265,4868,19254528,15623861,0,14653059,29318146,0,8876,622264,0,10160079,0,0,0,0,2.1206e+10,0.0355508510906014,0.0541513457496198,5.55643939612773e-06,0.220136600760861,0,0.000186578773465703,0.000302848380093719,9.13839892575755e-07,0.00361453488067315,0.00293297195108022,0,0.00275072922400703,0.00550371639095323,0,1.66623724044832e-06,0.000116813818182777,0,0.00190728954435522,0,0,0,0,0.00893041625011789,0.0136028827218712,1.39578421201547e-06,0.0552985770065076,0,4.68688107139489e-05,7.60758747524286e-05,2.2955767235688e-07,0.000907975478638121,0.000736766056776384,0,0.000690986466094502,0.00138254013015184,0,4.1856078468358e-07,2.93437706309535e-05,0,0.000479113411298689,0,0,0,0
CIV,2004,6578856275,296678432,894431240,42675,2409540419,0,1433027,1339933,47233,26858561,16177828,0,16466314,32938093,0,76019,4199926,226,15277603,0,0,0,0,2.2924e+10,0.0450957460687192,0.135955430946088,6.48668981600453e-06,0.366255214930957,0,0.000217823120022484,0.000203672636092054,7.17951540900626e-06,0.00408255779991181,0.00245906390469064,0,0.00250291438385314,0.0050066594592082,0,1.15550479935055e-05,0.00063839759138073,3.43524756512484e-08,0.0023222278100307,0,0,0,0,0.0129418265573198,0.0390172413191415,1.86158611062642e-06,0.105109946737044,0,6.25120834060373e-05,5.84510992845926e-05,2.0604170301867e-06,0.00117163501134183,0.000705715756412494,0,0.000718300209387541,0.00143683881521549,0,3.31613156517187e-06,0.000183210870703193,9.85866340952713e-09,0.000666445777351248,0,0,0,0
CIV,2005,7247936390,506007314,1476078404,2701,3991853537,0,1149677,2212256,61897,21937321,18887274,0,21063733,42140389,0,53427,3872316,0,15233197,0,0,0,0,2.3626e+10,0.0698139838393367,0.203654988754668,3.72657795910927e-07,0.550757253127604,0,0.00015862128723787,0.000305225636782941,8.53994801684511e-06,0.00302669888635709,0.00260588296912468,0,0.00290616968287162,0.00581412235600484,0,7.37133952689118e-06,0.000534264622595563,0,0.00210172884809217,0,0,0,0,0.0214173924489969,0.0624768646406501,1.14323203250656e-07,0.16896019372725,0,4.86615169728266e-05,9.36365021586388e-05,2.61986794209769e-06,0.00092852454922543,0.000799427495132481,0,0.000891548844493355,0.00178364467112503,0,2.26136459832388e-06,0.000163900617963261,0,0.000644764115804622,0,0,0,0
CIV,2006,8147735548,1310329295,1652295458,86054,5967069906,0,1408565,1961298,306,17538214,18560788,0,25415165,50841899,0,47768,2716654,0,13249635,0,0,0,0,2.4628e+10,0.160821284304158,0.202791984136695,1.05617075435301e-05,0.732359300427309,0,0.000172878094987479,0.000240716943799364,3.75564472112884e-08,0.00215252617082117,0.00227803024418927,0,0.00311929183885191,0.00624000358142208,0,5.86273323656479e-06,0.000333424420072992,0,0.00162617391322333,0,0,0,0,0.0532048601185642,0.0670901192951113,3.49415299658925e-06,0.242288042309566,0,5.71936413837908e-05,7.96369173298684e-05,1.2424882247848e-08,0.000712124979697905,0.000753645769043365,0,0.00103196219749878,0.00206439414487575,0,1.93958096475556e-06,0.000110307536137729,0,0.000537990701640409,0,0,0,0
CIV,2007,8067712995,1035424094,1552880206,1519754,5219115650,0,4287458,2519920,20682,32199254,26181142,0,29559710,59129574,3661,32145,829833,0,7129642,0,0,0,0,2.8158e+10,0.128341711541016,0.192480843947027,0.000188374822076823,0.64691389656952,0,0.000531434125464945,0.000312346262387089,2.56355177890162e-06,0.00399112536848493,0.00324517518362712,0,0.00366395160788686,0.00732916181285153,4.53784114812825e-07,3.98440053828415e-06,0.000102858517713049,0,0.000883725289238552,0,0,0,0,0.0367719331628667,0.0551488104979047,5.39723701967469e-05,0.185351077846438,0,0.000152264294339087,8.94921514312096e-05,7.34498188791818e-07,0.00114352063356773,0.000929794090489381,0,0.0010497801690461,0.00209992094608992,1.30016336387528e-07,1.14159386320051e-06,2.94705945024505e-05,0,0.000253201292705448,0,0,0,0
CIV,2008,9726922061.82,1518682138.943,2028431764.996,2511885.355,7163486023.409,0,5702571.055,5438621.73,0,41606332.47,33224570.661,0,73415211.964,146871530.537,0,257884.47,10194617.574,0,12140036.938,0,0,0,0,3.3621e+10,0.156131829708404,0.208537886096361,0.000258240514217712,0.736459691758715,0,0.00058626675722875,0.000559130801648716,0,0.00427744071614521,0.00341573320417696,0,0.00754763032924552,0.0150994867239143,0,2.65124433362374e-05,0.00104808258041008,0,0.00124808617369845,0,0,0,0,0.04517064153187,0.0603322853275036,7.47117978346867e-05,0.213065822652777,0,0.000169613368281729,0.000161762640314089,0,0.00123751026055144,0.000988208877219595,0,0.00218361178917938,0.00436844622518664,0,7.67033907379317e-06,0.000303221723744089,0,0.000361084945064097,0,0,0,0
CIV,2009,10305617950.786,1146241953.856,1415675672.037,2531486.942,5597319732.838,0,3153749.526,5850347.211,29349.015,35582629.379,43961352.172,0,211618629.897,423266622.7,0,109690.83,14142456.938,0,5076649.289,0,0,0,0,3.3693e+10,0.111224960922268,0.1373693143679,0.000245641450526208,0.543132858171896,0,0.000306022359945865,0.000567685241092583,2.84786561467297e-06,0.00345274097573995,0.00426576575824326,0,0.0205342979826707,0.0410714451788617,0,1.06437896809122e-05,0.00137230557211966,0,0.00049260988649524,0,0,0,0,0.0340201808641558,0.0420169077267385,7.51339133351141e-05,0.166127080783486,0,9.36025146469593e-05,0.000173636874454635,8.71071587570118e-07,0.00105608373783872,0.00130476218122459,0,0.0062807891816401,0.0125624498471493,0,3.25559700828065e-06,0.000419744663223815,0,0.000150673709346155,0,0,0,0
CIV,2010,10285208863.135,1091538584.668,1206863917.237,2683059.076,4734258821.014,0,4331956.527,1954187.719,0,32594746.03,29063555.97,441786.658,183349057.454,366700807.124,1364.019,784708.038,6048985.324,9.751,11673186.258,0,0,0,0,3.4431e+10,0.106127021744825,0.117339757830561,0.000260865784225036,0.46029778140752,0,0.000421183136350971,0.000189999808949368,0,0.00316908936548955,0.00282576235025929,4.2953591305616e-05,0.0178264787710022,0.0356532192980889,1.32619475029721e-07,7.62948082476583e-05,0.000588124694840298,9.48060474974917e-10,0.00113494887788229,0,0,0,0,0.0317022039635213,0.0350516661507653,7.79256796491534e-05,0.137499893149023,0,0.00012581558848131,5.6756635560977e-05,0,0.000946668584415207,0.000844110132438791,1.28310725218553e-05,0.00532511566477883,0.0106503095211873,3.96160146379716e-08,2.27907420057506e-05,0.000175684276495019,2.83204089338097e-10,0.000339031287444454,0,0,0,0
CIV,2011,11109599174.72,1313165530.292,1296292229.208,1303666.36,5313640671.454,0,4769785.561,1651512.499,76719.036,41597243.534,27095216.395,0,576414961.661,1152830998.142,0,484796.411,16399649.952,0,9242901.207,0,0,0,0,3.5529e+10,0.118200981839212,0.11668217807153,0.000117345940163755,0.478292743769302,0,0.000429339122499909,0.000148656353215518,6.90565292171611e-06,0.0037442614157183,0.00243890134728312,0,0.0518844066825235,0.103768910112012,0,4.36376149468254e-05,0.00147616936435633,0,0.000831974318932434,0,0,0,0,0.0369603853272538,0.0364854690311576,3.66930214754145e-05,0.149557844900053,0,0.000134250487235779,4.64835064032199e-05,2.1593356413071e-06,0.0011707969133384,0.000762622544822539,0,0.0162237879383321,0.032447606128571,0,1.36450902361451e-05,0.000461584901123026,0,0.000260150896647809,0,0,0,0
CIV,2012,10860929951.203,1255554933.46,1766043631.68,713403.714,6182212272.019,0,4176152.357,2851814.356,19911.292,49934006.8,30140602.746,0,641071833.814,1282146487.676,30920.506,2100740.317,17843225.539,386.335,16149247.477,0,0,0,0,3.703e+10,0.115602893960377,0.162605194915596,6.56853250325015e-05,0.569215739333098,0,0.000384511489878216,0.000262575522428825,1.83329531536059e-06,0.00459758114860773,0.00277514014742923,0,0.059025501195042,0.118051262040778,2.84694829438386e-06,0.0001934217720249,0.00164288192808238,3.55710792478878e-08,0.00148691203695787,0,0,0,0,0.0339064254242506,0.0476922395808804,1.92655607345396e-05,0.166951452120416,0,0.000112777541371861,7.7013620199838e-05,5.37707048339185e-07,0.00134847439373481,0.000813950924817715,0,0.0173122288364569,0.0346245338286795,8.35012314339725e-07,5.67307674048069e-05,0.000481858642695112,1.04330272751823e-08,0.00043611254326222,0,0,0,0
CIV,2013,13742845429.895,959548867.791,1797715663.183,319340.879,5652466045.799,0,3999880.079,3562780.18,111468.126,35142848.995,33120190.964,0,575775096.411,1151551517.994,47326.653,2977569.138,20096953.75,68654.012,24050037.884,0,0,0,0,4.3228e+10,0.0698217026951115,0.130811022531943,2.32368821019651e-05,0.411302453675504,0,0.000291051813061872,0.000259246179997763,8.11099321233155e-06,0.00255717414375871,0.00240999515951429,0,0.0418963524946958,0.0837928014157108,3.44373028434488e-06,0.000216663219650485,0.00146235754833441,4.99561843653251e-06,0.00175000424815109,0,0,0,0,0.0221973921483992,0.0415868340701166,7.38736187193486e-06,0.130759369987022,0,9.25298435967428e-05,8.24183441288054e-05,2.57860937355418e-06,0.000812964953155362,0.000766174492551124,0,0.0133194942262191,0.0266390191078468,1.09481477283242e-06,6.88805667160174e-05,0.000464905934810771,1.58818386231146e-06,0.000556353240584806,0,0,0,0
CIV,2014,12686883814.396,654156804.879,1744432112.959,771765.652,5043130656.785,0,3740548.11,3059961.569,226.536,34914888.707,36165094.311,0,705165391.259,1410435631.675,47551.829,1925824.524,21674208.705,66552.546,21718232.269,0,0,0,0,4.8882e+10,0.0515616611966382,0.137498864061446,6.08317742394918e-05,0.39750743607051,0,0.000294835845013063,0.000241190950730377,1.78559213841736e-08,0.00275204606724478,0.00285058922585568,0,0.0555822376538861,0.111172739682108,3.74810944087328e-06,0.000151796497246608,0.00170839498667166,5.24577563518646e-06,0.00171186499275385,0,0,0,0,0.0133823657967964,0.035686594512479,1.57883403297737e-05,0.103169482770447,0,7.65219939855161e-05,6.25989437625302e-05,4.63434393028109e-09,0.000714268825068533,0.000739844816312753,0,0.0144258702847469,0.0288538855135837,9.7278812241725e-07,3.93974167178102e-05,0.000443398566036578,1.36149392414386e-06,0.000444299174931468,0,0,0,0
CIV,2015,12559700112.812,545064178.624,917924999.679,3443573.227,3092763551.552,0,2771658.294,5278577.405,780.077,25484249.987,38947622.321,0,756172235.746,1514548350.714,35207.19,1595555.355,11088720.241,172881.532,13883830.024,0,0,0,0,4.5815e+10,0.0433978656917124,0.0730849456144766,0.000274176389250509,0.246245015706793,0,0.000220678700056912,0.000420278936406721,6.21095243511629e-08,0.00202904924147065,0.0031009993846326,0,0.0602062333458613,0.120587938972287,2.80318715285929e-06,0.000127037695221114,0.000882880971790762,1.37647818377165e-05,0.00110542687319718,0,0,0,0,0.011897068179068,0.0200354687259413,7.51625717996289e-05,0.0675054796802794,0,6.04967432936811e-05,0.000115215047582669,1.70266724871767e-08,0.00055624249671505,0.000850106347724545,0,0.0165049052874823,0.0330579144540871,7.68464258430645e-07,3.48260472552657e-05,0.000242032527360035,3.77347008621631e-06,0.000303041144254065,0,0,0,0
CIV,2016,10776851158.291,581429646.05,584379232.071,1497945.91,2488680553.892,0,2701317.378,4312622.699,8399.199,37446305.021,46928778.184,471.173,815829005.829,1636810933.376,0,725633.588,11911500.461,365035.286,22299930.827,0,0,0,0,4.8408e+10,0.0539517190605984,0.0542254155214362,0.000138996622297004,0.230928359066866,0,0.000250659245295578,0.000400174655440254,7.79374130405263e-07,0.00347469817212714,0.00435459091850741,4.37208413737356e-08,0.0757019832459461,0.151882113739387,0,6.73326166745604e-05,0.00110528579137294,3.38721654997681e-05,0.00206924365006599,0,0,0,0,0.0120110239226987,0.0120719557112667,3.0944180920509e-05,0.0514105221015535,0,5.58031188646505e-05,8.90890493100314e-05,1.73508490332177e-07,0.000773556127520245,0.000969442616592299,9.73337051726987e-09,0.0168531855443109,0.0338128188187077,0,1.49899518261444e-05,0.000246064709572798,7.54080494959511e-06,0.000460666229280284,0,0,0,0
CIV,2017,12445558550.241,619037056.682,707243689.837,3438880.612,2900679055.898,1908883.2,3959686.243,7874733.053,10815.872,33450966.134,25142431.411,0,835019456.165,1672182009.387,205058.042,13413377.284,36260871.784,151493.232,23154939.97,0,0,0,0,5.2512e+10,0.0497395961927328,0.0568269947051356,0.000276313883231332,0.233069415421442,0.000153378668566308,0.000318160589339184,0.000632734402494737,8.69054768119713e-07,0.00268778343687534,0.00202019309213833,0,0.0670937710665328,0.134359739873195,1.64764033026086e-05,0.00107776418630406,0.00291355921372431,1.21724735284835e-05,0.00186049825538378,0,0,0,0,0.0117884875206048,0.0134682299252933,6.54875192717855e-05,0.0552384037153032,3.63513711151737e-05,7.54053595939976e-05,0.000149960638577849,2.05969530773918e-07,0.000637015656116697,0.000478794016815204,0,0.0159014978702963,0.0318438073085581,3.90497490097502e-06,0.000255434515615478,0.000690525437690433,2.88492595978062e-06,0.000440945688033212,0,0,0,0
CIV,2018,11820908494.011,708380605.745,940954117.006,3745806.763,3535698774.36,1155552,4965366.92,6804481.127,10939.67,25551393.961,29818548.169,0,801862157.768,1605206896.137,200235.495,1282741.586,8412289.607,12097.185,34154879.355,0,0,0,0,5.8522e+10,0.0599260713424774,0.0796008291141691,0.00031687976984999,0.29910550243675,9.77549230319695e-05,0.000420049518403402,0.000575630978824297,9.25450865772502e-07,0.00216154231918346,0.00252252592802892,0,0.0678342242623957,0.135793868715782,1.69390952566335e-05,0.000108514636303114,0.000711644930781931,1.02337185049093e-06,0.00288936162328846,0,0,0,0,0.0121045180572263,0.0160786390930932,6.40068138990465e-05,0.0604165745251359,1.97455999453197e-05,8.4846159051297e-05,0.000116272190407026,1.8693260654113e-07,0.000436611769266259,0.000509527155069888,0,0.0137018925834387,0.0274291188977991,3.42154224052493e-06,2.1918963569256e-05,0.000143745764105806,2.06711749427566e-07,0.000583624608779604,0,0,0,0
CIV,2019,12717851545.967,901869091.833,1077120096.574,160767.181,4115090102.558,0,2839747.179,2265478.974,34386.619,12419776.149,23368728.511,0,1077532280.646,2156123840.269,943016.568,938685.284,12861075.634,28402.982,42205641.536,0,0,0,0,6.0383e+10,0.0709136357326796,0.0846935579237493,1.26410644454315e-05,0.323568024652949,0,0.000223288278585114,0.000178133780364689,2.70380723314108e-06,0.000976562440920965,0.0018374745472171,0,0.0847259678060718,0.169535226329382,7.41490466838358e-05,7.38084794123635e-05,0.00101126165748321,2.23331605164136e-06,0.00331861410580657,0,0,0,0,0.0149358112686187,0.0178381348487819,2.66245766192471e-06,0.0681498120755511,0,4.70289183876257e-05,3.75184898729775e-05,5.69475166851597e-07,0.000205683323932233,0.000387008404865608,0,0.017844961009655,0.0357074646882235,1.56172526704536e-05,1.55455224814931e-05,0.000212991663779541,4.70380438202805e-07,0.000698965628339102,0,0,0,0
CIV,2020,12454042069.069,446152496.9,656738646.55,840641.96,2383669221.21,0,12225844.89,1485075.34,3231.25,17680457.36,63218765.12,0,1465345844.63,2930943678.21,880949.67,4844956.53,25924448.34,59735.06,34424835.67,0,0,0,0,6.3119e+10,0.0358239111788509,0.0527329715852722,6.74995278912561e-05,0.191397235370684,0,0.000981676858179582,0.000119244445438991,2.59453917216577e-07,0.00141965614552655,0.0050761644106704,0,0.117660261343532,0.235340756194274,7.07360441786155e-05,0.00038902683186152,0.00208160918328566,4.79643955502276e-06,0.00276414962139063,0,0,0,0,0.00706843417829814,0.0104047695075968,1.33183662605555e-05,0.0377646860883411,0,0.000193695161361872,2.35281823222801e-05,5.11929846797319e-08,0.000280113077837101,0.00100158058777864,0,0.0232156061507629,0.0464352045851487,1.39569649392418e-05,7.6759082526656e-05,0.000410723369191527,9.46387933902628e-07,0.000545395771003977,0,0,0,0
CIV,2021,15333663013.467,570017991.09,936113875.241,85001.541,3225306097.401,0,3927069.534,3703609.299,15.854,11671064.384,21069502.096,0,1710834425.03,3422886238.747,19302.485,2971034.249,20519189.834,271091.025,40590631.634,0,0,0,0,7.2833e+10,0.0371742870956127,0.0610495922871688,5.54345957162005e-06,0.210341527302924,0,0.000256107723937261,0.00024153454368648,1.03393429124378e-09,0.000761140007690904,0.00137406841910478,0,0.111573759220314,0.223226911647974,1.25883065142669e-06,0.000193758937208327,0.00133817926062277,1.76794693324035e-05,0.00264715819033917,0,0,0,0,0.0078263697924018,0.0128528809089424,1.16707455411695e-06,0.0442835815825381,0,5.39188216055909e-05,5.08507036508176e-05,2.17676053437315e-10,0.000160244180302885,0.000289285105597737,0,0.0234898250110527,0.0469963648174179,2.65023890269521e-07,4.07924189447091e-05,0.000281729296253072,3.72209060453366e-06,0.000557310994109813,0,0,0,0
CIV,2022,16428707005.015,832372531.583,2029832346.843,153469.758,5904678817.916,0,3611845.999,3550879.71,352829.411,8154269.445,22091668.056,0,1917185404.605,3835054359.645,183.725,8570959.651,33411545.697,417805.336,9150927.759,0,0,0,0,7.1075e+10,0.0506657359784255,0.123553992789778,9.341560352446e-06,0.359412266352644,0,0.000219849681286388,0.000216138720406668,2.14763956099708e-05,0.000496342739724486,0.00134469913239407,0,0.11669727897757,0.233436165029562,1.11831685806994e-08,0.000521706282081946,0.00203372947650724,2.54314192755682e-05,0.000557008397325888,0,0,0,0,0.0117111858119311,0.0285590200048259,2.15926497361942e-06,0.0830767332805628,0,5.08173900668308e-05,4.9959616039395e-05,4.96418446711221e-06,0.000114727674217376,0.000310821921294407,0,0.0269741175463243,0.0539578524044319,2.58494548012663e-09,0.000120590357383046,0.00047008857822019,5.87837264861062e-06,0.000128750302623989,0,0,0,0
CIV,2023,18350163618.47,647116778.715,2024998219.392,155008.909,5566211103.856,0,3584911.165,2385615.575,22469.673,10490627.158,45671621.303,0,2352721430.661,4705894761.729,0,10667836.472,31862764.364,726265.869,18721388.478,0,0,0,0,7.963e+10,0.0352649051076393,0.11035314242941,8.44727666863846e-06,0.303333050297897,0,0.000195361264320917,0.000130005139169375,1.22449442234856e-06,0.000571691205381998,0.00248889449993951,0,0.128212558731243,0.25644974396808,0,0.000581348302598375,0.00173637494610289,3.95781685711506e-05,0.0010202300571945,0,0,0,0,0.0081265450045837,0.0254300919175185,1.94661445435138e-06,0.0699009306022353,0,4.50196052367198e-05,2.99587539244004e-05,2.82175976390807e-07,0.000131742146904433,0.000573547925442672,0,0.029545666591247,0.0590970081844657,0,0.000133967555845787,0.000400135179756373,9.12050570136883e-06,0.000235104715283185,0,0,0,0
CIV,2024,20548862153.319,799801181.46,2052882095.683,50824522.702,6010940840.78,59.092,5219062.993,3741041.78,37.498,16067826.544,36102741.638,0,3143973443.593,6288116294.615,725816.667,6998304.629,19895389.812,1161354.003,28683360.011,0,0,0,0,8.7096e+10,0.0389219206149971,0.0999024705293195,0.00247334973210626,0.292519400633048,2.87568233993217e-09,0.000253983065050491,0.000182055909085738,1.82482123439343e-09,0.000781932664889903,0.0017569216907793,0,0.152999879999934,0.306008004126854,3.5321501579238e-05,0.000340568960791323,0.000968199098497848,5.65167060995843e-05,0.00139586123051427,0,0,0,0,0.00918298408032516,0.0235703372793584,0.000583546003283733,0.0690151194174244,6.78469734545789e-10,5.99231077546615e-05,4.29530837237072e-05,4.30536419582989e-10,0.000184484092771195,0.0004145166441398,0,0.0360977937401603,0.0721975325458689,8.33352469688619e-06,8.03516192362451e-05,0.000228430580187379,1.333418300496e-05,0.000329330394174245,0,0,0,0
COL,2000,13158400847,4014825396,745948955,13568930,10442919580,6907298,19626732,78733297,2467098,269717572,99227817,0,47889,124585014,0,369653,930804,3006,1984910,0,0,0,0,9.927e+10,0.305114994039367,0.0566899400370578,0.00103119901557746,0.793631361548079,0.000524934456725781,0.00149157425953282,0.00598350042041397,0.000187492236228879,0.0204977470390327,0.0075410240312464,0,3.63942401184094e-06,0.00946809687959949,0,2.80925474378049e-05,7.07383830925181e-05,2.2844721292142e-07,0.000150847357751116,0,0,0,0,0.0404434914475672,0.00751434426312078,0.000136687115946409,0.105197134884658,6.95809207212652e-05,0.00019771060743427,0.00079312276619321,2.48524025385313e-05,0.00271700989221316,0.000999575067996373,0,4.82411604714415e-07,0.00125501172559686,0,3.7237131056714e-06,9.37648836506497e-06,3.02810516772439e-08,1.99950639669588e-05,0,0,0,0
COL,2001,12301486486,2590536002,672869002,19728532,7748426648,4144666,21169669,89162600,5011333,291883447,123538739,0,3257778,134211084,0,199431,5955239,211,2129979,0,0,0,0,9.7606e+10,0.210587233091563,0.0546981864968737,0.00160375187360101,0.629877263761439,0.000336923997332919,0.00172090332530891,0.00724811591684254,0.000407376214712203,0.0237274940172625,0.0100425862468407,0,0.000264827994869367,0.0109101517245694,0,1.62119431848311e-05,0.000484107266774426,1.71523986341109e-08,0.00017314809900609,0,0,0,0,0.0265407454664672,0.0068937258160359,0.000202124172694302,0.0793847370858349,4.24632297194845e-05,0.000216889012970514,0.000913495072024261,5.13424687006946e-05,0.0029904252504969,0.00126568795975657,0,3.33768210970637e-05,0.0013750290351003,0,2.04322480175399e-06,6.10130422310104e-05,2.16175235128988e-09,2.18222137983321e-05,0,0,0,0
COL,2002,11897488381,2577725215,683708931,12507837,7547371854,4813938,20109215,91453244,4188042,330316584,111139058,0,94425912,333112457,160,721729,1874240,424,3789313,0,0,0,0,9.7353e+10,0.21666129290923,0.0574666609544134,0.00105130062744795,0.634366818634845,0.000404618003887925,0.00169020673574382,0.00768676892730138,0.000352010598025731,0.0277635559222321,0.0093413882359815,0,0.00793662569578936,0.0279985528317029,1.34482165374934e-08,6.06622992086787e-05,0.000157532408520198,3.56377738243576e-08,0.000318496885952117,0,0,0,0,0.0264781282035479,0.00702298779698623,0.000128479214816184,0.0775258271856029,4.9448275862069e-05,0.000206559787577168,0.000939398313354493,4.30191365443284e-05,0.00339297796678068,0.00114160896942056,0,0.000969933253212536,0.00342169688658798,1.64350353866856e-09,7.41352603412324e-06,1.92520004519635e-05,4.35528437747168e-09,3.89234332788923e-05,0,0,0,0
COL,2003,13092218069,2476533889,889077564,16481472,8251143705,5680348,29015065,97754232,5263905,473217553,105863756,0,585164615,1298010735,0,595935,2160066,3213,4235670,0,0,0,0,9.4072e+10,0.189160757630824,0.0679088569495474,0.00125887545663673,0.630232681850695,0.000433872088752481,0.0022162069747908,0.00746659057195696,0.000402063651266547,0.0361449488929988,0.00808600616351374,0,0.0446956055815755,0.0991436842984959,0,4.55182610661723e-05,0.000164988544234124,2.45412960818901e-07,0.000323525775210642,0,0,0,0,0.0263259406518411,0.00945103286844119,0.000175200612296964,0.0877109416723361,6.03829832468747e-05,0.00030843465643337,0.00103914269920912,5.59561293477337e-05,0.00503037623309805,0.00112534820137767,0,0.00622039092397313,0.0137980561165915,0,6.33488179266945e-06,2.29618377413045e-05,3.4154690024662e-08,4.50258312781699e-05,0,0,0,0
COL,2004,16729677706,2995941301,1218270056,10588635,10399338503,6280568,54822797,128261138,5913820,730933396,179693350,5,560668460,1254284879,44,331465,161116535,246171,8085593,0,0,0,0,1.16382e+11,0.179079439164899,0.0728208921540117,0.00063292522343108,0.621610211849469,0.000375414763534118,0.00327697867008748,0.00766668313962796,0.000353492763215579,0.0436908235080856,0.0107409929323118,2.98870073163859e-10,0.0335134047321736,0.0749736427110104,2.63005664384196e-09,1.98129937602517e-05,0.00963058212067149,1.47146289561641e-05,0.000483308354296637,0,0,0,0,0.0257423080974721,0.0104678563351721,9.09817239779347e-05,0.0893552138904642,5.3965114880308e-05,0.000471059072708838,0.00110207023422866,5.08138715608943e-05,0.00628046773556048,0.00154399606468354,4.29619700640993e-11,0.00481748431888093,0.0107773098846901,3.78065336564074e-10,2.84807788145933e-06,0.00138437675070028,2.11519822652988e-06,6.94746008832981e-05,0,0,0,0
COL,2005,21190438735,4031872295,1505518049,16867481,13870588053,5536818,102753928,147785409,14245712,888062259,254488493,0,516914189,1266717682,0,3104155,183004600,5513,9314377,0,0,0,0,1.45601e+11,0.190268467086555,0.0710470447463343,0.000795994892363421,0.654568233648231,0.000261288502293013,0.00484907034181801,0.00697415522387956,0.000672270743336263,0.0419086301187902,0.0120095905602778,0,0.0243937464185779,0.05977779402499,0,0.000146488472410574,0.00863618739982639,2.6016450480066e-07,0.00043955564660469,0,0,0,0,0.0276912404104367,0.0103400254737261,0.000115847288136757,0.0952643735482586,3.80273349770949e-05,0.000705722680476096,0.00101500270602537,9.78407565882102e-05,0.00609928681121696,0.001747848524392,0,0.00355021043124704,0.00869992432744281,0,2.13195994533005e-05,0.00125689109278096,3.78637509357765e-08,6.39719301378425e-05,0,0,0,0
COL,2006,24390975103,4535371572,1768558481,22007113,15699804913,23895222,309536194,216804850,19174590,1267818209,261646840,333,281224802,1259075576,0,4397877,206539091,216000,10850835,0,0,0,0,1.61793e+11,0.185944659975573,0.0725087239657948,0.000902264583808837,0.643672704625449,0.000979674732112739,0.0126906034995677,0.00888873237271001,0.00078613462229485,0.0519789882793191,0.0107271988469136,1.36525907059387e-08,0.0115298712254194,0.051620551071988,0,0.000180307551519704,0.00846784887147035,8.85573451196024e-06,0.000444870898116139,0,0,0,0,0.0280319394040533,0.0109309950430488,0.00013602018010668,0.0970363669194588,0.000147690085479594,0.00191316184260135,0.00134001378304377,0.000118513100072315,0.00783605105906931,0.00161717033493414,2.05818545919786e-09,0.00173817657129789,0.00778201514280593,0,2.7182121599822e-05,0.00127656382538182,1.33503921677699e-06,6.70661586100758e-05,0,0,0,0
COL,2007,29991332000,5544601251,1744296482,22362893,18183415222,0,358581081,261933900,17854778,1858776691,259778645,1402,332024416,1330034971,0,1732278,124697122,109790,10741331,0,0,0,0,2.0623e+11,0.184873457804408,0.0581600204352378,0.00074564520842222,0.606289017840221,0,0.011956157232363,0.00873365344360164,0.000595331277717175,0.0619771302921791,0.00866179084676866,4.67468400536528e-08,0.0110706792215831,0.0443473124501439,0,5.77592885837815e-05,0.00415777205227164,3.66072437196187e-06,0.000358147847518076,0,0,0,0,0.0268855222373079,0.00845801523541677,0.000108436662949134,0.0881705630703583,0,0.00173874354361635,0.00127010570722009,8.65770159530621e-05,0.00901312462299374,0.0012596549726034,6.79823498036173e-09,0.00160997146874848,0.00644927978955535,0,8.39973815642729e-06,0.000604650739465645,5.32366774959996e-07,5.20842311981768e-05,0,0,0,0
COL,2008,37625882065,9306209073,2736322700,163024794,29500568835,20805908,295807836,209181414,15260387,1104558452,336626482,456,891305446,2159098831,0,2705842,23182542,326018,14439563,0,0,0,0,2.42504e+11,0.247335306503199,0.0727244797948633,0.00433278331437836,0.784049893741674,0.000552967979968073,0.0078618179764924,0.00555950857547026,0.000405582172761748,0.0293563470509964,0.00894667350039705,1.21193172086237e-08,0.0236886259426487,0.057383341266793,0,7.19143805140718e-05,0.000616132851316319,8.66472710026552e-06,0.000383766763927425,0,0,0,0,0.0383754868909379,0.0112836188269059,0.000672256102992116,0.121649823652393,8.57961435687659e-05,0.00121980600732359,0.00086258954079108,6.29283929337248e-05,0.00455480508362749,0.00138812754428793,1.88038135453436e-09,0.00367542574967836,0.00890335347458186,0,1.1157927291921e-05,9.55965344901527e-05,1.344381948339e-06,5.95436075281233e-05,0,0,0,0
COL,2009,32852985837,8053481495,1911636488,275938027,26021955588,98081716,176566567,131209115,8421026,892668913,211287026,0,1537185288,3239353880,2107,5284139,17390722,263374,12449709,0,0,0,0,2.32469e+11,0.245136972784067,0.0581876027185042,0.00839917651226789,0.792072772840431,0.00298547342048702,0.00537444504667048,0.00399382618222263,0.000256324525319583,0.027171622008087,0.00643128837811881,0,0.0467898198241932,0.0986015059961991,6.41342010876538e-08,0.000160841971144335,0.000529349815760553,8.01674469732308e-06,0.000378952131223908,0,0,0,0,0.034643249185913,0.00822318884668494,0.00118698848878775,0.111937314601087,0.000421913098090498,0.000759527364938981,0.000564415534974556,3.62242965728764e-05,0.00383994817803664,0.000908882586495404,0,0.00661243128331089,0.013934562801922,9.06357406794024e-09,2.27305103045998e-05,7.48087788049159e-05,1.13294245684371e-06,5.35542760540115e-05,0,0,0,0
COL,2010,39819528642,13393973372,2872203455,184634798,39015257508,19224766,329347007,157325933,15215507,1193150027,186777251,1020,2094561515,4409632998,0,4637166,28427248,300198,19015839,0,0,0,0,2.86499e+11,0.336366949303177,0.0721305237141988,0.00463679014535734,0.979802093057634,0.000482797427685332,0.00827099210442733,0.003950974267286,0.000382111680346495,0.0299639415053626,0.00469059422273008,2.56155719262871e-08,0.0526013638642308,0.110740461989018,0,0.00011645456785013,0.000713902172363138,7.53896417757601e-06,0.000477550580042348,0,0,0,0,0.0467505065357994,0.0100251779412843,0.000644451806114507,0.136179384598201,6.71023843015159e-05,0.00114955726547039,0.000549132572888562,5.3108412245767e-05,0.00416458705615028,0.000651929853158301,3.56022185068709e-09,0.00731088595422672,0.0153914428950886,0,1.6185627174964e-05,9.92228524357851e-05,1.04781517562016e-06,6.63731426636742e-05,0,0,0,0
COL,2011,56953516086,23020133004,4564515398,333615911,64407407163,16313968,356091101,155398611,114957,1034999374,224867567,6307,2774917603,5808454992,18,3627933,47848842,492838,22463732,0,0,0,0,3.34966e+11,0.404191603714853,0.0801445759925966,0.00585768770616794,1.13087674983481,0.000286443561717346,0.00625231110336193,0.00272851654611363,2.01843552251304e-06,0.018172703726266,0.00394826487376915,1.1073943161782e-07,0.0487224985163316,0.101985889391433,3.1604721248149e-10,6.36998950955339e-05,0.000840138507475958,8.65333756138625e-06,0.000394422215585069,0,0,0,0,0.0687237898891231,0.0136268021172298,0.000995969474513831,0.19228043193339,4.87033549673698e-05,0.00106306640375441,0.000463923535523008,3.43190055110071e-07,0.00308986396828335,0.000671314602079017,1.88287766519587e-08,0.00828417691049241,0.0173404315423058,5.37367971674737e-11,1.08307499865658e-05,0.000142846862069583,1.47130753569019e-06,6.70627227838049e-05,0,0,0,0
COL,2012,60273618168,26556825737,4657271074,462689853,71294722379,30627606,350811656,176377821,240566,1047294117,281211382,24616,3385287134,7037720299,0,7706306,365466397,353832,26554783,0,0,0,0,3.70691e+11,0.440604472473818,0.077268815371575,0.00767649042920154,1.18285121328341,0.000508142814898419,0.00582031851849654,0.00292628560157753,3.99123210638314e-06,0.0173756636623487,0.00466557990954156,4.08404219759764e-07,0.0561653213610676,0.116762864299665,0,0.000127855374112772,0.00606345542391929,5.8704290658936e-06,0.000440570581410662,0,0,0,0,0.0716414095216771,0.0125637554567011,0.00124818205189767,0.192329250990717,8.26230094607099e-05,0.00094637219678924,0.000475808209533007,6.48966389796353e-07,0.00282524829844803,0.00075861399926084,6.64057125746242e-08,0.00913236936963671,0.0189854091386087,0,2.07890291374757e-05,0.000985905773272078,9.54520071973692e-07,7.16358989023203e-05,0,0,0,0
COL,2013,58821869987,27644198008,4364625388,457721995,71744986470,8208082,338781265,209951263,542356,826989190,197197242,19761,2226458429,4733780670,0,11703599,313255338,537300,25340742,0,0,0,0,3.82094e+11,0.469964623941904,0.0742007248148454,0.00778149343264945,1.21969917797336,0.000139541330491772,0.00575944398018752,0.00356927216095647,9.22031210704223e-06,0.0140592128435014,0.00335244768729015,3.35946477124364e-07,0.0378508610741559,0.0804765416510253,0,0.000198966795897284,0.00532549097927746,9.13435768224891e-06,0.000430804767097688,0,0,0,0,0.0723492072840715,0.0114229100378441,0.00119793033913121,0.187767896041288,2.14818395473365e-05,0.000886643770904542,0.000549475424895445,1.4194308206881e-06,0.00216436057619329,0.000516096149115139,5.1717640161845e-08,0.00582699133982737,0.012389047381011,0,3.06301564536475e-05,0.000819838411490366,1.40619847472088e-06,6.63207011887127e-05,0,0,0,0
COL,2014,54794812015,25760766275,2855143008,294535452,64848748589,36391388,269065077,201166581,183756,772507500,175807970,8839,1581809673,3420875991,0,21757433,98176100,7746,27452185,0,0,0,0,3.81241e+11,0.470131483760689,0.0521060827294819,0.00537524340660885,1.18348336647725,0.000664139298261264,0.00491041153542682,0.0036712705747568,3.35352916166036e-06,0.0140981868828846,0.00320847838572515,1.61310891943207e-07,0.0288678729761311,0.062430654750007,0,0.000397071040120439,0.00179170429443438,1.41363748047526e-07,0.000500999711295387,0,0,0,0,0.0675708181307887,0.00748907648442849,0.00077257024296967,0.170099093720245,9.54550743492961e-05,0.000705761124852783,0.000527662504819786,4.81994329046456e-07,0.0020262970142246,0.00046114654509877,2.31848096086203e-08,0.00414910692449133,0.00897300130626035,0,5.70700239481063e-05,0.000257517161060851,2.03178566838299e-08,7.20074309950924e-05,0,0,0,0
COL,2015,35690766593,12834380107,1281122464,99906015,33076316281,51537844,230655741,220489222,87251,499395765,152903739,37075,1089940368,2403023051,0,15838086,77879656,42722,25811434,0,0,0,0,2.93493e+11,0.3595994519635,0.0358950671642695,0.00279921180005123,0.926747151670517,0.00144401056406864,0.00646261660978832,0.00617776649390446,2.44463788057476e-06,0.0139922958420833,0.00428412594057279,1.0387840760829e-06,0.0305384409483031,0.0673289839471059,0,0.000443758638770911,0.00218206733657759,1.19700426968075e-06,0.00072319640242926,0,0,0,0,0.0437297656400664,0.00436508694926284,0.000340403399740369,0.11269882512019,0.000175601612304212,0.000785898610869765,0.000751258878405959,2.97284773401751e-07,0.00170155937279594,0.000520979168157333,1.26323285393519e-07,0.00371368437407366,0.00818766734129945,0,5.39641013584651e-05,0.000265354390053596,1.45563948714279e-07,8.79456545811996e-05,0,0,0,0
COL,2016,31044991243,8060042084,2005444090,6751660,24821324485,76140020,181899620,244559415,45361,389858129,117469426,2230,1522109499,3262070384,0,13638626,79205063,35800,27653868,0,0,0,0,2.8272e+11,0.259624556531881,0.0645979918081692,0.000217479848750879,0.799527508019404,0.00245257018770034,0.00585922600448517,0.00787758041500956,1.46113747125723e-06,0.0125578430977301,0.00378384471364562,7.18312330174298e-08,0.0490291489240862,0.105075577521238,0,0.000439318081723577,0.0025512992540418,1.15316508610941e-06,0.000890767460153025,0,0,0,0,0.0285089207838144,0.00709339307441992,2.38810837577816e-05,0.0877947244093096,0.000269312464629315,0.000643391411997736,0.00086502339770798,1.60444963214488e-07,0.00137895489883984,0.000415497403791737,7.88766270514997e-09,0.00538380552843803,0.0115381663271081,0,4.82407541029994e-05,0.000280153731607244,1.26627051499717e-07,9.78136247877759e-05,0,0,0,0
COL,2017,37766321060.03,10951738279.92,2055236509.36,7753923.03,33461719287.32,116651214.32,247132169.27,234259387.96,132474.55,445281775.27,155690776.06,16.7,1740971659.66,3707790543.53,0,4096848.88,55080109.57,49580,33782052.65,0,0,0,0,3.11889e+11,0.289986897651802,0.054419823050627,0.000205313168250491,0.886020092720501,0.00308876297838441,0.00654371838011917,0.00620286491733315,3.50774304411145e-06,0.0117904461639835,0.00412247663235526,4.42192925634858e-10,0.046098524049846,0.0981771705439994,0,0.000108478897732401,0.00145844519730819,1.3128098953878e-06,0.000894502077560137,0,0,0,0,0.0351142178144147,0.00658964089583153,2.48611622404125e-05,0.107287269789316,0.000374015160265351,0.000792372187765519,0.000751098589434062,4.24749029302091e-07,0.00142769310642568,0.000499186492822767,5.35446905790201e-11,0.0055820232828346,0.0118881734961156,0,1.31355991394374e-05,0.000176601642154741,1.58966811910648e-07,0.000108314344686731,0,0,0,0
COL,2018,41831520220.79,13734811111.44,2956677830.37,5152.13,40916372333.59,113705342.5,244184474.01,286749884.15,129834.6,650785454.25,216263964.89,0,1421678443.03,3054314141.92,5,1935113.79,51237508.67,20882.33,36382497.39,0,0,0,0,3.34124e+11,0.328336408501212,0.0706806210906136,1.23163824140425e-07,0.978123006709539,0.00271817380529932,0.00583733205776829,0.00685487600346609,3.10375045694546e-06,0.015557298678487,0.00516988060076569,0,0.0339858182424705,0.0730146579851532,1.19527092814452e-10,4.62597051167713e-05,0.00122485409087608,4.99200839218404e-07,0.000869738828471219,0,0,0,0,0.0411069277018113,0.00884904355978619,1.54198142007159e-08,0.122458645094606,0.000340308814990842,0.000730819917186434,0.000858213968915732,3.88582083298416e-07,0.00194773633217009,0.000647256602010032,0,0.00425494260523039,0.00914125935856149,1.4964504196047e-11,5.79160368605667e-06,0.000153348782697442,6.24987429816475e-08,0.000108889206971065,0,0,0,0
COL,2019,39489359461.99,12979915800.03,2912291580.72,1157753.85,37525186372.97,81322135.42,184334297.39,352186059.6,226635.98,604934500.8,200523173.76,0,1746835077.9,3708651074.5,3446.73,4023330.91,63988418.65,112949.85,38477637.99,0,0,0,0,3.23054e+11,0.328694007116617,0.0737487672729458,2.93181217870698e-05,0.950260700204302,0.00205934298575482,0.00466794852844926,0.00891850524795148,5.73916576737958e-06,0.0153189241112475,0.00507790393391949,0,0.0442355890725803,0.0939151995633081,8.72824995633978e-08,0.000101883924297952,0.00162039646937275,2.86026037238509e-06,0.000974379896615851,0,0,0,0,0.0401787806373857,0.00901487547196444,3.5837780990175e-06,0.116157628052802,0.000251729232326484,0.000570599024899862,0.00109017705894371,7.01542095129607e-07,0.00187254917382233,0.000620711007323853,0,0.0054072541367697,0.0114799726191287,1.06692070056399e-08,1.2454050746934e-05,0.000198073444842039,3.49631485757799e-07,0.000119105901768745,0,0,0,0
COL,2020,31055810659.54,7130106325.35,1549860995.95,0,21614864213.63,108220851.3,155565211.16,320484314.14,160866.88,478044793.61,140285173.22,120.12,2901983481.07,5896947264.73,550,3322409.11,152311391.21,18780.62,33268927.81,0,0,0,0,2.70348e+11,0.229590088744301,0.049905668634475,0,0.696000643827668,0.00348472150627167,0.00500921430985773,0.0103196248088134,5.17992854102437e-06,0.0153930869443638,0.00451719566292841,3.86787520431705e-09,0.0934441387759602,0.189882251968152,1.7710051301818e-08,0.000106981883243141,0.00490444100396431,6.04737715781726e-07,0.0010712625786756,0,0,0,0,0.0263738082965289,0.00573283692111649,0,0.0799520033942548,0.0004003020229482,0.000575425788835131,0.00118545102660275,5.95036323553346e-07,0.00176825718559042,0.000518905903576132,4.44316214656665e-10,0.0107342517091674,0.0218124316241659,2.03441490227411e-09,1.22893792815186e-05,0.000563390116479501,6.94683149126311e-08,0.000123059640944264,0,0,0,0
COL,2021,41389989047.59,11200541488.13,2143559786.47,11589,32523959086.5,182455973.74,287666283.45,480829730.51,173154.28,597770424.38,226187339.23,0,3132366785.59,6477901377.88,507.45,4772769.89,162331737.48,674.77,38805625.17,0,0,0,0,3.18525e+11,0.270609916693906,0.051789329637303,2.79995242005864e-07,0.785792889413528,0.00440821507660254,0.00695014156972216,0.0116170538232601,4.18348214107784e-06,0.014442391460715,0.00546478374202832,0,0.0756793335216499,0.156508893259956,1.22602110238912e-08,0.00011531218054956,0.00392200484260462,1.63027344419964e-08,0.000937560653262834,0,0,0,0,0.0351637751766109,0.00672964378453811,3.63833294089946e-08,0.102108026329174,0.000572815238175967,0.000903119954320697,0.00150955099445883,5.43612840436386e-07,0.00187668291148262,0.000710108591884467,0,0.00983397468201868,0.0203371835111216,1.59312455851189e-09,1.49839726552076e-05,0.000509635782057923,2.11842084608743e-09,0.000121829134824582,0,0,0,0
COL,2022,56910136647.72,15836623713.1,2642279929.16,1569.62,49509654741.71,108825338.68,330472271.54,728086956.82,238237.76,1001519008.33,285166917.59,0,2976116302.42,6123462796.48,186,1502551.72,314904331.17,8.93,45624776.65,0,0,0,0,3.45632e+11,0.278274216966486,0.0464289858503768,2.75806752971992e-08,0.869961972647864,0.0019122311962391,0.00580691404038721,0.0127936251730854,4.18620959346343e-06,0.0175982534452432,0.00501082820017134,0,0.0522950124130344,0.107598806771189,3.26831054986496e-09,2.6402180850504e-05,0.00553336100946818,1.5691404951771e-10,0.000801698596023805,0,0,0,0,0.0458193214549,0.00764477805631423,4.54130404592167e-09,0.143243839522122,0.00031485897914545,0.000956139106159152,0.00210653804283168,6.89281548004814e-07,0.0028976454967422,0.00082505936253009,0,0.00861065035187714,0.0177167125627257,5.38144616239237e-10,4.34725870289788e-06,0.000911097152954588,2.58367280807333e-11,0.000132003913555458,0,0,0,0
COL,2023,49769114432.38,12659153725.32,2930050444.7,1225.41,40837162224.58,112956992.84,288523882.29,842580827.23,278114.22,712043554.07,239989616.33,18035.59,3403928661.75,7026225520.38,583008.22,2520275.45,236011038.77,225,48829080.13,0,0,0,0,3.66292e+11,0.254357624597071,0.0588728667993678,2.46218968124284e-08,0.820532225464136,0.0022696203082631,0.00579724766214215,0.0169297934439801,5.58808858007443e-06,0.0143069363839583,0.00482205920412885,3.62385190206759e-07,0.0683943988269036,0.141176422375896,1.17142574596564e-05,5.06393468869982e-05,0.00474211850987749,4.52087610089389e-09,0.000981112095059333,0,0,0,0,0.0345602790268966,0.00799922041622531,3.34544570998002e-09,0.111487999259007,0.000308379633844037,0.000787688189449947,0.00230029819714872,7.59269162307667e-07,0.00194392330181931,0.000655186617043233,4.92382853024363e-08,0.00929293749726994,0.0191820337882891,1.59164879385845e-06,6.88050912932851e-06,0.000644324852221725,6.1426402979044e-10,0.000133306433473841,0,0,0,0
COL,2024,49551987659.86,12062242730.01,2732765627,4126.8,37246588966.77,172767828.46,413566926.42,826879355.1,297356.32,630361724.09,286987063.72,0,4103524728.68,8428690519.3,1655.52,3009747.66,212029099.93,0,55267909.66,0,0,0,0,4.18818e+11,0.243426011743644,0.0551494653606741,8.32822293290759e-08,0.751666900275363,0.00348659734188528,0.00834612183993203,0.0166871077054659,6.00089590837697e-06,0.0127212197503962,0.00579163576020334,0,0.0828125151476839,0.170097929817813,3.34097596924667e-08,6.07391913450542e-05,0.00427892219753994,0,0.00111535202259445,0,0,0,0,0.0288006788867957,0.00652494789383455,9.85344469435411e-09,0.0889326365313096,0.000412512901689994,0.000987462158789737,0.00197431666045872,7.09989350983005e-07,0.0015050970208778,0.000685230968391999,0,0.00979787098138093,0.0201249481142167,3.9528387032076e-09,7.18629013079667e-06,0.000506255939166893,0,0.000131961638850288,0,0,0,0
ECU,2000,4821869284,2144008524,231456836,0,4817783040,0,507653,8655354,0,5809381,22075962,0,8150231,17319365,37925,10934899,25534178,7055867,14685016,0,0,0,0,1.7531e+10,0.444642605952484,0.048001474608203,0,0.999152560187901,0,0.000105281369133025,0.00179502045580545,0,0.00120479852477063,0.00457829955557958,0,0.00169026377945255,0.0035918362734281,7.86520699054272e-06,0.00226777176152086,0.00529549361379992,0.00146330532505576,0.00304550271587163,0,0,0,0,0.122298130397581,0.0132027172437397,0,0.27481507272831,0,2.89574468085106e-05,0.000493717072614226,0,0.000331377616793109,0.00125925286635104,0,0.000464903941589185,0.000987927956191889,2.16331070674805e-06,0.000623746449147225,0.00145651577206092,0.000402479436426901,0.000837659916718955,0,0,0,0
ECU,2001,4647491551,1722331501,134593667,0,3756745834,226580,378283,10840572,0,5271383,34379802,0,6838216,21480019,4174,12381868,52696922,10726687,22520871,0,0,0,0,2.3127e+10,0.370593788520047,0.0289604974044632,0,0.808338389166444,4.87531816924437e-05,8.13950914915822e-05,0.00233256411142209,0,0.00113424262145582,0.00739749639622314,0,0.0014713778228448,0.00462185218935538,8.98118900098244e-07,0.0026642045206808,0.0113387881229523,0.00230805949452279,0.00484581214465128,0,0,0,0,0.0744727591559649,0.00581976335019674,0,0.162439825052968,9.79720672806676e-06,1.63567691442902e-05,0.00046874095213387,0,0.000227931984260821,0.00148656557270723,0,0.000295681065421369,0.000928785359104078,1.80481688070221e-07,0.000535385826090716,0.00227858874908116,0.000463816621265188,0.000973791282916072,0,0,0,0
ECU,2002,5029750862,1838495525,171099906,0,4070566957,281962,767045,12234287,0,5948733,31467401,0,12942184,34696654,110084,8836570,25384491,18576677,38319967,0,0,0,0,2.7054e+10,0.36552417315337,0.0340175707891752,0,0.809297929198307,5.60588402360514e-05,0.000152501589252673,0.00243238429410701,0,0.00118270927590926,0.00625625440769595,0,0.00257312625517474,0.00689828481608002,2.18865711285403e-05,0.00175686037786895,0.0050468684625676,0.00369335927557519,0.00761866105327584,0,0,0,0,0.0679565138242035,0.00632438478598359,0,0.150460817513122,1.04221926517336e-05,2.83523693354033e-05,0.000452217306128484,0,0.000219883677090264,0.00116313303023582,0,0.000478383381385377,0.00128249626672581,4.06904709100318e-06,0.000326627116138094,0.000938289753825682,0.000686651770533008,0.00141642518666371,0,0,0,0
ECU,2003,6038498705,2372314139,153435811,0,5132128342,394520,1412380,8280023,0,6638871,29600092,0,11962895,33986410,141364,8539173,29217874,15111188,31853626,0,0,0,0,3.0965e+10,0.392864891572416,0.0254095957448748,0,0.849901373291758,6.53341201635647e-05,0.00023389588521904,0.00137120556027345,0,0.00109942409932172,0.00490189589268116,0,0.00198110417579364,0.00562828803322564,2.34104546355119e-05,0.00141412185663456,0.00483859903386367,0.00250247432983427,0.00527509030905721,0,0,0,0,0.0766127608267399,0.00495513679961247,0,0.165739652575488,1.27408364282254e-05,4.56121427418053e-05,0.000267399418698531,0,0.000214399192636848,0.000955920943000161,0,0.00038633602454384,0.00109757500403682,4.56528338446633e-06,0.0002757685451316,0.000943577393831746,0.000488008654932989,0.00102869775553044,0,0,0,0
ECU,2004,7606121136,3898508395,227942988,0,8360236421,628152,2220195,15092956,0,6913375,38293027,0,12518607,34825629,232582,5426469,12349649,5047886,11420538,0,0,0,0,3.5195e+10,0.512548817629033,0.0299683615241334,0,1.09914584208116,8.25850638937287e-05,0.0002918958244685,0.00198431706912536,0,0.000908922547562224,0.00503450133324303,0,0.00164585953551924,0.00457863191728163,3.05782666146589e-05,0.000713434469813577,0.0016236461107027,0.000663661005358987,0.00150149304695481,0,0,0,0,0.110768813609888,0.00647657303594261,0,0.237540458048018,1.78477624662594e-05,6.3082682199176e-05,0.000428838073589999,0,0.000196430600937633,0.00108802463418099,0,0.000355692768859213,0.000989505014916892,6.60838187242506e-06,0.000154182952123881,0.000350892143770422,0.000143426225316096,0.000324493195056116,0,0,0,0
ECU,2005,9869356995,5396840051,354880551,0,11621097598,819932,5557104,30074232,1105761,13435778,58452960,0,17358576,44516989,0,4700611,22494102,737373,2631097,0,0,0,0,4.0279e+10,0.546827929492685,0.0359578188507913,0,1.17749288062915,8.30785633162721e-05,0.000563066469559803,0.00304723316982415,0.000112039821901285,0.00136136305605389,0.00592267156103618,0,0.00175883555623676,0.00451062708771738,0,0.000476283409585996,0.00227918617306031,7.47133780218475e-05,0.000266592545120514,0,0,0,0,0.133986445815437,0.00881056011817572,0,0.288515047493731,2.03563147049331e-05,0.000137965292087688,0.000746647930683483,2.74525435090246e-05,0.000333567814493905,0.00145120186697783,0,0.000430958464708657,0.00110521584448472,0,0.000116701283547258,0.00055845731026093,1.83066362124184e-05,6.53218054072842e-05,0,0,0,0
ECU,2006,12727796058,6934010058,499027378,0,14977272932,791218,19699487,60272401,0,23190686,83189800,2,34453348,82883609,1956,5863109,74509194,49520,1725968,0,0,0,0,4.5691e+10,0.544792674741332,0.0392076818112071,0,1.17673734429348,6.21645724361433e-05,0.00154775319389392,0.00473549393196916,0,0.00182205040796703,0.00653607267282629,1.57136395876088e-10,0.00270693746529231,0.00651201579773144,1.53679395166814e-07,0.000460653908444327,0.00585405310239612,3.89069716189194e-06,0.00013560619545873,0,0,0,0,0.15175877214331,0.0109217871790944,0,0.327794815871835,1.73167144514237e-05,0.00043114589306428,0.00131913070407739,0,0.000507554791972161,0.0018207042962509,4.37722965135366e-11,0.000754051082270031,0.00181400295463002,4.28093059902388e-08,0.000128320872819592,0.00163071926637631,1.08380206167517e-06,3.77747915344379e-05,0,0,0,0
ECU,2007,13800363526,7428356049,749696026,0,16457132055,2856448,48463165,33992357,820,35662985,111376514,0,61398470,129298763,150,2955063,63865305,1935642,5810150,0,0,0,0,4.9849e+10,0.538272490793805,0.0543243679478129,0,1.19251438731992,0.000206983533051026,0.00351173104307687,0.00246314938993876,5.9418724619472e-08,0.0025842062010041,0.00807054928590582,0,0.00444904729388648,0.0093692287711407,1.08692788938059e-08,0.000214129359305111,0.00462779874455316,0.000140260218243761,0.000421014271765641,0,0,0,0,0.1490171527814,0.0150393393247608,0,0.330139662881903,5.73020120764709e-05,0.000972199342012879,0.000681906497622821,1.64496780276435e-08,0.000715420269213023,0.00223427779895284,0,0.00123168910108528,0.00259380856185681,3.00908744408113e-09,5.92802864651247e-05,0.00128117524925274,3.88301069229072e-05,0.000116554996088186,0,0,0,0
ECU,2008,18818325454,10567947401,989796298,833,23277836026,7695570,50995838,26908453,0,52810165,133344479,0,90386771,181796600,707,4645824,12529362,532248,2967390,0,0,0,0,6.1139e+10,0.56157745952649,0.0525974694411298,4.42653626134911e-08,1.23697701386348,0.000408940211965791,0.00270990307424832,0.00142990687804692,0,0.00280631585042413,0.00708588441229538,0,0.00480312508256613,0.00966061515114022,3.75697615459042e-08,0.000246877651858895,0.000665806425264942,2.82834942620713e-05,0.000157686187713862,0,0,0,0,0.172851165393611,0.0161892784965407,1.36246912772535e-08,0.38073628986408,0.00012587006656962,0.000834096697688873,0.000440119285562407,0,0.000863772142167847,0.00218100523397504,0,0.00147838157313662,0.00297349645888876,1.15638136050639e-08,7.59878964327189e-05,0.000204932399941118,8.70553983545691e-06,4.85351412355452e-05,0,0,0,0
ECU,2009,13863049882,6284131076,594906915,0,13842986905,6161880,24637322,12907767,10626,23060430,122687976,0,53754224,108155830,356,12458394,46006368,612,1400343,0,0,0,0,6.0095e+10,0.453300762060982,0.0429131338387837,0,0.998552773223008,0.000444482278607443,0.00177719348986759,0.000931091434415139,7.66497999390233e-07,0.00166344564841695,0.00884999888511546,0,0.00387751789523569,0.00780173417253812,2.5679774871346e-08,0.000898676272973393,0.0033186325081132,4.41461298350106e-08,0.000101012620737824,0,0,0,0,0.104569948847658,0.00989944113486979,0,0.230351724852317,0.000102535651884516,0.000409972909559864,0.000214789366835843,1.76820034944671e-07,0.000383732922872119,0.00204156711872868,0,0.000894487461519261,0.00179974756635327,5.92395373991181e-09,0.000207311656543806,0.000765560662284716,1.01838755304102e-08,2.33021549213745e-05,0,0,0,0
ECU,2010,17489921736,8951940959,677174644,0,19301600759,13567484,38769237,17856272,23736,16689903,119581132,0,70082455,140678684,1101,1347991,16812847,651,3681211,0,0,0,0,6.8151e+10,0.511834249124967,0.0387179916652315,0,1.10358416980626,0.000775731544417015,0.00221666154858773,0.00102094636382769,1.3571244261856e-06,0.000954258300976082,0.00683714506016701,0,0.00400701935994072,0.00804341415150173,6.29505389800448e-08,7.70724432245681e-05,0.000961287720653069,3.72214358546859e-08,0.000210476127656012,0,0,0,0,0.131354506302182,0.00993638602515004,0,0.283218159073234,0.000199079749380053,0.000568872606418101,0.000262010418042288,3.48285425012105e-07,0.000244895936963508,0.00175464970433303,0,0.00102834081671582,0.00206422039295095,1.61553021965929e-08,1.97794749893619e-05,0.000246699931035495,9.5523176475767e-09,5.40155096770407e-05,0,0,0,0
ECU,2011,22342523911,11799973050,1033870091,0,25743235515,28176292,52854995,27250439,4520,23379583,116691250,0,131305487,265450277,0,1225365,33574660,50690,6505061,0,0,0,0,7.8987e+10,0.528139663048115,0.0462736481839901,0,1.15220803242939,0.00126110604657909,0.00236566805122575,0.00121966699503379,2.02304807550173e-07,0.00104641638040228,0.00522283205177858,0,0.00587693169863203,0.0118809440713773,0,5.48445200229465e-05,0.00150272458625277,2.26876785281378e-06,0.000291151573829013,0,0,0,0,0.149391330851912,0.0130891170825579,0,0.32591737266892,0.00035672062491296,0.000669160684669629,0.00034499903781635,5.72246065808298e-08,0.000295992796282933,0.00147734753820249,0,0.00166236832643346,0.0033606831124109,0,1.55135022218846e-05,0.000425065643713523,6.41751174243863e-07,8.23560965728538e-05,0,0,0,0
ECU,2012,23852016735,12711228703,863740224,23,27372444605,32577196,56404041,33174409,47256,17510933,166825150,0,387161077,783620164,150,871301,15391651,56470,9359670,0,0,0,0,8.7735e+10,0.532920500778778,0.0362124609250573,9.64279048414813e-10,1.14759455810855,0.00136580467647404,0.00236474934705348,0.0013908429366193,1.98121611790828e-06,0.000734148948265024,0.00699417377798515,0,0.0162317963005571,0.0328534133069817,6.2887764027053e-09,3.65294477896902e-05,0.00064529767738317,2.36751468973846e-06,0.000392405812220725,0,0,0,0,0.144882073323075,0.00984487632073859,2.62153074599647e-10,0.311990022283011,0.000371313569271101,0.000642890989912806,0.000378120579016356,5.38621986664387e-07,0.000199588909785148,0.00190146634752379,0,0.00441284637829829,0.00893167110047302,1.7096939647803e-09,9.93105374138029e-06,0.000175433418818032,6.43642787940959e-07,0.000106681142075568,0,0,0,0
ECU,2013,24957644407,13411758600,551946646,396,28070057428,42804970,58207337,45431011,13811,17320360,162152215,177520,467799758,947520818,0,298526,35522394,3001,11662202,0,0,0,0,9.657e+10,0.537380787276476,0.0221153341637159,1.5866882047928e-08,1.1247078037592,0.00171510457084621,0.00233224482450252,0.00182032447690687,5.5337754536347e-07,0.00069399017461528,0.00649709613438199,7.11285076047522e-06,0.0187437464197861,0.0379651541847533,0,1.19613051268681e-05,0.00142330716075259,1.20243719762202e-07,0.000467279756447249,0,0,0,0,0.138881211556384,0.00571550839805323,4.10065237651445e-09,0.290670575002589,0.000443253287770529,0.000602747613130372,0.000470446422284353,1.43015429222326e-07,0.000179355493424459,0.00167911582271927,1.8382520451486e-06,0.00484415199337268,0.00981175124779952,0,3.09129129129129e-06,0.000367840882261572,3.10759034896966e-08,0.000120764233198716,0,0,0,0
ECU,2014,25724432491,13016019766,200398688,781,26492475575,43355658,55584617,43853104,105633,17353201,146189682,0,1002067154,2009397770,32,394183,17210938,8200,9674874,0,0,0,0,1.02718e+11,0.505978888768637,0.00779020831927437,3.03602421656238e-08,1.02985656085003,0.00168538831770802,0.00216077136082388,0.0017047258094165,4.10632965516176e-06,0.000674580518193015,0.00568291184076252,0,0.0389539071212002,0.0781124236930401,1.24395358425091e-09,1.53232923656493e-05,0.000669050250419381,3.18763105964296e-07,0.000376096693421123,0,0,0,0,0.126716055277556,0.00195095979283086,7.60334118654958e-09,0.257914635945015,0.000422084327965887,0.000541138038123795,0.000426927159796725,1.02837866780895e-06,0.000168940214957456,0.00142321386709243,0,0.00975551659884344,0.0195622750637668,3.11532545415604e-10,3.83752604217372e-06,0.000167555228879067,7.98302147627485e-08,9.41886913686014e-05,0,0,0,0
ECU,2015,18330607692,6355235196,294226565,7392,13311438220,2461242,38322494,44822655,117517,16849259,135246256,448,681809007,1427584435,0,102908,7391423,7710,8793610,0,0,0,0,9.721e+10,0.346700736974127,0.0160511080671051,4.0325995319981e-07,0.726186411474481,0.000134269525667398,0.00209062867112284,0.00244523562737977,6.41097130954844e-06,0.000919187147699064,0.0073781654308725,2.44399971636249e-08,0.0371951120473524,0.0778798204067746,0,5.61399827704086e-06,0.000403228475792749,4.20607986900776e-07,0.000479722775575945,0,0,0,0,0.0653763521859891,0.00302671088365394,7.60415595103384e-08,0.136934864931591,2.53188149367349e-05,0.000394223783561362,0.000461090988581422,1.20889826149573e-06,0.000173328453862771,0.00139127925110585,4.60857936426294e-09,0.00701377437506429,0.0146855718033124,0,1.05861536878922e-06,7.60356239070055e-05,7.93128278983644e-08,9.04599321057504e-05,0,0,0,0
ECU,2016,16797664624,5053937423,380805168,16377,10930493363,19122690,32712156,35611995,106143,12103461,113824354,0,261864921,567754757,0,609268,6413379,0,8066266,0,0,0,0,9.7671e+10,0.300871432793049,0.0226701256706791,9.74956957802398e-07,0.650715061150991,0.00113841360856068,0.00194742285503557,0.00212005631718106,6.31891410954509e-06,0.000720544270344994,0.00677620112961246,0,0.0155893647635907,0.0337996245138035,0,3.62709944291599e-05,0.000381801824453428,0,0.000480201634010192,0,0,0,0,0.0517445037216779,0.00389885603710416,1.67675154344688e-07,0.111911348946975,0.00019578677396566,0.000334921890837608,0.000364611757840096,1.0867401787634e-06,0.000123920723653899,0.00116538536515445,0,0.00268109183892865,0.00581293072662305,0,6.23796213819865e-06,6.56630832079123e-05,0,8.25860900369608e-05,0,0,0,0
ECU,2017,19092352242.561,6189823872.12,728449885.84,0,13840466160.2,58431080.84,46994745.45,48792329.37,9733,12081574.68,147302242.18,0,167576453.69,339229970.66,0,351266.38,5891819.7,0,7237270.7,0,0,0,0,1.04467e+11,0.324204361698374,0.0381540145805673,0,0.724921999361954,0.00306044431286704,0.00246144345405688,0.00255559549447403,5.09785272990252e-07,0.000632796552593847,0.00771524850938122,0,0.00877715074397358,0.0177678458028751,0,1.83982767307713e-05,0.000308595799257561,0,0.000379066476883165,0,0,0,0,0.0592514753187131,0.00697301430920769,0,0.132486490089693,0.000559325728124671,0.000449852541472427,0.000467059735323116,9.31681775106014e-08,0.000115649675782783,0.00141003610881905,0,0.00160410898838868,0.00324724526080006,0,3.36246259584366e-06,5.63988599270583e-05,0,6.92780562282826e-05,0,0,0,0
ECU,2018,21651955550.406,7877586326.55,946560570.35,151.43,17654976971.06,63879811.66,55463943.677,63242810.877,5549.019,21156294.232,134331112.804,0,170288317.3,349307910.58,0,102633.34,23149073.89,6532,6069681.588,0,0,0,0,1.07479e+11,0.363827937306212,0.0437170937353163,6.99382555296076e-09,0.815398725993087,0.00295030217992491,0.00256161359411067,0.00292088216834595,2.56282578591196e-07,0.000977107780530396,0.00620410994707964,0,0.00786480079841134,0.0161328573655533,0,4.740141820496e-06,0.00106914471702608,3.01681757326419e-07,0.000280329486815623,0,0,0,0,0.0732941907400516,0.00880693503242494,1.40892639492366e-09,0.164264432782776,0.000594346911117521,0.000516044470798947,0.000588420164655421,5.16288670344905e-08,0.000196841189739391,0.00124983590100392,0,0.00158438687836694,0.00325001079820244,0,9.54915285776756e-07,0.000215382296913816,6.07746629574149e-08,5.64731862782497e-05,0,0,0,0
ECU,2019,22329378718.518,7731162685.5,946086064.328,52.5,17423713998.496,63248193.44,55722167.385,54271142.607,39958.017,26761002.143,123554705.154,0,194162210.205,398281691.147,0,1513930.19,27480074.71,17986,5745170.205,0,0,0,0,1.07596e+11,0.346232771764871,0.0423695650584044,2.35116259443713e-09,0.780304468751131,0.0028325102206067,0.00249546429783955,0.00243048153247508,1.78948180796729e-06,0.0011984660424433,0.00553328002142463,0,0.00869537001689972,0.0178366669385522,0,6.77999244441352e-05,0.00123066902381885,8.05485912829452e-07,0.00025729198637468,0,0,0,0,0.0718536254647013,0.00879294829108889,4.8793635451132e-10,0.1619364474376,0.000587830341648389,0.000517883261320124,0.000504397399596639,3.71370840923454e-07,0.000248717444356668,0.00114832061743931,0,0.00180454859107216,0.00370164031327373,0,1.40705062455853e-05,0.000255400523346593,1.67162348042678e-07,5.33957601119001e-05,0,0,0,0
ECU,2020,20355361438.694,4684794164.59,563540021.614,7486.04,10552468197.108,612217800.12,62399768.066,58540053.476,25692.362,15523250.82,119570108.509,0,378490100.06,780448763.67,0,12721.504,37640054.788,6762,4502165.906,0,0,0,0,9.5865e+10,0.230150379726717,0.0276850904029026,3.67767480943355e-07,0.518412224164615,0.0300764887896424,0.00306552002301383,0.00287590341504424,1.26219139254196e-06,0.000762612389210219,0.00587413340063352,0,0.0185941232829459,0.0383411891761561,0,6.24970676070501e-07,0.00184914696314108,3.32197491081929e-07,0.0002211783819,0,0,0,0,0.0488686607686851,0.00587847516417879,7.80893965472279e-08,0.11007633857099,0.00638624941448913,0.000650912930329109,0.000610650951609034,2.68005653783967e-07,0.000161928240963855,0.00124727594543368,0,0.00394815730516873,0.00814112307588797,0,1.32702279246858e-07,0.000392636048484849,7.05366922234392e-08,4.69636040890836e-05,0,0,0,0
ECU,2021,26699199844.372,7278163134.71,1319767403.535,75931.45,17217987485.76,1840199204.08,107349751.164,92081670.22,5770.18,28090803.857,217523679.574,0,572623466.3,1169734039.8,4.11,1486226.07,17671708.07,38126.46,4034696.082,0,0,0,0,1.07179e+11,0.27259854891285,0.0494309721350394,2.84395976068945e-06,0.644887771398491,0.0689233840267277,0.00402071042539608,0.00344885505021643,2.16118087194898e-07,0.00105212156247152,0.00814719844946411,0,0.0214472145097152,0.0438115766247044,1.53937197517414e-10,5.56655659593966e-05,0.000661881560983374,1.42800009821406e-06,0.000151116741532256,0,0,0,0,0.0679066154256897,0.01231367528653,7.08454547999142e-07,0.160647024937348,0.0171694007602236,0.0010015931401114,0.000859139105794979,5.38368523684677e-08,0.00026209242348781,0.00202953637908546,0,0.00534268342025957,0.0109138361040876,3.83470642569906e-11,1.38667655977384e-05,0.000164880322357925,3.55726961438341e-07,3.76444646992415e-05,0,0,0,0
ECU,2022,35380361707,10834637184.3,1709765197.4,788.7,25098455830.1,2587560322.6,117329759.2,148490208.7,12113.9,25432268.5,151277795.2,0,902808962.3,1835587246.4,0,35687.8,31658365.4,69510.7,5551968.7,0,0,0,0,1.16133e+11,0.306233081335524,0.0483252605374502,2.22920276093151e-08,0.709389464074763,0.0731354965793934,0.00331623967475681,0.00419696694821018,3.42390507488884e-07,0.000718824434600628,0.00427575603813202,0,0.025517233819613,0.0518815285609935,0,1.00868951808763e-06,0.00089480050153745,1.9646690041116e-06,0.000156922327306268,0,0,0,0,0.0932950770607837,0.014722475070824,6.7913512954974e-09,0.216118207831538,0.0222810081768317,0.0010103050743544,0.00127862199977612,1.04310574944245e-07,0.000218992607613684,0.00130262539674339,0,0.00777392267744741,0.0158059056977776,0,3.07301111656463e-07,0.000272604388072296,5.98543910860823e-07,4.78069859557576e-05,0,0,0,0
ECU,2023,31126424076.3,7823367067.4,1123987864.7,84,17930939982.7,2476555067.2,83912894.6,108783901.8,51455,17617513.5,126989913.7,0,1390803407.9,2815509435.1,0,184358.4,6750688.7,35651.9,7056279.2,0,0,0,0,1.21147e+11,0.251341659042575,0.0361104077341096,2.69867170716724e-09,0.576068100169361,0.0795643939415988,0.00269587326813722,0.00349490521408237,1.6530970558606e-06,0.000565998633727225,0.00407981056187857,0,0.0446824024658513,0.0904539958781761,0,5.92289045307882e-06,0.000216879673792662,1.14539016472328e-06,0.00022669739327277,0,0,0,0,0.0645774725531792,0.0092778844271835,6.93372514383353e-10,0.148009773107877,0.0204425620708726,0.000692653508547467,0.000897949613279735,4.24731937233279e-07,0.000145422614674734,0.0010482299495654,0,0.0114802959041495,0.0232404387653017,0,1.52177437328205e-06,5.57231190206939e-05,2.94286280304093e-07,5.82455958463685e-05,0,0,0,0
ECU,2024,31558096621.268,7834790006.4,835081885.766,7440.37,17342692364.292,2213607712.18,95314910.77,103218027.631,55661.42,26886162.48,126320918.992,0,937632964.591,1910684918.929,0,232973.59,41797944.43,31384.96,4624766.263,0,0,0,0,1.24676e+11,0.248265606776801,0.026461731700359,2.35767387662591e-07,0.549548110344659,0.0701438917164662,0.0030202997320746,0.00327073045214768,1.76377620830554e-06,0.000851957670409075,0.0040028053817057,0,0.02971132815276,0.0605449987006291,0,7.38237140205065e-06,0.00132447609029218,9.94513717878938e-07,0.000146547693243427,0,0,0,0,0.0628412044531426,0.00669801634449293,5.96776444544259e-08,0.139102091535596,0.0177548823524977,0.000764500872421316,0.000827890112218871,4.46448554653662e-07,0.000215648260130258,0.00101319354961661,0,0.00752055700047323,0.0153252022757307,0,1.8686322147005e-06,0.000335252529997754,2.5173216978408e-07,3.70942784738041e-05,0,0,0,0
EGY,2000,4710270524.458,348234986.244,1554194276.327,14460673.758,3891889058.528,0,8563272.729,134851719.796,11720.166,129877709.436,13313745.54,0,0,966116.598,49327.742,979474.97,106318341.975,0,32034593.715,0,0,0,0,1.04752e+11,0.0739309949260442,0.329958601795135,0.0030700304118231,0.82625595245951,0,0.00181800019437002,0.0286292940279724,2.48821504818953e-06,0.0275733015251698,0.0028265352214631,0,0,0.000205108516163447,1.04723798227441e-05,0.000207944525673015,0.0225715999586316,0,0.00680100931542274,0,0,0,0,0.00332437553692531,0.0148368935803326,0.000138046755746907,0.0371533627857034,0,8.17480595024439e-05,0.00128734267408737,1.11884890025966e-07,0.00123985899492134,0.000127097769398198,0,0,9.22289405452879e-06,4.70900240568199e-07,9.35041784405071e-06,0.00101495285984993,0,0.000305813671481213,0,0,0,0
EGY,2001,4159622973.085,297269915.712,1254190377.6,59698516.764,3297799124.892,0,3849858.672,142677728.108,27772.248,136981500.785,12968993.902,0,0,10747854.538,10890.994,1052259.489,145060509.667,6483.942,22214254.826,0,0,0,0,1.02273e+11,0.0714655913854444,0.301515398322225,0.0143519057256587,0.792812027972375,0,0.000925530678359711,0.0343006395125716,6.67662626629899e-06,0.0329312299867906,0.00311782918449974,0,0,0.00258385305772769,2.61826470102473e-06,0.000252969919583742,0.0348734754581412,1.55878117847569e-06,0.00534044911515736,0,0,0,0,0.00290663142483353,0.0122631621014344,0.000583717274001936,0.0322450610121146,0,3.76429621894342e-05,0.00139506739909849,2.71550145199613e-07,0.00133937110268595,0.000126807602221505,0,0,0.000105089853020836,1.06489435139284e-07,1.02887320113813e-05,0.00141836564554672,6.33983749376668e-08,0.000217205467972974,0,0,0,0
EGY,2002,4682693839.989,316740595.182,1180973217.052,19460798.057,3100838562.052,0,5143865.155,126051775.663,71669.432,234766319.811,27307134.026,0,22488561.168,152937793.021,466253.67,177426.243,107410715.449,16589.548,36978653.806,0,0,0,0,9.0261e+10,0.0676406799174263,0.252199536721105,0.00415589801981283,0.662191180549033,0,0.00109848419110229,0.0269186455425615,1.53051714352883e-05,0.0501348855665421,0.00583150104600137,0,0.0048024837703361,0.0326602161591156,9.95695396564929e-05,3.78897807678191e-05,0.0229378044175641,3.5427359906235e-06,0.00789687625746783,0,0,0,0,0.00350916337268588,0.0130839810887537,0.00021560583260766,0.0343541348096299,0,5.69887897873943e-05,0.00139652536159582,7.94024351602575e-07,0.00260097184621265,0.000302535248069487,0,0.00024915036580583,0.00169439506565405,5.16561604679762e-06,1.9657021637252e-06,0.00119000138984722,1.83795304727402e-07,0.000409685842235295,0,0,0,0
EGY,2003,6349015028.506,351491329.939,2175644120.941,114251716.655,5390429272.584,0,2721741.286,103901731.645,1533.178,387302555.692,36707139.987,11795.892,111290837.591,227365904.229,82151.068,446752.317,155824474.742,2970.586,36460934.406,0,0,0,0,8.5163e+10,0.0553615526756298,0.342674274855663,0.0179951876223366,0.849018193905966,0,0.000428687170179917,0.0163650158612791,2.41482811604051e-07,0.0610019906951042,0.00578154876342097,1.85790897439027e-06,0.0175288351171517,0.0358112090155978,1.29391831065379e-05,7.03656102551589e-05,0.0245430943291793,4.67881393674857e-07,0.0057427702158991,0,0,0,0,0.00412727745545601,0.025546823396792,0.00134156519445064,0.0632954366636215,0,3.19591992531968e-05,0.00122003371939692,1.80028650939962e-08,0.00454777961898947,0.000431022157357068,1.38509587496918e-07,0.00130679799432852,0.0026697733079976,9.64633326679427e-07,5.24584992308867e-06,0.00182972035675117,3.48811807944765e-08,0.000428131165012975,0,0,0,0
EGY,2004,7693656110.48,403813919,2564724948.19,182876699.611,6480292555.897,0,1980715.746,122987609.077,13576.127,519077158.978,99964285.418,0,8422887.613,17679909.597,81335.234,368783.09,232229159.788,32257.665,57316855.262,0,0,0,0,8.2855e+10,0.0524866088633648,0.333355807870907,0.0237698042367519,0.842290383510877,0,0.000257447917811396,0.0159855869967298,1.76458718781401e-06,0.0674682038713601,0.0129930794907551,0,0.00109478348031785,0.00229798542372035,1.05717272558112e-05,4.79333992453416e-05,0.0301844995998283,4.19276148254922e-06,0.00744988526117319,0,0,0,0,0.00487374230885282,0.0309543775051596,0.00220718966400338,0.0782124501345362,0,2.39058082915938e-05,0.00148437160191902,1.63854046225333e-07,0.00626488635541609,0.0012064967161668,0,0.000101658169247481,0.000213383737819081,9.81657522177298e-07,4.45094550721139e-06,0.00280283820877437,3.89326715346087e-07,0.000691773040395872,0,0,0,0
EGY,2005,10661807668.289,515618219.78,3200739236.595,1639505658.912,10848989456.071,0,4085459.132,131210838.242,4646.765,554968738.16,152386152.041,0,13617763.729,28538503.022,60370.572,1160971.125,314729499.588,10297.746,51519331.451,0,0,0,0,9.4127e+10,0.0483612381522866,0.300206056625354,0.153773704227316,1.01755629004064,0,0.000383186346922316,0.0123066221342798,4.35832754122989e-07,0.0520520305211115,0.0142927125288741,0,0.00127724717540186,0.00267670398021538,5.66232048806863e-06,0.000108890646044294,0.0295193375626244,9.65853663879924e-07,0.00483213851289326,0,0,0,0,0.00547789921892762,0.0340044751940995,0.0174180167105294,0.115259059101756,0,4.34036900358027e-05,0.00139397662989365,4.93669722821295e-08,0.00589595693222986,0.00161894198307606,0,0.000144674362605841,0.00030319146495692,6.41373590999394e-07,1.23340925026825e-05,0.00334366865604981,1.09402679358739e-07,0.00054733850490295,0,0,0,0
EGY,2006,13755056391.366,886470113.701,3613351187.593,2973784267.782,15135825450.209,0,15476887.058,101982260.957,12230.332,816012959.262,151094949.829,0,256093649.059,532394756.705,110407.013,2309864.227,309418216.779,10511.374,59294316.894,0,0,0,0,1.12902e+11,0.0644468541951914,0.262692575354405,0.216195716191221,1.10038265344442,0,0.00112517801582513,0.00741416523897451,8.89151716431852e-07,0.0593245811608747,0.0109846841430502,0,0.0186181460673436,0.0387053852457619,8.02664924509521e-06,0.00016792837203124,0.0224948708296987,7.64182545016533e-07,0.00431072873908528,0,0,0,0,0.0078516776824237,0.0320043151369595,0.0263395180579795,0.134061623799481,0,0.000137082487980727,0.000903281261244265,1.08326973835716e-07,0.0072276218247861,0.00133828408556979,0,0.00226828266159147,0.00471554761390409,9.77901303785584e-07,2.0459019565641e-05,0.00274059110360313,9.31017519618784e-08,0.000525183937343891,0,0,0,0
EGY,2007,16194778896.238,1052391296.6,4111724891.47,3057654644.116,16726023201.039,0,15581240.155,228608886.82,638353.758,739348356.08,181057969.613,0,95414943.941,197355487.725,2274407.192,1348326.988,410796389.43,2662.17,68356519.035,0,0,0,0,1.37055e+11,0.0649833692292315,0.253892005430537,0.188804963853275,1.03280343055035,0,0.00096211502823416,0.0141162091983303,3.94172567646655e-05,0.0456535010954517,0.0111800210903194,0,0.00589171019575726,0.0121863650618191,0.000140440768384207,8.32568938815961e-05,0.0253659770264247,1.64384461007888e-07,0.00422089856693746,0,0,0,0,0.00767860564444931,0.0300005464336945,0.0223096905922148,0.122038766925971,0,0.000113686039582649,0.00166800836758965,4.65764662361826e-06,0.00539453763875816,0.00132106066625078,0,0.000696179956521105,0.00143997291397614,1.65948501842326e-05,9.83785332895553e-06,0.00299731049162745,1.94240998139433e-08,0.000498752464594506,0,0,0,0
EGY,2008,26335157012.958,2203387424.326,4964914915.328,4005078348.04,22822753443.232,0,650371983.367,558049903.677,104244306.627,1226859743.602,442438823.468,190199.786,14948957.304,32333296.893,4117676.144,2335744.806,214916148.27,979930.425,156918228.32,0,0,0,0,1.70797e+11,0.0836671459084843,0.188528016479456,0.152081050668099,0.866626822540008,0,0.0246959599689111,0.0211903009882347,0.00395837042382954,0.0465863842390738,0.0168003108259541,7.22227651448646e-06,0.000567642611610194,0.00122776169046916,0.000156356620238639,8.86930275316269e-05,0.00816080755334978,3.7209970858265e-05,0.00595850741435829,0,0,0,0,0.0129006213477169,0.0290690990786021,0.0234493483377343,0.133625025282833,0,0.00380786538034626,0.00326732848748514,0.000610340384356868,0.00718314574378941,0.00259043673757736,1.11360144499025e-06,8.75247065463679e-05,0.000189308342025914,2.41085975983185e-05,1.36755610812836e-05,0.00125831336774065,5.73739834423321e-06,0.000918741127303173,0,0,0,0
EGY,2009,24213370744.062,1573689528.65,2071126168.799,2422491201.633,13026418510.859,0,587337279.702,406355334.696,92940923.234,558607574.733,539269851.851,0,909410751.52,1831020416.354,2114147.766,8379534.662,460088045.134,1839424.407,272622776.2,0,0,0,0,1.98316e+11,0.0649925838613745,0.0855364662231885,0.100047664872396,0.537984514776967,0,0.024256733435019,0.0167822703823941,0.00383841325589881,0.0230702111092893,0.0222715729070166,0,0.0375582053871215,0.0756202197417323,8.73132364901515e-05,0.000346070555420499,0.0190014042240207,7.59673003169579e-05,0.0112591831629579,0,0,0,0,0.0079352625539543,0.0104435656669104,0.0122153089091803,0.0656851616150941,0,0.0029616232664132,0.00204902950188588,0.000468650654682426,0.00281675495034692,0.00271924530472075,0,0.00458566505738317,0.00923284261660179,1.0660500242038e-05,4.2253447336574e-05,0.00231997441020392,9.27521938219811e-06,0.00137468876036225,0,0,0,0
EGY,2010,26331836029,1777514166,2961977440,2266572932,14600007027,82,708312763,497136155,87631510,872896083,410461290,149,1033835720,2071256829,1666493,6562331,403006985,496244,254000021,0,0,0,0,2.30024e+11,0.0675043762251281,0.112486551896263,0.0860772841477426,0.554462173124601,3.11410111735813e-09,0.0268994825206991,0.0188796616556662,0.00332796808788756,0.0331498374074126,0.0155880239246495,5.65854959129709e-09,0.0392618167172774,0.0786597951893239,6.32881428459696e-05,0.000249216613409438,0.015304932954776,1.88457804253935e-05,0.00964611889274499,0,0,0,0,0.00772751611136229,0.0128768191145272,0.00985363671616875,0.0634716682911348,3.56484540743575e-10,0.00307929939049838,0.00216123602319758,0.000380966812158731,0.00379480438128195,0.00178442810315445,6.47758494765764e-10,0.00449446892498174,0.00900452487131778,7.2448657531388e-06,2.85288969846625e-05,0.00175202146297778,2.15735749313115e-06,0.00110423269311028,0,0,0,0
EGY,2011,31582438765,3013973473,3507250578,2030151581,17793338962,0,614250324,664620269,68045567,1157591948,573195343,213153,1715240728,3441075978,1218796,983970,30222417,138266,306505655,0,0,0,0,2.47726e+11,0.0954319422710357,0.11105065711033,0.0642810264307339,0.563393444515082,0,0.0194491099490619,0.0210439818769328,0.002154538080682,0.0366530259621007,0.0181491792722233,6.74909881361722e-06,0.054309951829966,0.108955359768272,3.8590940017928e-05,3.11556054084856e-05,0.000956937405147218,4.37793930446017e-06,0.00970493942157731,0,0,0,0,0.0121665609302213,0.0141577814924554,0.00819514940296941,0.0718266914332771,0,0.00247955533129345,0.00268288459426948,0.000274680764231449,0.00467287223787572,0.00231382795104268,8.60438549042087e-07,0.00692394309842326,0.0138906532943656,4.91993573544965e-06,3.97200939747947e-06,0.000121999374308712,5.58140849163996e-07,0.00123727689059687,0,0,0,0
EGY,2012,29417005557,3022647392,3150414352,2179911332,17224930116,704248,484091609,673232270,63674323,775037278,439968411,1017939,1318704465,2649370997,167910,2586235,95365318,561297,259154188,0,0,0,0,2.94482e+11,0.102751702111323,0.107095004822826,0.074103780813995,0.585543286607606,2.39401661272222e-05,0.0164561823963353,0.022885819180185,0.00216454128468722,0.0263465727841757,0.0149562609337478,3.46037599927561e-05,0.0448279639627088,0.0900625657450563,5.70792291127825e-06,8.79163242835431e-05,0.00324184315141169,1.90806980306816e-05,0.00880967260579425,0,0,0,0,0.0102642857356307,0.0106981559212448,0.00740252827677074,0.0584923021305207,2.39148063379086e-06,0.00164387503820267,0.00228615762593299,0.000216224838869608,0.00263186638911716,0.00149404177844486,3.45671042712288e-06,0.00447804777541581,0.00899671625769996,5.70187651537276e-07,8.78231946264967e-06,0.000323840907084304,1.90604858701041e-06,0.000880034053015125,0,0,0,0
EGY,2013,28779409063,3059529274,2548886969,1559696109,14726318801,0,295783758,706864217,59104025,971422117,438521293,1047987,901083137,1808385354,11723,973421,206645664,152371,286216165,0,0,0,0,3.03194e+11,0.106309662832287,0.0885663414221022,0.0541948622220048,0.511696357932963,0,0.0102776174921629,0.0245614569587801,0.00205369140383034,0.0337540675304866,0.0152373279117736,3.64144725037922e-05,0.0313099944139739,0.0628360836055156,4.07339844064817e-07,3.38235228481974e-05,0.00718033033783422,5.29444505502007e-06,0.00994517171542523,0,0,0,0,0.0100909954484587,0.00840678565209074,0.00514421825299973,0.0485706141975105,0,0.000975559404209846,0.00233139249787265,0.000194937977004822,0.00320396220571647,0.00144633895459673,3.45648990415378e-06,0.00297196889450319,0.00596444967248692,3.8665013159891e-08,3.21055495821157e-06,0.000681562511131487,5.02552820966114e-07,0.000944003393866633,0,0,0,0
EGY,2014,26812195958,3050496068,2437226562,379757629,12137809460,84328,265405753,570952887,40881577,621890364,379497814,409030,659253641,1320973233,205771,1627909,36915095,537956,309044937,0,0,0,0,3.21634e+11,0.113772705256162,0.0908999235205425,0.0141636153038293,0.452697327701666,3.14513589756302e-06,0.00989869510933551,0.0212945216383757,0.00152473811037481,0.0231943092230924,0.0141539251240169,1.52553711244214e-05,0.0245878271974697,0.0492676256383192,7.67452991624894e-06,6.07152432628062e-05,0.00137680237224231,2.00638545549451e-05,0.0115262821994925,0,0,0,0,0.00948437064489451,0.00757763968361554,0.00118071357194824,0.0377379551291219,2.62186211656728e-07,0.000825179405784214,0.00177516334404945,0.000127105893655522,0.00193353427809249,0.00117990577488698,1.27172500419732e-06,0.00204970134065428,0.00410706962883277,6.39767561887114e-07,5.06137099933465e-06,0.000114773609133363,1.67257192958456e-06,0.000960859041643607,0,0,0,0
EGY,2015,21858773824.971,1983618420.51,1477723970.412,144479568.771,7536477388.823,0,194481834.147,465561346.638,30007346.043,289508612.5,435722057.95,1689774.462,628000520.304,1257966231.022,300971.968,1818006.157,84859957.002,731959.213,298203594.801,0,0,0,0,3.50119e+11,0.0907470124533681,0.0676032417117505,0.00660968313812505,0.344780427720675,0,0.00889719778905567,0.0212986030399451,0.00137278267679957,0.0132445037776671,0.0199335086880418,7.73041743114446e-05,0.0287299061389521,0.0575497162418565,1.37689318902315e-05,8.31705461412089e-05,0.00388219200589641,3.34858313124511e-05,0.0136422837433058,0,0,0,0,0.0056655549127868,0.00422063347151112,0.00041265846403937,0.0215254738783756,0,0.000555473522279568,0.00132972317023069,8.57061343229016e-05,0.000826886322935916,0.00124449703657899,4.82628609701273e-06,0.00179367735056938,0.00359296762249978,8.59627635175469e-07,5.19253784284772e-06,0.000242374612637418,2.09060123272373e-06,0.000851720685826819,0,0,0,0
EGY,2016,22973368854.395,1808107143.787,920417766.26,245470496.242,6139080007.869,0,163394187.413,405064510.684,17223679.729,512398069.424,313689650.823,567630.993,2664526686.245,5336813707.389,666465.727,2299950.608,34729485.41,269121.91,328170076.758,0,0,0,0,3.51443e+11,0.0787044841027351,0.0400645535312474,0.0106850021778604,0.267225936551946,0,0.00711233030073172,0.0176319160350968,0.00074972372742385,0.0223040021980048,0.0136544906761896,2.47082174407089e-05,0.115983280603413,0.232304358198995,2.90103611370215e-05,0.000100113771845003,0.00151172801995716,1.17145165650581e-05,0.0142848042373732,0,0,0,0,0.00514480909788216,0.00261896741793122,0.0006984646051906,0.0174682096609379,0,0.000464923721380138,0.00115257527019744,4.90084586376738e-05,0.0014579834266837,0.000892576181124677,1.61514382986715e-06,0.00758167522541351,0.0151854317980128,1.89636933158435e-06,6.54430621181813e-06,9.8819681740709e-05,7.65762612998409e-07,0.000933778953508819,0,0,0,0
EGY,2017,26434038479.942,2106108669.35,2452206419.242,320410739.439,9995162521.696,31260.52,240513803.673,485102261.871,17733123.38,871923138.43,280214774.721,2423803.635,2108782732.156,4225546818.084,317908.645,1370444.417,4628281.49,266535.942,302961827.071,0,0,0,0,2.46826e+11,0.0796741168001289,0.0927669989246146,0.0121211422039098,0.378117120820577,1.18258585511708e-06,0.00909864014367311,0.0183514245180165,0.000670844275022744,0.0329848630239231,0.010600528365487,9.16925212482825e-05,0.0797752766288864,0.159852487968886,1.20264879405857e-05,5.18439291082929e-05,0.000175087945548385,1.0083057955834e-05,0.0114610496349578,0,0,0,0,0.00853276668321004,0.00993495992821664,0.00129812393928922,0.0404947717083938,1.26650028765203e-07,0.000974426533967248,0.00196536127422152,7.18446329803181e-05,0.00353254170318362,0.00113527251878246,9.81988783596542e-06,0.00854360048032217,0.0171195369129832,1.28798686118966e-06,5.55226927876318e-06,1.87511910819768e-05,1.07985358916808e-06,0.00122743076933143,0,0,0,0
EGY,2018,29303872573.375,2133332526.445,4171011110.076,671181381.667,14167951836.963,0,221352593.921,670037135.813,15118041.31,1048521751.76,285366513.235,3291,1449279204.415,2904424989.61,2382697.1,2292229.545,12676201.428,228016.5,294937621.052,0,0,0,0,2.63156e+11,0.0728003618328354,0.142336515408742,0.02290418715091,0.483483942318114,0,0.00755369766800437,0.0228651395522988,0.00051590591899229,0.0357809961510913,0.00973818434817653,1.12305975661051e-07,0.0494569173676994,0.0991140328752627,8.13099734184921e-05,7.82227515923162e-05,0.000432577687343528,7.78110467922154e-06,0.0100648001493146,0,0,0,0,0.00810672196888918,0.0158499563379744,0.00255050761398942,0.0538386046184127,0,0.000841145913150375,0.00254615944843743,5.74489706105884e-05,0.00398441134444968,0.00108440055797702,1.25058900424083e-08,0.00550730062934153,0.0110368944261579,9.05431417106203e-06,8.71053498685191e-06,4.81699122497682e-05,8.66468938576358e-07,0.00112077102954901,0,0,0,0
EGY,2019,30505251683.552,1916595894.271,4605679047.113,1341399797.18,15937349445.723,1940,180263136.173,539575672.485,2505758.842,687879867.059,279959310.249,697001.812,2034082290.99,4070373915.646,3520,1881334.338,9307659.291,130339.39,311627936.492,0,0,0,0,3.17894e+11,0.0628283914570815,0.150979873724376,0.0439727497119214,0.52244608931767,6.35956070818462e-08,0.00590924926773167,0.0176879600300407,8.21418838957185e-05,0.0225495555386581,0.00917741355335056,2.28485842120035e-05,0.0666797413144029,0.133431907327639,1.15389967488711e-07,6.16724738912542e-05,0.000305116620166047,4.27268692460181e-06,0.0102155504148823,0,0,0,0,0.00602904079432452,0.0144880968093547,0.00421964490421335,0.0501341624746708,6.10266315186823e-09,0.000567054226166584,0.0016973446258344,7.88237224357805e-06,0.00216386552454277,0.000880668745710834,2.19256045096793e-06,0.00639861806448061,0.0128041860357415,1.10728733477197e-08,5.91811842312217e-06,2.9279128549139e-05,4.10008965252568e-07,0.000980288827382712,0,0,0,0
EGY,2020,29322919594.784,1191878164.579,4212686929.077,497716149.96,11949535482.266,0,182338921.146,575725515.533,1047470.65,725428282.105,373540468.822,367570.3,2975781468.752,5985018211.018,9795.5,2683499.788,10318314.146,379515.057,364309809.495,0,0,0,0,3.82525e+11,0.0406466402748999,0.143665330304502,0.0169736218916119,0.407515201330484,0,0.00621830716946871,0.0196339765442528,3.57219084755232e-05,0.0247392924077738,0.0127388566344685,1.25352558708166e-05,0.101483123436363,0.204107172605098,3.34056094528269e-07,9.15154365623724e-05,0.000351885633783733,1.29426081114893e-05,0.012424063310524,0,0,0,0,0.00311581769708908,0.0110128408053774,0.00130113365129077,0.0312385739030547,0,0.00047667190679302,0.00150506637614012,2.73830638520358e-06,0.00189642057932161,0.000976512564726489,9.6090530030717e-07,0.00777931238154892,0.0156460838141769,2.5607476635514e-08,7.01522720867917e-06,2.69742216744004e-05,9.92131382262597e-07,0.000952381699222273,0,0,0,0
EGY,2021,43636851989.261,3213265951.604,6344755355.638,4051854308.603,27442140528.13,0,410282187.92,784713747.077,3279813.092,1782182940.182,551060063.756,125810.5,1110229359.248,2270776014.935,10648,2083513.212,13836905.478,65979.75,407151781.55,0,0,0,0,4.233e+11,0.0736365206269871,0.145399016345163,0.0928539554044861,0.628875349094465,0,0.0094021949159158,0.0179828221171893,7.51615421939044e-05,0.0408412353077301,0.0126283184655854,2.88312502540197e-06,0.0254424714120356,0.0520380346293962,2.44013935804087e-07,4.77466434222329e-05,0.000317092201825312,1.51201901585929e-06,0.00933045723944981,0,0,0,0,0.00759098972738956,0.0149887912960973,0.00957206309615639,0.0648290586537444,0,0.00096924684129459,0.00185380048919679,7.74820007559651e-06,0.00421021247385306,0.00130181919148594,2.97213560122844e-07,0.00262279555692889,0.00536446022899835,2.51547365934326e-08,4.92207231750532e-06,3.26881773635719e-05,1.55869950389794e-07,0.000961851598275455,0,0,0,0
EGY,2022,52115727913.297,3202780000,5121044646,10116701300,37177804051,0,451399274,678383438,3586329,1408616172,494650705,300,1623734141,3256756309,1730,1295860,29754580,40422,495854733,0,0,0,0,4.75231e+11,0.061455152374123,0.098262940019176,0.19411992703682,0.713370138719953,0,0.00866147882940398,0.0130168658322993,6.88147157028382e-05,0.0270286193515989,0.00949139011975295,5.75641964550699e-09,0.0311563170277761,0.0624908533258548,3.31953532890903e-08,2.48650465394223e-05,0.000570932829519365,7.75619983035612e-07,0.00951449308786275,0,0,0,0,0.00673941725182069,0.0107759061298611,0.021287965852396,0.0782310161816043,0,0.000949852332865491,0.00142748145217799,7.54649633546633e-06,0.00296406625830386,0.00104086371680299,6.31271949851756e-10,0.00341672605743312,0.00685299635124813,3.64033491081179e-09,2.72680022978299e-06,6.26107724454002e-05,8.50575825230256e-08,0.00104339728048044,0,0,0,0
EGY,2023,42553243151.133,2638393000,1968454713.859,2738224000,15069832832.341,132924,695369017.834,698996303.012,4338646.709,2339423363.605,538144561.816,86603.06,1828383212.139,3687739392.521,5647282.791,2562292.053,45378181.95,16312.528,513683001.326,0,0,0,0,3.93828e+11,0.0620021602261766,0.046258629615322,0.0643481858779803,0.354140641614992,3.12371020765454e-06,0.0163411520800968,0.0164263931782927,0.000101958073879135,0.0549763823005512,0.0126463818493156,2.03516943919923e-06,0.042966953321167,0.0866617705123801,0.000132710984470514,6.02137901428502e-05,0.00106638598117737,3.83343942600663e-07,0.0120715358756932,0,0,0,0,0.00669935352488904,0.00499825993545152,0.00695284235757742,0.038265011203726,3.37517901215759e-07,0.00176566678304742,0.00177487711135826,1.10166029561128e-05,0.00594021594098185,0.00136644566109063,2.19900718079974e-07,0.00464259324410403,0.00936383241547325,1.43394649212347e-05,6.50611955726866e-06,0.000115223351183766,4.1420437348284e-08,0.00130433336717044,0,0,0,0
EGY,2024,44846871351.303,1408882000,3541642155.742,331522000,10867294643.716,1500,1041165534.882,878400181.414,1103547.864,2208673741.451,594865358.242,100,3245127056.74,6507009061.934,2294046,3516187.29,101835338.156,23476,592251955.432,0,0,0,0,3.83105e+11,0.0314153910305956,0.0789718892093707,0.00739231054498895,0.242320017344984,3.34471492615375e-08,0.0232160127007778,0.0195866546527438,2.46070200829726e-05,0.0492492268669,0.0132643669517588,2.22980995076916e-09,0.072360166026291,0.145093935560456,5.1152865983222e-05,7.84042940801006e-05,0.00227073450360192,5.23470184042569e-07,0.0132060930358477,0,0,0,0,0.00367753487947169,0.00924457304327012,0.00086535545085551,0.0283663607724149,3.91537568029652e-09,0.0027177028096266,0.00229284447191762,2.88053631249918e-06,0.00576519163532452,0.00155274757114107,2.61025045353102e-10,0.00847059437162136,0.0169849233550437,5.98803461192101e-06,9.1781294684225e-06,0.000265815737607183,6.12782396470941e-08,0.00154592593527101,0,0,0,0
HUN,2000,28092242000,0,319473000,16785000,834100000,0,96682000,577312000,1725000,341512000,428598000,0,9334000,28149000,67864000,138035000,463496000,2487000,129019000,0,0,0,0,4.7276e+10,0,0.0113722856296055,0.000597495920759902,0.029691471403386,0,0.00344159074238361,0.0205505847486292,6.14048533399363e-05,0.0121568082746831,0.0152568100474145,0,0.000332262551347806,0.00100202041545847,0.00241575592293417,0.00491363416276992,0.016499074726752,8.85297798587952e-05,0.00459269146264652,0,0,0,0,0,0.00675761485743295,0.000355042727811152,0.0176432016245029,0,0.00204505457314494,0.0122115238175819,3.64878585328708e-05,0.00722379219900161,0.00906586851679499,0,0.000197436331330908,0.000595418394111177,0.00143548523563753,0.0029197690159912,0.00980404433539216,5.26059734326085e-05,0.0027290591420594,0,0,0,0
HUN,2001,30497719000,0,432734000,5336000,1029052000,0,88451000,595073000,1182000,332314000,460254000,0,9557000,27240000,150655000,163909000,685862000,1567000,111254000,0,0,0,0,5.38e+10,0,0.0141890611556884,0.000174963904677592,0.0337419332901585,0,0.00290024968752581,0.0195120494093345,3.87569968757336e-05,0.010896355888124,0.0150914237225413,0,0.000313367698089159,0.000893181552364621,0.00493987763478311,0.00537446751345568,0.0224889605678379,5.13808917971865e-05,0.00364794494958787,0,0,0,0,0,0.00804338289962825,9.9182156133829e-05,0.0191273605947955,0,0.00164407063197026,0.0110608364312268,2.19702602230483e-05,0.00617684014869889,0.00855490706319703,0,0.000177639405204461,0.000506319702602231,0.00280027881040892,0.00304663568773234,0.0127483643122677,2.91263940520446e-05,0.00206791821561338,0,0,0,0
HUN,2002,34336583000,0,458034000,9095000,1029853000,0,78433000,631904000,1093000,379695000,487278000,0,7658000,22405000,119074000,210364000,721362000,1448000,172023000,0,0,0,0,6.7636e+10,0,0.0133395335231814,0.000264877841805051,0.0299928796059876,0,0.0022842401062447,0.018403228999228,3.18319385478747e-05,0.0110580310218987,0.0141912199009436,0,0.000223027434034423,0.000652511055045868,0.00346784652392464,0.00612652691736973,0.0210085552193705,4.21707657980994e-05,0.00500990445088843,0,0,0,0,0,0.00677204447335738,0.000134469808977468,0.0152264030989414,0,0.00115963392276303,0.0093427168963274,1.61600331184576e-05,0.0056138003430126,0.00720441776568691,0,0.000113223727009285,0.000331258501389792,0.00176051215329115,0.00311023715181264,0.010665355727719,2.1408717251168e-05,0.0025433644804542,0,0,0,0
HUN,2003,43003656000,0,566545000,20242000,1286486000,0,85232000,738530000,737000,470262000,626963000,0,0,22372000,169035000,207185000,807327000,1007000,212424000,0,0,0,0,8.519e+10,0,0.0131743449905748,0.000470704165245857,0.0299157355365321,0,0.00198197102125457,0.0171736561189123,1.71380777485524e-05,0.0109353958184393,0.0145792953045667,0,0,0.000520234837707752,0.00393071230966967,0.00481784618498483,0.0187734503317578,2.34166136944264e-05,0.00493967303617162,0,0,0,0,0,0.00665036976170912,0.000237610048127715,0.0151013734006339,0,0.00100049301561216,0.00866921000117385,8.65125014673084e-06,0.00552015494776382,0.00735958445826975,0,0,0.000262612982744454,0.00198421176194389,0.00243203427632351,0.00947678131236061,1.1820636224909e-05,0.00249353210470713,0,0,0,0
HUN,2004,55468212000,0,819212000,52254000,1912742000,0,139380000,890945000,1026000,7.85e+08,833967000,620000,10753000,34932000,151977000,269903000,923281000,3686000,292340000,0,0,0,0,1.04015e+11,0,0.014769035641531,0.000942053080780754,0.034483570517831,0,0.00251279056912813,0.0160622628326293,1.84970808145033e-05,0.0141522499409211,0.0150350438553887,1.11775732017466e-05,0.000193858781674809,0.000629766108199053,0.0027398936169062,0.00486590409656616,0.016645227360132,6.6452475518771e-05,0.00527040604806227,0,0,0,0,0,0.00787590251406047,0.000502369850502331,0.0183890977262895,0,0.0013399990386002,0.00856554343123588,9.863961928568e-06,0.00754698841513243,0.00801775705427102,5.96067874825746e-06,0.000103379320290343,0.000335836177474403,0.00146110657116762,0.00259484689708215,0.00887642166995145,3.54371965581887e-05,0.0028105561697832,0,0,0,0
HUN,2005,62271839000,127851000,1151917000,52052000,3001906000,0,157393000,1033010000,4544000,953513000,891955000,1048000,6773000,21464000,225324000,293465000,1159781000,1996000,305062000,0,0,0,0,1.13098e+11,0.00205311103788022,0.0184982010889385,0.000835883456083576,0.0482064774094756,0,0.00252751488517948,0.0165887183771785,7.2970383932294e-05,0.0153121060066975,0.0143235692782415,1.68294371393143e-05,0.000108765055099786,0.000344682288891452,0.00361839321944547,0.00471264386458861,0.0186244861019762,3.20530119561749e-05,0.00489887571812356,0,0,0,0,0.00113044439335797,0.0101851226370051,0.000460238023660896,0.0265425206458116,0,0.00139165148808998,0.00913376010185856,4.01775451378451e-05,0.00843085642540098,0.0078865674017224,9.26630002298891e-06,5.98861164653663e-05,0.000189782312684574,0.00199228987249996,0.00259478505367027,0.0102546552547348,1.76484111124865e-05,0.00269732444428726,0,0,0,0
HUN,2006,74055406000,0,1243069000,56012000,3102678000,0,217682000,1277290000,6460000,1241027000,1140700000,0,7230000,34309000,319470000,400652000,1589868000,1920000,268276000,0,0,0,0,1.15604e+11,0,0.0167856618057026,0.000756352615229738,0.0418967117674029,0,0.00293944779669428,0.0172477617636719,8.72319841174053e-05,0.0167580878565435,0.0154033319323103,0,9.76296045153003e-05,0.000463288257443353,0.00431393219287732,0.0054101654644902,0.0214686285022865,2.59265339791669e-05,0.00362263897385155,0,0,0,0,0,0.0107528199716273,0.00048451610670911,0.0268388464066987,0,0.00188299712812705,0.0110488391405142,5.58804193626518e-05,0.0107351562229681,0.00986730562956299,0,6.2541088543649e-05,0.000296780388221861,0.00276348569253659,0.00346572782948687,0.013752707518771,1.66084218539151e-05,0.00232064634441715,0,0,0,0
HUN,2007,94590870000,204566000,1358825000,131969000,4338249000,0,200864000,1431044000,5119000,1357095000,1308295000,0,11068000,30698000,420808000,1104090000,3242534000,3633000,408384000,0,0,0,0,1.40123e+11,0.00216264000954849,0.0143652870514882,0.00139515579040556,0.0458632952630629,0,0.00212350303998684,0.0151287751132852,5.41172736861391e-05,0.0143469977599318,0.0138310917322147,0,0.0001170091785814,0.00032453449259955,0.00444871687933518,0.01167226815865,0.0342795663048664,3.84075122683616e-05,0.00431737227916394,0,0,0,0,0.00145990308514662,0.00969737302227329,0.000941808268449862,0.0309602920291458,0,0.00143348343954954,0.0102127702090306,3.65321895763008e-05,0.00968502672651884,0.00933676127402354,0,7.89877464798784e-05,0.000219078952063544,0.00300313296175503,0.00787943449683492,0.0231406264496193,2.59272210843331e-05,0.00291446800311155,0,0,0,0
HUN,2008,108211166000,0,1952709000,85528000,6039710000,0,228346000,1424539000,5442000,2296110000,1612459000,0,11992000,76179000,663644000,981422000,3627292000,5643000,720850000,0,0,0,0,1.58228e+11,0,0.0180453558739031,0.000790380541690125,0.0558141107175576,0,0.00211018888753126,0.013164436283775,5.02905587395667e-05,0.0212187899352272,0.0149010408038668,0,0.000110820356560986,0.00070398465163937,0.00613286063288515,0.0090695076698462,0.0335204963968321,5.21480380314911e-05,0.00666151217703356,0,0,0,0,0,0.0123411090325353,0.000540536441085017,0.0381709305559067,0,0.00144314533458048,0.00900307783704528,3.43934069823293e-05,0.0145114012690548,0.0101907310968981,0,7.57893672422074e-05,0.000481450817807215,0.00419422605354299,0.00620258108552216,0.0229244634325151,3.56637257628233e-05,0.00455576762646308,0,0,0,0
HUN,2009,82571847000,0,882359000,94153000,3077964000,0,146885000,959628000,4874000,938528000,1133048000,0,25117000,80297000,337930000,830410000,2572448000,10304000,690793000,0,0,0,0,1.30807e+11,0,0.0106859544997219,0.00114025546745975,0.0372761917267032,0,0.00177887506864174,0.0116217334947104,5.90273825411705e-05,0.0113661984574476,0.0137219650663743,0,0.000304183579664871,0.000972450089435447,0.00409255711574431,0.0100568175494488,0.0311540566604983,0.000124788294974194,0.00836596279601206,0,0,0,0,0,0.00674550291651058,0.000719785638383267,0.0235305755808175,0,0.00112291391133502,0.00733621289380538,3.72610028515294e-05,0.00717490654169884,0.00866198292140329,0,0.000192015717813267,0.000613858585549703,0.00258342443447216,0.00634836056174364,0.0196659811783773,7.87725427538282e-05,0.00528100942610105,0,0,0,0
HUN,2010,94748737000,0,1448551000,79925000,4188092000,0,171897000,1314586000,4356000,1366836000,1175521000,2940000,46109000,125858000,435016000,886987000,2960033000,13827000,678998000,0,0,0,0,1.31899e+11,0,0.015288340993928,0.000843546864376672,0.0442020878864063,0,0.0018142405423304,0.0138744435189674,4.59742276036883e-05,0.014425902057143,0.0124067194689888,3.10294373633709e-05,0.000486645009315533,0.00132833432914256,0.00459125908981774,0.00936146515599464,0.031240870260888,0.000145933343681404,0.00716630133022248,0,0,0,0,0,0.0109822743159539,0.000605956072449374,0.0317522649906368,0,0.00130324718155558,0.00996661081585152,3.30252693348699e-05,0.0103627472535804,0.00891228136680339,2.22897823334521e-05,0.000349578086262974,0.000954199804395788,0.00329809930325476,0.00672474393285772,0.0224416636972229,0.000104830210994776,0.00514786313770385,0,0,0,0
HUN,2011,111216834000,0,2057161000,109792000,6202909000,0,312684000,1637124000,1596000,1905029000,1551167000,4236000,67622000,256762000,368793000,1210550000,3740281000,21916000,873432000,0,0,0,0,1.41713e+11,0,0.018496849137065,0.000987188684044,0.0557731125487712,0,0.00281148085909369,0.0147201097272738,1.43503455600975e-05,0.0171289626892274,0.0139472321249497,3.80877592685294e-05,0.000608019465830146,0.00230866129492591,0.00331598182339914,0.0108845932442206,0.0336305293495407,0.000197056499558331,0.00785341542809967,0,0,0,0,0,0.0145163887575593,0.000774748964456331,0.0437709243329829,0,0.0022064595344111,0.0115523911003225,1.12621989514018e-05,0.0134428669211717,0.0109458341859956,2.98914002243972e-05,0.000477175700182764,0.00181184506714275,0.00260239357010296,0.00854226500038811,0.0263933513509699,0.000154650596628397,0.00616338656298293,0,0,0,0
HUN,2012,102829804313,1062612,2196809152,450294718,6808336443,0,352133841,1400424675,2915166,1765504805,1535938488,4069949,97828332,373225985,383570398,1293790095,3797181352,29217625,940385482,0,0,0,0,1.2847e+11,1.03336966077029e-05,0.0213635450021203,0.00437902922220258,0.0662097578468237,0,0.00342443363918259,0.0136188596716308,2.8349426700518e-05,0.0171691934726049,0.0149367053478465,3.95794684935082e-05,0.000951361647078738,0.00362955066863641,0.00373014808851006,0.0125818589624257,0.0369268557629643,0.000284135763898427,0.00914506731081189,0,0,0,0,8.27128512493189e-06,0.0170997832334397,0.00350505735191095,0.0529955354791002,0,0.00274098109286215,0.0109007914299058,2.26914143379777e-05,0.0137425453802444,0.0119556198956955,3.16801510080174e-05,0.000761487755896318,0.00290516062115669,0.00298568068809839,0.0100707565579513,0.0295569498871332,0.000227427609558652,0.00731988387950494,0,0,0,0
HUN,2013,108014637456,50871809,2063410771,618449219,6634078359,0,360499320,1401313339,5661223,1652526063,1665122019,642225,95351192,302080869,660858957,806964042,3336316452,21754332,687706064,0,0,0,0,1.35646e+11,0.000470971436817744,0.0191030662102674,0.00572560565462183,0.0614183273234834,0,0.00333750432803008,0.0129733652031266,5.24116280287115e-05,0.0152990937332281,0.0154157071506007,5.94572194219151e-06,0.000882761764939882,0.00279666604559084,0.00611823520001354,0.00747087673491214,0.0308876327373598,0.000201401703624304,0.00636678583752261,0,0,0,0,0.000375033609542486,0.0152117332689501,0.00455928828715922,0.0489072907347065,0,0.00265764799551774,0.0103306646639046,4.17352741695295e-05,0.0121826376229303,0.0122754966530528,4.73456644501128e-06,0.000702941421051856,0.00222697955708241,0.00487193840585052,0.00594904414431683,0.0245957599339457,0.000160375772230659,0.00506985877947009,0,0,0,0
HUN,2014,112536243771,10853406,2191329651,324497603,6305281176,0,275538309,1401037488,3820156,1476788364,1720127855,108761,46189484,184288200,573318251,820915027,3116651683,19338181,691528488,0,0,0,0,1.41129e+11,9.64436490530606e-05,0.0194722124852429,0.00288349417153393,0.0560288931344698,0,0.00244844060692743,0.0124496556936001,3.39460059443039e-05,0.0131227799552748,0.0152851010248777,9.66453085295061e-07,0.000410440960638343,0.00163758975619453,0.00509452094532891,0.00729467236058172,0.027694648217885,0.000171839581205067,0.00614494019728605,0,0,0,0,7.69041515209489e-05,0.0155271393618604,0.00229929782681093,0.0446774311162128,0,0.00195238617860256,0.00992735361265225,2.7068540129952e-05,0.0104641027995664,0.0121883373013342,7.70649547577039e-07,0.0003272855614367,0.0013058138299003,0.0040623702499132,0.00581677066371901,0.0220837084015333,0.000137024856691396,0.00489997440639415,0,0,0,0
HUN,2015,100296847323,30167960,1093853215,158769219,3587848774,0,207346610,1236665444,2940978,997760284,1447501265,11504,36752223,183626871,372545915,932214850,2993595891,20753104,564979995,0,0,0,0,1.25244e+11,0.000300786722665827,0.0109061575133794,0.001582993117308,0.0357722986291438,0,0.00206732928834994,0.0123300530077221,2.9322736242434e-05,0.00994807225382442,0.014432171136331,1.14699517552651e-07,0.000366434479058366,0.00183083392849469,0.00371443295520784,0.00929455785382623,0.0298473578273034,0.000206916812979832,0.00563307830784068,0,0,0,0,0.000240873494937881,0.00873377738654147,0.00126767924211938,0.0286468714988343,0,0.00165554126345374,0.00987404940755645,2.34819871610616e-05,0.00796653160231229,0.0115574499776436,9.18527035227237e-08,0.000293444979400211,0.00146615303727125,0.00297456097697295,0.00744318969371786,0.0239021102088723,0.000165701382900578,0.00451103442081058,0,0,0,0
HUN,2016,103009508296,34828376,836519798,107318460,2854686065,246,209126449,1258368726,2062321,936349647,1452071196,0,50969896,196883670,480500136,705450615,2666467246,36202852,664062182,0,0,0,0,1.28984e+11,0.000338108360831312,0.00812080177682474,0.00104183062102984,0.0277128404185466,2.3881290578838e-09,0.00203016646190632,0.0122160443906212,2.00206857999349e-05,0.00908993414772333,0.0140964773060312,0,0.000494807681767948,0.00191131550142197,0.00466461925649885,0.00684840289668089,0.0258856419189756,0.000351451556257995,0.00644661054095903,0,0,0,0,0.00027002090181728,0.00648545399429387,0.000832029243937233,0.0221320944070582,1.90721329777337e-09,0.00162133635954847,0.00975600637288346,1.59889676238913e-05,0.00725942478912113,0.0112577621720523,0,0.000395164485517584,0.00152641932332692,0.00372526930471997,0.00546928777987968,0.0206728528034485,0.000280677076226509,0.00514840741487316,0,0,0,0
HUN,2017,113496741513,30274909,1241764062,356806915,4461971312,0,248111607,1494874764,2416166,1531058765,1625659016,3344275,54271681,205962324,633918042,907430840,3410214507,59001000,775058254,0,0,0,0,1.43335e+11,0.000266746944418068,0.0109409666343396,0.00314376351464796,0.0393136512336693,0,0.00218606810814548,0.01317108089688,2.12884173394815e-05,0.0134898918205914,0.0143233981375033,2.94658239119309e-05,0.000478178318395015,0.00181469812484801,0.00558534133711134,0.00799521491016605,0.0300468054107914,0.000519847523492487,0.00682890313561314,0,0,0,0,0.00021121783932745,0.00866336946314578,0.00248932162416716,0.0311296704363903,0,0.00173099108382461,0.0104292375484006,1.6856776083999e-05,0.0106816811316147,0.0113416752084278,2.33318798618621e-05,0.000378635232148463,0.0014369297380263,0.00442263258799316,0.00633083922279974,0.0237919175846793,0.00041163009732445,0.00540732029162452,0,0,0,0
HUN,2018,123957885048,101061805,1699362044,529768874,5809351564,0,296034497,1708772829,1615493,1875579074,1810400684,2507069,54686654,194066326,482108519,771324603,2781433640,23740621,687233910,0,0,0,0,1.61185e+11,0.000815291459360298,0.0137091887566649,0.004273781162004,0.0468655266403622,0,0.00238818609147266,0.0137851079690357,1.30325957027618e-05,0.0151307766607483,0.0146049658986918,2.02251675964719e-05,0.000441171241174563,0.00156558274550144,0.00388929287405407,0.0062224730818965,0.0224385374026263,0.000191521668757151,0.00554409192875373,0,0,0,0,0.000626992617179018,0.0105429292055712,0.00328671324254738,0.0360415148059683,0,0.00183661318981295,0.0106013141979713,1.00226013586872e-05,0.0116361886900146,0.0112318186183578,1.55539845519124e-05,0.00033927880385892,0.00120399743152278,0.00299102595775041,0.00478533736389863,0.0172561568384155,0.000147288029283122,0.0042636343952601,0,0,0,0
HUN,2019,122180657695,48854265,1310344937,584850761,5150014716,0,254671044,1517130675,1871844,1497096576,1684096613,2109978,74455832,253018174,524280246,860304233,3057129709,35847630,784497942,0,0,0,0,1.64927e+11,0.000399852692902956,0.0107246511986457,0.00478677044332144,0.0421508184123219,0,0.00208438102073191,0.0124171100698051,1.53202972983882e-05,0.0122531389521344,0.0137836597442782,1.72693292032127e-05,0.000609391317780138,0.0020708529383727,0.00429102491254191,0.00704124735641529,0.025021388546062,0.000293398567958986,0.00642080306981441,0,0,0,0,0.00029621750835218,0.00794499952706349,0.00354611895565917,0.0312260255506982,0,0.00154414403948414,0.00919880113626029,1.13495303982974e-05,0.00907732861205261,0.010211163805805,1.27934055673116e-05,0.000451447197851171,0.00153412221164515,0.00317886244217139,0.00521627285405058,0.018536259733094,0.000217354526548109,0.0047566374335312,0,0,0,0
HUN,2020,119970720482,110628172,913318577,575890407,4231608030,0,238874612,1269262443,3676577,1359247363,1641103718,53061242,100454734,315283418,630557304,1015879549,3672286716,44006584,755861304,0,0,0,0,1.58468e+11,0.000922126428478007,0.00761284564542589,0.00480025796866332,0.0352720064779047,0,0.00199110758892075,0.0105797684460054,3.06456190746276e-05,0.011329825790318,0.0136792019870067,0.000442284932413664,0.000837327087779488,0.00262800303885233,0.00525592662498519,0.00846772900019734,0.0306098579823981,0.000366811033752211,0.0063003814677716,0,0,0,0,0.000698110482873514,0.00576342590933185,0.00363411166292248,0.0267032336496958,0,0.00150739967690638,0.00800958201655855,2.32007534644218e-05,0.00857742486180175,0.0103560574879471,0.00033483884443547,0.000633911792917182,0.00198957150970543,0.00397908286846556,0.00641062895347957,0.023173679960623,0.000277700128732615,0.00476980402352525,0,0,0,0
HUN,2021,141157091681,170378481,1049078602,1178936150,6911937507,0,406864634,1745783717,5642993,2126566919,1991702443,0,57865289,235481284,670204903,1038999728,3859077585,53563920,770383552,0,0,0,0,1.83283e+11,0.00120701325715209,0.00743199360022808,0.00835194417765613,0.048966278808154,0,0.0028823534769296,0.0123676656709908,3.99766879070629e-05,0.0150652503085415,0.0141098291221601,0,0.000409935401125785,0.00166822142051611,0.00474793646581067,0.00736059177492852,0.0273388856276602,0.000379463187871912,0.00545763264761068,0,0,0,0,0.000929592384454641,0.00572381836831567,0.00643232678426259,0.0377118309226715,0,0.00221987109551895,0.00952507170332219,3.07884146374732e-05,0.0116026413742682,0.0108668149419204,0,0.000315715527353874,0.0012847961022026,0.00365666702858421,0.00566882759448503,0.0210552947354637,0.000292247071468712,0.00420324608392486,0,0,0,0
HUN,2022,149934114714,112422916,1272644078,1047095686,8832754904,0,482802466,2000904501,17260411,2183324339,2221809429,17885271,52146532,191424363,715898350,918727431,3705694720,87254267,868469732,0,0,0,0,1.78321e+11,0.000749815452036698,0.00848802209175393,0.00698370539618245,0.0589109084403407,0,0.00322009748695917,0.0133452250331203,0.00011511997141494,0.0145618916893244,0.0148185716988966,0.000119287535289192,0.000347796311062827,0.00127672320182197,0.00477475290640545,0.00612754097192942,0.0247154873796976,0.0005819507266004,0.00579234241424382,0,0,0,0,0.000630452476152556,0.00713681550686683,0.00587197069330028,0.0495328923906887,0,0.00270749079469047,0.0112208012572832,9.67940455695067e-05,0.0122437869852681,0.0124596061540705,0.000100298175761688,0.000292430683991229,0.00107348188379383,0.00401466092047487,0.00515209891712137,0.0207810337537362,0.000489310103689414,0.00487026055259896,0,0,0,0
HUN,2023,158563412727,162736523,1617325286,807132585,7375641390,0,502692352,1823189253,18407678,1376578460,2050039362,5863011,63090715,209344466,843063362,696495286,3610374743,95207936,757550394,0,0,0,0,2.14098e+11,0.00102631824202841,0.0101998642573654,0.00509028262648236,0.046515405181766,0,0.00317029220899458,0.0114981711205914,0.000116090324264732,0.00868156427971229,0.012928829713886,3.69758123842503e-05,0.000397889487334785,0.00132025706560964,0.00531688456687994,0.00439253465866783,0.022769280005445,0.000600440759709936,0.0047775863357853,0,0,0,0,0.000760102957524124,0.00755413542396473,0.00376992118095452,0.0344498378779811,0,0.00234795445076554,0.00851567624639184,8.59778138983083e-05,0.00642966520004858,0.00957523826471989,2.73847070033349e-05,0.00029468147764108,0.000977797391848593,0.00393774515408831,0.00325316110379359,0.0168631876196882,0.000444693252622631,0.00353833475324384,0,0,0,0
HUN,2024,167705354914,63143741,1928059929,886737797,8440387046,0,654723730,1875031333,14291068,1342306007,2046959715,12760533,84963783,251063866,962960757,865411314,4163242229,76301899,861537733,0,0,0,0,2.2306e+11,0.000376515949847758,0.0114967105849942,0.00528747455592413,0.0503286675033619,0,0.00390401207126478,0.011180509614386,8.52153349982684e-05,0.00800395436203179,0.0122056908442172,7.60890014904035e-05,0.000506625343260922,0.00149705336558124,0.00574197978051333,0.00516030817527435,0.0248247423651733,0.000454975925122534,0.00513721063612906,0,0,0,0,0.000283079624316327,0.00864368299560656,0.00397533308078544,0.0378390883439433,0,0.00293519111449834,0.00840595056487044,6.40682686272752e-05,0.00601769033892226,0.00917672247377387,5.72067291311755e-05,0.000380901026629606,0.00112554409575899,0.00431704813503093,0.00387972435219224,0.0186642258988613,0.000342068945575182,0.00386235870617771,0,0,0,0
IDN,2000,62124006936,6090055247,1635923952,6624914254,30034809908,3241960946,408055901,452029841,267675779,388277988,445835904,9568,384407492,935419719,11775,4984331,10343850,116832,42708218,0,0,0,0,1.79482e+11,0.0980306253148474,0.0263332008459359,0.106640163452833,0.483465432919383,0.0521853162069836,0.00656840923703421,0.00727625057195168,0.00430873332552034,0.00625004739955044,0.00717654777901398,1.54014534346713e-07,0.00618774465716636,0.015057298541024,1.89540253128401e-07,8.02319625830775e-05,0.000166503265165369,1.88062563511655e-06,0.000687467214469889,0,0,0,0,0.0339312869647096,0.00911469647095531,0.0369113017127066,0.167341627060095,0.0180628750849667,0.00227351991286034,0.00251852464871129,0.00149137951995186,0.0021633255033931,0.00248401457527774,5.33089669159024e-08,0.00214176068909417,0.00521177454563689,6.5605464614836e-08,2.77706455243423e-05,5.76316845143246e-05,6.50939927123611e-07,0.00023795265263369,0,0,0,0
IDN,2001,56316866700,5714697619,1162967320,5732174299,26883045490,3408559582,420058994,407326838,160499088,271420750,461997168,23490,430504786,1022648894,35684,10499592,22131885,344868,34755960,0,0,0,0,1.74507e+11,0.101473998002094,0.0206504265621724,0.101784325636142,0.477353359042612,0.0605246666182158,0.00745884880701291,0.00723276811847205,0.00284992929125441,0.00481952860491793,0.00820353111015674,4.17104171031589e-07,0.00764433128521335,0.0181588386201891,6.33629001238451e-07,0.000186437787029796,0.000392988571574775,6.12370716284896e-06,0.000617150101498811,0,0,0,0,0.0327476698298636,0.00666430183316429,0.0328478187064129,0.154051387566115,0.0195325091944736,0.00240711830470984,0.00233415758680168,0.000919728652718802,0.00155535737821405,0.00264744203957434,1.34607780776702e-07,0.00246697717570069,0.0058602170342737,2.04484633854229e-07,6.01671680792175e-05,0.000126825198989152,1.97624164073648e-06,0.000199166566384157,0,0,0,0
IDN,2002,57158751145,5227594133,1285222901,5577623963,26004850479,3510969588,478883496,369431286,3454520,308128730,404971102,16315,300847558,697724258,5767898,3333507,20017474,152231,40708210,0,0,0,0,2.12807e+11,0.0914574588891676,0.0224851466355459,0.0975812776043814,0.454958338978244,0.0614248827636803,0.00837813084448208,0.00646324978414642,6.0437289667799e-05,0.0053907533637035,0.00708502362083929,2.85433108197417e-07,0.00526336828523093,0.012206779259925,0.000100910147343283,5.83201510394021e-05,0.000350208386275267,2.66330171584437e-06,0.000712195581333323,0,0,0,0,0.0245649538455032,0.00603938263778917,0.026209776760163,0.122199225020794,0.0164983745271537,0.00225031834479129,0.00173599217131015,1.62331126325732e-05,0.00144792572612743,0.0019029970912611,7.66657111843125e-08,0.00141371081778325,0.00327867155685668,2.71038922591832e-05,1.56644612254296e-05,9.40639828577067e-05,7.15347709426852e-07,0.00019129168683361,0,0,0,0
IDN,2003,61058187386,5621004057,1531326501,6476726332,29342034384,3709444346,672125512,372632903,195282261,403886707,416113200,101109,280386985,659826923,1665558,5517463,15374072,299986,44510848,0,0,0,0,2.55346e+11,0.0920597924315198,0.0250797897310512,0.106074657785944,0.480558556357142,0.0607526116448478,0.0110079506250477,0.00610291459594559,0.00319829771174596,0.0066147837708757,0.00681502707195351,1.65594499818354e-06,0.00459212755903543,0.0108065265486622,2.72782090544321e-05,9.03640156416615e-05,0.00025179378324495,4.91311669806929e-06,0.000728990654743968,0,0,0,0,0.0220132841595326,0.00599706477093826,0.0253645106326318,0.114910883209449,0.0145271292520737,0.00263221476741363,0.00145932539769568,0.000764775093402677,0.00158172325785405,0.00162960531984053,3.95968607301466e-07,0.00109806687788334,0.00258405035912057,6.52274952417504e-06,2.16077909973135e-05,6.02087833762816e-05,1.17482161459353e-06,0.000174315822452672,0,0,0,0
IDN,2004,71582468122,6241389456,1630873347,7749565214,34183014744,3604776986,798172821,490845882,725605735,684444763,444699189,2422628,242089726,578237845,3024905,9074357,24928348,501092,65274492,0,0,0,0,2.79344e+11,0.0871915934131054,0.0227831393606107,0.108260659590449,0.477533335197956,0.0503583779740072,0.0111503953683135,0.00685706842579719,0.0101366403539388,0.00956162564600988,0.00621240368859714,3.38438735567353e-05,0.00338196952901093,0.00807792550564886,4.22576236802085e-05,0.000126767869816033,0.000348246556091275,7.00020568089347e-06,0.000911878197448443,0,0,0,0,0.0223430231399278,0.00583822579686695,0.0277420141975485,0.122368888338393,0.0129044367732974,0.00285731149049201,0.00175713772982416,0.00259753470631193,0.00245018601795635,0.00159194107981557,8.67256142963515e-06,0.000866636569963915,0.00206998483948107,1.08286020104244e-05,3.24845244573e-05,8.92388882524772e-05,1.79381694255112e-06,0.000233670642648491,0,0,0,0
IDN,2005,85659947504,8145844252,1903796832,9153722984,42920590111,6621933996,1257526040,612877061,927035046,711217691,598105362,15802567,211415429,541140477,2879715,9048487,32607087,484697,90131210,0,0,0,0,3.1092e+11,0.0950951347666845,0.0222250525184025,0.106861179007523,0.501057861481829,0.0773049037380134,0.0146804437387879,0.00715476811343342,0.0108222696022165,0.00830280325547466,0.00698232230380565,0.00018448023213255,0.00246807796596102,0.00631731039730944,3.3617986981203e-05,0.000105632647038191,0.000380657331111222,5.65838544294422e-06,0.00105219781970788,0,0,0,0,0.0261991645825293,0.00612310829795446,0.0294407660620095,0.138043838000129,0.0212978708220764,0.00404453248424032,0.00197117284510485,0.00298158705133153,0.00228746201916892,0.00192366319953686,5.08251865431622e-05,0.00067996728740512,0.00174044923774604,9.26191624855268e-06,2.91022996269137e-05,0.000104872915862601,1.55891226038852e-06,0.000289885533256143,0,0,0,0
IDN,2006,100798615667,8168822504,2815323704,10197097137,48800763433,9292138880,1904419902,862369176,1266084592,1262131999,861165055,43154400,538798021,1236871826,3286652,4305603,15749030,2890698,105188617,0,0,0,0,3.96518e+11,0.0810410187674269,0.0279301822288984,0.101163067265599,0.484141206802076,0.0921851834820596,0.0188933140539496,0.00855536725671846,0.012560535515514,0.012521322744844,0.00854342144781987,0.000428124927256597,0.005345291871666,0.0122707223488679,3.26061223981274e-05,4.27149020996882e-05,0.000156242522734923,2.8677953371401e-05,0.00104355219864827,0,0,0,0,0.0206013913718923,0.00710011576775834,0.0257166058968319,0.123073261322311,0.0234343431571833,0.00480285863945647,0.00217485505323844,0.00319300660247454,0.00318303834630458,0.00217181831594026,0.000108833394700871,0.00135882361204283,0.00311933336191547,8.28878386353205e-06,1.08585310124635e-05,3.97183230017301e-05,7.29020624536591e-06,0.000265280811968183,0,0,0,0
IDN,2007,114100872803,9226036450,1894797639,9983780348,50315715233,8425305926,2731693736,868052574,2355606574,1118459640,1148135100,102080492,694723905,1592225482,13665415,18502811,65050093,2251771,114765594,0,0,0,0,4.70092e+11,0.0808585966378114,0.0166063378171651,0.0874995966528444,0.440975726100467,0.0738408543162211,0.0239410415441465,0.00760776453917868,0.0206449478968233,0.00980237584975417,0.0100624567700048,0.000894651280856075,0.00608868177721542,0.0139545425279002,0.00011976608648379,0.000162161870855676,0.000570110389184417,1.97349147704398e-05,0.00100582573279827,0,0,0,0,0.0196260230976064,0.00403069535112276,0.0212379286352459,0.107033761972125,0.0179226745530662,0.0058109768641032,0.00184655891612706,0.00501094801443122,0.00237923563898131,0.00244236255881827,0.000217150030206853,0.00147784668745692,0.0033870507943126,2.90696608323477e-05,3.9359978472299e-05,0.000138377366558035,4.79006449801316e-06,0.000244134326897714,0,0,0,0
IDN,2008,137020424402,12418743646,1162393009,13160529500,66524177812,6689148270,2202459562,865175000,1429546126,1689096161,1399549190,140216237,839261391,1908056482,17758495,28906247,94473711,1405304,153591655,0,0,0,0,5.58291e+11,0.0906342517927476,0.00848335577760065,0.096047939987317,0.485505559498391,0.04881862174339,0.0160739508114372,0.00631420464340185,0.0104330878570767,0.0123273312600785,0.0102141647576124,0.00102332362209464,0.00612508240769797,0.0139253435415001,0.00012960472920372,0.000210963052597129,0.00068948634053874,1.02561644085777e-05,0.0011209398574725,0,0,0,0,0.022244212509247,0.00208205578990168,0.0235728849291857,0.119156815732297,0.0119814725116472,0.00394500280677998,0.001549684662658,0.00256057526630377,0.00302547624984103,0.00250684533693002,0.000251152601421123,0.00150326870932901,0.00341767372570935,3.18086714634483e-05,5.17763084126379e-05,0.000169219476939446,2.51715324087259e-06,0.000275110390459456,0,0,0,0
IDN,2009,116509991781,7820256578,866232980,8935712618,50574481688,10202560044,2367120619,527022393,584071371,853906218,1141151193,108060276,930600467,2122390599,5631611,14741505,42734003,341923,133079427,0,0,0,0,5.78577e+11,0.0671209091894838,0.0074348385641313,0.0766948180272484,0.434078493311228,0.0875681122969901,0.0203168894170845,0.00452340940844479,0.00501305821133229,0.007329038522336,0.00979444917604135,0.000927476470886011,0.00798730179939605,0.0182163827029478,4.83358629926398e-05,0.000126525671958755,0.000366784018664474,2.93470967402265e-06,0.0011422147145126,0,0,0,0,0.0135163626932975,0.00149717838766491,0.0154442928391554,0.0874118426553423,0.0176338845892595,0.00409128019088211,0.000910894129908379,0.00100949635225735,0.00147587307825925,0.00197234109375243,0.00018676904889064,0.00160842976302204,0.00366829410605676,9.73355491144653e-06,2.54788990920828e-05,7.38605285035527e-05,5.90972333846662e-07,0.000230011609517834,0,0,0,0
IDN,2010,157779103470,10402867668,2190932954,13669454672,73028525029,13764342416,3305776560,771822175,1435873060,1101496112,1468046432,183471948,1176582724,2633084879,8034312,11320845,39271772,342814,190532446,0,0,0,0,7.55094e+11,0.0659331143301749,0.0138860781042312,0.0866366608211784,0.462852959757663,0.087238056962449,0.0209519289138853,0.00489178958446011,0.00910052743627749,0.00698125472749589,0.00930444146096402,0.00116284060414176,0.00745715179084989,0.0166884259137691,5.09212679201694e-05,7.17512316334877e-05,0.000248903505827482,2.17274653271929e-06,0.00120758986335746,0,0,0,0,0.0137769174010123,0.00290153670139082,0.0181029840946955,0.0967144819439699,0.0182286475803013,0.00437796692862081,0.00102215376496171,0.0019015818692772,0.00145875362802512,0.00194419030213457,0.000242978950965045,0.00155819371363036,0.00348709548612491,1.06401481140096e-05,1.49926300566552e-05,5.20091167457297e-05,4.54001753424077e-07,0.000252329439778359,0,0,0,0
IDN,2011,203496619185,13828677857,2901742141,22871502942,108523038653,9400707996,3810672704,869385378,1217975282,1352730289,1905827914,348600733,2224205514,4817707659,325,9463847,19792365,437587,236259092,0,0,0,0,8.92969e+11,0.0679553199084269,0.0142594120365312,0.112392545063402,0.533291604979152,0.0461958927556126,0.0187259754941466,0.00427223499575507,0.00598523595565355,0.00664743372355599,0.00936540332528768,0.00171305417454176,0.0109299384083524,0.023674632425319,1.59707812985601e-09,4.65061632861643e-05,9.72613947065462e-05,2.150340392644e-06,0.00116099762711643,0,0,0,0,0.0154861790913234,0.00324954409503577,0.0256128745141209,0.121530577940556,0.0105274740735681,0.00426741880625195,0.000973589652048391,0.00136396143875095,0.0015148681409993,0.00213425988360178,0.000390383913663296,0.00249079812849046,0.00539515667285203,3.63954403792293e-10,1.05981808998969e-05,2.21646720098906e-05,4.90036048283871e-07,0.000264577036828826,0,0,0,0
IDN,2012,190031839234,12293410847,1774772311,20520482310,97973776013,5189348922,2232305114,783680972,993317965,875127602,2042444863,251012778,2006513157,4895020585,37420,19018158,39350958,1592999,225024627,0,0,0,0,9.1787e+11,0.0646913217098437,0.00933934186057419,0.107984442989744,0.515565056929001,0.0273077866473206,0.011747005780706,0.00412394562489603,0.00522711335639316,0.00460516303756021,0.0107479087253636,0.0013208985347498,0.0105588261687518,0.0257589496830182,1.96914370511996e-07,0.000100078797724952,0.000207075604586157,8.38280051606733e-06,0.00118414170965798,0,0,0,0,0.0133934117543879,0.00193357698911611,0.0223566325405559,0.106740361939055,0.00565368616688638,0.00243204932506782,0.000853803885081765,0.00108219896608452,0.00095343305914781,0.00222520058722913,0.000273473125823918,0.0021860537516206,0.00533302165339318,4.07683005218604e-08,2.0719881900487e-05,4.2872038523974e-05,1.7355388017911e-06,0.000245159583601164,0,0,0,0
IDN,2013,182551754383,10204709564,1611408080,18129194649,87358656796,6013619728,1737564274,693356739,941569462,652440523,2152033086,426787088,1817424994,4568698074,0,10643381,22608684,459450,243837995,0,0,0,0,9.12524e+11,0.0559003642473365,0.00882713006755996,0.0993098900105025,0.478541863874496,0.0329419990967779,0.00951820090621824,0.00379813791077194,0.00515782203891919,0.00357400302837494,0.0117886190317567,0.00233789639240928,0.00995566983260527,0.0250268647893392,0,5.83033618930323e-05,0.000123848078460896,2.51682051236855e-06,0.00133571981175497,0,0,0,0,0.0111829492309243,0.00176588021794495,0.0198670880426159,0.0957329963880402,0.00659009486654598,0.00190412994507542,0.000759823017257628,0.00103182980612017,0.000714984507804726,0.0023583303956937,0.000467699576120738,0.00199164624053724,0.00500666072782743,0,1.16636724075202e-05,2.47759883575665e-05,5.03493606743494e-07,0.000267212692488088,0,0,0,0
IDN,2014,176036194332,9271213972,1301110680,17180283342,78885733276,3367175332,1967399512,664538455,1058062058,1148077517,2232873277,57464631,1504594058,6152777400,609,13264014,27389364,24414890,393808399,0,0,0,0,8.90815e+11,0.0526665212638869,0.0073911543301495,0.0975951758511571,0.448122237448643,0.0191277444094797,0.0111761079558987,0.00377501034671709,0.0060104801857084,0.00652182649912752,0.0126841714879887,0.000326436453696693,0.00854707217290992,0.0349517746810409,3.45951582463457e-09,7.53482205766411e-05,0.000155589389465807,0.000138692443861596,0.00223708766537685,0,0,0,0,0.0104075638286288,0.00146058461072164,0.0192860283470754,0.0885545632662225,0.00377988171730382,0.00220853882343697,0.00074598929631854,0.00118774611788082,0.00128879454993461,0.00250655105381028,6.45079292557939e-05,0.00168900844507558,0.00690690816836268,6.83643629709872e-10,1.48897515196758e-05,3.0746410870944e-05,2.74073629204717e-05,0.000442076524306394,0,0,0,0
IDN,2015,150366281305,6479431669,553223399,10340777638,52025638074,6554315136,1526059728,538208048,806080509,1203292076,2006809491,29944696,1377388024,6872201604,0,56365004,113491114,177955,257854055,0,0,0,0,8.60854e+11,0.0430909883038023,0.00367917191406664,0.0687705883809481,0.345992716069584,0.0435889953460068,0.010148949051314,0.00357931341607305,0.00536077970409445,0.00800240629452867,0.0133461403286913,0.000199145019349523,0.0091602187142351,0.0457030761441826,0,0.000374851353048163,0.000754764386104601,1.18347676390985e-06,0.00171483960873498,0,0,0,0,0.00752674863449551,0.000642644860801019,0.0120122316188343,0.0604349147172459,0.00761373605280338,0.00177272769598561,0.000625202471034577,0.000936373077200083,0.00139778879577722,0.00233118448772963,3.47848717668734e-05,0.00160002511924206,0.00798300478826839,0,6.5475683449226e-05,0.000131835495914522,2.06719141689532e-07,0.000299532853422299,0,0,0,0
IDN,2016,144489796418,5196717181,400356064,7036766621,40508516787,6963113820,1604581837,395964649,595513650,1825880295,1667779512,31581524,1373478964,7742148409,6165849,5022445,23272331,281683,268741705,0,0,0,0,9.31877e+11,0.0359659803656046,0.0027708258570854,0.0487007857678965,0.280355553064878,0.048191041807936,0.0111051567430965,0.00274043329574982,0.00412149276117198,0.0126367421109643,0.0115425417804259,0.000218572693594478,0.0095057159609154,0.0535826653572301,4.26732485812533e-05,3.47598593430804e-05,0.000161065567098417,1.94950098195937e-06,0.00185993552252331,0,0,0,0,0.00557661277293033,0.000429623291485894,0.00755117533859082,0.0434698107014123,0.00747213829722163,0.00172188157557274,0.000424910850895558,0.000639047481588235,0.00195935761371941,0.00178969918991455,3.38902280021934e-05,0.0014738843903219,0.00830812264816065,6.61659103079055e-06,5.38960077349264e-06,2.49736081049323e-05,3.02274871039848e-07,0.000288387528611609,0,0,0,0
IDN,2017,168827554042.584,5354864569.93,911842215.84,8746449555.42,51896190552.82,6879207794.32,2059493174.55,555090766.95,646654845.91,3336106703.75,1067505289.75,27263341.91,1895247671.27,7503211702.38,15,1059749.79,5410087.67,251033.01,254710736.31,0,0,0,0,1.015619e+12,0.0317179538630248,0.00540102722574541,0.051807002743248,0.307391710121738,0.0407469493551084,0.0121987976798534,0.00328791570841563,0.00383026840362144,0.0197604397141744,0.00632305132775151,0.00016148632884371,0.0112259381000802,0.0444430516388778,8.88480561426395e-11,6.27711392260469e-06,3.20450515360508e-05,1.48691966440905e-06,0.00150870358665359,0,0,0,0,0.00527251318647052,0.000897819178097298,0.00861193966971866,0.0510980894930284,0.0067734138434984,0.00202782064391273,0.000546554137870599,0.000636710071306267,0.00328480139082668,0.00105108834095266,2.68440644670885e-05,0.00186610103913968,0.00738782132116473,1.47693180218172e-11,1.04345211147094e-06,5.32688702160948e-06,2.47172423910935e-07,0.000250793591208908,0,0,0,0
IDN,2018,180215034094.533,5120474237.8,919837746.21,10648947792.38,58701027227.73,8373483806.68,1961045484.88,775838016.24,790473755.38,5751429157.17,1321440277.41,23678185,2032311072.61,7637012183.76,539658.75,72936826.07,148484500.27,467423.76,339888289.06,0,0,0,0,1.042272e+12,0.0284131358048298,0.00510411215596748,0.0590902298794562,0.325727692601595,0.0464638471964977,0.0108816974939578,0.00430506822107322,0.00438628086358962,0.0319142583529022,0.00733257513197722,0.000131388511058292,0.0112771450107983,0.0423772202032487,2.9945268035569e-06,0.000404721095753535,0.000823929596196239,2.59370014465502e-06,0.00188601517496986,0,0,0,0,0.0049128003417534,0.000882531379726214,0.0102170525471086,0.0563202573106924,0.00803387580850296,0.00188151028222959,0.00074437192617666,0.000758414075577201,0.00551816527467878,0.00126784589570669,2.27178557996377e-05,0.00194988551223673,0.00732727367113383,5.17771512618587e-07,6.99786870126032e-05,0.000142462332548509,4.48466196923644e-07,0.00032610325237558,0,0,0,0
IDN,2019,167682995133.224,1726630215.69,798996429.981,8261084142.25,44892163077.295,2560108691.16,1843986779.001,527026923.263,813159313.095,7387411616.151,1258428945.202,76706066.266,3552075597.84,10171896989.896,96,901484.972,2506544.663,1121300.65,325940759.582,0,0,0,0,1.1191e+12,0.0102969905464665,0.00476492222330713,0.0492660817257384,0.267720427116824,0.0152675510663797,0.0109968621298537,0.00314299564391892,0.00484938447365486,0.0440558186015327,0.00750480956165042,0.000457446899759019,0.0211832785728683,0.0606614700662666,5.72508857703359e-10,5.37612637037984e-06,1.49481148103811e-05,6.68702660701598e-06,0.00194379137445058,0,0,0,0,0.00154287393056027,0.000713963390207309,0.00738189986797427,0.0401145233467027,0.00228764962126709,0.00164774084442945,0.000470938185383791,0.000726618991238495,0.00660120777066482,0.00112450088928782,6.85426380716647e-05,0.00317404664269502,0.00908935482968099,8.57832186578501e-11,8.05544609060853e-07,2.23978613439371e-06,1.00196644625145e-06,0.000291252577590921,0,0,0,0
IDN,2020,163191837310.626,1396868368.141,706187931.838,5397681896.317,33006927990.489,4824407285.56,1894788386.629,610110600.568,808419686.177,10861567212.401,1191309314.076,98364620.29,5541877857.39,13764426118.086,11,16516340.303,34045166.483,544898.387,307589420.302,0,0,0,0,1.059055e+12,0.00855967057642806,0.00432734837401097,0.0330756855567649,0.20225844953055,0.0295627977787702,0.0116108036888045,0.0037386097896961,0.00495379977025579,0.0665570496134966,0.00730005454751032,0.000602754536691494,0.0339592834342649,0.0843450649549722,6.74053321616948e-11,0.0001012081276563,0.000208620523207892,3.33900516091879e-06,0.00188483336771631,0,0,0,0,0.00131897622705242,0.000666809496993074,0.00509669648537328,0.0311663964482383,0.00455538879997734,0.00178913124118105,0.00057608962760952,0.000763340606651213,0.0102559047569777,0.00112487955212524,9.28796146470202e-05,0.00523285179465656,0.0129968945126419,1.03866182587307e-11,1.55953565235044e-05,3.21467407103503e-05,5.14513775960644e-07,0.000290437626281921,0,0,0,0
IDN,2021,231522458128.8,2795919222.34,1366094322.061,7483002859.27,56756960305.312,10772451635.42,3050220524.15,784631205.851,1284499463,20949788593.77,1602843141.677,86698531.01,1519588821.87,6937301989.468,0,4235326.17,11076795.77,676563.16,348926621.901,0,0,0,0,1.18651e+12,0.0120762333163575,0.00590048297302121,0.0323208509435706,0.245146672871524,0.0465287545859897,0.0131746205046472,0.00338900689027108,0.00554805556826548,0.0904870687841232,0.00692305685863663,0.000374471365372979,0.00656346185226068,0.0299638404219458,0,1.82933707780686e-05,4.78432885497345e-05,2.92223555964327e-06,0.00150709622177079,0,0,0,0,0.00235642280498268,0.00115135508513287,0.00630673391650302,0.0478352144569468,0.00907910732772585,0.00257074995082216,0.000661293377932761,0.00108258629341514,0.0176566473049279,0.00135088886033578,7.30702067492057e-05,0.00128072146199358,0.00584681291305425,0,3.56956635005183e-06,9.335610968302e-06,5.7021277528213e-07,0.000294078113038238,0,0,0,0
IDN,2022,292186677494.872,1615292667.355,3077736049.883,9738010844.147,85427979783.036,18487981013.12,2788844987.644,888148432.465,5940216565.383,27800371547.017,1755892497.82,77852457.78,1027513951.913,7328875604.781,107.41,49934321.564,101828715.039,7806431.972,565519642.902,0,0,0,0,1.319101e+12,0.00552828993164258,0.0105334578437,0.0333280453703024,0.292374657583542,0.06327455163812,0.00954473698648682,0.00303966094580266,0.0203302101803983,0.0951459244664052,0.00600948856694815,0.000266447664375,0.00351663518926537,0.0250828534265038,3.67607451923899e-10,0.000170898693917612,0.000348505674221875,2.67172755408638e-05,0.0019354737449038,0,0,0,0,0.00122454055250887,0.00233320727516923,0.0073823087422017,0.064762273535564,0.0140155916894309,0.00211420125346278,0.000673298278498007,0.00450323103794402,0.0210752410520627,0.00133112816821456,5.90193304227652e-05,0.000778950172816941,0.0055559624356141,8.14266686174902e-11,3.78548129097014e-05,7.71955407804255e-05,5.91799412781887e-06,0.000428715953442534,0,0,0,0
IDN,2023,258774386644.997,1749296021.347,4442113679.386,8776957450.826,74462330658.444,16652953340.88,2290229302.913,822416745.851,6815596837.044,26704577024.575,1703295873.538,30627502.78,848316873.3,8353736807.494,760,29253678.247,60343777.145,1163727.851,451343369.513,0,0,0,0,1.371169e+12,0.00675992722474035,0.0171659712422774,0.0339174118606521,0.287750003483135,0.0643531748129523,0.00885029361910876,0.00317812267478869,0.0263379885676014,0.103196368739577,0.00658216562937772,0.000118356005697027,0.00327821035264891,0.0322819306647771,2.93692126896089e-09,0.00011304703926178,0.000233190687561298,4.49707510116322e-06,0.00174415781779895,0,0,0,0,0.00127576981491486,0.00323965439663966,0.006401076344948,0.0543057279288286,0.012145077186605,0.00167027500104874,0.00059979240039047,0.00497064682547811,0.0194757736096535,0.00124222169078939,2.23367818117242e-05,0.000618681485141511,0.00609241953945429,5.54271574109391e-10,2.13348451190189e-05,4.40090004550861e-05,8.48712194485144e-07,0.000329166841952378,0,0,0,0
IDN,2024,266330422108.414,2228458183.3,3719856490.93,8907938432.4,70385003754.23,15938349205.86,3730037099.805,1398624131.605,7997364425.933,25801534086.791,3425480342.013,0,1062178295.45,9742201280.65,120,16499122.71,33891801.59,1097777.97,413736972.53,0,0,0,0,1.3963e+12,0.00836726861940267,0.0139670731622833,0.0334469429435811,0.264276995459342,0.0598442681826714,0.0140052986447287,0.00525146215191169,0.030027979389743,0.0968779078354334,0.0128617689068153,0,0.0039881973942039,0.0365793783658867,4.50568129055689e-10,6.19498237542078e-05,0.000127254713606108,4.12186471717877e-06,0.00155347244695006,0,0,0,0,0.00159597377590776,0.0026640811365251,0.00637967373229249,0.0504082244175535,0.0114147025752775,0.00267137226942992,0.00100166449302084,0.00572754023199384,0.018478503249152,0.00245325527609611,0,0.000760709228281888,0.00697715482392752,8.5941416601017e-11,1.18163164864284e-05,2.42725786650433e-05,7.86204948793239e-07,0.000296309512662035,0,0,0,0
IRQ,2010,52482645595.45,52202600000,120550000,0,104650755208.32,0,0,0,0,0,0,0,0,0,0,0,0,0,3907.2,0,0,0,0,1.38517e+11,0.994664034324629,0.00229694975610092,0,1.99400685733329,0,0,0,0,0,0,0,0,0,0,0,0,0,7.44474665038368e-08,0,0,0,0,0.376867821278255,0.000870290289278572,0,0.755508386756283,0,0,0,0,0,0,0,0,0,0,0,0,0,2.82073680486872e-08,0,0,0,0
IRQ,2011,83225868809,82986100000,48026983,0,166076128966,0,0,0,0,0,0,0,0,0,3887,0,7774,0,1630125,0,0,0,0,1.8575e+11,0.997119059104685,0.000577067968016291,0,1.99548687616753,0,0,0,0,0,0,0,0,0,4.67042285724948e-08,0,9.34084571449896e-08,0,1.95867585803288e-05,0,0,0,0,0.446762314939435,0.000258557109017497,0,0.894084139790041,0,0,0,0,0,0,0,0,0,2.09259757738896e-08,0,4.18519515477793e-08,0,8.77590847913863e-06,0,0,0,0
IRQ,2012,94369280008,94027500000,89108353,0,188249716706,0,0,0,0,0,0,0,0,0,1688,0,3376,0,5533,0,0,0,0,2.18032e+11,0.996378270471376,0.000944251699201753,0,1.99481988937546,0,0,0,0,0,0,0,0,0,1.78871768424736e-08,0,3.57743536849471e-08,0,5.86313681690795e-08,0,0,0,0,0.431255503779262,0.000408693921075805,0,0.863404072365524,0,0,0,0,0,0,0,0,0,7.7419828282087e-09,0,1.54839656564174e-08,0,2.53770088794305e-08,0,0,0,0
IRQ,2013,89741882590,89214500000,335340953,0,179109431906,0,0,0,0,0,0,0,0,0,0,0,0,0,5e+05,0,0,0,0,2.34638e+11,0.99412333935082,0.00373672741558207,0,1.99582877845665,0,0,0,0,0,0,0,0,0,0,0,0,0,5.57153455632672e-06,0,0,0,0,0.380221873694798,0.00142918433075631,0,0.763343669422685,0,0,0,0,0,0,0,0,0,0,0,0,0,2.13094213213546e-06,0,0,0,0
IRQ,2014,84506036565,84129800000,279949142,0,168819498284,0,0,0,0,0,0,0,0,0,0,0,0,0,0,0,0,0,0,2.34651e+11,0.995547814330274,0.00331277093778585,0,1.99772117053612,0,0,0,0,0,0,0,0,0,0,0,0,0,0,0,0,0,0,0.358531606513503,0.00119304474304393,0,0.719449302513094,0,0,0,0,0,0,0,0,0,0,0,0,0,0,0,0,0,0
IRQ,2015,49402582280,49058200000,239290954,0,98594981908,0,0,0,0,0,0,0,0,0,0,0,0,0,36280,0,0,0,0,1.77634e+11,0.993029063176331,0.00484369324347796,0,1.99574551283962,0,0,0,0,0,0,0,0,0,0,0,0,0,7.34374567595984e-07,0,0,0,0,0.276175732123355,0.00134710108425189,0,0.555045666415213,0,0,0,0,0,0,0,0,0,0,0,0,0,2.04240179244964e-07,0,0,0,0
IRQ,2016,43774017809,43622900000,145201812,0,87536203624,0,0,0,0,0,0,0,0,0,0,0,0,0,0,0,0,0,0,1.68429e+11,0.996547773849333,0.00331707755576748,0,1.9997297028102,0,0,0,0,0,0,0,0,0,0,0,0,0,0,0,0,0,0,0.258998747246614,0.000862095078638477,0,0.519721684650506,0,0,0,0,0,0,0,0,0,0,0,0,0,0,0,0,0,0
KAZ,2000,8679362200,4249017200,100339500,0,8916685900,71128000,730317000,70288200,138800,1165417600,15343700,0,0,387588100,0,0,496199400,8100,2327400,0,0,0,0,1.8292e+10,0.489554082672112,0.0115606997021048,0,1.02734344926866,0.00819507221394678,0.0841440860712092,0.00809831395214731,1.59919584874566e-05,0.134274566856998,0.00176783727265121,0,0,0.0446562882235748,0,0,0.0571700303047613,9.33248297899124e-07,0.000268153344263015,0,0,0,0,0.232288279029084,0.00548543078941614,0,0.487463694511262,0.00388847583643123,0.0399254865514979,0.00384256505576208,7.58801661928712e-06,0.0637118740432976,0.000838820249289307,0,0,0.0211889405204461,0,0,0.0271265799256506,4.42816531817188e-07,0.000127235950142139,0,0,0,0
KAZ,2001,8485515400,4254746000,129920100,115478800,9257822300,77104400,704126900,48227500,0,1008207300,20033300,85534000,100999800,337509300,321070500,1462000,666341200,4700,2401000,0,0,0,0,2.2153e+10,0.50141279573896,0.0153108083452421,0.0136089317568147,1.09101473082,0.00908659007324411,0.0829798623664038,0.00568350862930495,0,0.11881509283455,0.00236088193299372,0.0100800005618987,0.0119026123033139,0.0397747554615245,0.0378374777329377,0.00017229360045708,0.0785268977297478,5.53885035669136e-07,0.000282952759710978,0,0,0,0,0.192061842639823,0.00586467295625875,0.0052127838216043,0.417903773755248,0.00348053988173159,0.0317847199024963,0.00217701891391685,0,0.0455110955626777,0.000904315442603711,0.00386105719315668,0.00455919288583939,0.0152353766984156,0.0144933191892746,6.59955762199251e-05,0.0300790502415023,2.12160881144766e-07,0.000108382611835869,0,0,0,0
KAZ,2002,9642683000,5027885600,119311800,278513200,11047090200,79408800,715362800,34608000,369300,1136194800,25891500,110023400,124683000,375373800,325139100,1126600,672451600,0,2575700,0,0,0,0,2.4637e+10,0.521419774973418,0.0123732990081702,0.0288833719826733,1.14564485838641,0.00823513538711166,0.0741871116161342,0.00358904259322846,3.82984694197663e-05,0.117829736806654,0.0026850929352339,0.011410040130947,0.0129303224009334,0.0389283563506132,0.0337187378243172,0.000116834702540776,0.0697369808796992,0,0.000267114453518798,0,0,0,0,0.204078645939035,0.00484278930064537,0.0113046718350449,0.44839429313634,0.00322315216950116,0.0290361164102772,0.00140471648333807,1.4989649713845e-05,0.0461174168932906,0.00105091934894671,0.00446577911271665,0.00506080285749077,0.0152361813532492,0.0131971871575273,4.57279701262329e-05,0.0272943783739903,0,0.000104546008036693,0,0,0,0
KAZ,2003,12915946500,7012512700,252532600,339186600,15511508100,141081400,741580300,27020500,659900,1528979300,44985200,179140300,132959700,382827500,522568300,3117800,1090285800,318900,3856400,0,0,0,0,3.0834e+10,0.542934480256635,0.019552001086409,0.0262610719237649,1.20095790889193,0.0109230399800742,0.0574158695996457,0.00209202631800929,5.10918808776422e-05,0.118379191180453,0.00348291935089697,0.0138696997544857,0.0102942281465783,0.0296399106329528,0.0404591564389029,0.000241391523261574,0.0844139297108423,2.46904088678286e-05,0.000298576647092801,0,0,0,0,0.227427926963741,0.00819006940390478,0.0110004086398132,0.503065061295972,0.00457551404293961,0.0240507329571253,0.000876321593046637,2.14016994227152e-05,0.0495874456768502,0.00145894791463968,0.00580983005772848,0.00431211325160537,0.0124157585781929,0.016947794642278,0.00010111565155348,0.0353598560031135,1.03424790815334e-05,0.000125069728222093,0,0,0,0
KAZ,2004,20079042632,11417126294,420728146,698084580,25437845663,287280414,1198878552,23778032,29117,2176930073,68863225,435338358,186154477,531754877,389550069,2100919,832349939,698203,7822962,0,0,0,0,4.3152e+10,0.568609096720802,0.0209535959313859,0.0347668259286158,1.26688538538484,0.0143074756732754,0.0597079539085865,0.001184221401179,1.45011893911696e-06,0.108418021361767,0.003429606991832,0.0216812308225393,0.00927108330868949,0.0264830792356873,0.019400828821349,0.000104632428871472,0.0414536666042774,3.47727236201627e-05,0.000389608316660105,0,0,0,0,0.264579307888395,0.00974991068780126,0.0161773401001112,0.589494013324991,0.00665740670189099,0.0277826879866518,0.000551029662588061,6.74754356692621e-07,0.0504479531192065,0.00159582927790137,0.0100884862347052,0.0043139246616611,0.0123228327076381,0.00902739314516129,4.86864803485354e-05,0.0192887916898406,1.61800843529848e-05,0.000181288515016685,0,0,0,0
KAZ,2005,27846084842,17395248344,910950458,689205260,38520758645,198573550,1507500037,25546947,61149,2244053232,80731588,637782074,200321967,599426428,219726989,617097,461116266,212383,6173338,0,0,0,0,5.7125e+10,0.624692786892716,0.0327137715470155,0.0247505264711568,1.38334558928369,0.00713111200826672,0.0541368758140912,0.000917434071789789,2.19596400524391e-06,0.0805877467059683,0.00289920785841438,0.0229038328949583,0.00719390061966112,0.0215264167799952,0.00789076777747182,2.21609969050025e-05,0.0165594649523046,7.627032712321e-06,0.000221695007934789,0,0,0,0,0.304512006021882,0.0159466163326039,0.0120648623194748,0.674324002538293,0.00347612341356674,0.0263894973654267,0.000447211326039387,1.0704420131291e-06,0.0392832075623632,0.00141324442888403,0.0111646752560175,0.00350673027571116,0.0104932416280088,0.00384642431509847,1.08025733041576e-05,0.00807205717286652,3.71786433260394e-06,0.000108067185995624,0,0,0,0
KAZ,2006,38244423102,23611992552,1195183848,898306920,51984791002,244673178,2631957923,33796018,26,2333633101,76932716,674857235,402902067,1099811646,522754712,1795406,1093834642,407576,9215160,0,0,0,0,8.1003e+10,0.617397012082664,0.031251193012178,0.0234885728986986,1.35927768771289,0.00639761717276904,0.0688193914176826,0.000883684868506557,6.79837683278855e-10,0.0610189123464112,0.00201160613129962,0.0176458991994759,0.0105349233775978,0.0287574385176825,0.0136687827818917,4.69455636763445e-05,0.0286011541887475,1.06571355230793e-05,0.000240954347132461,0,0,0,0,0.291495284767231,0.0147548096737158,0.0110897981556239,0.641763774205894,0.00302054464649457,0.0324921042800884,0.000417219337555399,3.20975766329642e-10,0.0288092181894498,0.000949751441304643,0.00833126223720109,0.00497391537350469,0.0135774186881967,0.00645352285717813,2.21646852585707e-05,0.0135036312482254,5.03161611298347e-06,0.000113763193955779,0,0,0,0
KAZ,2007,47747902401,28125875547,1372686455,1149035771,62166214318,496871176,2805081877,40977616,77436,3745176862,144967921,795651152,397311075,1128835590,1170506954,508841,2468561839,757904,17144578,0,0,0,0,1.0485e+11,0.589049447885504,0.0287486232059327,0.0240646334858877,1.301967441332,0.0104061362073487,0.0587477509156769,0.000858207668597852,1.62176757734133e-06,0.0784364689059422,0.00303611077576811,0.0166635833615873,0.0083210163173928,0.0236415744616324,0.0245143115224154,1.06568241621718e-05,0.0516999012494484,1.58730323613991e-05,0.00035906452719148,0,0,0,0,0.268248693819742,0.0130919070577015,0.0109588533237959,0.592906192827849,0.0047388762613257,0.0267532844730567,0.000390821325703386,7.38540772532189e-07,0.0357193787505961,0.00138262204101097,0.007588470691464,0.00378932832618026,0.0107661954220315,0.0111636333237959,4.853037672866e-06,0.0235437466762041,7.22845970433953e-06,0.000163515288507392,0,0,0,0
KAZ,2008,71171956161,43507922968,2003154008,1978676863,96400643455,714343970,2906249880,302817111,16684,6271892116,258956447,1279155054,551852305,1429583330,1458779922,663603,3093853605,1438878,29020022,0,0,0,0,1.33442e+11,0.611307111885186,0.0281452712001987,0.0278013556143375,1.35447511428419,0.0100368741921897,0.0408341998276076,0.00425472513801629,2.3441817395406e-07,0.0881230818190831,0.00363846184604239,0.0179727398683042,0.00775378863764318,0.0200863290418223,0.0204965551136469,9.3239393125411e-06,0.0434701218272168,2.02169235976186e-05,0.000407745178934706,0,0,0,0,0.326043696647232,0.0150114207520871,0.0148279916592977,0.722416056826187,0.00535321690322387,0.0217791241138472,0.00226927887022077,1.25028102096791e-07,0.0470008851486039,0.00194059177020728,0.00958585043689393,0.00413552183720268,0.0107131437628333,0.0109319398839945,4.97296952983319e-06,0.0231850062574002,1.07827970204284e-05,0.000217472924566478,0,0,0,0
KAZ,2009,43195762042,26206871848,1191413693,1802159264,59227614797,913224630,1550819289,194378544,544741,2970066351,99086121,936055665,652854937,1600467498,632851528,1020275,1310127046,1344249,26901826,0,0,0,0,1.15309e+11,0.606700069847561,0.027581726462924,0.0417207424711649,1.37114411222592,0.0211415330307648,0.0359021166820049,0.00449994478187472,1.26109825188485e-05,0.0687582811506405,0.0022938852404932,0.0216700810623472,0.0151138654844246,0.0370514935341073,0.0146507781801527,2.36197939744174e-05,0.0303299903524364,3.11199278923002e-05,0.000622788549808263,0,0,0,0,0.227275163673261,0.0103323564769446,0.0156289557970323,0.513642602025861,0.00791980357127371,0.0134492475782463,0.00168571875569123,4.72418458229627e-06,0.0257574547606865,0.000859309516169597,0.00811780229643827,0.00566178647807196,0.0138798142209194,0.00548830991509769,8.84818184183368e-06,0.0113618802175025,1.16577977434545e-05,0.000233302049276292,0,0,0,0
KAZ,2010,57244063938,36982293272,1755120105,1677496293,81447814746,1091305558,2153620523,372856205,404125,3683936200,97903269,1189688495,865173545,2078277689,911491149,1428817,1901462127,645940,32393600,0,0,0,0,1.48047e+11,0.646045908132149,0.0306602988023516,0.0293042837562488,1.42281678034276,0.0190640825078732,0.0376217266009022,0.00651344749743543,7.05968396020416e-06,0.0643549033134685,0.00171027810160434,0.0207827399586537,0.0151137687557797,0.0363055580968351,0.0159228937691639,2.49600902121052e-05,0.0332167563969504,1.12839647565834e-05,0.000565885749046135,0,0,0,0,0.249801031240079,0.0118551548157004,0.0113308361061014,0.550148363330564,0.00737134530250529,0.0145468704060197,0.00251849888886637,2.72970745776679e-06,0.0248835585996339,0.000661298567346856,0.0080358838409424,0.00584391135923051,0.0140379588171324,0.00615676878964113,9.65110404128419e-06,0.0128436383513344,4.36307388869751e-06,0.000218806189926172,0,0,0,0
KAZ,2011,88107933672,55174350585,2433350423,3820806189,124884794022,1761419360,3294368125,557193649,5172676,6122328190,191309634,2745485986,975102053,2624718432,609419254,4353367,1375229393,2171708,94029760,0,0,0,0,1.92626e+11,0.626213194266908,0.027617835552229,0.0433650640727059,1.41740691010766,0.0199916090026268,0.0373901417012453,0.00632398951806393,5.8708402120249e-05,0.0694866845112,0.00217130996071466,0.0311604854588991,0.0110671311011562,0.029789808052599,0.00691673528820559,4.94094778820521e-05,0.0156084626626199,2.4648268430453e-05,0.00106721104537584,0,0,0,0,0.286432519935004,0.012632512864307,0.0198353606937797,0.648327816712178,0.00914424511748154,0.0171024063470144,0.0028926191116464,2.68534673408574e-05,0.0317834985412146,0.000993166208092366,0.0142529356680822,0.00506215180193743,0.0136259821207937,0.0031637434925711,2.26001007132993e-05,0.00713937574886049,1.12742205102115e-05,0.000488146771463873,0,0,0,0
KAZ,2012,92281520630,56442431850,3226796360,3619971000,127774849630,1636227080,3770430830,492679420,235700,5890384760,210072130,2416239150,862746400,2756120490,1599127740,2535700,3296588490,9065800,262097290,0,0,0,0,2.07999e+11,0.611633092570118,0.03496687460253,0.0392274745288839,1.38462011416467,0.0177308205242998,0.0408579182945785,0.00533887409566411,2.55414083329892e-06,0.0638305992335922,0.00227642683568553,0.0261833477981777,0.00934907004251865,0.0298664399024219,0.0173287970233136,2.7477874039016e-05,0.0357231704407817,9.82406871723436e-05,0.00284019257821803,0,0,0,0,0.271359150043991,0.0155135186226857,0.0174037904028385,0.614305115072669,0.00786651416593349,0.0181271584478772,0.00236866244549253,1.13317852489675e-06,0.0283192936504502,0.00100996701907221,0.0116165902239915,0.00414783917230371,0.0132506429838605,0.00768815109688027,1.21909239948269e-05,0.0158490593224006,4.35857864701273e-05,0.00126008918312107,0,0,0,0
KAZ,2013,84698536273,57249535115,3151828341,3384449019,128407123608,1174528596,2921916927,489978042,672069,3252494243,206188654,1566267557,446276821,1565542196,1253937328,1381233,2593617040,9450339,196846767,0,0,0,0,2.36635e+11,0.675921186293864,0.0372123118024264,0.0399587663249723,1.51604891015021,0.0138671652153972,0.0344978444206177,0.00578496469432134,7.93483606179202e-06,0.0384008317749031,0.00243438273048088,0.0184922623922521,0.00526900275539075,0.0184836983599569,0.014804710720836,1.63076371892427e-05,0.0306217457128216,0.000111576178477745,0.00232408699916046,0,0,0,0,0.241931815306273,0.0133193667082215,0.0143024025144209,0.542637917501638,0.0049634610095717,0.0123477800283136,0.00207060680795318,2.84010818348934e-06,0.0137447725104063,0.000871336252033723,0.00661891756080039,0.00188592905107021,0.0066158522450187,0.00529903576394025,5.83697677858305e-06,0.0109604117734063,3.99363534557441e-05,0.000831858207788366,0,0,0,0
KAZ,2014,79458749145,53626939227,2977248961,3296626189,120601385233,1650348186,1830343483,380849632,605440,3383106874,189544536,1108458804,257729482,1012383132,960072269,6874773,2104660099,10801311,284457052,0,0,0,0,2.21416e+11,0.674902887398077,0.037469114389996,0.0414885235983789,1.51778610323856,0.0207698737238912,0.0230351409088998,0.00479304841943847,7.61955110689152e-06,0.0425768956899428,0.00238544575694377,0.0139501164557377,0.00324356329256686,0.0127409900469558,0.0120826501717012,8.65200254720169e-05,0.0264874557131439,0.000135936081504244,0.00357993367704429,0,0,0,0,0.242199927859775,0.0134464038777685,0.0148888345422192,0.544682341081945,0.00745360852874228,0.00826653666853344,0.00172006373523142,2.73440040466814e-06,0.0152794146493478,0.000856056183834953,0.00500622721031904,0.00116400568161289,0.00457231244354518,0.00433605642320338,3.10491247245005e-05,0.00950545624074141,4.87828838024352e-05,0.00128471768977852,0,0,0,0
KAZ,2015,45954426051,26773012920,1383877585,2384783984,61661236794,621806760,2008899405,419772094,326275,2500772198,135329496,404728994,211832541,959553787,688738703,6209299,1531194643,7054988,237698732,0,0,0,0,1.84388e+11,0.582599223201862,0.0301141305402048,0.0518945439848031,1.34179103282823,0.0135309438814429,0.0437150363442802,0.00913453023075816,7.09996899184208e-06,0.0544185275042856,0.002944863153112,0.00880718200137749,0.00460962216707721,0.0208805520916547,0.0149874291158732,0.000135118628031802,0.0333198513087877,0.000153521403839761,0.00517248831997604,0,0,0,0,0.145199323817168,0.00750524754864742,0.0129335096860967,0.334410247922858,0.00337227346681997,0.0108949573996139,0.00227656948391435,1.76950235373235e-06,0.0135625539514502,0.000733938737878821,0.00219498554135844,0.00114884125322689,0.00520399259713213,0.00373526858038484,3.36751795127666e-05,0.00830419898800356,3.82616439247673e-05,0.00128912256762913,0,0,0,0
KAZ,2016,36775323403,19378014069,812642191,1738779928,44264397003,889527264,1918988166,382485269,633908,2750894853,171069240,386711364,14165691,663477603,685068572,3353149,1507895790,8158001,211198909,0,0,0,0,1.37278e+11,0.526929807160288,0.0220974859172471,0.0472811594053353,1.20364399023583,0.0241881561244798,0.0521814083039024,0.0104005956605346,1.7237319521391e-05,0.0748027372282902,0.00465173992150521,0.0105155122570167,0.000385195552049025,0.0180413805129413,0.018628485315893,9.11793205257431e-05,0.0410029239845377,0.000221833562429923,0.00574295178007248,0,0,0,0,0.141158918901791,0.00591968262212445,0.0126661222337155,0.322443486960766,0.00647975104532409,0.0139788470548813,0.00278620950917117,4.61769547924649e-06,0.0200388616748496,0.00124615189615233,0.00281699444921983,0.000103189811914509,0.0048330949095995,0.00499037407304885,2.44259750287737e-05,0.0109842494063142,5.94268637363598e-05,0.00153847600489518,0,0,0,0
KAZ,2017,48502738958.11,26584238979.4,1169249275.08,2288540500.37,60757316684.17,2186967090.78,2543531837.7,537514979.83,403582.49,4193678689.24,210952896.36,511543255.29,2917.76,594839610.05,659526138.2,6434387.09,1496102237.29,7209279.71,288180179.37,0,0,0,0,1.66806e+11,0.548097685830893,0.0241068710797928,0.0471837374451477,1.25265743727677,0.0450895586055213,0.0524409938972055,0.0110821572425885,8.3208185490011e-06,0.086462718999476,0.00434929863532433,0.0105466880072855,6.01566027543302e-08,0.0122640416361587,0.0135977091679216,0.000132660283279201,0.0308457268481709,0.000148636548468456,0.005941523830621,0,0,0,0,0.159372198718272,0.00700963559512248,0.0137197732717648,0.364239395969989,0.0131108418808676,0.0152484433275781,0.00322239595596082,2.41947226118965e-06,0.025141054214117,0.00126466012229776,0.00306669577407288,1.74919367408846e-08,0.00356605643711857,0.00395385140942172,3.8574074613623e-05,0.00896911524339652,4.3219546718943e-05,0.00172763677187871,0,0,0,0
KAZ,2018,61108294589.22,37802957342.34,1254469435.98,3019859512.98,84873701459.89,2370063750.64,2549144288.3,633159347.74,154465.22,4167051523.45,268392545.1,483065162.43,9645043.32,535103060.97,971803397.81,9445649.44,2308074338.2,15058806.94,356725498.6,0,0,0,0,1.7934e+11,0.618622358821461,0.0205286278141576,0.0494181605505438,1.3889064001937,0.0387846489019528,0.0417151927645137,0.0103612668623172,2.52772919025708e-06,0.0681912586738283,0.00439208043530226,0.00790506699094196,0.000157835255996515,0.00875663548732706,0.0159029703633954,0.000154572296666029,0.0377702299453005,0.000246428198352249,0.00583759538697598,0,0,0,0,0.21078932386718,0.00699492269421211,0.0168387393385748,0.47325583506128,0.0132154775880451,0.0142140308258057,0.00353049708787777,8.61298204527713e-07,0.0232354830124345,0.00149655707092673,0.00269357177668116,5.37807701572432e-05,0.00298373514536634,0.00541877661319282,5.2668949704472e-05,0.0128698245689751,8.39679209323074e-05,0.00198910169844987,0,0,0,0
KAZ,2019,58065248748.74,33585170294.79,1033017263.18,3175945335.8,76257011086.76,2307151153.6,2737380657.18,565127127.95,243619.32,3485132009.14,265937801.01,664623847.97,5336122.54,546051660.99,1002575815.62,16880036.08,2443227274.03,15152049.79,439625791.76,0,0,0,0,1.81667e+11,0.578403968268866,0.017790628395481,0.0546961462189365,1.3132986206042,0.0397337685331119,0.0471431831632238,0.00973262218156369,4.19561312919178e-06,0.0600209606303568,0.00457998211909444,0.0114461551839029,9.18987286714378e-05,0.00940410439560632,0.0172663656356377,0.000290708064526569,0.0420772721495147,0.00026094867612754,0.00757123755143716,0,0,0,0,0.184872157820573,0.00568632312516858,0.0174822358259893,0.419762593573737,0.0126998913044196,0.0150681227585637,0.00311078582213611,1.34102131922694e-06,0.0191841776940226,0.00146387511771538,0.00365847318428774,2.93730977007382e-05,0.003005783444379,0.0055187558313838,9.29174593074141e-05,0.0134489327947839,8.34056256227053e-05,0.00241995404646964,0,0,0,0
KAZ,2020,41874386710.092,23703849619.59,649822626.9,2471463535.98,54206369352.58,2927595456.68,54559346.79,31502777.12,118.15,2508812938.65,153118596.167,1058171561.49,6513615.48,705574128.1,1146465524.75,15535559.34,2544541795.94,21544163.05,366774094.89,0,0,0,0,1.71082e+11,0.566070370981152,0.015518379562163,0.0590208891437773,1.29449942103906,0.0699137512615661,0.00130292885643268,0.000752316143472201,2.82153386073413e-09,0.0599128282407861,0.00365661704437805,0.0252701387322044,0.000155551304550335,0.016849778194601,0.0273786821688231,0.000371003865622128,0.0607660671798388,0.000514495010975473,0.00875891263624417,0,0,0,0,0.138552563212904,0.00379831090880397,0.0144460757764113,0.31684437493471,0.0171122353998667,0.00031890758110146,0.000184138466466373,6.90604505441835e-10,0.0146643886478414,0.000895001205077098,0.00618517179767597,3.8073061339007e-05,0.00412418681158743,0.00670126328164272,9.08076790077273e-05,0.0148732291879917,0.000125928870658515,0.00214384970300791,0,0,0,0
KAZ,2021,53068759291.092,31089837286.13,913460687.195,2106162514.3,68928335122.48,3213594591.52,109884783.71,77802523.3,1154.33,4061182650.03,155742115.855,1581773133.26,35557609.67,894475148.48,1425172306.14,22305496.11,3169742445.58,15803955.37,397956877.34,0,0,0,0,1.97112e+11,0.585840665985735,0.0172127763941964,0.0396874270745112,1.29884956880931,0.0605552990958925,0.00207061150812405,0.00146607013880311,2.17515919991324e-08,0.076526806058413,0.00293472313910196,0.0298061072915551,0.000670029036762663,0.0168550228124543,0.0268552030455935,0.000420313125989063,0.0597289721471228,0.000297801485866899,0.00749889167668557,0,0,0,0,0.157726760857431,0.00463422159581862,0.0106851054948456,0.349691216782743,0.0163033939664759,0.000557473840811315,0.000394712261556881,5.85621372620642e-09,0.0206034267321624,0.000790119910786761,0.0080247429545639,0.000180392922145785,0.00453790306262429,0.00723026658011689,0.000113161533087788,0.0160809207231422,8.01775405353302e-05,0.00201893784924307,0,0,0,0
KAZ,2022,76139804973.234,46920647039.01,1501572236.31,2191101200.26,102402256437.82,4624697930.34,48166316.4,48864042.4,2048452.04,4557811157.58,198761553.665,680682102.22,83941078.21,872553772.317,1913243426.36,23792941.79,4154377170.26,29858222.04,668196241.46,0,0,0,0,2.25496e+11,0.616243331008063,0.0197212514116349,0.0287773419045433,1.34492407058067,0.0607395557680474,0.000632603621941667,0.00064176737013153,2.69038256759406e-05,0.0598610826384733,0.00261048151797699,0.00893989815785955,0.00110245985315445,0.0114598897728164,0.025128031612802,0.000312490185631078,0.0545624876727806,0.000392149967425006,0.00877591217491161,0,0,0,0,0.208077513743082,0.00665897504306063,0.00971680739463228,0.454120057286249,0.0205090020680633,0.000213601644375067,0.000216695827863909,9.0842056621847e-06,0.0202123814062334,0.000881441593930713,0.00301859945285061,0.000372250852387625,0.0038694866974004,0.00848460028718913,0.000105513808626317,0.0184232854252847,0.00013241131567744,0.00296322879989002,0,0,0,0
KAZ,2023,78735590866.92,42314945072.75,1088232643.72,2057653171.05,91860111935.05,6136645517.44,3224020475.75,578045573.56,12790134.56,4346880992.93,334037145,791975857.18,430770717.82,1545249488.26,1852685642.71,22006694.54,4076592075.94,23046013.54,498653141.81,0,0,0,0,2.6184e+11,0.537430971265223,0.0138213561584792,0.0261337109227754,1.16669108497977,0.0779399182742179,0.0409474348290506,0.00734160456783795,0.000162444130020159,0.0552085904870792,0.00424251779051985,0.0100586767491033,0.00547110541848977,0.0196258067189945,0.023530472335458,0.000279501230608608,0.051775722148708,0.000292701347462454,0.00633326220479923,0,0,0,0,0.161606114698862,0.00415609778383746,0.00785843710300183,0.350825358749809,0.0234366235771464,0.0123129410164604,0.00220762898548732,4.88471377940727e-05,0.0166012870185228,0.00127573000687443,0.00302465573319584,0.0016451677276963,0.00590150278131683,0.00707564024866331,8.40463433394439e-05,0.0155690195384204,8.8015633745799e-05,0.00190441927058509,0,0,0,0
KAZ,2024,81612893051.23,42878761294.66,856289738.43,1750286048.28,91776099578.59,6319179843.44,4205025037.19,661594550.87,8206142.84,4409259143.64,383681211.5,780720258.62,418170272.05,1486638769.5,1121911091.25,38604568.12,2655712497.5,15818757.06,430405874.04,0,0,0,0,2.9148e+11,0.52539200231199,0.0104920890121183,0.0214461953601046,1.12452942356768,0.0774286954816481,0.0515240286182531,0.00810649550745253,0.000100549588835784,0.0540265021713202,0.00470123282186745,0.00956613874881174,0.00512382610658718,0.0182157342292327,0.0137467384049939,0.000473020458860185,0.0325403548166459,0.000193826691697723,0.00527374852120272,0,0,0,0,0.147107044375806,0.00293773067939481,0.00600482382420749,0.314862424792747,0.0216796344292576,0.0144264616343831,0.00226977683158364,2.81533650336215e-05,0.015127141291478,0.00131632088479484,0.00267846939282284,0.00143464481971319,0.00510031140901606,0.0038490156828942,0.000132443282969672,0.00911113111534239,5.42704715932483e-05,0.00147662232070811,0,0,0,0
LKA,2000,5337517843,0,299159,0,26411297,0,2669146,3576959,1640,5756280,11135754,0,139247,184090553,136,446,1173812,8,10871480,0,0,0,0,2.0007e+10,0,5.60483372233291e-05,0,0.00494823582363058,0,0.000500072520319629,0.000670154012635495,3.07258926010114e-07,0.00107845634793506,0.00208631695997124,0,2.6088343701299e-05,0.0344899180508463,2.54800084983997e-08,8.35594396344578e-08,0.000219917203937673,1.49882402931763e-09,0.00203680443228075,0,0,0,0,0,1.49527165492078e-05,0,0.00132010281401509,0,0.000133410606287799,0.000178785375118708,8.19713100414855e-08,0.000287713300344879,0.000556592892487629,0,6.95991403008947e-06,0.00920130719248263,6.79762083270855e-09,2.22921977307942e-08,5.8670065477083e-05,3.99860048982856e-10,0.000543383815664517,0,0,0,0
LKA,2001,4723871679,0,519537,425,20407204,0,4080749,1331955,2021,5008660,8953177,0,580165,174046419,2645,593,1023366,554,9352568,0,0,0,0,1.9236e+10,0,0.000109981183932156,8.99685742712572e-08,0.00432001658527694,0,0.00086385686938555,0.000281962570219935,4.27827032005202e-07,0.00106028705696347,0.0018953048703252,0,0.000122815571510786,0.036844019233995,5.59922068111707e-07,1.25532622453778e-07,0.000216637129359246,1.17276682697121e-07,0.00197985225584702,0,0,0,0,0,2.70085776668746e-05,2.20939904346018e-08,0.00106088604699522,0,0.000212141245581202,6.92428259513412e-05,1.05063422749012e-07,0.000260379496776877,0.000465438604699522,0,3.01603763776253e-05,0.0090479527448534,1.37502599292992e-07,3.08276148887503e-08,5.32005614472863e-05,2.88001663547515e-08,0.000486201289249324,0,0,0,0
LKA,2002,4722972860,0,446713,365,14723702,0,72661472,3642737,83,4355715,10326677,0,26805,314808993,12739,258,1204431,1683,11487840,0,0,0,0,2.0238e+10,0,9.4583012276721e-05,7.72818330359832e-08,0.0031174648757139,0,0.0153846897185007,0.000771280527747941,1.75736771013332e-08,0.000922240107896788,0.00218647815816583,0,5.67545077953296e-06,0.0666548384527452,2.69724183848052e-06,5.46266107487224e-08,0.000255015439576335,3.56343356163177e-07,0.00243233241869613,0,0,0,0,0,2.2072981519913e-05,1.80353789900188e-08,0.000727527522482459,0,0.00359034845340449,0.000179994910564285,4.10119577033304e-09,0.000215224577527424,0.000510261735349343,0,1.32448858582864e-06,0.0155553410910169,6.29459432750272e-07,1.27482952860955e-08,5.95133412392529e-05,8.31603913430181e-08,0.000567637118292321,0,0,0,0
LKA,2003,4867830504,0,897909,2862,1808707,0,120656298,2972574,2072989,7954675,10181433,0,9291997,238994443,857426,577,2916730,329,13694379,0,0,0,0,2.2352e+10,0,0.000184457737232668,5.87941588690944e-07,0.000371563265917691,0,0.0247864624499259,0.000610656841391123,0.000425854802934609,0.00163413146646406,0.0020915750849652,0,0.00190885795887194,0.0490967059768439,0.000176141301406332,1.18533297230844e-07,0.000599184790350293,6.75865767572749e-08,0.00281324072166174,0,0,0,0,0,4.01713045812455e-05,1.28042233357194e-07,8.09192465998568e-05,0,0.00539800903722262,0.000132989173228346,9.27428865425913e-05,0.000355882023979957,0.000455504339656407,0,0.000415712106299213,0.0106923068629205,3.83601467430208e-05,2.58142448103078e-08,0.000130490783822477,1.4719040801718e-08,0.000612669067644954,0,0,0,0
LKA,2004,5466642794,0,8165403,394,16395626,0,125139542,17109924,1928,19926315,11007911,0,11456,240920503,751432,829,2849753,459,13769664,0,0,0,0,2.4423e+10,0,0.00149367780330591,7.20734854731026e-08,0.00299921297546554,0,0.0228914796001211,0.0031298778143652,3.52684466985132e-07,0.00364507353980956,0.00201365104961347,0,2.09561890756311e-06,0.04407101617549,0.000137457673441686,1.51647003698482e-07,0.000521298556973174,8.39637812998835e-08,0.00251885197531346,0,0,0,0,0,0.000334332514433116,1.61323342750686e-08,0.000671319084469557,0,0.00512383990500758,0.000700566023829996,7.89419809196249e-08,0.000815883183884044,0.000450719035335544,0,4.69066044302502e-07,0.00986449260942554,3.07673913933587e-05,3.39434139950047e-08,0.000116683167506039,1.87937599803464e-08,0.000563799041886746,0,0,0,0
LKA,2005,6159855307,5399,416108,165,928657,0,157295709,46319925,4542,13156816,12740532,0,4999,325865924,2317506,634,6500018,11020,16042151,0,0,0,0,2.888e+10,8.76481626746107e-07,6.75515867275549e-05,2.67863434734409e-08,0.000150759547703123,0,0.0255356175040753,0.00751964497402439,7.37354982159811e-07,0.00213589692359311,0.00206831676476585,0,8.11545036507462e-07,0.0529015549488134,0.000376227343744001,1.02924495528252e-07,0.00105522251352454,1.78900306107466e-06,0.00260430646508366,0,0,0,0,1.86945983379501e-07,1.44081717451524e-05,5.71329639889197e-09,3.21557132963989e-05,0,0.0054465273199446,0.00160387551939058,1.57271468144044e-07,0.000455568421052632,0.000441154155124654,0,1.73095567867036e-07,0.0112834461218837,8.0246052631579e-05,2.19529085872576e-08,0.00022506987534626,3.81578947368421e-07,0.00055547614265928,0,0,0,0
LKA,2006,6760001046,0,660239,3776,8530757,0,107747805,30281885,562,5254277,11211965,0,70,409247541,157231,1041,2348374,37876,15353152,0,0,0,0,3.3447e+10,0,9.7668476011653e-05,5.58579795225671e-07,0.00126194610650952,0,0.0159390219419797,0.00447956809384198,8.31360818106004e-08,0.000777259790974299,0.0016585744475046,0,1.03550279835267e-08,0.0605395677034929,2.32590200696842e-05,1.53994059012162e-07,0.000347392549796952,5.60295771291512e-06,0.00227117597993342,0,0,0,0,0,1.97398570873322e-05,1.12895027954675e-07,0.000255052979340449,0,0.00322144900887972,0.00090536924088857,1.68027027835082e-08,0.000157092624151643,0.000335215863904087,0,2.09286333602416e-09,0.0122357024845278,4.70089993123449e-06,3.1123867611445e-08,7.02117977696056e-05,1.13241845307501e-06,0.000459029270188657,0,0,0,0
LKA,2007,7661314769,3010,2151938,12389,4368971,0,46541405,3597844,906,3340668,12409711,0,0,510578173,1007718,115,3912384,32728,12940876,0,0,0,0,3.827e+10,3.92882956875675e-07,0.000280883642675457,1.61708536635639e-06,0.000570263868765474,0,0.00607485874204263,0.000469611823620401,1.18256464760585e-07,0.000436043694943504,0.00161978868825668,0,0,0.0666436751908372,0.000131533298184997,1.50104784188381e-08,0.000510667439984412,4.27185163210203e-06,0.0016891194775553,0,0,0,0,7.86516853932584e-08,5.62304154690358e-05,3.23726156258166e-07,0.000114161771622681,0,0.00121613287170107,9.40121243794095e-05,2.36738960020904e-08,8.72920825712046e-05,0.000324267337339953,0,0,0.0133414730337079,2.63318003658218e-05,3.00496472432715e-09,0.000102231094852365,8.55186830415469e-07,0.000338146746799059,0,0,0,0
LKA,2008,8176816898,35,1734024,0,3778569,0,21286267,2807499,572,5103679,11737529,998,0,609824167,3878,1213,4100840,103452,15894286,0,0,0,0,4.8177e+10,4.2803942459028e-09,0.000212065895767353,0,0.000462107571581334,0,0.00260324613667288,0.000343348644713653,6.99538716758972e-08,0.000624164520700999,0.00143546433122049,1.22052384497457e-07,0,0.0745796530125506,4.74267682446031e-07,1.48346234865146e-07,0.000501520341124801,1.26518670150611e-05,0.00194382315248953,0,0,0,0,7.26487743113934e-10,3.59927766361542e-05,0,7.84309732860079e-05,0,0.000441834630632875,5.82746746372751e-05,1.18728854017477e-08,0.000105936006808228,0.00024363345579841,2.07152790750773e-08,0,0.012657993793719,8.04948419370239e-08,2.51779894970629e-08,8.5120285613467e-05,2.14733171430351e-06,0.000329914398987069,0,0,0,0
LKA,2009,7121490779,120,2092509,0,4192880,0,12455819,3335475,0,2112100,6411539,0,3554093,462484083,339594,187,5380490,61667,7350120,0,0,0,0,4.975e+10,1.68504044622031e-08,0.000293830191590002,0,0.000588764365512352,0,0.00174904656714995,0.000468367523529725,0,0.000296581160538494,0.000900308544793245,0,0.000499065871219041,0.0649420321323427,4.76858021078117e-05,2.62585469535999e-08,0.000755528605873661,8.659282433089e-06,0.0010321041237144,0,0,0,0,2.41206030150754e-09,4.20604824120603e-05,0,8.42789949748744e-05,0,0.000250368221105528,6.70447236180905e-05,0,4.24542713567839e-05,0.000128875155778894,0,7.14390552763819e-05,0.00929616247236181,6.82601005025126e-06,3.75879396984925e-09,0.000108150552763819,1.23953768844221e-06,0.000147741105527638,0,0,0,0
LKA,2010,8304051802,6598,13093168,3145,157985335,0,26069178,3066223,2867,1872030,7237068,0,0,476556947,1617692,112219,12036366,71918,11385755,0,0,0,0,5.8643e+10,7.94551883504736e-07,0.00157672041458684,3.7873077805735e-07,0.0190250902531641,0,0.00313933229483483,0.000369244204288503,3.45253144893616e-07,0.000225435732415485,0.000871510459298554,0,0,0.0573884843643705,0.000194807551611177,1.3513764446047e-05,0.00144945699846201,8.66059144557345e-06,0.00137110837835306,0,0,0,0,1.12511297171018e-07,0.000223269068772061,5.36295892092833e-08,0.00269401863820064,0,0.000444540320242825,5.22862575243422e-05,4.88890404651877e-08,3.19224800914005e-05,0.000123408897907679,0,0,0.008126408045291,2.75854236652286e-05,1.91359582558873e-06,0.000205248128506386,1.22636972869737e-06,0.000194153692682844,0,0,0,0
LKA,2011,10011281529,51,44075244,208,88183196,0,20261975,2192349,426315,3007788,8600505,0,0,491015360,9341638,346,24405988,50886,6526572,0,0,0,0,6.7725e+10,5.09425290381323e-09,0.00440255764182895,2.07765608626108e-08,0.00880838239785355,0,0.00202391421530865,0.000218987848223961,4.25834593468458e-05,0.000300439857903031,0.000859081324911965,0,0,0.0490462043822921,0.00093311110799749,3.45610098964584e-08,0.00243784853410649,5.08286575026353e-06,0.000651921732606787,0,0,0,0,7.53045404208195e-10,0.000650797253599114,3.07124400147656e-09,0.00130207746031746,0,0.000299180140273164,3.23713399778516e-05,6.29479512735327e-06,4.44117829457364e-05,0.000126991583610188,0,0,0.00725013451458103,0.000137934854189738,5.10889627168697e-09,0.00036036896271687,7.51362126245847e-07,9.63687264673311e-05,0,0,0,0
LKA,2012,9369784036,3067,33196876,1255,66423172,0,16533280,3842102,102,3634966,11767495,0,14493783,441026280,3142723,220411,18962561,709590,8141264,0,0,0,0,7.0392e+10,3.27328782415493e-07,0.00354297130781809,1.33941187457269e-07,0.00708908249590311,0,0.00176453159821794,0.000410052353953743,1.08860566698338e-08,0.000387945547734501,0.00125589821011751,0,0.00154686414802229,0.0470689909506469,0.000335410398780295,2.35235944770072e-05,0.00202379915344294,7.57317348269349e-05,0.000868884914392919,0,0,0,0,4.35702920786453e-08,0.000471600125014206,1.78287305375611e-08,0.00094361819524946,0,0.000234874417547449,5.45815149448801e-05,1.4490282986703e-09,5.16389078304353e-05,0.000167170914308444,0,0.000205900997272417,0.00626528980565973,4.46460251164905e-05,3.13119388566883e-06,0.00026938517161041,1.00805489260143e-05,0.000115656097283782,0,0,0,0
LKA,2013,10004878922,57,31506503,23,63167370,0,16593450,5577817,15,1805117,7190892,730,28090048,496734795,2442194,290915,12912391,319163,17141468,0,0,0,0,7.6934e+10,5.69722037061949e-09,0.00314911387190499,2.29887839516225e-09,0.00631365661618349,0,0.00165853581331326,0.000557509695368205,1.49926851858408e-09,0.000180423672697396,0.000718738533075873,7.29644012377584e-08,0.00280763497679438,0.0496492560152544,0.000244100305364995,2.90773134055925e-05,0.00129060942172989,3.190073587979e-05,0.00171331088898109,0,0,0,0,7.40894792939403e-10,0.000409526386253152,2.9895754802818e-10,0.000821059219590818,0,0.000215684222840357,7.25013258117347e-05,1.94972313931422e-10,2.34631892271297e-05,9.34683234980633e-05,9.48865261132919e-09,0.000365118777133647,0.00645663549276003,3.17440143499623e-05,3.7813580471573e-06,0.000167837250110484,4.14852990875296e-06,0.000222807445342761,0,0,0,0
LKA,2014,11295485897,2710,295395281,3024,590829797,0,12901521,8204362,12216,2232486,16497370,0,31208164,419159558,2730014,86941,10693714,941132,21674040,0,0,0,0,8.2483e+10,2.39918851186363e-07,0.026151622311215,2.67717566785078e-07,0.0523067181339158,0,0.00114218379958551,0.000726339891423265,1.08149398010797e-06,0.000197644087236029,0.00146052769667762,0,0.00276288813819764,0.0371085902653666,0.000241690709447486,7.69696857601238e-06,0.000946724567452222,8.33193019390125e-05,0.00191882316508017,0,0,0,0,3.2855255022247e-08,0.00358128682273923,3.66621000691052e-08,0.00716304931925366,0,0.00015641430355346,9.94673084150674e-05,1.48103245517258e-07,2.7066013602803e-05,0.000200009335256962,0,0.00037835874058897,0.00508176906756544,3.3097898960998e-05,1.05404750069711e-06,0.000129647490998145,1.1410011759999e-05,0.000262769782864348,0,0,0,0
LKA,2015,10439729662,2806,184337770,96,368847461,0,10980410,5750993,157,2351993,16214392,0,6256,240490778,2828148,17133,15790912,43829,11624091,0,0,0,0,8.5091e+10,2.68780906292399e-07,0.0176573317478688,9.19564041485043e-09,0.0353311314509017,0,0.00105179064549612,0.000550875663086687,1.503870359512e-08,0.000225292519648389,0.00155314289976487,0,5.99249233701086e-07,0.0230361116414127,0.000270902417166442,1.64113445028784e-06,0.00151257863098486,4.19828878898416e-06,0.00111344751026562,0,0,0,0,3.29764604952345e-08,0.00216636036713636,1.12820392285906e-09,0.0043347411712167,0,0.000129043142047925,6.7586383988906e-05,1.84508349884242e-09,2.76409138451775e-05,0.000190553548553901,0,7.35212889729819e-08,0.00282627749115653,3.32367465419375e-05,2.01349143857752e-07,0.000185576758999189,5.15083851406142e-07,0.000136607761102819,0,0,0,0
LKA,2016,10545893296,2475,158206000,0,321770074,0,15480213,12383076,8554,5369894,32780269,0,0,215215875,1100011,16302,6561500,25658,11728305,0,0,0,0,8.8e+10,2.34688511492787e-07,0.015001668949183,0,0.0305114099838319,0,0.00146789016022678,0.00117420835318871,8.11121425175474e-07,0.000509192900902645,0.00310834445977501,0,0,0.0204075528700475,0.000104307048167956,1.54581499569916e-06,0.000622185320468655,2.43298498096239e-06,0.00111212058294279,0,0,0,0,2.8125e-08,0.00179779545454545,0,0.00365647811363636,0,0.000175911511363636,0.000140716772727273,9.72045454545455e-08,6.10215227272727e-05,0.000372503056818182,0,0,0.00244563494318182,1.2500125e-05,1.8525e-07,7.45625e-05,2.91568181818182e-07,0.000133276193181818,0,0,0,0
LKA,2017,11741036786.088,174.966,294578218.033,4198.386,589253503.564,393.58,27478637.833,23073227.22,27976.415,6053195.818,34309062.16,0,478505.309,267292885.391,908977.965,4187.864,7211841.461,79822.617,8445087.853,0,0,0,0,9.4376e+10,1.49020911174827e-08,0.0250896256778658,3.57582220079123e-07,0.050187518725962,3.35217414927406e-08,0.00234039278929434,0.00196517800262235,2.38278914457958e-06,0.000515558883621969,0.00292214927736645,0,4.07549450459931e-05,0.022765696953417,7.74188840015433e-05,3.56686047092725e-07,0.00061424230179956,6.79860036675655e-06,0.000719279566776132,0,0,0,0,1.85392472662541e-09,0.00312132552802619,4.4485737899466e-08,0.00624367957493431,4.17033991692803e-09,0.00029116128923667,0.000244481936297364,2.96435693396626e-07,6.41391436170213e-05,0.00036353587946088,0,5.07020120581504e-06,0.00283221248401077,9.63145254090023e-06,4.43742476900907e-08,7.64160534563872e-05,8.45793602186997e-07,8.94834264325676e-05,0,0,0,0
LKA,2019,11974156365.942,0,328041185.887,8495388.169,674789202.614,0,24392228.022,49049822.938,3138.384,9760661.178,69249068.538,91.9,0,321898975.126,520882.391,59837.513,6252025.133,86448.971,11768062.402,0,0,0,0,8.9015e+10,0,0.0273957660031938,0.000709476969347366,0.0563537991313775,0,0.00203707278212757,0.00409630720018924,2.62096460417577e-07,0.000815143955006482,0.00578321064312845,7.67486219416597e-09,0,0.0268828103866737,4.35005502752195e-05,4.99722161389135e-06,0.00052212656507331,7.21962937162623e-06,0.000982788435557081,0,0,0,0,0,0.00368523491419424,9.54377146435994e-05,0.0075806235197888,0,0.000274023793989777,0.000551028736033253,3.52567994158288e-08,0.000109651869662416,0.000777948306892097,1.03241026793237e-09,0,0.00361623293968432,5.85162490591473e-06,6.7221831152053e-07,7.02356359377633e-05,9.71173071954165e-07,0.0001322031388193,0,0,0,0
LKA,2020,10706858044.323,0,279073146.058,19133852.593,596708601.022,94574.99,14596204.104,28823590.399,1076.445,6344213.703,51750971.661,0,4758.382,159410111.771,830723.406,46314.47,10783611.336,113220.822,10440174.286,0,0,0,0,8.4304e+10,0,0.0260648964339235,0.00178706512347431,0.05573143853704,8.83312262182701e-06,0.00136325746017892,0.00269206804458222,1.00537897816881e-07,0.000592537388348381,0.00483344146777396,0,4.44423749740755e-07,0.0148885986076487,7.75879723594978e-05,4.32568264268311e-06,0.00100716861018977,1.05746075581932e-05,0.000975092248611216,0,0,0,0,0,0.0033103191551765,0.000226962571087967,0.00707805799276428,1.12183277187322e-06,0.000173137740842665,0.00034190062629294,1.27686112165496e-08,7.52540057767128e-05,0.000613861402317802,0,5.64431343708484e-08,0.00189089618251803,9.85390261434807e-06,5.49374525526665e-07,0.000127913400740178,1.34300652400835e-06,0.000123839607681723,0,0,0,0
LKA,2021,13331248583.322,0,206341617.306,46957123.401,506645969.135,0,12398121.174,49433591.65,2780.273,8848519.978,71874221.26,0,44654.187,345675954.402,3263907.89,46884.936,14512915.309,65886.921,17409142.527,0,0,0,0,8.8609e+10,0,0.0154780413864717,0.00352233499416893,0.038004389909047,0,0.000930004500066904,0.00370809915823216,2.08553083578252e-07,0.000663742778682404,0.00539140957508796,0,3.34958775398311e-06,0.0259297508587798,0.00024483137266552,3.51692009244019e-06,0.00108863886366625,4.94229183322165e-06,0.00130588987356965,0,0,0,0,0,0.00232867561202587,0.000529936275107495,0.00571777098415511,0,0.000139919434526967,0.000557884545023643,3.13768691667889e-08,9.98602848243407e-05,0.000811139063300568,0,5.03946404992721e-07,0.00390113819591689,3.68349478043991e-05,5.29121601643174e-07,0.00016378601845185,7.43569174688801e-07,0.000196471493042467,0,0,0,0
LKA,2022,13592124433.48,0,282324907.135,19855233.621,604441396.477,0,13805972.829,54461352.634,321598.528,7053591.945,75843402.98,33.048,420.905,473186864.654,5791821.748,56332.587,18801436.134,76622.297,31485878.544,0,0,0,0,7.4584e+10,0,0.0207712126619132,0.00146078957106166,0.0444699722574747,0,0.00101573325763508,0.00400683152221968,2.36606521352793e-05,0.000518946981358238,0.00557995207821841,2.43140799377884e-09,3.09668295092436e-08,0.0348133117063327,0.000426116003892198,4.14450200744499e-06,0.00138325956520001,5.63725688173253e-06,0.00231647956859814,0,0,0,0,0,0.00378532804803979,0.000266213043293468,0.00810416974789499,0,0.00018510636100236,0.000730201553067682,4.31189702885337e-06,9.45724544808538e-05,0.00101688569907755,4.43097715327684e-10,5.64336855089564e-09,0.00634434817995817,7.76550164646573e-05,7.5529050466588e-07,0.000252084041268905,1.02732887750724e-06,0.000422153257320605,0,0,0,0
LKA,2023,12052497548.941,0,380231771.709,423.301,760607901.634,0,17861018.865,56451519.144,9730.998,6091347.046,75728313.113,0,1961.384,429477805.885,3837067.58,268080.102,18170016.673,63508.758,21442138.873,0,0,0,0,8.3723e+10,0,0.0315479650723853,3.51214342322927e-08,0.063107907597196,0,0.00148193507548727,0.00468380258239174,8.07384358344468e-07,0.000505401226697218,0.00628320502082607,0,1.62736726727013e-07,0.0356339260091977,0.000318362859184912,2.22427012253203e-05,0.00150757273330427,5.26934419543443e-06,0.00177906187376773,0,0,0,0,0,0.00454154499610621,5.05597028295689e-09,0.00908481422827658,0,0.000213334673446962,0.000674265364881813,1.16228491573403e-07,7.27559576938237e-05,0.000904510267345891,0,2.34270630531634e-08,0.00512974697377065,4.58305075068977e-05,3.20198872472319e-06,0.000217025389355374,7.58558078425283e-07,0.000256108104977127,0,0,0,0
LKA,2024,12109626421.072,3431.74,287608989.032,121609651.782,818466046.125,0,23242533.526,64764687.638,15965.367,5423261.323,66952465.382,0,0,327509012.994,3579289.432,58685.054,17211370.291,88011.962,19399182.241,0,0,0,0,9.8964e+10,2.83389419348925e-07,0.023750442749541,0.0100423949966274,0.0675880508337387,0,0.00191934356336176,0.00534819864676442,1.31840293373697e-06,0.000447847120499355,0.00552886299328737,0,0,0.0270453440598383,0.000295573893656345,4.84614900240704e-06,0.00142129655305059,7.26793370329328e-06,0.00160196372426844,0,0,0,0,3.4676650094984e-08,0.0029061981026636,0.00122882716727295,0.00827034119604098,0,0.000234858468998828,0.000654426737379249,1.61324996968595e-07,5.48003448021503e-05,0.00067653354130795,0,0,0.00330937525760883,3.61675905581828e-05,5.9299395739865e-07,0.000173915467149671,8.89333111030274e-07,0.000196022616719211,0,0,0,0
MAR,2000,7422156284.578,0,271346391.744,28.26,542801370.612,19199235.776,20015348.837,13782435.946,252487.021,46964667.803,17855576.517,2918.31,3146981.514,51563756.002,2631.471,81.012,7312.919,0,31496763.82,0,0,0,0,4.2053e+10,0,0.0365589703773568,3.80751885523073e-09,0.0731325708864216,0.00258674636316845,0.00269670269253001,0.00185693151929953,3.40180146199058e-05,0.00632763121689916,0.00240571281880724,3.93188972059745e-07,0.0004239982820813,0.00694727435329553,3.54542655679153e-07,1.09148873849948e-08,9.85282271028841e-07,0,0.00424361366324838,0,0,0,0,0,0.00645248595210806,6.72009131334269e-10,0.0129075540535039,0.000456548540555965,0.000475955314412765,0.000327739660571184,6.00401923762871e-06,0.00111679708470264,0.000424596973271824,6.93960002853542e-08,7.48336982854969e-05,0.00122616117760921,6.25751076023114e-08,1.92642617649157e-09,1.73897676741255e-07,0,0.000748977809430956,0,0,0,0
MAR,2001,7133587748.33,0,301523921.813,43.233,603289546.842,12913975.336,14797382.078,14903258.666,233187.534,27036882.95,19186926.477,511.97,11632258.32,63160972.214,0,0,58593.709,0,31121315.034,0,0,0,0,4.2704e+10,0,0.0422682011423477,6.06048478342767e-09,0.0845702847046681,0.00181030580846548,0.00207432537455842,0.00208916735754584,3.2688675351977e-05,0.00379008206022691,0.00268966011969107,7.17689356410951e-08,0.00163063226112599,0.00885402611452929,0,0,8.2137784053637e-06,0,0.00436264557638414,0,0,0,0,0,0.00706078872735575,1.01238759835144e-09,0.0141272374213657,0.000302406691082803,0.000346510445813039,0.000348989758945298,5.46055484263769e-06,0.00063312296154927,0.000449300451409704,1.19888066691645e-08,0.000272392710753091,0.001479041125281,0,0,1.37208947639565e-06,0,0.000728768148979018,0,0,0,0
MAR,2002,7825354495.219,28.817,218795546.513,3.636,505965255.578,11512441.428,16136015.622,16968295.726,25082.654,56130403.334,23422465.566,0,26565789.936,111233953.438,0,33631.742,67371.843,0,39199004.211,0,0,0,0,4.5711e+10,3.68251687736397e-09,0.0279598255448588,4.64643487042211e-10,0.0646571674020808,0.00147117187279294,0.00206201720725349,0.00216837406361169,3.20530578075723e-06,0.00717288953085686,0.00299315073589449,0,0.00339483533330416,0.0142145577565796,0,4.29779149565016e-06,8.60943015951056e-06,0,0.00500923047447232,0,0,0,0,6.30417186235261e-10,0.00478649660941568,7.9543217168734e-11,0.0110687855347291,0.000251852758154492,0.000353000713657544,0.000371208149592002,5.48722495679377e-07,0.00122794083117849,0.000512403263240795,0,0.000581168426330643,0.00243341763334865,0,7.35747238082737e-07,1.47386499967185e-06,0,0.000857539852792545,0,0,0,0
MAR,2003,8738340951.566,0,90640043.366,27074.657,319839043.95,14333677.456,20836428.179,19659321.986,304252.73,68996690.262,27748936.049,3.346,21504252.811,79318158.047,1730811.649,6338.653,3579032.204,0,53481004.852,0,0,0,0,5.6345e+10,0,0.0103726833123576,3.09837498331396e-06,0.0366018041322457,0.00164032023188924,0.00238448331262079,0.0022497773999625,3.48181344360882e-05,0.00789585696466045,0.00317553826324745,3.82910213568671e-10,0.00246090796069776,0.00907702714813221,0.000198070967772186,7.2538403286542e-07,0.00040957799928356,0,0.00612026987141257,0,0,0,0,0,0.00160866169786139,4.80515697932381e-07,0.00567644057059189,0.000254391293921377,0.000369800837323631,0.000348909787665276,5.39981773005591e-06,0.00122453971536072,0.00049248267013932,5.93841512112876e-11,0.000381653257804597,0.00140772309960067,3.07181054042062e-05,1.12497169225308e-07,6.35199610258231e-05,0,0.000949170376288934,0,0,0,0
MAR,2004,9870178797.041,0,197851429.949,10426.508,643124864.394,15507724.864,31532567.193,25555717.495,423284.984,189003560.03,33952533.388,7376.98,16310920.669,74193339.241,50860.824,1320.24,104742.966,0,57280524.903,0,0,0,0,6.4528e+10,0,0.0200453744574834,1.0563646530016e-06,0.065158380371671,0.00157116959914131,0.00319473110278947,0.00258918485880533,4.28852397412393e-05,0.0191489499751171,0.00343991067296356,7.47400847714284e-07,0.00165254561284036,0.00751691947700507,5.1529789931716e-06,1.33760494834784e-07,1.06120636873773e-05,0,0.00580339283419792,0,0,0,0,0,0.00306613299573828,1.61581143069675e-07,0.00996660154342301,0.000240325515497149,0.000488664877154104,0.00039604074967456,6.55971026531118e-06,0.00292901624147657,0.000526167452702703,1.14322154723531e-07,0.000252772760181627,0.00114978519775911,7.88197743615175e-07,2.04599553682122e-08,1.62321730101661e-06,0,0.000887684801992933,0,0,0,0
MAR,2005,11197412931.234,0,264168233.242,0,830056338.901,21257189.762,67486347.934,35419958.921,154351.503,192010006.48,33994149.756,366149.739,18799850.969,94567667.358,31910.051,17218.476,98319.659,0,79006645.115,0,0,0,0,6.7468e+10,0,0.0235918988488074,0,0.0741292961149665,0.00189840188019728,0.006026958936716,0.00316322700060474,1.37845682701808e-05,0.0171477114990025,0.00303589319825626,3.26994941821485e-05,0.00167894593907132,0.00844549253821063,2.84976995989764e-06,1.53771912367105e-06,8.78056919074117e-06,0,0.00705579454827635,0,0,0,0,0,0.00391545967335626,0,0.0123029634626934,0.000315070696656193,0.00100027195016897,0.000524989015844549,2.28777350744056e-06,0.00284594187585226,0.000503855898440742,5.42701338412284e-06,0.000278648410639118,0.00140166697335033,4.7296571708069e-07,2.55209521550957e-07,1.45727839864825e-06,0,0.00117102396862216,0,0,0,0
MAR,2006,12731302741.583,0,236968207.597,0,699442616.757,48785433.192,110822278.286,52055650.801,434693.868,209384314.066,41610059.444,276850.364,20553277.517,128789991.548,12.62,47690.629,95658.329,727.638,80579534.759,0,0,0,0,7.4284e+10,0,0.0186130368907978,0,0.0549388095589369,0.00383192782248881,0.00870470842893651,0.00408879215722172,3.41437068007347e-05,0.0164464170176481,0.0032683269174091,2.17456429730283e-05,0.00161438918971496,0.0101160104478033,9.91257552833186e-10,3.74593472231501e-06,7.51363241780125e-06,5.71534598437745e-08,0.0063292450422855,0,0,0,0,0,0.0031900302568117,0,0.00941579097459749,0.000656742140864789,0.00149187278937591,0.00070076531690539,5.85178326422918e-06,0.0028187000439664,0.00056014834209251,3.72691782887297e-06,0.00027668512084702,0.0017337514343331,1.6988853588929e-10,6.42004052016585e-07,1.28773799203059e-06,9.79535296968392e-09,0.00108474953905282,0,0,0,0
MAR,2007,15321254739.863,0,338022778.949,13477.596,907608279.822,103564995,136840763.572,71773370.929,53075.823,202870364.382,95765461.766,708007.181,13341937.111,119667536.646,26329.241,83183.23,232625.457,0,74925973.16,0,0,0,0,8.5539e+10,0,0.0220623431101585,8.79666595773899e-07,0.0592385085446413,0.00675956354478876,0.00893143322106422,0.00468456220770609,3.46419558327079e-06,0.0132411064123991,0.00625049732492447,4.62107831911377e-05,0.000870812302094737,0.00781055720812785,1.71847811729782e-06,5.42927008344643e-06,1.51831857736007e-05,0,0.00489032879043887,0,0,0,0,0,0.00395168027389846,1.57560831901238e-07,0.010610461658682,0.00121073422649318,0.00159974705773974,0.000839071896199395,6.20486830568513e-07,0.00237167098495423,0.00111955320691147,8.27701026432388e-06,0.000155974901635511,0.00139898217942693,3.07803937385286e-07,9.72459696746513e-07,2.71952509381686e-06,0,0.000875927625527537,0,0,0,0
MAR,2008,20094617472.692,0,431906506.614,577.395,1273196747.048,87359350.478,137335181.057,61454212.377,57597.564,246639390.067,90286129.251,284938.785,18996406.095,155616634.17,17181.725,217245.133,4670801.256,0,69720166.841,0,0,0,0,1.00112e+11,0,0.0214936416282096,2.87338139571287e-08,0.0633600887789099,0.00434740052139429,0.00683442624591558,0.0030582424602267,2.86631801169012e-06,0.0122739032182213,0.00449305040883193,1.41798561424333e-05,0.000945347982902166,0.00774419490102155,8.5504115832757e-07,1.08111106516573e-05,0.000232440416561673,0,0.00346959413065452,0,0,0,0,0,0.00431423312503996,5.76749041073997e-09,0.0127177236200256,0.000872616174664376,0.00137181537734737,0.000613854606610596,5.75331268978744e-07,0.00246363462988453,0.000901851219144558,2.84620010588141e-06,0.000189751539226067,0.0015544253852685,1.71625029966438e-07,2.17002090658463e-06,4.66557581109158e-05,0,0.000696421676132731,0,0,0,0
MAR,2009,14027368733.26,2457.459,324768750.981,0,827175443.188,126188331.576,113778888.785,44868550.348,980219.527,99540430.616,86873920.218,527024.586,40002241.151,194942228.287,176220.55,238750.599,4280694.688,0,62131163.99,0,0,0,0,1.00535e+11,1.75190304520417e-07,0.0231525068711531,0,0.0589686817903846,0.00899586615106207,0.00811120680924436,0.00319864339500915,6.98790732345848e-05,0.00709615841066342,0.00619317292287434,3.75711650575195e-05,0.00285172806901066,0.0138972769586342,1.25626233508903e-05,1.70203409876796e-05,0.000305167331764092,0,0.00442928144055143,0,0,0,0,2.44438155866116e-08,0.00323040484389516,0,0.00822773604404436,0.00125516816607152,0.00113173411035958,0.000446297810195454,9.75003259561347e-06,0.000990107232466305,0.000864116180613717,5.24220008952106e-06,0.000397893680320286,0.00193904837406873,1.75282787089073e-06,2.37480080568956e-06,4.25791484358681e-05,0,0.000618005311483563,0,0,0,0
MAR,2010,17764791264,0,182482356,1698,770601810,145343208,230520479,68425845,91389,149538211,61204000,467074,175429174,548444484,158788,133118,1548784,25686,63695125,0,0,0,0,1.00881e+11,0,0.0102721362321772,9.558232206426e-08,0.0433780390970092,0.00818153198875661,0.0129762559871528,0.00385176746425744,5.14438918205575e-06,0.00841767340678166,0.00344524171944698,2.62921186665737e-05,0.00987510471656955,0.0308725543604563,8.93835439101279e-06,7.49336133601305e-06,8.71827862756024e-05,1.4458937129226e-06,0.00358546993620336,0,0,0,0,0,0.00180888726321111,1.68317126118893e-08,0.00763872096826955,0.00144073916793053,0.00228507329427742,0.000678282778719481,9.0590894221905e-07,0.00148232284572913,0.000606695016901101,4.62995013927301e-06,0.00173897140194883,0.00543654884467838,1.57401294594621e-06,1.31955472289133e-06,1.53525837372746e-05,2.5461682576501e-07,0.000631388715417175,0,0,0,0
MAR,2011,21649934076,0,547431656,0,1487353642,134301888,405998565,97045924,145317,208607948,89509730,296214,54366297,406048404,314553,105271,2817774,0,76425550,0,0,0,0,1.09705e+11,0,0.0252856038303994,0,0.0687001464659795,0.00620333935099046,0.0187528776565684,0.00448250436510937,6.71212205496233e-06,0.00963550037924836,0.00413441120355308,1.36819816152867e-05,0.00251115300439957,0.0187551796959107,1.45290511691995e-05,4.86241665357762e-06,0.000130151620328657,0,0.00353005924783491,0,0,0,0,0,0.00499003378150495,0,0.0135577561824894,0.0012242093614694,0.00370082097443143,0.000884608030627592,1.32461601567841e-06,0.00190153546328791,0.000815912948361515,2.70009571122556e-06,0.000495568087142792,0.00370127527460006,2.86726220318126e-06,9.59582516749465e-07,2.56850097990064e-05,0,0.000696646005195752,0,0,0,0
MAR,2012,21417184362,78233,792294796,0,2026967153,178037990,231269897,113842312,187351,174590593,99775086,9054206,27366445,302363533,429838,1419,865064,0,79223301,0,0,0,0,1.06345e+11,3.65281442591525e-06,0.036993415315869,0,0.0946420929445982,0.00831285695592594,0.0107983333892543,0.00531546584629433,8.74769516073329e-06,0.00815189289352955,0.00465864626804206,0.000422754263443922,0.00127777977428983,0.0141178003555162,2.00697716718847e-05,6.62552077815466e-08,4.03911170291302e-05,0,0.00369905304361875,0,0,0,0,7.35652828059617e-07,0.00745023081480088,0,0.0190602957637877,0.00167415477925619,0.0021747134044854,0.00107049990126475,1.76172833701632e-06,0.00164173767454981,0.000938220753208896,8.51399313554939e-05,0.000257336452113405,0.00284323224411115,4.04192016549908e-06,1.33433635807983e-08,8.13450561850581e-06,0,0.000744964981898538,0,0,0,0
MAR,2013,21965433272,329399,1068008588,136,2653766479,166622262,180365468,107167985,701085,145249860,83501347,9876131,18730715,195653880,0,10794223,22024686,109,90697890,0,0,0,0,1.15608e+11,1.49962441405558e-05,0.0486222408989047,6.19154643188228e-09,0.120815576280156,0.00758565788057541,0.00821133213110425,0.00487893790543209,3.19176494867367e-05,0.00661265626775295,0.00380148872849422,0.000449621497454794,0.000852735967829809,0.00890735354851415,0,0.000491418624269056,0.00100269754423991,4.96234236084683e-09,0.00412911909712318,0,0,0,0,2.84927513666874e-06,0.00923818929485849,1.17638917721957e-09,0.0229548688585565,0.00144126930662238,0.00156014694484811,0.000926994541900214,6.06432945816899e-06,0.00125639973012248,0.00072228000657394,8.54277472147256e-05,0.000162019194173414,0.00169239049200747,0,9.33691699536364e-05,0.000190511781191613,9.42841325859802e-10,0.000784529530828316,0,0,0,0
MAR,2014,23815815609,0,742958761,2288,1949271693,197880294,158923077,125474425,2411453,89447096,111672988,956949,99148454,325144786,60733,53352,1376678,0,91523666,0,0,0,0,1.19131e+11,0,0.0311960242385835,9.60706128046845e-08,0.081847782372961,0.00830877670740871,0.00667300585498079,0.00526853361060552,0.000101254268994622,0.00375578554472004,0.00468902639461983,4.01812398832299e-05,0.0041631349363711,0.013652473269785,2.55011211864812e-06,2.24019201676378e-06,5.780520065329e-05,0,0.00384297844351017,0,0,0,0,0,0.00623648555791524,1.9205748293895e-08,0.0163624219808446,0.00166103108342917,0.00133401949954252,0.00105324747546818,2.02420276838103e-05,0.000750829725260428,0.00093739654665872,8.03274546507626e-06,0.000832264095827283,0.00272930459745994,5.09800135984756e-07,4.47843130671278e-07,1.15560013766358e-05,0,0.000768260704602496,0,0,0,0
MAR,2015,22336935399.466,0,305463308.716,1181.384,736892843.6,213330552.686,139589456.864,113163149.536,1685456.105,62800055.403,125313591.904,212765.841,95174381.793,306086456.753,96439.347,4171.315,1410633.38,0,91900010.719,0,0,0,0,1.10414e+11,0,0.0136752559495383,5.28892607187396e-08,0.0329898811283493,0.00955057392031944,0.00624926626538648,0.00506618958743577,7.54560137663421e-05,0.00281148932384437,0.00561015151196595,9.52529240000786e-06,0.0042608522651355,0.013703153600933,4.3174833644505e-06,1.86745179023069e-07,6.31525030078085e-05,0,0.0041142622779487,0,0,0,0,0,0.00276652696864528,1.06995851975293e-08,0.00667390768924231,0.00193209695044107,0.00126423693430181,0.00102489855938559,1.52648767819298e-05,0.00056876895505099,0.00113494295926241,1.92698245693481e-06,0.000861977482864492,0.00277217070981035,8.73434048218523e-07,3.77788595649102e-08,1.27758561414313e-05,0,0.000832322085233757,0,0,0,0
MAR,2016,22858288521,0,192335735,18,387004528,179362532,103418269,129104128,774927,91493020,116133543,1614180,116796417,367855278,90610,72679,1355802,0,99530842,0,0,0,0,1.11573e+11,0,0.00841426665969766,7.87460530278255e-10,0.0169305994910536,0.00784671747559836,0.00452432249706662,0.00564802250533287,3.39013570192743e-05,0.00400261900255328,0.00508058785299292,7.06168354869196e-05,0.00510958713696779,0.0160928617933075,3.96398881380626e-06,3.1795468822274e-06,5.93133645484621e-05,0,0.00435425609002007,0,0,0,0,0,0.00172385554748909,1.61329353875938e-10,0.0034686216916279,0.00160758007761734,0.000926911250929884,0.00115712697516424,6.94547067838993e-06,0.000820028322264347,0.00104087496975075,1.44674786910812e-05,0.00104681613831303,0.00329699190664408,8.12114041927707e-07,6.51403117241627e-07,1.21517033690947e-05,0,0.00089206924614378,0,0,0,0
MAR,2017,25624297849.484,0,233264080.088,14.437,467910413.904,328236192.716,143860219.276,144726472.449,967278.091,130167819.511,125640149.693,1874144.631,61314066.06,246932426.405,240739.432,69868.385,646538.49,0,134644698.883,0,0,0,0,1.18541e+11,0,0.00910323792902279,5.63410559961577e-10,0.0182604189450375,0.0128095682716477,0.00561421117257646,0.00564801710076572,3.77484720432829e-05,0.0050798589789894,0.00490316458351385,7.31393555448287e-05,0.00239280960673171,0.00963665142574716,9.39496697291348e-06,2.72664583476214e-06,2.52314617086384e-05,0,0.0052545712539675,0,0,0,0,0,0.00196779241011971,1.21789085632819e-10,0.00394724537420808,0.00276896763749251,0.00121359039721278,0.00122089802219485,8.15986106916594e-06,0.00109808268456483,0.00105988771558364,1.58100963464118e-05,0.000517239318548013,0.00208309721029011,2.0308537299331e-06,5.89402696113581e-07,5.45413392834547e-06,0,0.001135849190432,0,0,0,0
MAR,2018,29345572116.804,1470.259,332282677.138,32997.031,674214482.525,249208281.064,143480622.23,144632915.706,1703570.001,123961468.496,148789936.153,265002.224,40122571.529,159166932.671,594.176,87878.227,452788.226,25.463,157738941.122,0,0,0,0,1.27341e+11,5.0101561971528e-08,0.0113230941899997,1.1244296369027e-06,0.0229749987439818,0.00849219364584469,0.00488934486125897,0.00492861121024727,5.80520289132306e-05,0.00422419668638924,0.00507026871245762,9.03039896258329e-06,0.00136724448135822,0.00542388241869911,2.02475520884379e-08,2.99459920734272e-06,1.54295245701045e-05,8.67694788796408e-10,0.0053752211916044,0,0,0,0,1.15458414807485e-08,0.00260939271042319,2.59123385241203e-07,0.00529455935264369,0.00195701526659913,0.00112674332877863,0.00113579220915495,1.33780165147125e-05,0.000973460774581635,0.001168437001068,2.08104399996859e-06,0.00031507975851454,0.00124992683166459,4.66602272638035e-09,6.90101593359562e-07,3.55571438892423e-06,1.99959164762331e-10,0.00123871291353138,0,0,0,0
MAR,2019,29582399076.054,0,384646588.183,3635.304,831247628.581,191698061.122,133988662.953,122929462.027,1658799.712,79013556.665,164531192.472,280061.607,63599105.366,229570550.165,52016.118,62049.797,482694.187,0,177899323.533,0,0,0,0,1.2892e+11,0,0.0130025488194552,1.22887396341788e-07,0.0280993987824966,0.00648013910667487,0.00452933727952644,0.00415549332935974,5.60738737833723e-05,0.00267096513916476,0.0055617934180728,9.46717020076647e-06,0.00214989680865611,0.00776037634996379,1.7583468421973e-06,2.09752416768075e-06,1.6316938520065e-05,0,0.00601368817571675,0,0,0,0,0,0.00298360679633106,2.81981383803909e-08,0.00644777868896215,0.00148695362334781,0.00103931634310425,0.000953532904336022,1.28668919640087e-05,0.000612888276954701,0.0012762270591995,2.17236741390009e-06,0.000493322256950047,0.00178072099104096,4.03475938566553e-07,4.81304661805771e-07,3.74413734874341e-06,0,0.00137992028803134,0,0,0,0
MAR,2020,27702724584.423,0,134736425.176,4395.248,277425337.456,233933571.848,115309160.159,122999426.808,1841946.778,73889292.546,186041519.84,258984.573,45327796.716,199646969.552,11509.925,1621.591,420350.211,93.715,173910881.621,0,0,0,0,1.21354e+11,0,0.00486365248174041,1.58657607362974e-07,0.0100143701248791,0.00844442470397077,0.00416237615212178,0.00443997580213325,6.64897336139894e-05,0.00266722113634799,0.00671563980189189,9.34870403128596e-06,0.00163622161343247,0.00720676296454464,4.15479891334296e-07,5.85354337642228e-08,1.51736053874051e-05,3.38288025477087e-09,0.00627775369498452,0,0,0,0,0,0.00111027592972626,3.62184023600376e-08,0.00228608317365723,0.00192769560004615,0.000950188375817855,0.001013558900473,1.51782947245249e-05,0.000608873976514989,0.00153304810587208,2.13412473424856e-06,0.000373517121116733,0.00164516183687394,9.48458641659937e-08,1.33624849613527e-08,3.46383482209074e-06,7.72244837417803e-10,0.00143308734463635,0,0,0,0
MAR,2021,36585224951.204,0,193764876.132,1.001,446490703.935,369018851.282,231369214.189,218078713.362,2499376.042,172094835.565,254282502.058,578877.674,40370158.938,202957471.288,54092.879,15554.235,2604908.482,0,322172682.858,0,0,0,0,1.42022e+11,0,0.00529626034527426,2.73607720421317e-11,0.0122041262430534,0.010086554115061,0.00632411621078158,0.00596084112241664,6.83165415911361e-05,0.0047039436219002,0.00695041515795386,1.58227173612322e-05,0.0011034552607465,0.00554752558057787,1.47854438703458e-06,4.25150727397348e-07,7.12011060605567e-05,0,0.00880608724663308,0,0,0,0,0,0.00136433000613989,7.04820379941136e-12,0.00314381366221431,0.0025983217479123,0.00162910826624748,0.00153552768840039,1.75985132021799e-05,0.00121174772616214,0.00179044445267635,4.07597184943178e-06,0.000284252854754897,0.00142905656368732,3.80876758530369e-07,1.09519898325612e-07,1.83415842756756e-05,0,0.00226847025712918,0,0,0,0
MAR,2022,42183470726.353,0,370682293.738,8375.834,796596857.946,321665868.27,211213471.058,246105909.773,3803770.401,106496038.452,228212031.598,146080.269,27518404.151,150471274.723,126087.868,74490.04,779628.945,0,235712144.816,0,0,0,0,1.31245e+11,0,0.00878738253053289,1.98557251354081e-07,0.0188840994880098,0.00762540072524302,0.00500701975018025,0.00583417877987104,9.01720587591124e-05,0.00252459166157396,0.00540998707949914,3.46297415752328e-06,0.000652350403538716,0.00356706719793441,2.98903494257124e-06,1.76585849190129e-06,1.84818586895684e-05,0,0.005587784522167,0,0,0,0,0,0.00282435364195207,6.38183092689245e-08,0.00606954061446912,0.00245088093466418,0.00160930680070098,0.00187516408071165,2.89822119014058e-05,0.000811429299798088,0.00173882457692103,1.11303492704484e-06,0.000209672019132157,0.00114649148327936,9.60706068802621e-07,5.67564783420321e-07,5.94025635262296e-06,0,0.00179597047366376,0,0,0,0
MAR,2023,42462806869.922,0,476154452.158,9379.904,991784879.249,313721887.218,211006740.614,220062685.165,4379209.775,78616757.014,292393928.902,259052.849,19362691.04,180722571.257,22.603,145.459,256429.218,698.929,92844363.424,0,0,0,0,1.46057e+11,0,0.0112134474203889,2.20896937612575e-07,0.0233565548854831,0.00738815708012513,0.00496921320487328,0.0051824808906092,0.000103130482834425,0.00185142629065549,0.00688588321063424,6.10070007368017e-06,0.000455991783569902,0.00425602037591661,5.32301128119973e-10,3.42556252688595e-09,6.03891350813265e-06,1.64597927344054e-08,0.00218648672256674,0,0,0,0,0,0.00326005910129607,6.42208452864293e-08,0.0067903960731016,0.00214794146954956,0.00144468762615965,0.0015066904370554,2.99828818543445e-05,0.000538260795538728,0.00200191657299547,1.77364213286594e-06,0.000132569414954436,0.00123734275835462,1.54754650581622e-10,9.95905708045489e-10,1.75567907049987e-06,4.78531669142869e-09,0.000635672124061154,0,0,0,0
MAR,2024,80568883408.529,0,589014882.322,15041.197,1200575529.419,608336112.772,293656993.45,331399635.53,10582705.969,137286578.728,506354724.128,2406915.623,33867896.821,322261514.316,70904.794,347.222,2043461.607,530.86,104240977.266,0,0,0,0,1.60606e+11,0,0.00731069933457272,1.86687420300127e-07,0.0149012308304115,0.00755050941549479,0.00364479413176171,0.00411324597673297,0.000131349790654784,0.00170396526450392,0.00628474297652234,2.9874009930057e-05,0.0004203595158353,0.0039998259958743,8.80051838877713e-07,4.30962904424766e-09,2.53629133301813e-05,6.58889607924991e-09,0.00129381186453138,0,0,0,0,0,0.00366745253802473,9.36527713784043e-08,0.00747528441913129,0.00378775458433682,0.00182843102654944,0.0020634324715764,6.58923450493755e-05,0.000854803548609641,0.00315277588712751,1.49864614211175e-05,0.000210875663555533,0.0020065347142448,4.41482846219942e-07,2.16194911771665e-09,1.27234449958283e-05,3.30535596428527e-09,0.000649047839221449,0,0,0,0
MEX,2000,166294339530,14886972116,1022260288,81456032,32063963439,231402910,804363527,563063322,7309767,1485418621,2377681393,2227205,77883164,992225686,76439615,3769782,565233951,449940,74012241,0,0,0,0,7.42061e+11,0.0895218211159517,0.00614729455548053,0.000489830455024629,0.192814521105305,0.00139152607752024,0.00483698681069593,0.00338594400501781,4.39567998565658e-05,0.00893246652410575,0.0142980296245806,1.3393149798693e-05,0.000468345249875145,0.00596668346501956,0.00045966456354463,2.26693344503162e-05,0.00339899693878654,2.70568439834857e-06,0.000445067710718127,0,0,0,0,0.020061655464982,0.00137759603051501,0.000109769994650036,0.0432093364817717,0.000311838123820009,0.00108395876754067,0.000758783067699286,9.85062818285828e-06,0.00200174732400706,0.0032041589478493,3.0013772452669e-06,0.000104955204491275,0.00133712145766992,0.000103009880589332,5.08015109269993e-06,0.000761708203233966,6.06338292943572e-07,9.97387559782821e-05,0,0,0,0
MEX,2001,158386216926,11590840727,856540657,120244577,25197510848,79536510,793126721,526976831,8442277,1005600868,2294230622,12194922,54645214,845387802,77841032,3784692,575281773,165557,61803444,0,0,0,0,7.96055e+11,0.0731808673251877,0.0054079242097195,0.000759185864362047,0.159089037777653,0.000502168127654444,0.0050075488662663,0.0033271634440654,5.33018413082266e-05,0.00634904278615247,0.014485039585685,7.69948435961295e-05,0.000345012432650822,0.00533750864442312,0.000491463420938757,2.38953368131032e-05,0.00363214542379517,1.04527403465511e-06,0.000390207211204971,0,0,0,0,0.0145603516427885,0.00107598175628568,0.000151050589469321,0.031652977304332,9.99133351338789e-05,0.000996321511704593,0.000661985454522615,1.0605142860732e-05,0.00126323038986,0.0028820001406938,1.5319195281733e-05,6.86450232710052e-05,0.00106197159995226,9.77834848094667e-05,4.75430968965712e-06,0.000722665862283385,2.07971810992959e-07,7.76371532117756e-05,0,0,0,0
MEX,2002,160750540171,13108888126,1111192996,20799010,28546512147,96034024,532060453,716681395,14595426,1342572603,2305580033,8403538,80204403,1071741834,65817001,25649660,534088493,302864,55910086,0,0,0,0,8.10666e+11,0.0815480191360806,0.00691253040156479,0.000129386874705832,0.177582682562891,0.00059741027244974,0.00330985172699274,0.00445834517406674,9.07955020522729e-05,0.00835190103605142,0.0143425958665359,5.22768880966786e-05,0.000498937066803519,0.00666711186699543,0.000409435644384066,0.000159561889948954,0.00332246779657386,1.88406209819155e-06,0.000347806520217755,0,0,0,0,0.0161705167430236,0.00137071617164159,2.56566946189923e-05,0.0352136541399294,0.000118463120446645,0.000656325111698283,0.000884064947833016,1.8004240957435e-05,0.00165613532946984,0.00284405665588541,1.03662149393215e-05,9.89364337470672e-05,0.00132205104691698,8.11888015532908e-05,3.16402316120326e-05,0.000658826807834546,3.73598991446539e-07,6.89680904342849e-05,0,0,0,0
MEX,2003,164906508836,16832097643,1570487488,16607103,36942616062,111731222,496269577,613623796,39864762,1613583697,2221437989,28376652,156753172,1223248202,102413694,5683776,687950225,972710,60836287,0,0,0,0,7.6555e+11,0.102070547498762,0.0095235021290873,0.000100706170527907,0.224021576363244,0.000677542825863332,0.00300939957132645,0.00372104048731182,0.000241741592138401,0.00978483935163962,0.0134708933242243,0.000172077210295081,0.000950557822771517,0.00741782850558388,0.000621040944489649,3.44666565323539e-05,0.00417175907643626,5.89855431944996e-06,0.000368913801095031,0,0,0,0,0.0219869344170858,0.0020514499222781,2.16930350728235e-05,0.0482563073110835,0.000145948954346548,0.000648252337535106,0.000801546334008229,5.20733616354255e-05,0.00210774436287636,0.00290175427992946,3.70670132584416e-05,0.000204758894912155,0.00159786846319639,0.000133777929593103,7.42443472013585e-06,0.000898635262229769,1.27060283456339e-06,7.94674247273202e-05,0,0,0,0
MEX,2004,187980442491,21257819269,1930460099,4589356,46474614114,285392036,791561799,709811990,47255280,2571655777,2761741016,31452634,154192536,1611043390,49269179,7412919,660608956,1679463,78913707,0,0,0,0,8.19459e+11,0.113085270931936,0.0102694731080465,2.44140078573319e-05,0.247231113503869,0.00151820068203991,0.004210873155264,0.00377598850494239,0.000251384023645239,0.013680443257405,0.0146916401483214,0.000167318650723497,0.000820258394739029,0.00857027129339337,0.000262097366870274,3.94345225586694e-05,0.00351424300978347,8.93424325288738e-06,0.000419797431872617,0,0,0,0,0.0259412847610436,0.00235577386910144,5.60047055435354e-06,0.0567137759350987,0.000348268840783981,0.000965956562805461,0.000866195856046489,5.76664360266957e-05,0.00313823605207826,0.00337020035901735,3.83821936179846e-05,0.000188163820276548,0.00196598413099374,6.01240318307566e-05,9.04611335039337e-06,0.000806152542103998,2.04947776520851e-06,9.62997624042203e-05,0,0,0,0
MEX,2005,214207305610,28329488041,2916129483,70567927,63202276591,179655462,1184815218,870419842,64962083,2837201977,3214329631,85263253,305410948,2008651652,65831498,14268541,678253941,1069057,72518198,0,0,0,0,9.17572e+11,0.132252669722566,0.0136135855623398,0.000329437536217745,0.295051919032445,0.000838699041978954,0.00553116157558675,0.00406344610666428,0.000303267355027911,0.0132451223776914,0.0150056956360406,0.000398040826652458,0.00142577279112997,0.00937713887152422,0.000307326110155445,6.66108980707607e-05,0.00316634364578991,4.99075882101984e-06,0.000338542132321254,0,0,0,0,0.0308744033612621,0.00317809336270069,7.69072367073102e-05,0.0688799097956346,0.000195794403055019,0.00129125040650761,0.000948612034804898,7.07978044229772e-05,0.0030920755831695,0.00350308164481915,9.29226839964602e-05,0.000332846847985771,0.002189094318484,7.17453213480795e-05,1.55503230264219e-05,0.000739183345830082,1.16509331147855e-06,7.90327058803015e-05,0,0,0,0
MEX,2006,249960545529,34707138219,3539591993,122556750,77008827770,292042534,2007407930,1074399454,60098729,3044325680,3833085269,76476964,1037584610,4065019723,82699983,37238884,896667639,174978,79366601,0,0,0,0,1.020265e+12,0.138850465962731,0.0141606027683651,0.000490304378799578,0.30808393223428,0.00116835452323862,0.00803089913950882,0.00429827616084855,0.000240432860605305,0.0121792248194898,0.0153347611755604,0.000305956141350825,0.00415099354101714,0.0162626454282897,0.000330852146385659,0.000148979047558046,0.00358723668610321,7.00022476065925e-07,0.000317516513784341,0,0,0,0,0.0340177681474911,0.00346928689409124,0.000120122468182286,0.0754792409521056,0.00028624184305058,0.00196753581667508,0.00105305920912704,5.89050187941368e-05,0.00298385780164957,0.00375695066379813,7.49579413191671e-05,0.00101697559947661,0.00398427832278869,8.10573556870029e-05,3.64992271615708e-05,0.000878857589939869,1.71502501801003e-07,7.77901829426669e-05,0,0,0,0
MEX,2007,271821215424,37937176935,4028797426,359520601,84922828412,534446166,2357794165,1243766081,82126500,3667714868,3996768416,79841827,1567465935,5338297889,149299167,71325905,921761354,294661,90559140,0,0,0,0,1.102356e+12,0.139566651837031,0.0148214973570613,0.00132263627928822,0.312421634490646,0.00196616796509553,0.00867406232924902,0.00457567699070109,0.000302134253472067,0.0134931148118035,0.014703666193846,0.000293729195771047,0.00576653272834127,0.0196390038234251,0.000549255019580116,0.000262400066487608,0.00339105743663971,1.08402502556827e-06,0.000333156997546131,0,0,0,0,0.0344146327819688,0.00365471537869799,0.00032613838088603,0.0770375708137843,0.000484821750868141,0.00213886817416515,0.00112827986693954,7.45008871907079e-05,0.00332716007170098,0.0036256603275167,7.24283507324313e-05,0.00142192353014816,0.0048426260563738,0.000135436435235078,6.47031494362983e-05,0.000836173934736147,2.67301125952052e-07,8.21505393901789e-05,0,0,0,0
MEX,2008,291264808810,43341542868,6245143752,260340477,100012060708,654696444,2132331032,1306778712,85957449,4838000173,4451099282,180083087,2661466570,7846431440,589569583,23774016,1544637839,126212,114358101,0,0,0,0,1.161553e+12,0.148804598279749,0.0214414634487268,0.000893827435122199,0.343371590672461,0.00224777049680271,0.00732093602626391,0.00448656573837057,0.00029511786662862,0.0166103148291971,0.015281967293562,0.000618279591467822,0.00913761803519541,0.0269391673922353,0.00202417032599566,8.16233725493025e-05,0.00530320791348195,4.33323890090449e-07,0.000392625877005962,0,0,0,0,0.0373134440425878,0.00537654653037787,0.000224131380143653,0.0861020209219898,0.000563638890347664,0.00183575870580163,0.00112502719376559,7.40021755356837e-05,0.00416511357897573,0.00383202426578899,0.00015503647874871,0.00229130015591196,0.00675512132464037,0.000507570109155587,2.04674397121784e-05,0.00132980401152595,1.0865797772465e-07,9.84527619488736e-05,0,0,0,0
MEX,2009,229712337305,25693513265,4477257139,135864971,60808153347,577731688,1370419447,945708235,59406747,2186651915,3368655111,114181062,4003673710,10131128869,276340858,87914752,1128422704,99133,100759893,0,0,0,0,9.43437e+11,0.111850819883851,0.0194907125647994,0.000591457004852141,0.264714355617139,0.00251502246147501,0.00596580690039486,0.00411692400197181,0.000258613654351193,0.009519087832434,0.0146646677776269,0.00049706107795332,0.0174290756733894,0.0441035470182362,0.00120298657547979,0.000382716718794565,0.00491232955634307,4.31552789732736e-07,0.000438635095450778,0,0,0,0,0.0272339470097102,0.00474568745872803,0.000144010645119918,0.0644538568521269,0.000612369122686518,0.00145258183323317,0.00100240740505195,6.29684303244414e-05,0.00231775085670797,0.00357062009545947,0.000121026694946244,0.00424371071942271,0.0107385324817661,0.000292908649968148,9.31856096379514e-05,0.00119607637181921,1.05076438596324e-07,0.000106800870646371,0,0,0,0
MEX,2010,298305075136,35907426385,4752365896,183321198,81914516714,1369697120,2049997186,1166416625,27375049,3587669145,3704382264,225242911,5753285176,14912130078,88084154,155741681,1029261133,147192,106322900,0,0,0,0,1.105424e+12,0.120371490054702,0.0159312270963991,0.000614542672183577,0.274599809194176,0.00459159844791626,0.00687214987899682,0.0039101467665886,9.17686331267393e-05,0.0120268458167007,0.0124181000350435,0.000755075691881238,0.0192865816090357,0.0499895285764127,0.00029528211667147,0.000522088606534756,0.00345036413654964,4.93427743168278e-07,0.000356423369436562,0,0,0,0,0.0324829444493697,0.00429913399383404,0.000165837902922318,0.0741023505134681,0.00123906946112985,0.00185448948638712,0.00105517577418258,2.47642976812517e-05,0.00324551406971443,0.00335109628884482,0.000203761553033044,0.00520459586185934,0.013489964102462,7.96835910926486e-05,0.000140888637301162,0.000931100765859978,1.33154337159316e-07,9.6182912619954e-05,0,0,0,0
MEX,2011,349326581717,49380593928,5957909006,81573885,111121060473,2341988256,2941364464,1343763486,34895771,4266809918,4544979360,316100487,7721008673,20928044969,298502299,41951381,1314487809,130987,123774204,0,0,0,0,1.229014e+12,0.14135939408128,0.0170554126648933,0.000233517542807794,0.318100786738933,0.00670429442983905,0.0084200991792342,0.00384672554660791,9.98944049103888e-05,0.0122143865978589,0.0130106885587139,0.000904885295147916,0.022102551243166,0.0599096835578188,0.000854507829128863,0.000120092152145427,0.00376291950798324,3.7497003336012e-07,0.000354322317504808,0,0,0,0,0.0401790328897799,0.00484771451423662,6.6373438382313e-05,0.0904148044473049,0.00190558305763807,0.0023932717316483,0.00109336711054553,2.83933063415063e-05,0.00347173418529,0.00369806963956472,0.000257198442816762,0.00628227886175422,0.0170283210516723,0.000242879494456532,3.41341766651967e-05,0.00106954665203163,1.0657893237994e-07,0.000100710166035537,0,0,0,0
MEX,2012,370706658359,46852354811,4982028591,4037259,104002848250,2725928466,2793544148,1284963249,24939288,3326377515,5352885856,212386493,7974076269,21128217759,141123707,233143754,1563321312,19948,138978187,0,0,0,0,1.25511e+12,0.126386601790214,0.013439274635783,1.0890710778899e-05,0.280552954485326,0.00735333019931936,0.00753572692858048,0.00346625349187987,6.72749934150044e-05,0.00897307194244854,0.0144396809048306,0.000572923329567824,0.021510474897588,0.0569944382777689,0.000380688352415113,0.000628917093186437,0.00421713847525783,5.38107410541354e-08,0.000374900703470534,0,0,0,0,0.0373292817450263,0.00396939598202548,3.21665750412314e-06,0.0828635324792249,0.00217186419198317,0.00222573650755711,0.00102378536462939,1.98702010182374e-05,0.00265026771757057,0.00426487388037702,0.000169217433531722,0.00635328877070536,0.016833757805292,0.000112439313685653,0.000185755634167523,0.00124556517914764,1.58934276676945e-08,0.00011072988582674,0,0,0,0
MEX,2013,379949273136,42711655472,5691443573,6915444,97089886244,2972833130,2213822534,1083710143,35945008,3693440790,5731130193,377057341,5816271418,15567608165,246728427,260576645,1557564912,322888,164220492,0,0,0,0,1.327436e+12,0.112414099701967,0.0149794827241656,1.82009665209299e-05,0.255533812297221,0.00782428955703225,0.00582662658024767,0.00285224954914467,9.46047552698798e-05,0.00972087868339719,0.0150839351413855,0.000992388636219433,0.0153080209102495,0.0409728594464969,0.00064937202001617,0.000685819564409927,0.00409940226795086,8.49818706942031e-07,0.000432216886861153,0,0,0,0,0.0321760563010194,0.00428754649791026,5.20962517213636e-06,0.0731409169587084,0.00223953028997255,0.00166774332924525,0.000816393515770252,2.70785243130366e-05,0.00278238709060173,0.00431744369822726,0.000284049356051817,0.00438158330646449,0.0117275771976954,0.000185868416255096,0.00019630072184271,0.0011733634706306,2.43241858741212e-07,0.000123712549606911,0,0,0,0
MEX,2014,396890473226,35638354862,5470363809,12574105,82694162083,2341282796,2162785833,1215473271,63834206,3522615706,6109355423,80545481,3439635835,11264075217,379492688,46239252,1814699008,243753,175211073,0,0,0,0,1.364508e+12,0.0897939287187339,0.0137830564803833,3.16815490626301e-05,0.208355119766031,0.00589906524328895,0.00544932665029844,0.00306249041736983,0.000160835823246508,0.00887553605751108,0.0153930513205369,0.000202941331257743,0.00866646106932726,0.0283808153051483,0.000956164769880749,0.000116503809285617,0.00457229167848194,6.14156842865816e-07,0.000441459507898619,0,0,0,0,0.0261180988766647,0.00400903754979817,9.21512002861104e-06,0.0606036476759389,0.00171584394961407,0.00158502979315621,0.000890777680306748,4.67818481093552e-05,0.00258160135814521,0.00447733206620995,5.90289547587849e-05,0.00252078832443635,0.00825504520090758,0.000278116865566197,3.38871241502432e-05,0.00132992918180033,1.7863801458108e-07,0.000128406043057278,0,0,0,0
MEX,2015,380556088682,18451133808,3824024418,2049621,44785967199,1867967766,1942018402,1208358265,72886326,2229164632,5723508524,0,2872369467,9927190047,224337230,258112320,1942647665,0,149106317,0,0,0,0,1.213294e+12,0.0484846632513562,0.0100485172402416,5.38585785632431e-06,0.117685588356002,0.00490852155977699,0.00510310690002595,0.0031752435473703,0.00019152584380513,0.00585765068092954,0.0150398553438536,0,0.0075478216021928,0.0260860102945176,0.000589498464672997,0.000678250401652839,0.0051047604355197,0,0.000391811670958696,0,0,0,0,0.0152074714026444,0.00315177064915841,1.68930284003712e-06,0.0369127080485027,0.00153958378266109,0.00160061650515044,0.000995931954662267,6.00730952267134e-05,0.0018372831580804,0.00471733027938818,0,0.00236741421864775,0.00818201527989094,0.000184899315417368,0.000212736830479669,0.00160113514531515,0,0.000122893805623369,0,0,0,0
MEX,2016,373953613840,15582026364,2322053483,1690630,36029608259,2647119000,1895085521,2044660942,79444638,2009770376,5356620902,196,3239243110,10710929939,290436109,452592982,2296221336,45176,138327748,0,0,0,0,1.112233e+12,0.0416683401023822,0.00620946929528408,4.52096179159631e-06,0.0963478007045431,0.00707873624436371,0.00506770211829222,0.00546768600790907,0.000212445167153783,0.00537438415252193,0.0143242923821346,5.24129177379365e-10,0.00866215217640855,0.0286424025402861,0.000776663463731804,0.00121029177215987,0.00614039081591136,1.20806427129032e-07,0.000369906167183572,0,0,0,0,0.0140096781555663,0.00208774014347713,1.52003222346397e-06,0.0323939392726164,0.00238000400995115,0.00170385658490622,0.00183833867723759,7.14280532945885e-05,0.00180696884196027,0.00481609599966913,1.76222068577357e-10,0.00291237817076098,0.00963011341958025,0.000261128836313974,0.000406922813834871,0.00206451466194583,4.06173886227077e-08,0.000124369397419426,0,0,0,0
MEX,2017,409396272990,20047210169,2382647413,2481144,45166931374,3137886666,2183292388,1364364830,87372422,2546488646,5869457363,1958787,3221237216,10157833938,99953529,454698098,1917467787,316760,159482005,0,0,0,0,1.190721e+12,0.0489677397954467,0.00581990499229142,6.06049484007053e-06,0.110325702391295,0.00766466837395134,0.00533295618949938,0.00333262640628222,0.000213417726941872,0.00622010705520566,0.0143368607636137,4.7845745778146e-06,0.00786826219123564,0.0248117401358173,0.000244148605139943,0.00111065519644119,0.00468364739374859,7.73724679236973e-07,0.000389554120351984,0,0,0,0,0.0168361943469545,0.00200101233874266,2.08373246125667e-06,0.0379324219309141,0.00263528287986858,0.00183358854677124,0.00114583082854842,7.33777450805017e-05,0.00213861067874002,0.0049293305173924,1.64504279339997e-06,0.00270528294705477,0.00853082622881431,8.39437021770843e-05,0.000381867875010183,0.00161034179039422,2.66023694887383e-07,0.00013393734132513,0,0,0,0
MEX,2018,450683646625,26540283874,2893794764,28125479,59225724808,4636191570,2308829097,1686105347,185583301,3537020258,6740928019,0,3201011359,9911725077,130513777,254930090,1722188634,147696,196380943,0,0,0,0,1.2563e+12,0.0588889436587065,0.00642090030483808,6.24062559416591e-05,0.131413077114111,0.0102870197414943,0.005122948467933,0.00374121705907593,0.000411781750657614,0.00784812203524005,0.0149571169699195,0,0.00710256824930562,0.0219926441778511,0.000289590665153636,0.000565651964319263,0.00382128050772825,3.27715463176975e-07,0.000435740112761186,0,0,0,0,0.0211257533025551,0.00230342654143119,2.23875499482608e-05,0.0471429792310754,0.00369035387248269,0.00183780076176073,0.00134211999283611,0.000147722121308605,0.00281542645705644,0.0053656992907745,0,0.00254796733184749,0.00788961639496935,0.000103887428958051,0.000202921348404044,0.00137084186420441,1.17564276048714e-07,0.000156316917137626,0,0,0,0
MEX,2019,460603695808,22361179935,1896967315,15368002,49235823469,4678537224,2204652675,1558703281,221953643,3033733157,6854933712,15857671,3268151039,10446519436,186216711,233246989,1708141495,1533167,189704047,0,0,0,0,1.304106e+12,0.0485475477911083,0.00411843702572187,3.33649124830428e-05,0.106894112915507,0.0101574027012372,0.004786441565851,0.00338404423409085,0.000481875514721272,0.00658642816940096,0.0148824982829869,3.44280151121718e-05,0.00709536434193596,0.0226800599540881,0.000404288356117801,0.000506394089154742,0.00370848412756121,3.32860333938591e-06,0.000411859584989255,0,0,0,0,0.017146750291004,0.00145461129310041,1.17843196795353e-05,0.0377544643372548,0.00358754366899623,0.00169054714494067,0.00119522744393477,0.000170196013974324,0.00232629338182632,0.00525642372015772,1.21598021939934e-05,0.00250604708436277,0.00801048337788493,0.000142792618851535,0.000178855851441524,0.00130981798642135,1.17564599810138e-06,0.000145466738900059,0,0,0,0
MEX,2020,416982170486,14683690556,1154604178,10347444,32481137477,5757253552,2039238824,1701586603,164975991,2896473547,6164167750,49292938,3488850587,11562379151,82113809,218780051,1632140282,4662427,207156689,0,0,0,0,1.121065e+12,0.0352141928248057,0.00276895335034179,2.48150753974442e-05,0.0778957465714725,0.0138069537728431,0.00489047006883587,0.00408071789020804,0.000395642794049725,0.00694627672838891,0.0147828089215794,0.000118213538824809,0.00836690591094982,0.0277287135263454,0.000196924028920217,0.000524674833806462,0.00391417282925482,1.11813581730985e-05,0.000496799872182917,0,0,0,0,0.0130979832177438,0.00102991724654681,9.23001253272558e-06,0.0289734649436027,0.0051355216263107,0.00181901925758096,0.00151783045853719,0.000147160058515786,0.00258368029240053,0.00549849272789713,4.39697412728076e-05,0.00311208590670479,0.0103137455464224,7.32462515554406e-05,0.000195153760932685,0.00145588371949887,4.1589265564441e-06,0.000184785618139894,0,0,0,0
MEX,2021,494460765005,24130558561,3182186143,16583593,55156225536,6841897026,2942144916,2477621721,169909364,6115604232,8101296404,40107078,3413974349,12698021343,106155936,60925398,1084643027,299911,226362399,0,0,0,0,1.316569e+12,0.0488017660223375,0.00643566965918483,3.3538743968558e-05,0.111548234844158,0.0138370878140975,0.00595020904433186,0.00501075494023261,0.000343625573604979,0.0123682295236067,0.0163841036081358,8.1112761291777e-05,0.00690443932182461,0.0256805438200372,0.000214690312180637,0.00012321583897437,0.00219358764893921,6.06541552385794e-07,0.000457796482593945,0,0,0,0,0.0183283660491778,0.00241702952370897,1.25960682653169e-05,0.0418939117782661,0.00519676296950635,0.00223470620681483,0.00188187760838969,0.000129054659497527,0.00464510726896957,0.0061533397824193,3.04633315838365e-05,0.00259308425840195,0.0096447822658744,8.06307424829234e-05,4.6275886793628e-05,0.000823840624380492,2.27797403706148e-07,0.000171933562919984,0,0,0,0
MEX,2022,577730713416,31625265580,5659237053,561648,74979556712,6275175322,3046961760,3149257611,243677813,6973450161,10067592673,31858679,3098803598,11431766256,36256220,46977293,1129194854,1264244,266999689,0,0,0,0,1.466935e+12,0.0547404956073851,0.00979563128907951,9.72162266878792e-07,0.129782881489304,0.0108617651377684,0.00527401727005988,0.00545108220468166,0.000421784418486572,0.0120704161974832,0.0174260991136726,5.51445132830594e-05,0.0053637508376133,0.0197873611191733,6.27562619712991e-05,8.13134768657757e-05,0.00195453492047066,2.18829286835867e-06,0.000462152492155536,0,0,0,0,0.0215587368083794,0.0038578649040346,3.82871770051161e-07,0.0511130736617505,0.00427774599556218,0.00207709391349992,0.00214682832640846,0.000166113572176,0.0047537553886164,0.00686301211232945,2.17178532109466e-05,0.00211243415556927,0.00779296032612215,2.47156281634837e-05,3.20241135428632e-05,0.000769764750312727,8.61826870311227e-07,0.000182011942587777,0,0,0,0
MEX,2023,593707208904,27579902888,4551927840,18518530,64717166190,8370290504,2403894376,2623324033,326822637,4297670407,9833120270,28227272,3531978516,11960633569,249647574,117767912,1925432302,2298038,235372550,0,0,0,0,1.798318e+12,0.0464537106411648,0.0076669573347492,3.11913510940615e-05,0.109005188448814,0.0140983474319805,0.00404895601728949,0.00441854839162679,0.000550477797976083,0.00723870342577382,0.0165622382927642,4.7544095097158e-05,0.00594902413686391,0.0201456768414176,0.000420489376338981,0.000198360252720197,0.00324306707603299,3.87065874480831e-06,0.000396445497831337,0,0,0,0,0.0153364993777519,0.00253121407893376,1.02976948459616e-05,0.0359876096385623,0.0046545107728444,0.00133674599041994,0.00145876537575668,0.000181737955689706,0.00238982783189625,0.00546795409376985,1.56964852712368e-05,0.0019640455781458,0.00665101142790096,0.00013882281887853,6.54878125003476e-05,0.00107068510797312,1.27788188740812e-06,0.000130884832382259,0,0,0,0
MEX,2024,618982287354,21707462281,5380341215,22602494,54654078497,7437779804,2455154479,2694764742,369816331,3543140398,9847195965,170196,3677031558,12977093051,0,33635876,1226251417,740152,224426134,0,0,0,0,1.856366e+12,0.0350696017066888,0.00869223776660825,3.6515574777786e-05,0.088296676033547,0.0120161432014391,0.0039664373749614,0.00435354096079141,0.000597458664901181,0.0057241385906955,0.0159086878028358,2.74961018234539e-07,0.00594044713899395,0.0209652090473767,0,5.43406114959852e-05,0.00198107674816016,1.19575634896432e-06,0.000362572788567776,0,0,0,0,0.0116935250273922,0.00289831919729191,1.21756668674173e-05,0.0294414347693289,0.00400663436197388,0.00132255949473326,0.00145163439860459,0.000199215203790632,0.00190864322983722,0.00530455522510108,9.16823514328532e-08,0.00198076864045129,0.00699058970644797,0,1.8119204941267e-05,0.000660565544186868,3.98710168145721e-07,0.000120895412865782,0,0,0,0
NGA,2000,27080017684,26905448983,0,75735578,53962369122,0,1076,2223464,1958,94187,6172851,0,0,0,0,197253,394506,0,27839038,0,0,0,0,9.551e+10,0.993553597230361,0,0.00279673295947468,1.99270066037967,0,3.97340951751204e-08,8.21071841955892e-05,7.23042363874403e-08,3.47809964893965e-06,0.000227948558676429,0,0,0,0,7.28407943826954e-06,1.45681588765391e-05,0,0.00102802879691059,0,0,0,0,0.28170295239242,0,0.000792959669144592,0.564991824123128,0,1.12658360381112e-08,2.3279907863051e-05,2.05004711548529e-08,9.86148047324887e-07,6.46304156632813e-05,0,0,0,0,2.06526018217988e-06,4.13052036435975e-06,0,0.00029147773008062,0,0,0,0
NGA,2001,18046400025,17732469241,2079886,249858421,35968844767,0,13561,360609,70151,0,1246270,1348509,0,0,187016,335,374702,0,418788,0,0,0,0,1.0298e+11,0.982604243308078,0.000115252127688553,0.0138453331774685,1.9931313013771,0,7.51451812062999e-07,1.99823233165862e-05,3.88725728692806e-06,0,6.90592028478544e-05,7.47245432957203e-05,0,0,1.03630640870713e-05,1.85632591284643e-08,2.07632546923995e-05,0,2.32061795937054e-05,0,0,0,0,0.172193331141969,2.01969897067392e-05,0.00242628103515246,0.349279906457565,0,1.31685764226063e-07,3.50173820159254e-06,6.81209943678384e-07,0,1.21020586521655e-05,1.30948630802098e-05,0,0,1.81604194989318e-06,3.25305884637794e-09,3.63859001747912e-06,0,4.06669256166246e-06,0,0,0,0
NGA,2002,18607402039,16598258162,17624022,649133179,34762944261,0,411554,980124,157463,58854,5556923,0,0,0,0,0,0,0,6412947,0,0,0,0,1.32347e+11,0.892024481827772,0.000947151137115278,0.0348857501783138,1.86823201799687,0,2.21177571773538e-05,5.26738766618639e-05,8.46238500516982e-06,3.16293482973311e-06,0.00029864045439299,0,0,0,0,0,0,0,0.000344644942187998,0,0,0,0,0.125414691394592,0.000133165254973668,0.00490478196710163,0.262665147385283,0,3.10965870023499e-06,7.40571376759579e-06,1.18977385207069e-06,4.44694628514436e-07,4.19875252177987e-05,0,0,0,0,0,0,0,4.84555524492433e-05,0,0,0,0
NGA,2003,24077148067,23210023057,2722533,357958296,47141432026,0,255737,0,398631,252680,6145530,0,0,0,0,0,465206,0,505695,0,0,0,0,1.44955e+11,0.963985559768664,0.000113075393830862,0.0148671385416538,1.95793255475352,0,1.06215652820822e-05,0,1.65564043918624e-05,1.04945984174231e-05,0.000255243269796684,0,0,0,0,0,1.93214743999356e-05,0,2.10031104428478e-05,0,0,0,0,0.160118816577559,1.87819185264392e-05,0.00246944428270843,0.32521425287848,0,1.76425097444034e-06,0,2.75003276879031e-06,1.74316167086337e-06,4.23961229347039e-05,0,0,0,0,0,3.20931323514194e-06,0,3.48863440378048e-06,0,0,0,0
NGA,2006,59215233334,54915839438,3256528583,0,116344736145,0,285424,1553956,0,9731894,1508258,1462837,0,121,0,0,501,0,3108370,0,0,0,0,3.13737e+11,0.927393786126797,0.0549947775200301,0,1.96477712903307,0,4.82011104119244e-06,2.624250404005e-05,0,0.000164347811400283,2.54707769450601e-05,2.47037277004205e-05,0,2.04339311334816e-09,0,0,8.46066074204486e-09,0,5.24927425763473e-05,0,0,0,0,0.175037816508732,0.0103798040492514,0,0.370835241444267,0,9.09755623340569e-07,4.95305303486678e-06,0,3.10192741053813e-05,4.80739600365912e-06,4.66262187755987e-06,0,3.8567335060895e-10,0,0,1.59687891450482e-09,0,9.90756589117637e-06,0,0,0,0
NGA,2007,53963110729,50149245693,53814657,339655278,101736716590,2449336,44613240,119168245,6495,24750052,6565014,418602,0,45806,1697194,0,3425689,66929,122828569,0,0,0,0,3.75055e+11,0.929324588881597,0.000997248977551618,0.00629421235009471,1.88530118474668,4.53890809279035e-05,0.000826735883037681,0.00220832793718021,1.20359999863936e-07,0.000458647614372965,0.000121657441746996,7.75718809284732e-06,0,8.48839130680131e-07,3.14510037889258e-05,0,6.34820519744245e-05,1.24027319952169e-06,0.00227615805205965,0,0,0,0,0.133711710797083,0.000143484707576222,0.000905614584527603,0.271258126381464,6.53060484462279e-06,0.000118951193824906,0.000317735385476797,1.73174601058511e-08,6.5990460065857e-05,1.75041367266134e-05,1.1161083041154e-06,0,1.2213142072496e-07,4.52518697257736e-06,0,9.13383103811441e-06,1.78451160496461e-07,0.000327494818093346,0,0,0,0
NGA,2008,81820518366,74832133207,7936165,224573042,150330698802,2508402,107031504,122069341,259119,3904918,24709834,93677,0,209866,410915,0,1109632,154,154953685,0,0,0,0,4.72283e+11,0.914588842767538,9.69948022634115e-05,0.00274470324173991,1.83732273767247,3.06573711593882e-05,0.00130812546947241,0.00149191600637335,3.16691955972348e-06,4.77254126224488e-05,0.000302000457751537,1.14490841503794e-06,0,2.56495563938163e-06,5.02215102282648e-06,0,1.35617815941521e-05,1.8821684716189e-09,0.00189382428875432,0,0,0,0,0.158447653646225,1.68038337183426e-05,0.000475505241560675,0.318306394263609,5.31122653154994e-06,0.000226625781575877,0.000258466514780333,5.4865197349894e-07,8.26817395502273e-06,5.23199734057758e-05,1.98349294808409e-07,0,4.44364925267266e-07,8.70060959213014e-07,0,2.34950654586339e-06,3.26075679200818e-10,0.000328094987539251,0,0,0,0
NGA,2009,49937459606,42212038172,14993041,2895546788,90247947791,122102,14934631,63412476,0,266916,59846457,1335,0,18711,0,0,750,0,195097998,0,0,0,0,4.25922e+11,0.845298068925561,0.000300236358002452,0.0579834619310931,1.80721944013661,2.44509834828141e-06,0.000299066694978725,0.00126983784318057,0,5.34500557509197e-06,0.00119842814336534,2.67334383954045e-08,0,3.74688663532894e-07,0,0,1.50187856153958e-08,0,0.00390684667460655,0,0,0,0,0.0991074379158625,3.52013772474772e-05,0.00679830294748804,0.211888439176657,2.86676903282761e-07,3.50642394616855e-05,0.000148882837702678,0,6.26678124163579e-07,0.000140510368095567,3.13437671686365e-09,0,4.39305788383789e-08,0,0,1.76088579599082e-09,0,0.000458060391339259,0,0,0,0
NGA,2010,86567912529,60904645725,9804982367,4716788488,151371713149,2039040,25086045,330295114,0,33931630,103401094,3327,0,60240,83616,0,559444,943358,649207100,0,0,0,0,5.26809e+11,0.703547584153622,0.113263472348549,0.0544865684085878,1.74858915649942,2.35542239662638e-05,0.000289784566441939,0.00381544505753621,0,0.000391965440874331,0.00119445058774359,3.84322539703781e-08,0,6.95869846460948e-07,9.65900615565714e-07,0,6.46248689215635e-06,1.08973171749287e-05,0.00749939649731669,0,0,0,0,0.115610488288924,0.0186120251685146,0.00895350779504526,0.287336991488376,3.87054890861773e-06,4.76188618645467e-05,0.000626973180032991,0,6.44097386339262e-05,0.000196278146349056,6.31538185566306e-09,0,1.1434884369857e-07,1.58721661930605e-07,0,1.06194844810928e-06,1.79070213303114e-06,0.00123233866543662,0,0,0,0
NGA,2011,125641031180,90118895358,15176217625,6677787916,223989061290,4800298,43310142,178885967,10552949,39815086,47895014,358,0,128,578782,115193,3954141,0,392521303,0,0,0,0,5.91367e+11,0.717272808983006,0.120790298220792,0.0531497382127742,1.78277000106041,3.8206451785029e-05,0.000344713359905106,0.00142378620519055,8.39928556848701e-05,0.000316895568478412,0.000381205196663684,2.84938762948475e-09,0,1.01877546529064e-09,4.6066320418113e-06,9.16842204478316e-07,3.14717331023421e-05,0,0.00312414900859619,0,0,0,0,0.152390808682257,0.025662943020155,0.0112921213324382,0.378764897753848,8.11729095468635e-06,7.32373331619789e-05,0.000302495687111388,1.78450082605218e-05,6.7327202904457e-05,8.09903393324281e-05,6.05377033212878e-10,0,2.16447654333096e-10,9.78718798986078e-07,1.9479105191869e-07,6.68644175275252e-06,0,0.000663752463360316,0,0,0,0
NGA,2012,143151182808,99054529628,12279087775,8968516900,240606368918,608680,126750090,239399271,58070784,20066497,12925158,562,0,700223,30943,9210,82124,0,505061939,0,0,0,0,6.57854e+11,0.691957465422104,0.0857770612448882,0.0626506657093356,1.68078505673761,4.25200817806993e-06,0.000885428171208353,0.00167235272740353,0.000405660525193751,0.000140176955623999,9.02902633877341e-05,3.92591936005011e-09,0,4.89149293959496e-06,2.1615609031678e-07,6.43375752776896e-08,5.73687191325188e-07,0,0.003528171609154,0,0,0,0,0.150572208465708,0.0186653691776595,0.0136329898427311,0.365744327644128,9.25250891535204e-07,0.000192672067054392,0.000363909425191608,8.82730575477234e-05,3.05029641835422e-05,1.96474567305208e-05,8.54292897816233e-10,0,1.06440486794942e-06,4.70362724859923e-08,1.40000668841415e-08,1.24836209858114e-07,0,0.000767741685845188,0,0,0,0
NGA,2013,90554484841,74953784338,2426067629,1963659904,158697706052,1044086,120992123,235698070,6495522,30428475,14018519,693237,0,379267,195730733,6088516,408935008,527769,890972968,0,0,0,0,7.3489e+11,0.827720288725705,0.0267912476478642,0.0216848442950991,1.75251072689165,1.15299203770333e-05,0.00133612513187441,0.00260283154847438,7.17305389280846e-05,0.000336023942419062,0.00015480756170845,7.65546843115744e-06,0,4.18827406136687e-06,0.00216146923417072,6.72359409993941e-05,0.00451590010939854,5.82819283800999e-06,0.00983908162654135,0,0,0,0,0.101993202163589,0.00330126635142674,0.00267204602593585,0.215947565012451,1.4207377974935e-06,0.000164639773299405,0.00032072564601505,8.83876770673162e-06,4.14054824531563e-05,1.90756698281375e-05,9.43320769094695e-07,0,5.16086761284002e-07,0.000266340177441522,8.28493516036414e-06,0.000556457439888963,7.18160541033352e-07,0.00121238956578536,0,0,0,0
NGA,2014,102878499711,75033422632,6257071205,12178825620,186938932879,11958298,51541659,149108095,47608902,4758144,98033877,184365,0,733026,0,0,39302,0,558865164,0,0,0,0,8.11134e+11,0.729340171588615,0.0608200082872221,0.118380668985376,1.81708455512218,0.000116237095540784,0.000500995437771621,0.00144936109506715,0.000462768237617578,4.62501301376506e-05,0.000952909279153475,1.7920654025662e-06,0,7.12516222591865e-06,0,0,3.8202345592524e-07,0,0.005432283378645,0,0,0,0,0.0925043490126169,0.00771397969386069,0.0150145667916768,0.230466153408685,1.47426910966622e-05,6.35427179726161e-05,0.000183826710506525,5.86942502718417e-05,5.86603939669648e-06,0.000120860273395025,2.27292901049642e-07,0,9.03705183114011e-07,0,0,4.84531532397853e-08,0,0.000688992403228073,0,0,0,0
NGA,2015,48433351369.653,34380007803.54,718280139.24,7461674202.18,85119945578.6,4048025.36,15067588.64,65391459.785,6066514.71,2314102.02,53559730.801,0.99,0,85719.48,1,0,12673.96,0,352727847.585,0,0,0,0,6.96088e+11,0.709841603591396,0.0148302795269719,0.154060662563509,1.75746553090963,8.35792949594725e-05,0.000311099443129615,0.00135013287199391,0.000125254902633087,4.7779101684257e-05,0.00110584399564303,2.04404603853267e-11,0,1.76984407595031e-06,2.06469296821482e-11,0,2.61678360914359e-07,0,0.00728274706602297,0,0,0,0,0.049390318183247,0.00103188122656905,0.0107194409358874,0.122283311274724,5.81539311121582e-06,2.16460973899852e-05,9.39413691731505e-05,8.71515485111078e-06,3.32443889278367e-06,7.69439076682833e-05,1.42223397041753e-12,0,1.23144602406592e-07,1.43659997011872e-12,0,1.82074105572859e-08,0,0.000506728815300652,0,0,0,0
NGA,2016,32883045467,26979833380,33464252,4540657026,63280087211,0,1532616,31638484,0,6010379,8354960,0,0,21602,0,0,13539,0,116168012,0,0,0,0,5.70351e+11,0.820478547434902,0.00101767496059887,0.13808505147605,1.92439861674324,0,4.66080917455796e-05,0.000962151879507359,0,0.00018278048503846,0.000254081088942467,0,0,6.56934286140827e-07,0,0,4.11731936860506e-07,0,0.00353276317172572,0,0,0,0,0.0473039117666139,5.8673083767715e-05,0.00796116255779336,0.110949375403918,0,2.68714528421972e-06,5.54719532358144e-05,0,1.05380353501616e-05,1.46488039821093e-05,0,0,3.78749226353596e-08,0,0,2.37380139598247e-08,0,0.000203678106990257,0,0,0,0
NGA,2017,44466366757.115,36057296059.213,180149695.347,6169078786.402,85108349465.972,112570.614,2203791.029,33329528.772,0,19200801.742,2288368.537,2995.845,0,390.004,0,29993.608,65105.413,27881305.277,225220901.889,0,0,0,0,5.29144e+11,0.81088918858979,0.0040513697989093,0.138735840958153,1.91399378165642,2.53159010302967e-06,4.95608521613108e-05,0.000749544682929756,0,0.000431805050475092,5.14629078984476e-05,6.73732804922867e-08,0,8.77076380290495e-09,0,6.74523469925745e-07,1.46414959773125e-06,0.000627020089797167,0.00506497198476336,0,0,0,0,0.0681426909484243,0.000340454952426939,0.0116586010356387,0.160841565747645,2.12740981660947e-07,4.16482286296358e-06,6.29876343150447e-05,0,3.62865339907473e-05,4.3246612207641e-06,5.66168188621623e-09,0,7.37047004218133e-10,0,5.66832620231922e-08,1.23039121675763e-07,5.2691337853212e-05,0.000425632534601167,0,0,0,0
NGA,2018,62399696340.418,51371204851.773,184573959.805,6949661740.378,117232158896.105,294869.378,14454024.238,87489039.473,0,35681803.502,145134.657,0,63250.052,126500.104,187938.777,61288.805,1147082.569,19711154.766,343400637.147,0,0,0,0,5.93897e+11,0.823260494274208,0.00295793041680952,0.111373326281341,1.87872963766605,4.72549379713896e-06,0.000231636131034146,0.00140207476324418,0,0.000571826556772648,2.32588723201834e-06,0,1.01362756086092e-06,2.02725512172184e-06,3.01185403170411e-06,9.82197167525342e-07,1.83828229346206e-05,0.000315885427686489,0.00550324211953849,0,0,0,0,0.0864985087511353,0.000310784462297334,0.0117017963390588,0.197394765247349,4.96499187569562e-07,2.43375942932865e-05,0.000147313489499021,0,6.00807943161861e-05,2.44376814498137e-07,0,1.06500036201564e-07,2.13000072403127e-07,3.16450120138677e-07,1.03197700948144e-07,1.93145035081841e-06,3.31895173169758e-05,0.000578215813764003,0,0,0,0
NGA,2019,53617812190.3,41039870940.98,111546618.35,5430220299.4,93250202679.26,360116.04,36219396.42,56229228.88,0,6226644.64,220776.57,19288.22,0,520047.16,73467.17,0,1020162.19,45864.08,300105227.13,0,0,0,0,6.68219e+11,0.765414873611806,0.00208040227292564,0.101276424336881,1.73916463335537,6.71635087835883e-06,0.000675510524216287,0.00104870427537087,0,0.000116130151262055,4.11759751062616e-06,3.59735304595092e-07,0,9.69914919605917e-06,1.37020081571495e-06,0,1.90265538321341e-05,8.55388874078254e-07,0.00559711810069513,0,0,0,0,0.0614167973987271,0.000166931228160229,0.00812640810782094,0.139550361003294,5.3891918667383e-07,5.42028832164305e-05,8.41479049233859e-05,0,9.31826936977248e-06,3.30395529010699e-07,2.88651175737296e-08,0,7.78258564931557e-07,1.09944748652762e-07,0,1.52668839108137e-06,6.86363003745778e-08,0.000449112083209247,0,0,0,0
NGA,2020,34900471091.314,26322067330.493,86758919.156,4496780676.833,61862401405.522,17112.058,17967525.569,45125184.901,0,251690.13,341423.582,81870.074,2066218.455,4245309.232,0,0,0,14250860.779,373180466.309,0,0,0,0,5.98725e+11,0.754203783141598,0.00248589536023749,0.128845844661167,1.77253771857877,4.90310229773914e-07,0.000514821863635868,0.00129296778782538,0,7.21165423072585e-06,9.78277860796478e-06,2.34581572798242e-06,5.92031680487613e-05,0.000121640456396492,0,0,0,0.000408328607992536,0.0106927057039604,0,0,0,0,0.043963534728787,0.000144906124107061,0.00751059447464696,0.103323564917987,2.8580830932398e-08,3.00096464470333e-05,7.53688002020961e-05,0,4.20376850807967e-07,5.70251086892981e-07,1.36740697315128e-07,3.45103086558938e-06,7.09058287527663e-06,0,0,0,2.3802013911228e-05,0.000623291939219174,0,0,0,0
NGA,2021,47231712930.364,35998144403.308,56237998.866,5828892495.181,83988962880.379,4046776.37,73848458.926,188960858.94,10154.72,12494793.27,965315.966,98051.314,8290482.56,17185324.59,6363.483,168790.987,4158403.771,9393865.204,333256595.579,0,0,0,0,6.09479e+11,0.762160467404216,0.00119068302580756,0.123410567467134,1.77823241355248,8.56792209921829e-05,0.00156353547953847,0.00400072000815626,2.14997919194072e-07,0.000264542454524605,2.04378775638142e-05,2.07596354052545e-06,0.00017552788255262,0.00036385139398474,1.34729032787398e-07,3.57367913479777e-06,8.80426203709981e-05,0.000198888937562985,0.00705578042596796,0,0,0,0,0.0590637977736854,9.22722503416853e-05,0.00956372983348237,0.137804523011259,6.63973060597658e-06,0.000121166535559059,0.000310036701740339,1.6661312366792e-08,2.05007773360526e-05,1.58383794355507e-06,1.60877264023863e-07,1.36025729516521e-05,2.81967460568781e-05,1.04408568629928e-08,2.76943072689953e-07,6.8228827752884e-06,1.54129431924644e-05,0.000546789299678906,0,0,0,0
NGA,2022,63416711381.605,49932928897.913,35624941.362,7396726216.028,114901408650.557,1285142.4,149588806.073,281935619.881,0,24356350.548,3898823.424,1453926.674,150035854.851,301000527.936,65773.105,5115.686,2898954.607,39745282.982,438420749.746,0,0,0,0,6.45682e+11,0.787378087101452,0.000561759520256889,0.116636862033397,1.81184747911551,2.02650432670146e-05,0.00235882313689938,0.00444576222479395,0,0.000384068331790931,6.14794324565199e-05,2.29265542524133e-05,0.00236587252133229,0.00474639131198011,1.03715729761223e-06,8.0667790690324e-08,4.57127868008761e-05,0.000626732009845732,0.00691333152089578,0,0,0,0,0.0773336238239768,5.51741280723328e-05,0.0114556797557126,0.177953557092434,1.99036429697591e-06,0.000231675663984748,0.000436647792382318,0,3.77218980055197e-05,6.03830279301576e-06,2.25176894198692e-06,0.000232368030781406,0.000466174568806316,1.01866096623415e-07,7.9229187123073e-09,4.48975595881564e-06,6.15555071722613e-05,0.000679004137866628,0,0,0,0
NGA,2023,65129007547.867,52520992084.76,123114537.345,6845406347.105,119153684782.555,103271.072,191754076.956,301161166.331,0,17236916.019,13086458.224,5773912.396,141061875.643,282123751.286,0,0,2617440.389,268318066.085,1124720681.486,0,0,0,0,4.87347e+11,0.806414746089281,0.00189031803155477,0.105105337926022,1.82950254070711,1.58563865607963e-06,0.00294421923771937,0.00462407117304313,0,0.00026465804820274,0.000200931331778425,8.86534681456097e-05,0.00216588400397973,0.00433176800795945,0,0,4.01885501951845e-05,0.00411979356337954,0.0172691205321896,0,0,0,0,0.107769191325195,0.000252621925127271,0.0140462675405922,0.244494548612293,2.11904601854531e-07,0.000393465183854625,0.000617960439545129,0,3.53688768351914e-05,2.68524444061418e-05,1.18476412002126e-05,0.000289448535936407,0.000578897071872814,0,0,5.3707940933257e-06,0.000550568826903623,0.00230784365449259,0,0,0,0
NGA,2024,52361700787.283,37380669161.523,88712336.102,8743687813.789,92613555409.022,22416.82,124637205.315,343108622.968,27402.04,3906236.246,6968388.155,3274089.205,147323805.186,294681359.82,0,0,112954.296,118011498.884,801917157.593,0,0,0,0,2.52109e+11,0.713893334240235,0.00169422182183099,0.166986321726061,1.76872702789507,4.2811481794809e-07,0.0023803123932382,0.00655266383270977,5.23322191372651e-07,7.46010192042635e-05,0.000133081776379052,6.25283204283382e-05,0.00281357944778181,0.00562780344009698,0,0,2.15719303043405e-06,0.00225377512780603,0.0153149562664275,0,0,0,0,0.148271855274992,0.000351880877326871,0.0346821724483815,0.367355213058725,8.89171747141118e-08,0.000494378246373592,0.00136095348824516,1.0869124069351e-07,1.5494235612374e-05,2.76403783879195e-05,1.29868001737344e-05,0.00058436551327402,0.00116886489502556,0,0,4.48037539318311e-07,0.000468097128162818,0.00318083510542265,0,0,0,0
PAK,2003,11930076043,33720305,229944313,335251,537276086,0,10018757,7493661,11348,4570332,37909835,0,0,25136936,39847730,156734,716813441,0,14599393,0,0,0,0,1.12507e+11,0.00282649539520626,0.0192743375793418,2.81013296806863e-05,0.0450354284468495,0,0.000839789869225396,0.000628131872168319,9.51209360200052e-07,0.000383093283188388,0.00317766918361293,0,0,0.00210702227793,0.00334010695794188,1.31377201146982e-05,0.0600845659672548,0,0.00122374685185399,0,0,0,0,0.000299717395362066,0.00204382227772494,2.97982347765028e-06,0.0047754902894931,0,8.9050076884105e-05,6.66061756157395e-05,1.00864835076929e-07,4.06226457020452e-05,0.000336955345000756,0,0,0.000223425529078191,0.000354180006577369,1.39310442905775e-06,0.00637127859599847,0,0.000129764307998613,0,0,0,0
PAK,2004,12585423641,27326317,253813369,226406,575222213,0,12521657,7891509,37341,6507750,46964661,31480,0,27863867,5958113,15761,642315948,0,20987303,0,0,0,0,1.32206e+11,0.00217126715631392,0.0201672487347301,1.79895414296924e-05,0.0457054310930049,0,0.000994933294037694,0.000627035626698456,2.96700381847718e-06,0.000517086288521863,0.00373167104578041,2.5013063443845e-06,0,0.00221397926639727,0.000473413781685508,1.25232176918183e-06,0.0510364979616184,0,0.00166758812406035,0,0,0,0,0.000206694983586222,0.00191983245087212,1.71252439374915e-06,0.004350953912833,0,9.4713227841399e-05,5.96910049468254e-05,2.8244557735655e-07,4.92243165968262e-05,0.000355238499009122,2.38113247507677e-07,0,0.000210760986642059,4.50668880383644e-05,1.19215466771554e-07,0.00485844778603089,0,0.000158746978200687,0,0,0,0
PAK,2005,16050200728,13875486,641904489,390502,1330849648,0,14670843,20250924,43299,15253624,99654473,0,0,20622524,0,0,1100659226,0,21499929,0,0,0,0,1.45209e+11,0.000864505449816204,0.0399935489828598,2.43300383975111e-05,0.082917944177377,0,0.00091405978334005,0.00126172403343665,2.69772327049242e-06,0.000950369671912554,0.00620892378162911,0,0,0.00128487639185867,0,0,0.0685760411756017,0,0.00133954268637231,0,0,0,0,9.55552754994525e-05,0.00442055581265624,2.68924102500534e-06,0.00916506310214932,0,0.000101032601285044,0.000139460529306035,2.98183996859699e-07,0.000105045995771612,0.000686283033420794,0,0,0.000142019599336129,0,0,0.00757982787568264,0,0.000148061958969485,0,0,0,0
PAK,2006,16932873212,0,823534860,101821,1664867354,0,34259581,18111956,79522,24861727,74362314,0,0,24057615,0,290496,1152655266,0,25101465,0,0,0,0,1.61871e+11,0,0.0486352699680275,6.01321457529378e-06,0.0983216098742262,0,0.00202325857939578,0.00106963276540478,4.69630871290315e-06,0.0014682521205191,0.00439159456691029,0,0,0.00142076390101066,0,1.71557417552817e-05,0.0680720425629323,0,0.00148241026113696,0,0,0,0,0,0.00508759975536075,6.29025582099326e-07,0.0102851490013653,0,0.000211647429125662,0.000111891296155581,4.91267737890048e-07,0.0001535897535692,0.000459392442129844,0,0,0.00014862214355876,0,1.7946142298497e-06,0.00712082625053283,0,0.000155070797116222,0,0,0,0
PAK,2007,17838406583,0,968189814,323564,1962931434,1202532,46581520,17681858,10876,24813359,90746932,3296,0,120318432,96747804,376440,1341271345,0,43350602,0,0,0,0,1.84141e+11,0,0.0542755772212685,1.81386156041738e-05,0.110039617320455,6.74125233329984e-05,0.00261130498305786,0.000991224071372541,6.09695711856059e-07,0.00139100759277721,0.00508716580585633,1.84769866336665e-07,0,0.00674490916215933,0.00542356760116684,2.11027817001742e-05,0.0751900871167625,0,0.00243018353675788,0,0,0,0,0,0.0052578720328444,1.75715348564415e-06,0.0106599368635991,6.53049565278781e-06,0.000252966585388371,9.60234711443948e-05,5.90634350850707e-08,0.00013475195095063,0.000492812203691736,1.78993271460457e-08,0,0.000653403815554385,0.000525400665794147,2.0443030069349e-06,0.00728393646716375,0,0.000235420693924764,0,0,0,0
PAK,2008,20279045864,0,1148528680,2956845,2381256512,1852870,52365600,29283051,327757,37475194,119608606,1548968,0,239833822,47419946,20528228,2575849236,0,55702023,0,0,0,0,2.02204e+11,0,0.0566362287310028,0.000145807895491231,0.117424484759773,9.13686971480879e-05,0.00258225166761722,0.00144400536378214,1.61623481794005e-05,0.00184797619431036,0.00589813775273979,7.63826863644397e-05,0,0.0118266817683844,0.00233837165308558,0.00101228766568561,0.127020238194378,0,0.00274677730764858,0,0,0,0,0,0.00568004925718581,1.46230786730233e-05,0.0117765054697236,9.16336966627762e-06,0.000258974105358944,0.000144819345809183,1.62092243476885e-06,0.000185333593796364,0.000591524430772883,7.66042214792981e-06,0,0.0011860983066606,0.000234515370615814,0.000101522363553639,0.0127388638998239,0,0.000275474387252478,0,0,0,0
PAK,2009,17554698477,0,709663829,14759,1424249486,648176,57351913,36429567,350978,18276100,127878545,55077,0,478913692,2730284,45830696,1880446002,0,58564561,0,0,0,0,1.87074e+11,0,0.0404258626218955,8.40743577529235e-07,0.0811320962229023,3.6923220347489e-05,0.00326704062021583,0.00207520323107399,1.99933938176066e-05,0.00104109449808809,0.00728457655752648,3.13745064161377e-06,0,0.0272812257429239,0.000155530099453271,0.00261073672441865,0.107119242433229,0,0.00333611887875663,0,0,0,0,0,0.00379349256978522,7.88939136384532e-08,0.0076132946641436,3.46481071661482e-06,0.000306573404107466,0.000194733458417525,1.87614526871719e-06,9.76944952264879e-05,0.000683571982210248,2.94412906122711e-07,0,0.00256002272897356,1.45946737654618e-05,0.000244986989105915,0.0100518832226819,0,0.000313055587628425,0,0,0,0
PAK,2010,21413102681,0,1196574722,7870,2399203711,1907550,89342498,35120637,683952,31289683,147985228,3502181,0,590242170,248511,2115243,2301558968,89288,32225963,0,0,0,0,1.96712e+11,0,0.0558804924174641,3.67531978772189e-07,0.112043721395351,8.90833070021461e-05,0.00417232847247654,0.00164014704095931,3.19408172738496e-05,0.00146124003915432,0.00691096615957987,0.000163553178265358,0,0.0275645327439506,1.16055577606932e-05,9.87826487133446e-05,0.107483674938998,4.1697833952492e-06,0.00150496466953359,0,0,0,0,0,0.0060828760929684,4.00077270324129e-08,0.0121965294999797,9.69717149945097e-06,0.000454179195981943,0.000178538355565497,3.47692057424051e-06,0.000159063417585099,0.000752293850908943,1.78035961202164e-05,0,0.00300053972304689,1.26332404733824e-06,1.075299422506e-05,0.0117001452275408,4.53902151368498e-07,0.000163823066208467,0,0,0,0
PAK,2011,25343768655,0,1308996977,1430284,2622873256,1005684,126630026,32423084,60053,47083064,200476938,8477874,0,469323848,674439018,70029791,3569260089,0,61039223,0,0,0,0,2.30577e+11,0,0.0516496577450312,5.64353320719657e-05,0.103491840211481,3.9681706919369e-05,0.00499649549851054,0.00127933159591888,2.36953709677082e-06,0.00185777674350382,0.00791030492461698,0.000334515127383292,0,0.0185183132938443,0.026611630937017,0.00276319563807982,0.140833833262435,0,0.00240845092262779,0,0,0,0,0,0.00567704921566331,6.20306448605021e-06,0.011375259700664,4.36159721047633e-06,0.000549187585925743,0.000140617164764916,2.60446618700044e-07,0.0002041967065232,0.000869457656227638,3.67680818121495e-05,0,0.00203543218968067,0.00292500560767119,0.000303715422613704,0.0154796882993534,0,0.000264723814604232,0,0,0,0
PAK,2012,24613675622,0,329446442,25735,660148456,901152,197181777,34867340,125067,37859578,271289895,2756100,0,1634066718,45318337,99381688,2218445180,0,79852273,0,0,0,0,2.50094e+11,0,0.0133846909766511,1.04555696577872e-06,0.0268203931073972,3.66118418816952e-05,0.00801106588175545,0.00141658403789295,5.081199651799e-06,0.00153815214685614,0.0110219172124588,0.000111974336638148,0,0.0663885696348193,0.00184118527017127,0.00403766140117535,0.0901305930113553,0,0.00324422383013072,0,0,0,0,0,0.00131729046678449,1.02901309107775e-07,0.00263960133389845,3.60325317680552e-06,0.000788430658072565,0.000139416939230849,5.00079969931306e-07,0.000151381392596384,0.00108475171335578,1.10202563835998e-05,0,0.00653381015938007,0.00018120521483922,0.000397377338120867,0.00887044543251737,0,0.000319289039321215,0,0,0,0
PAK,2013,25120883202,0,525480793,430,1052262575,2339508,172305236,34461647,28072,41741769,180415579,4793215,0,437267401,39173847,30661850,2263302560,148,115387459,0,0,0,0,2.58674e+11,0,0.0209180859118108,1.71172325647279e-08,0.0418879609661265,9.31300058675381e-05,0.00685904371333098,0.00137183261921525,1.11747663385358e-06,0.001661636203805,0.0071818963349838,0.00019080599043661,0,0.0174065297578863,0.00155941360361411,0.00122057213329024,0.0900964564741023,5.89151260367378e-09,0.00459328830408373,0,0,0,0,0,0.00203144031870231,1.66232400627817e-09,0.00406791009146648,9.04423328204613e-06,0.00066610960514006,0.000133224239776707,1.0852269652149e-07,0.000161368243426088,0.000697463135065758,1.85299450273317e-05,0,0.00169041883219806,0.000151440991363647,0.000118534719376513,0.00874963297432289,5.72148727742255e-10,0.00044607289097474,0,0,0,0
PAK,2014,24722182145,222906141,424380200,0,1294870349,1588426,142283846,37003672,56440,55308436,199651876,5687942,0,127450660,8156276,3226698,2222697959,0,115292895,0,0,0,0,2.71422e+11,0.00901644279184644,0.0171659685019281,0,0.0523768630699893,6.42510434832815e-05,0.00575531096589613,0.00149678017025224,2.28296999306005e-06,0.00223719879077042,0.00807581931194448,0.000230074431400886,0,0.0051553159527941,0.000329917316851805,0.000130518332931731,0.089907029483218,0,0.00466354039153124,0,0,0,0,0.000821253034020824,0.00156354385421963,0,0.00477069047092719,5.85223747522308e-06,0.000524216334711261,0.000136332618579187,2.07941876487536e-07,0.000203772855553345,0.00073557735187273,2.09560831472762e-05,0,0.000469566431608344,3.00501654250577e-05,1.18881225545461e-05,0.00818908547943792,0,0.000424773581360391,0,0,0,0
PAK,2015,22089018057,175652705,86051936,3034,526839156,2346114,92470819,29137957,51725,29170259,140365051,6406887,0,19010883,3194384,11695802,1957157443,110,90254987,0,0,0,0,2.9993e+11,0.00795203772964166,0.00389568860770297,1.37353321554216e-07,0.0238507277526103,0.000106211783337128,0.00418628020319337,0.00131911508808633,2.34166135708366e-06,0.00132057744372009,0.00635451746373662,0.000290048520195295,0,0.000860648624168944,0.000144614124165999,0.000529484921865669,0.0886031890575497,4.97985015522865e-09,0.00408596646383737,0,0,0,0,0.000585645667322375,0.0002869067315707,1.01156936618544e-08,0.00175654037942187,7.82220518120895e-06,0.000308308001867102,9.71491914780115e-05,1.72456906611543e-07,9.72568899409862e-05,0.00046799270163038,2.1361274297336e-05,0,6.33843996932618e-05,1.06504317674124e-05,3.89951055246224e-05,0.00652538073217084,3.66752242189844e-10,0.00030092017137332,0,0,0,0
PAK,2016,20533792833,76992339,76860201,0,308952191,300780,54800582,26050965,24869,51405942,110138255,3688820,0,17621847,1677187,12184633,1730946858,5226,75113179,0,0,0,0,3.13623e+11,0.00374954299121325,0.00374310784301269,0,0.0150460362346444,1.46480488259633e-05,0.0026687997899701,0.00126868743694216,1.21112549455709e-06,0.00250348011290857,0.00536375602382605,0.00017964630450891,0,0.000858187629694978,8.16793572254504e-05,0.000593394172187127,0.0842974735392374,2.54507291590147e-07,0.00365802750670033,0,0,0,0,0.000245493280148459,0.000245071952631025,0,0.000985106930932999,9.5904955950297e-07,0.00017473393851854,8.30645870997982e-05,7.92958424605338e-08,0.000163909987469031,0.00035118041406402,1.17619562340772e-05,0,5.61879932275375e-05,5.34778061557985e-06,3.88512098921316e-05,0.00551919616227126,1.66633186979271e-08,0.000239501500208849,0,0,0,0
PAK,2017,21877787164.442,114475658.435,142866327.577,0,515852948.509,600926.992,123561140.975,24627934.566,3253.086,50831405.47,116437239.51,3706681.521,0,23774793.469,1075444.315,6336223.726,1760084021.991,21447.187,85140737.002,0,0,0,0,3.39229e+11,0.00523250626649561,0.0065302000839098,0,0.0235788448178807,2.74674484893375e-05,0.0056477896985772,0.00112570500758997,1.4869355733048e-07,0.00232342535778099,0.00532216712023077,0.000169426710898096,0,0.00108670924030385,4.91569054455343e-05,0.000289619040462112,0.0804507333745191,9.80317928810375e-07,0.0038916521292601,0,0,0,0,0.000337458349477786,0.000421150100896445,0,0.00152066288114813,1.77144935132315e-06,0.000364241090752854,7.25997322339776e-05,9.58964593239375e-09,0.000149843926875356,0.00034324081817887,1.09267825598637e-05,0,7.00847907136477e-05,3.17026054671033e-06,1.86783079453702e-05,0.00518848336077104,6.32233299629454e-08,0.000250983073387004,0,0,0,0
PAK,2018,23630892979.71,262066956.524,235930231.634,0,997351534.788,117271.036,209829699.731,27547037.273,93422.139,44389240.916,87615258.696,5425441.484,0,14822009.17,322416695.069,1019724.203,2649622567.648,316000.603,116071327.301,0,0,0,0,3.56163e+11,0.0110900149541118,0.00998397444550973,0,0.0422054103348675,4.96261550931196e-06,0.0088794655331546,0.00116572138414966,3.95339012707706e-06,0.00187844111325431,0.0037076575468912,0.000229591047983604,0,0.00062723017630889,0.0136438642139268,4.31521654249612e-05,0.112125367836206,1.33723513229621e-05,0.00491184685236658,0,0,0,0,0.000735806236256995,0.00066242206976581,0,0.00280026711025008,3.29262264749567e-07,0.000589139522440568,7.73439051024391e-05,2.62301639979448e-07,0.000124631814410818,0.000245997643483461,1.52330294949223e-05,0,4.16158027925416e-05,0.000905250391166404,2.86308292270674e-06,0.00743935380050146,8.87235908839492e-07,0.000325893838778874,0,0,0,0
PAK,2019,23748680252.551,248077295.531,123264919.067,0,743629512.337,629267.1,353722977.531,42252956.566,28150.737,63148017.344,66424528.799,19255573.647,0,14900130.085,66543082.755,29494779.772,2464683214.999,211976.499,92346870.128,0,0,0,0,3.21071e+11,0.0104459402751171,0.00519039027668745,0,0.0313124562893183,2.64969292317794e-05,0.0148944267121119,0.00177917072092717,1.18536005793316e-06,0.00265901164496149,0.0027969776885545,0.000810806050788091,0,0.000627408762362678,0.00280196971146859,0.00124195447740014,0.103781902353679,8.92582226657543e-06,0.00388850534623205,0,0,0,0,0.000772655566933794,0.000383917946706492,0,0.00231609056045859,1.95990014669653e-06,0.00110169706242856,0.000131600040383591,8.76776071336247e-08,0.000196679293190603,0.000206884236816779,5.99729456942545e-05,0,4.64075861258102e-05,0.000207253482111433,9.18637303649349e-05,0.00767644295186734,6.60216895951363e-07,0.000287621336489437,0,0,0,0
PAK,2020,22237163374.553,119121643.862,69791891.47,0,380619793.751,12359216.566,435311207.649,65288945.056,36919.979,91115160.698,54472763.737,20146447.25,0,18594469.319,0,12634244.463,2129832904.894,41135.002,97384758.1,0,0,0,0,3.0041e+11,0.00535687227078236,0.00313852492309635,0,0.0171163824872808,0.000555791058321009,0.0195758424901958,0.00293602848332324,1.66028276080614e-06,0.00409742731855212,0.00244962735666797,0.000905980988252058,0,0.000836188906192887,0,0.000568158998078772,0.095778084147696,1.84983135245895e-06,0.0043793696372012,0,0,0,0,0.00039653022157052,0.000232322131320529,0,0.00126700107769715,4.11411622981925e-05,0.00144905698095603,0.000217332795366333,1.22898635198562e-07,0.000303302688652175,0.000181328064102393,6.7063171166073e-05,0,6.18969718684465e-05,0,4.20566707599614e-05,0.00708975368627542,1.36929536300389e-07,0.000324172824140342,0,0,0,0
PAK,2021,28795179085.962,171430759.448,26706909.735,194.64,399492794.377,23017161.286,815885987.7,136653421.258,2092.707,103450625.309,87723392.352,34823751.929,419.824,20476446.951,0,106532520.006,2365911424.708,206179.367,295101008.808,0,0,0,0,3.48481e+11,0.00595345349081627,0.000927478507956908,6.75946481940407e-09,0.0138735999239455,0.000799340793029523,0.0283341175015562,0.00474570485740164,7.26756028761849e-08,0.00359263698274526,0.00304646107913134,0.00120936049138784,1.45796627535013e-08,0.000711106775542942,0,0.0036996651310266,0.0821634558217216,7.16020436561601e-06,0.0102482782943297,0,0,0,0,0.000491937177200479,7.66380655903765e-05,5.58538342119083e-10,0.00114638328740161,6.60499748508527e-05,0.00234126390735793,0.000392140235071639,6.00522553596896e-09,0.000296861594488652,0.000251730775428216,9.99301308507494e-05,1.20472565218764e-09,5.87591488517308e-05,0,0.000305705389981089,0.00678921210828711,5.91651673979356e-07,0.000846820942341189,0,0,0,0
PAK,2022,30769091836.46,292835510.219,62688476.201,1091.004,721646301.867,24814733.418,851151726.265,154440166.239,149907.299,59617744.746,77993245.638,23882849.794,0,24500217.669,0,260571952.063,2844118902.128,126980.061,220659764.517,0,0,0,0,3.7485e+11,0.0095171970552606,0.00203738467596619,3.54577901030933e-08,0.0234536107111189,0.000806482477607469,0.027662556008768,0.00501932806661506,4.87200921615654e-06,0.00193758545305376,0.00253479192861914,0.000776196123075036,0,0.000796260669610285,0,0.008468626680565,0.0924342816890633,4.12687061662101e-06,0.00717147472827027,0,0,0,0,0.000781207176788049,0.000167236164335067,2.91050820328131e-09,0.00192516020239296,6.61991020888355e-05,0.00227064619518474,0.000412005245402161,3.99912762438309e-07,0.000159044270364146,0.000208065214453782,6.37130846845405e-05,0,6.53600578071228e-05,0,0.000695136593472056,0.00758735201314659,3.38748995598239e-07,0.000588661503313325,0,0,0,0
PAK,2023,28746392443.932,26822987.186,111967636.98,0,308159829.701,26492063.356,772230276.235,150377124.175,447670.07,87432203.582,55677741.738,28285628.703,0,80791161.4,0,345522702.422,3552565394.721,38429772.212,575187464.21,0,0,0,0,3.36555e+11,0.000933090551738501,0.00389501525098795,0,0.0107199479135354,0.000921578713143608,0.026863554365689,0.00523116507465418,1.55730869838068e-05,0.00304150177287571,0.00193686014154979,0.000983971423828897,0,0.00281048001266865,0,0.0120196891869448,0.12358299921112,0.00133685547802058,0.020009031231723,0,0,0,0,7.96986738749981e-05,0.000332687486384098,0,0.000915629925869472,7.87154056721784e-05,0.00229451434753606,0.000446812925599085,1.33015426899021e-06,0.000259785781170982,0.000165434302678611,8.40445950973838e-05,0,0.000240053368394468,0,0.00102664557775698,0.0105556755796853,0.000114185711732109,0.00170904447775252,0,0,0,0
PAK,2024,32438495605.344,67590587.631,468883794.939,0,1095286365.149,7986374.764,841716022.683,153224092.146,226138.158,73065762.094,46145510.651,52579939.699,0,28939021.045,0,289406874.417,4775016651.84,124482.838,422318822.493,0,0,0,0,3.71408e+11,0.00208365358410348,0.0144545480975312,0,0.0337650172953323,0.000246200528568418,0.0259480597658892,0.00472352645480752,6.97128993746385e-06,0.00225243990914187,0.00142255396835968,0.00162091178144334,0,0.000892119702377089,0,0.00892171073338316,0.147202160973623,3.83750342538981e-06,0.0130190631412459,0,0,0,0,0.000181984738161267,0.00126244936818539,0,0.00294901123602346,2.15029691444449e-05,0.00226628403987798,0.000412549250813122,6.08867224184724e-07,0.000196726408946496,0.000124244794541313,0.000141569216869319,0,7.79170643739499e-05,0,0.00077921551075098,0.0128565261164003,3.35164665273769e-07,0.00113707519087634,0,0,0,0
PAN,2000,779075431,0,51686864,76427,104080149,0,469301,17644030,0,1565244,2867803,0,153437,812318,0,0,16978017,0,0,0,0,0,0,1.2962e+10,0,0.0663438505994935,9.80996152091465e-05,0.133594443950576,0,0.000602381979107746,0.0226473962570641,0,0.00200910455870864,0.00368103380736698,0,0.000196947553336462,0.0010426692559889,0,0,0.0217925201134985,0,0,0,0,0,0,0,0.00398756858509489,5.89623514889678e-06,0.00802963655300108,0,3.62059095818546e-05,0.00136121200432032,0,0.000120756364758525,0.000221246952630767,0,1.1837447924703e-05,6.26691868538806e-05,0,0,0.00130983004166024,0,0,0,0,0,0
PAN,2001,809045459,0,56337971,33280,113556209,0,449675,15662525,0,832725,1579872,0,697583,2288935,0,0,37285406,0,69050,0,0,0,0,1.3171e+10,0,0.0696351118139086,4.11348949923468e-05,0.140358255196634,0,0.000555809312069818,0.0193592644588343,0,0.00102926849256316,0.00195276048141072,0,0.000862229671077111,0.00282917971362101,0,0,0.046085674896545,0,8.53474909621859e-05,0,0,0,0,0,0.0042774254802217,2.52676334370967e-06,0.00862168468605269,0,3.41412952699112e-05,0.00118916748918078,0,6.32241287677473e-05,0.000119950801002202,0,5.29635562979273e-05,0.000173785969174702,0,0,0.00283087130817706,0,5.24257839192165e-06,0,0,0,0
PAN,2002,759613136,0,45528903,55323,92263090,0,528497,15857746,0,1167353,1956313,0,1922323,4661668,0,0,13309623,0,59474,0,0,0,0,1.3689e+10,0,0.0599369611217466,7.28304940740256e-05,0.121460629927811,0,0.000695744945621899,0.0208760818480632,0,0.0015367730554886,0.00257540701613143,0,0.00253066055455892,0.00613689755886475,0,0,0.0175215808800863,0,7.82951178453554e-05,0,0,0,0,0,0.00332594806048652,4.0414201183432e-06,0.00673994375045657,0,3.86074220176784e-05,0.00115842983417342,0,8.52767185331288e-05,0.000142911315654905,0,0.000140428300094967,0.0003405411644386,0,0,0.000972285996055227,0,4.34465629337424e-06,0,0,0,0
PAN,2003,804989676,0,3870392,52974,9293239,0,1623502,14725939,0,4963067,2131346,0,1690171,4580404,0,0,18040552,0,45925,0,0,0,0,1.4426e+10,0,0.00480800203455032,6.5807055145388e-05,0.0115445443302803,0,0.00201679853593551,0.0182933265345381,0,0.00616537969115519,0.00264766873854914,0,0.00209961823162562,0.00569001583071234,0,0,0.0224109110189383,0,5.70504211037857e-05,0,0,0,0,0,0.000268292804658256,3.67211978372383e-06,0.000644200679328989,0,0.000112539997227229,0.00102079155691113,0,0.000344036253985859,0.000147743380008318,0,0.000117161444613892,0.000317510328573409,0,0,0.0012505581588798,0,3.18348814640233e-06,0,0,0,0
PAN,2004,891105142,0,4768119,63831,9663900,0,3317674,11447394,0,21335196,2087284,0,4291838,10451853,0,0,13298179,0,51168,0,0,0,0,1.5816e+10,0,0.00535079282484939,7.163127782737e-05,0.0108448482053535,0,0.00372310050029988,0.0128462887940557,0,0.0239424002785072,0.00234235434363592,0,0.0048163093194226,0.0117290906621208,0,0,0.0149232434796117,0,5.74208335114736e-05,0,0,0,0,0,0.000301474393019727,4.0358497723824e-06,0.000611020485584219,0,0.000209766944865959,0.000723785660091047,0,0.00134896282245827,0.000131972938796156,0,0.000271360520991401,0.000660840477996965,0,0,0.000840805450177036,0,3.23520485584219e-06,0,0,0,0
PAN,2005,963215608,0,6988689,73877,14125132,0,4861209,11373825,0,21385912,2053113,0,1445215,6237764,0,0,21202185,0,205443,0,0,0,0,1.725e+10,0,0.00725558114087371,7.66983003456481e-05,0.0146645588824387,0,0.00504685447331331,0.0118081817876855,0,0.0222026219492075,0.00213151965452786,0,0.00150040654241558,0.00647597894821488,0,0,0.0220118785699743,0,0.000213288694964752,0,0,0,0,0,0.000405141391304348,4.28272463768116e-06,0.000818848231884058,0,0.000281809217391304,0.000659352173913043,0,0.00123976301449275,0.000119021043478261,0,8.37805797101449e-05,0.000361609507246377,0,0,0.00122911217391304,0,1.19097391304348e-05,0,0,0,0
PAN,2006,8033926025,0,9334440,108553,18998048,0,10022585,50464232,177111,17834105,23595170,600,9136963,149491291,180,0,30710712,0,1765702,0,0,0,0,1.9116e+10,0,0.00116187776324465,1.35118246872332e-05,0.00236472777330558,0,0.00124753264702857,0.00628139117076324,2.20453859605958e-05,0.00221984929217717,0.00293694140655222,7.46832866188857e-08,0.00113729737759192,0.0186075015546337,2.24049859856657e-08,0,0.00382262817761009,0,0.000219780714249233,0,0,0,0,0,0.000488305084745763,5.67864616028458e-06,0.000993829671479389,0,0.000524303463067587,0.002639894957104,9.265065913371e-06,0.000932941253400293,0.00123431523331241,3.13873195229127e-08,0.000477974628583386,0.00782021819418288,9.41619585687382e-09,0,0.00160654488386692,0,9.23677547604101e-05,0,0,0,0
PAN,2007,8820595019,0,10192494,148109,20706031,0,7951437,52258512,202020,23466322,25376158,3820,5735531,157873209,0,0,16497592,0,2872772,0,0,0,0,2.2079e+10,0,0.00115553360947247,1.67912708474843e-05,0.00234746419662145,0,0.000901462654488978,0.00592460167227183,2.29032167971479e-05,0.00266040124837977,0.0028769213352771,4.33077359494629e-07,0.000650243094444919,0.0178982493425821,0,0,0.00187034910507323,0,0.000325689139316782,0,0,0,0,0,0.000461637483581684,6.70813895556864e-06,0.000937815616649305,0,0.00036013573984329,0.00236688763078038,9.14987091806694e-06,0.00106283445808234,0.00114933457131211,1.7301508220481e-07,0.000259773132841161,0.00715037859504507,0,0,0.000747207391639114,0,0.000130113320349654,0,0,0,0
PAN,2008,9816620377,0,9612393,242938,19749401,0,9055415,57531587,241997,37716934,33331324,0,8384670,175449789,0,35937,612100,0,5171030,0,0,0,0,2.6081e+10,0,0.000979195754836512,2.47476209398089e-05,0.00201183301803869,0,0.000922457490687582,0.00586063072529468,2.46517631024004e-05,0.00384215061309384,0.00339539706334108,0,0.000854130003809151,0.0178727283180954,0,3.66083220292384e-06,6.23534349391904e-05,0,0.000526762755552363,0,0,0,0,0,0.000368559219355086,9.31475020129596e-06,0.000757233273264062,0,0.000347203519803689,0.00220588117786895,9.27867029638434e-06,0.00144614600667152,0.00127799256163491,0,0.000321485755914267,0.0067271112687397,0,1.37789962041333e-06,2.34691921322035e-05,0,0.000198268087880066,0,0,0,0
PAN,2009,10716686967,0,7964199,127701,16237850,0,9868841,38556488,458877,21727877,24697404,0,23284223,203262977,0,14080,283026,0,2494100,0,0,0,0,2.8114e+10,0,0.00074315868556432,1.19160894027446e-05,0.00151519308625897,0,0.000920885440658034,0.00359779921898693,4.28189235547352e-05,0.00202748079391578,0.00230457454585087,0,0.00217270720621955,0.0189669603699268,0,1.31383887981021e-06,2.64098411077532e-05,0,0.000232730507822064,0,0,0,0,0,0.000283282314860923,4.54225652699723e-06,0.000577571672476346,0,0.000351029415949349,0.00137143373408266,1.63220103862844e-05,0.000772849007611866,0.000878473500746959,0,0.000828207405563065,0.00722995578715231,0,5.00818097744896e-07,1.00670840150815e-05,0,8.87138080671552e-05,0,0,0,0
PAN,2010,10986602587,0,3448232,183637,7372531,0,24023101,47207154,574041,40617075,33064496,500,79562107,306596531,0,1753,82752,2929,823909,0,0,0,0,3.0523e+10,0,0.000313857898535454,1.67146302549698e-05,0.000671047390821583,0,0.0021865814122034,0.00429679271878445,5.22491821702224e-05,0.00369696406858846,0.00300952871810653,4.55099741745123e-08,0.00724173886967957,0.0279064004156101,0,1.5955796945584e-07,7.53208276577848e-06,2.66597428714293e-07,7.49921546242965e-05,0,0,0,0,0,0.000112971595190512,6.01634832749075e-06,0.000241540182812961,0,0.00078704914326901,0.00154660924548701,1.88068341906104e-05,0.00133070389542312,0.00108326494774432,1.63810896700849e-08,0.00260662801821577,0.0100447705336959,0,5.74321003833175e-08,2.71113586475772e-06,9.59604232873571e-08,2.69930544179799e-05,0,0,0,0
PAN,2011,15895615039,0,1867638,253219,4576495,0,29389560,65077278,1843409,57736308,46705187,0,133401352,440886606,0,0,400759,0,2311044,0,0,0,0,3.5961e+10,0,0.000117493912341091,1.59301165370906e-05,0.000287909274902012,0,0.00184890989923275,0.00409403963548013,0.000115969655497896,0.00363221604564174,0.0029382434643396,0,0.00839233660809594,0.0277363665965917,0,0,2.52119215907491e-05,0,0.000145388775101173,0,0,0,0,0,5.19350963543839e-05,7.041489391285e-06,0.000127262729067601,0,0.000817262033870026,0.00180966263452073,5.12613386724507e-05,0.00160552565279052,0.0012987733099747,0,0.00370961185728984,0.0122601319763077,0,0,1.11442674007953e-05,0,6.42652873946776e-05,0,0,0,0
PAN,2012,16765633311,0,1230313,320901,3653359,0,22972093,57966830,1872897,65995968,67466692,0,136651127,439615699,1050,0,3285267,139,1792427,0,0,0,0,4.1916e+10,0,7.33830316563578e-05,1.91404043048857e-05,0.000217907604933899,0,0.00137018939719551,0.0034574792925936,0.000111710483299857,0.00393638383804445,0.00402410638169778,0,0.00815066895864546,0.0262212402505288,6.2628114340965e-08,0,0.000195952454587237,8.29076942228013e-09,0.000106910783908412,0,0,0,0,0,2.93518704074816e-05,7.65581162324649e-06,8.71590562076534e-05,0,0.000548050696631358,0.00138292847599962,4.46821500143143e-05,0.00157448153449757,0.00160956894741865,0,0.00326011849890257,0.0104880164853517,2.50501002004008e-08,0,7.83773976524478e-05,3.31615612176734e-09,4.27623580494322e-05,0,0,0,0
PAN,2013,15575568825,0,4073638,352049,9170002,0,28297594,58633989,1610415,51974481,79152863,0,95342276,349235251,1650,0,2233678,0,2042775,0,0,0,0,4.7276e+10,0,0.000261540239446119,2.26026416085e-05,0.00058874267148956,0,0.00181679361556158,0.00376448460141551,0.000103393655672797,0.00333692345903778,0.00508186018047402,0,0.00612127088719664,0.0224219901644587,1.05935135887405e-07,0,0.000143409080278004,0,0.000131152513462057,0,0,0,0,0,8.61671461206532e-05,7.44667484558761e-06,0.000193967383027329,0,0.000598561511126153,0.00124024851933328,3.40641128691091e-05,0.00109938406379558,0.00167427157542939,0,0.00201671621964633,0.0073871573525679,3.49014299010069e-08,0,4.72476097808613e-05,0,4.32095566460784e-05,0,0,0,0
PAN,2014,13777171945,0,1392768,286877,4173170,0,27304150,57953473,1162582,52216766,65537465,0,44609717,249230318,672,0,707439,0,1867734,0,0,0,0,5.1757e+10,0,0.000101092445210097,2.08226333492276e-05,0.000302904690212168,0,0.00198183996752027,0.00420648542613511,8.43846621528102e-05,0.00379009322148661,0.00475696066374383,0,0.00323794441835283,0.0180900927269366,4.87763383285553e-08,0,5.13486369208554e-05,0,0.000135567299838908,0,0,0,0,0,2.69097513379833e-05,5.54276716192979e-06,8.06300597020693e-05,0,0.000527545066367834,0.00111972241435941,2.24623142763298e-05,0.00100888316556215,0.00126625316382325,0,0.000861906930463512,0.00481539343470448,1.29837509902042e-08,0,1.36684699654153e-05,0,3.60865969820507e-05,0,0,0,0
PAN,2015,12043377104,0,870468,383970,2596130,0,20034959,54439430,470509,33618761,60857924,0,40004684,227121918,0,0,1910763,0,1210675,0,0,0,0,5.608e+10,0,7.22777334366528e-05,3.1882253348396e-05,0.000215564951390399,0,0.0016635665251523,0.00452027944735857,3.90678624389938e-05,0.00279147291575169,0.0050532274688789,0,0.00332171646329277,0.0188586570061453,0,0,0.000158656744159026,0,0.000100526205361277,0,0,0,0,0,1.55218972895863e-05,6.84682596291013e-06,4.62933309557775e-05,0,0.000357256758202568,0.00097074589871612,8.3899607703281e-06,0.000599478619828816,0.00108519835948645,0,0.000713350285306705,0.00404996287446505,0,0,3.40720934379458e-05,0,2.15883559201141e-05,0,0,0,0
PAN,2016,10843210513,0,1215691,427903,3334438,0,16679240,51527055,788487,29091761,54306026,0,32906369,192856569,0,0,985999,0,344883,0,0,0,0,6.0037e+10,0,0.000112115410702624,3.94627586992786e-05,0.000307513904300052,0,0.00153821969793938,0.004752010941614,7.27171163056069e-05,0.00268294717372882,0.0050082976748346,0,0.00303474408806767,0.0177859286941615,0,0,9.09323856451813e-05,0,3.18063547310566e-05,0,0,0,0,0,2.02490297649783e-05,7.1273214850842e-06,5.55397171744091e-05,0,0.000277816013458367,0.000858254992754468,1.31333511001549e-05,0.000484563868947482,0.000904542632043573,0,0.000548101487416094,0.00321229523460533,0,0,1.64231890334294e-05,0,5.74450755367523e-06,0,0,0,0
PAN,2017,11091556992,0,1599227,214118,3688571,0,15605791,52986970,1082477,45459350,58152212,0,52804047,235502088,1236,0,5379735,0,1403716,0,0,0,0,6.449e+10,0,0.000144184175508765,1.93045935890188e-05,0.000332556646705278,0,0.00140699732339256,0.00477723461532208,9.75946840268465e-05,0.00409855442592852,0.00524292595186982,0,0.00476074252136882,0.0212325544709242,1.11436113152688e-07,0,0.000485029739637117,0,0.000126557164247766,0,0,0,0,0,2.47980617149946e-05,3.32017367033649e-06,5.71960148860288e-05,0,0.000241987765545046,0.000821630795472166,1.67851915025585e-05,0.000704905411691735,0.000901724484416189,0,0.000818794340207784,0.00365176132733757,1.91657621336641e-08,0,8.34196774693751e-05,0,2.1766413397426e-05,0,0,0,0
PAN,2018,11480107616,0,2582129,183464,5577631,0,17497073,50155047,714756,53421278,61650449,0,60306801,246742426,0,0,2423057,0,984235,0,0,0,0,6.7316e+10,0,0.000224922020452251,1.59810348593164e-05,0.000485851804405245,0,0.00152412099130622,0.00436886557841132,6.22603919673918e-05,0.00465337780680261,0.00537019782933714,0,0.00525315641779782,0.0214930412025155,0,0,0.000211065704351321,0,8.57339524089702e-05,0,0,0,0,0,3.83583249153247e-05,2.72541446312912e-06,8.28574335967675e-05,0,0.000259924431041654,0.000745068735516074,1.06179214451245e-05,0.000793589607225623,0.000915836487610672,0,0.000895876180997088,0.00366543505258779,0,0,3.59952611563373e-05,0,1.46211153366213e-05,0,0,0,0
PAN,2019,10478059526,0,2589583,202609,5778122,0,7305952,59602967,455850,33114142,62727817,0,61532447,239255305,0,0,578320,0,339899,0,0,0,0,6.9779e+10,0,0.000247143375505195,1.93365001885369e-05,0.000551449625349265,0,0.000697261929260011,0.00568835926653238,4.35051928144582e-05,0.00316033154018942,0.00598658719625984,0,0.00587250404975415,0.0228339326004321,0,0,5.51934257068278e-05,0,3.24391171052792e-05,0,0,0,0,0,3.71112082431677e-05,2.90358130669686e-06,8.28060304676192e-05,0,0.000104701299817997,0.000854167686553261,6.53276773814471e-06,0.000474557416987919,0.000898949784319064,0,0.00088181898565471,0.00342875800742344,0,0,8.287880307829e-06,0,4.87107869129681e-06,0,0,0,0
PAN,2020,8658798915,0,4334607,174062,9061489,504136182,9114467,52570713,208408,24022469,52188174,0,30765446,117234040,0,0,1362906,0,176075,0,0,0,0,5.706e+10,0,0.000500601416264671,2.01023261665616e-05,0.00104650645995513,0.0582224147885758,0.00105262486050007,0.00607136318975251,2.40689271163193e-05,0.00277434194232007,0.00602718396769698,0,0.00355308470632153,0.0135392958250723,0,0,0.000157401276248485,0,2.03348064469979e-05,0,0,0,0,0,7.59657728706625e-05,3.05050823694357e-06,0.000158806326673677,0.00883519421661409,0.000159734787942517,0.000921323396424816,3.65243603224676e-06,0.000421003662811076,0.000914619242902208,0,0.000539177111812128,0.00205457483350859,0,0,2.38854889589905e-05,0,3.08578689099194e-06,0,0,0,0
PAN,2021,3781922651,0,6565327,356591,13843836,5861566678,15140012,32237409,0,53855178,3418643,0,12044785,32169404,0,0,473340,0,3273138,0,0,0,0,6.7396e+10,0,0.00173597601163631,9.42882847976047e-05,0.00366052859286783,1.54989068230946,0.0040032579714439,0.00852407941010531,0,0.0142401585039715,0.000903943130380008,0,0.00318483113260266,0.00850609781548385,0,0,0.000125158561842835,0,0.000865469313375442,0,0,0,0,0,9.74141937206956e-05,5.29098166063268e-06,0.000205410350762657,0.0869720262033355,0.000224642590064692,0.000478328224226957,0,0.000799085672740222,5.07247166003917e-05,0,0.00017871661522939,0.000477319188082379,0,0,7.02326547569589e-06,0,4.85657605792629e-05,0,0,0,0
PAN,2022,3652153568,0,7968585,579237,17095644,5594326992,14442307,18932951,0,51187572,5613686,0,10544632,27947671,0,0,465040,0,8747325,0,0,0,0,7.6479e+10,0,0.00218188661884877,0.000158601490658894,0.00468097621901533,1.53178854279766,0.00395446323137746,0.00518405117624013,0,0.0140157227912055,0.00153708925308806,0,0.00288723675050019,0.00765238111695965,0,0,0.000127333090282583,0,0.00239511423524018,0,0,0,0,0,0.000104193111834621,7.57380457380457e-06,0.000223533832816852,0.0731485374024242,0.000188840165274128,0.000247557512519777,0,0.00066930231828345,7.34016658167602e-05,0,0.000137876175159194,0.000365429346618026,0,0,6.08062343911401e-06,0,0.000114375514847213,0,0,0,0
PAN,2023,3366820480,0,9892265,177127,20164284,4938099150,28341579,15835389,0,55900420,10056649,0,13271134,32922368,0,14009,278598,0,6236984,0,0,0,0,8.3812e+10,0,0.00293816229845436,5.26095766175213e-05,0.00598911766153923,1.46669511467389,0.00841790620211506,0.00470336600780093,0,0.0166033265901959,0.00298698699848707,0,0.00394174090327501,0.00977847443769856,0,4.16089900938229e-06,8.2748100664993e-05,0,0.00185248487023579,0,0,0,0,0,0.000118029220159404,2.11338471817878e-06,0.000240589462129528,0.0589187604400325,0.000338156576623873,0.000188939400085907,0,0.000666973941678996,0.000119990562210662,0,0.000158344079606739,0.000392812103278767,0,1.67147902448337e-07,3.32408247029065e-06,0,7.44163604257147e-05,0,0,0,0
PAN,2024,1158357714,0,11393058,180109,23528026,0,14826175,19359280,1623,58175364,13590541,0,34468970,102939927,0,84592,738071,0,7021835,0,0,0,0,8.6524e+10,0,0.00983552650645187,0.000155486511483619,0.0203115373736787,0,0.0127993061390361,0.0167126957122332,1.40112158824886e-06,0.0502222787459246,0.0117325942027611,0,0.02975675785071,0.0888671312461256,0,7.30275276605962e-05,0.000637170185927557,0,0.00606188823636565,0,0,0,0,0,0.000131675119042115,2.08160741528362e-06,0.000271924853219916,0,0.000171353323933244,0.000223744625768573,1.87578013036845e-08,0.000672361009662059,0.000157072500115575,0,0.000398374670611622,0.00118972686191115,0,9.77670935231843e-07,8.53024594332208e-06,0,8.11547663076141e-05,0,0,0,0
PER,2000,6322421097,126993449,276041220,51637,806736790,281061174,868715610,2953311,4706,37621427,19771245,67735891,1144190582,2518314681,25780,4147958,10174044,14386,10708097,0,0,0,0,5.0414e+10,0.0200862054348545,0.0436606824766832,8.16728262919751e-06,0.127599344874829,0.0444546748291353,0.137402364801707,0.000467117098764799,7.44335109572661e-07,0.00595047789807158,0.00312716358127134,0.0107136000530146,0.180973485385673,0.398314924356264,4.07755187521955e-06,0.000656071137363535,0.00160920062803593,2.27539415348753e-06,0.00169367032592641,0,0,0,0,0.00251901156424803,0.00547548736462094,1.02425913436744e-06,0.01600223727536,0.00557506196691395,0.0172316342682588,5.85811679295434e-05,9.33470861268695e-08,0.000746249593366922,0.000392177668901496,0.00134359287102789,0.0226958896735034,0.0499526853850121,5.11365890427262e-07,8.22778989963106e-05,0.000201809894077042,2.85357242035942e-07,0.000212403241163169,0,0,0,0
PER,2001,6825610607,117666799,294026508,28121,825699940,437717438,802549915,3887315,12380,38935861,21447784,77868285,1166064002,2540796879,33127,5168197,11316776,841,10196792,0,0,0,0,5.1034e+10,0.0172390143204663,0.0430769531004979,4.11992444619688e-06,0.120970853384634,0.0641286857986155,0.117579211767068,0.000569519010652815,1.81375714391086e-06,0.0057043777094564,0.00314225132884144,0.0114082518742195,0.170836584320258,0.372244627666613,4.85333868387198e-06,0.000757177239894078,0.00165798734378344,1.23212419873105e-07,0.00149390180411738,0,0,0,0,0.00230565503389897,0.00576138472390955,5.51024806991418e-07,0.0161794086295411,0.00857697687815966,0.0157257889838147,7.61710820237489e-05,2.4258337578869e-07,0.000762939628482972,0.000420264607908453,0.00152581190970725,0.0228487675275307,0.04978635574323,6.49116275424227e-07,0.00010126968295646,0.000221749735470471,1.64792099384724e-08,0.000199803895442254,0,0,0,0
PER,2002,7665213522,164725724,313896837,98846,958464396,850776482,832141667,4966247,7063,29815588,19844511,82597784,1489307969,3215024337,46910,6086444,13326459,1310,10378916,0,0,0,0,5.3954e+10,0.0214900372347384,0.0409508275404308,1.28954007238417e-05,0.125040795438914,0.110991882947315,0.108560794113779,0.000647894150077663,9.21435519014365e-07,0.00388972700035374,0.00258890518092472,0.0107756664263736,0.194294387850452,0.419430499590459,6.11985561333199e-06,0.000794034501782793,0.00173856331095691,1.70901958078553e-07,0.00135402829552124,0,0,0,0,0.00305307713978574,0.00581786034399674,1.83204210994551e-06,0.0177644733662008,0.0157685525076917,0.0154231691255514,9.20459465470586e-05,1.30907810356971e-07,0.000552611261444935,0.000367804259183749,0.00153089268636246,0.0276032911183601,0.0595882480816992,8.69444341476072e-07,0.000112808021648071,0.000246996682359047,2.42799421729622e-08,0.000192366015494681,0,0,0,0
PER,2003,9026639026,262132016,403452515,108398,1331845077,843952572,914911936,5050793,9231,34065807,17982441,94050728,2078137212,4418017426,24372,3818682,9214710,10007,11376594,0,0,0,0,5.8537e+10,0.029039824816852,0.0446957626019951,1.20086778354351e-05,0.147546065945897,0.0934957706372339,0.101356876392722,0.000559543035392451,1.02263976363864e-06,0.00377391927403745,0.00199215244435986,0.010419241062936,0.230222700388728,0.489442129376671,2.70000826772842e-06,0.000423045830125788,0.00102083510523222,1.10860753057436e-06,0.00126033554318848,0,0,0,0,0.00447805688709705,0.00689226497770641,1.85178604984881e-06,0.0227521922373883,0.0144174209816014,0.0156296348634197,8.62837692399679e-05,1.57695132992808e-07,0.000581953414079984,0.000307197857765174,0.00160668855595606,0.0355012592377471,0.0754739297538309,4.1635205083964e-07,6.52353554162325e-05,0.000157416847463997,1.70951705758751e-07,0.000194348770862873,0,0,0,0
PER,2004,12726496792,111167834,562985779,19299725,1387627882,2206764810,1507773709,7407857,5645,49353444,25493368,129088820,2402031621,5157288325,34590,5784813,13169345,5424,15115066,0,0,0,0,6.6126e+10,0.0087351480786041,0.044237293907456,0.00151649941970928,0.109034552452194,0.173399235160079,0.11847515727563,0.000582081394516726,4.43562756684817e-07,0.00387800702790607,0.00200317246895669,0.0101433114006006,0.188742562879515,0.405240217264025,2.71795141784372e-06,0.00045454873360251,0.00103479733780928,4.2619741226899e-07,0.00118768473736633,0,0,0,0,0.00168115164988053,0.00851383387774854,0.000291862882980976,0.0209846033632762,0.0333721200435532,0.0228015260109488,0.000112026389014911,8.53673290385023e-08,0.000746354595771709,0.000385527145147143,0.00195216435290204,0.0363250706378732,0.0779918386867495,5.23092278377643e-07,8.74816713546865e-05,0.000199155324683181,8.2025224571273e-08,0.000228579771950519,0,0,0,0
PER,2005,17114288769,186898411,1320950960,85154090,3188892322,2819934616,2135146615,9758738,16965,66659997,48422493,216088184,3071889497,6535169865,36455,7407252,16893945,6200,19065151,0,0,0,0,7.4232e+10,0.0109206063729939,0.0771840990782338,0.00497561371958641,0.186329234304858,0.164770774530105,0.124758127189457,0.000570209965001672,9.912769516154e-07,0.00389499078224885,0.00282936052170103,0.0126261854592177,0.179492676468348,0.38185459841238,2.13009143950129e-06,0.000432810974500859,0.000987125157698687,3.62270386089919e-07,0.00111399026026332,0,0,0,0,0.00251776068272443,0.0177948992348313,0.00114713452419442,0.0429584589125983,0.0379881266300248,0.0287631562533678,0.000131462684556525,2.28540252182347e-07,0.00089799543323634,0.000652312924345296,0.00291098426554586,0.0413822811860114,0.0880370980843841,4.91095484427201e-07,9.97851600387973e-05,0.000227583050436469,8.35219312425908e-08,0.000256831972734131,0,0,0,0
PER,2006,23764896761,488145734,1384174122,26329847,3800500044,5727630266,3574210547,16423658,16836,78547974,46042685,255980444,4002785963,8600965646,55701,6851700,17002304,4430,19199015,0,0,0,0,8.7459e+10,0.0205406208539094,0.058244482857234,0.00110793020751554,0.159920747067452,0.241012209041004,0.150398740753865,0.000691088968959986,7.08439854349763e-07,0.00330520998218276,0.00193742415391257,0.0107713678108665,0.168432709944226,0.361918914796838,2.34383513466002e-06,0.000288311793184145,0.000715437738736659,1.86409393844705e-07,0.000807872855206636,0,0,0,0,0.00558142368424062,0.0158265486913868,0.000301053602259344,0.0434546478235516,0.0654893180347363,0.0408672697721218,0.000187786940166249,1.92501629334888e-07,0.00089811196103317,0.00052644879314879,0.00292686223258899,0.0457675706673984,0.0983428308807555,6.36881281514767e-07,7.83418516104689e-05,0.000194403137470129,5.06523056517911e-08,0.000219520175167793,0,0,0,0
PER,2007,28084585255,620466960,1782635093,1869922,4814630280,9227023232,2986922069,16442201,6151,92487699,51359302,285423505,4184384690,9022063314,75081,8254686,21304729,65534,27268691,0,0,0,0,1.02187e+11,0.0220927941205589,0.0634737909359951,6.65817915066804e-05,0.171433198542351,0.328544044650162,0.106354501655609,0.000585452868565069,2.19016942716108e-07,0.00329318372196841,0.00182873635247493,0.0101629951949953,0.148992219468687,0.321246093972272,2.67338824192296e-06,0.000293922303820755,0.000758591547874364,2.33345087367216e-06,0.000970948680651969,0,0,0,0,0.00607187763609853,0.0174448324444401,1.82990204233415e-05,0.0471158785364087,0.0902954703827297,0.0292299614334504,0.000160903060076135,6.01935666963508e-08,0.000905082828539834,0.000502601133216554,0.00279314888390891,0.0409483074167947,0.088289736600546,7.34741209742922e-07,8.07801970896494e-05,0.000208487664771448,6.41314452914754e-07,0.000266850881227553,0,0,0,0
PER,2008,31288211596,587458843,2253637629,9309699,5711029509,9794985328,3162472491,14190779,46840,145486384,86400712,385098613,5553543167,11815272940,6578386,9896345,54754491,25141,44927461,0,0,0,0,1.20898e+11,0.0187757245631483,0.0720283299697485,0.000297546536702347,0.182529752187246,0.313056733778041,0.101075527480909,0.00045355033976484,1.49704945123767e-06,0.0046498785510195,0.00276144616750948,0.0123081056204961,0.177496343949233,0.377626982729512,0.00021025126283795,0.000316296282056121,0.00175000385790666,8.03529467411749e-07,0.00143592294695884,0,0,0,0,0.00485912788466311,0.0186408181194064,7.700457410379e-05,0.0472384117934126,0.0810185886284306,0.0261581869923407,0.000117378112127579,3.87434035302486e-07,0.00120338123045873,0.000714657909973697,0.00318531830964946,0.0459357736852553,0.0977292671508214,5.44126949990901e-05,8.1856978610068e-05,0.000452898236529967,2.07952158017502e-07,0.000371614592466377,0,0,0,0
PER,2009,26738259539,353214315,1560985385,141798346,4124270906,7841769696,2218415148,13816486,27221,119325102,66986553,297683211,6752038010,13791185934,141529,12923123,61107962,35657,48336392,0,0,0,0,1.22214e+11,0.0132100713019412,0.0583802166600699,0.00530320029967452,0.154246049559972,0.293278987907276,0.082967821625198,0.00051673094054037,1.01805429632755e-06,0.00446271014109779,0.00250526975782752,0.0111332306639407,0.252523467361501,0.515784728392078,5.293126869143e-06,0.000483319528750573,0.00228541285235372,1.33355725521294e-06,0.00180776134398341,0,0,0,0,0.00289012973145466,0.0127725578493462,0.00116024633839004,0.03374630489142,0.0641642503804801,0.0181518905199077,0.000113051581651857,2.22732256533621e-07,0.000976361971623546,0.000548108670037803,0.00243575376798076,0.0552476640155792,0.112844567185429,1.15804245012846e-06,0.000105741756263603,0.000500007871438624,2.91758718313777e-07,0.000395506177688317,0,0,0,0
PER,2010,38402212725.3,505068044.15,2976085687.05,521739191.18,8023700588.61,12318189845.54,3132286230,32964018.94,887.71,136944232.96,107270372.87,523276428.19,7725413441.64,15714679637.25,143112.11,14126779.8,45379556.07,115935.18,69413380.13,0,0,0,0,1.49284e+11,0.0131520557881097,0.0774977657755983,0.0135861752267277,0.208938496487309,0.320767710278959,0.0815652538671658,0.000858388530259944,2.31161158954563e-08,0.00356605057993908,0.00279333833280207,0.0136262051338843,0.201171049618981,0.409212868791202,3.7266631228704e-06,0.000367863693195289,0.00118169118000076,3.01897135014879e-06,0.00180753595180908,0,0,0,0,0.00338326976869591,0.0199357311369604,0.00349494380630208,0.05374789387081,0.0825151378951529,0.020982062578709,0.000220814145789234,5.94645105972509e-09,0.000917340324214249,0.000718565773090217,0.00350524120595643,0.0517497752045765,0.105267005420876,9.58656721416897e-07,9.46302336486161e-05,0.000303981378245492,7.76608209855041e-07,0.000464975349870047,0,0,0,0
PER,2011,46386021919.4,574246159.47,2796803318,1487184674.6,9744659112.62,15594111351.08,3402880072.2,34050129.35,3423.7,136696716.19,97592017.48,1030072293.35,10133454692.2,20593830696.28,175109.96,11641591.75,52133708.85,95970.87,79761535.24,0,0,0,0,1.70662e+11,0.0123797242295924,0.0602940972791266,0.0320610522968346,0.210077491222512,0.336181261203563,0.0733600324277175,0.000734060131501797,7.38088729822315e-08,0.00294693768798547,0.0021039100453489,0.0222065236622327,0.218459231313429,0.443966303729681,3.77505879474359e-06,0.000250971979667244,0.00112390989122946,2.06896099361049e-06,0.00171951661167653,0,0,0,0,0.00336481559732102,0.0163879675498939,0.00871421098194091,0.0570991732935276,0.0913742447122382,0.019939295638162,0.000199517932228616,2.00612907384186e-08,0.000800979223201416,0.000571843863777525,0.00603574488374682,0.0593773346861047,0.120670276313884,1.02606297828456e-06,6.82143168953839e-05,0.000305479303242667,5.6234469301895e-07,0.000467365525072951,0,0,0,0
PER,2012,52436073303.41,578624165.09,4934491925.53,1436596990.57,13943490758.88,16837922034.9,2820869918.45,40079170.24,90669.85,190595485.37,133160705.6,844828758.29,9781386673.07,20070767172.62,200375.5,17988282.4,114505006.9,242553.96,118760467.27,0,0,0,0,1.93021e+11,0.011034849267639,0.0941049093622558,0.0273971123325243,0.265914090824441,0.321113328556679,0.0537963608016116,0.00076434347034513,1.72915026408172e-06,0.00363481613634874,0.00253948660170441,0.016111594653581,0.186539266898803,0.382766403130243,3.82132923723274e-06,0.000343051667807288,0.00218370674397073,4.62570792813783e-06,0.00226486195071889,0,0,0,0,0.00299772649136622,0.0255645340430834,0.00744269789592842,0.0722382059925086,0.0872336276099492,0.0146143161544599,0.00020764150139104,4.69740857212428e-07,0.000987433933976096,0.000689876778174396,0.00437687483895535,0.0506752460772144,0.103982298157299,1.0381020717953e-06,9.31933955372731e-05,0.000593225643323783,1.25661953880666e-06,0.000615272261930049,0,0,0,0
PER,2013,48114378766.99,537895524.39,4838813518.6,1599554977.92,13982668244.52,15202996924.4,2735005695.37,39232256.65,1056552.33,164353671,126696397.12,856808509.81,8207437054.34,17192012396.49,168190.2,20037952.66,168435066.78,12587.4,157825263.93,0,0,0,0,2.03056e+11,0.0111795171874699,0.100568970079268,0.0332448432030346,0.290613089119071,0.315976165836529,0.0568438326641435,0.000815395681195331,2.19591805417817e-05,0.00341589510686478,0.00263323356482622,0.0178077433766605,0.170581794146969,0.357315481090343,3.49563278816334e-06,0.000416464956495448,0.00350072205225185,2.61614102116099e-07,0.00328020994917801,0,0,0,0,0.00264900088837562,0.0238299460178473,0.00787740809392483,0.0688611429581987,0.0748709564080845,0.0134692188133815,0.000193209048981562,5.20325589985029e-06,0.000809400712118824,0.00062394805925459,0.00421956755678237,0.0404195741782562,0.0846663600016252,8.28294657631392e-07,9.86819038097865e-05,0.000829500565262785,6.19897959183674e-08,0.00077724994055827,0,0,0,0
PER,2014,38645855012.3,496337220.11,3290743651.65,930859189.41,9471871197.57,13826943976.48,2420590671.67,35101336.68,24174.23,150293558.21,105734117,646704859.62,5740295951.68,11936221818.94,123949.81,16902167.6,238138054.68,8312.61,131317935.38,0,0,0,0,2.042e+11,0.0128432200543119,0.085151270442914,0.0240869089094738,0.245094103741665,0.357785950707501,0.0626351951819823,0.000908282056868146,6.2553228521677e-07,0.00388899555106661,0.00273597561669544,0.0167341325328207,0.148535876612201,0.308861631218691,3.20732482074856e-06,0.000437360425707245,0.00616205941372514,2.15097065321865e-07,0.00339798240556988,0,0,0,0,0.00243064260582762,0.0161152970208129,0.00455856605979432,0.0463852654141528,0.0677127520885407,0.0118540189601861,0.000171896849559256,1.18385063663075e-07,0.000736011548530852,0.000517796851126347,0.00316701694231146,0.0281111456987267,0.0584535838341822,6.07002007835455e-07,8.27726131243879e-05,0.0011662000718903,4.07081782566112e-08,0.000643084894123408,0,0,0,0
PER,2015,37278004119.33,120071360.5,2276724117.54,483643609.31,5797832711.74,13199476430.48,1968210365.18,38540019.2,11011.89,141751385.08,120736282.06,350006532.05,5880811295.73,12114294384.32,141585.12,18816731.7,185657544.65,208717.74,122972410.03,0,0,0,0,1.94425e+11,0.00322097073962548,0.0610741956638026,0.0129739673766282,0.155529590403517,0.354082165671407,0.0527981690993862,0.00103385414832377,2.95399130402744e-07,0.00380254759955072,0.00323880757332161,0.00938908990217394,0.157755529960913,0.324971646699247,3.79808746055111e-06,0.000504767681224726,0.00498035098809729,5.59895157830546e-06,0.00329879275822694,0,0,0,0,0.000617571611161116,0.0117100378939951,0.0024875587466118,0.0298204074154044,0.0678898106235309,0.0101232370589173,0.000198225635592131,5.66382409669538e-08,0.000729080031271699,0.000620991549749261,0.00180021361476148,0.0302471970977498,0.062308316236698,7.28224868201106e-07,9.67814411726887e-05,0.000954905720200592,1.07351287128713e-06,0.000632492786575801,0,0,0,0
PER,2016,36309958803.5,24015819.21,1713919917.24,560838008.47,4628467656.61,17460729155.32,1721154122.97,28451587.76,56393.7,128746790.89,97358308.94,343530736.29,6612682134.55,13604767922.14,143425.1,16174524.28,146403881.69,4351.04,115268814.9,0,0,0,0,1.9894e+11,0.000661411359345444,0.0472024748503651,0.0154458453534775,0.127471024730655,0.480879894406185,0.0474017096049168,0.000783575324719385,1.55311936059162e-06,0.00354577077839014,0.00268131146793302,0.00946106103146794,0.18211758846481,0.374684201537254,3.95002100597743e-06,0.000445456971392678,0.00403205860084556,1.19830485722848e-07,0.00317457850954348,0,0,0,0,0.000120718906253142,0.00861526046667337,0.00281913143897658,0.0232656462079522,0.0877688205253845,0.00865162422323314,0.000143015923192923,2.83470895747462e-07,0.000647163923243189,0.000489385286719614,0.00172680575193526,0.0332395804491304,0.0683862869314366,7.2094651653765e-07,8.13035301095808e-05,0.000735919783301498,2.18711169196743e-08,0.000579414973861466,0,0,0,0
PER,2017,44237949422.71,25644327.43,2637802422.92,804262440.67,6982170011.31,23997612955.34,2188474896.35,33529752.95,20764.91,140170836.44,112503781.23,434647437.76,7096463304.22,14532567021.38,1809718.82,19674809.32,166516723.67,15389.89,158491707.35,0,0,0,0,2.19525e+11,0.000579690690112215,0.0596275925385876,0.0181803734387635,0.157832135133407,0.542466666482072,0.0494705320863386,0.000757940939567763,4.69391331898854e-07,0.00316856541203155,0.00254315090771918,0.00982521666198364,0.160415737999306,0.328509056387672,4.09087411061364e-05,0.000444749577608128,0.00376411487971269,3.47888864670103e-07,0.00358270917658396,0,0,0,0,0.000116817343947159,0.0120159545515089,0.00366364851688874,0.031805808046054,0.109316082247307,0.00996913743924382,0.000152737742626125,9.45901833504157e-08,0.000638518785741943,0.000512487330509054,0.0019799450530008,0.0323264471209202,0.0662000547608701,8.24379373647648e-06,8.96244588087917e-05,0.0007585319379114,7.01054094066735e-08,0.000721975662680788,0,0,0,0
PER,2018,48015148375.34,138873906.5,3022872924.54,1046103377.49,8475726021.41,26002193292.26,2303525509.05,32139927.26,22436.67,167889678.01,124987498.08,484364799.29,7158939176.66,14654632334.3,157245.5,24270986.15,176125097.12,6274.75,160092323.53,0,0,0,0,2.29824e+11,0.00289229360314388,0.0629566506992721,0.021786944597411,0.176521916690838,0.541541454563419,0.0479749742944263,0.000669370570486598,4.67283154570511e-07,0.00349659812977327,0.00260308469949855,0.0100877497139791,0.149097512324605,0.305208519189466,3.27491438266094e-06,0.000505486017876502,0.00366811523195158,1.30682716024317e-07,0.00333420449476777,0,0,0,0,0.000604261985258285,0.0131529906560673,0.00455175863917606,0.0368792033095325,0.11313959069662,0.0100229980726556,0.000139845826632554,9.7625443817878e-08,0.000730514123894807,0.000543840060568087,0.00210754664129943,0.0311496587678397,0.0637645865283869,6.84199648426622e-07,0.00010560683892892,0.000766347714424951,2.7302414021164e-08,0.000696586620761974,0,0,0,0
PER,2019,46131564759.4,121954090.89,2365596965.72,625433223.08,6282059742.91,24383754538.84,2086453903.34,26979825.12,90187.54,159157717.03,129207914.68,978982236.42,6750540738.37,13944806669.93,137701.04,25817108.04,211001634.75,11742.19,163628922.92,0,0,0,0,2.36414e+11,0.00264361487684308,0.0512793567280411,0.0135575982809592,0.136177035738419,0.528569855933002,0.0452283358308338,0.000584845219552247,1.95500717286254e-06,0.003450082776513,0.00280085696971014,0.0212215267686214,0.146332359927038,0.302283409259135,2.98496356492961e-06,0.000559640848400647,0.00457391020336038,2.54536997850422e-07,0.00354700569498151,0,0,0,0,0.000515849699637077,0.0100061627725938,0.00264549994112024,0.0265722831258301,0.103140061666568,0.00882542448137589,0.000114121097396939,3.81481384351181e-07,0.00067321612522947,0.000546532416354361,0.00414096557911122,0.028553895870676,0.0589846907117599,5.82457214885751e-07,0.000109202957692861,0.000892509050859932,4.9667913067754e-08,0.000692128735692472,0,0,0,0
PER,2020,38757234044.11,151659630.28,757337615.01,531134859.01,2903747305.01,18354235747.96,2237327254.78,23082869.75,14734.17,114837860.13,104111044.91,1081381704.94,6436258566.52,13119578002.82,393716.51,23341891.51,204726975.63,14724.78,124090627.58,0,0,0,0,2.09984e+11,0.00391306639961445,0.0195405485888922,0.0137041476800308,0.0749214276154283,0.473569288434537,0.0577267008330284,0.000595575776221006,3.80165673928921e-07,0.00296300453224556,0.00268623516300235,0.0279014158675325,0.166065993233543,0.338506560811034,1.01585296193198e-05,0.000602258961086706,0.00528229066596956,3.79923396577825e-07,0.00320174105919868,0,0,0,0,0.000722243743713807,0.00360664438723903,0.00252940633100617,0.0138284217131305,0.0874077822498857,0.0106547510990361,0.000109926802756401,7.01680604236513e-08,0.000546888620704435,0.000495804656116657,0.00514982905811871,0.030651185645192,0.0624789412660965,1.87498337968607e-06,0.000111160333692091,0.000974964643163289,7.01233427308747e-08,0.000590952775354313,0,0,0,0
PER,2021,56260115202.756,289657421.83,1869040005.79,1705955330.68,7797453381.83,30459170988,3042051578.84,37727496.524,41128.63,209235253.89,164233733.798,1773621209.44,7719126071.88,15798385006.05,171685.36,22735696.71,153295608.22,16971.44,154340432.05,0,0,0,0,2.29832e+11,0.00514853943661691,0.0332214038143036,0.0303226419734816,0.138596470229909,0.541399015594407,0.054071193560069,0.00067059045983169,7.31044183819681e-07,0.00371906906226438,0.00291918587806153,0.0315253746468176,0.137204235079523,0.280809681052272,3.05163541491628e-06,0.000404117492971046,0.00272476527407627,3.01660242586361e-07,0.00274333658034243,0,0,0,0,0.00126030066235337,0.0081322009371628,0.00742261882888371,0.0339267525054388,0.132527981255874,0.0132359792319607,0.00016415249627554,1.78950842354415e-07,0.00091038347092659,0.000714581667470152,0.00771703335236173,0.0335859500499495,0.0687388397005204,7.47003724459605e-07,9.89231121427825e-05,0.000666989837011382,7.38428069198371e-08,0.000671535869896272,0,0,0,0
PER,2022,58172421866.18,508915564.65,2410989351.797,3090297422.573,12224860755.108,26828799463.64,3315742929.584,49508611.763,76587.484,214525061.427,185214333.002,1535546881.269,7364945838.79,15030469770.005,134919.005,19264440.267,144032942.562,214304.034,204180476.056,0,0,0,0,2.48204e+11,0.00874839912666367,0.0414455729098446,0.0531230662818531,0.210148733075444,0.461194473308281,0.0569985368188992,0.000851066711248326,1.31656000460462e-06,0.00368774506106165,0.00318388554336052,0.0263964750307521,0.126605453280462,0.258377926994017,2.31929496266062e-06,0.000331161049325331,0.00247596606676156,3.68394553854033e-06,0.00350991878120009,0,0,0,0,0.00205039227671593,0.00971374092197144,0.0124506350525092,0.0492532785737055,0.108091728834507,0.0133589423602521,0.000199467421004496,3.08566679022095e-07,0.00086430944475915,0.000746218163293098,0.00618663229145783,0.0296729538556591,0.0605569199932515,5.4358110667032e-07,7.7615349740536e-05,0.000580300650118451,8.63418937648064e-07,0.000822631690287022,0,0,0,0
PER,2023,64355040435,221631764.68,2378990313.46,1555800524.1,8552333138.55,39982898503.4,3599008794.62,53383647.51,189018.93,239599083.81,152092810.64,1681633219.91,8373413343.48,17055612476.27,161182.88,27441379.33,162106484.71,667182.83,186250359.04,0,0,0,0,2.7178e+11,0.00344389131266032,0.0369666509006833,0.0241752707104798,0.132892980576837,0.621286199699985,0.0559242721361519,0.000829517737059285,2.93712704898248e-06,0.00372308186259319,0.00236333952417631,0.0261305596040839,0.130112781949649,0.265023724031322,2.50458827949612e-06,0.000426406061506812,0.00251893998689553,1.03672194981195e-05,0.0028941067829507,0,0,0,0,0.000815482245492678,0.00875336784700861,0.00572448496614909,0.031467853184745,0.147114940405475,0.0132423607131503,0.000196422280925749,6.95485061446758e-07,0.000881592036978439,0.000559617376701744,0.00618747965232909,0.0308095273510928,0.0627552155282582,5.93063801604239e-07,0.000100969090183236,0.000596462155824564,2.45486360291412e-06,0.000685298252410038,0,0,0,0
PER,2024,74053924515.753,317674708.75,2394804000.355,1326610877.722,8274289451.804,40978338948.292,3631549986.32,79757102.203,25164.432,187857232.325,146738445.64,1752528076.873,12756325694.357,26067618754.691,278287.008,37195316.785,222110045.461,9636.7,174980514.887,0,0,0,0,2.94675e+11,0.00428977546871838,0.0323386507334337,0.0179141198308781,0.11173330118438,0.553358099739534,0.0490392644288215,0.00107701384801063,3.39812267405854e-07,0.00253676268413078,0.00198150802404517,0.0236655665224089,0.172257254126261,0.352008606230529,3.75789682747741e-06,0.000502273404525478,0.00299930148082499,1.30130848068019e-07,0.00236287969923562,0,0,0,0,0.00107805110290999,0.00812693306305252,0.00450194579696954,0.0280793737229287,0.139062828364442,0.0123239161324171,0.000270661244432001,8.53972410282515e-08,0.000637506515058963,0.00049796706758293,0.00594732527996267,0.0432894738079477,0.088462267768528,9.44386215321965e-07,0.000126224880919657,0.000753745806264529,3.27028081785017e-08,0.000593808483539493,0,0,0,0
PHL,2000,38078249794,104,436423192,67949917,1010055925,56803318,325478462,45167584,215935,27015308,86159380,76558058,143995847,346732081,134000,421336,1225530,0,47989711,0,0,0,0,8.3667e+10,2.73121796728135e-09,0.0114612198396988,0.00178448109793919,0.0265257970222979,0.00149175233387304,0.0085476213786298,0.0011861780476874,5.67082261312401e-06,0.00070946821731961,0.00226269275678674,0.00201054561105546,0.003781577351349,0.00910577778326972,3.51906930399712e-06,1.10650043602159e-05,3.2184514956176e-05,0,0.00126029193199845,0,0,0,0,1.2430229361636e-09,0.00521619266855511,0.000812147166744356,0.0120723334767591,0.000678921414655718,0.00389016532205051,0.000539849450799001,2.58088613192776e-06,0.000322890841072346,0.00102978928370803,0.000915032904251377,0.00172105904358947,0.00414419162871861,1.60158724467233e-06,5.03586838299449e-06,1.46477105668902e-05,0,0.000573579918008295,0,0,0,0
PHL,2001,32150202592,400,242084096,29222426,545845119,20676136,326469255,36836107,5884,26688146,74513772,61234474,63671628,183733333,107708,520828,1280032,93,42794612,0,0,0,0,7.8921e+10,1.24416012264735e-08,0.00752978446425835,0.000908934427905331,0.0169779682550375,0.000643110597540834,0.0101545007085348,0.00114575038507428,1.83015954041426e-07,0.000830108175014762,0.00231767659276092,0.00190463726705216,0.00198044251254092,0.00571484215299218,3.35014996225253e-06,1.61998357089544e-05,3.98141192528135e-05,2.8926722851551e-09,0.00133108374286415,0,0,0,0,5.06835949873925e-09,0.00306742306863826,0.000370274400983262,0.00691634823431026,0.000261985225732061,0.00413665887406394,0.000466746582025063,7.45555682264543e-08,0.0003381627957071,0.000944156460257726,0.000775895819870503,0.000806776751434979,0.00232806645886393,1.36475716222552e-06,6.59935885252341e-06,1.62191558647255e-05,1.17839358345687e-09,0.000542246195562651,0,0,0,0
PHL,2002,35208158692,42925130,353324472,20400770,833718069,25583436,271180267,44814453,155598,44682456,61432528,59122890,83818254,232198682,0,322669,5295651,0,42020923,0,0,0,0,8.4307e+10,0.00121918133735728,0.0100353010531131,0.000579433027965631,0.0236796839134174,0.000726633739179694,0.00770219963424607,0.00127284284850099,4.41937340038617e-06,0.00126909380268593,0.00174483785242534,0.00167923834123805,0.00238064860855803,0.00659502486430113,0,9.16460877215135e-06,0.000150409768551835,0,0.00119349959103507,0,0,0,0,0.00050915262077882,0.00419092687439952,0.000241981923209223,0.00988907290023367,0.000303455656113964,0.00321658067538876,0.000531562657905038,1.8456118709004e-06,0.000529996987201537,0.000728676480007591,0.000701280913803124,0.000994202782687084,0.0027542040637195,0,3.82730971330969e-06,6.28138944571625e-05,0,0.000498427449677963,0,0,0,0
PHL,2003,36231205444,2902603,536160126,25523909,1129385404,24638798,348295672,36831467,53286,74494098,69942048,63321724,119490101,320084657,0,186167,10101081,459,36813508,0,0,0,0,8.7039e+10,8.01133433025392e-05,0.0147982966459315,0.000704473083001627,0.031171620986931,0.00068004356184291,0.00961314059887783,0.00101656752925121,1.47072114623292e-06,0.0020560756145732,0.00193043668138794,0.00174771231660707,0.00329798855808668,0.00883450200117498,0,5.13830543915369e-06,0.000278795057360499,1.26686372803534e-08,0.00101607185156729,0,0,0,0,3.33483036340031e-05,0.00615999869024231,0.000293246808901757,0.0129756247659095,0.000283077677822585,0.00400160470593642,0.000423160502763129,6.12208320408093e-07,0.000855870333988212,0.000803571364560714,0.000727509782970852,0.00137283402842404,0.00367748546054068,0,2.13889176116454e-06,0.000116052355840485,5.27349808706442e-09,0.000422954169969784,0,0,0,0
PHL,2004,39680520434,100070346,383552370,16725677,1001293602,28521438,497622695,32046186,44537,166547058,87300871,82782076,51905942,190200635,16141,226277,805996,121,38031005,0,0,0,0,9.5002e+10,0.00252190104629412,0.00966601157961012,0.000421508508887114,0.025233882798121,0.000718776812603536,0.0125407300498412,0.000807604982230561,1.1223895128613e-06,0.00419719943635858,0.0022000939011172,0.00208621447235527,0.00130809630096295,0.00479329990936883,4.06773898715544e-07,5.70247057057538e-06,2.03121327841605e-05,3.04935516663037e-09,0.000958430095775996,0,0,0,0,0.00105334988737079,0.00403730837245532,0.000176056051451548,0.0105397107639839,0.000300219342750679,0.005238023357403,0.000337321172185849,4.68800656828277e-07,0.00175309001915749,0.000918937190795983,0.000871371929012021,0.000546366834382434,0.00200206979853056,1.69901686280289e-07,2.38181301446285e-06,8.48398981074083e-06,1.27365739668639e-09,0.000400317940674933,0,0,0,0
PHL,2005,41254683469,157214178,585750423,31461336,1549237631,73837564,434959606,32862494,256733,207538699,96896506,113334845,44764497,202185355,0,101477,286118,73,31435473,0,0,0,0,1.0742e+11,0.00381082012465652,0.0141983981876906,0.000762612468561078,0.0375530121850079,0.00178979834024139,0.0105432782274731,0.000796576079045519,6.22312373800945e-06,0.00503067001243509,0.00234873953336258,0.00274719948063989,0.00108507672913398,0.00490090670922074,0,2.45976920599216e-06,6.93540650275496e-06,1.76949606351614e-09,0.00076198555792148,0,0,0,0,0.00146354662074102,0.00545289911562093,0.000292881549059765,0.0144222456805064,0.000687372593557997,0.00404914919009496,0.000305925283932229,2.38999255259728e-06,0.00193203033885682,0.000902034127722957,0.00105506279091417,0.000416724045801527,0.00188219470303482,0,9.44675107056414e-07,2.66354496369391e-06,6.79575498045057e-10,0.000292640783839136,0,0,0,0
PHL,2006,47410117340,129627920,918296367,44838758,2185844219,169167446,1374063292,41860636,30401,363410878,180839948,158742204,295876718,718431429,0,613428,237711029,12320,27287363,0,0,0,0,1.27653e+11,0.00273418264440009,0.019369206796399,0.000945763489224049,0.0461050160100701,0.00356817184793747,0.0289824908499161,0.000882947319024712,6.41234439096202e-07,0.00766526004130746,0.00381437461339977,0.00334827696927189,0.0062407927801176,0.0151535467387223,0,1.29387572614685e-05,0.00501393040846669,2.59860145707878e-07,0.000575559912756799,0,0,0,0,0.00101547100342334,0.00719369201663886,0.000351255027300573,0.0171233282335707,0.00132521324214864,0.0107640501359153,0.000327925203481313,2.38153431568392e-07,0.00284686515788897,0.00141665255027301,0.00124354464054899,0.00231782032541343,0.00562800270263919,0,4.80543347982421e-06,0.00186216562869654,9.6511637015973e-08,0.000213762018910641,0,0,0,0
PHL,2007,50465711125,135220466,1108682592,132975920,2792368730,278527654,1457838974,47672847,392009,382917705,258510416,178214225,219705452,646786319,0,538809,1612638,0,25343665,0,0,0,0,1.5598e+11,0.0026794523050526,0.0219690274304046,0.00263497565050908,0.0553320000402551,0.0055191465212906,0.0288877128945837,0.000944658183492505,7.76782871500654e-06,0.00758768075320567,0.0051224962501705,0.00353139232613954,0.00435355902259665,0.0128163520255953,0,1.06767345191155e-05,3.19551228755225e-05,0,0.000502195737165489,0,0,0,0,0.000866909001153994,0.00710785095525067,0.00085251904090268,0.0179020946916271,0.0017856626105911,0.00934631987434286,0.000305634356968842,2.51320041030901e-06,0.00245491540582126,0.00165733052955507,0.00114254535837928,0.00140854886523913,0.00414659776253366,0,3.45434671111681e-06,1.03387485575074e-05,0,0.000162480221823311,0,0,0,0
PHL,2008,49077539969,160515890,1240162236,167181339,3176085171,271435112,1624152058,51497788,64681,387156714,210558493,115557648,399747586,898474284,0,939082,4979960,19505,27923227,0,0,0,0,1.81007e+11,0.00327065884111939,0.0252694457950287,0.0034064734928768,0.0647156555321678,0.00553073997130771,0.0330935914682338,0.00104931477886888,1.31793484434745e-06,0.00788867400942567,0.00429032288767937,0.00235459332462451,0.00814522460279187,0.0183072396164829,0,1.91346591657441e-05,0.000101471263701188,3.97432308390364e-07,0.0005689614234462,0,0,0,0,0.000886793825653152,0.00685146008717895,0.000923618086593336,0.0175467532802599,0.00149958350782014,0.00897286877303088,0.000284507162706415,3.57339771390057e-07,0.00213890465009641,0.00116326160314242,0.000638415354102328,0.00220846478865458,0.00496375435204163,0,5.18809769787909e-06,2.75125271398344e-05,1.07758263492572e-07,0.00015426600628705,0,0,0,0
PHL,2009,38435801947,225222991,292954261,80953786,1332781113,299650922,813302782,33182145,91898,153630629,173813445,94178404,216898003,510756049,0,829262,2266449,0,15632639,0,0,0,0,1.76132e+11,0.00585971879318572,0.00762191098299344,0.00210620780364175,0.0346755120353103,0.00779614075473683,0.0211600315539528,0.000863313455661875,2.39094790130099e-06,0.00399707099156783,0.00452217558097722,0.0024502781060706,0.00564312417102902,0.0132885492984976,0,2.15752490644917e-05,5.89671318195795e-05,0,0.000406720770950902,0,0,0,0,0.00127871704744169,0.00166326539754275,0.00045961997819817,0.00756694475166353,0.001701286092249,0.00461757535257648,0.000188393619558059,5.21756409965253e-07,0.000872247115799514,0.000986836264846819,0.000534703540526423,0.0012314514284741,0.00289984811959212,0,4.70818477051303e-06,1.28679002112052e-05,0,8.87552460654509e-05,0,0,0,0
PHL,2010,51497514607,339780981,348831213,76908130,1822921005,536398334,1011073346,44471488,351734,208322855,259669290,14380794,327482708,746336832,0,73987,1002769,11180,45109471,0,0,0,0,2.08369e+11,0.00659800737167642,0.00677374851314832,0.001493433820776,0.0353982326897037,0.0104160043080426,0.0196334396662818,0.000863565714566641,6.83011602956445e-06,0.0040452992069579,0.00504236548077416,0.000279252195173808,0.00635919442907417,0.014492676737812,0,1.43671011241275e-06,1.94721824471058e-05,2.17097855795944e-07,0.000875954331859509,0,0,0,0,0.00163066953817506,0.00167410321592943,0.000369095834793083,0.00874852307684924,0.0025742712879555,0.00485232134338601,0.000213426603765435,1.6880342085435e-06,0.000999778541913624,0.00124619924268965,6.90159956615428e-05,0.001571647932274,0.00358180358882559,0,3.55076810849983e-07,4.81246730559728e-06,5.36548142957926e-08,0.000216488397986265,0,0,0,0
PHL,2011,48042128759,415181803,647541479,48591362,2514192480,711876476,1360679255,56849556,374349,161755765,338312580,40795084,512422710,1152092316,0,43403,2248799,87526,62284909,0,0,0,0,2.34217e+11,0.00864203593231122,0.0134786175327148,0.00101143232523594,0.0523330781742056,0.0148177546330447,0.0283226262063813,0.00118332716448061,7.79209851166038e-06,0.00336695665197178,0.00704199811163909,0.000849152297239902,0.0106661116656702,0.023980875655602,0,9.03436236510837e-07,4.68088958189373e-05,1.82185931932925e-06,0.00129646438675621,0,0,0,0,0.0017726373533945,0.00276470742516555,0.000207463002258589,0.0107344577037534,0.00303938858409082,0.00580948118625036,0.000242721732410542,1.59829986721715e-06,0.000690623502990816,0.00144444075366007,0.000174176443212918,0.00218781177284313,0.0049189098827156,0,1.8531105769436e-07,9.60134832228233e-06,3.73696187723351e-07,0.000265928216141441,0,0,0,0
PHL,2012,51995223994,597764069,465046721,4253798,2330029759,457013772,832985655,126542167,3094427,106250898,474186725,138457935,476665108,1076999982,57870,89451,2361369,6567,38496727,0,0,0,0,2.6192e+11,0.0114965187777435,0.00894402764864835,8.18113217569919e-05,0.0448123804461132,0.0087895336704913,0.0160204263202352,0.00243372674025988,5.95136776477217e-05,0.00204347418548021,0.00911981310157869,0.00266289717332456,0.00916747869102372,0.0207134405676237,1.11298683907349e-06,1.72036954798622e-06,4.54151135164355e-05,1.26300061727935e-07,0.000740389675106359,0,0,0,0,0.00228223911499695,0.00177552963118509,1.6240829260843e-05,0.0088959596785278,0.00174486015577276,0.00318030564676237,0.000483132891722663,1.18143975259621e-05,0.000405661644777031,0.00181042579795357,0.000528626813530849,0.00181988816432499,0.0041119425091631,2.20945326817349e-07,3.4152031154551e-07,9.01561163714111e-06,2.50725412339646e-08,0.000146978951588271,0,0,0,0
PHL,2013,56697802975,975472251,843158520,48386520,4002773985,1935994016,987706553,62674175,20275513,112835737,1020144903,179037433,341400518,795521383,0,1190982,18725379,150909,53884297,0,0,0,0,2.83903e+11,0.0172047627917808,0.0148710968636964,0.000853410845942924,0.0705983966744701,0.0341458383643833,0.0174205436749553,0.0011054074710379,0.000357606678497581,0.0019901253854537,0.0179926707821433,0.00315774904150949,0.00602140647584767,0.0140309031612878,0,2.10057874821912e-05,0.000330266395123929,2.66163752529425e-06,0.000950377160535822,0,0,0,0,0.0034359349883587,0.00296988238940765,0.000170433281789907,0.0140990901293752,0.00681920943420816,0.00347902823499576,0.000220759114908965,7.14170438494838e-05,0.000397444680049172,0.00359328680218244,0.000630628887331236,0.0012025252216426,0.00280208868169762,0,4.19503140157025e-06,6.59569606520537e-05,5.31551269271547e-07,0.000189798265604802,0,0,0,0
PHL,2014,61809755230,1014979342,447999414,3358928,3303830398,1828808418,658881709,71997543,325923925,137087903,682192751,127197252,273357931,678752703,0,2820445,15536737,19859,64988862,0,0,0,0,2.97484e+11,0.0164210218633477,0.00724803734188805,5.43430076288299e-05,0.0534516013808198,0.0295876987571756,0.0106598336548695,0.0011648249169098,0.00527301756473887,0.00221790075838163,0.0110369754492878,0.00205788312098449,0.00442256938217615,0.0109813200274665,0,4.56310656708614e-05,0.000251363833139062,3.21292325557718e-07,0.00105143373822094,0,0,0,0,0.0034118787632276,0.00150596137607401,1.12911215393097e-05,0.0111059095547996,0.00614758581301852,0.00221484755146495,0.000242021564184965,0.00109560152814941,0.000460824457785965,0.00229320820951715,0.00042757678396149,0.000918899608046147,0.00228164440104342,0,9.48099729733364e-06,5.22271349047344e-05,6.67565314437079e-08,0.000218461705503489,0,0,0,0
PHL,2015,58648083080,289704504,312813383,5520422,1382601252,1399924848,860178272,65825949,332683284,74162635,515149853,122625867,414474486,979640340,291421,4799440,10991382,381600,39025627,0,0,0,0,3.06446e+11,0.00493970968505182,0.00533373584560814,9.41279187670937e-05,0.023574534398917,0.0238699165340222,0.0146667755675264,0.00112238875583041,0.00567253465976368,0.001264536385594,0.00878374579263401,0.00209087595979446,0.00706714464025411,0.0167037060471986,4.96897741060832e-06,8.1834558743433e-05,0.00018741246811097,6.50660652419742e-06,0.000665420333461988,0,0,0,0,0.000945368854545336,0.00102077815667361,1.80143385784119e-05,0.00451172882661219,0.00456825949106857,0.00280694893064357,0.000214804399470053,0.00108561796858174,0.000242008820477344,0.00168104609947593,0.000400154895152816,0.00135252046363797,0.00319677966101695,9.50970154611253e-07,1.56616173812026e-05,3.58672718847693e-05,1.24524386025597e-06,0.000127349115341692,0,0,0,0
PHL,2016,56312747948,173591470,196812521,39528766,1160494167,1054040762,653636664,168785064,256869703,78114312,226015247,115858707,641652613,1398935055,0,1062350,2498325,0,17022669,0,0,0,0,3.18627e+11,0.00308263184315382,0.00349499053361309,0.000701950578517344,0.0206080187752801,0.0187176225705291,0.0116072592409019,0.00299727983716686,0.00456148407527896,0.00138715148605662,0.0040135716198525,0.00205741526069702,0.0113944468416372,0.0248422445356742,0,1.8865177756571e-05,4.43651764660284e-05,0,0.000302288018615589,0,0,0,0,0.000544810923116999,0.00061768940171423,0.000124059687346019,0.00364217146381192,0.0033080710737006,0.00205141643363557,0.000529726181397057,0.000806176824311813,0.000245159110809818,0.000709341163805955,0.000363618610475572,0.00201380489726232,0.0043905100791835,0,3.33414933448829e-06,7.84090802097751e-06,0,5.34250675554802e-05,0,0,0,0
PHL,2017,68712611186,195753411,395558081,96622634,1724733719,742797854,2051399206,177529219,455299879,111536011,355451906,78245986,1235571745,2595223500,1034,1668759,4239003,1319,22493709,0,0,0,0,3.28481e+11,0.0028488716644767,0.00575670279694732,0.00140618486668262,0.0251006866022203,0.0108102114179492,0.0298547700428239,0.00258364826973962,0.00662614724053401,0.00162322474833739,0.00517302282455571,0.0011387427234892,0.0179817317909139,0.0377692457789869,1.50481837635458e-08,2.42860658501653e-05,6.16917757429612e-05,1.91958939885076e-08,0.000327359251988128,0,0,0,0,0.000595935262617929,0.00120420383827375,0.000294149841238915,0.00525063464553505,0.00226131147311412,0.00624510765006195,0.000540455061327748,0.00138607675634207,0.000339550875088666,0.00108210796362651,0.000238205515691927,0.00376147096787942,0.00790068070908211,3.14782285733421e-09,5.0802299067526e-06,1.29048651215748e-05,4.01545294857237e-09,6.84779606735245e-05,0,0,0,0
PHL,2018,67487668298,202677308,456388746,87253311,1890783960,1234269726,1401684512,173127579,384410991,143295645,477149655,71809355,1137186322,2591400432,0,1074778,2634518,414,24505013,0,0,0,0,3.46842e+11,0.00300317544095691,0.0067625502185786,0.00129287784273006,0.0280167326518234,0.0182888186409098,0.0207694908914424,0.00256532168566758,0.00569601826073745,0.00212328635162295,0.00707017544143158,0.00106403668716064,0.0168502831803081,0.0383981325381899,0,1.59255465050917e-05,3.90370280443972e-05,6.13445404828528e-09,0.000363103565703221,0,0,0,0,0.000584350534249024,0.00131584048644628,0.000251565009427924,0.00545142733578978,0.00355859361323023,0.00404127675425698,0.000499154021139308,0.00110831730586261,0.000413143866659747,0.0013756974501358,0.000207037656915829,0.0032786869006637,0.00747141474215925,0,3.09875389947008e-06,7.5957294675962e-06,1.19362706938606e-09,7.06518039914428e-05,0,0,0,0
PHL,2019,70926674490,170097781,225692855,49354337,1491938654,1160257670,1422862288,167415714,399407483,177514242,467861975,143395289,1418480888,3065514166,0,1251582,3115064,83950,51070606,0,0,0,0,3.76823e+11,0.00239822016502384,0.00318205888860362,0.000695850148831643,0.0210349443947263,0.0163585516780938,0.0200610320197743,0.00236040552026169,0.00563127322508703,0.002502785352287,0.00659641775628384,0.00202173991704937,0.0199992583636498,0.0432208923940486,0,1.76461396082578e-05,4.39194988683587e-05,1.18361675073087e-06,0.000720047942008059,0,0,0,0,0.000451399678363582,0.000598935985860736,0.000130974852915029,0.00395925581506437,0.00307905215445979,0.00377594331556195,0.000444282100614878,0.00105993392919222,0.00047108122911818,0.00124159612072512,0.000380537517614371,0.00376431610597018,0.00813515673406347,0,3.32140554053229e-06,8.26665039023627e-06,2.2278364112594e-07,0.000135529428936132,0,0,0,0
PHL,2020,65214435072,221360958,194303624,4663773,1130971709,411479812,1740763434,204194385,405462673,130539097,292145239,500408961,1285334198,2669093672,1512,4797003,10292317,969,39131643,0,0,0,0,3.61751e+11,0.00339435521837468,0.00297945729017631,7.15144276700544e-05,0.0173423523143511,0.00630964312649041,0.026692915948411,0.00313112250032618,0.00621737614613006,0.00200169022174122,0.00447976339406233,0.00767328522354788,0.0197093511057932,0.0409279581898269,2.31850509527634e-08,7.35573802748405e-05,0.000157822681261239,1.4858673527267e-08,0.000600045725410282,0,0,0,0,0.000611915262155461,0.000537119797872017,1.28922186808053e-05,0.00312638170730696,0.00113746696484599,0.00481204871306506,0.000564461148690674,0.00112083359271985,0.000360853451683617,0.000807586541571413,0.00138329669026485,0.00355309093271339,0.0073782620421229,4.17967054686787e-09,1.32605106827625e-05,2.84513850687351e-05,2.67863806872683e-09,0.0001081728675249,0,0,0,0
PHL,2021,74619528755,216318265,5927451,12215298,1116027820,598880590,2582716092,320094266,503657241,188975382,375901014,210829552,954698456,2092549479,0,3053883,7051969,323,24948557,0,0,0,0,3.94087e+11,0.00289894976032672,7.94356530910525e-05,0.000163701087420517,0.0149562432063097,0.00802578895889732,0.0346117984807957,0.00428968490341145,0.00674967062112747,0.00253251910261276,0.00503756885458503,0.00282539377449329,0.0127942171698053,0.0280429200493951,0,4.09260558322056e-05,9.45056758955674e-05,4.32862556745049e-09,0.000334343534678625,0,0,0,0,0.000548909923443301,1.50409706486131e-05,3.0996450022457e-05,0.00283193259356437,0.00151966593670941,0.00655366985462601,0.000812242641853195,0.00127803566471363,0.000479527063820933,0.000953852864976515,0.000534982255187306,0.00242255759768782,0.00530986680352308,0,7.74926094999328e-06,1.78944471652199e-05,8.19615973122686e-10,6.33072316518941e-05,0,0,0,0
PHL,2022,78928518085,323547500,7159665,12249800,1580806067,803915612,2270022773,343621970,656174703,168231592,408543760,364438456,1062979762,2385937228,0,8898443,18900581,2570,39716021,0,0,0,0,4.04353e+11,0.0040992471143518,9.07107490893163e-05,0.000155201190864979,0.0200283256971529,0.0101853630538742,0.0287604889598378,0.00435358446271531,0.00831353126753691,0.00213144242514255,0.00517612353446228,0.00461732292512483,0.0134676259961609,0.03022908938225,0,0.000112740530493896,0.00023946453650182,3.25611079791503e-08,0.000503189746413696,0,0,0,0,0.000800160997939919,1.77064718204143e-05,3.02948166577223e-05,0.00390947035634705,0.00198815295546218,0.00561396298036617,0.000849806901395563,0.00162277688801616,0.00041605130170915,0.00101036411254523,0.000901287874703539,0.00262884104235655,0.00590062946979496,0,2.20066204529211e-05,4.67427742591251e-05,6.3558326511736e-09,9.82211607184811e-05,0,0,0,0
PHL,2023,72923284860,169108970,6827586,28348000,1034973629,1483649334,2514345505,417325838,497703279,178001537,334057318,360401510,1203469761,2636102874,0,5199125,11171631,0,30377441,0,0,0,0,4.37055e+11,0.00231899825034843,9.36269672040662e-05,0.000388737288157318,0.014192635877374,0.0203453442456459,0.0344793231658051,0.005722806354667,0.00682502550393202,0.00244094238680734,0.00458094172034806,0.0049422007071117,0.0165032302550612,0.036148986967069,0,7.12958146356327e-05,0.00015319703468443,0,0.000416567095932656,0,0,0,0,0.000386928349978836,1.56218004598964e-05,6.48614018830582e-05,0.00236806266717004,0.00339465132306003,0.00575292698859411,0.000954858857580854,0.00113876578233861,0.000407274912768416,0.000764337023944355,0.000824613629863518,0.00275358881834094,0.00603151290798641,0,1.18958140279827e-05,2.55611559185915e-05,0,6.95048472160255e-05,0,0,0,0
PHL,2024,72983913780,168274610,187181498,32644961,1306357470,2611185448,1752291339,322659252,379783697,217813424,428114679,362192094,1370854471,2995740436,0,4916297,10442583,425,31794354,0,0,0,0,4.61617e+11,0.00230563971270766,0.00256469526372939,0.000447289810990457,0.0178992520726942,0.0357775475822119,0.0240092816107676,0.00442096395340776,0.00520366307217788,0.00298440317487726,0.00586587724372377,0.0049626290951151,0.0187829673691144,0.0410465852109583,0,6.73613779444537e-05,0.00014308061131769,5.82320100400623e-09,0.000435635092081246,0,0,0,0,0.000364532956975155,0.000405490911296594,7.07187148653537e-05,0.00282995962020463,0.00565660590489518,0.00379598528433745,0.000698976103566376,0.000822724676517546,0.00047184879239716,0.000927423987851401,0.000784616021507007,0.00296967934673116,0.00648966661973021,0,1.06501645303358e-05,2.26217470327133e-05,9.20676664854197e-10,6.88760465927381e-05,0,0,0,0
POL,2000,30955677000,19696000,363022000,21770000,2017706000,0,788952000,480726000,4782000,984002000,1319068000,0,3002000,209761000,269000,389000,87158000,0,32893000,0,0,0,0,1.72151e+11,0.000636264553348324,0.0117271542793265,0.000703263572623529,0.0651804836960923,0,0.0254865044624933,0.0155294939923297,0.000154478934510138,0.0317874488740789,0.0426115054760392,0,9.69773654118435e-05,0.00677617226720643,8.68984386934907e-06,1.25663541456386e-05,0.0028155740221737,0,0.00106258377098327,0,0,0,0,0.000114411185528983,0.00210874174416646,0.000126458748424348,0.0117205592764492,0,0.00458290686664614,0.00279246707832078,2.77779391348293e-05,0.00571592381107284,0.00766227323686763,0,1.74381792728477e-05,0.00121847099348828,1.56258168700734e-06,2.25964414961284e-06,0.000506288084298087,0,0.000191070629854024,0,0,0,0
POL,2001,35367141000,70327000,447217000,12311000,2576303000,0,680739000,523372000,386000,920554000,1545656000,146000,179000,199128000,72000,0,71762000,0,90416000,0,0,0,0,1.91403e+11,0.001988484169529,0.0126449859206884,0.000348091467161567,0.0728445366844892,0,0.0192477814364469,0.0147982558160412,1.09140854783823e-05,0.0260285104753025,0.0437031650367215,4.12812559545031e-06,5.06119507935346e-06,0.00563031091486869,2.0357879648796e-06,0,0.00202905855466236,0,0.00255649728656325,0,0,0,0,0.000367428932670857,0.00233652032622268,6.43197860012644e-05,0.0134600972816518,0,0.00355657434836445,0.00273439810243309,2.01668730375177e-06,0.00480950664305157,0.00807540111701488,7.62788462040825e-07,9.3519955277608e-07,0.00104035986896757,3.76169652513284e-07,0,0.000374926202828587,0,0.00047238549030057,0,0,0,0
POL,2002,40253902000,90642000,455570000,6844000,2600200000,16478000,727265000,651085000,374000,1001673000,1671539000,0,1463000,230442000,62027000,753000,220447000,0,39727000,0,0,0,0,1.99694e+11,0.00225175686073862,0.011317412160441,0.00017002078456891,0.0645949801338514,0.000409351620123684,0.018066944168543,0.0161744568265705,9.29102475581125e-06,0.0248838733695928,0.0415248936612406,0,3.63443027212617e-05,0.00572471210368625,0.00154089409767033,1.87062610725291e-05,0.00547641319343402,0,0.000986910536027041,0,0,0,0,0.000453904473844983,0.00228134045088986,3.42724368283474e-05,0.0130209220106763,8.25162498622893e-05,0.00364189710256693,0.0032604134325518,1.87286548419081e-06,0.00501603954049696,0.00837050186785782,0,7.32620909992288e-06,0.00115397558264144,0.000310610233657496,3.7707692769938e-06,0.0011039240037257,0,0.000198939377247188,0,0,0,0
POL,2003,52755502000,32290000,465294000,7281000,2827817000,0,887421000,840997000,1017000,1344635000,2222374000,0,2869000,257395000,67198000,274000,243887000,0,43336000,0,0,0,0,2.18561e+11,0.000612068860609079,0.0088198194000694,0.000138014040696646,0.0536023143140596,0,0.0168213923923992,0.0159414083482705,1.92776101343894e-05,0.0254880524120498,0.0421259189231106,0,5.43829532699736e-05,0.00487901716867371,0.00127376287690334,5.19377106865555e-06,0.00462296804606276,0,0.00082144986507758,0,0,0,0,0.000147739075132343,0.00212889765328673,3.33133541665713e-05,0.0129383421561944,0,0.00406028980467696,0.00384788228457959,4.65316319013914e-06,0.00615221837381784,0.0101682093328636,0,1.31267701007957e-05,0.00117768037298512,0.000307456499558476,1.25365458613385e-06,0.00111587611696506,0,0.000198278741404002,0,0,0,0
POL,2004,73778879602,32390113,685990706,10721563,4764551764,28500,1445373072,1029981360,3795637,2758997729,3114893746,922010,4190810,350507672,26314005,2105745,257863748,712,137428765,0,0,0,0,2.56454e+11,0.00043901605953802,0.00929792793954822,0.000145320219795115,0.0645788034421553,3.86289411736031e-07,0.0195906074990168,0.0139603822334553,5.14461187331057e-05,0.0373954950777703,0.0422193148337748,1.24969368601662e-05,5.68022992841219e-05,0.00475078605002967,0.000356660403925227,2.85412981514417e-05,0.00349508896571818,9.65045828617732e-09,0.00186271146622664,0,0,0,0,0.000126299893938094,0.00267490741419514,4.18069634320385e-05,0.0185785823734471,1.11131041044398e-07,0.00563599348031226,0.0040162421330921,1.48004593416363e-05,0.0107582557846631,0.012146013499497,3.59522565450334e-06,1.63413711620798e-05,0.0013667467538038,0.000102607114726228,8.21100470259774e-06,0.00100549707939825,2.7763263587232e-09,0.000535880762241962,0,0,0,0
POL,2005,89378002388,88727973,1180142298,16412749,6000976652,35396,1922153193,1215602381,13482995,2466289163,3771410490,5552,9246109,406420066,55815685,38901664,528535428,1715,128268460,0,0,0,0,3.07158e+11,0.000992727188227164,0.013203945786088,0.00018363298083963,0.06714153921173,3.96025857082171e-07,0.0215058867019171,0.0136006886316717,0.00015085361766611,0.027593916815164,0.0421961823853243,6.21181929743534e-08,0.000103449492637591,0.00454720462687994,0.000624490182245267,0.000435248752048893,0.00591348445790462,1.91881665978055e-08,0.00143512337010143,0,0,0,0,0.00028886753071709,0.00384213433477233,5.34342227778538e-05,0.0195371002936599,1.15237109240196e-07,0.00625786465923075,0.00395758007605206,4.38959590829475e-05,0.00802938280298739,0.0122784055437267,1.80753879111076e-08,3.01021265928285e-05,0.00132316288685302,0.000181716526999134,0.000126650336309001,0.00172072818549411,5.58344565337709e-09,0.000417597653324999,0,0,0,0
POL,2006,109584070673,114107923,1409308545,27793057,6473515927,43221668,3323844677,1676817410,18294355,2861050566,4760402565,0,26465990,673906030,106092395,37528861,596624559,328555,127436882,0,0,0,0,3.45898e+11,0.00104128202483461,0.0128605237635805,0.000253623148230501,0.0590735121194488,0.0003944156092629,0.0303314583642214,0.0153016528743821,0.000166943561118391,0.0261082705582037,0.0434406436607478,0,0.000241513112603517,0.00614967144276783,0.000968137014334691,0.000342466389225369,0.00544444603431765,2.9982003587037e-06,0.00116291429235434,0,0,0,0,0.000329888935466525,0.00407434719194676,8.0350441459621e-05,0.0187151007724821,0.000124954952037884,0.00960932031119,0.00484772218977849,5.28894500690955e-05,0.00827137065262014,0.0137624460534608,0,7.65138566860751e-05,0.00194827963734974,0.000306715838195075,0.000108496900820473,0.00172485692024817,9.49860941664884e-07,0.000368423298197735,0,0,0,0
POL,2007,138784983216,159619538,1544233294,33446805,7014553067,39282,3339468411,2042205177,31004181,4565067653,6224294731,7987,9960214,723796761,97905412,20177010,512234296,8870,300719966,0,0,0,0,4.29715e+11,0.00115012110317133,0.0111268039107416,0.00024099729109701,0.0505425940505595,2.83042149732172e-07,0.0240621739731205,0.0147148857871862,0.000223397231325425,0.0328930951117031,0.0448484741415628,5.75494539461039e-08,7.17672313617553e-05,0.00521523830768858,0.000705446725800467,0.000145383236229508,0.00369084813162226,6.39118137601029e-08,0.00216680478702779,0,0,0,0,0.000371454424444108,0.0035936220378623,7.78348556601468e-05,0.0163237333279034,9.14140767718139e-08,0.00777135638970015,0.004752464254215,7.21505672364241e-05,0.010623477544419,0.0144847043528851,1.85867377215131e-08,2.31786509663382e-05,0.00168436466262523,0.000227838013567132,4.69544000093085e-05,0.00119203261696706,2.06415880292752e-08,0.000699812587412587,0,0,0,0
POL,2008,171859897632,13039675,2134979121,40585530,9499328186,30244,3449625411,2261493263,25848538,6499207407,7421074568,1553943,28156196,846779232,105276793,18336854,471608802,21231,293579340,0,0,0,0,5.35612e+11,7.5873866909438e-05,0.0124227882735715,0.000236154743248509,0.0552736753418806,1.75980554025238e-07,0.0200723115661724,0.0131589352382979,0.000150404709627774,0.0378168932749897,0.0431809553610383,9.04191740720936e-06,0.000163832263302578,0.00492714847190932,0.0006125733487019,0.000106696525790236,0.00274414688067513,1.23536673142105e-07,0.00170824807907564,0,0,0,0,2.43453750102686e-05,0.00398605543005011,7.57741238060387e-05,0.0177354655720932,5.64662479556097e-08,0.00644053047915282,0.0042222602611592,4.82598186747123e-05,0.0121341706440483,0.0138553179689775,2.90124754486457e-06,5.25682695682696e-05,0.00158095642367983,0.000196554209016975,3.42353307991606e-05,0.000880504548068378,3.96387683621726e-08,0.000548119422268358,0,0,0,0
POL,2009,136641304601,4349927,1210165829,21817374,5450745299,27518,2848017963,1558887529,57640038,2838690350,4795951841,1070460,30400681,765611743,395440517,37540054,1207213684,26572,238141981,0,0,0,0,4.40954e+11,3.18346418947186e-05,0.00885651547702761,0.000159668952691193,0.0398909049859885,2.01388592419796e-07,0.0208430237936938,0.0114086112801106,0.000421834658036324,0.020774760298792,0.0350988440501533,7.83408796575678e-06,0.000222485295268306,0.00560307694101449,0.00289400425555587,0.000274734306069596,0.00883491040666751,1.94465356413214e-07,0.00174282572678435,0,0,0,0,9.86480902769904e-06,0.00274442646852053,4.94776643368696e-05,0.012361256047116,6.24056023984361e-08,0.00645876432235562,0.00353526111340412,0.000130716668858883,0.00643761106600689,0.0108763087328837,2.42760015783959e-06,6.89429759113196e-05,0.00173626215659683,0.000896784056840396,8.51337191634502e-05,0.00273773156383659,6.02602539040353e-08,0.000540060824938656,0,0,0,0
POL,2010,157064948463,8492,2081113169,45180079,8653989476,5242,4275114085,1870540708,85784509,3782002434,4922628360,3229805,33853074,1007773672,207773676,36627449,782746784,97377,260855399,0,0,0,0,4.78111e+11,5.40668053763789e-08,0.0132500165655372,0.00028765220656882,0.0550981588233777,3.33747284247501e-08,0.027218766038096,0.0119093453141816,0.000546172203534058,0.0240792262755616,0.03134135533212,2.05634995688478e-05,0.000215535511463749,0.00641628626795368,0.00132285196686609,0.000233199382538418,0.00498358667328244,6.19979193021155e-07,0.00166081230441718,0,0,0,0,1.77615658288556e-08,0.00435278244800894,9.4497049848257e-05,0.0181003772680403,1.09639811675531e-08,0.00894167690138901,0.00391235656155161,0.000179423834632543,0.00791030207211296,0.010295994779455,6.75534551599942e-06,7.08058881724119e-05,0.00210782364764668,0.000434572047076934,7.66086724630891e-05,0.00163716539464685,2.03670277404201e-07,0.00054559589509549,0,0,0,0
POL,2011,188105090147,152389562,3609343127,67134442,13054085678,1276,4971324283,2327324970,38156453,5421110863,6422975136,5958792,190271206,2000253064,223730762,97890934,885777652,1695304,177452590,0,0,0,0,5.27848e+11,0.000810129921954323,0.0191879078029169,0.000356898592948952,0.0693978332420378,6.78344216524303e-09,0.0264284410332279,0.0123724720483707,0.000202846467207142,0.0288195862151498,0.0341456742663401,3.16779944409975e-05,0.00101151545580881,0.010633699824055,0.00118939238606015,0.000520405555870393,0.00470895099812442,9.01253654898523e-06,0.000943369421110958,0,0,0,0,0.000288699705218169,0.00683784560517422,0.000127185178308907,0.0247307665805308,2.41736257407435e-09,0.0094180981703066,0.00440908172428426,7.228681931162e-05,0.0102702119985299,0.0121682286112669,1.12888407268759e-05,0.000360465903063003,0.00378944897773602,0.000423854522514057,0.000185452884163623,0.00167809227656447,3.21172761855686e-06,0.000336181230202634,0,0,0,0
POL,2012,179603599442,173602688,4390324298,113261754,13662505397,12588,4548854938,2091985623,60074227,5139342588,6137299076,2071722,668346193,2844334368,312674384,292959292,1552954267,95598,250302524,0,0,0,0,4.98149e+11,0.000966588022396857,0.0244445228917463,0.000630620735619366,0.0760703317720093,7.00876822018541e-08,0.0253271925069017,0.0116477934156079,0.00033448231097061,0.0286149197675722,0.0341713590098841,1.15349692680799e-05,0.00372122939115055,0.0158367336558783,0.00174091379555549,0.00163114376833303,0.00864656539080945,5.32272183280334e-07,0.0013936386841781,0,0,0,0,0.000348495506364562,0.00881327534131354,0.000227365214022311,0.0274265438593674,2.52695478662007e-08,0.00913151474358074,0.00419951786112187,0.000120594896306125,0.010316878259316,0.0123202075603886,4.15884002577542e-06,0.00134165920838946,0.0057098064394388,0.000627672411266509,0.000588095714334466,0.00311744933142494,1.91906437632114e-07,0.000502465174074424,0,0,0,0
POL,2013,203847917759,334039178,4622426542,236303442,14782225816,664,4584336758,2441961726,101367701,4825906457,6656574236,4342597,301707684,1734307567,477384999,267507456,1942306725,1337955,560342633,0,0,0,0,5.1818e+11,0.00163866858034292,0.0226758585165676,0.0011592144015882,0.0725159519827735,3.25733030437435e-09,0.0224890045892931,0.011979331223226,0.000497271211373581,0.0236740532356354,0.0326546099130125,2.13031216984716e-05,0.00148006262372861,0.00850785029381753,0.00234186840978376,0.00131228937210073,0.00952821469236835,6.56349603522467e-06,0.0027488268664214,0,0,0,0,0.000644639272067621,0.00892050357404763,0.000456025786406268,0.0285272025473774,1.28140800494037e-09,0.00884699671542707,0.00471257425219036,0.000195622565517774,0.00931318548959821,0.0128460655293527,8.38047975606932e-06,0.000582244941912077,0.00334692108340731,0.000921272528850978,0.000516244270330773,0.00374832437569956,2.58202748079818e-06,0.00108136677023428,0,0,0,0
POL,2014,214476794173,320402972,4607221009,176455542,13983054203,102554620,4134652933,2691975364,139142081,4582732301,7070267234,4228507,193671349,1482922401,806893839,190964486,2397524795,431925,514275628,0,0,0,0,5.42266e+11,0.00149388176578935,0.0214812097819951,0.000822725566560215,0.0651961171693058,0.000478161846811632,0.0192778568373459,0.0125513595742606,0.000648751215890359,0.0213670309586197,0.0329651851672914,1.97154522768054e-05,0.000902994422994695,0.00691413915765569,0.00376214984987676,0.000890373649682424,0.0111784811230726,2.0138542338133e-06,0.00239781478449915,0,0,0,0,0.000590859415858638,0.0084962380252496,0.000325404030494259,0.0257863377069556,0.000189122349548008,0.00762476890124035,0.00496430785629193,0.000256593776854902,0.00845107807054102,0.0130383745873796,7.79784644436494e-06,0.000357151930971147,0.00273467707914566,0.00148800374539433,0.00035216016862573,0.00442130761471307,7.96518682712912e-07,0.000948382579767125,0,0,0,0
POL,2015,194461157270,94530685,3251070053,95344043,9876575482,38,3340527440,2704135334,66939120,3538833955,5956636151,856374,215779836,1341598895,852702248,138782496,2304071080,766214,565333172,0,0,0,0,4.79729e+11,0.00048611602608509,0.0167183518736652,0.000490298650581511,0.0507894513261939,1.95411775459296e-10,0.0171783788952867,0.013905786492083,0.000344228744391654,0.0181981533211103,0.0306314959482088,4.40383062624155e-06,0.0011096294963441,0.00689905847437313,0.00438494895315296,0.000713677209106121,0.0118484900138741,3.94019047688865e-06,0.00290717786490935,0,0,0,0,0.000197050178329849,0.00677688872884483,0.000198745631387721,0.0205878224622652,7.9211388096196e-11,0.00696336356567979,0.00563679772121344,0.000139535279293101,0.00737673552151319,0.0124166688922287,1.78512034919715e-06,0.000449795271913935,0.00279657659845454,0.00177746654465334,0.000289293530305652,0.00480285969787109,1.59718090838786e-06,0.00117844277081436,0,0,0,0
POL,2016,196455269598,66339195,2209275259,103995796,7395591221,170576400,2700001389,2663750615,33151466,3342759025,5873476329,61379,309303134,1606861641,806935134,163240306,2171329743,1176732,260329395,0,0,0,0,4.72883e+11,0.000337680914010338,0.0112456910090565,0.000529361193582657,0.0376451659257263,0.000868270931846445,0.0137435936156099,0.0135590693008681,0.0001687481637313,0.0170153696148756,0.0298972704627303,3.1243244391254e-07,0.00157442014476332,0.00817927482570495,0.00410747512984103,0.000830928619700725,0.0110525400893706,5.98982151208216e-06,0.00132513317424727,0,0,0,0,0.000140286698824022,0.0046719278531899,0.000219918660641216,0.015639367921875,0.00036071586417782,0.00570966050587566,0.00563300142952908,7.010500694675e-05,0.00706889235815202,0.0124205698428575,1.29797434037595e-07,0.000654079622232138,0.00339801101118036,0.00170641603525608,0.000345202314314535,0.00459168492629255,2.48842102591973e-06,0.000550515444623723,0,0,0,0
POL,2017,221307621302,121704785,1797770054,147347858,7705026647,42868932,3324731575,3090820152,32042815,4523075775,6823819142,1657568,178481820,1344028861,538945406,215601693,1732490920,17156223,407271115,0,0,0,0,5.28497e+11,0.000549934901852836,0.00812339874886972,0.000665805619947117,0.0348159119042972,0.00019370743649854,0.0150231228162857,0.0139661713131073,0.000144788574435373,0.0204379575741214,0.0308340901314379,7.48988213893482e-06,0.000806487453753076,0.00607312506046015,0.00243527720748734,0.000974217208298427,0.00782842863615535,7.75220613689952e-05,0.00184029412364535,0,0,0,0,0.000230284722524442,0.00340166557993707,0.000278805476663065,0.0145791303394343,8.1114806706566e-05,0.00629091853879965,0.00584832109169967,6.06300792625124e-05,0.00855837549692808,0.0129117462199407,3.13638109582457e-06,0.000337715862152481,0.00254311540273644,0.00101977003842974,0.000407952538992653,0.00327814712287865,3.24622902305973e-05,0.000770621432098952,0,0,0,0
POL,2018,261815268525,126189395,2546084770,229100864,9703401449,304680312,3500874111,3826630190,38000925,5488186591,8716685656,3204158,157505797,1271564299,404435852,257233709,1657416581,3659041,387366606,0,0,0,0,5.94641e+11,0.00048197874673589,0.00972473753858584,0.000875047759019921,0.0370620151516238,0.00116372247392786,0.0133715429612758,0.0146157640521053,0.000145144036916133,0.0209620570332626,0.0332932670623359,1.22382396490908e-05,0.000601591335323365,0.00485672323911309,0.00154473745659865,0.000982500793208848,0.00633048099271467,1.39756593288623e-05,0.00147954169434932,0,0,0,0,0.000212211056755252,0.00428171749004862,0.000385275929510411,0.0163180834301705,0.000512376899675603,0.005887374249337,0.00643519399099625,6.39056590447009e-05,0.00922941168032477,0.0146587363737112,5.38839064242123e-06,0.000264875440812188,0.00213837306711108,0.00068013448786747,0.000432586567357448,0.00278725580812625,6.15336143992762e-06,0.000651429359899502,0,0,0,0
POL,2019,251864773270,113555843,1837536150,160963864,7756376490,1362,3714270533,3679005587,28895056,4874226332,8561765991,666265,215358876,1715149318,431525305,240586647,1632200968,13389962,499631972,0,0,0,0,6.02592e+11,0.000450860362589363,0.00729572510733827,0.00063908843587049,0.0307957972418999,5.40766373287117e-09,0.0147470822726697,0.0146070668765421,0.000114724483399766,0.0193525528350676,0.0339935032590753,2.64532825035346e-06,0.000855057550144714,0.00680980232261918,0.00171332139622957,0.000955221501905271,0.00648046547680677,5.3163298011691e-05,0.0019837310534268,0,0,0,0,0.00018844565311189,0.00304938689859806,0.000267119151930328,0.0128716884558706,2.26023578142425e-09,0.0061638231722293,0.00610530107767777,4.79512771493813e-05,0.00808876707954968,0.0142082304295444,1.10566519303277e-06,0.000357387545802135,0.00284628624010939,0.000716115223899421,0.000399252972160268,0.00270863364930168,2.22206102968509e-05,0.000829138076841379,0,0,0,0
POL,2020,254169031902,56552213,841897178,102939480,5019804741,408,3744268046,3683498207,29785860,4268256900,8331428517,197,167155463,1910882509,1045944467,322175658,3370114477,2891778,576946835,0,0,0,0,6.0593e+11,0.00022249843962818,0.00331235151544587,0.00040500402125972,0.0197498676508139,1.60523096361052e-09,0.0147314093222957,0.014492317098726,0.000117189178308255,0.0167929856287359,0.0327790858495002,7.75074754488412e-10,0.000657654718000618,0.00751815630212881,0.00411515305060172,0.00126756456358626,0.0132593434053737,1.13773813369796e-05,0.00226993363700757,0,0,0,0,9.33312643374647e-05,0.00138942976581453,0.000169886752595184,0.00828446312445332,6.73345105870315e-10,0.00617937393098213,0.00607908208373905,4.91572623900451e-05,0.00704414189757893,0.01374982013929,3.25120063373657e-10,0.000275865963065041,0.00315363574835377,0.0017261803624181,0.00053170441800208,0.00556188747380061,4.77246216559669e-06,0.00095216746983975,0,0,0,0
POL,2021,317832124942,94205665,1229577642,174196283,8538738354,377944,5971792779,5068498055,33711087,7393022365,10781598074,1070,119498104,2313399332,994331258,633785310,3977430912,6333203,658660200,0,0,0,0,6.89253e+11,0.000296400702154294,0.00386863864760172,0.000548076387910091,0.0268655610428247,1.18913089754212e-06,0.0187891415321525,0.0159470917419846,0.000106065700583765,0.0232607775766818,0.0339223043484591,3.36655710996886e-09,0.00037597868378411,0.00727868314891757,0.00312847940774222,0.00199408826315357,0.012514250762807,1.99262519518935e-05,0.00207235250407805,0,0,0,0,0.000136677917977869,0.00178392787844231,0.000252731991010558,0.0123883949057893,5.48338563633383e-07,0.00866415202980618,0.00735361043767673,4.89095977819465e-05,0.010726137376261,0.0156424390956586,1.55240528514203e-09,0.000173373353471077,0.00335638630807555,0.00144262158887956,0.000919524920457365,0.00577063997109915,9.18850262530595e-06,0.000955614556628698,0,0,0,0
POL,2022,365750693518,112222704,3067886240,403237666,17255161656,4749772,5583349509,5926043429,37190967,8157325086,12275304661,6979012,170316100,2214551544,1398323510,1311429208,6061413375,59024551,903006124,0,0,0,0,6.95734e+11,0.000306828410687558,0.00838791639871222,0.00110249323691345,0.0471773860222382,1.29863649862533e-05,0.015265451598454,0.01620241200912,0.000101683927492457,0.022302965464093,0.033561945003929,1.90813363410794e-05,0.000465661728107203,0.00605481160595807,0.00382316024215873,0.00358558228662787,0.0165725273592726,0.000161379190924474,0.0024689115837741,0,0,0,0,0.00016130116395059,0.00440956779458816,0.000579585971075152,0.0248013776184576,6.82699422480431e-06,0.00802512096433407,0.00851768553642628,5.34557273325725e-05,0.0117247756843851,0.0176436751129023,1.00311498360005e-05,0.000244800599079533,0.00318304343901549,0.002009853636591,0.0018849577683425,0.00871225694733907,8.48378130147441e-05,0.00129791863557049,0,0,0,0
POL,2023,381932840227,103485908,2995289539,417410421,15169608947,4009822,5504329642,5513517611,39362930,6551369717,12087920488,13020265,272178561,2211248097,1960822883,1300370434,7176572592,45127886,1031441405,0,0,0,0,8.12959e+11,0.000270953154849145,0.00784245088015936,0.0010928895790996,0.0397180010443302,1.04987620274203e-05,0.0144117736477663,0.0144358301520316,0.000103062438874345,0.0171531982248665,0.0316493352098646,3.40904568255023e-05,0.000712634610939012,0.00578962546317241,0.00513394680026623,0.00340470966892276,0.0187901427584353,0.000118156600446242,0.00270058318207716,0,0,0,0,0.000127295359298562,0.00368442878300136,0.000513445845362435,0.0186597466132978,4.93237912367044e-06,0.00677073461515279,0.0067820364999957,4.84193298801047e-05,0.00805867173744309,0.0148690407363717,1.60158937904618e-05,0.00033479986198566,0.00271999952888153,0.00241195790070594,0.00159955229476517,0.00882771774714346,5.55106542888387e-05,0.00126874959868825,0,0,0,0
POL,2024,380333187161,101266882,3018438980,266160614,13208989588,3591778,5841796146,5349962156,55128527,5759393255,11765650374,1565979,222673142,2353778355,1225111149,773009264,4536876749,73536167,778773220,0,0,0,0,9.14553e+11,0.000266258337211926,0.00793630185819744,0.000699809070007164,0.0347300473213989,9.44376699496264e-06,0.0153596802572138,0.0140665141423362,0.000144947979458504,0.0151430205131218,0.0309351136613262,4.11738720906598e-06,0.000585468608885134,0.00618872723826652,0.0032211523746977,0.00203245283371176,0.0119286901647094,0.000193346700951635,0.00204760785092976,0,0,0,0,0.000110728281466465,0.00330045276763621,0.000291028091318929,0.0144431100089333,3.92735904862813e-06,0.00638759716058009,0.00584981095245437,6.02792041576595e-05,0.00629749533925317,0.0128649191178641,1.71228895427602e-06,0.00024347756991667,0.00257369267281393,0.00133957370321895,0.000845231784270567,0.0049607586974183,8.04066762669851e-05,0.000851534268653648,0,0,0,0
QAT,2000,8846958592,3840629504,212643392,3862795776,15832476480,0,189086,3199015,274,126165496,2634669,0,0,11972832,28032,36923,666960,0,136901,0,0,0,0,1.8085e+10,0.434118625520973,0.0240357620970766,0.436624150077179,1.78959540901624,0,2.13729948019632e-05,0.000361594887862678,3.0971095563595e-08,0.0142608891731546,0.000297805056122049,0,0,0.00135332745999587,3.16854653590765e-06,4.17352467698766e-06,7.53886200623917e-05,0,1.54743574954442e-05,0,0,0,0,0.212365468841581,0.0117579978988112,0.213591140503179,0.875447966823334,0,1.04554050317943e-05,0.000176887752280896,1.51506773569256e-08,0.00697625081559303,0.000145682554603262,0,0,0.000662031075476915,1.55001382361073e-06,2.04163671551009e-06,3.6879181642245e-05,0,7.56986452861487e-06,0,0,0,0
QAT,2001,10705850368,5610466816,186196000,4098798080,19790981152,0,111043,1516964,20333,177187088,11856071,0,0,2115964,33928,0,79669,0,7532,0,0,0,0,1.7498e+10,0.524056158375779,0.017391986026308,0.382855909536284,1.84861365250869,0,1.03721793396169e-05,0.000141694862888635,1.89924193791983e-06,0.0165504917320361,0.00110743851188487,0,0,0.000197645579497791,3.169108369141e-06,0,7.44163212276273e-06,0,7.03540563439341e-07,0,0,0,0,0.320634747742599,0.0106409875414333,0.234243803863299,1.13104247068236,0,6.34603954737684e-06,8.66935649788547e-05,1.16201851640187e-06,0.0101261337295691,0.000677567207680878,0,0,0.000120926048691279,1.93896445308035e-06,0,4.55303463252943e-06,0,4.30449194193622e-07,0,0,0,0
QAT,2002,8230923776,2881435904,547708736,3736653056,14331607872,0,581215,2179461,9547,177509360,58344912,0,4271,5291376,73997,17577,255593,934,8099,0,0,0,0,1.9334e+10,0.350074424501632,0.0665428025948955,0.453977361191882,1.74119069281003,0,7.06135806645089e-05,0.000264789355279288,1.15989410907163e-06,0.021566152819637,0.00708850107081832,0,5.18896798978205e-07,0.000642865387166963,8.99012091641073e-06,2.13548326753451e-06,3.10527720770865e-05,1.13474504857327e-07,9.83972178629005e-07,0,0,0,0,0.149034649012103,0.0283287853522292,0.19326849363815,0.741264501499948,0,3.00618082135099e-05,0.000112726854246405,4.93793317471811e-07,0.00918120202751629,0.00301773621599255,0,2.20906175649116e-07,0.000273682424743974,3.82729905865315e-06,9.09123823316437e-07,1.32198717285611e-05,4.83086790110686e-08,4.18899348298335e-07,0,0,0,0
QAT,2003,13382576972.793,6716841273.287,806271396.476,4656992155.481,24360502609.647,0,731526.593,3348830.126,6868.25,197131901.599,81923013.997,0,0,1113899.379,63419.497,31319.22,354249.774,0,9593.572,0,0,0,0,2.3716e+10,0.501909407055341,0.0602478430062583,0.347989192585908,1.82031477638218,0,5.46626105336219e-05,0.00025023806198225,5.13223276351279e-07,0.0147304889035776,0.00612161724633087,0,0,8.32350436888632e-05,4.73896000216796e-06,2.34029814016183e-06,2.64709685376886e-05,0,7.16870302297076e-07,0,0,0,0,0.283219820934685,0.0339969386269185,0.196364992219641,1.02717585636899,0,3.08452771546635e-05,0.000141205520576826,2.89604064766402e-07,0.00831219015006747,0.00345433521660482,0,0,4.69682652639568e-05,2.67412282847023e-06,1.3205945353348e-06,1.49371636869624e-05,0,4.04518974531962e-07,0,0,0,0
QAT,2004,18685061094.007,8529110535.815,1173683148.267,6460995857.437,32327708865.765,0,1024947.299,3906593.841,236872.206,274854281.808,106027577.764,1717.062,0,17795835.479,13560.673,54872.922,186128.751,9189.718,57749.344,0,0,0,0,3.0651e+10,0.456466826247125,0.0628139850526603,0.345784037040654,1.73013664248246,0,5.48538371827288e-05,0.000209075786337835,1.26770902598747e-05,0.0147098412162086,0.00567445710937531,9.18949095944206e-08,0,0.000952409809604946,7.25749460051239e-07,2.93672692446266e-06,9.96136700134732e-06,4.9182167260601e-07,3.09066926297192e-06,0,0,0,0,0.278265326932727,0.0382918387089165,0.210792334913608,1.05470323531908,0,3.34392776418388e-05,0.000127454041988842,7.72804169521386e-06,0.00896722070431634,0.00345918820801931,5.6019770969952e-08,0,0.000580595591628332,4.42421878568399e-07,1.79024899677009e-06,6.0725180581384e-06,2.99817885223973e-07,1.88409330853806e-06,0,0,0,0
QAT,2005,25762497881,12843478177,162503,8710237871,44417839697,0,1551986,10495957,53525,375733918,70041403,0,0,14006754,43373,71565,767512,58499,208457,0,0,0,0,4.4636e+10,0.498533885818275,6.3077346284751e-06,0.338097567682824,1.72412783504811,0,6.02420622087503e-05,0.000407412241176382,2.07763238825824e-06,0.0145845297973651,0.00271873493492477,0,0,0.000543687730308561,1.68357122047501e-06,2.77787504653342e-06,2.97918316595397e-05,2.27070372873833e-06,8.09149023370666e-06,0,0,0,0,0.287738107738149,3.64062640021507e-06,0.195139301707142,0.995112458486424,0,3.47698270454342e-05,0.000235145555157272,1.19914418854736e-06,0.00841773272694686,0.00156916845147415,0,0,0.000313799489201541,9.71704453804104e-07,1.60330226722825e-06,1.71949099381665e-05,1.3105789049198e-06,4.67015413567524e-06,0,0,0,0
QAT,2006,34051306773,15981152443,1567977192,13002688659,61103681811,0,1091678,8880780,1291,276663573,156978995,0,245102,2983700,14939,51728,879666,12998,558099,0,0,0,0,5.8629e+10,0.469325672272636,0.0460474895266951,0.381855790313167,1.79445923230912,0,3.20597975072609e-05,0.000260805849807848,3.79133760888044e-08,0.00812490324804135,0.00461007256040088,0,7.19802037654386e-06,8.762365626349e-05,4.38720314012896e-07,1.51911937902531e-06,2.58335460035121e-05,3.81718096361177e-07,1.63899436729556e-05,0,0,0,0,0.272581016954067,0.0267440548534002,0.221779130788518,1.0422091765338,0,1.86201026795613e-05,0.000151474185130226,2.20198195432295e-08,0.00471888609732385,0.00267749739889816,0,4.18055910897338e-06,5.08911971891044e-05,2.5480564225895e-07,8.82293745416091e-07,1.50039400296781e-05,2.21699159119207e-07,9.51916287161644e-06,0,0,0,0
QAT,2007,42019942580,19181242877,1632302470,16800242958,75229615101,0,3867396,10866250,119537,325378864,121762483,0,0,23074656,14440,29804,553636,1871,46186,0,0,0,0,7.5987e+10,0.456479511852774,0.0388458995842826,0.399815942775617,1.7903312208905,0,9.20371557537716e-05,0.000258597449992041,2.84476828525928e-06,0.00774343904398548,0.00289773082788444,0,0,0.000549135828923829,3.43646352502941e-07,7.09282263850252e-07,1.31755534635954e-05,4.45264768374655e-08,1.09914476708454e-06,0,0,0,0,0.252427953163041,0.0214813385184308,0.221093647044889,0.990032704291524,0,5.08954952820877e-05,0.000143001434455894,1.5731243502178e-06,0.00428203329516891,0.0016024120310053,0,0,0.00030366583757748,1.90032505560162e-07,3.92224985852843e-07,7.28593048810981e-06,2.46226328187716e-08,6.078144945846e-07,0,0,0,0
QAT,2008,67307142966,25760580382,1859379200,33572584820,122389890713,0,1008560,6839501,227725,302721567,96289719,0,0,4757416,0,0,2551097,9425,55049,0,0,0,0,1.12621e+11,0.382731746540079,0.0276252878678755,0.498796759757862,1.81837893156191,0,1.49844422977435e-05,0.000101616272784821,3.3833704710217e-06,0.00449761427480169,0.00143060178692536,0,0,7.06821860259794e-05,0,0,3.79023219168384e-05,1.40029714301809e-07,8.17877532371383e-07,0,0,0,0,0.228736917466547,0.0165100576269079,0.298102350538532,1.08674128904023,0,8.95534580584438e-06,6.07302456913009e-05,2.0220473979098e-06,0.00268796731515437,0.000854989025137408,0,0,4.22427078431199e-05,0,0,2.26520542350006e-05,8.36877669351187e-08,4.88798714271761e-07,0,0,0,0
QAT,2009,48007107195,15745683645,1622937993,17246195644,77391837186,0,5857794,10892294,1460314,502944406,298862969,0,21284,7480595,8324,15945,1186240,1140,87526,0,0,0,0,8.8196e+10,0.327986512102107,0.033806202619287,0.359242550773737,1.61209124456598,0,0.000122019308020503,0.000226889196963204,3.0418704340346e-05,0.0104764572453218,0.006225390082057,0,4.43351021204976e-07,0.000155822657041479,1.73390993258326e-07,3.32138321420473e-07,2.47096746567464e-05,2.37464839397516e-08,1.8231883800971e-06,0,0,0,0,0.17853058693138,0.0184014920517937,0.19554396621162,0.877498267336387,0,6.6417910109302e-05,0.000123500997777677,1.65575989840809e-05,0.00570257614857817,0.00338862271531589,0,2.41326137239784e-07,8.48178488820355e-05,9.43806975373033e-08,1.80790512041362e-07,1.34500430858542e-05,1.29257562701256e-08,9.92403283595628e-07,0,0,0,0
QAT,2010,74964415453,20193279558,5601900952,41729736739,135061177608,0,18457786,397296424,2129491,746362533,323939651,0,0,9392510,0,0,3125739,1140,93670,0,0,0,0,1.19707e+11,0.269371533626651,0.0747274679345988,0.556660603392059,1.80167052316547,0,0.00024622063533027,0.00529980019985737,2.84066911898368e-05,0.00995622427640942,0.00432124560756561,0,0,0.00012529291322079,0,0,4.16963032541717e-05,1.52072152248654e-08,1.24952618430978e-06,0,0,0,0,0.168689212477132,0.0467967700468644,0.348598968640096,1.12826465961055,0,0.000154191367255048,0.00331890719840945,1.77891936144085e-05,0.00623491135021344,0.00270610449681305,0,0,7.84624959275565e-05,0,0,2.61115807763957e-05,9.5232526084523e-09,7.82493922661164e-07,0,0,0,0
QAT,2011,114448131942,26404301122,7355102665,71245502391,210024931351,0,22257445,1095999728,373206,511056754,438140164,0,0,36788317,0,0,641370,0,104853,0,0,0,0,1.67775e+11,0.230709760604753,0.0642658166646828,0.622513458123596,1.83511017425288,0,0.000194476262935245,0.00957638809303965,3.26091823140576e-06,0.00446540057341428,0.0038282858493666,0,0,0.00032144095649061,0,0,5.60402331708685e-06,0,9.16161742623614e-07,0,0,0,0,0.157379234820444,0.0438390860676501,0.424649097845329,1.25182495217404,0,0.000132662464610341,0.00653255686484876,2.22444345105051e-06,0.00304608406496796,0.00261147467739532,0,0,0.000219271744896439,0,0,3.82279839070183e-06,0,6.24962002682164e-07,0,0,0,0
QAT,2012,132913458118.1,26115249197.802,8240273185.982,82640446471.66,234024866366.133,0,40536944.903,2615134739.558,266470.871,1305293981.743,525039295.084,0,0,11825613.858,0,0,1253749.93,21978,143029.527,0,0,0,0,1.86834e+11,0.196483106884461,0.061997282311774,0.621761314781457,1.76073115303486,0,0.000304987512001839,0.0196754698627608,2.00484491768492e-06,0.00982063065865898,0.00395023425406235,0,0,8.89722833596909e-05,0,0,9.43282905848393e-06,1.65355715750556e-07,1.07611019249015e-06,0,0,0,0,0.139777819871126,0.0441047838508087,0.442320169089459,1.25258179114151,0,0.000216967708784268,0.0139971029874541,1.42624399734524e-06,0.00698638353695259,0.00281019137354015,0,0,6.32947635762227e-05,0,0,6.71050199642463e-06,1.17633835383281e-07,7.65543353993385e-07,0,0,0,0
QAT,2013,133336974286.326,24877673258.511,7544073498.988,87538390679.472,239938552043.585,0,9901640.703,1492087353.169,2076554.355,1126814104.808,489602149.669,0,0,16324005.522,0,0,6599502.26,0,0,0,0,0,0,1.98728e+11,0.186577454540771,0.0565790062311446,0.656520002407534,1.79949000138809,0,7.42602774361547e-05,0.0111903495722418,1.55737323882934e-05,0.00845087501676988,0.0036719158529699,0,0,0.000122426698291099,0,0,4.94949153850478e-05,0,0,0,0,0,0,0.125184539966744,0.037961804572018,0.440493492006522,1.20737164387296,0,4.98250910943601e-05,0.00750818884691136,1.04492288706171e-05,0.00567013256716718,0.00246367975156495,0,0,8.21424536149914e-05,0,0,3.3208718751258e-05,0,0,0,0,0,0
QAT,2014,131591553318,21484297314,6375033039,86040000044,227800445802,0,20790841,2945885944,3693485,1197102281,547264410,0,0,15166636,0,0,1035468,0,282943,0,0,0,0,2.06225e+11,0.16326501794596,0.0484456097542545,0.653841358921256,1.73111753800417,0,0.000157995254830358,0.0223865884224428,2.80677969586273e-05,0.00909710578540798,0.00415881108020283,0,0,0.000115255391532227,0,0,7.86880292762956e-06,0,2.15016080337808e-06,0,0,0,0,0.104178917754879,0.030912998128258,0.417214207996121,1.10462090339193,0,0.000100816297733059,0.0142848148575585,1.79099769669051e-05,0.00580483588798642,0.00265372486361983,0,0,7.35441192871863e-05,0,0,5.02105952236635e-06,0,1.37201115286701e-06,0,0,0,0
QAT,2015,77090262720.063,10522023285.143,3415694392.033,50554295035.693,128984474475.176,0,39941652.569,1413128793.378,1644943.437,364835074.082,338029747.607,1988833.453,0,25775565.903,0,0,4583115.601,0,463077.801,0,0,0,0,1.6174e+11,0.136489653996271,0.0443077279997913,0.655780551939098,1.67316169285291,0,0.000518115403420529,0.0183308337981605,2.13378885861794e-05,0.00473257012246568,0.00438485660419246,2.57987634602055e-05,0,0.000334355663005048,0,0,5.94512904650827e-05,0,6.00695580298603e-06,0,0,0,0,0.0650551705523866,0.0211184270559725,0.312565197450804,0.797480366484333,0,0.000246949750024731,0.00873703965239273,1.01702945282552e-05,0.00225568859949301,0.00208995763328181,1.22964848089526e-05,0,0.000159364201205639,0,0,2.83363150797576e-05,0,2.86310004327934e-06,0,0,0,0
QAT,2016,57308634593.73,8851516145.991,2730469880.264,35157133888.784,93478385069.603,0,41615215.311,1154760356.621,1440423.925,294832354.258,312172703.357,1885546.65,1305454.445,84523012.536,0,0,2746858.784,0,165711.169,0,0,0,0,1.51732e+11,0.154453446827704,0.0476449997390574,0.613470101635094,1.63113963074301,0,0.000726159602405761,0.0201498494041479,2.51345008515976e-05,0.0051446410536233,0.00544721935132536,3.29016153214422e-05,2.27793674418275e-05,0.00147487395460033,0,0,4.79309759074338e-05,0,2.89155674663605e-06,0,0,0,0,0.058336515342782,0.0179953462701605,0.231705466801888,0.616075614040565,0,0.000274267888850078,0.00761052616864603,9.49321122110036e-06,0.00194311255541349,0.00205739529800569,1.24268226214642e-05,8.6036857419661e-06,0.000557054626156645,0,0,1.81033584477895e-05,0,1.09213065800227e-06,0,0,0,0
QAT,2017,67498105851.92,11713828205.641,4824132263.695,40275619351.071,113638634905.902,0,50590939.884,1402564504.618,2497304.118,237624126.472,364265295.355,0,12139359.094,87704276.595,0,20340.364,2084960.574,0,219867.676,0,0,0,0,1.61099e+11,0.173543065509709,0.0714706316985898,0.596692586299077,1.68358257571267,0,0.00074951643820922,0.0207793164995622,3.69981362659077e-05,0.00352045621833166,0.00539667433267149,0,0.000179847403727622,0.00129935907812597,0,3.01347182165726e-07,3.08891715950381e-05,0,3.25739031080893e-06,0,0,0,0,0.0727119858325688,0.0299451409611171,0.250005396377824,0.70539627748094,0,0.000314036337183968,0.00870622725540196,1.55016736168443e-05,0.00147501925196308,0.00226112698002471,0,7.53534105984519e-05,0.000544412296755411,0,1.26260026443367e-07,1.29421074867007e-05,0,1.36479851519873e-06,0,0,0,0
QAT,2018,84904616757.074,13809682463.201,7502196702.062,51816092121.418,146256014536.727,0,72533594.776,1391705809.128,3651485.565,412717775.568,357975326.079,0,0,80727775.699,0,32089.656,351410.712,0,136269.169,0,0,0,0,1.83335e+11,0.162649370442514,0.0883602916850448,0.610285919665268,1.72259201116459,0,0.000854295061286602,0.0163914032273404,4.30069141640142e-05,0.00486095799417896,0.00421620566409511,0,0,0.000950805489529213,0,3.77949482909908e-07,4.13888814792538e-06,0,1.60496771794976e-06,0,0,0,0,0.0753248559369515,0.0409207009139662,0.282630660383549,0.797752826992811,0,0.000395634193012791,0.00759105358566559,1.99170129271552e-05,0.00225116740157635,0.00195257493702239,0,0,0.000440329319000736,0,1.75032896064581e-07,1.91676827665203e-06,0,7.43279619276188e-07,0,0,0,0
QAT,2019,72934956293.15,12411487052.997,5079058152.795,45110913664.069,125203239438.425,0,83598955.306,1357994962.661,525428.013,539676468.532,235467626.778,0,2229578.502,330251977.611,0,0,100278.284,0,141670.343,0,0,0,0,1.76371e+11,0.170171995484731,0.0696381873786359,0.618508818772073,1.71664241403246,0,0.00114621245497136,0.0186192606629222,7.2040629035017e-06,0.00739942129207372,0.00322846051804812,0,3.05694088996033e-05,0.0045280342156319,0,0,1.3749001726545e-06,0,1.94242034547302e-06,0,0,0,0,0.0703714729348759,0.0287975809673643,0.255772851909152,0.709885635611438,0,0.00047399490452512,0.00769964995753837,2.97910661616706e-06,0.00305989345488771,0.00133506997623192,0,1.26414121482557e-05,0.00187248457859285,0,0,5.68564469215461e-07,0,8.0325191216243e-07,0,0,0,0
QAT,2020,51504158057.751,7253522000.258,0,34883977192.306,84275416935.104,0,69137582.927,1210119170.585,171088.389,129439515.944,87002263.716,38826.85,41015958.458,188922290.065,0,0,1161187.313,0,24439.563,0,0,0,0,1.44411e+11,0.140833716612253,0,0.677304095587603,1.63628375092759,0,0.00134236895688066,0.0234955626151214,3.32183643907276e-06,0.00251318574703932,0.00168922795744851,7.53858551701086e-07,0.000796362080358819,0.00366809782334785,0,0,2.25455061647251e-05,0,4.7451630939382e-07,0,0,0,0,0.0502283205590848,0,0.241560388005803,0.583580315454529,0,0.000478755655227095,0.00837968832419276,1.18473238880695e-06,0.00089632726000097,0.000602462857510855,2.68863521476896e-07,0.000284022397587441,0.00130822645134373,0,0,8.04085085623671e-06,0,1.69236159295345e-07,0,0,0,0
QAT,2021,87203291188.87,12357415706.683,7858768450.112,53383899024.019,147203061402.824,50224.346,149169499.69,1678149924.114,226988.241,184458131.322,189417075.481,0,2914604.832,115380444.549,0,25326.772,522164.165,0,0,0,0,0,0,1.79732e+11,0.141708134385875,0.0901200899985646,0.612177571467997,1.68804479046557,5.75945532734781e-07,0.00171059483714806,0.0192441122489215,2.60297791408326e-06,0.00211526570622764,0.0021721321855932,0,3.34231058514452e-05,0.00132312029713537,0,2.90433671191903e-07,5.98789515718009e-06,0,0,0,0,0,0,0.0687546775570461,0.0437249262797499,0.297019445752671,0.819014206723477,2.79440199853115e-07,0.000829955153728885,0.0093369568252398,1.26292614003071e-06,0.00102629543610487,0.00105388620546703,0,1.6216393474729e-05,0.00064195827425834,0,1.40914094318207e-07,2.90523760376561e-06,0,0,0,0,0,0
QAT,2022,130964472574.266,18728368788.229,10189170922.345,85402729939.04,228640797956.314,94865.086,158695658.96,2139690087.434,185648.167,387926578.982,132998310.888,0,2689233.149,122794977.436,21365.384,14119.456,333601.145,0,164906.786,0,0,0,0,2.35709e+11,0.143003430015027,0.0778010304784531,0.652106088470754,1.74582307294567,7.24357408809514e-07,0.00121174587153786,0.0163379429961102,1.41754602107625e-06,0.00296207491510355,0.00101552969499099,0,2.05340661947462e-05,0.000937620524271319,1.63138777868817e-07,1.07811345492903e-07,2.54726444846197e-06,0,1.25917191707458e-06,0,0,0,0,0.0794554674969093,0.04322775508082,0.362322736675477,0.970013015864112,4.02466965622866e-07,0.000673269408295822,0.00907767665822688,7.87615945933333e-07,0.00164578602845882,0.000564247911144674,0,1.14091237458052e-05,0.000520960071257356,9.06430556321566e-08,5.9902065682685e-08,1.41530932208783e-06,0,6.99620235120424e-07,0,0,0,0
QAT,2023,97751493996.069,16860934421.353,8544879273.006,59189315060.903,169190670512.096,52396.416,139618117.881,1790943402.226,582521.442,503345429.191,233367030.974,0,3602029.699,190137919.383,0,0,228347.631,0,233832.609,0,0,0,0,2.13003e+11,0.172487741435758,0.0874143087096922,0.605508035133287,1.73082439557292,5.36016523717858e-07,0.00142829651162789,0.0183213916126747,5.9592075597681e-06,0.00514923515349281,0.00238735001823486,0,3.6848845493296e-05,0.0019451152264808,0,0,2.33600144269082e-06,0,2.39211289199737e-06,0,0,0,0,0.0791582016279254,0.0401162390811679,0.277880194461594,0.794311209288583,2.45989098745088e-07,0.000655474889466346,0.0084080665635038,2.73480393233898e-06,0.00236309079773994,0.00109560443267935,0,1.69106993751262e-05,0.000892653715595555,0,0,1.07203950648582e-06,0,1.09779021422234e-06,0,0,0,0
QAT,2024,95043976630.903,14965923895.883,7738393470.471,56904070938.008,159217032329.049,0,153024842.423,1875874108.12,2946206.543,690327388.676,195987688.662,0,2656980.449,270804604.683,0,10042.582,503894.771,0,407495.323,0,0,0,0,2.19631e+11,0.157463149442938,0.0814190835103895,0.598713068993222,1.67519329444051,0,0.00161004250713606,0.0197369067942604,3.09983509469664e-05,0.00726324185021046,0.0020620737432221,0,2.79552744233147e-05,0.00284925583169412,0,1.05662477055224e-07,5.30170126358288e-06,0,4.28743974573456e-06,0,0,0,0,0.0681412182063689,0.0352336121516134,0.259089431537479,0.724929688108914,0,0.000696736081987516,0.00854102612163128,1.34143474418456e-05,0.00314312364227272,0.000892349844338914,0,1.20974746233455e-05,0.0012329980953645,0,4.57247929481722e-08,2.29427890871507e-06,0,1.85536341864309e-06,0,0,0,0
ROU,2000,10366521282.76,0,659569785.1,30050829.58,1432449139.54,8846903.7,84529694.47,349364736.57,877761.14,866424097.3,282792883.68,0,0,0,11817996.8,13291519.13,108261463.95,4430151.4,44240903.6,0,0,0,0,3.7447e+10,0,0.0636249873134293,0.00289883450391173,0.138180311453393,0.000853411039121948,0.00815410417480903,0.033701251079377,8.46726800686511e-05,0.083579059326382,0.0272794388750542,0,0,0,0.00114001567909322,0.0012821580902076,0.0104433744934324,0.000427351787466789,0.00426767113029273,0,0,0,0,0,0.0176134212380164,0.0008024896408257,0.0382527075477341,0.000236251333885224,0.0022573155251422,0.00932957877987556,2.34400923972548e-05,0.0231373433733009,0.00755181679920955,0,0,0,0.000315592618901381,0.0003549421617219,0.00289105840120704,0.000118304574465244,0.00118142717974738,0,0,0,0
ROU,2001,11384993946.81,0,608337052.15,28985961.25,1344442034.52,25852866.82,66533429.12,281348377.42,1022954.59,728287059.73,356984809.58,5.47,0,0,40187169.04,5045754.26,131437588.56,1900997.72,49488382.67,0,0,0,0,4.0396e+10,0,0.0534332345710603,0.00254597950472531,0.118088954706621,0.00227078441506276,0.00584395823404388,0.0247122114192105,8.98511316544551e-05,0.0639690335482402,0.0313557311710319,4.8045699677624e-10,0,0,0.00352983666286974,0.000443193407354756,0.0115448097007402,0.000166973977226632,0.00434680799139699,0,0,0,0,0,0.0150593388491435,0.000717545332458659,0.0332815633854837,0.000639985810971383,0.00164703012971581,0.00696475832805228,2.53231654124171e-05,0.0180286924381127,0.00883713262649767,1.3540944647985e-10,0,0,0.000994830404990593,0.000124907274482622,0.00325372780869393,4.70590583226062e-05,0.00122508126225369,0,0,0,0
ROU,2002,13875689074.06,9926,959765046.86,33127189.03,2093956243.53,28167612.26,46740293.68,287068020.81,1150225.52,970755769.64,396669093.01,140170.36,0,0,24618467.35,21103721.39,156665440.69,176425.5,37401940.6,0,0,0,0,4.6035e+10,7.15351860871272e-07,0.0691688204987412,0.00238742658855983,0.150908270742717,0.00202999736515127,0.00336850252484966,0.0206885596295654,8.28950197615985e-05,0.0699609053257604,0.0285873437270626,1.01018665993347e-05,0,0,0.00177421584028019,0.00152091339589415,0.0112906422055017,1.27147199002765e-05,0.0026955014918806,0,0,0,0,2.15618551102422e-07,0.0208485944794178,0.000719608754860432,0.0454861788536983,0.000611873840773325,0.00101532081416314,0.00623586446855653,2.49858916042142e-05,0.0210873415801021,0.00861668497903769,3.04486499402628e-06,0,0,0.000534777177147822,0.000458427748235039,0.00340318107287933,3.83242098403389e-06,0.000812467483436516,0,0,0,0
ROU,2003,17618055327.28,0,1023381726.84,29878565.21,2197602738.34,37199488.64,29758437.54,300827371.68,966954.01,1399319328.77,439312097.57,16089.75,0,0,3008263.9,15220730.81,95802174.98,6873647.6,103969943.99,0,0,0,0,5.779e+10,0,0.0580870991621524,0.00169590597003834,0.124735829097846,0.00211144124302981,0.00168908752908283,0.0170749476086725,5.48842645818439e-05,0.0794252999423426,0.0249353342017132,9.13253460788402e-07,0,0,0.000170748918885614,0.00086392797202947,0.00543772699088184,0.000390147917707851,0.00590132917956114,0,0,0,0,0,0.0177086299851185,0.000517019643709985,0.0380273877546288,0.00064370113583665,0.000514940950683509,0.00520552641771933,1.67322029762935e-05,0.0242138662185499,0.00760187052379304,2.78417546288285e-07,0,0,5.20550943069735e-05,0.000263380010555459,0.00165776388613947,0.000118941816923343,0.00179909922114553,0,0,0,0
ROU,2004,23485311856.3,12.95,1415580461.52,47842706.98,3051210416.32,52013851.32,56791797.46,451456619.91,1688907.71,2258932471.19,713676588.87,0,0,0,4655108.38,43335778.14,165470240.2,3935138.22,102532566.84,0,0,0,0,7.5059e+10,5.51408475188126e-10,0.0602751400612237,0.00203713313549916,0.129919944644103,0.00221473964826433,0.00241818366336768,0.0192229348570007,7.19133610119359e-05,0.0961849042078628,0.030388210011295,0,0,0,0.000198213607231758,0.0018452289841906,0.00704569056661737,0.000167557418188781,0.00436581670566556,0,0,0,0,1.72530942325371e-10,0.0188595699585659,0.000637401337347953,0.0406508269004383,0.000692972878935238,0.000756628751515475,0.00601469004263313,2.25010686260142e-05,0.0300954245485551,0.00950820806125848,0,0,0,6.20193231990834e-05,0.000577356188331846,0.00220453563463409,5.24272668167708e-05,0.0013660262838567,0,0,0,0
ROU,2005,27729576248,0,2673671410.08,82424985.21,5717099794.21,63080584.7,83672987.89,548838600.76,1575745.99,2356057646.72,962876336.72,16409.13,0,0,30232890.03,55310546.02,283190276.54,12453217.56,113727225.8,0,0,0,0,9.8547e+10,0,0.0964194831600731,0.00297245743940804,0.206173355953189,0.00227484849158305,0.00301746363311394,0.0197925347236269,5.68254623116951e-05,0.0849655121177674,0.0347238027768076,5.91755526779228e-07,0,0,0.00109027594794856,0.00199464086740198,0.0102125713717109,0.000449095126756515,0.00410129692509104,0,0,0,0,0,0.0271309264622972,0.000836402784559652,0.0580139404975291,0.000640106595837519,0.000849066819791572,0.00556930805361909,1.59897915715344e-05,0.0239079591131135,0.00977073210468101,1.66510700477945e-07,0,0,0.000306786508265092,0.000561260576374725,0.00287365700163374,0.000126368307102195,0.00115404046597055,0,0,0,0
ROU,2006,32633852030.4,0,2910486588.53,105852857.12,6279945992.58,100651900.66,274953507.04,810274432.05,1617626.83,2399764602.73,1156421271.84,19401.26,0,0,120221053.28,48095796.65,447614666.58,13032843.58,238244624.17,0,0,0,0,1.22114e+11,0,0.0891861183233515,0.00324365192994664,0.192436552900035,0.00308427888213251,0.00842540766514071,0.0248292610781954,4.95689821873649e-05,0.0735360508619854,0.0354362479416386,5.94513328733819e-07,0,0,0.0036839369489084,0.00147380078224282,0.0137162681917852,0.000399365774161729,0.00730053638620607,0,0,0,0,0,0.0238341761675975,0.000866836375190396,0.0514269124963559,0.000824245382675205,0.00225161330428943,0.00663539341967342,1.32468580998084e-05,0.0196518384683984,0.00947001385459489,1.58878261296821e-07,0,0,0.000984498528260478,0.000393859808457671,0.00366554749316213,0.00010672685834548,0.00195100172109668,0,0,0,0
ROU,2007,40470699878.66,0,2705079550.62,99164631.83,5855712665.09,41115890.46,355829601.89,894472888.85,13549624.03,3232376773.37,1483450977.12,678225.9,0,0,63641421.87,103157244.1,498969815.09,6759737.54,272659034.87,0,0,0,0,1.74831e+11,0,0.0668404440429847,0.00245028210847149,0.144690175426832,0.00101594216515342,0.00879227695485511,0.0221017400621147,0.000334800832963718,0.0798695545928628,0.0366549375614385,1.67584425778024e-05,0,0,0.00157253079538557,0.00254893649996882,0.012329162000806,0.000167027937749215,0.00673719593897539,0,0,0,0,0,0.0154725394845308,0.000567202794870475,0.033493560438881,0.000235175057398288,0.00203527750736425,0.00511621445195646,7.75012671093799e-05,0.0184885791042206,0.00848505686703159,3.87932288896134e-06,0,0,0.000364016804056489,0.00059003977612666,0.00285401224662674,3.86644104306445e-05,0.00155955771499334,0,0,0,0
ROU,2008,49673522431.9,0,3796034849.44,154031945.82,8388615589.38,84147063.18,351794193.04,927837516.43,11933738.68,3649623858.79,1803550274.71,5619781.83,0,0,562372732.21,183981717.5,1782816426.33,12898024.47,684148661.22,0,0,0,0,2.15567e+11,0,0.0764196832355543,0.00310088631284746,0.168874989706647,0.00169400233887906,0.00708212697261993,0.0186787139507173,0.000240243455582611,0.0734722177955763,0.0363080809737739,0.000113134353169829,0,0,0.0113213781644132,0.00370381862394055,0.0358906785556461,0.000259655926105957,0.0137729041091848,0,0,0,0,0,0.0176095360117272,0.000714543254858118,0.0389141918261144,0.000390352248628037,0.00163194827148868,0.0043041723289279,5.53597660124231e-05,0.0169303458265412,0.00836654160752805,2.60697687030019e-05,0,0,0.00260880715605821,0.000853478118172077,0.00827035875774121,5.98330192933056e-05,0.00317371704027054,0,0,0,0
ROU,2009,40578773628.79,22,2001491516.6,155176351.54,4548615214.42,10429181.16,225295978.52,562923617.11,4347799.86,1812396629.91,1082529121.17,18433560.64,0,0,417233139.54,349068168.28,1735279689.84,4792969.45,542838512.65,0,0,0,0,1.74572e+11,5.42155369239433e-10,0.0493236078278121,0.0038240769166544,0.112093461868272,0.000257010752848397,0.005552064746485,0.0138723664312668,0.000107144683567157,0.0446636620044163,0.0266772261545618,0.000454266085235303,0,0,0.0102820539466471,0.00860223553016254,0.0427632364081315,0.000118115187359912,0.0133774006483248,0,0,0,0,1.26022500744678e-10,0.0114651348245996,0.000888895994432097,0.0260558120112045,5.97414313864766e-05,0.00129056193730953,0.00322459281620191,2.49054823224801e-05,0.0103819434382948,0.00620104668085375,0.000105592882249158,0,0,0.00239003471083564,0.00199956561350045,0.00994019481841303,2.74555452764475e-05,0.00310953940293976,0,0,0,0
ROU,2010,49413386103,43457634,2084831382,190268779,4937635493,82762290,349777665,788939939,7509265,2853951820,1444666973,510021,0,0,500126256,519776494,2322460935,17990876,776025537,0,0,0,0,1.70329e+11,0.000879470876766358,0.0421916315885388,0.00385055131828839,0.099925058418537,0.00167489614711863,0.00707860141927744,0.0159661177106036,0.000151968233554108,0.0577566535118857,0.0292363484256808,1.03215148813498e-05,0,0,0.0101212706807323,0.0105189410196773,0.0470006433106797,0.000364089114688453,0.0157047633890624,0,0,0,0,0.00025513937145172,0.0122400259615215,0.0011170662600027,0.0289888127858439,0.000485896647077127,0.00205354146974385,0.00463185916080057,4.40868260836381e-05,0.0167555250133565,0.00848162657562717,2.99432862284168e-06,0,0,0.00293623667138303,0.00305160303882486,0.013635146892191,0.000105624268327766,0.00455603882486247,0,0,0,0
ROU,2011,62692001406,58907622,2849174166,264668201,6618658055,111770854,466792905,1073416471,5275223,3507871734,1954520144,521211,0,0,430491832,795289123,2833284839,38371609,1180249486,0,0,0,0,1.92846e+11,0.000939635371002244,0.0454471719214776,0.00422172199107157,0.105574202554755,0.00178285668814687,0.00744581277565219,0.0171220641696927,8.41450724445229e-05,0.0559540556263733,0.0311765472495019,8.31383570967184e-06,0,0,0.00686677442648688,0.0126856553493902,0.0451937212955023,0.00061206546512212,0.0188261573969633,0,0,0,0,0.000305464577953393,0.0147743493046265,0.00137243293093971,0.0343209506808542,0.000579586063491076,0.00242054750941166,0.00556618478475053,2.73545886354915e-05,0.0181900155253415,0.0101351344803626,2.70273171338788e-06,0,0,0.00223230884747415,0.00412395965174284,0.0146919554411292,0.000198975394874667,0.00612016575920683,0,0,0,0
ROU,2012,57904330434,37848635,2491551098,255917765,6000889870,100386984,425900026,1074564647,7652340,2682095720,1888097584,3533593,0,0,693488484,773092885,3364193059,54222047,651671371,0,0,0,0,1.79228e+11,0.000653640836813411,0.0430287524149838,0.0044196653874048,0.103634561094526,0.00173366971429576,0.00735523617677344,0.0185575869532729,0.000132154882763427,0.0463194324137308,0.0326071913766808,6.10246759355525e-05,0,0,0.0119764528628899,0.0133512101634813,0.0580991617342773,0.000936407460264183,0.0112542769446714,0,0,0,0,0.000211175904434575,0.0139015728457607,0.00142788942017988,0.0334818771062557,0.000560107706385163,0.00237630295489544,0.00599551770370701,4.26961189099917e-05,0.0149647137724016,0.0105346128060348,1.97156303702546e-05,0,0,0.003869308835673,0.00431346042471042,0.0187704658814471,0.000302531116789787,0.00363599086638249,0,0,0,0
ROU,2013,65881441578,41213170,2675096287,263634512,6431655989,100317148,356733249,1126139174,12508417,2264119614,1980573955,8954621,0,0,1303015272,977431557,5105753932,29358351,1103605757,0,0,0,0,1.89839e+11,0.000625565698212688,0.0406047017631336,0.0040016506270263,0.0976247002941682,0.00152269206011878,0.00541477600452394,0.0170934203476212,0.000189862527297475,0.0343665766833503,0.0300626991085966,0.000135920234674862,0,0,0.0197781839739694,0.0148362199367295,0.0774991228137452,0.0004456239920804,0.0167513905367932,0,0,0,0,0.000217095380822697,0.0140913947450208,0.00138872682641607,0.0338795294381028,0.000528432766712846,0.00187913573607109,0.00593207493718361,6.58896064559969e-05,0.0119265251818646,0.0104329139692055,4.71695542011915e-05,0,0,0.00686379127576525,0.0051487394950458,0.0268951792413572,0.000154648681250955,0.00581337742508125,0,0,0,0
ROU,2014,69877890844,34203942,3242615527,247925672,7727455401,93292286,308507192,1163354592,5648110,2040161063,2132524329,880504,0,0,1280651826,990685900,5064193227,27465746,1161033737,0,0,0,0,1.99989e+11,0.000489481602648242,0.0464040269080106,0.00354798447699982,0.110585126535248,0.00133507587125478,0.00441494710664253,0.0166483930460516,8.08282839075554e-05,0.029196088181233,0.0305178691463483,1.26006092823508e-05,0,0,0.0183269960001943,0.014177386982267,0.07247203895014,0.000393053448927306,0.016615180037302,0,0,0,0,0.000171029116601413,0.0162139694033172,0.00123969654330988,0.0386394021721195,0.000466487086789773,0.00154262080414423,0.00581709290010951,2.82421033156824e-05,0.0102013663901515,0.0106632081214467,4.40276215191836e-06,0,0,0.00640361132862307,0.00495370195360745,0.0253223588647376,0.000137336283495592,0.00580548798683928,0,0,0,0
ROU,2015,60605047667,15091696,2022410409,116523868,4873288316,86384550,231476399,1086393901,3323083,1546609964,1802530716,614806,0,0,769342421,1066700562,4202323345,44300412,991422271,0,0,0,0,1.77878e+11,0.000249017145946699,0.0333703294833183,0.00192267595663403,0.0804106011561402,0.00142536889789524,0.00381942441942903,0.0179257989692425,5.48317859307526e-05,0.0255194909258712,0.0297422539109972,1.01444685495193e-05,0,0,0.0126943621136514,0.0176008534447672,0.0693394940977532,0.000730969015046613,0.0163587408832258,0,0,0,0,8.48429597814232e-05,0.0113696489110514,0.000655077457583287,0.0273968018304681,0.000485639314586402,0.00130132112459101,0.00610752257727206,1.86818100046099e-05,0.00869477936563263,0.0101335225041883,3.45633524100788e-06,0,0,0.00432511283576384,0.00599680995963526,0.0236247503626081,0.000249049415891791,0.00557360815277887,0,0,0,0
ROU,2016,63581004346,13098668,1792473350,83620284,4197606823,65536436,215344033,1015984689,2558230,1407902644,1772818396,53638,0,0,1264070709,773833553,4540705579,47117632,1309522095,0,0,0,0,1.85337e+11,0.000206015430783677,0.0281919634399856,0.0013151771485859,0.0660198256724153,0.00103075496642612,0.00338692405404803,0.0159793746489303,4.02357595057547e-05,0.0221434476929362,0.0278828309529768,8.43616746097759e-07,0,0,0.0198812636258635,0.0121708293374684,0.0714160719181163,0.000741064607026206,0.0205961215691678,0,0,0,0,7.06748679432601e-05,0.0096714274537734,0.000451179656517587,0.0226485095960332,0.000353606867490032,0.00116190524827746,0.00548182332184075,1.38031261971436e-05,0.00759644671058666,0.00956537764180924,2.89407943368027e-07,0,0,0.00682039047249065,0.00417527829305535,0.0244997252518385,0.000254226797671269,0.0070656269120575,0,0,0,0
ROU,2017,70626887499.98,22457866.08,2079061091.54,144330870.91,4927906861.39,74732288.84,205228398.68,1147155082.96,6355191.03,1911101083.85,1959899675.92,355.61,0,0,1129407647.85,826179974.54,4431448327.76,117209570.72,1581921757.69,0,0,0,0,2.1053e+11,0.000317978986119222,0.0294372464246083,0.00204356833521852,0.0697738076223647,0.00105812802298588,0.0029058111711359,0.0162424697387426,8.9982600889807e-05,0.0270591151825931,0.0277500502329308,5.0350512756222e-09,0,0,0.0159911853378831,0.0116978109015527,0.0627444941242987,0.0016595601883211,0.0223982935350287,0,0,0,0,0.000106672997102551,0.0098753673658861,0.000685559639528808,0.0234071479665131,0.0003549721599772,0.000974817834417898,0.00544889128846245,3.01866291264903e-05,0.00907757129078991,0.00930936054681043,1.68911794043604e-09,0,0,0.00536459244691968,0.00392428620405643,0.021049011199164,0.000556735718044934,0.00751399685408255,0,0,0,0
ROU,2018,80077606266.88,7496592.54,2693093819.72,166500225.56,6146940306.44,114499777.78,223565985.96,1266746348.74,7105067.5,2305083769.06,2485119815.94,1646103.64,0,0,1223154441.84,1026596928.59,4990509252.44,59019645.86,1472682416.87,0,0,0,0,2.43651e+11,9.36165913228675e-05,0.0336310479954227,0.00207923579789702,0.0767622883975038,0.00142986014589895,0.00279186649529591,0.0158189837058594,8.87272713462546e-05,0.0287856228041794,0.0310338923925582,2.05563542260981e-05,0,0,0.0152746129518846,0.0128200251786822,0.0623209094913227,0.00073703059583601,0.0183906898011148,0,0,0,0,3.0767747885295e-05,0.011053079280282,0.000683355395873606,0.0252284632791985,0.000469933543387879,0.000917566461701368,0.00519901969924195,2.91608386585731e-05,0.00946059638195616,0.0101995059160028,6.75598967375467e-06,0,0,0.00502010844133617,0.00421339099199265,0.020482203038116,0.000242230263204337,0.0060442289047449,0,0,0,0
ROU,2019,77298748437.44,13236144.35,2470460636.02,98485374.78,5507116106.9,124810833.84,201601308.25,1194471261.97,8920134.63,2161558977.65,2321437738.91,8354406.91,0,0,1272159125.97,1390728974.84,5747200290.34,109189502.7,1318615161.31,0,0,0,0,2.51652e+11,0.000171233617847155,0.031959904732732,0.00127408757283705,0.0712445701673561,0.00161465529989807,0.00260807985025995,0.0154526597922438,0.000115398176688712,0.0279636995597595,0.0300320223268402,0.000108079458967715,0,0,0.0164576937102622,0.0179916105105577,0.07435049604964,0.00141256494972063,0.0170586870805184,0,0,0,0,5.25970163161827e-05,0.00981697199314927,0.000391355422488198,0.0218838559077615,0.000495965992084307,0.00080111148828541,0.00474652004343299,3.54463093080921e-05,0.00858947664890404,0.00922479352005945,3.31982535803411e-05,0,0,0.00505523153390396,0.00552639746491186,0.0228378883948469,0.000433890859997139,0.00523983581020616,0,0,0,0
ROU,2020,71046398784.1,10953530.72,1318208717.15,75888266.25,3122234222.67,118065880.34,216544887.07,1105109514.09,6758057.25,1943821122.29,1991539599.9,0,0,0,948815457.82,1225772820.47,4781771817.58,75087742.5,1183532362.15,0,0,0,0,2.52372e+11,0.000154174327023756,0.0185541947193671,0.00106815077961395,0.0439464107414935,0.0016618137211822,0.00304793614843237,0.0155547576373051,9.51217424902391e-05,0.0273598824930874,0.0280315347995612,0,0,0,0.0133548705361311,0.0172531309320118,0.0673049148080134,0.00105688316065366,0.0166585834385018,0,0,0,0,4.34023216521643e-05,0.00522327642190893,0.000300700023180068,0.0123715555714184,0.000467824799660818,0.00085803847918945,0.00437889113724977,2.6778157838429e-05,0.00770220595902081,0.00789128587917836,0,0,0,0.00375959083345221,0.00485700799007022,0.0189473151442315,0.00029752802410727,0.00468963419931688,0,0,0,0
ROU,2021,88389728970.91,19150981.72,1850335316.15,386793960.26,5370475523.76,143723710.34,363808069.75,1502103817.49,7909840.56,3876921794.89,2746546379.38,33.94,0,0,1820092162.3,1936163999.48,8247233482.13,104196859.79,1895564476.2,0,0,0,0,2.86783e+11,0.000216665238630868,0.0209338272409339,0.00437600572785214,0.0607590450416188,0.00162602275188898,0.00411595412708792,0.0169940991445325,8.94882318578351e-05,0.043861677595662,0.0310731395079163,3.83981265641962e-10,0,0,0.0205916703613721,0.0219048527699096,0.0933053373751632,0.00117883447548858,0.0214455287765827,0,0,0,0,6.67786504778875e-05,0.00645203975183327,0.00134873392167597,0.0187266174206979,0.000501158403182894,0.00126858310900576,0.00523777147700526,2.75812742038405e-05,0.0135186597353748,0.00957708922558171,1.18347321842648e-10,0,0,0.00634658317368882,0.00675132068316462,0.028757748827964,0.000363329973499127,0.00660975188975637,0,0,0,0
ROU,2022,96829601670.3,29797550.63,3661439647.5,1594364651.52,12677847281.56,150755073.38,342561318.43,1769033108.18,13304785.51,3508017811.17,3130347012.81,3748508.58,0,0,2099412656.79,1994735894.95,8859932038.25,125574391.04,2262313767.54,0,0,0,0,2.96928e+11,0.000307731831134235,0.0378132263723135,0.016465673967644,0.130929458170524,0.00155691101460185,0.00353777473542031,0.0182695485436723,0.000137404112797057,0.0362287745757194,0.0323284094823469,3.87124238387708e-05,0,0,0.0216815170214001,0.0206004760996743,0.0915002425437794,0.00129685952305757,0.0233638652696627,0,0,0,0,0.000100352781246632,0.0123310689712658,0.00536953285483349,0.0426967051997791,0.000507715922311133,0.00115368479372104,0.00595778474303535,4.48081201840177e-05,0.0118143718718679,0.0105424446761841,1.26243014468154e-05,0,0,0.00707044353105803,0.0067179110590783,0.0298386546174494,0.00042291192154327,0.00761906511861461,0,0,0,0
ROU,2023,100642462676.41,18718904.04,2623582377.36,1157491647.78,9142120523.18,47728866.2,372003833.58,1736380755.9,11824096.16,2434926036.09,3384739464.74,11871447.71,0,0,2227736730.57,1679093082.16,8567653066.51,82767856.36,2364998760.6,0,0,0,0,3.50847e+11,0.000185994097741684,0.0260683443905328,0.0115010266740155,0.090837607507421,0.000474241835212836,0.00369629104542168,0.0172529637066105,0.00011748615689202,0.0241938240712459,0.0336313259307134,0.000117956649651644,0,0,0.0221351571824381,0.0166837439934145,0.0851296047281463,0.000822394982782951,0.0234990152039905,0,0,0,0,5.33534675798853e-05,0.00747785324474771,0.00329913508674721,0.0260572857204993,0.000136038974823784,0.00106030216470427,0.00494911102531873,3.37015740764493e-05,0.00694013640159386,0.00964733762791188,3.38365376075611e-05,0,0,0.00634959606486588,0.00478582710457835,0.0244199125730304,0.000235908690568823,0.00674082651583169,0,0,0,0
ROU,2024,100370881686.1,7529175.58,2678080011.07,997820579.57,8578297045.58,155839638.04,332080255.19,1946303844.57,12225806.79,2079727592.94,3092641034.76,1829356.8,239627122.79,669929193,1780683735.72,890226020.05,6080500807.04,117516618.13,1614531008.81,0,0,0,0,3.82854e+11,7.5013544302089e-05,0.0266818420450408,0.00994133520407428,0.0854659927408805,0.00155263793066373,0.00330853181332558,0.0193911203316603,0.000121806310601465,0.0207204276579351,0.03081213378629,1.82259712106658e-05,0.00238741673645361,0.00667453729354632,0.0177410390922829,0.00886936534874819,0.0605803267331671,0.00117082381021143,0.0160856513531413,0,0,0,0,1.96659185485851e-05,0.00699504252553193,0.00260626917720593,0.0224061836772765,0.000407047172133503,0.000867380921160547,0.00508367117640145,3.19333395759219e-05,0.0054321689023492,0.00807786005829899,4.77820997038035e-06,0.000625896876590032,0.00174982942061465,0.00465107778871319,0.00232523630430921,0.0158820354679329,0.000306948910367921,0.00421709322303019,0,0,0,0
SAU,2000,77204301305,61922888870,5073119141,3716326245,141577230304,0,62585412,84744639,1384535,198893582,172230082,0,7343743,16722688,0,55467,1828803,0,50797663,0,0,0,0,1.89515e+11,0.802065271277699,0.0657103173689553,0.0481362590190207,1.83379977424692,0,0.000810646698980576,0.00109766732639949,1.79333920079183e-05,0.00257619819929798,0.0022308353173173,0,9.5120904870159e-05,0.00021660306119391,0,7.18444426831537e-07,2.36878382303495e-05,0,0.000657964156677242,0,0,0,0,0.326743998469778,0.026768958346305,0.0196096680737673,0.747050261477983,0,0.000330239886024853,0.000447165865498773,7.30567501253199e-06,0.00104948728069018,0.000908793931878743,0,3.87501939160489e-05,8.8239390021898e-05,0,2.9267867978788e-07,9.64991161649474e-06,0,0.000268040329261536,0,0,0,0
SAU,2001,67674040859,50815175786,6363109021,2457182805,119423191680,0,71938223,113395075,927468,163569538,212797333,788801,30090704,95944120,0,58133,1397335,48000,1801336,0,0,0,0,1.84138e+11,0.750881359247843,0.0940258471377178,0.0363090894796659,1.76468244195467,0,0.00106301060328117,0.00167560668109446,1.3704930106544e-05,0.00241702041024563,0.00314444549636643,1.16558873977022e-05,0.000444641750633666,0.00141773889636502,0,8.59014760491709e-07,2.06480207515814e-05,7.09282309593553e-07,2.66178283007086e-05,0,0,0,0,0.275962461773235,0.0345561970967427,0.0133442461903572,0.648552670714356,0,0.000390675596563447,0.00061581571973194,5.03680934950961e-06,0.000888298656442451,0.00115564051417958,4.28374914466324e-06,0.000163413874376826,0.000521044651294138,0,3.15703439811446e-07,7.58852056609717e-06,2.60674059672637e-07,9.7825326657181e-06,0,0,0,0
SAU,2002,72128962428,55064664031,5513263692,3047933143,127439743567,0,65974482,136896171,1060268,173697550,319880667,391734,14556552,99110258,0,0,2799737,0,195734,0,0,0,0,1.89606e+11,0.76341960534877,0.0764361985312544,0.0422567168638047,1.76683178680425,0,0.000914673936504445,0.00189793622966158,1.46996153044399e-05,0.00240815262209528,0.00443484359447578,5.43102225255262e-06,0.000201812857276722,0.0013740702023675,0,0,3.88157115499163e-05,0,2.71366720678097e-06,0,0,0,0,0.29041625281373,0.029077474826746,0.0160750880404629,0.672129276325644,0,0.000347955665959938,0.000722003370146514,5.59195384112317e-06,0.000916097328143624,0.0016870809309832,2.06604221385399e-06,7.67726337774121e-05,0.000522716886596416,0,0,1.4766078077698e-05,0,1.03231965233168e-06,0,0,0,0
SAU,2003,92765581557,70641438168,7260318409,4114118743,164285964024,0,66964617,170811947,1672002,383192746,384248214,4815739,203257854,537633472,0,152800,2516536,0,1113068,0,0,0,0,2.15808e+11,0.761504827354467,0.0782652174129786,0.0443496248710743,1.770979724016,0,0.00072186920920507,0.00184132890812574,1.80239478040962e-05,0.00413076422923675,0.004142142026716,5.1912993150816e-05,0.00219109124945342,0.00579561366377734,0,1.64716263764392e-06,2.71279062531798e-05,0,1.19987174264204e-05,0,0,0,0,0.327334659363879,0.0336424896621071,0.0190637916249629,0.761259842193061,0,0.000310297194728648,0.000791499606131376,7.74763678825623e-06,0.00177561881857948,0.00178050959185943,2.23149234504745e-05,0.00094184577958185,0.00249125830367734,0,7.08036773428233e-07,1.16609949584816e-05,0,5.1576771945433e-06,0,0,0,0
SAU,2004,125551144672,92855795003,12879923033,4730791780,221212347715,0,98228923,214577068,2954137,444531756,512095573,3880005,201392785,721263835,88267,36000,2899470,0,9371212,0,0,0,0,2.58742e+11,0.739585411551476,0.102587061763941,0.0376801963244469,1.7619301543838,0,0.000782381739781196,0.00170908093717965,2.35293513867805e-05,0.00354064279669716,0.00407878059843931,3.09037803688404e-05,0.00160406968431976,0.0057447810363202,7.03036202741089e-07,2.86735737010199e-07,2.30939352052489e-05,0,7.46405938749672e-05,0,0,0,0,0.358874071480471,0.0497790193822418,0.0182838185528441,0.854953381032071,0,0.0003796404255977,0.000829308995060717,1.14173075882539e-05,0.0017180502430993,0.001979174517473,1.49956520394833e-05,0.000778353668905705,0.00278757926815129,3.4113904970975e-07,1.39134736532917e-07,1.12060276259749e-05,0,3.62183642392808e-05,0,0,0,0
SAU,2005,180277726927,137175928656,18326163176,5887569281,323106013549,0,88915528,280800515,4281786,485764674,554334110,0,180154515,457446485,29894,178030,7456960,0,2204418,0,0,0,0,3.28205e+11,0.760914456790032,0.101655171098429,0.0326583287983438,1.79226806914331,0,0.000493214161924754,0.00155759959805631,2.37510538488974e-05,0.00269453516127758,0.00307488961309384,0,0.000999316543817696,0.00253745425348764,1.6582192658833e-07,9.87531865609166e-07,4.13637343176595e-05,0,1.22278999051981e-05,0,0,0,0,0.417958070888621,0.0558375502384181,0.0179386946603495,0.984464019588367,0,0.000270914605201018,0.00085556440334547,1.30460718148718e-05,0.00148006481924407,0.00168898740116695,0,0.000548908502308009,0.00139378280343078,9.10833168294206e-08,5.42435368138816e-07,2.27204338751695e-05,0,6.71658871741747e-06,0,0,0,0
SAU,2006,210823971728,162218776107,17970533881,7877756071,376535494924,0,190153220,399524352,6997071,637280296,727106833,0,499242222,1215799511,0,1630709,11592269,0,3189590,0,0,0,0,3.76398e+11,0.769451285721392,0.0852395187022904,0.0373665101099779,1.78601841070425,0,0.000901952555211943,0.00189506130979952,3.31891622316434e-05,0.00302280756204614,0.00344888120188769,0,0.00236805244635136,0.00576689406349196,0,7.73493159546345e-06,5.49855355867978e-05,0,1.51291618968033e-05,0,0,0,0,0.430976721733378,0.0477434361526894,0.0209293249990701,1.00036529132461,0,0.000505191897937821,0.00106144121913506,1.8589554142158e-05,0.00169310223752517,0.00193174999070133,0,0.00132636789249677,0.00323009025287063,0,4.33240612330565e-06,3.07979027518743e-05,0,8.47398232721747e-06,0,0,0,0
SAU,2007,232855982640,178380848890,17610612149,8838917584,410257698957,0,143254837,498408570,2329536,1013096675,872123348,4815957,118926918,497505679,0,498672,19005286,0,5176420,0,0,0,0,4.15687e+11,0.766056542192349,0.075628772554349,0.0379587309022038,1.76185165743096,0,0.000615207886762673,0.00214041556652014,1.00041921774521e-05,0.00435074359487799,0.00374533365263937,2.0682126975649e-05,0.00051073164044002,0.00213653810118829,0,2.1415468666354e-06,8.16181993029681e-05,0,2.22301353021402e-05,0,0,0,0,0.429122991313176,0.0423650779288263,0.0212633966999209,0.9869389683993,0,0.000344621883773127,0.00119899965599117,5.60406267215477e-06,0.0024371622759432,0.00209802892079858,1.15855367139218e-05,0.000286097275113246,0.00119682761067823,0,1.19963337799835e-06,4.57201836959058e-05,0,1.24526867571033e-05,0,0,0,0
SAU,2008,312999364049,247097213671,21776362954,10313384358,560219182406,0,111097206,561785502,4926139,1104924848,1159035849,0,314850794,1137938223,729334,27200,11872282,0,4966940,0,0,0,0,5.19797e+11,0.789449570997585,0.0695731859397354,0.0329501767178845,1.78984128005544,0,0.000354943871331981,0.00179484550617826,1.57384952361399e-05,0.00353011850793098,0.00370299745662919,0,0.00100591512368284,0.00363559276376631,2.33014530945125e-06,8.69011350315135e-08,3.79306904858164e-05,0,1.58688501335818e-05,0,0,0,0,0.475372527488616,0.0418939758290256,0.019841177148002,1.0777653245517,0,0.000213731910726688,0.00108077865397453,9.47704392291606e-06,0.00212568531176594,0.00222978556821221,0,0.000605718759438781,0.00218919736551,1.40311313839826e-06,5.23281204008488e-08,2.28402280120893e-05,0,9.55553802734529e-06,0,0,0,0
SAU,2009,191810272744,142194191157,15174271961,5252102890,325701181386,0,90371265,524900340,9569977,583068540,934083270,0,466700402,1355367351,1311591,3199238,21540182,0,2230612,0,0,0,0,4.29098e+11,0.741327297661371,0.07911084085289,0.0273817601886721,1.69803825794408,0,0.00047114924402727,0.0027365601043723,4.98929325478443e-05,0.00303981914867612,0.00486982921528231,0,0.00243313559447821,0.00706618749668817,6.837960142784e-06,1.66791796614036e-05,0.000112299418023083,0,1.16292624377689e-05,0,0,0,0,0.331379291343702,0.0353631850090189,0.012239868025486,0.7590368199945,0,0.000210607518562193,0.00122326447571417,2.23025439410111e-05,0.00135882371859109,0.00217685300327664,0,0.00108763126838158,0.00315864289975717,3.05662342868063e-06,7.45572806212101e-06,5.01987471393481e-05,0,5.19837426415411e-06,0,0,0,0
SAU,2010,250577015621,189433610925,17954081109,7050620813,429685770706,0,77316630,506839034,9875212,656878688,850061329,0,185490899,716467563,923468,86667,14484018,0,1050935,0,0,0,0,5.28207e+11,0.75598957252935,0.0716509495673606,0.0281375400514153,1.71478525131732,0,0.000308554357263725,0.0020226876465262,3.94098875171231e-05,0.0026214642487144,0.00339241540926374,0,0.00074025504111102,0.00285927087615914,3.68536594512225e-06,3.45869711095469e-07,5.78026598493264e-05,0,4.19405984780962e-06,0,0,0,0,0.358635176976072,0.033990615627964,0.0133482154022949,0.813479887063216,0,0.000146375625465017,0.000959546227142011,1.86957234569023e-05,0.00124360087617165,0.00160933370629318,0,0.00035117084589943,0.0013564143659588,1.74830700842662e-06,1.64077719530411e-07,2.74211019543474e-05,0,1.98962717268041e-06,0,0,0,0
SAU,2011,364139418640,284976017553,22971189514,8176501687,633745721514,0,76248362,506790500,8893344,817712755,1016378870,0,377420472,1409988429,1068801,332800,16609353,0,1665335,0,0,0,0,6.80661e+11,0.782601396512737,0.063083501368222,0.0224543163097746,1.74039307219453,0,0.000209393320516562,0.0013917485283323,2.44229093164787e-05,0.00224560350553099,0.00279118056978288,0,0.00103647244071955,0.00387211149582781,2.93514227048473e-06,9.13935660256043e-07,4.56126201937521e-05,0,4.57334447948467e-06,0,0,0,0,0.418675401636057,0.0337483556630981,0.0120125902424261,0.931073943584251,0,0.000112021053064595,0.000744556394445987,1.30657463847642e-05,0.00120135097353896,0.00149322330793156,0,0.000554491107908342,0.0020714987769242,1.57023981100724e-06,4.88936489676947e-07,2.44017991334894e-05,0,2.44664377715192e-06,0,0,0,0
SAU,2012,387373982617,305237240213,22729548945,8155722728,673604615871,22797362,164347139,595780745,16215220,633076791,1106712583,0,330247613,1263327713,1454935,0,14356284,0,2264003,0,0,0,0,7.51921e+11,0.787965258148973,0.058675982293506,0.0210538732438922,1.7388999935419,5.88510406558201e-05,0.000424259620870025,0.00153799886346279,4.18593419476809e-05,0.00163427803468652,0.00285696157373123,0,0.000852529152239217,0.0032612611318532,3.75589240705024e-06,0,3.70605271500492e-05,0,5.84448905087784e-06,0,0,0,0,0.40594323102161,0.0302286396376747,0.0108465154291475,0.895844930346406,3.03188260468852e-05,0.000218569688836992,0.000792344867346437,2.15650580313623e-05,0.000841945883942595,0.00147184688684051,0,0.000439205199748378,0.00168013356855308,1.93495726279755e-06,0,1.90928089520043e-05,0,3.01095859804421e-06,0,0,0,0
SAU,2013,375360918001,293994567493,19059433424,7848985811,642831125938,142869512,471738456,1038331698,49812062,739802258,858029073,0,210349863,1013359667,1636535,167467,17226688,0,2764270,0,0,0,0,7.69755e+11,0.783231693535598,0.0507762862620376,0.0209105035569502,1.71256807810846,0.000380619039299183,0.00125675965018485,0.00276622218298505,0.000132704444206062,0.00197090912378371,0.00228587748977563,0,0.000560393618281378,0.00269969413011,4.3598971590208e-06,4.46149271191717e-07,4.58936644010289e-05,0,7.36429891188788e-06,0,0,0,0,0.381932650639489,0.0247603892459289,0.0101967324811141,0.835111335344363,0.000185603876558126,0.000612842340744782,0.00134891192392385,6.47115796584628e-05,0.000961087953959377,0.0011146781417464,0,0.000273268589356354,0.00131647039252749,2.12604659924262e-06,2.17558833654864e-07,2.23794428097252e-05,0,3.59110366285377e-06,0,0,0,0
SAU,2014,341947182544,250522819622,25787704044,6868573212,567900439424,138340466,573200449,2026525348,48771885,424506726,849353367,0,319144919,1133019359,0,40288,11297226,55763,2483458,0,0,0,0,7.87153e+11,0.732636010503652,0.0754142901606793,0.020086649525519,1.66078408717675,0.000404566766629811,0.00167628358489617,0.00592642797324185,0.000142629878208528,0.00124143946103541,0.00248387297909878,0,0.000933316416370631,0.00331343381913728,0,1.17819365260645e-07,3.30379268399041e-05,1.6307489240045e-07,7.26269472824342e-06,0,0,0,0,0.318264453825368,0.0327607263695876,0.00872584264050318,0.721461316191388,0.000175747873666238,0.000728194453937163,0.00257449993584475,6.1959854056327e-05,0.000539293791677095,0.00107901941172809,0,0.000405442041127964,0.00143938898663919,0,5.11819176195733e-08,1.43520078053441e-05,7.08413739133307e-08,3.15498765805377e-06,0,0,0,0
SAU,2015,203688802561.012,129811454824.09,17451969985.637,4091934145.39,304414288539.9,168984507.02,467514698.581,2032133571.487,30434447.354,392059700.275,801525854.751,0,311655800.702,1004707563.083,0,42688.235,10672052.664,75638.217,2781341.559,0,0,0,0,6.93415e+11,0.637302852154609,0.0856795747542849,0.0200891462561587,1.49450674122706,0.000829620994847683,0.00229524005592287,0.00997665824501229,0.000149416398797297,0.00192479751142709,0.00393505114013773,0,0.00153005858340518,0.00493256158635453,0,2.09575757053279e-07,5.23939093844068e-05,3.71342047520475e-07,1.36548574297151e-05,0,0,0,0,0.187206009134631,0.0251681460390055,0.00590113300893404,0.439007360007932,0.000243698949431437,0.00067422063061947,0.00293061668912123,4.38906677155816e-05,0.00056540412346863,0.0011559107529416,0,0.000449450618607904,0.00144892677989804,0,6.15623183807677e-08,1.53905708183411e-05,1.09080733759725e-07,4.01107786678973e-06,0,0,0,0
SAU,2016,183604286533.01,111980929354.94,18730224604.63,4290115770.78,271218074662.709,371366246.78,417859302.984,1938260490.244,34280387.959,341645340.31,781172581.613,0,826861274.447,2039166221.439,523262.908,32003.848,10872507.126,0,1747143.38,0,0,0,0,6.89279e+11,0.609903676376352,0.102014092145188,0.0233660981003768,1.47718814077877,0.00202264475297657,0.00227586899453392,0.0105567278784394,0.000186707993622125,0.00186076995674377,0.00425465328922238,0,0.00450349656895586,0.0111063105330734,2.84994930064404e-06,1.74308827992674e-07,5.92170658501769e-05,0,9.51580931464736e-06,0,0,0,0,0.162460961896329,0.0271736475427657,0.00622406278267581,0.39348083238095,0.000538774932617996,0.000606226655656128,0.00281201152253877,4.97336897816414e-05,0.000495656099068737,0.0011333184118666,0,0.00119960317149804,0.00295840468292085,7.59145292399739e-07,4.64309053373162e-08,1.57737391187023e-05,0,2.53474047519219e-06,0,0,0,0
SAU,2017,221835062773.815,0,4014104.687,0,170248959510.919,521996056.24,569567986.206,2152424934.667,39367192.816,548434493.453,741742703.897,0,561425016.272,1633294579.908,184928.044,155965.37,18001718.142,47274.145,2688746.772,0,0,0,0,7.41266e+11,0,1.80949965114073e-05,0,0.767457395517797,0.00235308183347117,0.00256752913215859,0.00970281662309457,0.000177461544283192,0.00247226243946922,0.00334366756373986,0,0.00253082181532517,0.00736265295253763,8.33628560281087e-07,7.03069064239965e-07,8.11491110418136e-05,2.13104927638067e-07,1.21204769813213e-05,0,0,0,0,0,5.41520140813149e-06,0,0.229673234049476,0.000704195331014777,0.000768371928843357,0.00290371463775082,5.31080513823648e-05,0.000739861930066939,0.00100064309424282,0,0.000757386709051811,0.00220338526238624,2.49475955999601e-07,2.10404051986736e-07,2.42850989280501e-05,6.37748729875645e-08,3.6272360691034e-06,0,0,0,0
SAU,2018,294371571727.375,187867943533.89,35713519137.523,6491984980.831,461662241447.24,915868616.884,574627353.962,2260713920.723,36504771.496,1407296158.045,945505644.588,0,522309631.955,1484031546.037,17077.869,42836.805,12388691.948,44501.339,4711595.789,0,0,0,0,8.86564e+11,0.638200021936491,0.121321223132912,0.0220537090002814,1.56829764076131,0.00311126720392759,0.00195204771503607,0.00767979702475042,0.000124009160537445,0.00478067956693975,0.00321194617754617,0,0.00177432089956949,0.00504135483371811,5.80146679918408e-08,1.4551950362813e-07,4.20852186075681e-05,1.51174037421025e-07,1.60056073395685e-05,0,0,0,0,0.211905675770604,0.0402830693977231,0.00732263545647128,0.520731996164112,0.00103305414711628,0.000648151012179606,0.00254997261418578,4.11755626170248e-05,0.00158735991766528,0.00106648323706805,0,0.000589139229604405,0.00167391361033947,1.92629849621686e-08,4.83177807806317e-08,1.39738269859818e-05,5.01952921616488e-08,5.31444519402999e-06,0,0,0,0
SAU,2019,261603290344.984,166896805817.713,28255868151.737,4445526903.795,400086787697.564,762270772.944,502557679.169,2152613358.185,51326012.05,714121853.88,846878297.495,0,847490094.546,2378122163.214,8666.666,43906.132,8929497.109,28951.466,3265434.052,0,0,0,0,8.88888e+11,0.637976707393937,0.108010369879045,0.0169933906333233,1.52936450902417,0.00291384245182379,0.00192106788300049,0.00822854083886439,0.000196197884140963,0.00272978926579351,0.00323726164291816,0,0.00323960028724558,0.00909056671297177,3.31290404970481e-08,1.67834785036915e-07,3.41337339344028e-05,1.1066934961644e-07,1.24823890697008e-05,0,0,0,0,0.187759094304021,0.0317878834585876,0.00500122276799214,0.450098086257846,0.000857555477117477,0.00056537795444308,0.00242169244965057,5.77418212980713e-05,0.000803387889002889,0.000952739037420912,0,0.00095342730979156,0.00267539010900586,9.750009000009e-09,4.93944478944479e-08,1.00456942933193e-05,3.25704318204318e-08,3.67361698211698e-06,0,0,0,0
SAU,2020,173853852369.653,100382507626.704,14926861388.962,3225996111.883,237932250946.093,979776155.238,530180083.012,2115714848.44,37949701.985,627105935.256,797139137.938,0,1973308457.067,4254613628.834,0,55749.599,6752297.431,117429.064,4845166.012,0,0,0,0,7.67303e+11,0.577395934910133,0.0858586748898959,0.0185557930866196,1.36857623632173,0.00563563097327733,0.00304957339619208,0.0121695022549256,0.000218285079494875,0.00360708679565311,0.00458511058036897,0,0.0113503867194803,0.0244723575051286,0,3.20669333696809e-07,3.88389290140265e-05,6.75447005628147e-07,2.78691898163871e-05,0,0,0,0,0.130825120749826,0.0194536726546905,0.00420433142042062,0.310089040374002,0.00127690906361372,0.00069096573714947,0.00275733947142133,4.94585606794187e-05,0.000817285916067056,0.00103888442758337,0,0.00257174604695538,0.00554489377577567,0,7.26565633133195e-08,8.80004044165082e-06,1.53041320052183e-07,6.31454068601322e-06,0,0,0,0
SAU,2021,276179086621.923,161020161386.229,35108651288.417,4723586240.31,403043888396.702,1347616112.442,1007448373.48,2454195175.978,73207802.17,1294595298.568,718742714.831,423959.989,1113200938.57,3159325610.35,4000,55964.265,9987918.15,3046.933,7042836.624,0,0,0,0,9.82661e+11,0.583028075571336,0.12712277282776,0.0171033451449435,1.4593570183989,0.0048795009387761,0.00364780833263872,0.00888624553725781,0.000265073663127209,0.00468752110959163,0.00260245163246168,1.53509085059863e-06,0.00403072134167032,0.0114394092941403,1.44833558866672e-08,2.02637591732688e-07,3.61646432833382e-05,1.10324537504576e-08,2.55009773192614e-05,0,0,0,0,0.163861353392705,0.0357281415344834,0.00480693366309439,0.410155575927713,0.00137139472558899,0.00102522474533944,0.00249749931662903,7.44995498651112e-05,0.00131743836233248,0.000731424891016332,4.31440739990699e-07,0.00113284330869954,0.00321507173923662,4.07057978285492e-09,5.69517514178338e-08,1.01641544235499e-05,3.10069596737837e-09,7.16710709390115e-06,0,0,0,0
SAU,2022,411184219840.928,258544564094.252,59494574829.702,7384049059.932,652432316597.458,1463330937.816,2079169306.954,2951812151.805,167624785.143,956727010.215,1048339099.658,1073382.106,981648062.125,2505732875.49,122666.664,244470.127,7816523.805,3567.2,10111540.014,0,0,0,0,1.239075e+12,0.628780365633373,0.144690802708135,0.0179580069069494,1.58671535802094,0.00355882076015006,0.00505653963996564,0.00717880699056726,0.00040766346823292,0.00232676003613447,0.00254956063261271,2.61046522265677e-06,0.00238736803300663,0.00609394221514477,2.98325320089996e-07,5.94551335395547e-07,1.90097854631287e-05,8.67543020347429e-09,2.45912647569787e-05,0,0,0,0,0.208659333853279,0.0480153137055481,0.00595932373741057,0.526547881764589,0.00118098657289995,0.00167800117584004,0.00238227076795593,0.00013528219449428,0.00077213002458689,0.00084606589565442,8.66276945301939e-07,0.000792242650465065,0.00202226086031112,9.89985787785243e-08,1.97300508040272e-07,6.30835405847104e-06,2.87892177632508e-09,8.16055526420919e-06,0,0,0,0
SAU,2023,320018426729.139,175993253253.989,60961930352.523,9510956558.977,492933271498.953,1181125488.338,1515447537.047,2120492229.121,87175060.487,1300231691.228,903768182.739,742837.581,1408748981.048,3947904929.836,202319.995,1642312.226,8349645.125,199186.662,17313370.767,0,0,0,0,1.218585e+12,0.549947248515625,0.190495062973735,0.0297200278627299,1.54032777592575,0.00369080462150292,0.00473550086642249,0.00662615665852194,0.000272406377901433,0.00406299007378255,0.00282411294867074,2.32123377579358e-06,0.00440208707806802,0.0123364925269678,6.32213579286302e-07,5.13193019160125e-06,2.60911385958005e-05,6.22422477467493e-07,5.41011683107045e-05,0,0,0,0,0.14442427344337,0.0500268182790064,0.00780491845786465,0.404512833736631,0.000969259828684909,0.0012436124989615,0.0017401266461683,7.15379398950422e-05,0.00106700122784049,0.000741653789221925,6.09590287915902e-07,0.00115605311164014,0.00323974522075686,1.66028627465462e-07,1.34772069736621e-06,6.85191851614783e-06,1.63457339455188e-07,1.4207766193577e-05,0,0,0,0
SAU,2024,305499387356.915,179494074921.181,38595562122.311,3923356807.516,445400099914.33,1388673177.016,1681487401.696,2426682180.4,153877142.286,709810814.255,651412316.781,946606.91,1774921463.627,4510178805.112,275762.926,364693.324,16979513.175,1408,15243420.419,0,0,0,0,1.239805e+12,0.587543158348393,0.126335972246058,0.0128424375625092,1.45794105764922,0.0045455841631316,0.00550406145244252,0.00794332912217892,0.000503690510207882,0.00232344431324744,0.00213228681869648,3.09855583734471e-06,0.00580990187568972,0.0147632990171688,9.02662779083829e-07,1.19376122864014e-06,5.5579532652754e-05,4.6088472130225e-09,4.98967299112489e-05,0,0,0,0,0.144776053428709,0.0311303488228479,0.00316449506778566,0.359250123942338,0.00112007386404798,0.00135625150866144,0.00195730956110033,0.000124113987510939,0.000572518109101835,0.000525415139300939,7.63512737890233e-07,0.00143161340987252,0.00363781304730341,2.22424434487682e-07,2.94153777408544e-07,1.36953094841528e-05,1.13566246304862e-09,1.22950144732438e-05,0,0,0,0
SEN,2000,693346787,16833277,79342235,782739,194182563,0,2028812,484437,0,6405834,5789247,0,0,6346,15,18902,45566,0,3042701,0,0,0,0,6.016e+09,0.0242782937998961,0.114433695356549,0.0011289285746701,0.280065569843046,0,0.00292611437456622,0.000698693653858383,0,0.00923900437718478,0.00834971346019954,0,0,9.1527070132655e-06,2.16341955876115e-08,2.72619709998022e-05,6.57189170763403e-05,0,0.0043884259032414,0,0,0,0,0.00279808460771277,0.0131885364029255,0.000130109541223404,0.032277686668883,0,0.000337236037234043,8.0524767287234e-05,0,0.00106479953457447,0.000962308344414894,0,0,1.05485372340426e-06,2.49335106382979e-09,3.14195478723404e-06,7.57413563829787e-06,0,0.000505768118351064,0,0,0,0
SEN,2001,782404578,16447338,121123304,821044,277916234,0,2419404,1317844,0,6217818,3534470,0,0,4311,2773,5775,23668,0,2060962,0,0,0,0,6.508e+09,0.0210215257712871,0.154809043052404,0.0010493854753493,0.355207832130042,0,0.00309226718251641,0.00168435108517476,0,0.00794706239563951,0.00451744544879184,0,0,5.50993708526077e-06,3.5442021659541e-06,7.38109178088168e-06,3.02503342458715e-05,0,0.00263413847253844,0,0,0,0,0.00252724923171481,0.0186114480639213,0.000126159188690842,0.0427037851874616,0,0.000371758451137062,0.000202496004917025,0,0.000955411493546404,0.00054309618930547,0,0,6.62415488629379e-07,4.26090964966196e-07,8.87369391518132e-07,3.63675476336816e-06,0,0.000316681315304241,0,0,0,0
SEN,2002,690797399,21348805,134589162,667578,315185456,0,2096544,1431797,76,8082785,3291443,0,36525,150043,1285,4188,721338,0,2084571,0,0,0,0,7.001e+09,0.0309045821986368,0.194831599242892,0.000966387541363629,0.456263235003871,0,0.00303496220894138,0.00207267283008401,1.10017785402808e-07,0.01170065928404,0.0047647009163102,0,5.28736791031259e-05,0.000217202612831494,1.86016913477116e-06,6.06255901667053e-06,0.00104421064851172,0,0.00301763006493312,0,0,0,0,0.00304939365804885,0.0192242768175975,9.53546636194829e-05,0.0450200622768176,0,0.000299463505213541,0.000204513212398229,1.08555920582774e-08,0.00115451864019426,0.000470138980145694,0,5.21711184116555e-06,2.14316526210541e-05,1.83545207827453e-07,5.98200257106128e-07,0.000103033566633338,0,0.000297753320954149,0,0,0,0
SEN,2003,1154534363,43618564,184894593,847184,461575033,0,1960557,1925689,0,16843032,4194022,0,43178,87902,2447,305391,9223972,0,1999169,0,0,0,0,8.767e+09,0.0377802215316133,0.160146461573964,0.000733788466718855,0.399793239415257,0,0.00169813654996426,0.00166793562990728,0,0.0145885930638168,0.0036326523786629,0,3.73986269995499e-05,7.61363219814359e-05,2.11946918032097e-06,0.000264514430914344,0.00798934383904518,0,0.00173158033582063,0,0,0,0,0.00497531242158093,0.0210898360898825,9.66332839055549e-05,0.05264914258013,0,0.00022362917759781,0.000219651990418615,0,0.00192118535416904,0.000478387361697274,0,4.92505988365461e-06,1.00264628721341e-05,2.79114862552755e-07,3.48341507927455e-05,0.00105212410174518,0,0.00022803342078248,0,0,0,0
SEN,2004,1315412288,37604981,214572289,911243,508488769,0,2752576,2614182,0,29781520,4999899,0,1086602,2204570,772,518,22966615,0,3637072,0,0,0,0,1.0072e+10,0.0285879806225438,0.163121700289301,0.000692743262559518,0.386562276815222,0,0.00209255761490955,0.00198734801540793,0,0.0226404453354172,0.00380101284259859,0,0.00082605431765588,0.00167595363074486,5.86888238039631e-07,3.93792885109494e-07,0.0174596323977779,0,0.00276496732863119,0,0,0,0,0.00373361606433678,0.02130384124305,9.04728951548848e-05,0.0504853821485306,0,0.000273289912629071,0.000259549444003177,0,0.00295686258935663,0.000496415706910246,0,0.00010788343923749,0.000218881056393963,7.66481334392375e-08,5.14297061159651e-08,0.00228024374503574,0,0.000361107227958697,0,0,0,0
SEN,2005,1470807171,76741312,229336362,1021982,616845453,0,2886030,2767150,0,29792325,4989810,80,4645152,9900440,0,1082432,41105207,0,2255741,0,0,0,0,1.1015e+10,0.0521763243429278,0.155925512549735,0.000694844314163328,0.41939247044914,0,0.00196220827373162,0.00188138190686045,0,0.0202557653969991,0.00339256572743484,5.43919023359181e-08,0.00315823317399368,0.00673129706953271,0,0.000735944195365906,0.0279473800580212,0,0.00153367555208908,0,0,0,0,0.00696698247843849,0.0208203687698593,9.27809350885157e-05,0.0560004950522016,0,0.000262009078529278,0.000251216522923286,0,0.00270470494779846,0.000453001361779392,7.26282342260554e-09,0.000421711484339537,0.00089881434407626,0,9.8268906037222e-05,0.00373174825238311,0,0.000204788107126645,0,0,0,0
SEN,2006,1491565996,51129295,362422019,1285681,836025191,0,6695382,3851644,0,40241417,7708192,83968,12484783,25078004,61060,4972,29710251,0,2617274,0,0,0,0,1.1699e+10,0.0342789357876995,0.242980880478587,0.000861967223339677,0.560501642731201,0,0.00448882719098941,0.00258228198439032,0,0.0269793070557503,0.00516785178843672,5.6295195938484e-05,0.00837025182491489,0.0168132044222333,4.09368409870883e-05,3.3334093250541e-06,0.0199188310002208,0,0.00175471551846775,0,0,0,0,0.00437039875203009,0.0309788887084366,0.000109896657834003,0.0714612523292589,0,0.000572303786648432,0.000329228481066758,0,0.00343973134455936,0.000658876143260108,7.17736558680229e-06,0.0010671666809129,0.002143602359176,5.219249508505e-06,4.24993589195658e-07,0.00253955474826908,0,0.000223717753654158,0,0,0,0
SEN,2007,1546256022,0,288566407,4586748,591069322,0,10967367,6896060,31440,59467815,11399374,0,12476185,25003055,2631448,767906,31916329,0,2901963,0,0,0,0,1.3996e+10,0,0.186622656852618,0.0029663574044273,0.382258379977388,0,0.00709285321703342,0.00445984358468678,2.03329846756775e-05,0.0384592293604015,0.00737224226635866,0,0.00806864117098973,0.0161700615190878,0.00170181907947971,0.000496622803128524,0.0206410378009186,0,0.00187676746846002,0,0,0,0,0,0.0206177770077165,0.000327718490997428,0.0422313033723921,0,0.000783607244927122,0.000492716490425836,2.24635610174336e-06,0.00424891504715633,0.000814473706773364,0,0.000891410760217205,0.00178644291226065,0.000188014289797085,5.48661046013147e-05,0.00228038932552158,0,0.000207342312089168,0,0,0,0
SEN,2008,2170480818,0,729365988,2764928,1469448413,0,13987849,9698547,0,115273223,13205667,0,21291814,42684102,1478770,506332,15777623,0,2052204,0,0,0,0,1.6852e+10,0,0.336038900667216,0.00127387810897484,0.677015157569571,0,0.00644458540430188,0.00446838641446128,0,0.0531095331707281,0.00608421271935885,0,0.00980972226219416,0.0196657356499153,0.000681309868180554,0.000233281029622995,0.00726918333908077,0,0.000945506628292165,0,0,0,0,0,0.0432806781390933,0.000164071208165203,0.087197271125089,0,0.000830040885354854,0.000575513114170425,0,0.0068403289223831,0.000783626097792547,0,0.00126345917398528,0.00253288048896273,8.77504153809637e-05,3.00458105862806e-05,0.000936246320911465,0,0.000121778067885118,0,0,0,0
SEN,2009,2017385759,0,434921088,389923,876134136,0,8086868,4786517,54905,84275029,11047101,0,181179926,364076267,142065,143228,50334928,0,3909278,0,0,0,0,1.6128e+10,0,0.215586476735905,0.000193281328700011,0.434291821527625,0,0.00400858782903701,0.00237263348303432,2.72159153275752e-05,0.0417743748928685,0.00547594873747694,0,0.0898092619082477,0.180469335314665,7.04203444315084e-05,7.09968330851095e-05,0.0249505716868699,0,0.0019377939903461,0,0,0,0,0,0.0269668333333333,2.41767733134921e-05,0.0543237931547619,0,0.000501417906746032,0.000296783048115079,3.40432787698413e-06,0.00522538622271825,0.000684964099702381,0,0.0112338743799603,0.0225741733010913,8.80859375e-06,8.88070436507936e-06,0.00312096527777778,0,0.000242390749007937,0,0,0,0
SEN,2010,2085661790.556,0,429919470.084,993270.974,867016385.988,0,8121256.191,4178444.223,0,99522327.849,14309143.16,2148.246,204765434.426,409685337.224,6658.683,1762083.711,25162231.681,0,9060044.396,0,0,0,0,1.6134e+10,0,0.206130961419872,0.000476237795838995,0.415703250600793,0,0.00389385097227821,0.00200341409231365,0,0.047717385579792,0.00686072076728482,1.0300068830562e-06,0.0981776793117609,0.196429420665939,3.19259960083217e-06,0.000844855920062792,0.0120643873301683,0,0.00434396623509354,0,0,0,0,0,0.0266467999308293,6.15638387256725e-05,0.0537384644841949,0,0.00050336284808479,0.000258983774823354,0,0.0061684844334325,0.000886893712656502,1.33150241725549e-07,0.0126915479376472,0.0253926699655386,4.1271123094087e-07,0.000109215551692079,0.00155957801419363,0,0.000561549795215074,0,0,0,0
SEN,2011,2541704770,36663,364890750,1315031,740662931,0,11012389,4849667,0,150423518,12386198,280943,247677781,495940214,228116,2120066,57320109,0,15146581,0,0,0,0,1.7811e+10,1.44245706396499e-05,0.143561421572971,0.000517381489589761,0.291403997719216,0,0.00433267825987516,0.00190803710062676,0,0.0591821362478696,0.0048731851732725,0.000110533293762517,0.0974455349509377,0.195121093469876,8.97492119039459e-05,0.000834111823301964,0.0225518359474928,0,0.00595922121985867,0,0,0,0,2.05844702711807e-06,0.020486819942732,7.38325192296895e-05,0.0415845786873281,0,0.000618291449104486,0.000272284936275335,0,0.0084455402840941,0.00069542406378081,1.57735668968615e-05,0.0139058885520184,0.0278446024366964,1.28075908146651e-05,0.000119031272808938,0.00321824204143507,0,0.000850405985065409,0,0,0,0
SEN,2012,2531665004,409378,351330006,3062963,715605855,0,11915355,2782459,0,137316031,14372301,29624,351031908,710418395,0,1466642,45170780,0,17191213,0,0,0,0,1.7672e+10,0.000161703068673457,0.138774287058083,0.0012098610974045,0.282662142846448,0,0.00470652909495288,0.00109906286795597,0,0.0542394158717849,0.00567701531493777,1.17013901733422e-05,0.138656539251984,0.280613111875998,0,0.000579319142810255,0.0178423211319944,0,0.00679047700736002,0,0,0,0,2.31653463105478e-05,0.0198806024219104,0.000173322940244455,0.0404937672589407,0,0.000674250509280217,0.000157450147125396,0,0.00777025978949751,0.000813280952919873,1.67632412856496e-06,0.0198637340425532,0.0402002260638298,0,8.29924173834314e-05,0.00255606496152105,0,0.000972793854685378,0,0,0,0
SEN,2013,2660988556,0,431103755,1541587,871844195,0,21813905,6304942,0,118283688,13842287,0,356405694,738164932,10370,2078769,41599447,0,33224633,0,0,0,0,1.8919e+10,0,0.162008872239584,0.000579328684643919,0.327639212515275,0,0.00819766960320592,0.00236939838985163,0,0.0444510322050404,0.00520193405897534,0,0.133937326861619,0.277402520328614,3.89704795107732e-06,0.000781201781312734,0.0156330800093828,0,0.0124858233324924,0,0,0,0,0,0.0227868151065067,8.1483535070564e-05,0.0460829956657329,0,0.00115301575136107,0.00033325979174375,0,0.00625211099952429,0.000731660605740261,0,0.0188385059464031,0.0390171220466198,5.4812622231619e-07,0.000109877319097204,0.00219881848934933,0,0.00175615164649294,0,0,0,0
SEN,2014,2750172137,0,446245060,6100639,913326135,0,20386500,5924469,0,83630417,15298794,0,345605542,698665218,1964,39760,41605318,0,14606080,0,0,0,0,1.9802e+10,0,0.16226077415168,0.00221827532826902,0.332097806792666,0,0.00741280872048919,0.0021542175198032,0,0.0304091572577808,0.00556284961009333,0,0.125666876393054,0.254044177308164,7.14137116574242e-07,1.44572768609938e-05,0.0151282595879198,0,0.00531096937660524,0,0,0,0,0,0.022535352994647,0.000308081961418039,0.0461229236945763,0,0.00102951722048278,0.000299185385314615,0,0.00422333183516817,0.000772588324411676,0,0.0174530624179376,0.0352825582264418,9.91819008180992e-08,2.00787799212201e-06,0.00210106645793354,0,0.000737606302393698,0,0,0,0
SEN,2015,2611671966,4245323,346811180,5127627,718633223,0,15874132,5117970,64059,51007509,11400884,0,254373065,511748863,38,67064,38347280,0,90518651,0,0,0,0,1.7777e+10,0.00162551922878051,0.132792779688626,0.00196335032375961,0.275162130755896,0,0.00607814924946819,0.00195965269246222,2.45279655461907e-05,0.0195305955970123,0.00436535834071897,0,0.0973985509327169,0.195946837758414,1.45500662007719e-08,2.56785694654885e-05,0.0146830384899878,0,0.0346592727488043,0,0,0,0,0.000238809866681667,0.0195089823929797,0.000288441638071666,0.040424887382573,0,0.000892958991955898,0.000287898408055352,3.60347640209259e-06,0.0028692979130337,0.00064132778309051,0,0.0143091109298532,0.0287871329808179,2.13759351971649e-09,3.77251504753333e-06,0.00215712887438825,0,0.0050918968892389,0,0,0,0
SEN,2016,2640276916,7554300,262061752,6138406,557950241,0,11105612,2749160,4876,42306965,19370025,0,329076366,658620368,907,12275,46333768,0,108041353,0,0,0,0,1.9035e+10,0.0028611771569191,0.0992554040115692,0.00232490992244088,0.211322622115445,0,0.00420623001045849,0.00104123926673758,1.84677598415969e-06,0.0160236847671625,0.00733636115311171,0,0.124637065152449,0.249451246575229,3.43524572935364e-07,4.64913355323219e-06,0.0175488289577577,0,0.040920462677711,0,0,0,0,0.000396863672182821,0.0137673628578934,0.000322479957972157,0.029311806724455,0,0.000583431153138955,0.00014442658261098,2.56159705805096e-07,0.00222258812713423,0.00101760047281324,0,0.0172879624901497,0.0346004921460468,4.76490675072235e-08,6.44864722878907e-07,0.00243413543472551,0,0.00567593133701077,0,0,0,0
SEN,2017,2995885808.621,26942808.233,408821767.225,2287183.592,880825600.264,0,10375223.581,3832781.61,97708.253,77303903.636,16164447.799,0,376805839.637,754123078.881,83082.955,80011.933,32359239.54,355.673,90112911.886,0,0,0,0,2.0989e+10,0.00899326942150766,0.136461064720347,0.00076344151216257,0.294011740277058,0,0.00346315722419864,0.00127934836467089,3.26141446108638e-05,0.0258033545249119,0.00539554870632418,0,0.125774433241981,0.251719567117988,2.7732350398977e-05,2.67072706074967e-05,0.010801225950229,1.18720479591215e-07,0.0300788873950702,0,0,0,0,0.00128366326328077,0.019477905913812,0.000108970584210777,0.0419660584241269,0,0.000494317193815808,0.000182609062366001,4.65521239696984e-06,0.00368306749421125,0.000770139015627233,0,0.0179525389316785,0.0359294429882796,3.95840464052599e-06,3.81208885606746e-06,0.00154172373814855,1.69456858354376e-08,0.00429333993453714,0,0,0,0
SEN,2018,3623242949.602,25094809.576,534865694.551,2803766.917,1134213542.312,0,6866072.111,3206259.515,0,96864869.732,17613811.918,89.877,563301160.139,1127185101.36,754874.485,656495.192,47836573.865,0,84373564.497,0,0,0,0,2.3127e+10,0.00692606317739653,0.147620709400608,0.000773828019815228,0.313038225172449,0,0.00189500737502414,0.000884914304560282,0,0.0267343015854458,0.00486133890633384,2.48056785730785e-08,0.155468779757338,0.31109840467193,0.000208342221457416,0.000181189945342228,0.0132026956321697,0,0.0232867532402894,0,0,0,0,0.00108508710926623,0.0231273271306698,0.000121233489730618,0.0490428305578761,0,0.000296885549833528,0.000138637069875038,0,0.00418838888450729,0.000761612484023004,3.88623686600078e-09,0.0243568625476283,0.0487389242599559,3.26403980196307e-05,2.83865262247589e-05,0.00206842970834955,0,0.00364827104669866,0,0,0,0
SEN,2019,4178514674.51,16027017.015,802513826.112,4427665.198,1654859101.252,0,7404830.984,2318738.945,2587.325,102122194.28,13477764.171,50.296,641693544.774,1284242427.545,1221605.903,177804.911,54201879.88,685.291,195527022.707,0,0,0,0,2.3405e+10,0.00383557753494773,0.192057199417663,0.00105962657616351,0.396040035792398,0,0.00177212037310084,0.000554919421282614,6.19197298930967e-07,0.0244398314317217,0.00322549164496604,1.20368130586733e-08,0.153569771739344,0.307344242531731,0.00029235410143516,4.25521805833674e-05,0.0129715662387511,1.64003492480342e-07,0.0467934273151569,0,0,0,0,0.000684768938901944,0.034288136129545,0.000189176039222388,0.0707053664281991,0,0.000316378166374706,9.90702390514847e-05,1.10545823541978e-07,0.00436326401538133,0.000575849782995087,2.14894253364666e-09,0.0274169427376202,0.0548704305723136,5.21942278572954e-05,7.59687720572527e-06,0.0023158248186285,2.92796838282418e-08,0.00835407061341594,0,0,0,0
SEN,2020,3929360138.499,6955687.307,612437387.644,2977168.561,1250566132.486,0,6670156.528,1685280.496,230.627,109146303.396,19387104.194,0,734489311.261,1469636908.668,1633531.137,337513.024,28392378.364,0,203144129.258,0,0,0,0,2.4534e+10,0.00177018320078369,0.155861861997192,0.000757672612349874,0.318262029543495,0,0.00169751722746085,0.000428894383970559,5.86932711360223e-08,0.0277771188053263,0.00493390870540204,0,0.186923388381899,0.374014306876283,0.000415724463887905,8.58951615793936e-05,0.00722570020645799,0,0.0516990354912086,0,0,0,0,0.000283512158922312,0.024962802137605,0.000121348681870058,0.0509727778791066,0,0.000271873992337165,6.869163185783e-05,9.40030162223853e-09,0.00444877734556126,0.000790213752099128,0,0.0299376094913589,0.0599020505693324,6.65823403032526e-05,1.3756950517649e-05,0.00115726658367979,0,0.00828010635273498,0,0,0,0
SEN,2021,5202221589.634,19867416.455,773367066.961,6274941.083,1607219858.913,0,10593427.28,5754357.009,41235.97,148161738.703,18534942.066,901.66,973392397.869,1948147870.298,3190353.503,86516.363,49607926.817,1996111.657,292130470.15,0,0,0,0,2.7584e+10,0.00381902541302508,0.148660923729589,0.00120620411393154,0.308948750302287,0,0.00203632757610875,0.00110613454460806,7.9266077558417e-06,0.0284804743800665,0.00356288976673599,1.73322105655141e-07,0.187110906580487,0.374483830942515,0.000613267514278348,1.66306570201457e-05,0.00953591191037484,0.00038370369708539,0.0561549455586633,0,0,0,0,0.000720251466611079,0.028036799121266,0.000227484813043794,0.0582663811960919,0,0.000384042462296984,0.000208612130546694,1.49492350638051e-06,0.00537129273140226,0.000671945405524942,3.26877900232019e-08,0.0352882974865502,0.0706260103791328,0.00011565956724913,3.1364690762761e-06,0.00179843122161398,7.23648367531903e-05,0.0105905767890806,0,0,0,0
SEN,2022,5710291923.345,2476311.554,1017016335.393,12750923.846,2074576217.114,0,14367616.444,10712680.73,0,154975151.388,20047494.95,72780.51,930426058.265,1862540462.927,9202356.123,276147.422,58286683.628,0,143817583.385,0,0,0,0,2.775e+10,0.000433657611071732,0.178102336806145,0.00223297232736408,0.363304756562909,0,0.00251609140773729,0.00187603031050025,0,0.0271396197372022,0.0035107653372398,1.27454972490034e-05,0.16293844005789,0.326172547381072,0.00161153864750393,4.83595980217833e-05,0.0102073036563526,0,0.025185679701775,0,0,0,0,8.92364523963964e-05,0.0366492373114595,0.000459492751207207,0.0747595033194234,0,0.000517751943927928,0.000386042548828829,0,0.00558469014010811,0.00072243225045045,2.62272108108108e-06,0.0335288669645045,0.0671185752406126,0.000331616436864865,9.95125845045045e-06,0.00210042103163964,0,0.00518261561747748,0,0,0,0
SEN,2023,5316892833.899,26320322.943,1101878345.497,6946298.061,2277049770.157,0,14832417.065,12942241.559,7386.526,190657942.143,22238286.363,49.326,874749413.23,1750278238.361,3394013.349,335237.214,46752947.476,0,115888425.083,0,0,0,0,3.0701e+10,0.00495032037794501,0.207241029661485,0.00130645816607632,0.428267005052119,0,0.00278967764225615,0.00243417386118523,1.38925613713814e-06,0.0358589025769749,0.00418257186250116,9.27722290837074e-09,0.164522671522143,0.3291919346581,0.000638345261984732,6.30513392827146e-05,0.00879328377241619,0,0.0217962687425498,0,0,0,0,0.000857311584085209,0.035890633708902,0.000226256410572946,0.0741685863703788,0,0.000483124884042865,0.000421557654766946,2.40595615777988e-07,0.00621015413644507,0.000724350554151331,1.60665776359076e-09,0.0284925381332856,0.0570104634494316,0.000110550579753103,1.09194232761148e-05,0.00152284770776196,0,0.00377474431070649,0,0,0,0
SEN,2024,6310482680.303,763878308.793,1278828289.861,10959574.113,4117917077.355,0,18762079.477,19650561.027,16569.746,145277520.092,41044618.999,2846743.067,930217713.698,1861012194.812,2083965.867,1706834.379,47966714.74,29815.89,129086978.601,0,0,0,0,3.2816e+10,0.121049109472609,0.202651422188769,0.00173672517115185,0.652551838896304,0,0.00297316075924942,0.00311395530619798,2.62574938232845e-06,0.0230216177512787,0.00650419644239151,0.00045111336346514,0.147408330047637,0.294908058399527,0.00033023874283099,0.000270476042082734,0.00760111661342788,4.72481924291857e-06,0.0204559595740467,0,0,0,0,0.0232776178934971,0.0389696577846477,0.000333970444691614,0.12548504014368,0,0.000571735722726719,0.000598810367716967,5.04928876157972e-07,0.00442703315736226,0.00125075021328011,8.67486307593857e-05,0.0283464686036689,0.0567105130062165,6.35045668881034e-05,5.2012261671136e-05,0.00146168682167235,9.08577827888835e-07,0.00393365975746587,0,0,0,0
SLV,2000,3979745400.31,0,0,357762,8380955.4,0,1020340.95,37253717.09,641.05,45495293.19,11542413.3,0,48727,435963.54,2816080.66,1385735.88,8423763.13,35502.04,3804007.26,0,0,0,0,1.1785e+10,0,0,8.98957003561415e-05,0.0021059024025374,0,0.000256383473656511,0.00936082923472897,1.61078143327979e-07,0.0114317094722834,0.0029002893750693,0,1.22437480538842e-05,0.000109545585495505,0.000707603219990064,0.000348197118311151,0.00211665880167707,8.92068120670096e-06,0.000955841863578431,0,0,0,0,0,0,3.03574034789987e-05,0.000711154467543488,0,8.65796308867204e-05,0.00316111303266865,5.43954179041154e-08,0.00386044066100976,0.000979415638523547,0,4.13466270683072e-06,3.69930878235045e-05,0.000238954659312686,0.000117584716164616,0.00071478685871871,3.01247687738651e-06,0.000322783815019092,0,0,0,0
SLV,2001,4436458309.77,0,0,781202.22,5351082.97,0,532280.68,34604409.63,14848.1,47984950.15,11733444.18,0,32631.1,306118.44,3515770.39,53921.82,7333836.32,33238.55,3238482.68,0,0,0,0,1.2283e+10,0,0,0.000176086906593855,0.00120616099518298,0,0.000119978740435317,0.00780000784720414,3.34683636433626e-06,0.0108160489290133,0.0026447772887126,0,7.35521393904222e-06,6.9000634881627e-05,0.000792472315643662,1.21542492310258e-05,0.00165308356529563,7.49213622199533e-06,0.000729970272202985,0,0,0,0,0,0,6.36002784336074e-05,0.000435649513148254,0,4.33347455833266e-05,0.00281726041113734,1.20883334690222e-06,0.00390661484572173,0.000955258827647969,0,2.65660669217618e-06,2.492212325979e-05,0.000286230594317349,4.38995522266547e-06,0.000597072076854189,2.7060612228283e-06,0.000263655676951885,0,0,0,0
SLV,2002,4720287820.23,0,60560887.19,667245.8,125943382.77,0,608135.23,38356908.83,13268.94,59958941.02,14136791.66,0,0,208599.2,5914247.44,560518.8,13800135.95,6115.65,1797967.24,0,0,0,0,1.2664e+10,0,0.0128299140849952,0.00014135701580322,0.0266812930834932,0,0.000128834353573458,0.00812596822287227,2.81104468738804e-06,0.012702390892994,0.00299490035319736,0,0,4.41920509817208e-05,0.00125294212243859,0.000118746742009619,0.00292357933998346,1.29560955452543e-06,0.000380902035739082,0,0,0,0,0,0.00478212943698673,5.26883922931144e-05,0.00994499232233102,0,4.80207856917246e-05,0.00302881465808591,1.04776847757423e-06,0.00473459736418193,0.00111629750947568,0,0,1.64718256475047e-05,0.000467012590018951,4.4260802274163e-05,0.00108971383054327,4.82916140240051e-07,0.000141974671509792,0,0,0,0
SLV,2003,4949389080.39,0,54634482.57,657887.16,118462914.69,0,1241078.93,41196764.42,1465.13,64738519.82,10482517.9,0,0,333499.59,5085852.3,142923.94,11123357.6,1381,939041.81,0,0,0,0,1.3244e+10,0,0.0110386315730294,0.000132922902062119,0.0239348559520937,0,0.000250753963740148,0.00832360595436433,2.9602239310807e-07,0.0130801031740464,0.00211794177619473,0,0,6.73819707004568e-05,0.00102757173004456,2.8877087187645e-05,0.00224742032184778,2.79024335644103e-07,0.000189728832134168,0,0,0,0,0,0.00412522520160073,4.9674355179704e-05,0.00894464774161885,0,9.37087684989429e-05,0.00311059834038055,1.10625943823618e-07,0.00488813952129266,0.000791491837813349,0,0,2.51811831772878e-05,0.000384011801570523,1.07915992147388e-05,0.00083987900936273,1.04273633343401e-07,7.09031871035941e-05,0,0,0,0
SLV,2004,5251899751.05,0,55519859.45,51633.28,117980177.25,0,957255.19,43699662.46,1395.09,85962391.73,22201832.75,1400,321041.8,1768103.15,737116.51,74136.25,2224597.14,0,1269382.21,0,0,0,0,1.3725e+10,0,0.0105713859901648,9.83135292894292e-06,0.0224642858474998,0,0.00018226836675788,0.00832073431166755,2.65635306485255e-07,0.0163678660684286,0.00422739081140329,2.66570206280137e-07,6.11286991789618e-05,0.000336659729585758,0.000140352357230853,1.4116082468097e-05,0.000423579513214288,0,0.000241699626834312,0,0,0,0,0,0.0040451628014572,3.76198761384335e-06,0.0085960056284153,0,6.97453690346084e-05,0.00318394626302368,1.01645901639344e-07,0.00626319794025501,0.00161761987249545,1.0200364298725e-07,2.33910236794171e-05,0.000128823544626594,5.37061209471767e-05,5.40154826958106e-06,0.000162083580327869,0,9.24868641165756e-05,0,0,0,0
SLV,2005,3436475784.33,840,61640834.94,63269.06,127285332.13,0,2047923.2,47396433.26,2629.4,101228454.31,21435287.66,0,295935.08,3968116.18,125210.06,63147.48,594485.98,0,1135421.91,0,0,0,0,1.4698e+10,2.44436467101069e-07,0.0179372237165402,1.8411030360959e-05,0.0370394963090993,0,0.000595937037978947,0.0137921627372214,7.65144341185179e-07,0.0294570544543314,0.00623757855583993,0,8.61158636267526e-05,0.00115470511914975,3.64356008475153e-05,1.83756510923041e-05,0.000172992919871806,0,0.000330403000416128,0,0,0,0,5.71506327391482e-08,0.00419382466594094,4.3046033473942e-06,0.00866004436862158,0,0.000139333460334739,0.00322468589331882,1.78895087767043e-07,0.0068872264464553,0.00145838125323173,0,2.0134377466322e-05,0.000269976607701728,8.51885018369846e-06,4.29633147366989e-06,4.04467260851817e-05,0,7.72500959314192e-05,0,0,0,0
SLV,2006,3729992948.49,0,83511981.95,23936.1,173086034.45,0,5854417.23,59990452.89,2825.59,106191609.96,19235801.12,0,0,8473594.57,121481.06,87807.49,945967.26,9042,1007174.24,0,0,0,0,1.6e+10,0,0.0223893136269354,6.4171971182117e-06,0.0464038503129262,0,0.00156955182244246,0.0160832617429708,7.57532263202769e-07,0.0284696543469309,0.00515706098795365,0,0,0.00227174546628308,3.25687103642324e-05,2.3540926541308e-05,0.000253611004917034,2.42413326911528e-06,0.000270020413954866,0,0,0,0,0,0.005219498871875,1.49600625e-06,0.010817877153125,0,0.000365901076875,0.003749403305625,1.76599375e-07,0.0066369756225,0.00120223757,0,0,0.000529599660625,7.59256625e-06,5.487968125e-06,5.912295375e-05,5.65125e-07,6.294839e-05,0,0,0,0
SLV,2007,4014538645.07,0,113493604.63,116916.7,237601793.79,0,8390091.93,64484515.33,1028,138879832.13,21955900.34,0,0,15265250.54,0,77785.5,2906040.59,0,1715087.09,0,0,0,0,1.7012e+10,0,0.0282706469320888,2.91233215910321e-05,0.0591853298215932,0,0.00208992680648456,0.0160627461910696,2.56069274924635e-07,0.0345942197618522,0.00546909677079897,0,0,0.00380249186509794,0,1.93759499850683e-05,0.000723879092201223,0,0.00042721897623434,0,0,0,0,0,0.00667138517693393,6.87260169292264e-06,0.0139667172460616,0,0.00049318668763226,0.00379053111509523,6.04279332236069e-08,0.00816363932106748,0.0012906125288032,0,0,0.000897322509992946,0,4.57239007759229e-06,0.000170822983188338,0,0.000100816311427228,0,0,0,0
SLV,2008,4641070493.28,0,143122753.75,448.56,315419233.94,0,1000614.33,58949705.82,8455.65,175506846.14,35813715.51,0,1890160.52,31741716.11,0,192534.1,3969408.05,0,1145354.94,0,0,0,0,1.7987e+10,0,0.0308383063685918,9.6650115668247e-08,0.067962603540866,0,0.00021559989908553,0.0127017475613343,1.82191802780055e-06,0.0378160267968616,0.00771669285391295,0,0.000407268220281688,0.00683930919729837,0,4.14848471443772e-05,0.000855278551736603,0,0.000246786800945689,0,0,0,0,0,0.00795701082726413,2.49380107855674e-08,0.0175359556312893,0,5.56298621226441e-05,0.0032773506321232,4.700978484461e-07,0.00975742737199088,0.00199108887029521,0,0.000105084812364485,0.00176470318063046,0,1.07040696058264e-05,0.000220682050925669,0,6.36768188135876e-05,0,0,0,0
SLV,2009,3866080098.33,0,95686234.94,544310.53,208119271.12,0,133395.39,41444067.96,2143,101372575.42,23945131.19,0,3736937.24,65978465.45,278900.8,982330.5,6913986.2,0,1234122.48,0,0,0,0,1.7602e+10,0,0.0247501946432338,0.000140791322516862,0.0538321156899723,0,3.45040419772011e-05,0.0107199196358871,5.54308225772584e-07,0.0262210230625561,0.00619364591032229,0,0.000966595917558515,0.0170659851249591,7.21404608560683e-05,0.000254089536433642,0.00178837117290627,0,0.000319218031859478,0,0,0,0,0,0.00543610015566413,3.09232206567436e-05,0.0118236149937507,0,7.57842233837064e-06,0.00235450903079196,1.21747528689922e-07,0.00575915097261675,0.00136036423076923,0,0.000212301854334735,0.0037483504971026,1.5844835814112e-05,5.58078911487331e-05,0.00039279548914896,0,7.0112628110442e-05,0,0,0,0
SLV,2010,4499243252.2,0,118970371.69,803836.52,261228808.87,0,121423.75,52116311.99,147.19,130384755.71,26892216.17,0,8023526.31,102407218.51,35760,1308691.61,4426291.7,117.92,1370420.79,0,0,0,0,1.8448e+10,0,0.0264423070772684,0.000178660382411408,0.0580606102464602,0,2.69875939560786e-05,0.0115833505922394,3.27143903428712e-08,0.0289792634897537,0.00597705317596476,0,0.0017833057383765,0.0227609872971251,7.94800325199452e-06,0.000290869272151509,0.000983785817278422,2.62088518868902e-08,0.000304589174930674,0,0,0,0,0,0.00644895770218994,4.35730984388552e-05,0.0141602780176713,0,6.58194655247181e-06,0.00282503859442758,7.97864267129228e-09,0.00706769057404597,0.00145773071173027,0,0.000434926621313964,0.00555112849685603,1.93842150910668e-06,7.09394844969645e-05,0.000239933418256722,6.39202081526453e-09,7.42856022333044e-05,0,0,0,0
SLV,2011,5308179072.07,0,150203271.38,1176580.17,333010005.43,0,846477.39,65225650.07,3875.62,179785065.66,28808286.58,0,481430.77,102372854.32,0,265786.17,6590895.64,0,602890.02,0,0,0,0,2.0284e+10,0,0.0282965720147467,0.000221654197046743,0.0627352621131785,0,0.000159466622830021,0.0122877636915449,7.30122316406452e-07,0.0338694424621003,0.00542715047643745,0,9.06960303078583e-05,0.019285870527363,0,5.00710632387074e-05,0.00124164907598526,0,0.000113577558672092,0,0,0,0,0,0.00740501239301913,5.80053327746007e-05,0.0164173735668507,0,4.17312852494577e-05,0.00321562068970617,1.91067836718596e-07,0.00886339310096628,0.00142024682409781,0,2.37345084795898e-05,0.00504697566160521,0,1.31032424571091e-05,0.000324930765135082,0,2.97224423190692e-05,0,0,0,0
SLV,2012,5339088393.31,0,151947812.72,974249.85,338985390.13,0,1298414.88,62210404.14,1048.04,166390098.71,33834342.72,0,718062.65,61293504.21,0,365864.21,10018972.58,0,697120.89,0,0,0,0,2.1386e+10,0,0.0284595049803622,0.000182474942954823,0.0634912489095997,0,0.000243190369656914,0.0116518775411082,1.96295682482653e-07,0.0311645146985187,0.00633710106062211,0,0.000134491620498314,0.0114801441172621,0,6.85255952043117e-05,0.00187653244185918,0,0.00013056927300052,0,0,0,0,0,0.00710501321986346,4.5555496586552e-05,0.0158508084789114,0,6.07133115122042e-05,0.00290893126998971,4.90058917048536e-08,0.00778032819180773,0.00158207905732722,0,3.35762952398766e-05,0.00286605743056205,0,1.71076503319929e-05,0.000468482772842046,0,3.25970677078463e-05,0,0,0,0
SLV,2013,5519300084.12,0,106376821.54,472043.41,235404206.9,0,987338.3,62644181.23,1832.92,168872024.77,42284914.47,0,46611.16,34495859.92,344376.96,5241809.37,22504511.25,0,765753.75,0,0,0,0,2.1991e+10,0,0.0192736071455989,8.55259548865901e-05,0.0426510976595202,0,0.000178888316444461,0.0113500226976675,3.32092832798426e-07,0.0305966376526391,0.00766128201502599,0,8.4451215352665e-06,0.00625004246811125,6.239504189867e-05,0.000949723568225908,0.00407742121410457,0,0.000138741097300219,0,0,0,0,0,0.00483728896093857,2.14652998954118e-05,0.0107045703651494,0,4.48973807466691e-05,0.00284862813105361,8.3348642626529e-08,0.00767914259333364,0.00192282817834569,0,2.11955618207449e-06,0.00156863534718749,1.5659904506389e-05,0.000238361573825656,0.00102335097312537,0,3.48212336865081e-05,0,0,0,0
SLV,2014,5301546008.26,0,101071299.08,857027.18,238913319.84,0,627097.77,68594717.23,12569.55,122033570.59,42762307.78,0,34521.6,24548576.92,414512.03,2353026.97,13177215.43,604,882707.82,0,0,0,0,2.2593e+10,0,0.0190644953231618,0.000161656086482079,0.0450648394765913,0,0.000118285830024479,0.0129386252846107,2.37092161049177e-06,0.0230184875128627,0.00806600710686558,0,6.51160999946319e-06,0.00463045626346587,7.8187009856026e-05,0.000443837885464712,0.00248554203046987,1.13929031089978e-07,0.000166500077265143,0,0,0,0,0,0.00447356699331651,3.79333058912052e-05,0.0105746611711592,0,2.77562860177931e-05,0.00303610486566636,5.56347098658877e-07,0.00540138850927278,0.00189272375426017,0,1.52797769220555e-06,0.00108655676182889,1.83469229407339e-05,0.000104148495994335,0.000583243280219537,2.67339441419909e-08,3.90699694595671e-05,0,0,0,0
SLV,2015,5509047690.07,0,99795565.94,3300426.11,211378911.6,0,897139.09,65500842.15,567.15,124616837.24,50177356.7,0,39316.62,14717164.26,307078.96,1543837.38,26672562.98,0,848668.65,0,0,0,0,2.3438e+10,0,0.0181148488004343,0.000599091947588144,0.038369410375773,0,0.000162848307088916,0.011889685084423,1.0294882743932e-07,0.0226203954386927,0.00910817250510359,0,7.1367361859778e-06,0.00267145341408598,5.57408425694892e-05,0.000280236706388066,0.00484159231877354,0,0.000154049973379195,0,0,0,0,0,0.00425785331256933,0.000140815176636232,0.00901864116392184,0,3.82771179281509e-05,0.00279464297934977,2.41978837784794e-08,0.00531687162897858,0.00214085488096254,0,1.67747333390221e-06,0.000627918946155815,1.31017561225361e-05,6.58689896748869e-05,0.0011380050763717,0,3.62090899394146e-05,0,0,0,0
SLV,2016,5420132897.28,0,89757482.43,60848190.98,305517385.91,0,393785.72,59604599.64,623.5,120966337.16,47811447.65,0,45852.66,12157817.11,0,796317.05,9440250.96,0,819678.95,0,0,0,0,2.4191e+10,0,0.0165600150643987,0.0112263282345965,0.0563671392750017,0,7.26524104598274e-05,0.0109968889637211,1.15034079757139e-07,0.02231796515925,0.00882108401327085,0,8.45969293908095e-06,0.00224308468821884,0,0.00014691836253676,0.00174170101340826,0,0.000151228570504487,0,0,0,0,0,0.00371036676573933,0.00251532350791617,0.0126293822458766,0,1.62781910627919e-05,0.00246391631763879,2.57740481997437e-08,0.00500046865197801,0.00197641468521351,0,1.89544293332231e-06,0.00050257604522343,0,3.29179054193708e-05,0.000390238144764582,0,3.38836323426068e-05,0,0,0,0
SLV,2017,5760015207.29,0,95984074.28,83177083.69,361770925.12,0,659792.52,64381729.24,1350.9,136691029.61,54916324.71,0,43598.5,12395536.37,464924.41,321663.56,2675267.32,0,728528.7,0,0,0,0,2.4979e+10,0,0.0166638577895629,0.0144404277934422,0.0628072864568369,0,0.000114547010078194,0.0111773540386694,2.34530630802896e-07,0.0237310188759573,0.00953405897965282,0,7.56916404401516e-06,0.00215199716040887,8.07158303005141e-05,5.58442206181844e-05,0.000464454905711729,0,0.000126480343155684,0,0,0,0,0,0.00384259074742784,0.00332988044717563,0.0144830027270908,0,2.64138884663117e-05,0.00257743421434005,5.40814283998559e-08,0.00547223786420593,0.00219849972817166,0,1.74540614115857e-06,0.000496238294967773,1.86126109932343e-05,1.28773593818808e-05,0.000107100657352176,0,2.91656471436006e-05,0,0,0,0
SLV,2018,5905411210.93,0,112849101.76,94523092.1,416236194.66,0,391847.4,70239641.52,1720.13,155097575.53,64637324.74,0,27093.6,14388669.07,424574.85,575299.93,3166950.02,0,786941.34,0,0,0,0,2.6021e+10,0,0.0191094400930343,0.0160061829267795,0.0704838629847844,0,6.63539567362813e-05,0.0118941152463688,2.91280308611923e-07,0.0262636368561326,0.0109454401109895,0,4.58792775511618e-06,0.00243652280189546,7.1895899342992e-05,9.7419114342996e-05,0.000536279338877954,0,0.000133257670277642,0,0,0,0,0,0.00433684722954537,0.00363256954382998,0.0159961644310365,0,1.50588908958149e-05,0.00269934443411091,6.61054532877292e-08,0.00596047713500634,0.00248404460781676,0,1.04122055263057e-06,0.000552963724299604,1.63166231121018e-05,2.2109063064448e-05,0.000121707467814458,0,3.02425479420468e-05,0,0,0,0
SLV,2019,5904956423.51,6588.45,119206531.33,66069927.75,384336846.7,0,281331.74,63749268.01,16702.04,132344770.26,63675509.68,0,0,20006465.95,419056.32,540673.08,4163110.08,0,2005076.25,0,0,0,0,2.6881e+10,1.11574913131767e-06,0.0201875378547064,0.0111888933654022,0.0650871605368332,0,4.76433219523696e-05,0.0107958913559783,2.82847811264152e-06,0.0224124888937507,0.0107834004373821,0,0,0.00338808020163303,7.09668776439346e-05,9.15625859400695e-05,0.000705019610885694,0,0.000339558178959118,0,0,0,0,2.4509690859715e-07,0.00443460181280458,0.00245786718314051,0.0142977138759719,0,1.04658212120085e-05,0.00237153632714557,6.21332539712064e-07,0.00492335739965031,0.00236879244373349,0,0,0.000744260479520851,1.55893128975857e-05,2.01135776198802e-05,0.000154871845541461,0,7.45908355343923e-05,0,0,0,0
SLV,2020,4805449504.68,0,76813963.95,66777889.33,297867549.05,0,363793.4,42507764.21,486.85,103952531.52,55416002.2,0,56539.91,27934508.68,299438.85,1348336.93,4158631.96,0,1003292.49,0,0,0,0,2.4921e+10,0,0.0159847614411912,0.0138962836390155,0.0619853665635043,0,7.5704343505369e-05,0.00884574152087165,1.01312062383729e-07,0.0216322180513522,0.0115319081276436,0,1.17657900566713e-05,0.00581308962934575,6.2312349699727e-05,0.000280584975180129,0.000865399159006859,0,0.000208782235464736,0,0,0,0,0,0.0030822986216444,0.00267958305565587,0.0119524717728021,0,1.45978652542033e-05,0.00170570058223988,1.95357329160146e-08,0.0041712825135428,0.00222366687532603,0,2.26876569961077e-06,0.00112092246218049,1.2015523052847e-05,5.41044472533205e-05,0.000166872595802737,0,4.02589177801854e-05,0,0,0,0
SLV,2021,6394888915.91,0,107731787.45,137445386.43,493723550.76,0,895145.62,63533537.09,1281.16,174200787.93,75641139.21,0,90949.5,27568947.53,150530.01,2497348.01,8055568.04,0,1185849.7,0,0,0,0,2.9043e+10,0,0.0168465455564008,0.0214930060924196,0.0772059620193954,0,0.000139978290752314,0.00993504936918191,2.0034124389754e-07,0.0272406276669797,0.0118283742227032,0,1.42222173357421e-05,0.00431109091846936,2.35391125599528e-05,0.000390522500521751,0.0012596885021659,0,0.000185437106976119,0,0,0,0,0,0.00370938909375753,0.0047324789598182,0.016999743509968,0,3.08213896636022e-05,0.00218756798849981,4.41125228110044e-08,0.0059980300908997,0.00260445336948662,0,3.13154632785869e-06,0.000949245860620459,5.18300485487037e-06,8.59879492476673e-05,0.000277366940054402,0,4.08308267052302e-05,0,0,0,0
SLV,2022,7115105243.68,0,151591526.43,148669963.92,641139578.52,0,483316.27,80689745.71,2219.39,174225525.55,86874153.35,0,54731.72,14344516.79,1419441.6,107883.15,8122548.15,0,837170.95,0,0,0,0,3.187e+10,0,0.0213055915883537,0.0208949774920134,0.0901096409065056,0,6.79281969060551e-05,0.0113406257457221,3.1192651745684e-07,0.0244867109597228,0.0122098198655833,0,7.69232753775716e-06,0.00201606530033291,0.000199496922587452,1.51625515442414e-05,0.00114159212995688,0,0.000117661077570654,0,0,0,0,0,0.00475655872074051,0.00466488747787888,0.0201173385164732,0,1.51652422340759e-05,0.00253184015406338,6.96388453090681e-08,0.00546675637119548,0.00272589122529024,0,1.71734295575777e-06,0.000450094659240665,4.4538487605899e-05,3.38510040790712e-06,0.000254865018826483,0,2.62683071854409e-05,0,0,0,0
SLV,2023,6498092242,6534,153542251,115501474,613224364,0,540841,71085425,1056,203338182,97329563,0,0,12448138,160618,355621,11036510,0,1332411,0,0,0,0,3.3854e+10,1.00552589231773e-06,0.0236288198569404,0.0177746744272825,0.0943699075301615,0,8.32307360157662e-05,0.0109394299669284,1.62509235122058e-07,0.0312919814658427,0.0149781750358846,0,0,0.00191566040253203,2.47177162185935e-05,5.47269855145279e-05,0.0016984231046562,0,0.00020504648908922,0,0,0,0,1.93005257872039e-07,0.00453542420393454,0.00341175264370532,0.0181137934660601,0,1.59756897264725e-05,0.0020997644296095,3.11927689490164e-08,0.00600632663791576,0.00287497970697702,0,0,0.000367700655757075,4.74443197258817e-06,1.05045489454717e-05,0.000326003131092338,0,3.93575648372423e-05,0,0,0,0
SLV,2024,6447498638.22,0,151175493,132398491.9,606024046.76,0,1624346.41,77534068.95,2408.02,179838867.05,99434813.92,0,69326.31,9034677.29,1103240,825642.79,19997680.19,0,1052034.25,0,0,0,0,3.5365e+10,0,0.0234471539247562,0.0205348615531545,0.0939936680509806,0,0.000251934354878506,0.0120254494495567,3.73481273144526e-07,0.0278928119478672,0.0154222310851781,0,1.07524349968904e-05,0.00140126858444661,0.00017111131958371,0.000128056295367895,0.00310161836583511,0,0.000163169363660454,0,0,0,0,0,0.0042747205711862,0.00374377186201046,0.0171362659906687,0,4.59309037183656e-05,0.00219239555916867,6.809048494274e-08,0.00508522174607663,0.00281167295122296,0,1.96030849710165e-06,0.000255469455393751,3.11958150713983e-05,2.3346325180263e-05,0.000565465295914039,0,2.97478933974268e-05,0,0,0,0
TUR,2000,27774906045,4650189,274888169,14963603,623814465,103141432,227521815,289361473,451953,1624130921,697292141,266600,0,400034927,196307946,4095892,424551947,52569,42573146,0,0,0,0,2.7357e+11,0.000167424112703241,0.0098969972591315,0.00053874540478216,0.0224596426713133,0.00371347545993112,0.008191632210434,0.010418090074947,1.6271990237078e-05,0.0584747584156949,0.0251051125022807,9.59859232531924e-06,0,0.0144027463621975,0.00706781674371637,0.000147467357526393,0.0152854503382353,1.89267966972883e-06,0.00153279171965602,0,0,0,0,1.69981686588442e-05,0.0010048183974851,5.46975289688197e-05,0.00228027365939248,0.000377020258069233,0.000831676773769054,0.00105772370142925,1.65205614650729e-06,0.00593680199217751,0.0025488618671638,9.74522060167416e-07,0,0.00146227629857075,0.000717578484482948,1.49720071645283e-05,0.00155189511642358,1.92159227985525e-07,0.000155620667470848,0,0,0,0
TUR,2001,31333944395,2928444,382959435,21174506,851762171,67965864,201846089,321041245,689096,2069932129,975726833,412110,26283989,499063506,136224522,8332621,311289589,0,53683605,0,0,0,0,2.03001e+11,9.3459156085925e-05,0.012221871277116,0.000675768927558921,0.0271833689452745,0.00216908101780015,0.00644177083023767,0.0102457973676378,2.19919966446982e-05,0.0660603753841569,0.0311396107907723,1.31521903149149e-05,0.00083883435384516,0.0159272480894437,0.00434750634272963,0.000265929526616817,0.0099345803731519,0,0.00171327313035528,0,0,0,0,1.4425761449451e-05,0.00188649038674686,0.000104307397500505,0.00419585209432466,0.000334805562534175,0.000994310811276792,0.00158147617499421,3.39454485445885e-06,0.0101966597652228,0.0048065124457515,2.03008852173142e-06,0.000129477140506697,0.00245842880576943,0.000671053452938655,4.10471918857543e-05,0.00153343869734632,0,0.000264449953448505,0,0,0,0
TUR,2002,36059088599,3216989,637390178,23406890,1355556758,100836214,185226632,346719507,975578,2269812581,1243852048,69958,52840573,694049658,9780753,10953354,101370301,39508,51050088,0,0,0,0,2.38674e+11,8.9214373546014e-05,0.0176762697773142,0.000649125946035395,0.03759265169108,0.00279641604704331,0.00513675301280734,0.0096153153191347,2.70549821946153e-05,0.0629470313640414,0.0344948276933016,1.94009340552052e-06,0.00146538847910497,0.0192475651760995,0.000271242379661011,0.000303761254806195,0.00281122748628792,1.09564610573922e-06,0.00141573428457135,0,0,0,0,1.34785900433227e-05,0.00267054718151118,9.80705481116502e-05,0.00567953257581471,0.000422485121965526,0.000776065394638712,0.00145269072877649,4.08749172511459e-06,0.00951009569957348,0.00521151046196905,2.93111105524691e-07,0.000221392246327627,0.0029079399431861,4.09795495110485e-05,4.58925312350738e-05,0.000424722847901321,1.65531226694152e-07,0.000213890444707006,0,0,0,0
TUR,2003,47252563934,2772319,800541079,139091825,1922537913,89226102,240311551,497337931,976780,2969011551,1391046684,218459,75782172,886146540,401129,13104885,69670422,0,73323079,0,0,0,0,3.17342e+11,5.86702343574887e-05,0.0169417490258974,0.00294358259996805,0.0406864253056258,0.00188828064704862,0.00508568278613739,0.0105250993722723,2.06714708933957e-05,0.0628328137949713,0.0294385440320856,4.62322002897308e-06,0.00160376846652911,0.0187534065080093,8.48904200331387e-06,0.000277337014311102,0.00147442627869489,0,0.00155172699416722,0,0,0,0,8.73606077985265e-06,0.00252264458848813,0.000438302604130559,0.00605825233659585,0.000281167012245464,0.000757263617800354,0.00156719857755986,3.07800417215496e-06,0.00935587331963623,0.00438343075924397,6.88402417581033e-07,0.000238802843619817,0.00279240232934815,1.26402745303175e-06,4.12957786867165e-05,0.000219543653219555,0,0.000231053812605958,0,0,0,0
TUR,2004,63167152820,0,1097137763,255119479,2781443509,163119820,382126964,649488368,1953153,5359511550,2226922741,52782,90406803,1154352466,359194,15805154,33627909,686658,80947803,0,0,0,0,4.08309e+11,0,0.0173688018854734,0.00403879971805891,0.0440330675806452,0.00258235194587325,0.00604945682907226,0.0102820586175662,3.09203899939209e-05,0.0848464955397368,0.0352544422469982,8.35592513571201e-07,0.00143123124858297,0.018274568576637,5.68640478420094e-06,0.000250211594070705,0.000532363855243333,1.08704915346856e-05,0.00128148569923149,0,0,0,0,0,0.0026870281159612,0.000624819631700501,0.00681210433519712,0.000399500917197515,0.000935876906950373,0.00159067854982379,4.78351689529254e-06,0.0131261166175617,0.00545401335997982,1.2926974423782e-07,0.000221417610192281,0.00282715410632634,8.79711199116356e-07,3.87088063207032e-05,8.23589707794832e-05,1.6817116448572e-06,0.000198251331712012,0,0,0,0
TUR,2005,73476408143,12170045,1984262171,505255685,5142832982,170510504,511132180,875608595,2944926,4973475456,2731357177,214242,135357346,1461121105,52155237,22327335,189128898,2583,96609304,0,0,0,0,5.06794e+11,0.000165632007709395,0.0270054323714113,0.00687643418846319,0.069992982944825,0.00232061566847623,0.00695641217253344,0.0119168671568143,4.00798851553627e-05,0.0676880590885799,0.0371732539196013,2.91579304724643e-06,0.00184218784533625,0.0198855815346385,0.000709822898507713,0.000303870801040607,0.00257400848489922,3.5154140836239e-08,0.00131483433174875,0,0,0,0,2.40137906131485e-05,0.00391532293397317,0.000996964614813909,0.0101477779571187,0.000336449334443581,0.00100856004609368,0.00172774065004716,5.8108935780613e-06,0.00981360366539462,0.00538948207161095,4.22739811442124e-07,0.000267085533767172,0.00288306709432235,0.000102912104326413,4.40560365750186e-05,0.000373186931968413,5.0967454231897e-09,0.000190628349980465,0,0,0,0
TUR,2006,85534462303,0,3185867991,179888164,6933180666,368952338,815295680,1233803102,2584186,6273352820,3336371265,133875,636645800,2460775482,100853259,35950660,337766913,8796,116207114,0,0,0,0,5.54902e+11,0,0.0372466010216359,0.00210310743946409,0.0810571608136108,0.00431349339279192,0.00953178003401565,0.0144246315319004,3.02122200855802e-05,0.0733429854013354,0.0390061640088545,1.56515860853555e-06,0.00744314961313167,0.0287694037671374,0.00117909502537976,0.00042030614365292,0.00394889853639909,1.02835743198347e-07,0.00135859992418429,0,0,0,0,0,0.00574131646849354,0.000324180060623317,0.0124944236387686,0.000664896392516156,0.00146926066224306,0.0022234612634303,4.65701331045842e-06,0.0113053346717078,0.00601254143073912,2.41258816872168e-07,0.00114731213799914,0.00443461274603443,0.000181749676519457,6.47874039019503e-05,0.000608696513979045,1.58514476430072e-08,0.000209419165906773,0,0,0,0
TUR,2007,107271749904,0,4753311484,130145510,10031389317,670038766,880253046,1619640459,12437584,8372265555,4129748760,133739,974070031,3597842071,9131611,12478241,88212981,26887,129726143,0,0,0,0,6.86909e+11,0,0.044310934502829,0.00121323190976627,0.093513803270454,0.00624618099918789,0.0082058234976847,0.0150984808250956,0.000115944636040064,0.0780472544028837,0.0384980086900401,1.2467308505705e-06,0.00908039658038317,0.033539511327258,8.51259628762661e-05,0.000116323645425446,0.000822331891471369,2.50643809055616e-07,0.00120932252075775,0,0,0,0,0,0.00691985617308843,0.000189465431374462,0.0146036655757895,0.000975440365463256,0.00128146966483188,0.00235786757634563,1.81065963613812e-05,0.0121883183289198,0.0060120754859814,1.94696823014402e-07,0.00141804814174803,0.00523772737145677,1.3293771081759e-05,1.81657846963717e-05,0.000128420185206483,3.91420115328231e-08,0.000188854918191493,0,0,0,0
TUR,2008,132027195626,0,7083928845,258692128,14874396481,633579914,1157409350,1776509158,10382272,14946357584,5742363214,467177,3624475626,9007605108,5569498,24948269,68929610,98138,149811012,0,0,0,0,7.87897e+11,0,0.0536550731946697,0.0019593851613179,0.112661610439227,0.004798859136528,0.00876644652271984,0.0134556304826197,7.86373742983255e-05,0.113206658015666,0.0434937907055655,3.53849067069027e-06,0.0274524927142074,0.0682253763347083,4.21844755059177e-05,0.000188963106288133,0.000522086451001052,7.43316553341028e-07,0.00113469813010629,0,0,0,0,0,0.00899093262824963,0.000328332419085236,0.0188786053012005,0.000804140533597666,0.00146898560344817,0.00225474796578741,1.31771944810045e-05,0.0189699384361154,0.00728821560940072,5.9294171700108e-07,0.00460018965169305,0.0114324652943215,7.06881483239561e-06,3.16643787195534e-05,8.74855596607171e-05,1.24556890050349e-07,0.00019014035083266,0,0,0,0
TUR,2009,102142612603,25923,3521580997,201687582,7644594213,569193442,597028521,1399411391,6035145,7641009566,4545275280,187900,4639185875,10568211185,60691742,81323038,346633195,83745,154735803,0,0,0,0,6.56134e+11,2.53792215994665e-07,0.034477099295349,0.0019745684671676,0.0748423602861268,0.00557253654958188,0.00584504846493876,0.0137005639011714,5.90854771206698e-05,0.0748072657559532,0.0444993050810852,1.83958482372401e-06,0.0454187117088069,0.10346525231419,0.000594186309252652,0.000796171508908629,0.00339361982395405,8.19883081760338e-07,0.00151489960024241,0,0,0,0,3.9508697918413e-08,0.00536716737282323,0.000307387792737459,0.0116509649141791,0.000867495728006779,0.000909918585228017,0.00213281340549339,9.19803729116308e-06,0.0116455016292404,0.00692735825303978,2.86374429613463e-07,0.00707048541151655,0.0161067879198456,9.24990047764634e-05,0.000123942728162235,0.000528296346478006,1.27633989398507e-07,0.000235829575970762,0,0,0,0
TUR,2010,113883219184,0,3948951477,154333125,8572763977,963131842,1063475510,1916085525,11039307,8740066801,4850215984,18664531,2070647214,5817869522,200848025,26006383,576104490,0,182886815,0,0,0,0,7.83025e+11,0,0.0346754465257934,0.00135518758694945,0.0752767970419687,0.00845718841547566,0.00933829863275776,0.0168250031807074,9.69353261973031e-05,0.0767458705823793,0.0425893825161682,0.000163891845820093,0.0181821977709857,0.051086275604838,0.00176363143261249,0.000228360097179741,0.00505873028641027,0,0.00160591539570471,0,0,0,0,0,0.00504319974074902,0.000197098591998978,0.0109482634360333,0.00123001416557581,0.00135816290667603,0.0024470298202484,1.40982816640593e-05,0.0111619256102934,0.00619420322978194,2.38364432808659e-05,0.00264442031097347,0.00742999204623096,0.000256502697870438,3.32127109606973e-05,0.000735742141055522,0,0.00023356446473612,0,0,0,0
TUR,2011,134906868830,101,5816619310,229595559,12585245299,729751632,1391376150,2285695345,9678329,11225328562,5748004378,29211638,1474545808,5213308875,2579528,27922756,140615736,5692,229742846,0,0,0,0,8.43326e+11,7.48664622312693e-10,0.0431158128599789,0.00170188190557828,0.0932883952325587,0.00540929930646883,0.0103136049488578,0.0169427647741218,7.17408170831979e-05,0.08320798384362,0.0426072032347235,0.000216531880499061,0.0109301017864266,0.0386437615831811,1.9120805503614e-05,0.000206978015590787,0.00104231709785803,4.21920696059787e-08,0.00170297367356073,0,0,0,0,1.19763887274909e-10,0.00689723702340495,0.000272250065810849,0.0149233455377873,0.000865325665282465,0.00164986748896631,0.0027103342538947,1.14763792412424e-05,0.013310782024982,0.00681587473646016,3.46386071341332e-05,0.00174848849436635,0.00618184293499785,3.05875545162843e-06,3.31102752672158e-05,0.000166739476785964,6.74946580563151e-09,0.000272424715946147,0,0,0,0
TUR,2012,152461736556,0,6782526852,315907988,14806603591,883376994,1384007622,2251943265,25849232,11332482338,6093117051,31348206,13344553726,29669769158,34247624,33820170,238455664,10724682,249028812,0,0,0,0,8.82437e+11,0,0.0444867479881337,0.00207204768315075,0.097116849941962,0.00579408980872739,0.00907773749180436,0.0147705471278877,0.000169545700999578,0.0743300095748124,0.0399648934128595,0.000205613596618622,0.0875272316021304,0.194604691171822,0.000224630945269475,0.000221827264754902,0.00156403612727062,7.03434333247331e-05,0.00163338564564054,0,0,0,0,0,0.00768613153346925,0.000357994948081279,0.0167792189028792,0.00100106522505289,0.00156839255606916,0.00255195925034875,2.92930056196646e-05,0.0128422565440932,0.00690487485338897,3.55245824914413e-05,0.0151223868967416,0.0336225352722064,3.88102765409882e-05,3.83258748216587e-05,0.000270224009192724,1.21534817783026e-05,0.000282205768797093,0,0,0,0
TUR,2013,161480914702,664,9255655991,355774920,19729135109,1019080476,1421765641,2383670295,26763301,9785706747,6290219836,84687624,3348409810,10351004047,106327787,112051614,540466645,23099903,370330398,0,0,0,0,9.62457e+11,4.11194103789515e-09,0.0573173369006521,0.00220320104488233,0.122176265507342,0.00631084161172007,0.00880454289984519,0.0147613128114791,0.000165736620017229,0.0605997728280072,0.0389533329533592,0.0005244435489871,0.020735638116611,0.0641004794040332,0.000658454203063064,0.000693900045134016,0.00334693821865815,0.00014305036011611,0.00229333849565699,0,0,0,0,6.89900951419128e-10,0.00961669559367328,0.000369652794878109,0.0204987184975537,0.0010588322138028,0.00147722510304356,0.00247665121143074,2.78072693117719e-05,0.0101674222817227,0.00653558531549981,8.79910728479298e-05,0.00347902276153636,0.0107547703918201,0.000110475363574684,0.000116422462510013,0.000561548874391272,2.40009714719723e-05,0.000384776045059675,0,0,0,0
TUR,2014,166504861795,0,6870582186,182299680,14553156226,739060688,1349718152,2636430714,21262678,9118083130,6447763342,82420681,3210084632,10931963751,36399480,79514023,431296069,24758765,388916861,0,0,0,0,9.43337e+11,0,0.041263552979366,0.00109486100306456,0.0874037915116123,0.00443867332180323,0.00810617862715484,0.0158339563516527,0.000127700042934353,0.0547616630031269,0.0387241746126216,0.000495004650984161,0.0192792246267994,0.0656555228066516,0.000218609112115987,0.000477547755319585,0.00259029114435715,0.000148696949344836,0.00233576879862423,0,0,0,0,0,0.00728327436112439,0.000193249793022006,0.0154273141263409,0.00078345351449164,0.00143079106618314,0.00279479201388263,2.25398537320173e-05,0.00966577493515043,0.00683505824747678,8.73714070369338e-05,0.00340290334419195,0.0115886091089399,3.85858712209953e-05,8.4290156116001e-05,0.00045720253631523,2.62459386200266e-05,0.000412277755457488,0,0,0,0
TUR,2015,150982113766,0,4608906503,103833745,9861091577,500835638,1091297132,2420920792,28017540,6490637385,5584067860,14798557,7379779689,18645249567,41746185,152311894,548056656,105574478,471369564,0,0,0,0,8.68204e+11,0,0.0305261755054186,0.00068772215734724,0.0653129786769527,0.00331718523146537,0.00722798949345318,0.0160344873416733,0.000185568603466653,0.0429894457237467,0.0369849627927086,9.80152988382159e-05,0.0488785029227871,0.123493101943833,0.000276497552979689,0.00100880753488497,0.00362994425186951,0.000699251556138794,0.00312202255116492,0,0,0,0,0,0.00530855248651239,0.000119596022363408,0.0113580351818236,0.000576864006615957,0.00125695934596017,0.00278842390958807,3.22706875342661e-05,0.00747593582268683,0.00643174629464965,1.70450228287361e-05,0.00850005262472875,0.0214756549923751,4.80833824769294e-05,0.000175433301389996,0.000631253318344537,0.000121601003911523,0.000542924893227859,0,0,0,0
TUR,2016,149246999263,0,2965700794,80674498,6426465214,355757102,1026223000,2301381446,39630869,6132583373,5121358754,16708719,8246926041,20425962778,37265209,229055199,723073846,149295529,645969595,0,0,0,0,8.70339e+11,0,0.0198710916041528,0.000540543517781802,0.0430592591190086,0.00238368009914285,0.00687600424174432,0.0154199512041415,0.000265538799411058,0.0410901619683039,0.034314651412021,0.000111953466954175,0.0552568968336002,0.13686012367998,0.000249688162469063,0.00153473905760989,0.00484481329320273,0.0010003251639044,0.00432819150930925,0,0,0,0,0,0.00340752372811054,9.26931896651764e-05,0.00738386446430644,0.000408756934941442,0.001179107221439,0.00264423568977146,4.55349800480043e-05,0.00704620081715286,0.00588432639925363,1.91979435599232e-05,0.00947553314398183,0.0234689733287834,4.28168897406643e-05,0.000263179288759897,0.00083079563940028,0.000171537215958379,0.000742204583501371,0,0,0,0
TUR,2017,164494619316,0,4158115175,132731503,9090080698,469741910,1344597268,2562846850,70446933,8163706558,5751960973,42817934,6605281777,17489120771,63037165,209834485,723359863,78885174,488584611,0,0,0,0,8.63906e+11,0,0.025278122726994,0.000806904831002515,0.055260656766758,0.00285566732792402,0.00817411094412141,0.0155801257248219,0.000428262841015298,0.0496290188210791,0.0349674718657531,0.000260299906331557,0.0401550020570036,0.106320321258672,0.000383217185231472,0.00127563129950713,0.0043974682333554,0.000479560816809812,0.0029702163695787,0,0,0,0,0,0.00481315695804868,0.000153641140355548,0.0105220714962044,0.000543741923311101,0.00155641617027778,0.00296658068123152,8.154467384183e-05,0.009449762541295,0.00665808661243237,4.95631862725806e-05,0.00764583389512285,0.020244240427778,7.29676203198033e-05,0.000242890412845842,0.00083731316022808,9.13122191534727e-05,0.000565552977986031,0,0,0,0
TUR,2018,177168756288,0,5115994908,115618224,11041184645,245542244,1798192923,3035371016,103623014,11478916193,6741632680,45445982,2587389789,9762360704,56021368,146753838,583710687,33486866,486265114,0,0,0,0,8.07318e+11,0,0.0288763945471492,0.000652588111032707,0.0623201566480029,0.00138592294230961,0.0101496051599353,0.0171326540841422,0.000584883114670364,0.0647908606094194,0.0380520404457827,0.000256512395030444,0.0146040974899323,0.0551020445621383,0.000316203427589306,0.000828327979914481,0.00329465927982888,0.000189011125333887,0.00274464371815955,0,0,0,0,0,0.00633702569247806,0.000143212741447608,0.0136763761553688,0.000304145632823745,0.00222736632033474,0.00375982080914832,0.000128354643399503,0.0142185807736233,0.0083506532494011,5.62925414768406e-05,0.00320492022846016,0.0120923362342968,6.93919471633235e-05,0.000181779469800004,0.000723024492207532,4.14791519574691e-05,0.000602321655159429,0,0,0,0
TUR,2019,180832721702,0,7143006394,102919371,15693304339,349665150,1521838743,3116275025,77668010,10019006858,6689479029,102592139,2000620267,9333631121,48211532,173324481,570235027,45785336,573426836,0,0,0,0,7.75223e+11,0,0.0395006297907255,0.000569141303804541,0.0867835433283004,0.00193363870603145,0.0084157265824262,0.0172329155678772,0.000429501968830573,0.0554048336147406,0.0369926358793836,0.000567331719803813,0.0110633753016055,0.0516147245540063,0.000266608451978339,0.00095847963448577,0.00315338408686736,0.000253191654525065,0.00317103470324894,0,0,0,0,0,0.00921413115193951,0.000132760987483602,0.0202436000208972,0.000451051052406856,0.00196309802856726,0.00401984335475083,0.000100187958819591,0.0129240319985346,0.00862910288910417,0.000132338874104612,0.00258070292935065,0.0120399306019042,6.21905335626007e-05,0.00022358015822544,0.00073557547570183,5.90608586174559e-05,0.000739692754213949,0,0,0,0
TUR,2020,169657939777,0,3718143550,107956959,8541333488,609895876,1581015286,3060896980,107344847,8803210996,6363349021,190293716,2779978131,9473414355,39491963,121037234,455020735,37047877,483431436,0,0,0,0,7.30345e+11,0,0.0219155292990541,0.000636321289424472,0.0503444371611892,0.00359485607806892,0.00931884053335848,0.0180415781543927,0.000632713371039959,0.051887998920481,0.0375069332408731,0.0011216316563205,0.0163857826792783,0.0558383201366936,0.000232774033752317,0.000713419213737315,0.0026819890398179,0.000218368070770493,0.00284944775726634,0,0,0,0,0,0.00509094133594397,0.000147816386776113,0.0116949297770232,0.000835079142049306,0.00216475129698978,0.00419102886991764,0.000146978273281805,0.012053496629675,0.00871279877455175,0.00026055318513853,0.00380639031005894,0.0129711497374528,5.40730243925816e-05,0.000165726107524526,0.000623021633611512,5.07265429351882e-05,0.000661922017676578,0,0,0,0
TUR,2021,225214458038,0,6516276958,227961131,15250800079,909438516,2599135048,5173338590,141410550,17062504079,8801101050,431450630,3482598318,14447300020,97553571,143575080,665757357,61676760,640722319,0,0,0,0,8.27673e+11,0,0.0289336529047372,0.00101219581098802,0.0677167896406845,0.00403810005770834,0.0115407113319583,0.0229707214850616,0.000627892859241479,0.0757611399714004,0.0390787568732155,0.00191573238129855,0.0154634757836568,0.0641490788196304,0.000433158562953094,0.00063750383190663,0.00295610398550731,0.000273857906536326,0.00284494310259554,0,0,0,0,0,0.007873008975767,0.000275424148184126,0.0184261176563691,0.00109878963793672,0.00314029217819115,0.00625046194572011,0.000170853163024528,0.0206150304274756,0.0106335485753432,0.000521281508518461,0.00420769835188535,0.0174553235637746,0.000117864870546701,0.000173468362505482,0.000804372447814536,7.45182698964446e-05,0.000774124949104296,0,0,0,0
TUR,2022,254169747663,0,13094796227,397731500,29903624012,1046148388,2662907774,6707740116,194608433,14670813810,10533234364,269295038,1051002454,11258827370,174081373,257396108,1132321117,86903951,788327281,0,0,0,0,9.24752e+11,0,0.0515198852239575,0.00156482627715139,0.117652176496035,0.00411594376442893,0.010476887192455,0.0263907887452196,0.000765663241945019,0.0577205349766953,0.0414417312085696,0.00105950861767017,0.00413504149751728,0.0442964887580874,0.000684902017650078,0.00101269372286303,0.00445497989989481,0.000341913039608572,0.00310157793462199,0,0,0,0,0,0.0141603329617022,0.000430095312040417,0.0323369119634237,0.00113127453414537,0.00287959125689915,0.00725355567330484,0.000210443916855546,0.0158645926799834,0.0113903342344758,0.000291207845995467,0.00113652358037614,0.0121749694728965,0.000188246549345122,0.000278340688097998,0.0012244592247435,9.39754128674499e-05,0.000852474264451442,0,0,0,0
TUR,2023,255627429011,0,13767351793,323654284,30480212921,985707580,2497777477,5317293401,196908529,8860174429,10051285088,211976064,4329534058,17976346127,723601498,795940429,3258856469,52346812,692063687,0,0,0,0,1.153295e+12,0,0.0538570991628898,0.00126611719740792,0.119236863739252,0.0038560321316598,0.00977116378576306,0.0208009501232796,0.000770294994405811,0.0346604997095939,0.0393200570333455,0.000829238336512309,0.0169368916111647,0.070322446212243,0.00283068800871468,0.00311367380284433,0.0127484616248273,0.000204777758797345,0.00270731388129018,0,0,0,0,0,0.0119374069886716,0.000280634429179004,0.0264288086924854,0.000854688158710478,0.00216577499859099,0.00461052324080136,0.000170735613177895,0.00768248750666569,0.00871527674012287,0.000183800384116813,0.00375405603770068,0.0155869453409579,0.000627420996362596,0.000690144697583879,0.00282569201201774,4.53889178397548e-05,0.000600075164636975,0,0,0,0
TUR,2024,261778130881,0,14011188291,304763345,30867386622,1323649954,2933620248,5225378257,213151986,10182170120,9811652028,186545272,3481781178,16511895247,563864184,277647850,1986299566,35346800,749589437,0,0,0,0,1.358251e+12,0,0.0535231428379678,0.00116420475604412,0.117914305973985,0.00505638094956721,0.0112065138448619,0.0199610954490899,0.00081424672596847,0.0388961831369659,0.037480793353438,0.000712608312131316,0.013300504386223,0.0630759154381236,0.00215397742394426,0.00106062278413247,0.0075877215538029,0.000135025794099157,0.00286345323987645,0,0,0,0,0,0.010315610510134,0.00022437925317191,0.0227258339010978,0.00097452529318955,0.00215985134411828,0.00384713742673482,0.000156931219634663,0.00749653055289486,0.00722373996264313,0.000137342267371789,0.00256342986531944,0.0121567333629793,0.000415139899768158,0.000204415715504719,0.00146239506983614,2.6023761440264e-05,0.00055187843557634,0,0,0,0
URY,2000,2295400680,0,25605788,0,60565457,0,2573744,6779305,0,4140648,15021331,0,20997929,42653049,1585506,95974,181881467,0,1553294,0,0,0,0,2.4892e+10,0,0.011155258523318,0,0.0263855707318166,0,0.00112126132157458,0.00295342989965482,0,0.00180388898377428,0.00654409974296949,0,0.00914782729784675,0.0185819623439338,0.00069073169395419,4.18114365985114e-05,0.0792373499688952,0,0.000676698414152252,0,0,0,0,0,0.00102867539771814,0,0.0024331293990037,0,0.000103396432588784,0.000272348746585248,0,0.000166344528362526,0.000603460188012213,0,0.000843561345010445,0.00171352438534469,6.36954041459103e-05,3.85561626225293e-06,0.00730682416037281,0,6.24013337618512e-05,0,0,0,0
URY,2001,2057579754,0,30577861,0,70597747,0,4750537,4473265,15048,3210858,16107443,0,18237596,37101782,19500,37385,176593154,1591601,9893282,0,0,0,0,2.2802e+10,0,0.0148610817833698,0,0.0343110622384166,0,0.00230879847586214,0.00217404209547836,7.31344676712833e-06,0.00156050232986497,0.00782834442683771,0,0.00886361559718185,0.0180317588797581,9.47715390477156e-06,1.8169405063071e-05,0.0858256666147192,0.000773530647794273,0.00480821313524647,0,0,0,0,0,0.001341016621349,0,0.00309612082273485,0,0.000208338610648189,0.000196178624682045,6.59942110341198e-07,0.000140814753091834,0.000706404832909394,0,0.000799824401368301,0.00162712840978862,8.55188141391106e-07,1.63954916235418e-06,0.00774463441803351,6.98009385141654e-05,0.000433877817735286,0,0,0,0
URY,2002,1861037660,0,9158967,0,23900755,0,3947953,2997327,0,2993681,10785903,0,20834940,42756595,21451,672014,141660432,10054699,52501895,0,0,0,0,1.4863e+10,0,0.00492143023048765,0,0.0128427035700073,0,0.00212137190173787,0.00161056762279598,0,0.00160860850070063,0.00579563929942181,0,0.0111953349724261,0.0229745995575393,1.15263653503928e-05,0.00036109640038128,0.0761190571500848,0.00540273806173272,0.0282110868191673,0,0,0,0,0,0.000616225997443316,0,0.00160807071250757,0,0.000265622889053354,0.000201663661441163,0,0.000201418354302631,0.000725688151786315,0,0.00140179909843235,0.00287671365134899,1.44324833479109e-06,4.52138868330754e-05,0.00953107932449707,0.000676491892619256,0.00353238881786988,0,0,0,0
URY,2003,2208149687,0,30513445,0,64835928,0,3551959,7117304,0,6231515,12126706,2500,20250853,42742092,4499,72801,189887128,36355256,126305637,0,0,0,0,1.3159e+10,0,0.0138185582162483,0,0.0293621072800034,0,0.00160856803363983,0.00322319815631231,0,0.00282205279682201,0.00549179526704794,1.13216962360759e-06,0.00917096024749702,0.0193565192847363,2.03745245464421e-06,3.29692323073024e-05,0.0859937752942742,0.016464126600671,0.0571997622007226,0,0,0,0,0,0.00231882703852876,0,0.00492711665020138,0,0.000269926210198343,0.00054086967094764,0,0.000473555361349647,0.000921552245611369,1.89984041340527e-07,0.00153893555741318,0.00324812614940345,3.41895280796413e-07,5.53241127745269e-06,0.0144302095903944,0.00276276738353978,0.00959842214453986,0,0,0,0
URY,2004,2937228124,0,127442888,745469,256531050,0,3035251,10169265,0,8501556,22929553,0,24674111,52773127,2316551,132916,199335980,90318425,219047157,0,0,0,0,1.4959e+10,0,0.0433888287255144,0.000253800170953286,0.0873378025710338,0,0.00103337257845213,0.003462197885451,0,0.00289441461169939,0.00780652779831547,0,0.00840047485531975,0.0179669827374974,0.000788686102067297,4.52521882498494e-05,0.0678653381980214,0.0307495438512286,0.0745761472219922,0,0,0,0,0,0.00851947910956615,4.9834146667558e-05,0.0171489437796644,0,0.000202904672772244,0.000679809144996323,0,0.000568323818437061,0.00153282659268668,0,0.00164944922788957,0.00352785126011097,0.000154860017380841,8.88535329901731e-06,0.0133254883347817,0.00603773146600709,0.0146431684604586,0,0,0,0
URY,2005,3421891841,0,147902101,2755988,312544648,0,4188624,11554656,0,9577836,25357282,0,42809924,89270216,9663533,117563,226605570,100691198,237631298,0,0,0,0,1.8986e+10,0,0.0432223190773843,0.000805398922016951,0.0913367992100718,0,0.00122406674279218,0.00337668650468605,0,0.00279898852594973,0.00741031078077257,0,0.0125106011496522,0.0260879712591711,0.00282403227484127,3.43561414161015e-05,0.0662223064109992,0.0294255934081699,0.0694444211102112,0,0,0,0,0,0.00779006115032129,0.000145158959233119,0.016461848098599,0,0.000220616454229432,0.000608588222901085,0,0.000504468345096387,0.0013355778995049,0,0.00225481533761719,0.00470189697671969,0.000508982039397451,6.19208890761614e-06,0.0119354034551775,0.00530344453808069,0.0125161328347203,0,0,0,0
URY,2006,3989321195,0,134972571,3209480,277962229,0,8620845,21664641,0,7108872,35078115,0,51676870,108899128,15932591,138382,270205048,137957081,292626493,0,0,0,0,2.1416e+10,0,0.0338334680018163,0.00080451782223567,0.0696765728837234,0,0.0021609804221342,0.00543065848574772,0,0.00178197534179747,0.00879300344228111,0,0.0129538002767912,0.0272976585932685,0.00399381002962836,3.46881068823038e-05,0.0677320864358228,0.0345815927714489,0.0733524523838197,0,0,0,0,0,0.00630241739820695,0.000149863653343295,0.0129791851419499,0,0.000402542258124767,0.00101161005790064,0,0.000331942099364961,0.00163793962457975,0,0.00241300289503175,0.00508494247291745,0.000743957368322749,6.46161748225626e-06,0.0126169708629062,0.00644177628875607,0.0136639191725813,0,0,0,0
URY,2007,4517549425,0,125536296,2448428,321138531,0,12303843,22948272,0,12754854,43770484,0,73995892,155207145,21205921,16254128,401796930,209093365,430509215,0,0,0,0,2.5603e+10,0,0.0277885827447256,0.000541981452698772,0.0710868882192695,0,0.00272356577482271,0.00507980540799507,0,0.0028234010964916,0.00968898840547826,0,0.0163796530018042,0.0343564907427659,0.00469412041905884,0.0035979967169922,0.0889413467789564,0.0462846878537472,0.0952970680558741,0,0,0,0,0,0.00490318697027692,9.56305120493692e-05,0.0125430039839081,0,0.000480562551263524,0.000896311838456431,0,0.000498178104128422,0.00170958418935281,0,0.00289012584462758,0.00606206870288638,0.000828259227434285,0.000634852478225208,0.0156933535132602,0.00816675252900051,0.0168147957270632,0,0,0,0
URY,2008,5941894999,0,187408139,3848435,387197268,0,7978448,12345654,580,16736526,54298769,0,68880734,144640720,131535487,4102955,780619369,327351960,686636729,0,0,0,0,3.3151e+10,0,0.0315401297114035,0.000647678055678816,0.0651639364319235,0,0.00134274469699359,0.0020777300847756,9.7611957144583e-08,0.00281669837700207,0.00913829157350278,0,0.0115923849229231,0.024342523727589,0.0221369591724756,0.000690512875217504,0.131375490332861,0.0550921818805435,0.11555854304318,0,0,0,0,0,0.00565316699345419,0.000116088051642484,0.0116798065820036,0,0.000240669904376942,0.000372406684564568,1.74957014871346e-08,0.000504857349702875,0.00163792250610841,0,0.00207778751772194,0.00436308768966245,0.00396776830261531,0.00012376564809508,0.0235473852674128,0.00987457271273868,0.0207123986908389,0,0,0,0
URY,2009,5404763196,0,74566289,1314499,155122323,0,5894495,7411696,0,6097823,42023080,0,65426088,136993858,259108775,4184123,1067174024,455773041,918026955,0,0,0,0,3.4565e+10,0,0.0137964025982092,0.000243211210617487,0.0287010396893622,0,0.00109061114913646,0.00137132668559564,0,0.00112823129873903,0.00777519356095023,0,0.0121052644912216,0.0253468751603007,0.0479408191633194,0.000774154731348197,0.197450653303331,0.0843280314921683,0.169855166953368,0,0,0,0,0,0.00215727727469984,3.80297699985535e-05,0.00448784385939534,0,0.000170533632286996,0.000214427773759583,0,0.000176416114566758,0.00121576970924345,0,0.00189284212353537,0.00396336924634746,0.00749627585708086,0.000121050860697237,0.0308744112252278,0.0131859696513815,0.0265594374367134,0,0,0,0
URY,2010,6724161707,21084,126324958,5432970,340194621,0,6287750,8277099,50754,1720688,46060146,0,70426648,149961469,316611884,37049187,1231534618,705464311,1415520072,0,0,0,0,4.3967e+10,3.13555814370899e-06,0.0187867221974292,0.000807977296908871,0.0505928673080319,0,0.000935097975626362,0.00123094883208763,7.54800408014637e-06,0.000255896284916635,0.00684994620995661,0,0.0104736695916584,0.0223018831988955,0.0470857034372627,0.00550985960992446,0.183150654559355,0.104914834255934,0.210512497123086,0,0,0,0,4.79541474287534e-07,0.00287317665521869,0.000123569267859986,0.00773749905611027,0,0.000143010667091228,0.000188257079173016,1.15436577433075e-06,3.91358973775786e-05,0.00104760720540405,0,0.00160180699160734,0.00341077328450884,0.00720112548047399,0.000842658971501353,0.0280104309595833,0.0160453137807901,0.0321950570200378,0,0,0,0
URY,2011,7911749310,0,55659768,2246234,116413524,0,11296214,13421830,0,1061088,56541480,26,87202035,194535006,309357141,167790,1252106759,805605280,1617016306,0,0,0,0,5.2354e+10,0,0.00703507730327719,0.000283911169576732,0.0147140056438416,0,0.00142777703860286,0.00169644278074326,0,0.000134115472877641,0.00714652067255655,3.28625174803472e-09,0.0110218399981129,0.0245881155200556,0.0391009786683952,2.12076992616441e-05,0.158259154826532,0.101823913831769,0.204381640853583,0,0,0,0,0,0.0010631426061046,4.29047255224052e-05,0.00222358413874776,0,0.000215766015968216,0.000256366848760362,0,2.02675631279367e-05,0.00107998395538068,4.96619169499943e-10,0.00166562316155404,0.00371576204301486,0.00590894947854987,3.20491270963059e-06,0.0239161622607633,0.0153876548114757,0.030886203652061,0,0,0,0
URY,2012,8709217341,0,89297049,0,184563267,0,12004258,13029300,0,2139444,80981665,8,104885023,233098265,379164513,56000389,1578808206,1379652211,2764217408,0,0,0,0,5.5938e+10,0,0.0102531657557356,0,0.0211917167494649,0,0.00137833946840299,0.00149603569297353,0,0.000245652842986043,0.00929838604655853,9.18567040730371e-10,0.0120429906492559,0.0267645479350542,0.0435360030820478,0.00643001395043495,0.181280147708281,0.158412881086923,0.317389875550242,0,0,0,0,0,0.0015963575565805,0,0.00329942556044192,0,0.000214599342128785,0.000232923951517752,0,3.82467017054596e-05,0.00144770397583038,1.43015481425864e-10,0.00187502275733848,0.00416708257356359,0.0067782994207873,0.00100111532410883,0.0282242519575244,0.0246639531445529,0.0494157354213594,0,0,0,0
URY,2013,9065753626,0,23650154,0,68250169,0,11492531,11277445,0,1027436,74334224,3,93234697,212167349,282786489,71063364,1276945498,1874522055,3752526185,0,0,0,0,6.2857e+10,0,0.00260873557518405,0,0.00752835029668829,0,0.00126768622600113,0.00124396111622282,0,0.000113331559888566,0.00819945335673079,3.30915677147479e-10,0.0102842742971317,0.0234031673209735,0.031192827498531,0.00783866040614592,0.140853761383698,0.206769578386069,0.413923247840973,0,0,0,0,0,0.000376253305121148,0,0.00108580061091048,0,0.000182836135991218,0.000179414305487058,0,1.63456098763861e-05,0.00118259261498322,4.77273811985936e-11,0.00148328264155146,0.00337539731453935,0.00449888618610497,0.00113055608762747,0.0203150881842913,0.0298220095613854,0.0596994158963998,0,0,0,0
URY,2014,9165707594,0,60046328,0,161902129,0,9010225,11919535,0,1008098,66017692,0,69924356,162409663,329257685,8560827,1344683998,1620813818,3246367872,0,0,0,0,6.2546e+10,0,0.00655119393502223,0,0.0176638985413394,0,0.000983036487646433,0.00130044897000671,0,0.000109985834662663,0.00720268362512635,0,0.00762890974677978,0.01771927168027,0.0359227786423753,0.000934006121426352,0.14670814928465,0.176834554384105,0.354186279532321,0,0,0,0,0,0.000960034662488409,0,0.00258852890672465,0,0.000144057573625811,0.000190572298788092,0,1.61177053688485e-05,0.0010555062194225,0,0.00111796687238193,0.0025966434783999,0.00526424847312378,0.00013687249384453,0.0214991206152272,0.0259139484219614,0.0519036848399578,0,0,0,0
URY,2015,7669514564,0,21803464,0,43714223,0,6714256,8169412,0,1007587,57162897,0,54392874,128012103,130853405,550397,781679439,1121982537,2247610114,0,0,0,0,5.8218e+10,0,0.00284287405911496,0,0.00569973792150947,0,0.000875447323813179,0.00106517980138488,0,0.000131375589887986,0.00745326141869753,0,0.00709208823402138,0.0166910306945471,0.0170614976877694,7.17642551438018e-05,0.101920327874352,0.146291206260496,0.293057675977314,0,0,0,0,0,0.000374514136521351,0,0.000750871259747844,0,0.000115329554433337,0.000140324504448796,0,1.73071386856299e-05,0.000981876687622385,0,0.000934296506235185,0.00219884061630424,0.0022476451441135,9.45406918822357e-06,0.0134267655879625,0.019272090023704,0.0386067902366966,0,0,0,0
URY,2016,6963552025,12,33472215,0,67054045,0,8414495,9831387,5606,3394833,48244184,0,40684380,97006313,113727170,255754,852930515,857231028,1725929116,0,0,0,0,5.758e+10,1.72325846879847e-09,0.0048067731640161,0,0.00962928757612032,0,0.00120836248078437,0.00141183507564877,8.05048914673686e-07,0.000487514559783877,0.00692809988735598,0,0.00584247519856793,0.0139305792003471,0.0163317757362486,3.6727520535757e-05,0.122484977772533,0.123102552393152,0.247851830474405,0,0,0,0,2.08405696422369e-10,0.000581316689822855,0,0.00116453707884682,0,0.000146135724209795,0.000170743087877735,9.73601945119833e-08,5.89585446335533e-05,0.000837863563737409,0,0.000706571378951025,0.00168472235151094,0.00197511583883293,4.44171587356721e-06,0.0148129648315387,0.0148876524487669,0.0299744549496353,0,0,0,0
URY,2017,7889387375,0,15913584,0,173670551,0,10609468,10482650,4989,12675854,58498189,0,43731168,104980230,39839255,204159,788367240,1200432464,2420814383,0,0,0,0,6.5068e+10,0,0.00201708741675269,0,0.0220131859097615,0,0.00134477716655408,0.00132870266114928,6.32368492363452e-07,0.00160669686979339,0.00741479486548853,0,0.00554303723741287,0.0133065122816333,0.00504972732436021,2.58776746908058e-05,0.099927561232218,0.152157880826583,0.306844406027154,0,0,0,0,0,0.000244568512940309,0,0.00266906238089383,0,0.000163052007131001,0.000161102999938526,7.66736337370136e-08,0.000194809337923403,0.000899031613081699,0,0.000672084096637364,0.00161339260465974,0.000612271085633491,3.13762525358087e-06,0.0121160515153378,0.0184488913751767,0.0372043766982234,0,0,0,0
URY,2018,7502144832,8,21725300,0,111318378,0,11688613,12036181,18668,5386565,59859228,2745,16352299,54861879,11906418,238796,690643878,526546013,1081166733,0,0,0,0,6.537e+10,1.06636171110379e-09,0.00289587851028041,0,0.0148382070051724,0,0.00155803616988876,0.00160436532078937,2.4883550528607e-06,0.000718003333796476,0.00797894859942901,3.65895362122489e-07,0.00217968319276511,0.00731282589560116,0.00158706853394963,3.18303638955927e-05,0.0920595234384299,0.070186063424695,0.144114350923797,0,0,0,0,1.2238029677222e-10,0.000332343582683188,0,0.00170289701698027,0,0.000178806990974453,0.000184123925348019,2.85574422517975e-07,8.24011779103564e-05,0.000915698760899495,4.19917393299679e-08,0.000250149900566009,0.000839251629187701,0.000182138871041762,3.65299066850237e-06,0.0105651503441946,0.00805485716689613,0.0165391882055989,0,0,0,0
URY,2019,7680345441,0,3760805,317518,87459541,0,10444513,11978170,0,2254279,51891122,0,209094,23679632,70654044,8234285,638687373,1000609688,2048220278,0,0,0,0,6.2229e+10,0,0.000489666126203607,4.13416300658813e-05,0.011387448868265,0,0.00135990146279672,0.00155958740293853,0,0.000293512709463038,0.00675635261442663,0,2.72245567085815e-05,0.00308314673889419,0.00919933153303592,0.00107212430264437,0.0831586779405122,0.130281859805217,0.266683353468189,0,0,0,0,0,6.04349258384355e-05,5.10241205868646e-06,0.00140544667277314,0,0.00016783996207556,0.000192485336418712,0,3.62255379324752e-05,0.00083387362805123,0,3.36007327773225e-06,0.000380524064342991,0.00113538774526346,0.00013232230953414,0.0102635005061949,0.0160794756142634,0.0329142405952209,0,0,0,0
URY,2020,6863945565,0,5486534,314155,90971305,0,10002756,13057409,0,1448785,28757344,0,408331,19492232,84278817,28586,743951167,762141986,1574302334,0,0,0,0,5.3557e+10,0,0.000799326560510099,4.57688653013087e-05,0.01325350035756,0,0.00145728952907277,0.00190231826233896,0,0.000211071749663562,0.004189622969424,0,5.94892538312256e-05,0.00283979991033044,0.0122784798046399,4.16466006749283e-06,0.108385353577611,0.11103555218827,0.22935821956799,0,0,0,0,0,0.000102442892619079,5.86580652389044e-06,0.00169858851317288,0,0.000186768414959762,0.000243803965868141,0,2.70512724760536e-05,0.000536948372761731,0,7.62423212651941e-06,0.000363953022013929,0.00157362841458633,5.33749089754841e-07,0.0138908297141363,0.0142304831487947,0.0293948939260974,0,0,0,0
URY,2021,9535273938,0,11547240,2099269,552747759,0,13244709,14743436,0,3997331,49215766,0,128480,35170370,137964364,22702,950011664,892719134,1888646492,0,0,0,0,6.0742e+10,0,0.00121100243947706,0.000220158226564838,0.0579687340493898,0,0.00138902239055945,0.0015461995214678,0,0.000419215119145117,0.00516144227423453,0,1.34741802737288e-05,0.00368844882996376,0.0144688411572723,2.38084402688505e-06,0.0996312922079785,0.0936228093502729,0.198069452884134,0,0,0,0,0,0.000190103058839024,3.45604194791084e-05,0.00909992688749136,0,0.000218048615455533,0.000242722267952981,0,6.58083533634059e-05,0.000810242764479273,0,2.11517566099239e-06,0.000579012380231142,0.00227131744097988,3.73744690658852e-07,0.0156401116854894,0.0146969005630371,0.031092925685687,0,0,0,0
URY,2022,11183540265,0,476961,460152,165771521,0,13891724,15191849,0,10517490,48945305,0,714215,46527184,230933727,4808637,1125466584,1922262053,4051236891,0,0,0,0,7.06e+10,0,4.26484805972128e-05,4.11454681698685e-05,0.0148228125505837,0,0.00124215799924068,0.0013584114368099,0,0.000940443701259388,0.00437654837736662,0,6.38630507939607e-05,0.00416032695349714,0.0206494295659426,0.000429974488047323,0.100635984431715,0.171883143213237,0.362249949032575,0,0,0,0,0,6.75582152974504e-06,6.51773371104816e-06,0.00234803854107649,0,0.000196766628895184,0.000215181997167139,0,0.000148972946175637,0.000693276274787535,0,1.01163597733711e-05,0.000659025269121813,0.0032710159631728,6.81110056657224e-05,0.0159414530311615,0.0272275078328612,0.057382958796034,0,0,0,0
URY,2023,9192776209,0,562206,161782,23600990,0,15870705,13070011,0,3730234,26730630,27,545232,54274240,252595035,154,1403049284,414016392,1041459008,0,0,0,0,7.7997e+10,0,6.11573682659199e-05,1.75988184985522e-05,0.00256734086237125,0,0.00172643221581551,0.00142176973558913,0,0.000405778832769582,0.00290778643929458,2.93708879517443e-09,5.93109184433536e-05,0.00590400971002252,0.027477557296859,1.67522842391431e-08,0.152625197448663,0.0450371446652498,0.113291021593714,0,0,0,0,0,7.20804646332551e-06,2.0742079823583e-06,0.000302588432888444,0,0.000203478403015501,0.000167570688616229,0,4.78253522571381e-05,0.000342713565906381,3.46167160275395e-10,6.99042270856571e-06,0.000695850353218714,0.00323852244317089,1.97443491416337e-09,0.017988503198841,0.00530810661948537,0.0133525521237996,0,0,0,0
URY,2024,10248387373,0,171702,0,134049399,0,14616575,16313520,66386,2502855,23699940,0,5029317,98801572,360897127,27970951,1722619732,1205824320,2485324545,0,0,0,0,8.0961e+10,0,1.67540505399278e-05,0,0.0130800480232784,0,0.00142623170534208,0.00159181336597199,6.47770206021856e-06,0.00024421939851668,0.00231255310103119,0,0.000490742281390538,0.00964069452139356,0.0352150161644753,0.00272930266801694,0.168086906681372,0.117659908443432,0.242508841102917,0,0,0,0,0,2.1207989031756e-06,0,0.00165572805424834,0,0.000180538469139462,0.00020149849927743,8.19975049715295e-07,3.09143291214288e-05,0.000292732797272761,0,6.21202430800015e-05,0.00122036007460382,0.00445766637022764,0.000345486728177765,0.0212771548276331,0.0148938911327676,0.0306977994960537,0,0,0,0
VNM,2000,14482743000,3502684000,226380000,0,7553821000,2182000,3411000,10818000,0,26069000,58747000,6570000,6310000,79123000,131000,2008000,672907000,0,91742000,0,0,0,0,3.9585e+10,0.241852251331119,0.0156310168591682,0,0.52157391731663,0.000150662067261706,0.000235521682598386,0.000746957948504644,0,0.00180000432238561,0.00405634485124814,0.000453643346429609,0.000435690946114282,0.00546326065442161,9.04524785118399e-06,0.000138647768589141,0.0464626763037914,0,0.00633457349895666,0,0,0,0,0.0884851332575471,0.00571883289124668,0,0.19082533788051,5.51218896046482e-05,8.61690034103827e-05,0.000273285335354301,0,0.000658557534419603,0.00148407224958949,0.000165971959075407,0.000159403814576228,0.0019988126815713,3.3093343438171e-06,5.07262852090438e-05,0.0169990400404194,0,0.00231759504862953,0,0,0,0
VNM,2001,15029192447,3125602449,200949530,33958,6768973197,2159646,4031781,14154085,0,15503369,103216731,4042853,311606,66298939,292051,3930651,632437227,305492,71295813,0,0,0,0,4.1297e+10,0.207968755475209,0.0133706139374183,2.25946937067656e-06,0.450388350596387,0.000143696742696983,0.000268263315824716,0.000941772823118338,0,0.00103155036803688,0.00686774963884392,0.000269000015420456,2.07333827881218e-05,0.00441134407146633,1.9432248341347e-05,0.000261534411370493,0.0420805861146746,2.03265745034078e-05,0.00474382194861251,0,0,0,0,0.0756859444753856,0.00486595951279754,8.22287333220331e-07,0.163909562365305,5.22954694045572e-05,9.76289076688379e-05,0.000342738818800397,0,0.00037541150688912,0.00249937600794247,9.78970143109669e-05,7.54548756568274e-06,0.00160541780274596,7.07196648666973e-06,9.51800615056784e-05,0.0153143624718503,7.39743807056203e-06,0.00172641627721142,0,0,0,0
VNM,2002,16706052543,3269972007,121052171,31232,6938796073,1969936,8403422,23688203,43651,29490159,118851256,5175229,919944,80034942,397655,807939,729283051,963367,76528030,0,0,0,0,4.4563e+10,0.195735766937364,0.00724600684024079,1.86950208133318e-06,0.41534623784644,0.00011791750294868,0.000503016614988507,0.00141794136819746,2.61288535323626e-06,0.00176523801323471,0.00711426327039776,0.000309781678626916,5.50665094361544e-05,0.00479077518725604,2.38030497615441e-05,4.83620530894675e-05,0.0436538224169286,5.76657470411022e-05,0.00458085653705585,0,0,0,0,0.0733786326548931,0.00271642777640644,7.00850481341023e-07,0.155707561721608,4.42056414514283e-05,0.000188573973924556,0.000531566613558333,9.79534591477235e-07,0.000661763323833674,0.0026670389336445,0.000116132868074412,2.06436730022665e-05,0.00179599537733097,8.92343423916702e-06,1.81302650180643e-05,0.0163652144379867,2.1618091241613e-05,0.0017172997778426,0,0,0,0
VNM,2003,20149323745,3821042000,140422449,158108,8112797707,2821628,6722459,41443650,252,52365093,147765802,10085495,4254816,90336554,983860,986311,724470603,1865073,74481894,0,0,0,0,5.0233e+10,0.189636240320382,0.00696908991969745,7.84681421574925e-06,0.402633746406163,0.000140035866002708,0.000333631991081992,0.00205682585304056,1.25066232092545e-08,0.0025988511407483,0.0073335365429655,0.000500537642237382,0.000211164208478998,0.00448335413849394,4.88284377407029e-05,4.89500795402501e-05,0.035955082769454,9.25625605902934e-05,0.00369649596892712,0,0,0,0,0.0760663707124798,0.00279542231202596,3.14749268409213e-06,0.161503348535823,5.61708040531125e-05,0.000133825552923377,0.000825028367806024,5.01662253896841e-09,0.00104244407063086,0.00294160814603946,0.000200774291800211,8.47016104950929e-05,0.00179835076543308,1.95859295682121e-05,1.96347221945733e-05,0.0144222045866263,3.71284414627834e-05,0.0014827283658153,0,0,0,0
VNM,2004,26485034706,5670598080,207185981,148123,12111250518,4122568,5560024,44811066,2410,113823139,226233770,25071714,3303753,133153037,689917,10154468,972732974,116634,51547227,0,0,0,0,6.2877e+10,0.214105744732718,0.00782275663596029,5.59270552764063e-06,0.457286563995186,0.000155656507373429,0.000209930780220591,0.00169193910815787,9.0994783535399e-08,0.00429763979030068,0.00854194727367106,0.000946637007589806,0.000124740368916774,0.00502748206593194,2.60493145528597e-05,0.000383403990695907,0.0367276458119813,4.4037699513974e-06,0.00194627749490252,0,0,0,0,0.0901855699222291,0.00329509965488175,2.35575806733782e-06,0.192618135693497,6.55655963229798e-05,8.84269923819521e-05,0.000712678181210936,3.83288006743324e-08,0.00181025079122732,0.00359803696105094,0.000398742210983348,5.25431079727086e-05,0.00211767477774067,1.09724859646612e-05,0.000161497336068833,0.015470410070455,1.85495491197099e-06,0.000819810534853762,0,0,0,0
VNM,2005,32447129167,7373486750,311502336,1569278,16044610748,7579854,6697729,58067236,90199,182184567,305784979,16534999,5330916,140058465,141,1416299,1411738966,562460,73083542,0,0,0,0,7.3197e+10,0.227246198332367,0.00960030498836273,4.83641554826988e-05,0.49448475596781,0.000233606306462052,0.000206419771854943,0.00178959548936171,2.77987613436494e-06,0.0056148131337699,0.00942409966151937,0.000509598211752328,0.000164295459624876,0.00431651331244568,4.34553082567941e-09,4.3649439453042e-05,0.043508902089119,1.73346614766783e-05,0.00225238854333926,0,0,0,0,0.100734821782313,0.00425567080618058,2.14391026954657e-05,0.219197654931213,0.000103554162055822,9.15027801685861e-05,0.000793300763692501,1.23227727912346e-06,0.00248896221156605,0.00417756163503969,0.000225897222563766,7.28297061354974e-05,0.00191344542809132,1.92630845526456e-09,1.93491399920762e-05,0.0192868418924273,7.68419470743336e-06,0.00099844996379633,0,0,0,0
VNM,2006,39826222802,8312047146,478970278,1859496,18502285772,60523554,28903303,79577547,16651,238227424,389306168,26859922,7215822,173010356,152937,845736,1278981711,256848,33295458,0,0,0,0,8.4301e+10,0.208707895481933,0.0120265052596438,4.66902424878369e-05,0.464575459841772,0.00151969104127446,0.000725735481963621,0.00199811936461129,4.1809136866386e-07,0.0059816725574095,0.00977512153074305,0.000674428055443188,0.000181182685485244,0.00434413167575891,3.84010808055641e-06,2.1235656823512e-05,0.0321140600593379,6.44921817660051e-06,0.000836018473695878,0,0,0,0,0.0985996268846158,0.00568166780939728,2.20578166332546e-05,0.219478840962741,0.000717945860665947,0.000342858364669458,0.000943969193722494,1.97518416151647e-07,0.00282591456803597,0.00461804922836028,0.000318619257185561,8.55959241290139e-05,0.00205229304515961,1.81417776776076e-06,1.00323365084637e-05,0.0151716078219713,3.04679659790513e-06,0.000394959229427883,0,0,0,0
VNM,2007,48561343186,8487603710,569929099,839186,19119375776,105828122,56221559,92547786,128968,416123209,514461817,20024504,16477635,293437652,0,1205961,1493965051,100453,84006944,0,0,0,0,9.8426e+10,0.17478107385726,0.0117362713139349,1.72809470443547e-05,0.393715958448036,0.00217926678005294,0.00115774307940083,0.00190579131317523,2.65577497529312e-06,0.00856902181239432,0.010594060692051,0.000412354821473986,0.000339315882118154,0.0060426181144964,0,2.48337653137171e-05,0.0307644919391501,2.06857952044786e-06,0.00172991392923865,0,0,0,0,0.0862333500294638,0.00579043239591165,8.52606018734887e-06,0.194251272793774,0.00107520494584764,0.000571206378395952,0.000940277833092882,1.31030418791783e-06,0.00422777730477719,0.00522688940930242,0.000203447300510028,0.000167411405522931,0.00298130221689391,0,1.22524637798956e-05,0.0151785610611017,1.02059415195172e-06,0.000853503586450735,0,0,0,0
VNM,2008,62685129696,10356845830,873336059,24144422,23899776002,50508058,121153074,125441769,34917,1790673209,706226302,42669219,360919936,1161080766,0,6261455,2911091743,371353,80199968,0,0,0,0,1.24756e+11,0.16522013881485,0.0139321089903676,0.000385169849964284,0.381267074311008,0.000805742258888921,0.00193272430937845,0.00200114077466772,5.57022058809397e-07,0.0285661562428619,0.0112662493549098,0.000680691245386747,0.00575766434161228,0.0185224274342387,0,9.98874059982929e-05,0.0464399093870864,5.92410036959206e-06,0.00127940978010161,0,0,0,0,0.0830168154637853,0.007000353161371,0.000193533152714098,0.191572156866203,0.000404854740453365,0.000971120218666838,0.0010054968819135,2.79882330308763e-07,0.0143534035156626,0.00566086041553112,0.000342021377729328,0.00289300663695534,0.00930681302702876,0,5.01896101189522e-05,0.0233342824633685,2.97663439032992e-06,0.000642854596171727,0,0,0,0
VNM,2009,57096274457,6194595016,962558927,20066979,15684271387,40946954,74493725,87255590,19757,411018774,620284191,37966584,822616893,3553319213,0,1263499,2668892027,489638,48437055,0,0,0,0,1.29022e+11,0.108493856646728,0.0168585242409278,0.000351458640530263,0.274698682815322,0.000717156318681313,0.00130470377810907,0.00152821862424165,3.4602958227825e-07,0.00719869690113571,0.0108638295037471,0.000664957291190569,0.0144075406114198,0.0622338190502439,0,2.21292722163783e-05,0.0467437158095136,8.57565584894253e-06,0.000848340026746905,0,0,0,0,0.0480119283223016,0.00746042478802065,0.000155531452000434,0.121562767489265,0.000317364123947854,0.000577372269845453,0.000676284587124676,1.53128923749438e-07,0.00318564875757623,0.00480758468323232,0.000294264420021392,0.00637578779587977,0.0275404133636124,0,9.79289578521492e-06,0.020685557711088,3.79499620219808e-06,0.000375417021903241,0,0,0,0
VNM,2010,72236665000,5023504938,1276083982,7916953,14287208970,40768366,326657857,129923341,31709,1140180765,832907711,21395246,36626021,2868309690,590401,1106268,3253090427,853271,86392119,0,0,0,0,1.43212e+11,0.0695423153602122,0.0176653224785502,0.000109597432273486,0.197783341326735,0.000564372206275027,0.00452205063730448,0.00179857889341929,4.38959910455445e-07,0.0157839618564894,0.0115302625197329,0.000296182637999692,0.000507028127613588,0.0397071167391241,8.17314863580704e-06,1.53144943776128e-05,0.0450337848099715,1.1812159379174e-05,0.001195959406487,0,0,0,0,0.0350774022986901,0.00891045430550513,5.52813521213306e-05,0.099762652361534,0.000284671438147641,0.00228093914616094,0.000907209877663883,2.21413010082954e-07,0.00796148901628355,0.00581590726335782,0.000149395623271793,0.000255746871770522,0.0200284172415719,4.12256654470296e-06,7.72468787531771e-06,0.0227152084113063,5.9580970868363e-06,0.000603246369019356,0,0,0,0
VNM,2011,96905673959,7241499492,2040114135,14120542,20303611131,0,202423847,208217437,119657,1855751006,1134574226,53300625,62801588,2747238754,415757,3117281,3666563461,32474,104117877,0,0,0,0,1.71312e+11,0.0747273012627085,0.0210525767135488,0.000145714295387639,0.209519322259606,0,0.00208887507542276,0.00214866094515885,1.23477805902909e-06,0.019150075843703,0.01170802678159,0.000550025842888736,0.000648069255744208,0.0283496171252298,4.29032669620464e-06,3.2168198957255e-05,0.0378364167050868,3.3510937670935e-07,0.00107442498200932,0,0,0,0,0.0422708245306809,0.0119087637468479,8.2425877930326e-05,0.118518324057859,0,0.00118160926846923,0.0012154282070141,6.98474129074437e-07,0.010832580356309,0.00662285319183712,0.000311131882179882,0.000366591879144485,0.0160364641939852,2.42689945829831e-06,1.81965127953675e-05,0.0214028407875689,1.89560567852807e-07,0.000607767564443822,0,0,0,0
VNM,2012,114529170983,8397950124,1675867126,8972610,21436237815,100046,179081104,272929437,519377,1871877757,1391689991,1440401,86654103,656346262,142539,7338369,3692978805,68772,46512800,0,0,0,0,1.95169e+11,0.0733258614545157,0.0146326661724353,7.83434466781554e-05,0.187168366198878,8.73541641324289e-07,0.00156362874596012,0.00238305607783114,4.53488832183281e-06,0.0163441133899227,0.0121514019446327,1.25767172471178e-05,0.000756611632270196,0.00573082173184877,1.24456502021793e-06,6.40742348609968e-05,0.0322448750244439,6.00475838685745e-07,0.000406121860490059,0,0,0,0,0.0430291189891837,0.00858674854100805,4.59735408799553e-05,0.109834235021955,5.126121463962e-07,0.000917569409076236,0.00139842616911497,2.66116545148051e-06,0.00959106086007511,0.00713069181581091,7.38027555605655e-06,0.000443995219527691,0.00336296369812829,7.30336272666253e-07,3.76000748069622e-05,0.0189219538195103,3.52371534413765e-07,0.000238320634936901,0,0,0,0
VNM,2013,132032853998,7375357838,1158748095,57177973,18276616445,0,206481154,360069934,1116922,2021542594,1566266852,57713611,76895908,684369276,2871499,9719681,2951879019,658661,56476185,0,0,0,0,2.12728e+11,0.0558600197956163,0.00877621031366597,0.000433058676447804,0.138424762410096,0,0.0015638619309337,0.00272712376576707,8.4594248035941e-06,0.0153109058297764,0.0118627054143942,0.000437115530357878,0.000582399801803609,0.0051833256290163,2.17483672665555e-05,7.36156244880326e-05,0.0223571552807964,4.98861442478534e-06,0.000427743423624362,0,0,0,0,0.0346703670320785,0.00544708780696476,0.000268784424241285,0.0859154246032492,0,0.000970634585009966,0.00169263065510887,5.25047008386296e-06,0.00950294551728028,0.00736276772216163,0.000271302372043172,0.000361475254785454,0.00321710952954007,1.34984534240909e-05,4.56906519123012e-05,0.013876306922455,3.09625907261856e-06,0.000265485432101087,0,0,0,0
VNM,2014,150217138752,7224230188,1101874554,259126796,17823775279,4271992,267978176,503072467,1802797,2502613511,1736886556,8573360,9435182,733071280,720917,30753461,3002200735,381308,61557452,0,0,0,0,2.32888e+11,0.0480919171275576,0.00733521196818382,0.00172501485617965,0.118653406842118,2.84387789269027e-05,0.001783938758429,0.00334896850771831,1.20012737226763e-05,0.0166599732346898,0.0115625059192979,5.70731147672446e-05,6.28102896805733e-05,0.00488007750706968,4.79916610041543e-06,0.000204726712647431,0.0199857403751809,2.53837879730567e-06,0.000409789805021036,0,0,0,0,0.0310201907698121,0.00473134963587647,0.00111266701590464,0.0765336783303562,1.83435471127752e-05,0.00115067404074061,0.00216014765466662,7.74104719865343e-06,0.0107459959766068,0.00745803371577754,3.68132321115729e-05,4.05138178008313e-05,0.00314774174710591,3.09555236852049e-06,0.000132052578922057,0.0128911783131806,1.63730205077119e-06,0.000264322129092096,0,0,0,0
VNM,2015,162016742480,3823779769,734723399,157722804,9712845551,12823194,319748912,664068319,2304917,2203817925,1762596596,2570389,4520819,694452157,4699067,11719907,2866423529,495817,62597611,0,0,0,0,2.36795e+11,0.0236011396752531,0.00453486095173588,0.000973496945968223,0.0599496410205815,7.91473387485429e-05,0.00197355475184592,0.00409876355267404,1.4226412435644e-05,0.0136024085613994,0.0108791015608623,1.58649591434496e-05,2.79034063443046e-05,0.00428629872672404,2.90035889382239e-05,7.23376289425567e-05,0.0176921439421845,3.06028248939276e-06,0.000386365075866942,0,0,0,0,0.0161480595831838,0.00310278257142254,0.000666073202559176,0.0410179503410123,5.41531451255305e-05,0.00135031952532782,0.00280440177790916,9.73380772398066e-06,0.0093068600477206,0.00744355495681919,1.08549124770371e-05,1.90916995713592e-05,0.00293271461390654,1.98444519521105e-05,4.94938955636732e-05,0.0121050846892882,2.09386600223822e-06,0.000264353601216242,0,0,0,0
VNM,2016,176580786634.72,2578324548.82,648201922.21,117579677.94,6923165818.05,908473.54,514704095.42,714766864.5,1372587.54,2248672583.65,1995847774.1,18547098.74,5046566.58,996336630.04,7551242.19,12727781.68,2206274814.38,330753.77,114156483.62,0,0,0,0,2.52146e+11,0.0146013878290937,0.00367085193447965,0.000665869034682854,0.039206789991096,5.14480401471591e-06,0.00291483634901192,0.00404781787487779,7.77314206238855e-06,0.0127345258026382,0.0113027459676497,0.000105034636516639,2.85793640190281e-05,0.00564238414058632,4.27636683124575e-05,7.20790858539386e-05,0.0124944217115986,1.87310169075306e-06,0.000646483039268294,0,0,0,0,0.0102255223117559,0.00257074045279322,0.000466315856448248,0.0274569726192365,3.60296629730394e-06,0.00204129391471608,0.00283473410048147,5.44362210782642e-06,0.00891813704619546,0.00791544491723049,7.35569818279885e-05,2.00144621766754e-05,0.00395142746678512,2.99478960205595e-05,5.04778250696025e-05,0.00874998934894862,1.31175497529209e-06,0.0004527396176025,0,0,0,0
VNM,2017,215118606999,3108577310.8,1260366320.8,90938188.5,9306959197.3,435397.8,852876369.7,900366441.6,1438119.9,3332978963.6,2299060482,71946787.9,6361382.1,695442889.7,8670838.4,18845511.1,2693851515.2,18335.4,97373984.1,0,0,0,0,2.77071e+11,0.0144505273354362,0.00585893679018598,0.000422735112357913,0.0432643151010329,2.02398949153675e-06,0.00396467967879675,0.00418544194833032,6.68524178388104e-06,0.0154936804867628,0.0106874087466115,0.00033445171900139,2.95715102879481e-05,0.00323283466456824,4.03072450168865e-05,8.76052116685918e-05,0.0125226336892955,8.52339100544903e-08,0.000452652541118643,0,0,0,0,0.0112194250239108,0.00454889295812265,0.00032821258269541,0.0335905208314836,1.57143042757993e-06,0.00307818707010117,0.00324958744004244,5.19043819093301e-06,0.0120293317005389,0.00829773048063493,0.000259669138596244,2.29593934406704e-05,0.00250998079806259,3.1294644333041e-05,6.80169021658709e-05,0.00972260364744055,6.61758177506849e-08,0.000351440548090562,0,0,0,0
VNM,2018,243698698324.33,2146666201.87,1142917810.85,193690297.67,7421594926.7,13506907.92,1096597521.32,1163766100.19,1950315.16,4629961540.81,3014768473.04,35864288.38,5795170.39,768614044.15,9851951.86,46270195.95,2735409150.04,654506.89,104549100.86,0,0,0,0,3.0447e+11,0.00880868965091097,0.00468988065471294,0.000794794141297482,0.0304539785305823,5.54246207011912e-05,0.00449980869352276,0.00477543010361584,8.00297733804222e-06,0.0189987126424785,0.0123708845954842,0.00014716651597486,2.37800629623693e-05,0.00315395219356929,4.04267725996976e-05,0.00018986640580419,0.0112245537988042,2.68572173138545e-06,0.000429009681130341,0,0,0,0,0.00705050153338588,0.00375379449814432,0.000636155607022038,0.024375455469176,4.43620321213913e-05,0.00360166033211811,0.00382226853282754,6.40560698919434e-06,0.0152066264026341,0.00990169301750583,0.000117792519394357,1.90336334942687e-05,0.00252443276562551,3.23577096594082e-05,0.000151969638880678,0.00898416642046836,2.1496597037475e-06,0.000343380631457943,0,0,0,0
VNM,2019,264610322649.83,1892580345.05,1137892270.68,217955103.76,6896898420.8,142934.1,1216161569.39,1270782688.29,32225842.5,4296516595.35,3318389150.4,50086536.71,6798401.47,2211525639.26,9199140.92,54511540.77,2562341641.04,1402102.92,153814553.83,0,0,0,0,3.31818e+11,0.00715232998507973,0.00430025654058032,0.000823683299946046,0.0260643589098637,5.40168269206756e-07,0.00459604733939045,0.00480246830722353,0.000121786036830641,0.0162371465796358,0.0125406640117792,0.000189284137551511,2.56921249402527e-05,0.00835766956146531,3.47648603723356e-05,0.000206006856513067,0.00968345306933039,5.29874611828905e-06,0.000581287049914335,0,0,0,0,0.00570366991859996,0.00342926625644179,0.000656851357551429,0.0207851847121012,4.30760537403034e-07,0.00366514646399532,0.00382975814539898,9.71190306131674e-05,0.0129484132727881,0.0100006303166194,0.000150945809781266,2.04883444237504e-05,0.00666487544153723,2.77234535799746e-05,0.000164281445762436,0.00772212972484916,4.22551796466738e-06,0.000463550964173131,0,0,0,0
VNM,2020,281441457236.895,1568350946.815,614527605.792,116218638.863,4971118475.7,104539390.95,1229135883.075,1419204615.099,18954032.479,5339979332.408,3072627915.573,3782653.872,6575403.752,2761372024.571,11858413.859,127327736.274,3070519393.153,373545.65,207597107.964,0,0,0,0,3.4631e+11,0.00557256547138642,0.00218350065347601,0.000412940723104544,0.0176630640151771,0.000371442757496836,0.00436728794379575,0.00504262815092102,6.7346270393441e-05,0.0189736771008588,0.0109174673331325,1.34402866910118e-05,2.33633090751991e-05,0.00981153257121852,4.2134566724541e-05,0.000452412865979534,0.010909975464519,1.32725879714863e-06,0.000737620924799509,0,0,0,0,0.00452874865529439,0.00177450147495596,0.00033559134550836,0.0143545334402703,0.0003018665096301,0.00354923589580145,0.00409807575611158,5.47314038838035e-05,0.0154196509844013,0.00887247817150241,1.09227393722387e-05,1.89870455718865e-05,0.00797369993523433,3.42421930033785e-05,0.000367669822627126,0.00886638963111952,1.07864528890301e-06,0.000599454557950969,0,0,0,0
VNM,2021,335792597810,1672281198.92,1006043195.98,218239738.898,6189222869.932,0,1687967042.324,2039212367.146,33924831.784,11935412188.576,3952844215.914,960631.301,7300122,932428616.446,13137415.387,82621825.084,3202537019.668,1551447.4,252420453.856,0,0,0,0,3.70076e+11,0.00498010143709665,0.00299602553046522,0.000649924210126531,0.0184316834566854,0,0.0050268143292399,0.00607283299407284,0.000101029123349513,0.0355440002740303,0.0117716835978339,2.86078760301783e-06,2.17399729702517e-05,0.00277679919845521,3.91236003196041e-05,0.000246050167939525,0.00953724721913041,4.62025491365312e-06,0.000751715360916997,0,0,0,0,0.00451875074017229,0.00271847727488408,0.000589716001302435,0.0167241941383175,0,0.0045611362053308,0.00551025294033118,9.16699050573396e-05,0.0322512461996347,0.0106811687759109,2.59576762881138e-06,1.9726007630865e-05,0.00251955981054162,3.54992363379414e-05,0.000223256371891179,0.00865372793606719,4.19223997233001e-06,0.000682077340481415,0,0,0,0
VNM,2022,370909157438.999,2125131855.64,1394393134.942,187425839.489,8037245314.827,0,1991829222.919,2510002340.645,42884885.618,8192873644.922,4637931268.397,255391.583,11491590.154,1199074288.92,12681910.91,49004623.965,3320816564.276,3009483.002,217286876.738,0,0,0,0,4.11068e+11,0.00572952113211038,0.00375939258164939,0.000505314672689969,0.0216690398541827,0,0.00537012684365061,0.00676716195948277,0.000115620994407648,0.0220886259630013,0.0125042242160327,6.88555614974275e-07,3.09822227990959e-05,0.00323279774810414,3.41914203401293e-05,0.000132120286011163,0.0089531803075586,8.11380075590328e-06,0.000585822356714759,0,0,0,0,0.00516978177732151,0.00339212279949303,0.000455948503627137,0.0195521065002068,0,0.00484549812420086,0.00610605140912209,0.00010432552672064,0.019930701599059,0.0112826375889074,6.21287920733309e-07,2.79554481351017e-05,0.00291697307725243,3.08511266019247e-05,0.000119212937920247,0.00807850906486518,7.32113178841457e-06,0.000528591076751292,0,0,0,0
VNM,2023,353077513296.001,1552801697.22,1264996914.112,162719718.865,6347975492.233,0,1844287611.632,2146228558.147,15535794.877,8511999071.407,3955258357.08,123253.275,18942944.592,1077166269.064,24898421.631,106394138.487,4677453046.045,5296219.224,323052944.401,0,0,0,0,4.33008e+11,0.00439790595193814,0.003582773941912,0.00046086117845909,0.0179789855008727,0,0.00522346380661702,0.00607863281383122,4.40010884068271e-05,0.0241080180721421,0.0112022380585991,3.49082766130935e-07,5.36509516427892e-05,0.00305079261210544,7.05182876093458e-05,0.000301333657569421,0.0132476662203171,1.50001600910788e-05,0.000914963236784128,0,0,0,0,0.00358608085120829,0.00292141695791302,0.000375789174484074,0.0146601806253764,0,0.00425924604541256,0.0049565563641942,3.58787710088497e-05,0.0196578332765376,0.00913437709483427,2.84644336825186e-07,4.37473316705465e-05,0.00248763595375605,5.75010661027048e-05,0.000245709406031759,0.0108022323976578,1.22312271921073e-05,0.000746066918858312,0,0,0,0
ZAF,2000,26297951898,33025320,1161163075,16017518,3883491874,1360900,197316875,910439249,98758170,2692738702,393864325,324685168,20977348,2157182208,15720622,72289570,183662140,670773,49020429,0,0,0,0,1.51855e+11,0.00125581338531962,0.0441541257472719,0.000609078534409296,0.147672787944195,5.1749277102583e-05,0.00750312707869111,0.0346201579701437,0.00375535594494379,0.102393475828237,0.0149769961755065,0.0123464051215598,0.000797679913681619,0.0820285251249569,0.000597788833935603,0.00274886691862486,0.00698389519884884,2.55066631272914e-05,0.00186403980013851,0,0,0,0,0.000217479305916829,0.00764652513911297,0.000105479029337197,0.025573684593856,8.96183859602911e-06,0.00129937687267459,0.00599545124625465,0.000650345197721511,0.017732301880083,0.00259368690527148,0.0021381262915281,0.000138140647328043,0.0142055395475947,0.000103523901089855,0.000476043396661289,0.00120945731125086,4.41719403378223e-06,0.000322810766849956,0,0,0,0
ZAF,2001,25997548577,47727773,1089786720,14834730,4220878611,12530720,170863999,860259830,64766506,2117160828,348882859,407232364,4451799,5223961340,40774968,81274755,254445206,236134,55769779,0,0,0,0,1.35527e+11,0.00183585667158729,0.04191882618364,0.000570620339685576,0.162356792929861,0.00048199621448485,0.00657231194294847,0.0330900364490932,0.00249125435070054,0.0814369409380794,0.0134198367960222,0.015664260143369,0.000171239183833606,0.200940535778886,0.00156841587887535,0.00312624687513436,0.00978727687521689,9.08293331198571e-06,0.00214519376066632,0,0,0,0,0.000352164314121909,0.00804110413423156,0.000109459591077793,0.0311441897998185,9.24592147690128e-05,0.00126073770540188,0.00634751621448125,0.000477886369505707,0.0156216903495244,0.00257426829340279,0.00300480615670678,3.2848059796203e-05,0.0385455395603828,0.000300862322636818,0.000599694193776886,0.00187745029403735,1.74233916488965e-06,0.000411503087945575,0,0,0,0
ZAF,2002,23064420006,11491797,804541136,8481332,3689676802,6471352,149155930,945109105,67632689,2356161026,358209273,418186217,277255,1797633550,22174625,135190141,326340925,1427890,68671374,0,0,0,0,1.29385e+11,0.000498247820539624,0.0348823484740005,0.000367723619227956,0.15997266790321,0.000280577270025283,0.00646692741292426,0.0409769291729052,0.00293233859695609,0.102155659036172,0.0155308164222996,0.0181312262303241,1.20208962517971e-05,0.0779396815325233,0.000961421314484885,0.00586141515654118,0.0141491060653208,6.19087754917985e-05,0.00297737267974377,0,0,0,0,8.88186188507168e-05,0.00621819481392743,6.55511226185416e-05,0.0285170367662403,5.0016246087259e-05,0.00115280697144182,0.0073046265409437,0.000522724342079839,0.0182104650925532,0.0027685533330757,0.00323210740812304,2.14286818410171e-06,0.0138936781698033,0.000171384820496966,0.00104486718707733,0.00252224697607914,1.10359778954284e-05,0.000530752204660509,0,0,0,0
ZAF,2003,31635889150,512117,1143096381,9930749,4276725849,11567200,168921036,1034718127,100595060,3817539146,429598644,474183299,2769905,5297645846,12900874,137807159,315064437,2050950,77538797,0,0,0,0,1.97017e+11,1.61878491093398e-05,0.036132898796682,0.000313907693661267,0.13518589057896,0.000365635368905065,0.00533953811758125,0.032707098008023,0.00317977659875572,0.120671150663708,0.0135794711494619,0.0149887773582618,8.755578156399e-05,0.167456834258126,0.000407792363250204,0.00435603874911162,0.00995908272108736,6.48298516370291e-05,0.0024509757456904,0,0,0,0,2.59935437043504e-06,0.00580201901866336,5.04055436840476e-05,0.0217073950420522,5.87116847784709e-05,0.000857393199571611,0.00525192306755255,0.000510590761203348,0.0193766991985463,0.00218051561032804,0.00240681412771487,1.40592182400504e-05,0.0268892828842181,6.54810194044169e-05,0.000699468365674028,0.00159917386316917,1.04100153793835e-05,0.000393563991939782,0,0,0,0
ZAF,2004,40263523063,797911,1049687031,8939037,4745149873,69102866,185781212,1468358048,720835555,5555082354,641601880,571696938,73425742,7203340700,12862713,113110383,263932664,738821,66260836,0,0,0,0,2.56188e+11,1.98172176526012e-05,0.0260704218395783,0.000222013284481171,0.117852326672341,0.00171626476629666,0.00461413204476195,0.0364686926601647,0.0179029429161505,0.137968114347769,0.0159350655678116,0.0141988801403561,0.00182362934026194,0.178904878461058,0.0003194631771262,0.0028092520076551,0.00655513089569998,1.8349636191646e-05,0.00164567904046355,0,0,0,0,3.11455259418864e-06,0.00409733098739988,3.48924891095602e-05,0.0185221394952145,0.000269734983683857,0.000725175308757631,0.00573156450731494,0.00281369757756023,0.0216836165394164,0.00250441816166253,0.0022315523677924,0.000286608826330663,0.0281174008930941,5.02081010820179e-05,0.000441513197339454,0.00103023039330492,2.88390166596406e-06,0.000258641450809562,0,0,0,0
ZAF,2005,46991046533,2402062,1410824318,12061976,6319342401,232814686,283517065,1739268167,251993803,5769596585,747464359,942986869,235725819,8775010519,5605906,258568526,543181294,1922318,78196481,0,0,0,0,2.88749e+11,5.11174399640818e-05,0.0300232580904371,0.000256686685867474,0.134479711928998,0.00495444777626953,0.00603342734239589,0.0370127565849928,0.00536259184657729,0.122780763798232,0.0159065271822598,0.0200673732247648,0.00501639857785374,0.186737924911667,0.000119297321800722,0.00550250622357213,0.0115592508376791,4.09081759575206e-05,0.00166407191942588,0,0,0,0,8.31885824712813e-06,0.00488598858524185,4.17732217254432e-05,0.0218852442813655,0.000806287419177209,0.000981880681837859,0.00602346039986286,0.000872708833623666,0.0199813560739604,0.00258863012166276,0.00326576670049074,0.00081636929998026,0.0303897520649422,1.94144603098193e-05,0.000895478515942912,0.00188115385334668,6.65740141091398e-06,0.000270811261684023,0,0,0,0
ZAF,2006,52601759841,457622744,1133053118,30036962,6646286343,227565214,648309651,2182453427,299492984,5525088649,850081222,1163729800,19806293,10875645837,3648820,141621282,305811461,297771,61968316,0,0,0,0,3.04055e+11,0.00869976109893019,0.021540213130224,0.000571025800102375,0.126351026336187,0.00432619012534684,0.0123248661824177,0.041490121881795,0.00569359247495295,0.105036193954361,0.0161606992726014,0.0221234005006224,0.000376532896615412,0.206754410306308,6.93668807094921e-05,0.00269232973246676,0.00581371159300335,5.66085623180814e-06,0.0011780654523216,0,0,0,0,0.0015050656756179,0.00372647421683577,9.87879232375722e-05,0.02185882930062,0.000748434375359721,0.00213221177418559,0.00717782449556824,0.00098499608294552,0.0181713461347454,0.00279581398760093,0.00382736610152768,6.51404943184621e-05,0.0357686794724639,1.20005262205851e-05,0.000465775211721564,0.00100577678709444,9.79332686520531e-07,0.000203806271891599,0,0,0,0
ZAF,2007,64026608364,1840120349,1077233408,17694004,9713560857,548467164,865321627,2323509757,467265997,7495582335,1033063797,1599559735,6015640,13071289262,12657152,32483901,106218829,183419,66238037,0,0,0,0,3.3265e+11,0.0287399316630777,0.01682477700327,0.000276353916787333,0.151711313549159,0.00856623797534127,0.0135150314706743,0.0362897522822157,0.00729799701935685,0.117069801548547,0.0161349136460094,0.0249827341455647,9.39553125444388e-05,0.204154016525254,0.000197685810999739,0.000507350019468853,0.00165897947297367,2.86473084685726e-06,0.00103453921256344,0,0,0,0,0.00553170103411995,0.00323833881857809,5.3191053660003e-05,0.0292005436855554,0.00164878149406283,0.00260129754095897,0.00698484820983015,0.00140467758003908,0.0225329395310386,0.00310555778445814,0.00480853670524575,1.80839921839772e-05,0.039294421349767,3.80494573876447e-05,9.76518893732151e-05,0.000319311074703141,5.51387344055314e-07,0.000199122311739065,0,0,0,0
ZAF,2008,73965545962,267354649,1585893101,21903453,9016339140,713645792,711198674,2199855192,307918571,9057949338,1310139746,2395848079,1545436,12615318381,129273971,529802696,1346685439,3668015,182589153,0,0,0,0,3.16491e+11,0.00361458359460166,0.0214409706624049,0.000296130485013292,0.121899176471058,0.0096483542806084,0.00961526971443407,0.0297416204178386,0.00416300004272522,0.122461738370099,0.0177128381729662,0.0323914066723833,2.08939984137205e-05,0.170556685777472,0.00174775930223533,0.00716283087090559,0.0182069289354244,4.95908595318752e-05,0.00246857034076117,0,0,0,0,0.000844746450925935,0.00501086318726283,6.92071907258026e-05,0.0284884535105264,0.00225486914951768,0.00224713711922298,0.00695076697915581,0.000972914146057866,0.0286199270690162,0.00413957978583909,0.00757003541648894,4.88303300883753e-06,0.0398599593068997,0.000408460180542259,0.00167398976906136,0.00425505129371767,1.15896344603796e-05,0.000576917362579031,0,0,0,0
ZAF,2009,53863891902,252901482,1115422080,19096594,7435646575,618844352,486964036,1539659752,287902179,5270652775,911435359,3135275712,0,8448494423,27411846,450114198,981354020,67895966,225537063,0,0,0,0,3.31184e+11,0.00469519511252787,0.0207081597822415,0.000354534240391399,0.138045104288573,0.0114890389488737,0.00904063963454372,0.0285842648503984,0.00534499399939034,0.0978513172532989,0.016921082506594,0.0582073742035634,0,0.156848941371916,0.000508909494506508,0.00835651086666626,0.0182191443162978,0.00126050984439687,0.00418716611510996,0,0,0,0,0.000763628321416494,0.00336798299434755,5.76615838929417e-05,0.0224517083403788,0.00186858167061211,0.00147037307357843,0.00464895572249867,0.000869311859872458,0.0159145755078748,0.00275205130380695,0.00946686951060438,0,0.0255099715656553,8.27692340209672e-05,0.00135910611019856,0.00296316857094546,0.000205009801198125,0.000681002291777381,0,0,0,0
ZAF,2010,82328529848.445,14291539.709,2364685205.019,76539270.126,11305588302.091,859104458.832,660443614.431,2032105489.313,436002708.066,8062023128.066,1641335701.559,5442225694.508,492581.495,11711704537.585,53203240.103,429545070.093,1066542949.061,53753545.97,237615879.494,0,0,0,0,4.17315e+11,0.000173591581621932,0.0287225486641392,0.000929681002040214,0.137322849356146,0.0104350759137019,0.00802205038334563,0.0246828832368781,0.00529588842250212,0.0979250223817555,0.0199364145646772,0.0661037638413604,5.9831202610659e-06,0.142255723005677,0.000646230901984276,0.00521745099643745,0.0129547187472478,0.000652915168884378,0.00288619121380421,0,0,0,0,3.42464078909217e-05,0.00566642753080766,0.000183408864109845,0.0270912579276829,0.00205864744577118,0.0015826021456957,0.00486947626927621,0.00104478082040185,0.0193187954616201,0.00393308580223333,0.0130410497933408,1.18035894947462e-06,0.0280644226485628,0.000127489402736542,0.00102930656720463,0.00255572636751854,0.000128808084947821,0.000569392136621018,0,0,0,0
ZAF,2011,107956344322.584,1273939.208,2956906033.237,82280158.333,14426409992.478,1271285074.146,821228558.03,2299285138.663,325238675.468,8162872252.001,1673111675.302,9007172651.996,10372462645.809,34484205330.548,92929961.341,918010136.37,2125078301.839,23835021.73,190257749.375,0,0,0,0,4.58708e+11,1.18005033978674e-05,0.0273898310635777,0.000762161398195728,0.133631886879853,0.011775918146573,0.00760704304302941,0.0212982863868798,0.00301268700333308,0.0756127145951659,0.0154980393769409,0.0834334721920714,0.0960801582426233,0.319427316170561,0.000860810561196073,0.0085035311461353,0.0196846078400827,0.000220783890743638,0.00176235820663297,0,0,0,0,2.77723346442617e-06,0.00644616190089774,0.00017937371559467,0.0314500945971686,0.00277144735680651,0.00179030790400429,0.00501252460969288,0.000709032054091056,0.0177953562004609,0.00364744385382858,0.0196359615528746,0.0226123430282642,0.0751768125486104,0.000202590670624886,0.00200129523873575,0.00463274741630623,5.1961207849002e-05,0.000414768762208202,0,0,0,0
ZAF,2012,98782056078.647,5189348.237,3496488917.499,81462886.609,14858445166.208,1063425868.408,700713068.457,1808431831.62,241234607.406,7026487009.833,1727704752.179,7747844487.049,8654614819.226,27720693856.354,89966801.339,544819468.96,1382724255.688,82563153.256,285648456.781,0,0,0,0,4.344e+11,5.25333086088876e-05,0.0353959925142195,0.000824672919787597,0.150416439544224,0.0107653749134492,0.0070935258514878,0.0183072908523,0.0024420893528875,0.0711312083263254,0.0174900667263238,0.0784337236398524,0.0876132281791693,0.280624791149151,0.00091076056634589,0.00551536878849973,0.0139977270222754,0.00083581124481015,0.00289170389967968,0,0,0,0,1.19460134369245e-05,0.00804900763696823,0.000187529665306169,0.0342045238632781,0.00244803376705341,0.00161305954985497,0.00416305670262431,0.000555328285925414,0.0161751542583633,0.00397722088438996,0.0178357377694498,0.0199231464530985,0.063813751971349,0.000207105896268416,0.00125418846445672,0.00318306688694291,0.000190062507495396,0.00065757011229512,0,0,0,0
ZAF,2013,95115322860.215,708642.031,3206823868.801,62269354.772,13429884409.816,950290570.392,672185996.386,1933670562.103,472127952.996,6418067020.342,1555307593.368,8462135225.19,6574673543.545,24078272474.938,75967327.203,765141847.41,1793640117.793,11688083.908,153293982.81,0,0,0,0,4.00877e+11,7.45034564032807e-06,0.0337151131107852,0.000654672169525339,0.141195803220403,0.00999093039707789,0.00706706318364571,0.020329748183106,0.00496374231615506,0.0674766885854367,0.0163518090103499,0.088967108250542,0.0691231795870302,0.253148196850725,0.000798686530398939,0.00804435946177127,0.0188575306675771,0.000122883291109438,0.00161166443218919,0,0,0,0,1.76772933094191e-06,0.00799952072281772,0.000155332819722758,0.0335012595130576,0.00237052904105748,0.00167678863188958,0.00482360066080868,0.00117773769259898,0.0160100654822851,0.00387976260391093,0.0211090564566937,0.0164007252687109,0.0600639908873246,0.000189502833046047,0.00190866985985726,0.00447429041275254,2.91562846159795e-05,0.000382396552583461,0,0,0,0
ZAF,2014,92590712424.77,69953543.076,3059006394.06,69738142.966,12602142079.777,928260111.652,500935454.086,1905965811.621,433417432.841,7079730917.386,1529956772.546,6878882074.985,6626809980.166,22578449583.824,114842326.113,602336501.771,1533537103.326,2115604.708,149547052.495,0,0,0,0,3.81195e+11,0.000755513606538424,0.0330379399180608,0.000753187238111623,0.136105898202438,0.0100254127799936,0.00541021276289466,0.0205848487575857,0.00468100332625858,0.0764626465439316,0.0165238686740756,0.0742934349983979,0.0715710010931203,0.243852207122491,0.0012403223077726,0.00650536631587535,0.016562537031692,2.28489948138041e-05,0.00161514096369554,0,0,0,0,0.000183511176893716,0.00802478100200685,0.000182946111481001,0.033059568146951,0.00243513191844594,0.00131411863766839,0.00499997589585645,0.00113699663647477,0.018572465319288,0.00401358037892942,0.0180455726727397,0.0173843045689634,0.0592307076006349,0.000301269235202455,0.00158012697378245,0.00402297276545075,5.54992774826532e-06,0.000392311159629586,0,0,0,0
ZAF,2015,80035689874.235,113920618.146,2627051162.965,48904551.251,10575470866.219,549324908.414,622570470.957,1546942204.11,426540995.223,5483927943.775,1238188302.967,4116154739.302,4666941183.992,18331816731.137,91307313.776,211994823.806,711198444.741,2785916.942,174103201.944,0,0,0,0,3.46663e+11,0.00142337272690484,0.032823496206418,0.000611034293923707,0.132134437559505,0.00686349938730069,0.00777866064421114,0.019328154808696,0.00532938487683745,0.068518531575004,0.0154704520559845,0.0514289905637094,0.0583107510077748,0.229045526563748,0.00114083247010773,0.00264875362652737,0.00888601629921039,3.48084329175857e-05,0.00217531956327957,0,0,0,0,0.000328620643524114,0.00757811235397201,0.000141072313027349,0.0305064886250307,0.00158460784223872,0.00179589535357682,0.00446238047934161,0.00123041973104427,0.0158191902330938,0.00357173480575371,0.0118736488731189,0.013462472729977,0.0528807998867402,0.00026338926789418,0.000611529998315367,0.00205155567436098,8.03638387136787e-06,0.000502226086845149,0,0,0,0
ZAF,2016,75912597473.476,122833538.764,2040280176.24,44086171.101,9643302061.226,207652856.432,539616383.151,1518896852.299,301637487.634,5298179346.451,1082912615.21,3591812267.139,4593108732.717,17785014188.515,18554264.07,335882935.566,818951711.061,4690864.691,176330567.797,0,0,0,0,3.23493e+11,0.00161809163237918,0.0268767008921395,0.000580749079445,0.127031644050849,0.00273542025096104,0.00710839045310685,0.0200084953334617,0.00397348394960919,0.0697931505808663,0.0142652557184382,0.0473151016653591,0.0605052242392554,0.234282777568362,0.000244416140239213,0.00442460074802944,0.0107880870674613,6.17929677961421e-05,0.00232281035909238,0,0,0,0,0.00037971003627281,0.00630703037234191,0.000136281684923631,0.0298099249789825,0.000641908345565437,0.00166809292056088,0.00469530052365584,0.000932438994457376,0.0163780339804911,0.00334756119980958,0.0111032148056959,0.0141984795118194,0.0549780495668067,5.73559986460294e-05,0.0010383004750211,0.00253159020770465,1.45006683019416e-05,0.000545083101634348,0,0,0,0
ZAF,2017,88233218989.624,1284111587.785,2379754331.157,61939759.5,14289870338.246,418603805.884,669625751.094,1808539334.088,305772138.845,6035555957.15,1260286046.686,4807449424.8,4984982037.497,19093839854.097,30609841.673,473204569.128,1106276337.054,1508836.523,201556092.047,0,0,0,0,3.81317e+11,0.0145536069350027,0.0269711833979088,0.000702000450729152,0.161955672726011,0.00474428804340944,0.00758927033108411,0.0204972611766627,0.00346549907559145,0.0684045762612352,0.0142835777853034,0.0544857082156931,0.0564977918133444,0.216401941046063,0.000346919697858917,0.00536311124706498,0.012538093358966,1.71005494333992e-05,0.00228435610028806,0,0,0,0,0.00336756973275516,0.00624088181527968,0.000162436396751259,0.0374750413389542,0.00109778427367256,0.00175608680204135,0.00474287622657264,0.000801884360899199,0.0158281848361075,0.00330508749068623,0.012607487798341,0.0130730652908132,0.050073403111052,8.02740021373293e-05,0.00124097422650446,0.00290119857508058,3.95690861671523e-06,0.000528578825614908,0,0,0,0
ZAF,2018,93677434344.6,168652.877,2665016519.393,74898093.395,12794803845.957,417140250.646,740741906.491,2027142019.914,386857283.368,6281578065.78,1406411789.749,4297959875.855,5407914857.095,21539606074.112,19550262.971,452412771.949,1054441201.197,14771874.688,240904044.043,0,0,0,0,4.05093e+11,1.80035755867947e-06,0.0284488632512022,0.000799531860783904,0.136583628015369,0.00445294273444249,0.0079073675712138,0.0216395979895969,0.00412967419608136,0.0670554025067842,0.0150133465928988,0.0458804183304659,0.057729109416058,0.229933774604424,0.000208697677383891,0.00482947440986442,0.0112560854017218,0.00015768871971515,0.00257163366747231,0,0,0,0,4.16331254798281e-07,0.0065787770200744,0.000184891107461743,0.031584855442965,0.00102973946882815,0.00182857246728776,0.00500413983928135,0.000954983876216079,0.0155065085444083,0.00347182446931692,0.0106098102802443,0.0133498106782763,0.0531720026613938,4.82611720543184e-05,0.0011168121195602,0.00260296080454859,3.64653911274695e-05,0.000594688242065402,0,0,0,0
ZAF,2019,89395988333.925,792772.025,2809572778.5,68185992.625,11659047396.762,465080443.742,629854000.277,1741537721.109,325489946.728,5358629389.38,1244231792.514,5791237220.1,4621604216.164,19631885470.439,44809604.033,280376400.845,744471860.934,3337994.379,236358511.612,0,0,0,0,3.89245e+11,8.86809396903496e-06,0.0314283988673549,0.000762741079278655,0.130420252788206,0.0052024755518644,0.00704566292084917,0.0194811618906628,0.00364099052758589,0.059942615874033,0.0139182061265027,0.0647818467923608,0.0516981164624603,0.219605888768824,0.000501248488529716,0.00313634208950962,0.00832779943271212,3.73394202716506e-05,0.00264394986863526,0,0,0,0,2.03669160811314e-06,0.00721800608485658,0.000175174999357731,0.0299529792207016,0.00119482702087888,0.00161814281564824,0.00447414281778571,0.000836208420732444,0.0137667263275829,0.00319652607615769,0.0148781287366569,0.0118732526202366,0.0504358064212488,0.00011511927971586,0.000720308291294686,0.00191260481427892,8.57556135338925e-06,0.000607222987095531,0,0,0,0
ZAF,2020,85226766450.055,79701740.212,1829231594.527,68358018.46,8877991757.686,581261268.176,589628882.206,1615696343.058,305529884.287,3984425821.625,974452250.361,6118146076.258,6717385742.973,26015023262.217,53435136.7,566234126.651,1342387709.511,3494528.746,240828165.031,0,0,0,0,3.37876e+11,0.000935172640378269,0.021463111540187,0.000802072181162235,0.104169055420972,0.00682017272726912,0.00691835331511183,0.0189576163728427,0.0035849052711163,0.0467508740221885,0.0114336409903813,0.0717866737305279,0.0788177942537519,0.305244752861326,0.000626975995050972,0.00664385321931494,0.0157507760229021,4.100271418895e-05,0.00282573392212564,0,0,0,0,0.000235890504836094,0.00541391396407854,0.000202316880926731,0.026275887478501,0.00172033902430477,0.00174510436434076,0.00478192100965443,0.000904266311566965,0.0117925683434899,0.00288405287845541,0.0181076669436657,0.0198812160170388,0.0769957714138234,0.000158150139992186,0.00167586370932236,0.00397301882794576,1.03426367839089e-05,0.000712770853896104,0,0,0,0
ZAF,2021,121321278845.567,1478499242.748,1839308423.941,100087434.749,13930397205.989,513286434.166,967947250.486,2048368087.812,652791960.759,6256880854.587,1209686734.579,9860348739.671,7307599435.204,40703067649.116,94668938.192,808621584.106,1927767457.452,26022246.343,326278583.683,0,0,0,0,4.19878e+11,0.0121866440645587,0.0151606415745279,0.000824978401986711,0.114822373606211,0.00423080303018711,0.00797837988270899,0.0168838319815226,0.00538068809503695,0.0515728231199372,0.00997093622891036,0.0812746851458967,0.0602334520764987,0.33549817506398,0.000780316026115308,0.00666512578667519,0.015889771982258,0.000214490372922333,0.00268937639619121,0,0,0,0,0.00352125913419612,0.00438057822496297,0.000238372657650556,0.0331772495962851,0.00122246565470446,0.00230530594717037,0.00487848395917862,0.00155471818185044,0.0149016639466393,0.00288104338540957,0.0234838423057912,0.0174041017514707,0.0969402246583912,0.000225467726796831,0.00192584889921834,0.00459125616834414,6.19757318625887e-05,0.000777079493764856,0,0,0,0
ZAF,2022,121616282067.877,12520833.479,2814389614.911,133045280.734,20333203382.728,374291861.838,990916278.242,2179300790.999,839162136.419,6578775061.037,1282633068.451,6500095423.872,5264910501.442,30502004594.714,202683883.225,1213808643.58,2959939991.149,166431792.656,592532733.124,0,0,0,0,4.0743e+11,0.000102953595243208,0.0231415528172471,0.00109397589263372,0.167191456908538,0.00307764598188505,0.00814789156018555,0.017919482111636,0.00690008050032843,0.0540945254136714,0.0105465571438463,0.0534475755494987,0.0432911647348628,0.250805271104161,0.00166658509682015,0.00998064258289481,0.0243383528983149,0.00136849926528021,0.00487214970766244,0,0,0,0,3.07312507154603e-05,0.00690766417522274,0.000326547580526716,0.0499060044246325,0.000918665443973198,0.00243211417480794,0.00534889623002479,0.00205964739076406,0.0161470069976119,0.00314810659119603,0.0159538949607834,0.0129222455426503,0.0748644051609209,0.00049746921735022,0.00297918327953268,0.00726490437903198,0.000408491747431461,0.00145431787822203,0,0,0,0
ZAF,2023,110607523884.529,286163.909,2946967837.767,143102214.683,14945432921.252,443125449.728,1026825804.282,2253372348.077,742641850.506,6486118902.645,1268557619.834,6531677823.599,6290623861.518,25883803364.986,182732152.967,1206801786.895,2924318341.911,388557058.958,1122952587.164,0,0,0,0,3.81334e+11,2.58720111390204e-06,0.0266434663237154,0.00129378372878498,0.135121304558401,0.00400628668073801,0.00928350774178776,0.0203726859524444,0.00671420735610442,0.0586408471580678,0.0114689993526872,0.0590527442818255,0.0568733811280797,0.234014852298908,0.00165207706084956,0.0109106663318389,0.0264386927688925,0.00351293515406458,0.0101525877058448,0,0,0,0,7.50428519355735e-07,0.00772804900105157,0.000375267389435508,0.0391925003310798,0.00116204023173386,0.00269272030367604,0.00590918288974233,0.00194748396551579,0.017009023330322,0.00332663129916032,0.0171284958162634,0.0164963624054451,0.0678769880602989,0.000479191871081519,0.00316468446793362,0.00766865357379882,0.00101894155506197,0.00294480058731716,0,0,0,0
ZAF,2024,110109356049.439,51467094.764,2968132283.54,175671851.656,13765254204.057,452423552.22,1071113728.118,2167676054.294,556369338.148,5770982583.341,1287324144.603,6340514793.446,8174074305.608,28488587251.646,163990778.835,862963096.958,2217268766.293,70967039.588,440759498.969,0,0,0,0,4.01076e+11,0.000467417997984579,0.0269562223414268,0.00159543074229881,0.125014392036553,0.00410885658087822,0.00972772674864315,0.0196865746206046,0.00505287977434171,0.0524113734781069,0.0116913238873633,0.0575837968809764,0.0742359650340508,0.258729941521542,0.00148934463626659,0.00783732761610676,0.0201369696985372,0.000644514164229022,0.0040029250445448,0,0,0,0,0.000128322549252511,0.00740042356944819,0.000438001405359583,0.0343208125244517,0.00112802449465937,0.002670600405205,0.00540465162286948,0.00138719179942953,0.0143887507189186,0.00320967633217395,0.0158087614154076,0.0203803625886565,0.0710303963628988,0.000408877067775185,0.00215161988490461,0.0055283007866165,0.000176941625996071,0.00109894259185042,0,0,0,0
ZMB,2000,887567095,220,1885885,1463,13362901,3713708,468600397,984000,0,1379547,889831,0,1693718,23171462,34904,3906170,7929585,2024577,6794236,0,0,0,0,3.601e+09,2.4786858507863e-07,0.00212478021168642,1.64832609077289e-06,0.01505565165189,0.00418414339706904,0.527960533507611,0.00110864858053351,0,0.00155430164972486,0.00100255068604137,0,0.0019082703826464,0.026106715909742,3.93254776981114e-05,0.00440098559534815,0.0089340682464124,0.00228104107442153,0.00765489847277405,0,0,0,0,6.10941405165232e-08,0.000523711469036379,4.06276034434879e-07,0.00371088614273813,0.00103129908358789,0.130130629547348,0.000273257428492086,0,0.000383101083032491,0.000247106637045265,0,0.000470346570397112,0.00643472979727853,9.69286309358512e-06,0.00108474590391558,0.00220205081921688,0.00056222632602055,0.00188676367675646,0,0,0,0
ZMB,2001,1015759028,116228,2575295,45281,14486239,2187776,502569568,2269238,0,1601539,1285059,0,17599409,110016791,0,1885482,4070757,438,1216677,0,0,0,0,3.87e+09,0.000114424776739469,0.00253534049810089,4.45784863848633e-05,0.014261491752156,0.00215383367481131,0.494772435337882,0.00223403182984065,0,0.00157669186869388,0.00126512190842177,0,0.0173263623702688,0.108309931752829,0,0.00185622962535953,0.00400760110202043,4.31204634097527e-07,0.00119780082328739,0,0,0,0,3.00330749354005e-05,0.000665450904392765,1.17005167958656e-05,0.00374321421188631,0.000565316795865633,0.1298629374677,0.000586366408268734,0,0.000413834366925065,0.000332056589147287,0,0.00454765090439277,0.028428111369509,0,0.000487204651162791,0.00105187519379845,1.13178294573643e-07,0.000314386821705426,0,0,0,0
ZMB,2002,998618798,27311,10701016,345960,29073731,6852676,495110480,3642872,0,2381176,2766482,0,23912996,96292277,0,2239510,4848613,1043013,4786150,0,0,0,0,4.194e+09,2.73487741815972e-05,0.010715816707468,0.00034643850155122,0.0291139432366263,0.00686215402085792,0.495795273423243,0.00364791050128019,0,0.00238446943395111,0.00277030835544115,0,0.0239460703602738,0.0964254600382558,0,0.00224260749395587,0.0048553191765573,0.00104445560416939,0.00479276978321011,0,0,0,0,6.51192179303767e-06,0.00255150596089652,8.24892703862661e-05,0.00693222007629948,0.00163392370052456,0.118052093466857,0.000868591320934669,0,0.000567757749165475,0.000659628516928946,0,0.00570171578445398,0.0229595319504053,0,0.000533979494515975,0.0011560832141154,0.000248691702432046,0.00114118979494516,0,0,0,0
ZMB,2003,1019305480,947,18045159,617882,44382658,24085070,501571041,2590653,24957,3163612,5332926,0,3497000,93048444,86330,6342027,13336489,742487,5995239,0,0,0,0,4.902e+09,9.29063974030631e-07,0.0177033866236057,0.000606179415419213,0.04354205767637,0.0236289026916641,0.492071367064562,0.00254158645355267,2.44843184792845e-05,0.0031036937032851,0.0052319212489665,0,0.00343076738879104,0.0912861216050756,8.46949238416731e-05,0.00622191004015793,0.0130838980675352,0.000728424416986358,0.00588169014847247,0,0,0,0,1.93186454508364e-07,0.00368118298653611,0.000126046919624643,0.0090539898000816,0.00491331497348021,0.10231967380661,0.000528488984088127,5.09118727050184e-06,0.00064537168502652,0.00108790820073439,0,0.000713382292941656,0.0189817307221542,1.76111791105671e-05,0.00129376315789474,0.00272062199102407,0.00015146613627091,0.00122301897184823,0,0,0,0
ZMB,2004,1616178594,4,25233610,1051338,58362810,73010698,685684971,2875257,12410,5037514,3723040,47609,694077,26783758,14699,40242574,82155911,97315,32832764,0,0,0,0,6.221e+09,2.47497400030532e-09,0.0156131321709611,0.000650508553883247,0.0361116093336898,0.0451748948235358,0.424263118906276,0.00177904657979897,7.67860683594724e-06,0.00311692904404351,0.00230360680052418,2.94577592951339e-05,0.000429455632302478,0.0165722761701174,9.09491070762196e-06,0.0248998310888407,0.0508334359240994,6.02130237099279e-05,0.0203150593145401,0,0,0,0,6.42983443176338e-10,0.00405619836039222,0.000168998231795531,0.0093815801318116,0.0117361674971869,0.110221020896962,0.000462185661469217,1.99485613245459e-06,0.000809759524192252,0.000598463269570809,7.65294968654557e-06,0.000111570004822376,0.00430537823501045,2.36280340781225e-06,0.00646882719819965,0.0132062226330172,1.56429834431763e-05,0.00527773091142903,0,0,0,0
ZMB,2005,2206136798,134273,11630791,1487125,31880552,194167548,1336310249,825606,5,3241841,2338819,0,321208,22815927,4778,17132392,34393937,842728,7022921,0,0,0,0,8.329e+09,6.08634061685236e-05,0.00527201713445152,0.000674085578622401,0.0144508500238524,0.0880124696600977,0.605724110223558,0.000374231552979155,2.266405240388e-09,0.00146946508618093,0.0010601423275838,0,0.00014559749889091,0.010342027303422,2.16577684771477e-06,0.00776578860183629,0.0155901198108749,0.00038199263108434,0.00318335699144619,0,0,0,0,1.61211429943571e-05,0.00139642105895065,0.000178547844879337,0.00382765662144315,0.0233122281186217,0.160440659022692,9.91242646176012e-05,6.00312162324409e-10,0.000389223316124385,0.000280804298235082,0,3.85650138071797e-05,0.00273933569456117,5.73658302317205e-07,0.00205695665746188,0.0041294197382639,0.000101179973586265,0.0008431889782687,0,0,0,0
ZMB,2006,3805186863,848,18396809,1884222,52197416,984063634,2560641835,6520462,5559,2126982,4766002,0,246724,21392361,8129,12924170,26312765,1195577,8475714,0,0,0,0,1.2762e+10,2.22853707460621e-07,0.00483466638100816,0.000495172002805267,0.0137174382965381,0.258611119356217,0.672934583028912,0.00171357208850955,1.46090066011037e-06,0.000558969132549536,0.00125250143333105,0,6.48388657069743e-05,0.00562189500021934,2.13629456125871e-06,0.00339646132116903,0.00691497315305432,0.000314196659203593,0.00222741071730647,0,0,0,0,6.64472653189155e-08,0.00144153024604294,0.000147643159379408,0.00409006550697383,0.0771088884187431,0.200645810609622,0.000510927910985739,4.35590032910202e-07,0.000166665256229431,0.000373452593637361,0,1.93327064723398e-05,0.00167625458392102,6.36969127096067e-07,0.001012707255916,0.00206180575144962,9.36825732643786e-05,0.000664136812411848,0,0,0,0
ZMB,2007,4719883440,0,36610529,2401285,90930614,554475640,3310979763,1138143,599,4465093,11960627,71,43690,37830900,16386,60187375,123389892,7112598,21493281,0,0,0,0,1.406e+10,0,0.00775665955852503,0.000508759385803816,0.0192654363515384,0.117476553615909,0.701496086733871,0.000241137946406575,1.2690991369058e-07,0.000946017641486502,0.00253409372329754,1.50427443606531e-08,9.25658452277372e-06,0.00801521912159763,3.47169590272763e-06,0.0127518774065319,0.026142571859783,0.00150694356977595,0.00455377368386877,0,0,0,0,0,0.00260387830725462,0.000170788406827881,0.00646732674253201,0.0394363897581792,0.23548931458037,8.09490042674253e-05,4.26031294452347e-08,0.000317574182076814,0.000850684708392603,5.049786628734e-09,3.10739687055477e-06,0.00269067567567568,1.16543385490754e-06,0.00428075213371266,0.00877595248933144,0.000505874679943101,0.00152868285917496,0,0,0,0
ZMB,2008,4769349612.08,0,19460674.74,4307882.721,58980398.358,979844424.648,3178214301.58,609100.577,91488.883,10077229.424,9598074.242,105891.717,809423.109,34060541.175,45980.407,50365257.286,101180961.041,159911.075,2223483.61,0,0,0,0,1.7914e+10,0,0.00408036238121635,0.000903243224210031,0.012366549562358,0.205446130886738,0.666383167535064,0.000127711454714338,1.91826748805064e-05,0.00211291480886115,0.00201244929029518,2.22025486938079e-05,0.000169713519627469,0.00714154841757251,9.64081284448911e-06,0.010560194026966,0.0212148341536391,3.35289060367835e-05,0.000466202688175401,0,0,0,0,0,0.00108633888243832,0.000240475757563917,0.00329241924517137,0.0546971321116445,0.1774151111745,3.40013719437312e-05,5.1071163894161e-06,0.000562533740314838,0.000535786214245841,5.91111516132634e-06,4.51838287931227e-05,0.00190133645054148,2.56673032265267e-06,0.00281150258378921,0.00564815010835101,8.92659791224741e-06,0.000124119884447918,0,0,0,0
ZMB,2009,3809902952.073,66.739,21639830.796,3900422.007,63807232.706,19411630.782,2742956288.58,396467.615,2906.441,7939094.326,8748097.684,3348.789,17923654.807,55756086.545,1861218.496,20873368.668,46001716.74,3423346.892,11192677.134,0,0,0,0,1.5332e+10,1.75172440976972e-08,0.00567989029332771,0.001023758887317,0.0167477317686746,0.0050950459962341,0.719954372351541,0.000104062392136335,7.62864838438622e-07,0.00208380487006376,0.00229614711819368,8.78969633118318e-07,0.00470449117273383,0.0146345162190188,0.000488521235163561,0.00547871400678136,0.0120742489555987,0.000898539132115512,0.00293778536482405,0,0,0,0,4.3529219932168e-09,0.00141141604461258,0.000254397469801722,0.00416170315066528,0.0012660860150013,0.178904010473519,2.58588321810592e-05,1.89566984085573e-07,0.000517812048395513,0.000570577725280459,2.18418275502218e-07,0.00116903566442734,0.0036365827383903,0.000121394370988782,0.0013614250370467,0.00300037286329246,0.000223281169579963,0.000730020684450822,0,0,0,0
ZMB,2010,6524743817.576,1074.599,7141871.059,4272122.198,47800163.725,181851615.756,4922318136.904,726254.543,0,17212060.653,7034948.298,0,47214154.382,115279946.069,1184256.388,35163099.182,73609276.138,5945441.975,17771382.091,0,0,0,0,2.0264e+10,1.64695968155149e-07,0.00109458260104582,0.000654757078200065,0.00732598322040454,0.0278710736912211,0.754407877845645,0.000111307748366098,0,0.00263796727262074,0.00107819532761572,0,0.00723616983318442,0.0176681183648108,0.000181502357963835,0.00538919230626029,0.0112815580497912,0.00091121462255491,0.00272369039886722,0,0,0,0,5.30299545992894e-08,0.000352441327427951,0.000210823243091196,0.00235887108788985,0.00897412237248322,0.242909501426372,3.58396438511646e-05,0,0.000849391070519147,0.000347164839024872,0,0.00232995234810501,0.00568890377363798,5.84413930122385e-05,0.00173524966354126,0.00363251461399526,0.000293399228928148,0.000876992799595341,0,0,0,0
ZMB,2011,8783903105.63,54715.255,12911614.852,7752223.074,74756057.398,17194495.916,6739731652.57,374799.095,1412373.791,56146406.669,11141044.98,2.218,81191369.458,210372893.521,60.497,191342973.99,387667479.274,1075851.537,8360146.719,0,0,0,0,2.3455e+10,6.22903672115082e-06,0.00146991772299086,0.000882548791895399,0.00851057400099114,0.001957500636019,0.767282103584476,4.26688558028121e-05,0.000160791139658035,0.0063919656209565,0.00126834789113956,2.52507339086924e-10,0.00924319957559195,0.0239498194585232,6.88725721043357e-09,0.0217833657417464,0.0441338519576254,0.000122479895789201,0.000951757620554991,0,0,0,0,2.33277574078022e-06,0.000550484538563206,0.000330514733489661,0.00318721199735664,0.00073308445602217,0.287347331169047,1.59794966958005e-05,6.02163202302281e-05,0.00239379265269665,0.000474996588360691,9.45640588360691e-11,0.00346158045013856,0.00896921311110637,2.57927947132808e-09,0.00815787567640162,0.0165281381059049,4.58687502451503e-05,0.000356433456363249,0,0,0,0
ZMB,2012,9358361722.721,0,20234038.131,43754559.968,181907117.021,13492352.852,6369346712.061,1117081.39,531.544,54807182.889,39384224.226,0.319,138543145.368,421241394.087,11871.201,414257463.631,834583286.083,1398616.852,33307119.635,0,0,0,0,2.5502e+10,0,0.00216213464819105,0.00467545081761149,0.0194379232616486,0.00144174303705767,0.680604885852721,0.000119367195145691,5.67988303668017e-08,0.00585649331719404,0.0042084528673838,3.40871628444865e-11,0.0148042092700514,0.0450123009312918,1.26851273243458e-06,0.0442660238944635,0.0891804902194291,0.000149451035708988,0.00355907589617254,0,0,0,0,0,0.000793429461650067,0.00171573052968395,0.00713305297706062,0.000529070380832876,0.249758713515058,4.38036777507646e-05,2.0843227982119e-08,0.00214913273033488,0.0015443582552741,1.25088228374245e-11,0.00543263843494628,0.0165179748289154,4.65500784252216e-07,0.0162441166822602,0.0327261895570151,5.48434182417065e-05,0.00130605911830445,0,0,0,0
ZMB,2013,10596212324.304,47621.444,15392511.984,6268507.993,220610195.02,130506805.528,6891538192.005,2350496.369,93.831,54993934.926,16681603.52,921.659,162898957.887,491441069.299,703749.166,154882079.992,317671582.387,2073255.476,40634125.663,0,0,0,0,2.8042e+10,4.49419495783159e-06,0.00145264284188558,0.000591580066645346,0.0208197220165169,0.0123163637660094,0.650377510480629,0.000221824204447922,8.85514532252101e-09,0.00518996158654382,0.00157429872198184,8.69800426597754e-08,0.0153733195316752,0.046378937516362,6.64151627450732e-05,0.0146167399493076,0.0299797298000883,0.000195660054040695,0.00383477835469563,0,0,0,0,1.69821852934883e-06,0.000548909207046573,0.000223539975501034,0.00786713483417731,0.00465397637572213,0.245757727409065,8.3820568040796e-05,3.34608801084088e-09,0.00196112741337993,0.000594879235432565,3.28670922188146e-08,0.00580910626513801,0.0175251789921903,2.50962544041081e-05,0.00552321802981243,0.0113284210251409,7.3933937522288e-05,0.00144904520586977,0,0,0,0
ZMB,2014,9682995919.496,95052.64,6141926.263,7244991.083,120026119.069,87624581.61,7205796801.872,3070648.056,37398.013,74542893.752,16752980.181,906.414,117697761.683,390269142.998,3407790.94,65439278.734,147156621.448,14101133.337,48187203.315,0,0,0,0,2.7145e+10,9.81644945327494e-06,0.000634300201514459,0.000748217921729446,0.0123955560930617,0.00904932547101196,0.744170178504739,0.000317117561706029,3.86223574923768e-06,0.00769832956367495,0.00173014429834356,9.3608838373566e-08,0.0121550977261102,0.0403045861263064,0.000351935596000682,0.00675816444394475,0.0151974267748798,0.00145627793858804,0.00497647667267716,0,0,0,0,3.50166292134831e-06,0.000226263630981765,0.000266899653085283,0.00442166583418678,0.0032280192156935,0.265455767245239,0.000113120208362498,1.37771276478173e-06,0.00274610034083625,0.000617166335641923,3.33915638239086e-08,0.00433589101797753,0.014377201805047,0.000125540281451464,0.00241073047463621,0.00542113175347209,0.000519474427592559,0.00177517787124701,0,0,0,0
ZMB,2015,6565142511.608,20698.229,2575807.223,1021460.637,108926608.872,67825112.956,4697747318.318,15962053.546,4576.215,47257149.316,24664945.929,0,90805247.647,291091004.318,27418.491,216093801.88,436004237.634,6660434.734,24596881.1,0,0,0,0,2.1245e+10,3.15274633618431e-06,0.000392345972451573,0.000155588494110208,0.0165916594619849,0.0103310953015988,0.715559077356172,0.00243133389987759,6.97047321045762e-07,0.00719819093529857,0.00375695514383568,0,0.0138314206411277,0.0443388706038467,4.17637407741274e-06,0.0329153253715238,0.0664119989570812,0.00101451487492061,0.00374658753507782,0,0,0,0,9.74263544363379e-07,0.000121242985314192,4.80800488114851e-05,0.00512716445620146,0.00319252120291833,0.221122490859873,0.000751332245045893,2.1540197693575e-07,0.00222438923586726,0.00116097650877854,0,0.00427419381722758,0.0137016241147564,1.29058559661097e-06,0.0101715133857378,0.0205226753416804,0.000313505988891504,0.00115777270416569,0,0,0,0
ZMB,2016,6379082559.782,0,2406916.399,1263216.143,59320541.214,2959069.642,4435294090.499,570646.801,0,44206539.484,9992351.126,0.01,123167260.218,275009002.92,4042.058,187712794.012,379022242.074,3598496.396,27085289.768,0,0,0,0,2.0965e+10,0,0.000377313881180157,0.000198024736498029,0.00929922769584397,0.000463870723457312,0.695287143399281,8.94559359676168e-05,0,0.00692992120257348,0.00156642448696282,1.56762354245839e-12,0.0193079896777836,0.04311105873654,6.33642528078228e-07,0.0294262995113854,0.0594164189790566,0.000564108766782127,0.00424595378946242,0,0,0,0,0,0.000114806410636776,6.02535722871452e-05,0.00282950351605056,0.00014114331705223,0.211557075625996,2.72190222275221e-05,0,0.00210858762146435,0.000476620611781541,4.76985451943716e-13,0.0058748991279752,0.0131175293546387,1.92800286191271e-07,0.00895362718874314,0.0180788095432387,0.000171643042976389,0.0012919289181016,0,0,0,0
ZMB,2017,8028213379.385,21.162,3328658.346,1972640.563,78469697.379,10981260.478,6188765609.294,535805.826,0,77545318.346,15237352.706,1340.526,95611287.906,197756638.137,0,98745397.277,199505041.072,38478507.267,89808917.221,0,0,0,0,2.5874e+10,2.63595385423364e-09,0.000414620064103851,0.000245713519282557,0.00977424162398274,0.00136783365850712,0.770877070256457,6.67403568739033e-05,0,0.00965910031055258,0.00189797555021728,1.66976877251697e-07,0.0119094103990201,0.0246327082741477,0,0.0122997973036641,0.0248504905941206,0.004792910383499,0.0111866629568682,0,0,0,0,8.17886681610884e-10,0.00012864877274484,7.62402629280359e-05,0.00303276251754657,0.000424412942645126,0.239188591222617,2.07082718559171e-05,0,0.00299703634327897,0.000588905956017624,5.18097704259102e-08,0.00369526505008889,0.00764306400776842,0,0.00381639473127464,0.00771063774723661,0.00148714954266832,0.00347101017318544,0,0,0,0
ZMB,2018,9022458135.361,2722.854,3809670.236,2231508.714,99628071.287,4660378.5,6774177661.302,1169074.243,0,81374814.32,21250274.046,9.651,94318839.78,199660113.921,0,44977543.146,91361485.256,3675819.279,14814507.285,0,0,0,0,2.6312e+10,3.01786271451738e-07,0.000422243049382414,0.00024732824253894,0.0110422314841823,0.0005165309087703,0.750812867144543,0.000129573806324259,0,0.00901914013888013,0.00235526435558792,1.06966414863989e-09,0.0104537852506451,0.0221292369469123,0,0.00498506531936381,0.0101260082214108,0.000407407740091767,0.00164195910501803,0,0,0,0,1.03483353602919e-07,0.000144788318485862,8.48095437062937e-05,0.00378641195222712,0.00017711988826391,0.257455824768243,4.44312193295835e-05,0,0.00309268829127394,0.000807626711994527,3.66790817877774e-10,0.00358463209866221,0.00758817702648982,0,0.00170939279211006,0.00347223644177562,0.00013970124958194,0.000563032353488902,0,0,0,0
ZMB,2019,7039405155.378,0,3160336.394,1703737.805,99280210.836,3664723.002,5034270994.129,1747319.063,32.818,81478375.443,25308755.859,0,73182577.131,306603271.588,0,37643218.593,76964856.409,4386109.921,22731577.057,0,0,0,0,2.3309e+10,0,0.000448949353566551,0.000242028661143104,0.0141034943499667,0.000520601232790274,0.715155738732113,0.000248219703857374,4.66204164636376e-09,0.0115746108718791,0.00359529751454418,0,0.0103961308541943,0.0435552812802314,0,0.00534749993246818,0.0109334318326883,0.000623079624511892,0.00322919004592787,0,0,0,0,0,0.000135584383457034,7.30935606418122e-05,0.00425930802848685,0.00015722351889828,0.215979707157278,7.49632786906345e-05,1.407954009181e-09,0.00349557576228066,0.00108579329267665,0,0.00313967039045004,0.0131538578054829,0,0.00161496497460209,0.00330193729499335,0.000188172376378223,0.000975227468231155,0,0,0,0
ZMB,2020,7923921916.573,0.8,2782292.465,651489.162,138536302.543,387428892.13,5820214202.647,2948458.141,76.864,94414183.958,22251302.566,929421.839,69627676.948,224906494.581,19560.888,40976532.772,83692757.111,6062299.163,29977870.361,0,0,0,0,1.8138e+10,1.00960106424924e-10,0.000351125679214581,8.22180189127559e-05,0.017483299810571,0.0488935777269191,0.734511806643871,0.000372095809630993,9.70024702530672e-09,0.0119150825755276,0.00280811734394569,0.000117293159723861,0.00878702209348791,0.028383229535693,2.46858666780753e-06,0.0051712438869819,0.0105620370811524,0.000765062960845262,0.00378321122754893,0,0,0,0,4.41062961737788e-11,0.000153395769379204,3.59184674164737e-05,0.00763790398847723,0.021360066828206,0.320885114270978,0.000162556960028669,4.23773293637667e-09,0.00520532495082148,0.00122677817653545,5.12416936266402e-05,0.00383877367670085,0.012399740576745,1.07844789943764e-06,0.00225915386327048,0.00461422191592237,0.000334231952971662,0.00165276603600176,0,0,0,0
ZMB,2021,11013140616.688,484197.488,3667375.129,189402.769,187124329.509,81674021.094,8344372035.16,2967970.646,8086.295,230564566.883,47643530.682,3833177.53,64992330.476,250547120.523,304917.103,45975273.604,93024161.064,21540011.955,51040064.82,0,0,0,0,2.2096e+10,4.39654322824413e-05,0.000332999936770343,1.71978889212584e-05,0.0169910052020451,0.00741605178183605,0.757674157225954,0.000269493575838185,7.34240602335268e-07,0.0209354057037672,0.00432606214160261,0.000348054897636707,0.00590134392523041,0.0227498339704617,2.76866621078065e-05,0.00417458336401649,0.00844665153217442,0.00195584644786618,0.00463446954837387,0,0,0,0,2.19133548153512e-05,0.000165974616627444,8.5718125e-06,0.00846869702701846,0.00369632608137219,0.377641746703476,0.000134321625905141,3.65961938812455e-07,0.0104346744606716,0.00215620613151702,0.000173478345854453,0.00294136180648081,0.0113390260917361,1.37996516564084e-05,0.00208070572067343,0.00421000004815351,0.000974837615631789,0.00230992328113686,0,0,0,0
ZMB,2022,11642769409.162,391807.904,4669865.736,387544.889,322147555.438,218601511.092,8092005597.682,6058633.29,4626.464,327944171.705,44421800.124,0,55200130.165,188006935.992,29966.002,109296462.452,222806794.656,12304870.311,31343462.262,0,0,0,0,2.9164e+10,3.3652466198607e-05,0.000401095785022175,3.32863149118998e-05,0.0276693236906757,0.0187757313925651,0.695024122981787,0.000520377332667287,3.97368000465535e-07,0.028167196324178,0.00381539808639028,0,0.0047411512008098,0.0161479566746424,2.5737864374793e-06,0.009387496961504,0.0191369241136621,0.00105686799064465,0.00269209679935214,0,0,0,0,1.34346421615691e-05,0.000160124322315183,1.32884682828144e-05,0.0110460689698944,0.00749559426320121,0.277465560200316,0.000207743563640104,1.58636126731587e-07,0.0112448282713277,0.00152317240858593,0,0.00189274894270333,0.0064465414892333,1.02749972568921e-06,0.00374764992634755,0.00763978859744891,0.000421919843334248,0.00107473125298313,0,0,0,0
ZMB,2023,10431183715.611,11364.211,2317200.119,381977.607,418660777.723,79708097.992,6726121609.357,9224662.995,600781.068,193602247.872,32932494.401,0,45879112.573,211748836.639,1234048.755,59282510.477,126510171.769,41095641.492,90494629.304,0,0,0,0,2.7578e+10,1.0894459641232e-06,0.000222141626700731,3.66188169448443e-05,0.0401355003551941,0.00764132817186521,0.644809044949605,0.000884335205523669,5.75947164175518e-05,0.0185599499683109,0.0031571195847806,0,0.00439826522318255,0.02029959805253,0.000118303807951648,0.00568320068874634,0.0121280743603114,0.00393969108515436,0.00867539406563882,0,0,0,0,4.12075241134237e-07,8.40235013053884e-05,1.38508088693886e-05,0.0151809695308942,0.00289027841003699,0.243894466943107,0.000334493545398506,2.17847946914207e-05,0.00702016998593082,0.00119415818409602,0,0.00166361275556603,0.00767817958659076,4.47475797737327e-05,0.00214963051987091,0.00458735846576982,0.00149016032678222,0.00328140653071289,0,0,0,0
ZMB,2024,11275829503.039,14.582,2315811.69,268612.815,309411840.711,54080449.344,7590851630.023,10657902.783,0,190772074.097,46256547.205,0,111735173.261,392109051.82,2155331.199,45256021.818,96889106.496,10659303.045,27147145.366,0,0,0,0,2.6326e+10,1.29320862789473e-09,0.000205378388292928,2.38220004060548e-05,0.0274402730750415,0.0047961393287673,0.673196737142678,0.000945199001113625,0,0.0169186731712806,0.00410227444398066,0,0.00990926416818255,0.0347742976881941,0.000191146132390447,0.00401354257846865,0.00859263670755992,0.000945323183729158,0.00240755195515181,0,0,0,0,5.53901086378485e-10,8.79667131353035e-05,1.02033280787055e-05,0.0117530897481957,0.00205426002218339,0.288340485832371,0.000404843226582086,0,0.0072465271631467,0.00175706705177391,0,0.0042442897994758,0.0148943649555572,8.18708196839626e-05,0.00171906183309276,0.00368035806791765,0.000404896415900631,0.00103119142163641,0,0,0,0
